# x y z topography
0 0 150003 3.07105
5000 0 150004 3.6085
0 5000 150003 2.9927
5000 5000 150004 3.66854
5000 0 150004 3.6085
10000 0 150004 4.34598
5000 5000 150004 3.66854
10000 5000 150004 4.30924
0 5000 150003 2.9927
5000 5000 150004 3.66854
0 10000 150004 3.52875
5000 10000 150004 3.98084
5000 5000 150004 3.66854
10000 5000 150004 4.30924
5000 10000 150004 3.98084
10000 10000 150004 4.42625
10000 0 150004 4.34598
15000 0 150004 4.32446
10000 5000 150004 4.30924
15000 5000 150005 4.65195
15000 0 150004 4.32446
20000 0 150004 4.22063
15000 5000 150005 4.65195
20000 5000 150004 4.19839
10000 5000 150004 4.30924
15000 5000 150005 4.65195
10000 10000 150004 4.42625
15000 10000 150004 4.32322
15000 5000 150005 4.65195
20000 5000 150004 4.19839
15000 10000 150004 4.32322
20000 10000 150004 4.14179
20000 0 150004 4.22063
25000 0 150004 4.14961
20000 5000 150004 4.19839
25000 5000 150004 4.12395
25000 0 150004 4.14961
30000 0 150004 4.19458
25000 5000 150004 4.12395
30000 5000 150004 4.25246
20000 5000 150004 4.19839
25000 5000 150004 4.12395
20000 10000 150004 4.14179
25000 10000 150004 4.02981
25000 5000 150004 4.12395
30000 5000 150004 4.25246
25000 10000 150004 4.02981
30000 10000 150004 4.31811
30000 0 150004 4.19458
35000 0 150005 4.95498
30000 5000 150004 4.25246
35000 5000 150004 4.49127
35000 0 150005 4.95498
40000 0 150005 4.97507
35000 5000 150004 4.49127
40000 5000 150005 4.90602
30000 5000 150004 4.25246
35000 5000 150004 4.49127
30000 10000 150004 4.31811
35000 10000 150004 4.49085
35000 5000 150004 4.49127
40000 5000 150005 4.90602
35000 10000 150004 4.49085
40000 10000 150005 4.858
40000 0 150005 4.97507
45000 0 150005 5.36261
40000 5000 150005 4.90602
45000 5000 150005 5.19516
45000 0 150005 5.36261
50000 0 150007 7.22064
45000 5000 150005 5.19516
50000 5000 150007 6.66332
40000 5000 150005 4.90602
45000 5000 150005 5.19516
40000 10000 150005 4.858
45000 10000 150005 5.10594
45000 5000 150005 5.19516
50000 5000 150007 6.66332
45000 10000 150005 5.10594
50000 10000 150005 5.38459
50000 0 150007 7.22064
55000 0 150010 10.3874
50000 5000 150007 6.66332
55000 5000 150008 8.10657
55000 0 150010 10.3874
60000 0 150014 13.9563
55000 5000 150008 8.10657
60000 5000 150012 11.5814
50000 5000 150007 6.66332
55000 5000 150008 8.10657
50000 10000 150005 5.38459
55000 10000 150006 6.15537
55000 5000 150008 8.10657
60000 5000 150012 11.5814
55000 10000 150006 6.15537
60000 10000 150008 7.69295
60000 0 150014 13.9563
65000 0 150017 17.1455
60000 5000 150012 11.5814
65000 5000 150017 16.7561
65000 0 150017 17.1455
70000 0 150021 21.0621
65000 5000 150017 16.7561
70000 5000 150021 20.5433
60000 5000 150012 11.5814
65000 5000 150017 16.7561
60000 10000 150008 7.69295
65000 10000 150010 10.1923
65000 5000 150017 16.7561
70000 5000 150021 20.5433
65000 10000 150010 10.1923
70000 10000 150014 14.4462
70000 0 150021 21.0621
75000 0 150025 24.8325
70000 5000 150021 20.5433
75000 5000 150023 23.3913
75000 0 150025 24.8325
80000 0 150030 29.5439
75000 5000 150023 23.3913
80000 5000 150029 28.609
70000 5000 150021 20.5433
75000 5000 150023 23.3913
70000 10000 150014 14.4462
75000 10000 150022 22.4861
75000 5000 150023 23.3913
80000 5000 150029 28.609
75000 10000 150022 22.4861
80000 10000 150026 25.8413
0 10000 150004 3.52875
5000 10000 150004 3.98084
0 15000 150003 3.49978
5000 15000 150004 4.03616
5000 10000 150004 3.98084
10000 10000 150004 4.42625
5000 15000 150004 4.03616
10000 15000 150004 4.24273
0 15000 150003 3.49978
5000 15000 150004 4.03616
0 20000 150004 3.66162
5000 20000 150004 3.96136
5000 15000 150004 4.03616
10000 15000 150004 4.24273
5000 20000 150004 3.96136
10000 20000 150004 4.05758
10000 10000 150004 4.42625
15000 10000 150004 4.32322
10000 15000 150004 4.24273
15000 15000 150004 4.09104
15000 10000 150004 4.32322
20000 10000 150004 4.14179
15000 15000 150004 4.09104
20000 15000 150004 4.03272
10000 15000 150004 4.24273
15000 15000 150004 4.09104
10000 20000 150004 4.05758
15000 20000 150004 4.06336
15000 15000 150004 4.09104
20000 15000 150004 4.03272
15000 20000 150004 4.06336
20000 20000 150004 3.96885
20000 10000 150004 4.14179
25000 10000 150004 4.02981
20000 15000 150004 4.03272
25000 15000 150004 3.89591
25000 10000 150004 4.02981
30000 10000 150004 4.31811
25000 15000 150004 3.89591
30000 15000 150004 4.07025
20000 15000 150004 4.03272
25000 15000 150004 3.89591
20000 20000 150004 3.96885
25000 20000 150004 3.79252
25000 15000 150004 3.89591
30000 15000 150004 4.07025
25000 20000 150004 3.79252
30000 20000 150004 3.92391
30000 10000 150004 4.31811
35000 10000 150004 4.49085
30000 15000 150004 4.07025
35000 15000 150005 4.96245
35000 10000 150004 4.49085
40000 10000 150005 4.858
35000 15000 150005 4.96245
40000 15000 150005 5.01182
30000 15000 150004 4.07025
35000 15000 150005 4.96245
30000 20000 150004 3.92391
35000 20000 150004 4.39646
35000 15000 150005 4.96245
40000 15000 150005 5.01182
35000 20000 150004 4.39646
40000 20000 150005 5.26404
40000 10000 150005 4.858
45000 10000 150005 5.10594
40000 15000 150005 5.01182
45000 15000 150005 5.19789
45000 10000 150005 5.10594
50000 10000 150005 5.38459
45000 15000 150005 5.19789
50000 15000 150007 6.8294
40000 15000 150005 5.01182
45000 15000 150005 5.19789
40000 20000 150005 5.26404
45000 20000 150005 5.09496
45000 15000 150005 5.19789
50000 15000 150007 6.8294
45000 20000 150005 5.09496
50000 20000 150005 5.28906
50000 10000 150005 5.38459
55000 10000 150006 6.15537
50000 15000 150007 6.8294
55000 15000 150008 8.36398
55000 10000 150006 6.15537
60000 10000 150008 7.69295
55000 15000 150008 8.36398
60000 15000 150012 11.6624
50000 15000 150007 6.8294
55000 15000 150008 8.36398
50000 20000 150005 5.28906
55000 20000 150006 5.84634
55000 15000 150008 8.36398
60000 15000 150012 11.6624
55000 20000 150006 5.84634
60000 20000 150009 8.91301
60000 10000 150008 7.69295
65000 10000 150010 10.1923
60000 15000 150012 11.6624
65000 15000 150015 14.5066
65000 10000 150010 10.1923
70000 10000 150014 14.4462
65000 15000 150015 14.5066
70000 15000 150015 14.5001
60000 15000 150012 11.6624
65000 15000 150015 14.5066
60000 20000 150009 8.91301
65000 20000 150015 14.6123
65000 15000 150015 14.5066
70000 15000 150015 14.5001
65000 20000 150015 14.6123
70000 20000 150020 19.5293
70000 10000 150014 14.4462
75000 10000 150022 22.4861
70000 15000 150015 14.5001
75000 15000 150022 22.2505
75000 10000 150022 22.4861
80000 10000 150026 25.8413
75000 15000 150022 22.2505
80000 15000 150026 25.8515
70000 15000 150015 14.5001
75000 15000 150022 22.2505
70000 20000 150020 19.5293
75000 20000 150023 23.4668
75000 15000 150022 22.2505
80000 15000 150026 25.8515
75000 20000 150023 23.4668
80000 20000 150029 28.7336
0 20000 150004 3.66162
5000 20000 150004 3.96136
0 25000 150004 3.53496
5000 25000 150004 3.92987
5000 20000 150004 3.96136
10000 20000 150004 4.05758
5000 25000 150004 3.92987
10000 25000 150004 4.23854
0 25000 150004 3.53496
5000 25000 150004 3.92987
0 30000 150004 3.77141
5000 30000 150004 3.82518
5000 25000 150004 3.92987
10000 25000 150004 4.23854
5000 30000 150004 3.82518
10000 30000 150004 3.79143
10000 20000 150004 4.05758
15000 20000 150004 4.06336
10000 25000 150004 4.23854
15000 25000 150004 3.95679
15000 20000 150004 4.06336
20000 20000 150004 3.96885
15000 25000 150004 3.95679
20000 25000 150004 3.69676
10000 25000 150004 4.23854
15000 25000 150004 3.95679
10000 30000 150004 3.79143
15000 30000 150004 3.70116
15000 25000 150004 3.95679
20000 25000 150004 3.69676
15000 30000 150004 3.70116
20000 30000 150004 3.74782
20000 20000 150004 3.96885
25000 20000 150004 3.79252
20000 25000 150004 3.69676
25000 25000 150004 3.70749
25000 20000 150004 3.79252
30000 20000 150004 3.92391
25000 25000 150004 3.70749
30000 25000 150004 3.87118
20000 25000 150004 3.69676
25000 25000 150004 3.70749
20000 30000 150004 3.74782
25000 30000 150004 3.69738
25000 25000 150004 3.70749
30000 25000 150004 3.87118
25000 30000 150004 3.69738
30000 30000 150004 3.57283
30000 20000 150004 3.92391
35000 20000 150004 4.39646
30000 25000 150004 3.87118
35000 25000 150004 4.23432
35000 20000 150004 4.39646
40000 20000 150005 5.26404
35000 25000 150004 4.23432
40000 25000 150005 5.13231
30000 25000 150004 3.87118
35000 25000 150004 4.23432
30000 30000 150004 3.57283
35000 30000 150004 3.90983
35000 25000 150004 4.23432
40000 25000 150005 5.13231
35000 30000 150004 3.90983
40000 30000 150005 4.92775
40000 20000 150005 5.26404
45000 20000 150005 5.09496
40000 25000 150005 5.13231
45000 25000 150006 6.11209
45000 20000 150005 5.09496
50000 20000 150005 5.28906
45000 25000 150006 6.11209
50000 25000 150007 6.86142
40000 25000 150005 5.13231
45000 25000 150006 6.11209
40000 30000 150005 4.92775
45000 30000 150006 5.59276
45000 25000 150006 6.11209
50000 25000 150007 6.86142
45000 30000 150006 5.59276
50000 30000 150007 7.05894
50000 20000 150005 5.28906
55000 20000 150006 5.84634
50000 25000 150007 6.86142
55000 25000 150008 8.36083
55000 20000 150006 5.84634
60000 20000 150009 8.91301
55000 25000 150008 8.36083
60000 25000 150010 10.0172
50000 25000 150007 6.86142
55000 25000 150008 8.36083
50000 30000 150007 7.05894
55000 30000 150009 8.5209
55000 25000 150008 8.36083
60000 25000 150010 10.0172
55000 30000 150009 8.5209
60000 30000 150011 10.7335
60000 20000 150009 8.91301
65000 20000 150015 14.6123
60000 25000 150010 10.0172
65000 25000 150013 12.8207
65000 20000 150015 14.6123
70000 20000 150020 19.5293
65000 25000 150013 12.8207
70000 25000 150015 15.2321
60000 25000 150010 10.0172
65000 25000 150013 12.8207
60000 30000 150011 10.7335
65000 30000 150011 11.0366
65000 25000 150013 12.8207
70000 25000 150015 15.2321
65000 30000 150011 11.0366
70000 30000 150015 15.0787
70000 20000 150020 19.5293
75000 20000 150023 23.4668
70000 25000 150015 15.2321
75000 25000 150020 20.4484
75000 20000 150023 23.4668
80000 20000 150029 28.7336
75000 25000 150020 20.4484
80000 25000 150027 26.7365
70000 25000 150015 15.2321
75000 25000 150020 20.4484
70000 30000 150015 15.0787
75000 30000 150020 20.0814
75000 25000 150020 20.4484
80000 25000 150027 26.7365
75000 30000 150020 20.0814
80000 30000 150025 24.5328
0 30000 150004 3.77141
5000 30000 150004 3.82518
0 35000 150004 3.76071
5000 35000 150004 3.61737
5000 30000 150004 3.82518
10000 30000 150004 3.79143
5000 35000 150004 3.61737
10000 35000 150004 3.56365
0 35000 150004 3.76071
5000 35000 150004 3.61737
0 40000 150003 3.48258
5000 40000 150003 3.30194
5000 35000 150004 3.61737
10000 35000 150004 3.56365
5000 40000 150003 3.30194
10000 40000 150004 3.50879
10000 30000 150004 3.79143
15000 30000 150004 3.70116
10000 35000 150004 3.56365
15000 35000 150004 3.52353
15000 30000 150004 3.70116
20000 30000 150004 3.74782
15000 35000 150004 3.52353
20000 35000 150003 3.463
10000 35000 150004 3.56365
15000 35000 150004 3.52353
10000 40000 150004 3.50879
15000 40000 150003 3.2672
15000 35000 150004 3.52353
20000 35000 150003 3.463
15000 40000 150003 3.2672
20000 40000 150003 3.35188
20000 30000 150004 3.74782
25000 30000 150004 3.69738
20000 35000 150003 3.463
25000 35000 150004 3.62744
25000 30000 150004 3.69738
30000 30000 150004 3.57283
25000 35000 150004 3.62744
30000 35000 150003 3.40047
20000 35000 150003 3.463
25000 35000 150004 3.62744
20000 40000 150003 3.35188
25000 40000 150003 3.19702
25000 35000 150004 3.62744
30000 35000 150003 3.40047
25000 40000 150003 3.19702
30000 40000 150003 3.26973
30000 30000 150004 3.57283
35000 30000 150004 3.90983
30000 35000 150003 3.40047
35000 35000 150003 3.48418
35000 30000 150004 3.90983
40000 30000 150005 4.92775
35000 35000 150003 3.48418
40000 35000 150004 4.32836
30000 35000 150003 3.40047
35000 35000 150003 3.48418
30000 40000 150003 3.26973
35000 40000 150003 3.31997
35000 35000 150003 3.48418
40000 35000 150004 4.32836
35000 40000 150003 3.31997
40000 40000 150004 4.11995
40000 30000 150005 4.92775
45000 30000 150006 5.59276
40000 35000 150004 4.32836
45000 35000 150006 5.61713
45000 30000 150006 5.59276
50000 30000 150007 7.05894
45000 35000 150006 5.61713
50000 35000 150006 5.83794
40000 35000 150004 4.32836
45000 35000 150006 5.61713
40000 40000 150004 4.11995
45000 40000 150005 4.66986
45000 35000 150006 5.61713
50000 35000 150006 5.83794
45000 40000 150005 4.66986
50000 40000 150006 5.63336
50000 30000 150007 7.05894
55000 30000 150009 8.5209
50000 35000 150006 5.83794
55000 35000 150007 7.31268
55000 30000 150009 8.5209
60000 30000 150011 10.7335
55000 35000 150007 7.31268
60000 35000 150010 9.86746
50000 35000 150006 5.83794
55000 35000 150007 7.31268
50000 40000 150006 5.63336
55000 40000 150007 6.74756
55000 35000 150007 7.31268
60000 35000 150010 9.86746
55000 40000 150007 6.74756
60000 40000 150009 8.9364
60000 30000 150011 10.7335
65000 30000 150011 11.0366
60000 35000 150010 9.86746
65000 35000 150014 13.6024
65000 30000 150011 11.0366
70000 30000 150015 15.0787
65000 35000 150014 13.6024
70000 35000 150014 14.028
60000 35000 150010 9.86746
65000 35000 150014 13.6024
60000 40000 150009 8.9364
65000 40000 150012 11.5279
65000 35000 150014 13.6024
70000 35000 150014 14.028
65000 40000 150012 11.5279
70000 40000 150015 14.7508
70000 30000 150015 15.0787
75000 30000 150020 20.0814
70000 35000 150014 14.028
75000 35000 150019 18.9601
75000 30000 150020 20.0814
80000 30000 150025 24.5328
75000 35000 150019 18.9601
80000 35000 150025 25.2681
70000 35000 150014 14.028
75000 35000 150019 18.9601
70000 40000 150015 14.7508
75000 40000 150020 19.5593
75000 35000 150019 18.9601
80000 35000 150025 25.2681
75000 40000 150020 19.5593
80000 40000 150020 19.9157
0 40000 150003 3.48258
5000 40000 150003 3.30194
0 45000 150003 2.95278
5000 45000 150003 3.38696
5000 40000 150003 3.30194
10000 40000 150004 3.50879
5000 45000 150003 3.38696
10000 45000 150003 3.09376
0 45000 150003 2.95278
5000 45000 150003 3.38696
0 50000 150003 2.84424
5000 50000 150003 2.87592
5000 45000 150003 3.38696
10000 45000 150003 3.09376
5000 50000 150003 2.87592
10000 50000 150003 2.77083
10000 40000 150004 3.50879
15000 40000 150003 3.2672
10000 45000 150003 3.09376
15000 45000 150003 2.96569
15000 40000 150003 3.2672
20000 40000 150003 3.35188
15000 45000 150003 2.96569
20000 45000 150003 2.85613
10000 45000 150003 3.09376
15000 45000 150003 2.96569
10000 50000 150003 2.77083
15000 50000 150003 2.84017
15000 45000 150003 2.96569
20000 45000 150003 2.85613
15000 50000 150003 2.84017
20000 50000 150003 2.76829
20000 40000 150003 3.35188
25000 40000 150003 3.19702
20000 45000 150003 2.85613
25000 45000 150003 3.32395
25000 40000 150003 3.19702
30000 40000 150003 3.26973
25000 45000 150003 3.32395
30000 45000 150003 3.26844
20000 45000 150003 2.85613
25000 45000 150003 3.32395
20000 50000 150003 2.76829
25000 50000 150003 2.91916
25000 45000 150003 3.32395
30000 45000 150003 3.26844
25000 50000 150003 2.91916
30000 50000 150003 3.01282
30000 40000 150003 3.26973
35000 40000 150003 3.31997
30000 45000 150003 3.26844
35000 45000 150003 3.23674
35000 40000 150003 3.31997
40000 40000 150004 4.11995
35000 45000 150003 3.23674
40000 45000 150003 3.3004
30000 45000 150003 3.26844
35000 45000 150003 3.23674
30000 50000 150003 3.01282
35000 50000 150003 3.22655
35000 45000 150003 3.23674
40000 45000 150003 3.3004
35000 50000 150003 3.22655
40000 50000 150004 3.78449
40000 40000 150004 4.11995
45000 40000 150005 4.66986
40000 45000 150003 3.3004
45000 45000 150004 4.31619
45000 40000 150005 4.66986
50000 40000 150006 5.63336
45000 45000 150004 4.31619
50000 45000 150005 5.04175
40000 45000 150003 3.3004
45000 45000 150004 4.31619
40000 50000 150004 3.78449
45000 50000 150005 5.32608
45000 45000 150004 4.31619
50000 45000 150005 5.04175
45000 50000 150005 5.32608
50000 50000 150006 5.908
50000 40000 150006 5.63336
55000 40000 150007 6.74756
50000 45000 150005 5.04175
55000 45000 150007 7.31427
55000 40000 150007 6.74756
60000 40000 150009 8.9364
55000 45000 150007 7.31427
60000 45000 150008 7.83232
50000 45000 150005 5.04175
55000 45000 150007 7.31427
50000 50000 150006 5.908
55000 50000 150007 6.85684
55000 45000 150007 7.31427
60000 45000 150008 7.83232
55000 50000 150007 6.85684
60000 50000 150009 8.91711
60000 40000 150009 8.9364
65000 40000 150012 11.5279
60000 45000 150008 7.83232
65000 45000 150011 11.0736
65000 40000 150012 11.5279
70000 40000 150015 14.7508
65000 45000 150011 11.0736
70000 45000 150015 15.1904
60000 45000 150008 7.83232
65000 45000 150011 11.0736
60000 50000 150009 8.91711
65000 50000 150012 11.9792
65000 45000 150011 11.0736
70000 45000 150015 15.1904
65000 50000 150012 11.9792
70000 50000 150014 13.8216
70000 40000 150015 14.7508
75000 40000 150020 19.5593
70000 45000 150015 15.1904
75000 45000 150018 18.4121
75000 40000 150020 19.5593
80000 40000 150020 19.9157
75000 45000 150018 18.4121
80000 45000 150022 22.3476
70000 45000 150015 15.1904
75000 45000 150018 18.4121
70000 50000 150014 13.8216
75000 50000 150016 15.6632
75000 45000 150018 18.4121
80000 45000 150022 22.3476
75000 50000 150016 15.6632
80000 50000 150020 19.8171
0 50000 150003 2.84424
5000 50000 150003 2.87592
0 55000 150003 2.89531
5000 55000 150003 2.83909
5000 50000 150003 2.87592
10000 50000 150003 2.77083
5000 55000 150003 2.83909
10000 55000 150003 2.67103
0 55000 150003 2.89531
5000 55000 150003 2.83909
0 60000 150003 3.04095
5000 60000 150004 3.73612
5000 55000 150003 2.83909
10000 55000 150003 2.67103
5000 60000 150004 3.73612
10000 60000 150003 3.35437
10000 50000 150003 2.77083
15000 50000 150003 2.84017
10000 55000 150003 2.67103
15000 55000 150002 2.41707
15000 50000 150003 2.84017
20000 50000 150003 2.76829
15000 55000 150002 2.41707
20000 55000 150002 2.2651
10000 55000 150003 2.67103
15000 55000 150002 2.41707
10000 60000 150003 3.35437
15000 60000 150003 2.56879
15000 55000 150002 2.41707
20000 55000 150002 2.2651
15000 60000 150003 2.56879
20000 60000 150002 2.19294
20000 50000 150003 2.76829
25000 50000 150003 2.91916
20000 55000 150002 2.2651
25000 55000 150002 2.30079
25000 50000 150003 2.91916
30000 50000 150003 3.01282
25000 55000 150002 2.30079
30000 55000 150003 2.5653
20000 55000 150002 2.2651
25000 55000 150002 2.30079
20000 60000 150002 2.19294
25000 60000 150002 1.87233
25000 55000 150002 2.30079
30000 55000 150003 2.5653
25000 60000 150002 1.87233
30000 60000 150002 1.92514
30000 50000 150003 3.01282
35000 50000 150003 3.22655
30000 55000 150003 2.5653
35000 55000 150003 3.09096
35000 50000 150003 3.22655
40000 50000 150004 3.78449
35000 55000 150003 3.09096
40000 55000 150004 3.63757
30000 55000 150003 2.5653
35000 55000 150003 3.09096
30000 60000 150002 1.92514
35000 60000 150002 2.14201
35000 55000 150003 3.09096
40000 55000 150004 3.63757
35000 60000 150002 2.14201
40000 60000 150002 2.44285
40000 50000 150004 3.78449
45000 50000 150005 5.32608
40000 55000 150004 3.63757
45000 55000 150004 4.32627
45000 50000 150005 5.32608
50000 50000 150006 5.908
45000 55000 150004 4.32627
50000 55000 150005 4.83603
40000 55000 150004 3.63757
45000 55000 150004 4.32627
40000 60000 150002 2.44285
45000 60000 150003 3.2039
45000 55000 150004 4.32627
50000 55000 150005 4.83603
45000 60000 150003 3.2039
50000 60000 150004 3.54189
50000 50000 150006 5.908
55000 50000 150007 6.85684
50000 55000 150005 4.83603
55000 55000 150006 5.91916
55000 50000 150007 6.85684
60000 50000 150009 8.91711
55000 55000 150006 5.91916
60000 55000 150009 8.53108
50000 55000 150005 4.83603
55000 55000 150006 5.91916
50000 60000 150004 3.54189
55000 60000 150005 5.49084
55000 55000 150006 5.91916
60000 55000 150009 8.53108
55000 60000 150005 5.49084
60000 60000 150007 6.50525
60000 50000 150009 8.91711
65000 50000 150012 11.9792
60000 55000 150009 8.53108
65000 55000 150010 9.83687
65000 50000 150012 11.9792
70000 50000 150014 13.8216
65000 55000 150010 9.83687
70000 55000 150010 9.51943
60000 55000 150009 8.53108
65000 55000 150010 9.83687
60000 60000 150007 6.50525
65000 60000 150007 6.70198
65000 55000 150010 9.83687
70000 55000 150010 9.51943
65000 60000 150007 6.70198
70000 60000 150011 10.7105
70000 50000 150014 13.8216
75000 50000 150016 15.6632
70000 55000 150010 9.51943
75000 55000 150015 15.4939
75000 50000 150016 15.6632
80000 50000 150020 19.8171
75000 55000 150015 15.4939
80000 55000 150017 16.631
70000 55000 150010 9.51943
75000 55000 150015 15.4939
70000 60000 150011 10.7105
75000 60000 150014 14.13
75000 55000 150015 15.4939
80000 55000 150017 16.631
75000 60000 150014 14.13
80000 60000 150018 17.6103
0 60000 150003 3.04095
5000 60000 150004 3.73612
0 65000 150003 3.02671
5000 65000 150003 3.17472
5000 60000 150004 3.73612
10000 60000 150003 3.35437
5000 65000 150003 3.17472
10000 65000 150003 2.68286
0 65000 150003 3.02671
5000 65000 150003 3.17472
0 70000 150003 2.71137
5000 70000 150003 2.89105
5000 65000 150003 3.17472
10000 65000 150003 2.68286
5000 70000 150003 2.89105
10000 70000 150002 2.40943
10000 60000 150003 3.35437
15000 60000 150003 2.56879
10000 65000 150003 2.68286
15000 65000 150002 2.27086
15000 60000 150003 2.56879
20000 60000 150002 2.19294
15000 65000 150002 2.27086
20000 65000 150002 1.93044
10000 65000 150003 2.68286
15000 65000 150002 2.27086
10000 70000 150002 2.40943
15000 70000 150002 1.97315
15000 65000 150002 2.27086
20000 65000 150002 1.93044
15000 70000 150002 1.97315
20000 70000 150002 1.94346
20000 60000 150002 2.19294
25000 60000 150002 1.87233
20000 65000 150002 1.93044
25000 65000 150002 1.66588
25000 60000 150002 1.87233
30000 60000 150002 1.92514
25000 65000 150002 1.66588
30000 65000 150002 1.68246
20000 65000 150002 1.93044
25000 65000 150002 1.66588
20000 70000 150002 1.94346
25000 70000 150001 1.48318
25000 65000 150002 1.66588
30000 65000 150002 1.68246
25000 70000 150001 1.48318
30000 70000 150002 1.50034
30000 60000 150002 1.92514
35000 60000 150002 2.14201
30000 65000 150002 1.68246
35000 65000 150002 1.91393
35000 60000 150002 2.14201
40000 60000 150002 2.44285
35000 65000 150002 1.91393
40000 65000 150002 2.21732
30000 65000 150002 1.68246
35000 65000 150002 1.91393
30000 70000 150002 1.50034
35000 70000 150002 1.86437
35000 65000 150002 1.91393
40000 65000 150002 2.21732
35000 70000 150002 1.86437
40000 70000 150003 2.54408
40000 60000 150002 2.44285
45000 60000 150003 3.2039
40000 65000 150002 2.21732
45000 65000 150003 2.62966
45000 60000 150003 3.2039
50000 60000 150004 3.54189
45000 65000 150003 2.62966
50000 65000 150003 3.4767
40000 65000 150002 2.21732
45000 65000 150003 2.62966
40000 70000 150003 2.54408
45000 70000 150003 2.88613
45000 65000 150003 2.62966
50000 65000 150003 3.4767
45000 70000 150003 2.88613
50000 70000 150003 3.35694
50000 60000 150004 3.54189
55000 60000 150005 5.49084
50000 65000 150003 3.4767
55000 65000 150005 4.98944
55000 60000 150005 5.49084
60000 60000 150007 6.50525
55000 65000 150005 4.98944
60000 65000 150006 6.25292
50000 65000 150003 3.4767
55000 65000 150005 4.98944
50000 70000 150003 3.35694
55000 70000 150004 4.31731
55000 65000 150005 4.98944
60000 65000 150006 6.25292
55000 70000 150004 4.31731
60000 70000 150007 7.1149
60000 60000 150007 6.50525
65000 60000 150007 6.70198
60000 65000 150006 6.25292
65000 65000 150008 7.68178
65000 60000 150007 6.70198
70000 60000 150011 10.7105
65000 65000 150008 7.68178
70000 65000 150008 8.4496
60000 65000 150006 6.25292
65000 65000 150008 7.68178
60000 70000 150007 7.1149
65000 70000 150009 8.99182
65000 65000 150008 7.68178
70000 65000 150008 8.4496
65000 70000 150009 8.99182
70000 70000 150011 10.7914
70000 60000 150011 10.7105
75000 60000 150014 14.13
70000 65000 150008 8.4496
75000 65000 150012 11.9176
75000 60000 150014 14.13
80000 60000 150018 17.6103
75000 65000 150012 11.9176
80000 65000 150016 15.8339
70000 65000 150008 8.4496
75000 65000 150012 11.9176
70000 70000 150011 10.7914
75000 70000 150013 13.2409
75000 65000 150012 11.9176
80000 65000 150016 15.8339
75000 70000 150013 13.2409
80000 70000 150016 16.1627
0 70000 150003 2.71137
5000 70000 150003 2.89105
0 75000 150002 2.16188
5000 75000 150002 2.1751
5000 70000 150003 2.89105
10000 70000 150002 2.40943
5000 75000 150002 2.1751
10000 75000 150002 2.05841
0 75000 150002 2.16188
5000 75000 150002 2.1751
0 80000 150002 2.09929
5000 80000 150002 1.83142
5000 75000 150002 2.1751
10000 75000 150002 2.05841
5000 80000 150002 1.83142
10000 80000 150001 1.32674
10000 70000 150002 2.40943
15000 70000 150002 1.97315
10000 75000 150002 2.05841
15000 75000 150002 1.6344
15000 70000 150002 1.97315
20000 70000 150002 1.94346
15000 75000 150002 1.6344
20000 75000 150001 1.45841
10000 75000 150002 2.05841
15000 75000 150002 1.6344
10000 80000 150001 1.32674
15000 80000 150002 1.61798
15000 75000 150002 1.6344
20000 75000 150001 1.45841
15000 80000 150002 1.61798
20000 80000 150001 1.46295
20000 70000 150002 1.94346
25000 70000 150001 1.48318
20000 75000 150001 1.45841
25000 75000 150001 1.36949
25000 70000 150001 1.48318
30000 70000 150002 1.50034
25000 75000 150001 1.36949
30000 75000 150001 1.4965
20000 75000 150001 1.45841
25000 75000 150001 1.36949
20000 80000 150001 1.46295
25000 80000 150001 1.35697
25000 75000 150001 1.36949
30000 75000 150001 1.4965
25000 80000 150001 1.35697
30000 80000 150001 1.48577
30000 70000 150002 1.50034
35000 70000 150002 1.86437
30000 75000 150001 1.4965
35000 75000 150002 1.97105
35000 70000 150002 1.86437
40000 70000 150003 2.54408
35000 75000 150002 1.97105
40000 75000 150002 2.05486
30000 75000 150001 1.4965
35000 75000 150002 1.97105
30000 80000 150001 1.48577
35000 80000 150002 1.63706
35000 75000 150002 1.97105
40000 75000 150002 2.05486
35000 80000 150002 1.63706
40000 80000 150002 2.04262
40000 70000 150003 2.54408
45000 70000 150003 2.88613
40000 75000 150002 2.05486
45000 75000 150002 2.33568
45000 70000 150003 2.88613
50000 70000 150003 3.35694
45000 75000 150002 2.33568
50000 75000 150003 2.59934
40000 75000 150002 2.05486
45000 75000 150002 2.33568
40000 80000 150002 2.04262
45000 80000 150002 2.0046
45000 75000 150002 2.33568
50000 75000 150003 2.59934
45000 80000 150002 2.0046
50000 80000 150002 2.15067
50000 70000 150003 3.35694
55000 70000 150004 4.31731
50000 75000 150003 2.59934
55000 75000 150004 3.73587
55000 70000 150004 4.31731
60000 70000 150007 7.1149
55000 75000 150004 3.73587
60000 75000 150005 5.29638
50000 75000 150003 2.59934
55000 75000 150004 3.73587
50000 80000 150002 2.15067
55000 80000 150003 3.17992
55000 75000 150004 3.73587
60000 75000 150005 5.29638
55000 80000 150003 3.17992
60000 80000 150004 3.59109
60000 70000 150007 7.1149
65000 70000 150009 8.99182
60000 75000 150005 5.29638
65000 75000 150007 6.62712
65000 70000 150009 8.99182
70000 70000 150011 10.7914
65000 75000 150007 6.62712
70000 75000 150009 8.51432
60000 75000 150005 5.29638
65000 75000 150007 6.62712
60000 80000 150004 3.59109
65000 80000 150004 3.72542
65000 75000 150007 6.62712
70000 75000 150009 8.51432
65000 80000 150004 3.72542
70000 80000 150006 5.79048
70000 70000 150011 10.7914
75000 70000 150013 13.2409
70000 75000 150009 8.51432
75000 75000 150010 9.60524
75000 70000 150013 13.2409
80000 70000 150016 16.1627
75000 75000 150010 9.60524
80000 75000 150011 11.1667
70000 75000 150009 8.51432
75000 75000 150010 9.60524
70000 80000 150006 5.79048
75000 80000 150009 8.64282
75000 75000 150010 9.60524
80000 75000 150011 11.1667
75000 80000 150009 8.64282
80000 80000 150015 14.9414
80000 0 150030 29.5439
85000 0 150032 31.9738
80000 5000 150029 28.609
85000 5000 150032 32.1195
85000 0 150032 31.9738
90000 0 150033 33.1468
85000 5000 150032 32.1195
90000 5000 150034 33.7548
80000 5000 150029 28.609
85000 5000 150032 32.1195
80000 10000 150026 25.8413
85000 10000 150030 29.7457
85000 5000 150032 32.1195
90000 5000 150034 33.7548
85000 10000 150030 29.7457
90000 10000 150032 31.9558
90000 0 150033 33.1468
95000 0 150031 31.0601
90000 5000 150034 33.7548
95000 5000 150032 31.5422
95000 0 150031 31.0601
100000 0 150025 25.0474
95000 5000 150032 31.5422
100000 5000 150025 24.6935
90000 5000 150034 33.7548
95000 5000 150032 31.5422
90000 10000 150032 31.9558
95000 10000 150032 31.725
95000 5000 150032 31.5422
100000 5000 150025 24.6935
95000 10000 150032 31.725
100000 10000 150025 25.3697
100000 0 150025 25.0474
105000 0 150013 13.4117
100000 5000 150025 24.6935
105000 5000 150007 6.9923
105000 0 150013 13.4117
110000 0 149996 -3.88054
105000 5000 150007 6.9923
110000 5000 149985 -15.4609
100000 5000 150025 24.6935
105000 5000 150007 6.9923
100000 10000 150025 25.3697
105000 10000 150016 16.4436
105000 5000 150007 6.9923
110000 5000 149985 -15.4609
105000 10000 150016 16.4436
110000 10000 150004 3.84741
110000 0 149996 -3.88054
115000 0 149975 -24.6363
110000 5000 149985 -15.4609
115000 5000 149964 -35.6638
115000 0 149975 -24.6363
120000 0 149959 -40.8222
115000 5000 149964 -35.6638
120000 5000 149952 -47.9914
110000 5000 149985 -15.4609
115000 5000 149964 -35.6638
110000 10000 150004 3.84741
115000 10000 149975 -24.9134
115000 5000 149964 -35.6638
120000 5000 149952 -47.9914
115000 10000 149975 -24.9134
120000 10000 149949 -51.0954
120000 0 149959 -40.8222
125000 0 149949 -50.506
120000 5000 149952 -47.9914
125000 5000 149948 -52.181
125000 0 149949 -50.506
130000 0 149948 -51.664
125000 5000 149948 -52.181
130000 5000 149947 -52.8217
120000 5000 149952 -47.9914
125000 5000 149948 -52.181
120000 10000 149949 -51.0954
125000 10000 149942 -58.227
125000 5000 149948 -52.181
130000 5000 149947 -52.8217
125000 10000 149942 -58.227
130000 10000 149942 -57.6125
130000 0 149948 -51.664
135000 0 149953 -46.992
130000 5000 149947 -52.8217
135000 5000 149949 -51.3093
135000 0 149953 -46.992
140000 0 149956 -43.5023
135000 5000 149949 -51.3093
140000 5000 149965 -34.5973
130000 5000 149947 -52.8217
135000 5000 149949 -51.3093
130000 10000 149942 -57.6125
135000 10000 149949 -51.4294
135000 5000 149949 -51.3093
140000 5000 149965 -34.5973
135000 10000 149949 -51.4294
140000 10000 149964 -35.7031
140000 0 149956 -43.5023
145000 0 149978 -22.1864
140000 5000 149965 -34.5973
145000 5000 149971 -29.4023
145000 0 149978 -22.1864
150000 0 149984 -16.0311
145000 5000 149971 -29.4023
150000 5000 149981 -18.7824
140000 5000 149965 -34.5973
145000 5000 149971 -29.4023
140000 10000 149964 -35.7031
145000 10000 149982 -18.232
145000 5000 149971 -29.4023
150000 5000 149981 -18.7824
145000 10000 149982 -18.232
150000 10000 149992 -8.10229
150000 0 149984 -16.0311
155000 0 149994 -6.14071
150000 5000 149981 -18.7824
155000 5000 149995 -4.70004
155000 0 149994 -6.14071
160000 0 150004 3.67787
155000 5000 149995 -4.70004
160000 5000 150004 3.61169
150000 5000 149981 -18.7824
155000 5000 149995 -4.70004
150000 10000 149992 -8.10229
155000 10000 149998 -2.18698
155000 5000 149995 -4.70004
160000 5000 150004 3.61169
155000 10000 149998 -2.18698
160000 10000 150007 7.10693
80000 10000 150026 25.8413
85000 10000 150030 29.7457
80000 15000 150026 25.8515
85000 15000 150031 30.6819
85000 10000 150030 29.7457
90000 10000 150032 31.9558
85000 15000 150031 30.6819
90000 15000 150031 30.6766
80000 15000 150026 25.8515
85000 15000 150031 30.6819
80000 20000 150029 28.7336
85000 20000 150033 33.3971
85000 15000 150031 30.6819
90000 15000 150031 30.6766
85000 20000 150033 33.3971
90000 20000 150034 34.184
90000 10000 150032 31.9558
95000 10000 150032 31.725
90000 15000 150031 30.6766
95000 15000 150032 32.1516
95000 10000 150032 31.725
100000 10000 150025 25.3697
95000 15000 150032 32.1516
100000 15000 150031 31.4153
90000 15000 150031 30.6766
95000 15000 150032 32.1516
90000 20000 150034 34.184
95000 20000 150034 33.6453
95000 15000 150032 32.1516
100000 15000 150031 31.4153
95000 20000 150034 33.6453
100000 20000 150032 31.941
100000 10000 150025 25.3697
105000 10000 150016 16.4436
100000 15000 150031 31.4153
105000 15000 150030 30.0742
105000 10000 150016 16.4436
110000 10000 150004 3.84741
105000 15000 150030 30.0742
110000 15000 150018 17.6584
100000 15000 150031 31.4153
105000 15000 150030 30.0742
100000 20000 150032 31.941
105000 20000 150035 34.9319
105000 15000 150030 30.0742
110000 15000 150018 17.6584
105000 20000 150035 34.9319
110000 20000 150030 29.8914
110000 10000 150004 3.84741
115000 10000 149975 -24.9134
110000 15000 150018 17.6584
115000 15000 149983 -16.5175
115000 10000 149975 -24.9134
120000 10000 149949 -51.0954
115000 15000 149983 -16.5175
120000 15000 149947 -52.6046
110000 15000 150018 17.6584
115000 15000 149983 -16.5175
110000 20000 150030 29.8914
115000 20000 149995 -5.49791
115000 15000 149983 -16.5175
120000 15000 149947 -52.6046
115000 20000 149995 -5.49791
120000 20000 149948 -52.2255
120000 10000 149949 -51.0954
125000 10000 149942 -58.227
120000 15000 149947 -52.6046
125000 15000 149925 -74.5983
125000 10000 149942 -58.227
130000 10000 149942 -57.6125
125000 15000 149925 -74.5983
130000 15000 149929 -71.2386
120000 15000 149947 -52.6046
125000 15000 149925 -74.5983
120000 20000 149948 -52.2255
125000 20000 149910 -90.2486
125000 15000 149925 -74.5983
130000 15000 149929 -71.2386
125000 20000 149910 -90.2486
130000 20000 149907 -92.6511
130000 10000 149942 -57.6125
135000 10000 149949 -51.4294
130000 15000 149929 -71.2386
135000 15000 149946 -54.385
135000 10000 149949 -51.4294
140000 10000 149964 -35.7031
135000 15000 149946 -54.385
140000 15000 149960 -39.9205
130000 15000 149929 -71.2386
135000 15000 149946 -54.385
130000 20000 149907 -92.6511
135000 20000 149936 -63.6869
135000 15000 149946 -54.385
140000 15000 149960 -39.9205
135000 20000 149936 -63.6869
140000 20000 149958 -42.0278
140000 10000 149964 -35.7031
145000 10000 149982 -18.232
140000 15000 149960 -39.9205
145000 15000 149982 -17.5236
145000 10000 149982 -18.232
150000 10000 149992 -8.10229
145000 15000 149982 -17.5236
150000 15000 149995 -5.1427
140000 15000 149960 -39.9205
145000 15000 149982 -17.5236
140000 20000 149958 -42.0278
145000 20000 149979 -20.5395
145000 15000 149982 -17.5236
150000 15000 149995 -5.1427
145000 20000 149979 -20.5395
150000 20000 149971 -28.7819
150000 10000 149992 -8.10229
155000 10000 149998 -2.18698
150000 15000 149995 -5.1427
155000 15000 150001 1.42898
155000 10000 149998 -2.18698
160000 10000 150007 7.10693
155000 15000 150001 1.42898
160000 15000 150008 8.45125
150000 15000 149995 -5.1427
155000 15000 150001 1.42898
150000 20000 149971 -28.7819
155000 20000 149986 -13.5325
155000 15000 150001 1.42898
160000 15000 150008 8.45125
155000 20000 149986 -13.5325
160000 20000 150002 2.30627
80000 20000 150029 28.7336
85000 20000 150033 33.3971
80000 25000 150027 26.7365
85000 25000 150032 32.3811
85000 20000 150033 33.3971
90000 20000 150034 34.184
85000 25000 150032 32.3811
90000 25000 150034 34.3466
80000 25000 150027 26.7365
85000 25000 150032 32.3811
80000 30000 150025 24.5328
85000 30000 150030 29.7618
85000 25000 150032 32.3811
90000 25000 150034 34.3466
85000 30000 150030 29.7618
90000 30000 150034 34.22
90000 20000 150034 34.184
95000 20000 150034 33.6453
90000 25000 150034 34.3466
95000 25000 150035 35.279
95000 20000 150034 33.6453
100000 20000 150032 31.941
95000 25000 150035 35.279
100000 25000 150035 34.8009
90000 25000 150034 34.3466
95000 25000 150035 35.279
90000 30000 150034 34.22
95000 30000 150035 35.4724
95000 25000 150035 35.279
100000 25000 150035 34.8009
95000 30000 150035 35.4724
100000 30000 150036 35.9733
100000 20000 150032 31.941
105000 20000 150035 34.9319
100000 25000 150035 34.8009
105000 25000 150037 36.7722
105000 20000 150035 34.9319
110000 20000 150030 29.8914
105000 25000 150037 36.7722
110000 25000 150038 37.5916
100000 25000 150035 34.8009
105000 25000 150037 36.7722
100000 30000 150036 35.9733
105000 30000 150036 36.1942
105000 25000 150037 36.7722
110000 25000 150038 37.5916
105000 30000 150036 36.1942
110000 30000 150038 37.8796
110000 20000 150030 29.8914
115000 20000 149995 -5.49791
110000 25000 150038 37.5916
115000 25000 150013 12.8867
115000 20000 149995 -5.49791
120000 20000 149948 -52.2255
115000 25000 150013 12.8867
120000 25000 149962 -38.3685
110000 25000 150038 37.5916
115000 25000 150013 12.8867
110000 30000 150038 37.8796
115000 30000 150025 25.187
115000 25000 150013 12.8867
120000 25000 149962 -38.3685
115000 30000 150025 25.187
120000 30000 149982 -18.1001
120000 20000 149948 -52.2255
125000 20000 149910 -90.2486
120000 25000 149962 -38.3685
125000 25000 149923 -76.9998
125000 20000 149910 -90.2486
130000 20000 149907 -92.6511
125000 25000 149923 -76.9998
130000 25000 149896 -104.384
120000 25000 149962 -38.3685
125000 25000 149923 -76.9998
120000 30000 149982 -18.1001
125000 30000 149945 -54.9072
125000 25000 149923 -76.9998
130000 25000 149896 -104.384
125000 30000 149945 -54.9072
130000 30000 149900 -99.6165
130000 20000 149907 -92.6511
135000 20000 149936 -63.6869
130000 25000 149896 -104.384
135000 25000 149917 -83.2185
135000 20000 149936 -63.6869
140000 20000 149958 -42.0278
135000 25000 149917 -83.2185
140000 25000 149946 -54.4983
130000 25000 149896 -104.384
135000 25000 149917 -83.2185
130000 30000 149900 -99.6165
135000 30000 149895 -105.269
135000 25000 149917 -83.2185
140000 25000 149946 -54.4983
135000 30000 149895 -105.269
140000 30000 149935 -64.8596
140000 20000 149958 -42.0278
145000 20000 149979 -20.5395
140000 25000 149946 -54.4983
145000 25000 149972 -27.7986
145000 20000 149979 -20.5395
150000 20000 149971 -28.7819
145000 25000 149972 -27.7986
150000 25000 149991 -8.79915
140000 25000 149946 -54.4983
145000 25000 149972 -27.7986
140000 30000 149935 -64.8596
145000 30000 149960 -40.2655
145000 25000 149972 -27.7986
150000 25000 149991 -8.79915
145000 30000 149960 -40.2655
150000 30000 149985 -14.7951
150000 20000 149971 -28.7819
155000 20000 149986 -13.5325
150000 25000 149991 -8.79915
155000 25000 150001 0.509292
155000 20000 149986 -13.5325
160000 20000 150002 2.30627
155000 25000 150001 0.509292
160000 25000 150001 0.922779
150000 25000 149991 -8.79915
155000 25000 150001 0.509292
150000 30000 149985 -14.7951
155000 30000 150001 1.15515
155000 25000 150001 0.509292
160000 25000 150001 0.922779
155000 30000 150001 1.15515
160000 30000 150010 9.84494
80000 30000 150025 24.5328
85000 30000 150030 29.7618
80000 35000 150025 25.2681
85000 35000 150028 28.2381
85000 30000 150030 29.7618
90000 30000 150034 34.22
85000 35000 150028 28.2381
90000 35000 150029 29.4972
80000 35000 150025 25.2681
85000 35000 150028 28.2381
80000 40000 150020 19.9157
85000 40000 150027 27.2429
85000 35000 150028 28.2381
90000 35000 150029 29.4972
85000 40000 150027 27.2429
90000 40000 150032 32.4071
90000 30000 150034 34.22
95000 30000 150035 35.4724
90000 35000 150029 29.4972
95000 35000 150035 34.7432
95000 30000 150035 35.4724
100000 30000 150036 35.9733
95000 35000 150035 34.7432
100000 35000 150036 36.3548
90000 35000 150029 29.4972
95000 35000 150035 34.7432
90000 40000 150032 32.4071
95000 40000 150035 35.1839
95000 35000 150035 34.7432
100000 35000 150036 36.3548
95000 40000 150035 35.1839
100000 40000 150037 37.0296
100000 30000 150036 35.9733
105000 30000 150036 36.1942
100000 35000 150036 36.3548
105000 35000 150036 36.4528
105000 30000 150036 36.1942
110000 30000 150038 37.8796
105000 35000 150036 36.4528
110000 35000 150037 37.3863
100000 35000 150036 36.3548
105000 35000 150036 36.4528
100000 40000 150037 37.0296
105000 40000 150036 36.4417
105000 35000 150036 36.4528
110000 35000 150037 37.3863
105000 40000 150036 36.4417
110000 40000 150035 34.9853
110000 30000 150038 37.8796
115000 30000 150025 25.187
110000 35000 150037 37.3863
115000 35000 150033 33.0995
115000 30000 150025 25.187
120000 30000 149982 -18.1001
115000 35000 150033 33.0995
120000 35000 150006 5.54248
110000 35000 150037 37.3863
115000 35000 150033 33.0995
110000 40000 150035 34.9853
115000 40000 150035 35.1926
115000 35000 150033 33.0995
120000 35000 150006 5.54248
115000 40000 150035 35.1926
120000 40000 150023 22.6387
120000 30000 149982 -18.1001
125000 30000 149945 -54.9072
120000 35000 150006 5.54248
125000 35000 149960 -40.1059
125000 30000 149945 -54.9072
130000 30000 149900 -99.6165
125000 35000 149960 -40.1059
130000 35000 149922 -78.0387
120000 35000 150006 5.54248
125000 35000 149960 -40.1059
120000 40000 150023 22.6387
125000 40000 149985 -15.4446
125000 35000 149960 -40.1059
130000 35000 149922 -78.0387
125000 40000 149985 -15.4446
130000 40000 149945 -55.0432
130000 30000 149900 -99.6165
135000 30000 149895 -105.269
130000 35000 149922 -78.0387
135000 35000 149886 -114.405
135000 30000 149895 -105.269
140000 30000 149935 -64.8596
135000 35000 149886 -114.405
140000 35000 149911 -88.6609
130000 35000 149922 -78.0387
135000 35000 149886 -114.405
130000 40000 149945 -55.0432
135000 40000 149897 -103.215
135000 35000 149886 -114.405
140000 35000 149911 -88.6609
135000 40000 149897 -103.215
140000 40000 149889 -111.062
140000 30000 149935 -64.8596
145000 30000 149960 -40.2655
140000 35000 149911 -88.6609
145000 35000 149945 -55.44
145000 30000 149960 -40.2655
150000 30000 149985 -14.7951
145000 35000 149945 -55.44
150000 35000 149967 -33.3579
140000 35000 149911 -88.6609
145000 35000 149945 -55.44
140000 40000 149889 -111.062
145000 40000 149927 -72.5806
145000 35000 149945 -55.44
150000 35000 149967 -33.3579
145000 40000 149927 -72.5806
150000 40000 149954 -45.8424
150000 30000 149985 -14.7951
155000 30000 150001 1.15515
150000 35000 149967 -33.3579
155000 35000 149997 -2.98942
155000 30000 150001 1.15515
160000 30000 150010 9.84494
155000 35000 149997 -2.98942
160000 35000 150012 11.5506
150000 35000 149967 -33.3579
155000 35000 149997 -2.98942
150000 40000 149954 -45.8424
155000 40000 149989 -10.5797
155000 35000 149997 -2.98942
160000 35000 150012 11.5506
155000 40000 149989 -10.5797
160000 40000 149986 -14.2785
80000 40000 150020 19.9157
85000 40000 150027 27.2429
80000 45000 150022 22.3476
85000 45000 150027 27.2446
85000 40000 150027 27.2429
90000 40000 150032 32.4071
85000 45000 150027 27.2446
90000 45000 150033 33.1884
80000 45000 150022 22.3476
85000 45000 150027 27.2446
80000 50000 150020 19.8171
85000 50000 150024 24.2724
85000 45000 150027 27.2446
90000 45000 150033 33.1884
85000 50000 150024 24.2724
90000 50000 150029 29.4615
90000 40000 150032 32.4071
95000 40000 150035 35.1839
90000 45000 150033 33.1884
95000 45000 150035 35.1915
95000 40000 150035 35.1839
100000 40000 150037 37.0296
95000 45000 150035 35.1915
100000 45000 150036 35.6609
90000 45000 150033 33.1884
95000 45000 150035 35.1915
90000 50000 150029 29.4615
95000 50000 150035 35.3415
95000 45000 150035 35.1915
100000 45000 150036 35.6609
95000 50000 150035 35.3415
100000 50000 150037 37.1731
100000 40000 150037 37.0296
105000 40000 150036 36.4417
100000 45000 150036 35.6609
105000 45000 150036 36.1951
105000 40000 150036 36.4417
110000 40000 150035 34.9853
105000 45000 150036 36.1951
110000 45000 150034 33.9902
100000 45000 150036 35.6609
105000 45000 150036 36.1951
100000 50000 150037 37.1731
105000 50000 150036 36.0377
105000 45000 150036 36.1951
110000 45000 150034 33.9902
105000 50000 150036 36.0377
110000 50000 150035 34.8405
110000 40000 150035 34.9853
115000 40000 150035 35.1926
110000 45000 150034 33.9902
115000 45000 150029 28.8225
115000 40000 150035 35.1926
120000 40000 150023 22.6387
115000 45000 150029 28.8225
120000 45000 150023 22.6205
110000 45000 150034 33.9902
115000 45000 150029 28.8225
110000 50000 150035 34.8405
115000 50000 150028 28.2394
115000 45000 150029 28.8225
120000 45000 150023 22.6205
115000 50000 150028 28.2394
120000 50000 150007 6.75165
120000 40000 150023 22.6387
125000 40000 149985 -15.4446
120000 45000 150023 22.6205
125000 45000 149969 -31.0352
125000 40000 149985 -15.4446
130000 40000 149945 -55.0432
125000 45000 149969 -31.0352
130000 45000 149955 -45.1513
120000 45000 150023 22.6205
125000 45000 149969 -31.0352
120000 50000 150007 6.75165
125000 50000 150016 15.5244
125000 45000 149969 -31.0352
130000 45000 149955 -45.1513
125000 50000 150016 15.5244
130000 50000 149985 -14.5561
130000 40000 149945 -55.0432
135000 40000 149897 -103.215
130000 45000 149955 -45.1513
135000 45000 149925 -74.7062
135000 40000 149897 -103.215
140000 40000 149889 -111.062
135000 45000 149925 -74.7062
140000 45000 149881 -119.316
130000 45000 149955 -45.1513
135000 45000 149925 -74.7062
130000 50000 149985 -14.5561
135000 50000 149947 -53.043
135000 45000 149925 -74.7062
140000 45000 149881 -119.316
135000 50000 149947 -53.043
140000 50000 149898 -102.185
140000 40000 149889 -111.062
145000 40000 149927 -72.5806
140000 45000 149881 -119.316
145000 45000 149897 -102.769
145000 40000 149927 -72.5806
150000 40000 149954 -45.8424
145000 45000 149897 -102.769
150000 45000 149943 -57.2892
140000 45000 149881 -119.316
145000 45000 149897 -102.769
140000 50000 149898 -102.185
145000 50000 149874 -125.56
145000 45000 149897 -102.769
150000 45000 149943 -57.2892
145000 50000 149874 -125.56
150000 50000 149921 -79.0935
150000 40000 149954 -45.8424
155000 40000 149989 -10.5797
150000 45000 149943 -57.2892
155000 45000 149955 -44.7953
155000 40000 149989 -10.5797
160000 40000 149986 -14.2785
155000 45000 149955 -44.7953
160000 45000 150002 2.18737
150000 45000 149943 -57.2892
155000 45000 149955 -44.7953
150000 50000 149921 -79.0935
155000 50000 149957 -42.5429
155000 45000 149955 -44.7953
160000 45000 150002 2.18737
155000 50000 149957 -42.5429
160000 50000 149974 -25.6786
80000 50000 150020 19.8171
85000 50000 150024 24.2724
80000 55000 150017 16.631
85000 55000 150021 20.7191
85000 50000 150024 24.2724
90000 50000 150029 29.4615
85000 55000 150021 20.7191
90000 55000 150026 25.8271
80000 55000 150017 16.631
85000 55000 150021 20.7191
80000 60000 150018 17.6103
85000 60000 150021 21.3172
85000 55000 150021 20.7191
90000 55000 150026 25.8271
85000 60000 150021 21.3172
90000 60000 150024 24.3659
90000 50000 150029 29.4615
95000 50000 150035 35.3415
90000 55000 150026 25.8271
95000 55000 150031 31.4063
95000 50000 150035 35.3415
100000 50000 150037 37.1731
95000 55000 150031 31.4063
100000 55000 150035 35.3729
90000 55000 150026 25.8271
95000 55000 150031 31.4063
90000 60000 150024 24.3659
95000 60000 150028 28.4001
95000 55000 150031 31.4063
100000 55000 150035 35.3729
95000 60000 150028 28.4001
100000 60000 150033 32.9543
100000 50000 150037 37.1731
105000 50000 150036 36.0377
100000 55000 150035 35.3729
105000 55000 150037 37.1744
105000 50000 150036 36.0377
110000 50000 150035 34.8405
105000 55000 150037 37.1744
110000 55000 150035 35.2082
100000 55000 150035 35.3729
105000 55000 150037 37.1744
100000 60000 150033 32.9543
105000 60000 150036 36.2974
105000 55000 150037 37.1744
110000 55000 150035 35.2082
105000 60000 150036 36.2974
110000 60000 150035 35.4941
110000 50000 150035 34.8405
115000 50000 150028 28.2394
110000 55000 150035 35.2082
115000 55000 150031 31.286
115000 50000 150028 28.2394
120000 50000 150007 6.75165
115000 55000 150031 31.286
120000 55000 150029 29.392
110000 55000 150035 35.2082
115000 55000 150031 31.286
110000 60000 150035 35.4941
115000 60000 150033 33.4105
115000 55000 150031 31.286
120000 55000 150029 29.392
115000 60000 150033 33.4105
120000 60000 150031 31.1082
120000 50000 150007 6.75165
125000 50000 150016 15.5244
120000 55000 150029 29.392
125000 55000 150027 26.713
125000 50000 150016 15.5244
130000 50000 149985 -14.5561
125000 55000 150027 26.713
130000 55000 149996 -4.12188
120000 55000 150029 29.392
125000 55000 150027 26.713
120000 60000 150031 31.1082
125000 60000 150028 27.9084
125000 55000 150027 26.713
130000 55000 149996 -4.12188
125000 60000 150028 27.9084
130000 60000 150017 16.6809
130000 50000 149985 -14.5561
135000 50000 149947 -53.043
130000 55000 149996 -4.12188
135000 55000 149961 -39.3256
135000 50000 149947 -53.043
140000 50000 149898 -102.185
135000 55000 149961 -39.3256
140000 55000 149929 -70.9068
130000 55000 149996 -4.12188
135000 55000 149961 -39.3256
130000 60000 150017 16.6809
135000 60000 149984 -15.9387
135000 55000 149961 -39.3256
140000 55000 149929 -70.9068
135000 60000 149984 -15.9387
140000 60000 149946 -54.2746
140000 50000 149898 -102.185
145000 50000 149874 -125.56
140000 55000 149929 -70.9068
145000 55000 149879 -120.758
145000 50000 149874 -125.56
150000 50000 149921 -79.0935
145000 55000 149879 -120.758
150000 55000 149896 -104.251
140000 55000 149929 -70.9068
145000 55000 149879 -120.758
140000 60000 149946 -54.2746
145000 60000 149905 -95.1188
145000 55000 149879 -120.758
150000 55000 149896 -104.251
145000 60000 149905 -95.1188
150000 60000 149881 -119.47
150000 50000 149921 -79.0935
155000 50000 149957 -42.5429
150000 55000 149896 -104.251
155000 55000 149941 -58.65
155000 50000 149957 -42.5429
160000 50000 149974 -25.6786
155000 55000 149941 -58.65
160000 55000 149963 -37.2808
150000 55000 149896 -104.251
155000 55000 149941 -58.65
150000 60000 149881 -119.47
155000 60000 149914 -86.3622
155000 55000 149941 -58.65
160000 55000 149963 -37.2808
155000 60000 149914 -86.3622
160000 60000 149945 -54.5471
80000 60000 150018 17.6103
85000 60000 150021 21.3172
80000 65000 150016 15.8339
85000 65000 150019 19.3985
85000 60000 150021 21.3172
90000 60000 150024 24.3659
85000 65000 150019 19.3985
90000 65000 150025 25.0169
80000 65000 150016 15.8339
85000 65000 150019 19.3985
80000 70000 150016 16.1627
85000 70000 150019 18.7466
85000 65000 150019 19.3985
90000 65000 150025 25.0169
85000 70000 150019 18.7466
90000 70000 150021 21.3301
90000 60000 150024 24.3659
95000 60000 150028 28.4001
90000 65000 150025 25.0169
95000 65000 150028 28.4682
95000 60000 150028 28.4001
100000 60000 150033 32.9543
95000 65000 150028 28.4682
100000 65000 150032 31.6584
90000 65000 150025 25.0169
95000 65000 150028 28.4682
90000 70000 150021 21.3301
95000 70000 150025 25.2969
95000 65000 150028 28.4682
100000 65000 150032 31.6584
95000 70000 150025 25.2969
100000 70000 150030 29.5101
100000 60000 150033 32.9543
105000 60000 150036 36.2974
100000 65000 150032 31.6584
105000 65000 150036 35.7318
105000 60000 150036 36.2974
110000 60000 150035 35.4941
105000 65000 150036 35.7318
110000 65000 150036 35.9643
100000 65000 150032 31.6584
105000 65000 150036 35.7318
100000 70000 150030 29.5101
105000 70000 150033 32.563
105000 65000 150036 35.7318
110000 65000 150036 35.9643
105000 70000 150033 32.563
110000 70000 150035 34.5138
110000 60000 150035 35.4941
115000 60000 150033 33.4105
110000 65000 150036 35.9643
115000 65000 150034 33.7958
115000 60000 150033 33.4105
120000 60000 150031 31.1082
115000 65000 150034 33.7958
120000 65000 150031 31.372
110000 65000 150036 35.9643
115000 65000 150034 33.7958
110000 70000 150035 34.5138
115000 70000 150035 35.0901
115000 65000 150034 33.7958
120000 65000 150031 31.372
115000 70000 150035 35.0901
120000 70000 150032 32.088
120000 60000 150031 31.1082
125000 60000 150028 27.9084
120000 65000 150031 31.372
125000 65000 150028 28.2498
125000 60000 150028 27.9084
130000 60000 150017 16.6809
125000 65000 150028 28.2498
130000 65000 150013 12.9252
120000 65000 150031 31.372
125000 65000 150028 28.2498
120000 70000 150032 32.088
125000 70000 150027 26.7563
125000 65000 150028 28.2498
130000 65000 150013 12.9252
125000 70000 150027 26.7563
130000 70000 150020 20.4334
130000 60000 150017 16.6809
135000 60000 149984 -15.9387
130000 65000 150013 12.9252
135000 65000 149983 -16.5106
135000 60000 149984 -15.9387
140000 60000 149946 -54.2746
135000 65000 149983 -16.5106
140000 65000 149963 -36.7615
130000 65000 150013 12.9252
135000 65000 149983 -16.5106
130000 70000 150020 20.4334
135000 70000 150010 10.4774
135000 65000 149983 -16.5106
140000 65000 149963 -36.7615
135000 70000 150010 10.4774
140000 70000 149978 -22.2591
140000 60000 149946 -54.2746
145000 60000 149905 -95.1188
140000 65000 149963 -36.7615
145000 65000 149938 -62.0275
145000 60000 149905 -95.1188
150000 60000 149881 -119.47
145000 65000 149938 -62.0275
150000 65000 149890 -109.769
140000 65000 149963 -36.7615
145000 65000 149938 -62.0275
140000 70000 149978 -22.2591
145000 70000 149946 -53.6401
145000 65000 149938 -62.0275
150000 65000 149890 -109.769
145000 70000 149946 -53.6401
150000 70000 149919 -81.3385
150000 60000 149881 -119.47
155000 60000 149914 -86.3622
150000 65000 149890 -109.769
155000 65000 149884 -115.759
155000 60000 149914 -86.3622
160000 60000 149945 -54.5471
155000 65000 149884 -115.759
160000 65000 149933 -67.3936
150000 65000 149890 -109.769
155000 65000 149884 -115.759
150000 70000 149919 -81.3385
155000 70000 149877 -122.992
155000 65000 149884 -115.759
160000 65000 149933 -67.3936
155000 70000 149877 -122.992
160000 70000 149899 -100.768
80000 70000 150016 16.1627
85000 70000 150019 18.7466
80000 75000 150011 11.1667
85000 75000 150015 15.3351
85000 70000 150019 18.7466
90000 70000 150021 21.3301
85000 75000 150015 15.3351
90000 75000 150020 19.9236
80000 75000 150011 11.1667
85000 75000 150015 15.3351
80000 80000 150015 14.9414
85000 80000 150015 15.3556
85000 75000 150015 15.3351
90000 75000 150020 19.9236
85000 80000 150015 15.3556
90000 80000 150018 18.2948
90000 70000 150021 21.3301
95000 70000 150025 25.2969
90000 75000 150020 19.9236
95000 75000 150023 23.457
95000 70000 150025 25.2969
100000 70000 150030 29.5101
95000 75000 150023 23.457
100000 75000 150026 26.4481
90000 75000 150020 19.9236
95000 75000 150023 23.457
90000 80000 150018 18.2948
95000 80000 150022 22.1345
95000 75000 150023 23.457
100000 75000 150026 26.4481
95000 80000 150022 22.1345
100000 80000 150027 26.859
100000 70000 150030 29.5101
105000 70000 150033 32.563
100000 75000 150026 26.4481
105000 75000 150031 30.8691
105000 70000 150033 32.563
110000 70000 150035 34.5138
105000 75000 150031 30.8691
110000 75000 150034 33.7468
100000 75000 150026 26.4481
105000 75000 150031 30.8691
100000 80000 150027 26.859
105000 80000 150030 29.5168
105000 75000 150031 30.8691
110000 75000 150034 33.7468
105000 80000 150030 29.5168
110000 80000 150032 31.7246
110000 70000 150035 34.5138
115000 70000 150035 35.0901
110000 75000 150034 33.7468
115000 75000 150033 32.8667
115000 70000 150035 35.0901
120000 70000 150032 32.088
115000 75000 150033 32.8667
120000 75000 150032 31.8741
110000 75000 150034 33.7468
115000 75000 150033 32.8667
110000 80000 150032 31.7246
115000 80000 150032 31.5212
115000 75000 150033 32.8667
120000 75000 150032 31.8741
115000 80000 150032 31.5212
120000 80000 150031 30.8849
120000 70000 150032 32.088
125000 70000 150027 26.7563
120000 75000 150032 31.8741
125000 75000 150028 27.5704
125000 70000 150027 26.7563
130000 70000 150020 20.4334
125000 75000 150028 27.5704
130000 75000 150021 21.281
120000 75000 150032 31.8741
125000 75000 150028 27.5704
120000 80000 150031 30.8849
125000 80000 150027 26.6267
125000 75000 150028 27.5704
130000 75000 150021 21.281
125000 80000 150027 26.6267
130000 80000 150020 20.3064
130000 70000 150020 20.4334
135000 70000 150010 10.4774
130000 75000 150021 21.281
135000 75000 150011 10.6868
135000 70000 150010 10.4774
140000 70000 149978 -22.2591
135000 75000 150011 10.6868
140000 75000 149984 -16.4038
130000 75000 150021 21.281
135000 75000 150011 10.6868
130000 80000 150020 20.3064
135000 80000 150010 10.3664
135000 75000 150011 10.6868
140000 75000 149984 -16.4038
135000 80000 150010 10.3664
140000 80000 150008 8.31538
140000 70000 149978 -22.2591
145000 70000 149946 -53.6401
140000 75000 149984 -16.4038
145000 75000 149962 -38.3046
145000 70000 149946 -53.6401
150000 70000 149919 -81.3385
145000 75000 149962 -38.3046
150000 75000 149943 -57.2266
140000 75000 149984 -16.4038
145000 75000 149962 -38.3046
140000 80000 150008 8.31538
145000 80000 149993 -6.91408
145000 75000 149962 -38.3046
150000 75000 149943 -57.2266
145000 80000 149993 -6.91408
150000 80000 149955 -44.6382
150000 70000 149919 -81.3385
155000 70000 149877 -122.992
150000 75000 149943 -57.2266
155000 75000 149894 -106.102
155000 70000 149877 -122.992
160000 70000 149899 -100.768
155000 75000 149894 -106.102
160000 75000 149875 -125.225
150000 75000 149943 -57.2266
155000 75000 149894 -106.102
150000 80000 149955 -44.6382
155000 80000 149922 -77.9654
155000 75000 149894 -106.102
160000 75000 149875 -125.225
155000 80000 149922 -77.9654
160000 80000 149873 -126.582
0 80000 150002 2.09929
5000 80000 150002 1.83142
0 85000 150001 1.08347
5000 85000 150001 1.01079
5000 80000 150002 1.83142
10000 80000 150001 1.32674
5000 85000 150001 1.01079
10000 85000 150002 2.03121
0 85000 150001 1.08347
5000 85000 150001 1.01079
0 90000 150001 0.91657
5000 90000 150002 1.55344
5000 85000 150001 1.01079
10000 85000 150002 2.03121
5000 90000 150002 1.55344
10000 90000 150002 1.89012
10000 80000 150001 1.32674
15000 80000 150002 1.61798
10000 85000 150002 2.03121
15000 85000 150002 2.12738
15000 80000 150002 1.61798
20000 80000 150001 1.46295
15000 85000 150002 2.12738
20000 85000 150002 1.64753
10000 85000 150002 2.03121
15000 85000 150002 2.12738
10000 90000 150002 1.89012
15000 90000 150001 1.40118
15000 85000 150002 2.12738
20000 85000 150002 1.64753
15000 90000 150001 1.40118
20000 90000 150001 0.861061
20000 80000 150001 1.46295
25000 80000 150001 1.35697
20000 85000 150002 1.64753
25000 85000 150001 1.1015
25000 80000 150001 1.35697
30000 80000 150001 1.48577
25000 85000 150001 1.1015
30000 85000 150001 1.11076
20000 85000 150002 1.64753
25000 85000 150001 1.1015
20000 90000 150001 0.861061
25000 90000 150001 1.03055
25000 85000 150001 1.1015
30000 85000 150001 1.11076
25000 90000 150001 1.03055
30000 90000 150001 1.18867
30000 80000 150001 1.48577
35000 80000 150002 1.63706
30000 85000 150001 1.11076
35000 85000 150001 1.35029
35000 80000 150002 1.63706
40000 80000 150002 2.04262
35000 85000 150001 1.35029
40000 85000 150002 1.57214
30000 85000 150001 1.11076
35000 85000 150001 1.35029
30000 90000 150001 1.18867
35000 90000 150001 1.40942
35000 85000 150001 1.35029
40000 85000 150002 1.57214
35000 90000 150001 1.40942
40000 90000 150002 1.93305
40000 80000 150002 2.04262
45000 80000 150002 2.0046
40000 85000 150002 1.57214
45000 85000 150002 1.77834
45000 80000 150002 2.0046
50000 80000 150002 2.15067
45000 85000 150002 1.77834
50000 85000 150002 2.01228
40000 85000 150002 1.57214
45000 85000 150002 1.77834
40000 90000 150002 1.93305
45000 90000 150002 1.95055
45000 85000 150002 1.77834
50000 85000 150002 2.01228
45000 90000 150002 1.95055
50000 90000 150002 1.9136
50000 80000 150002 2.15067
55000 80000 150003 3.17992
50000 85000 150002 2.01228
55000 85000 150002 2.11112
55000 80000 150003 3.17992
60000 80000 150004 3.59109
55000 85000 150002 2.11112
60000 85000 150003 2.54626
50000 85000 150002 2.01228
55000 85000 150002 2.11112
50000 90000 150002 1.9136
55000 90000 150002 2.10271
55000 85000 150002 2.11112
60000 85000 150003 2.54626
55000 90000 150002 2.10271
60000 90000 150003 3.06564
60000 80000 150004 3.59109
65000 80000 150004 3.72542
60000 85000 150003 2.54626
65000 85000 150005 4.71337
65000 80000 150004 3.72542
70000 80000 150006 5.79048
65000 85000 150005 4.71337
70000 85000 150007 6.85312
60000 85000 150003 2.54626
65000 85000 150005 4.71337
60000 90000 150003 3.06564
65000 90000 150003 3.06227
65000 85000 150005 4.71337
70000 85000 150007 6.85312
65000 90000 150003 3.06227
70000 90000 150007 6.55879
70000 80000 150006 5.79048
75000 80000 150009 8.64282
70000 85000 150007 6.85312
75000 85000 150010 10.4218
75000 80000 150009 8.64282
80000 80000 150015 14.9414
75000 85000 150010 10.4218
80000 85000 150011 10.9963
70000 85000 150007 6.85312
75000 85000 150010 10.4218
70000 90000 150007 6.55879
75000 90000 150006 6.3731
75000 85000 150010 10.4218
80000 85000 150011 10.9963
75000 90000 150006 6.3731
80000 90000 150012 11.7591
80000 80000 150015 14.9414
85000 80000 150015 15.3556
80000 85000 150011 10.9963
85000 85000 150015 15.1559
85000 80000 150015 15.3556
90000 80000 150018 18.2948
85000 85000 150015 15.1559
90000 85000 150016 16.1565
80000 85000 150011 10.9963
85000 85000 150015 15.1559
80000 90000 150012 11.7591
85000 90000 150015 14.9862
85000 85000 150015 15.1559
90000 85000 150016 16.1565
85000 90000 150015 14.9862
90000 90000 150016 15.7199
90000 80000 150018 18.2948
95000 80000 150022 22.1345
90000 85000 150016 16.1565
95000 85000 150020 20.2545
95000 80000 150022 22.1345
100000 80000 150027 26.859
95000 85000 150020 20.2545
100000 85000 150023 22.972
90000 85000 150016 16.1565
95000 85000 150020 20.2545
90000 90000 150016 15.7199
95000 90000 150019 18.9306
95000 85000 150020 20.2545
100000 85000 150023 22.972
95000 90000 150019 18.9306
100000 90000 150022 22.1065
100000 80000 150027 26.859
105000 80000 150030 29.5168
100000 85000 150023 22.972
105000 85000 150027 26.7611
105000 80000 150030 29.5168
110000 80000 150032 31.7246
105000 85000 150027 26.7611
110000 85000 150028 28.1729
100000 85000 150023 22.972
105000 85000 150027 26.7611
100000 90000 150022 22.1065
105000 90000 150025 24.8629
105000 85000 150027 26.7611
110000 85000 150028 28.1729
105000 90000 150025 24.8629
110000 90000 150027 26.8632
0 90000 150001 0.91657
5000 90000 150002 1.55344
0 95000 150001 0.974124
5000 95000 150001 0.861279
5000 90000 150002 1.55344
10000 90000 150002 1.89012
5000 95000 150001 0.861279
10000 95000 150001 0.798579
0 95000 150001 0.974124
5000 95000 150001 0.861279
0 100000 150001 0.924571
5000 100000 150001 0.790254
5000 95000 150001 0.861279
10000 95000 150001 0.798579
5000 100000 150001 0.790254
10000 100000 150001 0.721531
10000 90000 150002 1.89012
15000 90000 150001 1.40118
10000 95000 150001 0.798579
15000 95000 150001 0.612354
15000 90000 150001 1.40118
20000 90000 150001 0.861061
15000 95000 150001 0.612354
20000 95000 150001 0.733282
10000 95000 150001 0.798579
15000 95000 150001 0.612354
10000 100000 150001 0.721531
15000 100000 150000 0.484172
15000 95000 150001 0.612354
20000 95000 150001 0.733282
15000 100000 150000 0.484172
20000 100000 150001 0.595748
20000 90000 150001 0.861061
25000 90000 150001 1.03055
20000 95000 150001 0.733282
25000 95000 150001 0.602929
25000 90000 150001 1.03055
30000 90000 150001 1.18867
25000 95000 150001 0.602929
30000 95000 150001 0.749151
20000 95000 150001 0.733282
25000 95000 150001 0.602929
20000 100000 150001 0.595748
25000 100000 150001 0.693058
25000 95000 150001 0.602929
30000 95000 150001 0.749151
25000 100000 150001 0.693058
30000 100000 150001 0.809825
30000 90000 150001 1.18867
35000 90000 150001 1.40942
30000 95000 150001 0.749151
35000 95000 150001 1.03827
35000 90000 150001 1.40942
40000 90000 150002 1.93305
35000 95000 150001 1.03827
40000 95000 150001 1.27779
30000 95000 150001 0.749151
35000 95000 150001 1.03827
30000 100000 150001 0.809825
35000 100000 150001 0.785465
35000 95000 150001 1.03827
40000 95000 150001 1.27779
35000 100000 150001 0.785465
40000 100000 150001 0.70207
40000 90000 150002 1.93305
45000 90000 150002 1.95055
40000 95000 150001 1.27779
45000 95000 150001 1.04919
45000 90000 150002 1.95055
50000 90000 150002 1.9136
45000 95000 150001 1.04919
50000 95000 150001 1.24939
40000 95000 150001 1.27779
45000 95000 150001 1.04919
40000 100000 150001 0.70207
45000 100000 150001 1.07515
45000 95000 150001 1.04919
50000 95000 150001 1.24939
45000 100000 150001 1.07515
50000 100000 150001 1.3078
50000 90000 150002 1.9136
55000 90000 150002 2.10271
50000 95000 150001 1.24939
55000 95000 150002 1.72762
55000 90000 150002 2.10271
60000 90000 150003 3.06564
55000 95000 150002 1.72762
60000 95000 150003 3.07238
50000 95000 150001 1.24939
55000 95000 150002 1.72762
50000 100000 150001 1.3078
55000 100000 150001 1.47361
55000 95000 150002 1.72762
60000 95000 150003 3.07238
55000 100000 150001 1.47361
60000 100000 150002 1.98327
60000 90000 150003 3.06564
65000 90000 150003 3.06227
60000 95000 150003 3.07238
65000 95000 150004 4.38179
65000 90000 150003 3.06227
70000 90000 150007 6.55879
65000 95000 150004 4.38179
70000 95000 150006 6.08864
60000 95000 150003 3.07238
65000 95000 150004 4.38179
60000 100000 150002 1.98327
65000 100000 150002 2.31388
65000 95000 150004 4.38179
70000 95000 150006 6.08864
65000 100000 150002 2.31388
70000 100000 150003 2.92099
70000 90000 150007 6.55879
75000 90000 150006 6.3731
70000 95000 150006 6.08864
75000 95000 150008 7.52002
75000 90000 150006 6.3731
80000 90000 150012 11.7591
75000 95000 150008 7.52002
80000 95000 150011 11.3487
70000 95000 150006 6.08864
75000 95000 150008 7.52002
70000 100000 150003 2.92099
75000 100000 150007 7.06366
75000 95000 150008 7.52002
80000 95000 150011 11.3487
75000 100000 150007 7.06366
80000 100000 150006 6.34154
80000 90000 150012 11.7591
85000 90000 150015 14.9862
80000 95000 150011 11.3487
85000 95000 150014 14.0454
85000 90000 150015 14.9862
90000 90000 150016 15.7199
85000 95000 150014 14.0454
90000 95000 150016 16.4981
80000 95000 150011 11.3487
85000 95000 150014 14.0454
80000 100000 150006 6.34154
85000 100000 150011 11.4681
85000 95000 150014 14.0454
90000 95000 150016 16.4981
85000 100000 150011 11.4681
90000 100000 150011 11.4237
90000 90000 150016 15.7199
95000 90000 150019 18.9306
90000 95000 150016 16.4981
95000 95000 150018 18.0794
95000 90000 150019 18.9306
100000 90000 150022 22.1065
95000 95000 150018 18.0794
100000 95000 150020 20.0869
90000 95000 150016 16.4981
95000 95000 150018 18.0794
90000 100000 150011 11.4237
95000 100000 150015 14.5219
95000 95000 150018 18.0794
100000 95000 150020 20.0869
95000 100000 150015 14.5219
100000 100000 150020 20.2263
0 100000 150001 0.924571
5000 100000 150001 0.790254
0 105000 150001 0.967627
5000 105000 150001 0.56959
5000 100000 150001 0.790254
10000 100000 150001 0.721531
5000 105000 150001 0.56959
10000 105000 150000 0.131194
0 105000 150001 0.967627
5000 105000 150001 0.56959
0 110000 150001 0.888351
5000 110000 150001 0.569669
5000 105000 150001 0.56959
10000 105000 150000 0.131194
5000 110000 150001 0.569669
10000 110000 150000 -0.476196
10000 100000 150001 0.721531
15000 100000 150000 0.484172
10000 105000 150000 0.131194
15000 105000 150000 -0.386712
15000 100000 150000 0.484172
20000 100000 150001 0.595748
15000 105000 150000 -0.386712
20000 105000 150000 0.361819
10000 105000 150000 0.131194
15000 105000 150000 -0.386712
10000 110000 150000 -0.476196
15000 110000 149999 -0.649278
15000 105000 150000 -0.386712
20000 105000 150000 0.361819
15000 110000 149999 -0.649278
20000 110000 150000 -0.456738
20000 100000 150001 0.595748
25000 100000 150001 0.693058
20000 105000 150000 0.361819
25000 105000 150000 0.112638
25000 100000 150001 0.693058
30000 100000 150001 0.809825
25000 105000 150000 0.112638
30000 105000 150000 0.137092
20000 105000 150000 0.361819
25000 105000 150000 0.112638
20000 110000 150000 -0.456738
25000 110000 150000 0.186714
25000 105000 150000 0.112638
30000 105000 150000 0.137092
25000 110000 150000 0.186714
30000 110000 150001 0.993413
30000 100000 150001 0.809825
35000 100000 150001 0.785465
30000 105000 150000 0.137092
35000 105000 150000 0.374454
35000 100000 150001 0.785465
40000 100000 150001 0.70207
35000 105000 150000 0.374454
40000 105000 150001 0.777858
30000 105000 150000 0.137092
35000 105000 150000 0.374454
30000 110000 150001 0.993413
35000 110000 150001 0.632891
35000 105000 150000 0.374454
40000 105000 150001 0.777858
35000 110000 150001 0.632891
40000 110000 150001 0.89711
40000 100000 150001 0.70207
45000 100000 150001 1.07515
40000 105000 150001 0.777858
45000 105000 150001 1.01439
45000 100000 150001 1.07515
50000 100000 150001 1.3078
45000 105000 150001 1.01439
50000 105000 150001 1.20219
40000 105000 150001 0.777858
45000 105000 150001 1.01439
40000 110000 150001 0.89711
45000 110000 150001 0.900239
45000 105000 150001 1.01439
50000 105000 150001 1.20219
45000 110000 150001 0.900239
50000 110000 150001 1.03549
50000 100000 150001 1.3078
55000 100000 150001 1.47361
50000 105000 150001 1.20219
55000 105000 150001 1.47462
55000 100000 150001 1.47361
60000 100000 150002 1.98327
55000 105000 150001 1.47462
60000 105000 150003 2.5417
50000 105000 150001 1.20219
55000 105000 150001 1.47462
50000 110000 150001 1.03549
55000 110000 150001 1.32682
55000 105000 150001 1.47462
60000 105000 150003 2.5417
55000 110000 150001 1.32682
60000 110000 150002 2.31569
60000 100000 150002 1.98327
65000 100000 150002 2.31388
60000 105000 150003 2.5417
65000 105000 150003 3.47285
65000 100000 150002 2.31388
70000 100000 150003 2.92099
65000 105000 150003 3.47285
70000 105000 150006 5.86372
60000 105000 150003 2.5417
65000 105000 150003 3.47285
60000 110000 150002 2.31569
65000 110000 150003 2.78033
65000 105000 150003 3.47285
70000 105000 150006 5.86372
65000 110000 150003 2.78033
70000 110000 150005 5.28522
70000 100000 150003 2.92099
75000 100000 150007 7.06366
70000 105000 150006 5.86372
75000 105000 150009 8.97185
75000 100000 150007 7.06366
80000 100000 150006 6.34154
75000 105000 150009 8.97185
80000 105000 150012 12.0814
70000 105000 150006 5.86372
75000 105000 150009 8.97185
70000 110000 150005 5.28522
75000 110000 150008 8.21355
75000 105000 150009 8.97185
80000 105000 150012 12.0814
75000 110000 150008 8.21355
80000 110000 150010 10.3234
0 110000 150001 0.888351
5000 110000 150001 0.569669
0 115000 150001 1.41966
5000 115000 150000 0.0695904
5000 110000 150001 0.569669
10000 110000 150000 -0.476196
5000 115000 150000 0.0695904
10000 115000 150000 -0.418989
0 115000 150001 1.41966
5000 115000 150000 0.0695904
0 120000 150001 0.843147
5000 120000 150000 -0.115386
5000 115000 150000 0.0695904
10000 115000 150000 -0.418989
5000 120000 150000 -0.115386
10000 120000 149999 -1.30175
10000 110000 150000 -0.476196
15000 110000 149999 -0.649278
10000 115000 150000 -0.418989
15000 115000 150000 0.04924
15000 110000 149999 -0.649278
20000 110000 150000 -0.456738
15000 115000 150000 0.04924
20000 115000 150000 0.269659
10000 115000 150000 -0.418989
15000 115000 150000 0.04924
10000 120000 149999 -1.30175
15000 120000 149999 -0.998009
15000 115000 150000 0.04924
20000 115000 150000 0.269659
15000 120000 149999 -0.998009
20000 120000 150000 0.0823864
20000 110000 150000 -0.456738
25000 110000 150000 0.186714
20000 115000 150000 0.269659
25000 115000 150001 0.8521
25000 110000 150000 0.186714
30000 110000 150001 0.993413
25000 115000 150001 0.8521
30000 115000 150001 0.810983
20000 115000 150000 0.269659
25000 115000 150001 0.8521
20000 120000 150000 0.0823864
25000 120000 150001 1.11938
25000 115000 150001 0.8521
30000 115000 150001 0.810983
25000 120000 150001 1.11938
30000 120000 150001 1.36589
30000 110000 150001 0.993413
35000 110000 150001 0.632891
30000 115000 150001 0.810983
35000 115000 150001 0.815482
35000 110000 150001 0.632891
40000 110000 150001 0.89711
35000 115000 150001 0.815482
40000 115000 150001 0.818982
30000 115000 150001 0.810983
35000 115000 150001 0.815482
30000 120000 150001 1.36589
35000 120000 150001 0.967442
35000 115000 150001 0.815482
40000 115000 150001 0.818982
35000 120000 150001 0.967442
40000 120000 150000 0.499648
40000 110000 150001 0.89711
45000 110000 150001 0.900239
40000 115000 150001 0.818982
45000 115000 150001 0.765849
45000 110000 150001 0.900239
50000 110000 150001 1.03549
45000 115000 150001 0.765849
50000 115000 150001 0.870419
40000 115000 150001 0.818982
45000 115000 150001 0.765849
40000 120000 150000 0.499648
45000 120000 150001 0.56798
45000 115000 150001 0.765849
50000 115000 150001 0.870419
45000 120000 150001 0.56798
50000 120000 150001 0.864667
50000 110000 150001 1.03549
55000 110000 150001 1.32682
50000 115000 150001 0.870419
55000 115000 150001 1.10009
55000 110000 150001 1.32682
60000 110000 150002 2.31569
55000 115000 150001 1.10009
60000 115000 150002 1.58224
50000 115000 150001 0.870419
55000 115000 150001 1.10009
50000 120000 150001 0.864667
55000 120000 150001 1.11357
55000 115000 150001 1.10009
60000 115000 150002 1.58224
55000 120000 150001 1.11357
60000 120000 150002 1.8793
60000 110000 150002 2.31569
65000 110000 150003 2.78033
60000 115000 150002 1.58224
65000 115000 150003 3.17479
65000 110000 150003 2.78033
70000 110000 150005 5.28522
65000 115000 150003 3.17479
70000 115000 150003 3.47469
60000 115000 150002 1.58224
65000 115000 150003 3.17479
60000 120000 150002 1.8793
65000 120000 150004 3.93811
65000 115000 150003 3.17479
70000 115000 150003 3.47469
65000 120000 150004 3.93811
70000 120000 150007 6.96355
70000 110000 150005 5.28522
75000 110000 150008 8.21355
70000 115000 150003 3.47469
75000 115000 150006 6.46792
75000 110000 150008 8.21355
80000 110000 150010 10.3234
75000 115000 150006 6.46792
80000 115000 150010 9.68792
70000 115000 150003 3.47469
75000 115000 150006 6.46792
70000 120000 150007 6.96355
75000 120000 150009 9.12829
75000 115000 150006 6.46792
80000 115000 150010 9.68792
75000 120000 150009 9.12829
80000 120000 150009 8.96418
160000 0 150004 3.67787
165000 0 150011 10.9408
160000 5000 150004 3.61169
165000 5000 150011 10.6909
165000 0 150011 10.9408
170000 0 150017 17.4865
165000 5000 150011 10.6909
170000 5000 150018 17.6835
160000 5000 150004 3.61169
165000 5000 150011 10.6909
160000 10000 150007 7.10693
165000 10000 150014 13.544
165000 5000 150011 10.6909
170000 5000 150018 17.6835
165000 10000 150014 13.544
170000 10000 150019 18.5618
170000 0 150017 17.4865
175000 0 150019 18.712
170000 5000 150018 17.6835
175000 5000 150019 19.4528
175000 0 150019 18.712
180000 0 150020 19.5357
175000 5000 150019 19.4528
180000 5000 150020 19.9115
170000 5000 150018 17.6835
175000 5000 150019 19.4528
170000 10000 150019 18.5618
175000 10000 150021 21.2894
175000 5000 150019 19.4528
180000 5000 150020 19.9115
175000 10000 150021 21.2894
180000 10000 150019 19.394
180000 0 150020 19.5357
185000 0 150018 18.0162
180000 5000 150020 19.9115
185000 5000 150018 18.1566
185000 0 150018 18.0162
190000 0 150017 16.8821
185000 5000 150018 18.1566
190000 5000 150015 14.7221
180000 5000 150020 19.9115
185000 5000 150018 18.1566
180000 10000 150019 19.394
185000 10000 150019 18.8903
185000 5000 150018 18.1566
190000 5000 150015 14.7221
185000 10000 150019 18.8903
190000 10000 150017 17.1955
190000 0 150017 16.8821
195000 0 150016 15.7958
190000 5000 150015 14.7221
195000 5000 150014 14.355
195000 0 150016 15.7958
200000 0 150013 13.3365
195000 5000 150014 14.355
200000 5000 150012 11.6322
190000 5000 150015 14.7221
195000 5000 150014 14.355
190000 10000 150017 17.1955
195000 10000 150012 12.0016
195000 5000 150014 14.355
200000 5000 150012 11.6322
195000 10000 150012 12.0016
200000 10000 150012 11.736
200000 0 150013 13.3365
205000 0 150009 8.96562
200000 5000 150012 11.6322
205000 5000 150008 7.96368
205000 0 150009 8.96562
210000 0 150006 5.58639
205000 5000 150008 7.96368
210000 5000 150005 4.73268
200000 5000 150012 11.6322
205000 5000 150008 7.96368
200000 10000 150012 11.736
205000 10000 150008 8.37849
205000 5000 150008 7.96368
210000 5000 150005 4.73268
205000 10000 150008 8.37849
210000 10000 150003 3.49603
210000 0 150006 5.58639
215000 0 150003 2.68454
210000 5000 150005 4.73268
215000 5000 150001 0.653381
215000 0 150003 2.68454
220000 0 150000 -0.225649
215000 5000 150001 0.653381
220000 5000 149997 -3.43227
210000 5000 150005 4.73268
215000 5000 150001 0.653381
210000 10000 150003 3.49603
215000 10000 150000 -0.0553673
215000 5000 150001 0.653381
220000 5000 149997 -3.43227
215000 10000 150000 -0.0553673
220000 10000 149994 -5.76963
220000 0 150000 -0.225649
225000 0 149996 -3.72798
220000 5000 149997 -3.43227
225000 5000 149992 -8.15881
225000 0 149996 -3.72798
230000 0 149994 -6.00061
225000 5000 149992 -8.15881
230000 5000 149991 -9.31938
220000 5000 149997 -3.43227
225000 5000 149992 -8.15881
220000 10000 149994 -5.76963
225000 10000 149996 -3.88572
225000 5000 149992 -8.15881
230000 5000 149991 -9.31938
225000 10000 149996 -3.88572
230000 10000 149995 -5.34019
230000 0 149994 -6.00061
235000 0 149993 -6.83825
230000 5000 149991 -9.31938
235000 5000 149991 -8.83061
235000 0 149993 -6.83825
240000 0 149993 -7.49149
235000 5000 149991 -8.83061
240000 5000 149991 -8.54423
230000 5000 149991 -9.31938
235000 5000 149991 -8.83061
230000 10000 149995 -5.34019
235000 10000 149992 -7.65345
235000 5000 149991 -8.83061
240000 5000 149991 -8.54423
235000 10000 149992 -7.65345
240000 10000 149989 -11.2606
160000 10000 150007 7.10693
165000 10000 150014 13.544
160000 15000 150008 8.45125
165000 15000 150014 14.1591
165000 10000 150014 13.544
170000 10000 150019 18.5618
165000 15000 150014 14.1591
170000 15000 150019 19.1007
160000 15000 150008 8.45125
165000 15000 150014 14.1591
160000 20000 150002 2.30627
165000 20000 150012 11.6862
165000 15000 150014 14.1591
170000 15000 150019 19.1007
165000 20000 150012 11.6862
170000 20000 150017 17.2774
170000 10000 150019 18.5618
175000 10000 150021 21.2894
170000 15000 150019 19.1007
175000 15000 150021 21.4947
175000 10000 150021 21.2894
180000 10000 150019 19.394
175000 15000 150021 21.4947
180000 15000 150022 21.7764
170000 15000 150019 19.1007
175000 15000 150021 21.4947
170000 20000 150017 17.2774
175000 20000 150022 21.7601
175000 15000 150021 21.4947
180000 15000 150022 21.7764
175000 20000 150022 21.7601
180000 20000 150023 23.4328
180000 10000 150019 19.394
185000 10000 150019 18.8903
180000 15000 150022 21.7764
185000 15000 150021 20.9236
185000 10000 150019 18.8903
190000 10000 150017 17.1955
185000 15000 150021 20.9236
190000 15000 150018 17.8187
180000 15000 150022 21.7764
185000 15000 150021 20.9236
180000 20000 150023 23.4328
185000 20000 150023 23.3992
185000 15000 150021 20.9236
190000 15000 150018 17.8187
185000 20000 150023 23.3992
190000 20000 150021 20.8648
190000 10000 150017 17.1955
195000 10000 150012 12.0016
190000 15000 150018 17.8187
195000 15000 150016 16.0858
195000 10000 150012 12.0016
200000 10000 150012 11.736
195000 15000 150016 16.0858
200000 15000 150011 10.9653
190000 15000 150018 17.8187
195000 15000 150016 16.0858
190000 20000 150021 20.8648
195000 20000 150016 15.9346
195000 15000 150016 16.0858
200000 15000 150011 10.9653
195000 20000 150016 15.9346
200000 20000 150010 9.75281
200000 10000 150012 11.736
205000 10000 150008 8.37849
200000 15000 150011 10.9653
205000 15000 150007 7.38131
205000 10000 150008 8.37849
210000 10000 150003 3.49603
205000 15000 150007 7.38131
210000 15000 150004 4.06263
200000 15000 150011 10.9653
205000 15000 150007 7.38131
200000 20000 150010 9.75281
205000 20000 150007 6.62099
205000 15000 150007 7.38131
210000 15000 150004 4.06263
205000 20000 150007 6.62099
210000 20000 150005 5.44875
210000 10000 150003 3.49603
215000 10000 150000 -0.0553673
210000 15000 150004 4.06263
215000 15000 149998 -2.12008
215000 10000 150000 -0.0553673
220000 10000 149994 -5.76963
215000 15000 149998 -2.12008
220000 15000 149999 -0.894908
210000 15000 150004 4.06263
215000 15000 149998 -2.12008
210000 20000 150005 5.44875
215000 20000 150004 3.7465
215000 15000 149998 -2.12008
220000 15000 149999 -0.894908
215000 20000 150004 3.7465
220000 20000 150000 0.439877
220000 10000 149994 -5.76963
225000 10000 149996 -3.88572
220000 15000 149999 -0.894908
225000 15000 149996 -3.58195
225000 10000 149996 -3.88572
230000 10000 149995 -5.34019
225000 15000 149996 -3.58195
230000 15000 149994 -5.53665
220000 15000 149999 -0.894908
225000 15000 149996 -3.58195
220000 20000 150000 0.439877
225000 20000 149997 -3.13993
225000 15000 149996 -3.58195
230000 15000 149994 -5.53665
225000 20000 149997 -3.13993
230000 20000 149993 -6.57794
230000 10000 149995 -5.34019
235000 10000 149992 -7.65345
230000 15000 149994 -5.53665
235000 15000 149992 -7.51801
235000 10000 149992 -7.65345
240000 10000 149989 -11.2606
235000 15000 149992 -7.51801
240000 15000 149990 -9.63829
230000 15000 149994 -5.53665
235000 15000 149992 -7.51801
230000 20000 149993 -6.57794
235000 20000 149992 -7.69125
235000 15000 149992 -7.51801
240000 15000 149990 -9.63829
235000 20000 149992 -7.69125
240000 20000 149991 -8.60596
160000 20000 150002 2.30627
165000 20000 150012 11.6862
160000 25000 150001 0.922779
165000 25000 150008 8.19942
165000 20000 150012 11.6862
170000 20000 150017 17.2774
165000 25000 150008 8.19942
170000 25000 150016 15.769
160000 25000 150001 0.922779
165000 25000 150008 8.19942
160000 30000 150010 9.84494
165000 30000 150015 15.2803
165000 25000 150008 8.19942
170000 25000 150016 15.769
165000 30000 150015 15.2803
170000 30000 150019 19.3003
170000 20000 150017 17.2774
175000 20000 150022 21.7601
170000 25000 150016 15.769
175000 25000 150022 21.6589
175000 20000 150022 21.7601
180000 20000 150023 23.4328
175000 25000 150022 21.6589
180000 25000 150024 23.9729
170000 25000 150016 15.769
175000 25000 150022 21.6589
170000 30000 150019 19.3003
175000 30000 150023 22.7265
175000 25000 150022 21.6589
180000 25000 150024 23.9729
175000 30000 150023 22.7265
180000 30000 150025 24.8605
180000 20000 150023 23.4328
185000 20000 150023 23.3992
180000 25000 150024 23.9729
185000 25000 150025 24.5564
185000 20000 150023 23.3992
190000 20000 150021 20.8648
185000 25000 150025 24.5564
190000 25000 150021 20.7251
180000 25000 150024 23.9729
185000 25000 150025 24.5564
180000 30000 150025 24.8605
185000 30000 150027 26.6805
185000 25000 150025 24.5564
190000 25000 150021 20.7251
185000 30000 150027 26.6805
190000 30000 150023 23.2524
190000 20000 150021 20.8648
195000 20000 150016 15.9346
190000 25000 150021 20.7251
195000 25000 150016 16.3507
195000 20000 150016 15.9346
200000 20000 150010 9.75281
195000 25000 150016 16.3507
200000 25000 150014 13.8237
190000 25000 150021 20.7251
195000 25000 150016 16.3507
190000 30000 150023 23.2524
195000 30000 150019 18.7913
195000 25000 150016 16.3507
200000 25000 150014 13.8237
195000 30000 150019 18.7913
200000 30000 150015 14.7222
200000 20000 150010 9.75281
205000 20000 150007 6.62099
200000 25000 150014 13.8237
205000 25000 150011 11.2559
205000 20000 150007 6.62099
210000 20000 150005 5.44875
205000 25000 150011 11.2559
210000 25000 150008 8.17104
200000 25000 150014 13.8237
205000 25000 150011 11.2559
200000 30000 150015 14.7222
205000 30000 150010 9.94732
205000 25000 150011 11.2559
210000 25000 150008 8.17104
205000 30000 150010 9.94732
210000 30000 150006 5.64013
210000 20000 150005 5.44875
215000 20000 150004 3.7465
210000 25000 150008 8.17104
215000 25000 150005 4.62539
215000 20000 150004 3.7465
220000 20000 150000 0.439877
215000 25000 150005 4.62539
220000 25000 150002 1.55639
210000 25000 150008 8.17104
215000 25000 150005 4.62539
210000 30000 150006 5.64013
215000 30000 150004 3.76675
215000 25000 150005 4.62539
220000 25000 150002 1.55639
215000 30000 150004 3.76675
220000 30000 150000 -0.181411
220000 20000 150000 0.439877
225000 20000 149997 -3.13993
220000 25000 150002 1.55639
225000 25000 149997 -3.14698
225000 20000 149997 -3.13993
230000 20000 149993 -6.57794
225000 25000 149997 -3.14698
230000 25000 149994 -5.84907
220000 25000 150002 1.55639
225000 25000 149997 -3.14698
220000 30000 150000 -0.181411
225000 30000 149998 -2.27394
225000 25000 149997 -3.14698
230000 25000 149994 -5.84907
225000 30000 149998 -2.27394
230000 30000 149993 -6.64084
230000 20000 149993 -6.57794
235000 20000 149992 -7.69125
230000 25000 149994 -5.84907
235000 25000 149993 -7.13248
235000 20000 149992 -7.69125
240000 20000 149991 -8.60596
235000 25000 149993 -7.13248
240000 25000 149991 -8.6983
230000 25000 149994 -5.84907
235000 25000 149993 -7.13248
230000 30000 149993 -6.64084
235000 30000 149993 -7.18146
235000 25000 149993 -7.13248
240000 25000 149991 -8.6983
235000 30000 149993 -7.18146
240000 30000 149992 -8.35639
160000 30000 150010 9.84494
165000 30000 150015 15.2803
160000 35000 150012 11.5506
165000 35000 150014 14.4366
165000 30000 150015 15.2803
170000 30000 150019 19.3003
165000 35000 150014 14.4366
170000 35000 150019 19.3936
160000 35000 150012 11.5506
165000 35000 150014 14.4366
160000 40000 149986 -14.2785
165000 40000 150005 5.16879
165000 35000 150014 14.4366
170000 35000 150019 19.3936
165000 40000 150005 5.16879
170000 40000 150018 17.6957
170000 30000 150019 19.3003
175000 30000 150023 22.7265
170000 35000 150019 19.3936
175000 35000 150025 24.8086
175000 30000 150023 22.7265
180000 30000 150025 24.8605
175000 35000 150025 24.8086
180000 35000 150027 26.6267
170000 35000 150019 19.3936
175000 35000 150025 24.8086
170000 40000 150018 17.6957
175000 40000 150023 22.8573
175000 35000 150025 24.8086
180000 35000 150027 26.6267
175000 40000 150023 22.8573
180000 40000 150027 26.7397
180000 30000 150025 24.8605
185000 30000 150027 26.6805
180000 35000 150027 26.6267
185000 35000 150027 27.0064
185000 30000 150027 26.6805
190000 30000 150023 23.2524
185000 35000 150027 27.0064
190000 35000 150025 25.0301
180000 35000 150027 26.6267
185000 35000 150027 27.0064
180000 40000 150027 26.7397
185000 40000 150029 28.6833
185000 35000 150027 27.0064
190000 35000 150025 25.0301
185000 40000 150029 28.6833
190000 40000 150028 27.5027
190000 30000 150023 23.2524
195000 30000 150019 18.7913
190000 35000 150025 25.0301
195000 35000 150021 21.3226
195000 30000 150019 18.7913
200000 30000 150015 14.7222
195000 35000 150021 21.3226
200000 35000 150016 16.0048
190000 35000 150025 25.0301
195000 35000 150021 21.3226
190000 40000 150028 27.5027
195000 40000 150022 21.9751
195000 35000 150021 21.3226
200000 35000 150016 16.0048
195000 40000 150022 21.9751
200000 40000 150019 19.3883
200000 30000 150015 14.7222
205000 30000 150010 9.94732
200000 35000 150016 16.0048
205000 35000 150014 13.7083
205000 30000 150010 9.94732
210000 30000 150006 5.64013
205000 35000 150014 13.7083
210000 35000 150006 5.84811
200000 35000 150016 16.0048
205000 35000 150014 13.7083
200000 40000 150019 19.3883
205000 40000 150014 13.7364
205000 35000 150014 13.7083
210000 35000 150006 5.84811
205000 40000 150014 13.7364
210000 40000 150010 9.7216
210000 30000 150006 5.64013
215000 30000 150004 3.76675
210000 35000 150006 5.84811
215000 35000 150002 1.83403
215000 30000 150004 3.76675
220000 30000 150000 -0.181411
215000 35000 150002 1.83403
220000 35000 150001 0.950258
210000 35000 150006 5.84811
215000 35000 150002 1.83403
210000 40000 150010 9.7216
215000 40000 150006 5.72891
215000 35000 150002 1.83403
220000 35000 150001 0.950258
215000 40000 150006 5.72891
220000 40000 150001 1.24858
220000 30000 150000 -0.181411
225000 30000 149998 -2.27394
220000 35000 150001 0.950258
225000 35000 149999 -1.37931
225000 30000 149998 -2.27394
230000 30000 149993 -6.64084
225000 35000 149999 -1.37931
230000 35000 149997 -3.1488
220000 35000 150001 0.950258
225000 35000 149999 -1.37931
220000 40000 150001 1.24858
225000 40000 149998 -1.68743
225000 35000 149999 -1.37931
230000 35000 149997 -3.1488
225000 40000 149998 -1.68743
230000 40000 149996 -3.79173
230000 30000 149993 -6.64084
235000 30000 149993 -7.18146
230000 35000 149997 -3.1488
235000 35000 149995 -5.388
235000 30000 149993 -7.18146
240000 30000 149992 -8.35639
235000 35000 149995 -5.388
240000 35000 149992 -8.11895
230000 35000 149997 -3.1488
235000 35000 149995 -5.388
230000 40000 149996 -3.79173
235000 40000 149993 -6.77974
235000 35000 149995 -5.388
240000 35000 149992 -8.11895
235000 40000 149993 -6.77974
240000 40000 149992 -8.3821
160000 40000 149986 -14.2785
165000 40000 150005 5.16879
160000 45000 150002 2.18737
165000 45000 150014 13.8544
165000 40000 150005 5.16879
170000 40000 150018 17.6957
165000 45000 150014 13.8544
170000 45000 150017 16.5675
160000 45000 150002 2.18737
165000 45000 150014 13.8544
160000 50000 149974 -25.6786
165000 50000 149992 -7.92519
165000 45000 150014 13.8544
170000 45000 150017 16.5675
165000 50000 149992 -7.92519
170000 50000 150013 12.73
170000 40000 150018 17.6957
175000 40000 150023 22.8573
170000 45000 150017 16.5675
175000 45000 150022 22.1134
175000 40000 150023 22.8573
180000 40000 150027 26.7397
175000 45000 150022 22.1134
180000 45000 150026 26.2065
170000 45000 150017 16.5675
175000 45000 150022 22.1134
170000 50000 150013 12.73
175000 50000 150022 22.2513
175000 45000 150022 22.1134
180000 45000 150026 26.2065
175000 50000 150022 22.2513
180000 50000 150027 26.8793
180000 40000 150027 26.7397
185000 40000 150029 28.6833
180000 45000 150026 26.2065
185000 45000 150029 29.3273
185000 40000 150029 28.6833
190000 40000 150028 27.5027
185000 45000 150029 29.3273
190000 45000 150027 27.2709
180000 45000 150026 26.2065
185000 45000 150029 29.3273
180000 50000 150027 26.8793
185000 50000 150030 29.6081
185000 45000 150029 29.3273
190000 45000 150027 27.2709
185000 50000 150030 29.6081
190000 50000 150030 29.7255
190000 40000 150028 27.5027
195000 40000 150022 21.9751
190000 45000 150027 27.2709
195000 45000 150026 25.7296
195000 40000 150022 21.9751
200000 40000 150019 19.3883
195000 45000 150026 25.7296
200000 45000 150021 20.5602
190000 45000 150027 27.2709
195000 45000 150026 25.7296
190000 50000 150030 29.7255
195000 50000 150027 27.4271
195000 45000 150026 25.7296
200000 45000 150021 20.5602
195000 50000 150027 27.4271
200000 50000 150024 23.9793
200000 40000 150019 19.3883
205000 40000 150014 13.7364
200000 45000 150021 20.5602
205000 45000 150015 15.013
205000 40000 150014 13.7364
210000 40000 150010 9.7216
205000 45000 150015 15.013
210000 45000 150010 10.3259
200000 45000 150021 20.5602
205000 45000 150015 15.013
200000 50000 150024 23.9793
205000 50000 150020 19.5664
205000 45000 150015 15.013
210000 45000 150010 10.3259
205000 50000 150020 19.5664
210000 50000 150013 12.8052
210000 40000 150010 9.7216
215000 40000 150006 5.72891
210000 45000 150010 10.3259
215000 45000 150007 6.56208
215000 40000 150006 5.72891
220000 40000 150001 1.24858
215000 45000 150007 6.56208
220000 45000 150005 5.37155
210000 45000 150010 10.3259
215000 45000 150007 6.56208
210000 50000 150013 12.8052
215000 50000 150006 5.50163
215000 45000 150007 6.56208
220000 45000 150005 5.37155
215000 50000 150006 5.50163
220000 50000 150001 0.822527
220000 40000 150001 1.24858
225000 40000 149998 -1.68743
220000 45000 150005 5.37155
225000 45000 150002 1.58602
225000 40000 149998 -1.68743
230000 40000 149996 -3.79173
225000 45000 150002 1.58602
230000 45000 149997 -3.34215
220000 45000 150005 5.37155
225000 45000 150002 1.58602
220000 50000 150001 0.822527
225000 50000 150000 0.354907
225000 45000 150002 1.58602
230000 45000 149997 -3.34215
225000 50000 150000 0.354907
230000 50000 149994 -5.95366
230000 40000 149996 -3.79173
235000 40000 149993 -6.77974
230000 45000 149997 -3.34215
235000 45000 149993 -6.85133
235000 40000 149993 -6.77974
240000 40000 149992 -8.3821
235000 45000 149993 -6.85133
240000 45000 149990 -9.66238
230000 45000 149997 -3.34215
235000 45000 149993 -6.85133
230000 50000 149994 -5.95366
235000 50000 149994 -6.46071
235000 45000 149993 -6.85133
240000 45000 149990 -9.66238
235000 50000 149994 -6.46071
240000 50000 149993 -7.40694
160000 50000 149974 -25.6786
165000 50000 149992 -7.92519
160000 55000 149963 -37.2808
165000 55000 149990 -9.69424
165000 50000 149992 -7.92519
170000 50000 150013 12.73
165000 55000 149990 -9.69424
170000 55000 150010 10.3038
160000 55000 149963 -37.2808
165000 55000 149990 -9.69424
160000 60000 149945 -54.5471
165000 60000 149983 -16.8626
165000 55000 149990 -9.69424
170000 55000 150010 10.3038
165000 60000 149983 -16.8626
170000 60000 149992 -7.69966
170000 50000 150013 12.73
175000 50000 150022 22.2513
170000 55000 150010 10.3038
175000 55000 150018 17.5725
175000 50000 150022 22.2513
180000 50000 150027 26.8793
175000 55000 150018 17.5725
180000 55000 150025 24.8257
170000 55000 150010 10.3038
175000 55000 150018 17.5725
170000 60000 149992 -7.69966
175000 60000 150022 21.753
175000 55000 150018 17.5725
180000 55000 150025 24.8257
175000 60000 150022 21.753
180000 60000 150027 26.9802
180000 50000 150027 26.8793
185000 50000 150030 29.6081
180000 55000 150025 24.8257
185000 55000 150030 29.5326
185000 50000 150030 29.6081
190000 50000 150030 29.7255
185000 55000 150030 29.5326
190000 55000 150032 31.5083
180000 55000 150025 24.8257
185000 55000 150030 29.5326
180000 60000 150027 26.9802
185000 60000 150029 28.8085
185000 55000 150030 29.5326
190000 55000 150032 31.5083
185000 60000 150029 28.8085
190000 60000 150031 31.0123
190000 50000 150030 29.7255
195000 50000 150027 27.4271
190000 55000 150032 31.5083
195000 55000 150030 29.5773
195000 50000 150027 27.4271
200000 50000 150024 23.9793
195000 55000 150030 29.5773
200000 55000 150024 23.977
190000 55000 150032 31.5083
195000 55000 150030 29.5773
190000 60000 150031 31.0123
195000 60000 150029 29.3158
195000 55000 150030 29.5773
200000 55000 150024 23.977
195000 60000 150029 29.3158
200000 60000 150023 23.3146
200000 50000 150024 23.9793
205000 50000 150020 19.5664
200000 55000 150024 23.977
205000 55000 150018 17.5586
205000 50000 150020 19.5664
210000 50000 150013 12.8052
205000 55000 150018 17.5586
210000 55000 150011 10.9055
200000 55000 150024 23.977
205000 55000 150018 17.5586
200000 60000 150023 23.3146
205000 60000 150021 21.3479
205000 55000 150018 17.5586
210000 55000 150011 10.9055
205000 60000 150021 21.3479
210000 60000 150018 18.266
210000 50000 150013 12.8052
215000 50000 150006 5.50163
210000 55000 150011 10.9055
215000 55000 150012 11.7955
215000 50000 150006 5.50163
220000 50000 150001 0.822527
215000 55000 150012 11.7955
220000 55000 150007 7.24267
210000 55000 150011 10.9055
215000 55000 150012 11.7955
210000 60000 150018 18.266
215000 60000 150014 13.9475
215000 55000 150012 11.7955
220000 55000 150007 7.24267
215000 60000 150014 13.9475
220000 60000 150008 7.70626
220000 50000 150001 0.822527
225000 50000 150000 0.354907
220000 55000 150007 7.24267
225000 55000 150000 -0.210769
225000 50000 150000 0.354907
230000 50000 149994 -5.95366
225000 55000 150000 -0.210769
230000 55000 149998 -1.64575
220000 55000 150007 7.24267
225000 55000 150000 -0.210769
220000 60000 150008 7.70626
225000 60000 150003 3.17564
225000 55000 150000 -0.210769
230000 55000 149998 -1.64575
225000 60000 150003 3.17564
230000 60000 150000 -0.205471
230000 50000 149994 -5.95366
235000 50000 149994 -6.46071
230000 55000 149998 -1.64575
235000 55000 149995 -4.68542
235000 50000 149994 -6.46071
240000 50000 149993 -7.40694
235000 55000 149995 -4.68542
240000 55000 149993 -7.46353
230000 55000 149998 -1.64575
235000 55000 149995 -4.68542
230000 60000 150000 -0.205471
235000 60000 149996 -3.93327
235000 55000 149995 -4.68542
240000 55000 149993 -7.46353
235000 60000 149996 -3.93327
240000 60000 149993 -6.91059
160000 60000 149945 -54.5471
165000 60000 149983 -16.8626
160000 65000 149933 -67.3936
165000 65000 149951 -49.448
165000 60000 149983 -16.8626
170000 60000 149992 -7.69966
165000 65000 149951 -49.448
170000 65000 150000 -0.383222
160000 65000 149933 -67.3936
165000 65000 149951 -49.448
160000 70000 149899 -100.768
165000 70000 149943 -57.1665
165000 65000 149951 -49.448
170000 65000 150000 -0.383222
165000 70000 149943 -57.1665
170000 70000 149984 -16.4455
170000 60000 149992 -7.69966
175000 60000 150022 21.753
170000 65000 150000 -0.383222
175000 65000 150025 24.6075
175000 60000 150022 21.753
180000 60000 150027 26.9802
175000 65000 150025 24.6075
180000 65000 150029 28.8298
170000 65000 150000 -0.383222
175000 65000 150025 24.6075
170000 70000 149984 -16.4455
175000 70000 150007 6.81262
175000 65000 150025 24.6075
180000 65000 150029 28.8298
175000 70000 150007 6.81262
180000 70000 150025 25.3545
180000 60000 150027 26.9802
185000 60000 150029 28.8085
180000 65000 150029 28.8298
185000 65000 150030 30.4167
185000 60000 150029 28.8085
190000 60000 150031 31.0123
185000 65000 150030 30.4167
190000 65000 150032 31.8957
180000 65000 150029 28.8298
185000 65000 150030 30.4167
180000 70000 150025 25.3545
185000 70000 150032 32.059
185000 65000 150030 30.4167
190000 65000 150032 31.8957
185000 70000 150032 32.059
190000 70000 150033 32.9014
190000 60000 150031 31.0123
195000 60000 150029 29.3158
190000 65000 150032 31.8957
195000 65000 150029 29.0383
195000 60000 150029 29.3158
200000 60000 150023 23.3146
195000 65000 150029 29.0383
200000 65000 150028 27.9726
190000 65000 150032 31.8957
195000 65000 150029 29.0383
190000 70000 150033 32.9014
195000 70000 150033 33.0283
195000 65000 150029 29.0383
200000 65000 150028 27.9726
195000 70000 150033 33.0283
200000 70000 150031 30.9996
160000 70000 149899 -100.768
165000 70000 149943 -57.1665
160000 75000 149875 -125.225
165000 75000 149927 -73.1977
165000 70000 149943 -57.1665
170000 70000 149984 -16.4455
165000 75000 149927 -73.1977
170000 75000 149954 -45.5555
160000 75000 149875 -125.225
165000 75000 149927 -73.1977
160000 80000 149873 -126.582
165000 80000 149896 -104.184
165000 75000 149927 -73.1977
170000 75000 149954 -45.5555
165000 80000 149896 -104.184
170000 80000 149943 -56.84
170000 70000 149984 -16.4455
175000 70000 150007 6.81262
170000 75000 149954 -45.5555
175000 75000 149996 -4.48687
175000 70000 150007 6.81262
180000 70000 150025 25.3545
175000 75000 149996 -4.48687
180000 75000 150026 26.3711
170000 75000 149954 -45.5555
175000 75000 149996 -4.48687
170000 80000 149943 -56.84
175000 80000 149987 -12.8621
175000 75000 149996 -4.48687
180000 75000 150026 26.3711
175000 80000 149987 -12.8621
180000 80000 150022 21.6911
180000 70000 150025 25.3545
185000 70000 150032 32.059
180000 75000 150026 26.3711
185000 75000 150035 35.1779
185000 70000 150032 32.059
190000 70000 150033 32.9014
185000 75000 150035 35.1779
190000 75000 150036 35.7997
180000 75000 150026 26.3711
185000 75000 150035 35.1779
180000 80000 150022 21.6911
185000 80000 150034 34.2066
185000 75000 150035 35.1779
190000 75000 150036 35.7997
185000 80000 150034 34.2066
190000 80000 150036 36.1979
190000 70000 150033 32.9014
195000 70000 150033 33.0283
190000 75000 150036 35.7997
195000 75000 150034 34.2894
195000 70000 150033 33.0283
200000 70000 150031 30.9996
195000 75000 150034 34.2894
200000 75000 150031 31.1978
190000 75000 150036 35.7997
195000 75000 150034 34.2894
190000 80000 150036 36.1979
195000 80000 150035 34.6492
195000 75000 150034 34.2894
200000 75000 150031 31.1978
195000 80000 150035 34.6492
200000 80000 150033 33.0047
110000 80000 150032 31.7246
115000 80000 150032 31.5212
110000 85000 150028 28.1729
115000 85000 150030 29.7997
115000 80000 150032 31.5212
120000 80000 150031 30.8849
115000 85000 150030 29.7997
120000 85000 150030 30.0028
110000 85000 150028 28.1729
115000 85000 150030 29.7997
110000 90000 150027 26.8632
115000 90000 150028 28.2818
115000 85000 150030 29.7997
120000 85000 150030 30.0028
115000 90000 150028 28.2818
120000 90000 150029 28.6678
120000 80000 150031 30.8849
125000 80000 150027 26.6267
120000 85000 150030 30.0028
125000 85000 150026 26.0305
125000 80000 150027 26.6267
130000 80000 150020 20.3064
125000 85000 150026 26.0305
130000 85000 150021 21.0276
120000 85000 150030 30.0028
125000 85000 150026 26.0305
120000 90000 150029 28.6678
125000 90000 150026 26.1856
125000 85000 150026 26.0305
130000 85000 150021 21.0276
125000 90000 150026 26.1856
130000 90000 150021 20.7131
130000 80000 150020 20.3064
135000 80000 150010 10.3664
130000 85000 150021 21.0276
135000 85000 150017 17.1073
135000 80000 150010 10.3664
140000 80000 150008 8.31538
135000 85000 150017 17.1073
140000 85000 150013 13.3532
130000 85000 150021 21.0276
135000 85000 150017 17.1073
130000 90000 150021 20.7131
135000 90000 150014 13.6944
135000 85000 150017 17.1073
140000 85000 150013 13.3532
135000 90000 150014 13.6944
140000 90000 150003 2.53156
140000 80000 150008 8.31538
145000 80000 149993 -6.91408
140000 85000 150013 13.3532
145000 85000 150003 3.21723
145000 80000 149993 -6.91408
150000 80000 149955 -44.6382
145000 85000 150003 3.21723
150000 85000 149972 -27.5325
140000 85000 150013 13.3532
145000 85000 150003 3.21723
140000 90000 150003 2.53156
145000 90000 149982 -17.8072
145000 85000 150003 3.21723
150000 85000 149972 -27.5325
145000 90000 149982 -17.8072
150000 90000 149985 -15.2134
150000 80000 149955 -44.6382
155000 80000 149922 -77.9654
150000 85000 149972 -27.5325
155000 85000 149942 -58.1409
155000 80000 149922 -77.9654
160000 80000 149873 -126.582
155000 85000 149942 -58.1409
160000 85000 149896 -104.125
150000 85000 149972 -27.5325
155000 85000 149942 -58.1409
150000 90000 149985 -15.2134
155000 90000 149958 -42.3077
155000 85000 149942 -58.1409
160000 85000 149896 -104.125
155000 90000 149958 -42.3077
160000 90000 149927 -72.6053
100000 90000 150022 22.1065
105000 90000 150025 24.8629
100000 95000 150020 20.0869
105000 95000 150024 24.0271
105000 90000 150025 24.8629
110000 90000 150027 26.8632
105000 95000 150024 24.0271
110000 95000 150027 26.6873
100000 95000 150020 20.0869
105000 95000 150024 24.0271
100000 100000 150020 20.2263
105000 100000 150023 22.771
105000 95000 150024 24.0271
110000 95000 150027 26.6873
105000 100000 150023 22.771
110000 100000 150023 22.8366
110000 90000 150027 26.8632
115000 90000 150028 28.2818
110000 95000 150027 26.6873
115000 95000 150026 25.912
115000 90000 150028 28.2818
120000 90000 150029 28.6678
115000 95000 150026 25.912
120000 95000 150027 26.7081
110000 95000 150027 26.6873
115000 95000 150026 25.912
110000 100000 150023 22.8366
115000 100000 150026 25.8245
115000 95000 150026 25.912
120000 95000 150027 26.7081
115000 100000 150026 25.8245
120000 100000 150026 25.7655
120000 90000 150029 28.6678
125000 90000 150026 26.1856
120000 95000 150027 26.7081
125000 95000 150025 24.9017
125000 90000 150026 26.1856
130000 90000 150021 20.7131
125000 95000 150025 24.9017
130000 95000 150020 20.2388
120000 95000 150027 26.7081
125000 95000 150025 24.9017
120000 100000 150026 25.7655
125000 100000 150024 23.6147
125000 95000 150025 24.9017
130000 95000 150020 20.2388
125000 100000 150024 23.6147
130000 100000 150020 19.5418
130000 90000 150021 20.7131
135000 90000 150014 13.6944
130000 95000 150020 20.2388
135000 95000 150015 14.5828
135000 90000 150014 13.6944
140000 90000 150003 2.53156
135000 95000 150015 14.5828
140000 95000 150009 9.39661
130000 95000 150020 20.2388
135000 95000 150015 14.5828
130000 100000 150020 19.5418
135000 100000 150014 14.1998
135000 95000 150015 14.5828
140000 95000 150009 9.39661
135000 100000 150014 14.1998
140000 100000 150009 8.96513
140000 90000 150003 2.53156
145000 90000 149982 -17.8072
140000 95000 150009 9.39661
145000 95000 150006 5.68423
145000 90000 149982 -17.8072
150000 90000 149985 -15.2134
145000 95000 150006 5.68423
150000 95000 149995 -5.41239
140000 95000 150009 9.39661
145000 95000 150006 5.68423
140000 100000 150009 8.96513
145000 100000 150004 3.74597
145000 95000 150006 5.68423
150000 95000 149995 -5.41239
145000 100000 150004 3.74597
150000 100000 149997 -3.19003
150000 90000 149985 -15.2134
155000 90000 149958 -42.3077
150000 95000 149995 -5.41239
155000 95000 149968 -32.2474
155000 90000 149958 -42.3077
160000 90000 149927 -72.6053
155000 95000 149968 -32.2474
160000 95000 149943 -57.1299
150000 95000 149995 -5.41239
155000 95000 149968 -32.2474
150000 100000 149997 -3.19003
155000 100000 149979 -21.4706
155000 95000 149968 -32.2474
160000 95000 149943 -57.1299
155000 100000 149979 -21.4706
160000 100000 149953 -47.1627
80000 100000 150006 6.34154
85000 100000 150011 11.4681
80000 105000 150012 12.0814
85000 105000 150013 13.1921
85000 100000 150011 11.4681
90000 100000 150011 11.4237
85000 105000 150013 13.1921
90000 105000 150015 14.5264
80000 105000 150012 12.0814
85000 105000 150013 13.1921
80000 110000 150010 10.3234
85000 110000 150010 10.4534
85000 105000 150013 13.1921
90000 105000 150015 14.5264
85000 110000 150010 10.4534
90000 110000 150013 13.1699
90000 100000 150011 11.4237
95000 100000 150015 14.5219
90000 105000 150015 14.5264
95000 105000 150016 15.7061
95000 100000 150015 14.5219
100000 100000 150020 20.2263
95000 105000 150016 15.7061
100000 105000 150018 17.8885
90000 105000 150015 14.5264
95000 105000 150016 15.7061
90000 110000 150013 13.1699
95000 110000 150017 17.0329
95000 105000 150016 15.7061
100000 105000 150018 17.8885
95000 110000 150017 17.0329
100000 110000 150020 19.7017
100000 100000 150020 20.2263
105000 100000 150023 22.771
100000 105000 150018 17.8885
105000 105000 150021 20.9535
105000 100000 150023 22.771
110000 100000 150023 22.8366
105000 105000 150021 20.9535
110000 105000 150024 23.6376
100000 105000 150018 17.8885
105000 105000 150021 20.9535
100000 110000 150020 19.7017
105000 110000 150023 22.8568
105000 105000 150021 20.9535
110000 105000 150024 23.6376
105000 110000 150023 22.8568
110000 110000 150023 22.5635
110000 100000 150023 22.8366
115000 100000 150026 25.8245
110000 105000 150024 23.6376
115000 105000 150024 24.2166
115000 100000 150026 25.8245
120000 100000 150026 25.7655
115000 105000 150024 24.2166
120000 105000 150024 24.1903
110000 105000 150024 23.6376
115000 105000 150024 24.2166
110000 110000 150023 22.5635
115000 110000 150022 21.5344
115000 105000 150024 24.2166
120000 105000 150024 24.1903
115000 110000 150022 21.5344
120000 110000 150022 22.0633
120000 100000 150026 25.7655
125000 100000 150024 23.6147
120000 105000 150024 24.1903
125000 105000 150024 23.6864
125000 100000 150024 23.6147
130000 100000 150020 19.5418
125000 105000 150024 23.6864
130000 105000 150021 21.3474
120000 105000 150024 24.1903
125000 105000 150024 23.6864
120000 110000 150022 22.0633
125000 110000 150023 22.8341
125000 105000 150024 23.6864
130000 105000 150021 21.3474
125000 110000 150023 22.8341
130000 110000 150020 19.5261
130000 100000 150020 19.5418
135000 100000 150014 14.1998
130000 105000 150021 21.3474
135000 105000 150013 13.3615
135000 100000 150014 14.1998
140000 100000 150009 8.96513
135000 105000 150013 13.3615
140000 105000 150004 4.47066
130000 105000 150021 21.3474
135000 105000 150013 13.3615
130000 110000 150020 19.5261
135000 110000 150015 14.7328
135000 105000 150013 13.3615
140000 105000 150004 4.47066
135000 110000 150015 14.7328
140000 110000 150006 6.05239
140000 100000 150009 8.96513
145000 100000 150004 3.74597
140000 105000 150004 4.47066
145000 105000 149995 -5.24519
145000 100000 150004 3.74597
150000 100000 149997 -3.19003
145000 105000 149995 -5.24519
150000 105000 149991 -8.55234
140000 105000 150004 4.47066
145000 105000 149995 -5.24519
140000 110000 150006 6.05239
145000 110000 150000 -0.0324406
145000 105000 149995 -5.24519
150000 105000 149991 -8.55234
145000 110000 150000 -0.0324406
150000 110000 149985 -15.384
150000 100000 149997 -3.19003
155000 100000 149979 -21.4706
150000 105000 149991 -8.55234
155000 105000 149981 -18.6532
155000 100000 149979 -21.4706
160000 100000 149953 -47.1627
155000 105000 149981 -18.6532
160000 105000 149959 -41.0792
150000 105000 149991 -8.55234
155000 105000 149981 -18.6532
150000 110000 149985 -15.384
155000 110000 149976 -24.2666
155000 105000 149981 -18.6532
160000 105000 149959 -41.0792
155000 110000 149976 -24.2666
160000 110000 149963 -37.1152
80000 110000 150010 10.3234
85000 110000 150010 10.4534
80000 115000 150010 9.68792
85000 115000 150012 12.4757
85000 110000 150010 10.4534
90000 110000 150013 13.1699
85000 115000 150012 12.4757
90000 115000 150014 14.153
80000 115000 150010 9.68792
85000 115000 150012 12.4757
80000 120000 150009 8.96418
85000 120000 150011 10.7045
85000 115000 150012 12.4757
90000 115000 150014 14.153
85000 120000 150011 10.7045
90000 120000 150012 12.3095
90000 110000 150013 13.1699
95000 110000 150017 17.0329
90000 115000 150014 14.153
95000 115000 150017 17.1606
95000 110000 150017 17.0329
100000 110000 150020 19.7017
95000 115000 150017 17.1606
100000 115000 150020 19.8239
90000 115000 150014 14.153
95000 115000 150017 17.1606
90000 120000 150012 12.3095
95000 120000 150014 13.8753
95000 115000 150017 17.1606
100000 115000 150020 19.8239
95000 120000 150014 13.8753
100000 120000 150016 15.5174
100000 110000 150020 19.7017
105000 110000 150023 22.8568
100000 115000 150020 19.8239
105000 115000 150020 20.1959
105000 110000 150023 22.8568
110000 110000 150023 22.5635
105000 115000 150020 20.1959
110000 115000 150021 21.4396
100000 115000 150020 19.8239
105000 115000 150020 20.1959
100000 120000 150016 15.5174
105000 120000 150020 20.1399
105000 115000 150020 20.1959
110000 115000 150021 21.4396
105000 120000 150020 20.1399
110000 120000 150022 22.1963
110000 110000 150023 22.5635
115000 110000 150022 21.5344
110000 115000 150021 21.4396
115000 115000 150023 22.564
115000 110000 150022 21.5344
120000 110000 150022 22.0633
115000 115000 150023 22.564
120000 115000 150023 22.7249
110000 115000 150021 21.4396
115000 115000 150023 22.564
110000 120000 150022 22.1963
115000 120000 150021 21.308
115000 115000 150023 22.564
120000 115000 150023 22.7249
115000 120000 150021 21.308
120000 120000 150023 22.7907
120000 110000 150022 22.0633
125000 110000 150023 22.8341
120000 115000 150023 22.7249
125000 115000 150022 22.2745
125000 110000 150023 22.8341
130000 110000 150020 19.5261
125000 115000 150022 22.2745
130000 115000 150020 19.93
120000 115000 150023 22.7249
125000 115000 150022 22.2745
120000 120000 150023 22.7907
125000 120000 150023 22.5077
125000 115000 150022 22.2745
130000 115000 150020 19.93
125000 120000 150023 22.5077
130000 120000 150020 19.6644
130000 110000 150020 19.5261
135000 110000 150015 14.7328
130000 115000 150020 19.93
135000 115000 150014 14.1161
135000 110000 150015 14.7328
140000 110000 150006 6.05239
135000 115000 150014 14.1161
140000 115000 150004 4.25447
130000 115000 150020 19.93
135000 115000 150014 14.1161
130000 120000 150020 19.6644
135000 120000 150015 14.9148
135000 115000 150014 14.1161
140000 115000 150004 4.25447
135000 120000 150015 14.9148
140000 120000 150009 8.92527
140000 110000 150006 6.05239
145000 110000 150000 -0.0324406
140000 115000 150004 4.25447
145000 115000 149992 -8.22833
145000 110000 150000 -0.0324406
150000 110000 149985 -15.384
145000 115000 149992 -8.22833
150000 115000 149978 -21.7589
140000 115000 150004 4.25447
145000 115000 149992 -8.22833
140000 120000 150009 8.92527
145000 120000 149999 -1.31288
145000 115000 149992 -8.22833
150000 115000 149978 -21.7589
145000 120000 149999 -1.31288
150000 120000 149989 -11.4009
150000 110000 149985 -15.384
155000 110000 149976 -24.2666
150000 115000 149978 -21.7589
155000 115000 149964 -36.4133
155000 110000 149976 -24.2666
160000 110000 149963 -37.1152
155000 115000 149964 -36.4133
160000 115000 149952 -48.111
150000 115000 149978 -21.7589
155000 115000 149964 -36.4133
150000 120000 149989 -11.4009
155000 120000 149979 -21.2536
155000 115000 149964 -36.4133
160000 115000 149952 -48.111
155000 120000 149979 -21.2536
160000 120000 149967 -32.764
240000 0 149993 -7.49149
245000 0 149990 -9.53171
240000 5000 149991 -8.54423
245000 5000 149990 -9.87317
245000 0 149990 -9.53171
250000 0 149988 -11.6537
245000 5000 149990 -9.87317
250000 5000 149986 -13.5535
240000 5000 149991 -8.54423
245000 5000 149990 -9.87317
240000 10000 149989 -11.2606
245000 10000 149988 -12.2635
245000 5000 149990 -9.87317
250000 5000 149986 -13.5535
245000 10000 149988 -12.2635
250000 10000 149989 -11.4828
250000 0 149988 -11.6537
255000 0 149987 -13.3177
250000 5000 149986 -13.5535
255000 5000 149987 -13.4791
255000 0 149987 -13.3177
260000 0 149986 -14.2863
255000 5000 149987 -13.4791
260000 5000 149985 -15.0054
250000 5000 149986 -13.5535
255000 5000 149987 -13.4791
250000 10000 149989 -11.4828
255000 10000 149987 -13.4986
255000 5000 149987 -13.4791
260000 5000 149985 -15.0054
255000 10000 149987 -13.4986
260000 10000 149985 -14.5008
260000 0 149986 -14.2863
265000 0 149984 -15.5757
260000 5000 149985 -15.0054
265000 5000 149985 -15.3229
265000 0 149984 -15.5757
270000 0 149984 -15.9974
265000 5000 149985 -15.3229
270000 5000 149984 -15.6462
260000 5000 149985 -15.0054
265000 5000 149985 -15.3229
260000 10000 149985 -14.5008
265000 10000 149985 -15.3063
265000 5000 149985 -15.3229
270000 5000 149984 -15.6462
265000 10000 149985 -15.3063
270000 10000 149984 -15.62
270000 0 149984 -15.9974
275000 0 149984 -16.3367
270000 5000 149984 -15.6462
275000 5000 149984 -15.8945
275000 0 149984 -16.3367
280000 0 149983 -16.5484
275000 5000 149984 -15.8945
280000 5000 149984 -16.2299
270000 5000 149984 -15.6462
275000 5000 149984 -15.8945
270000 10000 149984 -15.62
275000 10000 149984 -15.8753
275000 5000 149984 -15.8945
280000 5000 149984 -16.2299
275000 10000 149984 -15.8753
280000 10000 149984 -16.0769
280000 0 149983 -16.5484
285000 0 149983 -16.72
280000 5000 149984 -16.2299
285000 5000 149984 -16.2777
285000 0 149983 -16.72
290000 0 149984 -16.3844
285000 5000 149984 -16.2777
290000 5000 149984 -15.7743
280000 5000 149984 -16.2299
285000 5000 149984 -16.2777
280000 10000 149984 -16.0769
285000 10000 149984 -16.1727
285000 5000 149984 -16.2777
290000 5000 149984 -15.7743
285000 10000 149984 -16.1727
290000 10000 149984 -16.1588
290000 0 149984 -16.3844
295000 0 149984 -15.5976
290000 5000 149984 -15.7743
295000 5000 149985 -15.4784
295000 0 149984 -15.5976
300000 0 149985 -14.934
295000 5000 149985 -15.4784
300000 5000 149985 -15.4376
290000 5000 149984 -15.7743
295000 5000 149985 -15.4784
290000 10000 149984 -16.1588
295000 10000 149984 -15.59
295000 5000 149985 -15.4784
300000 5000 149985 -15.4376
295000 10000 149984 -15.59
300000 10000 149984 -15.5591
240000 10000 149989 -11.2606
245000 10000 149988 -12.2635
240000 15000 149990 -9.63829
245000 15000 149990 -9.93369
245000 10000 149988 -12.2635
250000 10000 149989 -11.4828
245000 15000 149990 -9.93369
250000 15000 149989 -11.0394
240000 15000 149990 -9.63829
245000 15000 149990 -9.93369
240000 20000 149991 -8.60596
245000 20000 149989 -10.8927
245000 15000 149990 -9.93369
250000 15000 149989 -11.0394
245000 20000 149989 -10.8927
250000 20000 149989 -11.0371
250000 10000 149989 -11.4828
255000 10000 149987 -13.4986
250000 15000 149989 -11.0394
255000 15000 149988 -12.4419
255000 10000 149987 -13.4986
260000 10000 149985 -14.5008
255000 15000 149988 -12.4419
260000 15000 149986 -14.0194
250000 15000 149989 -11.0394
255000 15000 149988 -12.4419
250000 20000 149989 -11.0371
255000 20000 149988 -11.989
255000 15000 149988 -12.4419
260000 15000 149986 -14.0194
255000 20000 149988 -11.989
260000 20000 149987 -13.2652
260000 10000 149985 -14.5008
265000 10000 149985 -15.3063
260000 15000 149986 -14.0194
265000 15000 149985 -14.9537
265000 10000 149985 -15.3063
270000 10000 149984 -15.62
265000 15000 149985 -14.9537
270000 15000 149984 -15.5687
260000 15000 149986 -14.0194
265000 15000 149985 -14.9537
260000 20000 149987 -13.2652
265000 20000 149985 -15.112
265000 15000 149985 -14.9537
270000 15000 149984 -15.5687
265000 20000 149985 -15.112
270000 20000 149985 -15.1959
270000 10000 149984 -15.62
275000 10000 149984 -15.8753
270000 15000 149984 -15.5687
275000 15000 149984 -15.7868
275000 10000 149984 -15.8753
280000 10000 149984 -16.0769
275000 15000 149984 -15.7868
280000 15000 149984 -16.0061
270000 15000 149984 -15.5687
275000 15000 149984 -15.7868
270000 20000 149985 -15.1959
275000 20000 149984 -15.7519
275000 15000 149984 -15.7868
280000 15000 149984 -16.0061
275000 20000 149984 -15.7519
280000 20000 149984 -15.9896
280000 10000 149984 -16.0769
285000 10000 149984 -16.1727
280000 15000 149984 -16.0061
285000 15000 149984 -16.1498
285000 10000 149984 -16.1727
290000 10000 149984 -16.1588
285000 15000 149984 -16.1498
290000 15000 149984 -16.1651
280000 15000 149984 -16.0061
285000 15000 149984 -16.1498
280000 20000 149984 -15.9896
285000 20000 149984 -16.1386
285000 15000 149984 -16.1498
290000 15000 149984 -16.1651
285000 20000 149984 -16.1386
290000 20000 149984 -16.1582
290000 10000 149984 -16.1588
295000 10000 149984 -15.59
290000 15000 149984 -16.1651
295000 15000 149984 -15.8959
295000 10000 149984 -15.59
300000 10000 149984 -15.5591
295000 15000 149984 -15.8959
300000 15000 149984 -15.7484
290000 15000 149984 -16.1651
295000 15000 149984 -15.8959
290000 20000 149984 -16.1582
295000 20000 149984 -15.7997
295000 15000 149984 -15.8959
300000 15000 149984 -15.7484
295000 20000 149984 -15.7997
300000 20000 149984 -15.8549
240000 20000 149991 -8.60596
245000 20000 149989 -10.8927
240000 25000 149991 -8.6983
245000 25000 149990 -9.81827
245000 20000 149989 -10.8927
250000 20000 149989 -11.0371
245000 25000 149990 -9.81827
250000 25000 149988 -12.3094
240000 25000 149991 -8.6983
245000 25000 149990 -9.81827
240000 30000 149992 -8.35639
245000 30000 149990 -9.98307
245000 25000 149990 -9.81827
250000 25000 149988 -12.3094
245000 30000 149990 -9.98307
250000 30000 149988 -11.9154
250000 20000 149989 -11.0371
255000 20000 149988 -11.989
250000 25000 149988 -12.3094
255000 25000 149987 -12.705
255000 20000 149988 -11.989
260000 20000 149987 -13.2652
255000 25000 149987 -12.705
260000 25000 149986 -14.296
250000 25000 149988 -12.3094
255000 25000 149987 -12.705
250000 30000 149988 -11.9154
255000 30000 149987 -12.9265
255000 25000 149987 -12.705
260000 25000 149986 -14.296
255000 30000 149987 -12.9265
260000 30000 149986 -13.566
260000 20000 149987 -13.2652
265000 20000 149985 -15.112
260000 25000 149986 -14.296
265000 25000 149986 -14.4091
265000 20000 149985 -15.112
270000 20000 149985 -15.1959
265000 25000 149986 -14.4091
270000 25000 149985 -14.9872
260000 25000 149986 -14.296
265000 25000 149986 -14.4091
260000 30000 149986 -13.566
265000 30000 149986 -13.8827
265000 25000 149986 -14.4091
270000 25000 149985 -14.9872
265000 30000 149986 -13.8827
270000 30000 149986 -14.3325
270000 20000 149985 -15.1959
275000 20000 149984 -15.7519
270000 25000 149985 -14.9872
275000 25000 149985 -15.0507
275000 20000 149984 -15.7519
280000 20000 149984 -15.9896
275000 25000 149985 -15.0507
280000 25000 149985 -15.4006
270000 25000 149985 -14.9872
275000 25000 149985 -15.0507
270000 30000 149986 -14.3325
275000 30000 149985 -14.8339
275000 25000 149985 -15.0507
280000 25000 149985 -15.4006
275000 30000 149985 -14.8339
280000 30000 149984 -15.5361
280000 20000 149984 -15.9896
285000 20000 149984 -16.1386
280000 25000 149985 -15.4006
285000 25000 149984 -16.1791
285000 20000 149984 -16.1386
290000 20000 149984 -16.1582
285000 25000 149984 -16.1791
290000 25000 149984 -16.2929
280000 25000 149985 -15.4006
285000 25000 149984 -16.1791
280000 30000 149984 -15.5361
285000 30000 149984 -16.1294
285000 25000 149984 -16.1791
290000 25000 149984 -16.2929
285000 30000 149984 -16.1294
290000 30000 149984 -16.2748
290000 20000 149984 -16.1582
295000 20000 149984 -15.7997
290000 25000 149984 -16.2929
295000 25000 149984 -16.0032
295000 20000 149984 -15.7997
300000 20000 149984 -15.8549
295000 25000 149984 -16.0032
300000 25000 149984 -16.1179
290000 25000 149984 -16.2929
295000 25000 149984 -16.0032
290000 30000 149984 -16.2748
295000 30000 149984 -16.3926
295000 25000 149984 -16.0032
300000 25000 149984 -16.1179
295000 30000 149984 -16.3926
300000 30000 149983 -16.5617
240000 30000 149992 -8.35639
245000 30000 149990 -9.98307
240000 35000 149992 -8.11895
245000 35000 149990 -9.55663
245000 30000 149990 -9.98307
250000 30000 149988 -11.9154
245000 35000 149990 -9.55663
250000 35000 149989 -10.6519
240000 35000 149992 -8.11895
245000 35000 149990 -9.55663
240000 40000 149992 -8.3821
245000 40000 149990 -9.80266
245000 35000 149990 -9.55663
250000 35000 149989 -10.6519
245000 40000 149990 -9.80266
250000 40000 149990 -10.1228
250000 30000 149988 -11.9154
255000 30000 149987 -12.9265
250000 35000 149989 -10.6519
255000 35000 149987 -12.665
255000 30000 149987 -12.9265
260000 30000 149986 -13.566
255000 35000 149987 -12.665
260000 35000 149986 -13.9039
250000 35000 149989 -10.6519
255000 35000 149987 -12.665
250000 40000 149990 -10.1228
255000 40000 149989 -11.2422
255000 35000 149987 -12.665
260000 35000 149986 -13.9039
255000 40000 149989 -11.2422
260000 40000 149987 -12.6191
260000 30000 149986 -13.566
265000 30000 149986 -13.8827
260000 35000 149986 -13.9039
265000 35000 149985 -14.6713
265000 30000 149986 -13.8827
270000 30000 149986 -14.3325
265000 35000 149985 -14.6713
270000 35000 149985 -15.0602
260000 35000 149986 -13.9039
265000 35000 149985 -14.6713
260000 40000 149987 -12.6191
265000 40000 149986 -14.0378
265000 35000 149985 -14.6713
270000 35000 149985 -15.0602
265000 40000 149986 -14.0378
270000 40000 149986 -14.4059
270000 30000 149986 -14.3325
275000 30000 149985 -14.8339
270000 35000 149985 -15.0602
275000 35000 149985 -15.0248
275000 30000 149985 -14.8339
280000 30000 149984 -15.5361
275000 35000 149985 -15.0248
280000 35000 149985 -15.1284
270000 35000 149985 -15.0602
275000 35000 149985 -15.0248
270000 40000 149986 -14.4059
275000 40000 149986 -14.0579
275000 35000 149985 -15.0248
280000 35000 149985 -15.1284
275000 40000 149986 -14.0579
280000 40000 149985 -14.6796
280000 30000 149984 -15.5361
285000 30000 149984 -16.1294
280000 35000 149985 -15.1284
285000 35000 149984 -15.7692
285000 30000 149984 -16.1294
290000 30000 149984 -16.2748
285000 35000 149984 -15.7692
290000 35000 149984 -15.9787
280000 35000 149985 -15.1284
285000 35000 149984 -15.7692
280000 40000 149985 -14.6796
285000 40000 149985 -15.1186
285000 35000 149984 -15.7692
290000 35000 149984 -15.9787
285000 40000 149985 -15.1186
290000 40000 149985 -15.3036
290000 30000 149984 -16.2748
295000 30000 149984 -16.3926
290000 35000 149984 -15.9787
295000 35000 149984 -16.1636
295000 30000 149984 -16.3926
300000 30000 149983 -16.5617
295000 35000 149984 -16.1636
300000 35000 149984 -16.3326
290000 35000 149984 -15.9787
295000 35000 149984 -16.1636
290000 40000 149985 -15.3036
295000 40000 149984 -15.8208
295000 35000 149984 -16.1636
300000 35000 149984 -16.3326
295000 40000 149984 -15.8208
300000 40000 149983 -16.7041
240000 40000 149992 -8.3821
245000 40000 149990 -9.80266
240000 45000 149990 -9.66238
245000 45000 149990 -9.7324
245000 40000 149990 -9.80266
250000 40000 149990 -10.1228
245000 45000 149990 -9.7324
250000 45000 149988 -11.8183
240000 45000 149990 -9.66238
245000 45000 149990 -9.7324
240000 50000 149993 -7.40694
245000 50000 149991 -8.83373
245000 45000 149990 -9.7324
250000 45000 149988 -11.8183
245000 50000 149991 -8.83373
250000 50000 149990 -9.95003
250000 40000 149990 -10.1228
255000 40000 149989 -11.2422
250000 45000 149988 -11.8183
255000 45000 149988 -12.083
255000 40000 149989 -11.2422
260000 40000 149987 -12.6191
255000 45000 149988 -12.083
260000 45000 149986 -13.5268
250000 45000 149988 -11.8183
255000 45000 149988 -12.083
250000 50000 149990 -9.95003
255000 50000 149989 -11.1995
255000 45000 149988 -12.083
260000 45000 149986 -13.5268
255000 50000 149989 -11.1995
260000 50000 149988 -12.3608
260000 40000 149987 -12.6191
265000 40000 149986 -14.0378
260000 45000 149986 -13.5268
265000 45000 149986 -13.9286
265000 40000 149986 -14.0378
270000 40000 149986 -14.4059
265000 45000 149986 -13.9286
270000 45000 149986 -14.2086
260000 45000 149986 -13.5268
265000 45000 149986 -13.9286
260000 50000 149988 -12.3608
265000 50000 149987 -13.3545
265000 45000 149986 -13.9286
270000 45000 149986 -14.2086
265000 50000 149987 -13.3545
270000 50000 149986 -14.0475
270000 40000 149986 -14.4059
275000 40000 149986 -14.0579
270000 45000 149986 -14.2086
275000 45000 149986 -13.9799
275000 40000 149986 -14.0579
280000 40000 149985 -14.6796
275000 45000 149986 -13.9799
280000 45000 149986 -14.3631
270000 45000 149986 -14.2086
275000 45000 149986 -13.9799
270000 50000 149986 -14.0475
275000 50000 149985 -14.6202
275000 45000 149986 -13.9799
280000 45000 149986 -14.3631
275000 50000 149985 -14.6202
280000 50000 149985 -14.6698
280000 40000 149985 -14.6796
285000 40000 149985 -15.1186
280000 45000 149986 -14.3631
285000 45000 149985 -15.3278
285000 40000 149985 -15.1186
290000 40000 149985 -15.3036
285000 45000 149985 -15.3278
290000 45000 149984 -15.9729
280000 45000 149986 -14.3631
285000 45000 149985 -15.3278
280000 50000 149985 -14.6698
285000 50000 149985 -15.02
285000 45000 149985 -15.3278
290000 45000 149984 -15.9729
285000 50000 149985 -15.02
290000 50000 149985 -15.1381
290000 40000 149985 -15.3036
295000 40000 149984 -15.8208
290000 45000 149984 -15.9729
295000 45000 149984 -16.3098
295000 40000 149984 -15.8208
300000 40000 149983 -16.7041
295000 45000 149984 -16.3098
300000 45000 149984 -16.1508
290000 45000 149984 -15.9729
295000 45000 149984 -16.3098
290000 50000 149985 -15.1381
295000 50000 149984 -15.5939
295000 45000 149984 -16.3098
300000 45000 149984 -16.1508
295000 50000 149984 -15.5939
300000 50000 149983 -16.5278
240000 50000 149993 -7.40694
245000 50000 149991 -8.83373
240000 55000 149993 -7.46353
245000 55000 149991 -8.75758
245000 50000 149991 -8.83373
250000 50000 149990 -9.95003
245000 55000 149991 -8.75758
250000 55000 149989 -11.3569
240000 55000 149993 -7.46353
245000 55000 149991 -8.75758
240000 60000 149993 -6.91059
245000 60000 149990 -9.75183
245000 55000 149991 -8.75758
250000 55000 149989 -11.3569
245000 60000 149990 -9.75183
250000 60000 149990 -10.4771
250000 50000 149990 -9.95003
255000 50000 149989 -11.1995
250000 55000 149989 -11.3569
255000 55000 149987 -13.0139
255000 50000 149989 -11.1995
260000 50000 149988 -12.3608
255000 55000 149987 -13.0139
260000 55000 149987 -13.4283
250000 55000 149989 -11.3569
255000 55000 149987 -13.0139
250000 60000 149990 -10.4771
255000 60000 149989 -10.9096
255000 55000 149987 -13.0139
260000 55000 149987 -13.4283
255000 60000 149989 -10.9096
260000 60000 149988 -11.9068
260000 50000 149988 -12.3608
265000 50000 149987 -13.3545
260000 55000 149987 -13.4283
265000 55000 149986 -13.8448
265000 50000 149987 -13.3545
270000 50000 149986 -14.0475
265000 55000 149986 -13.8448
270000 55000 149986 -13.6009
260000 55000 149987 -13.4283
265000 55000 149986 -13.8448
260000 60000 149988 -11.9068
265000 60000 149987 -13.0777
265000 55000 149986 -13.8448
270000 55000 149986 -13.6009
265000 60000 149987 -13.0777
270000 60000 149987 -13.2383
270000 50000 149986 -14.0475
275000 50000 149985 -14.6202
270000 55000 149986 -13.6009
275000 55000 149986 -14.3504
275000 50000 149985 -14.6202
280000 50000 149985 -14.6698
275000 55000 149986 -14.3504
280000 55000 149985 -15.2654
270000 55000 149986 -13.6009
275000 55000 149986 -14.3504
270000 60000 149987 -13.2383
275000 60000 149986 -14.3715
275000 55000 149986 -14.3504
280000 55000 149985 -15.2654
275000 60000 149986 -14.3715
280000 60000 149985 -15.01
280000 50000 149985 -14.6698
285000 50000 149985 -15.02
280000 55000 149985 -15.2654
285000 55000 149985 -14.9737
285000 50000 149985 -15.02
290000 50000 149985 -15.1381
285000 55000 149985 -14.9737
290000 55000 149984 -15.7317
280000 55000 149985 -15.2654
285000 55000 149985 -14.9737
280000 60000 149985 -15.01
285000 60000 149984 -15.7577
285000 55000 149985 -14.9737
290000 55000 149984 -15.7317
285000 60000 149984 -15.7577
290000 60000 149984 -15.733
290000 50000 149985 -15.1381
295000 50000 149984 -15.5939
290000 55000 149984 -15.7317
295000 55000 149984 -16.1112
295000 50000 149984 -15.5939
300000 50000 149983 -16.5278
295000 55000 149984 -16.1112
300000 55000 149984 -16.2849
290000 55000 149984 -15.7317
295000 55000 149984 -16.1112
290000 60000 149984 -15.733
295000 60000 149984 -16.3546
295000 55000 149984 -16.1112
300000 55000 149984 -16.2849
295000 60000 149984 -16.3546
300000 60000 149983 -16.7788
200000 60000 150023 23.3146
205000 60000 150021 21.3479
200000 65000 150028 27.9726
205000 65000 150026 25.808
205000 60000 150021 21.3479
210000 60000 150018 18.266
205000 65000 150026 25.808
210000 65000 150020 19.8818
200000 65000 150028 27.9726
205000 65000 150026 25.808
200000 70000 150031 30.9996
205000 70000 150025 25.2086
205000 65000 150026 25.808
210000 65000 150020 19.8818
205000 70000 150025 25.2086
210000 70000 150018 18.2792
210000 60000 150018 18.266
215000 60000 150014 13.9475
210000 65000 150020 19.8818
215000 65000 150015 14.6876
215000 60000 150014 13.9475
220000 60000 150008 7.70626
215000 65000 150015 14.6876
220000 65000 150010 10.379
210000 65000 150020 19.8818
215000 65000 150015 14.6876
210000 70000 150018 18.2792
215000 70000 150014 14.0262
215000 65000 150015 14.6876
220000 65000 150010 10.379
215000 70000 150014 14.0262
220000 70000 150007 7.21321
220000 60000 150008 7.70626
225000 60000 150003 3.17564
220000 65000 150010 10.379
225000 65000 150005 5.43438
225000 60000 150003 3.17564
230000 60000 150000 -0.205471
225000 65000 150005 5.43438
230000 65000 150001 1.21897
220000 65000 150010 10.379
225000 65000 150005 5.43438
220000 70000 150007 7.21321
225000 70000 150004 4.01419
225000 65000 150005 5.43438
230000 65000 150001 1.21897
225000 70000 150004 4.01419
230000 70000 149998 -1.76027
230000 60000 150000 -0.205471
235000 60000 149996 -3.93327
230000 65000 150001 1.21897
235000 65000 149997 -3.09562
235000 60000 149996 -3.93327
240000 60000 149993 -6.91059
235000 65000 149997 -3.09562
240000 65000 149993 -6.7265
230000 65000 150001 1.21897
235000 65000 149997 -3.09562
230000 70000 149998 -1.76027
235000 70000 149995 -5.43855
235000 65000 149997 -3.09562
240000 65000 149993 -6.7265
235000 70000 149995 -5.43855
240000 70000 149994 -6.22557
240000 60000 149993 -6.91059
245000 60000 149990 -9.75183
240000 65000 149993 -6.7265
245000 65000 149992 -8.05875
245000 60000 149990 -9.75183
250000 60000 149990 -10.4771
245000 65000 149992 -8.05875
250000 65000 149991 -9.1916
240000 65000 149993 -6.7265
245000 65000 149992 -8.05875
240000 70000 149994 -6.22557
245000 70000 149991 -8.73098
245000 65000 149992 -8.05875
250000 65000 149991 -9.1916
245000 70000 149991 -8.73098
250000 70000 149991 -9.24831
250000 60000 149990 -10.4771
255000 60000 149989 -10.9096
250000 65000 149991 -9.1916
255000 65000 149989 -11.1617
255000 60000 149989 -10.9096
260000 60000 149988 -11.9068
255000 65000 149989 -11.1617
260000 65000 149987 -12.7913
250000 65000 149991 -9.1916
255000 65000 149989 -11.1617
250000 70000 149991 -9.24831
255000 70000 149988 -11.5176
255000 65000 149989 -11.1617
260000 65000 149987 -12.7913
255000 70000 149988 -11.5176
260000 70000 149988 -12.0432
260000 60000 149988 -11.9068
265000 60000 149987 -13.0777
260000 65000 149987 -12.7913
265000 65000 149986 -13.7986
265000 60000 149987 -13.0777
270000 60000 149987 -13.2383
265000 65000 149986 -13.7986
270000 65000 149986 -14.1227
260000 65000 149987 -12.7913
265000 65000 149986 -13.7986
260000 70000 149988 -12.0432
265000 70000 149987 -12.6727
265000 65000 149986 -13.7986
270000 65000 149986 -14.1227
265000 70000 149987 -12.6727
270000 70000 149986 -13.8359
270000 60000 149987 -13.2383
275000 60000 149986 -14.3715
270000 65000 149986 -14.1227
275000 65000 149985 -14.5369
275000 60000 149986 -14.3715
280000 60000 149985 -15.01
275000 65000 149985 -14.5369
280000 65000 149985 -14.7016
270000 65000 149986 -14.1227
275000 65000 149985 -14.5369
270000 70000 149986 -13.8359
275000 70000 149986 -13.9357
275000 65000 149985 -14.5369
280000 65000 149985 -14.7016
275000 70000 149986 -13.9357
280000 70000 149986 -14.1826
280000 60000 149985 -15.01
285000 60000 149984 -15.7577
280000 65000 149985 -14.7016
285000 65000 149985 -14.8253
285000 60000 149984 -15.7577
290000 60000 149984 -15.733
285000 65000 149985 -14.8253
290000 65000 149985 -15.4891
280000 65000 149985 -14.7016
285000 65000 149985 -14.8253
280000 70000 149986 -14.1826
285000 70000 149986 -14.0872
285000 65000 149985 -14.8253
290000 65000 149985 -15.4891
285000 70000 149986 -14.0872
290000 70000 149985 -15.2566
290000 60000 149984 -15.733
295000 60000 149984 -16.3546
290000 65000 149985 -15.4891
295000 65000 149984 -16.4871
295000 60000 149984 -16.3546
300000 60000 149983 -16.7788
295000 65000 149984 -16.4871
300000 65000 149983 -16.9092
290000 65000 149985 -15.4891
295000 65000 149984 -16.4871
290000 70000 149985 -15.2566
295000 70000 149984 -16.0384
295000 65000 149984 -16.4871
300000 65000 149983 -16.9092
295000 70000 149984 -16.0384
300000 70000 149983 -16.8397
200000 70000 150031 30.9996
205000 70000 150025 25.2086
200000 75000 150031 31.1978
205000 75000 150027 27.1938
205000 70000 150025 25.2086
210000 70000 150018 18.2792
205000 75000 150027 27.1938
210000 75000 150023 22.5204
200000 75000 150031 31.1978
205000 75000 150027 27.1938
200000 80000 150033 33.0047
205000 80000 150029 28.7456
205000 75000 150027 27.1938
210000 75000 150023 22.5204
205000 80000 150029 28.7456
210000 80000 150023 23.1261
210000 70000 150018 18.2792
215000 70000 150014 14.0262
210000 75000 150023 22.5204
215000 75000 150016 16.2586
215000 70000 150014 14.0262
220000 70000 150007 7.21321
215000 75000 150016 16.2586
220000 75000 150009 9.13712
210000 75000 150023 22.5204
215000 75000 150016 16.2586
210000 80000 150023 23.1261
215000 80000 150018 17.5003
215000 75000 150016 16.2586
220000 75000 150009 9.13712
215000 80000 150018 17.5003
220000 80000 150012 12.1699
220000 70000 150007 7.21321
225000 70000 150004 4.01419
220000 75000 150009 9.13712
225000 75000 150006 5.59125
225000 70000 150004 4.01419
230000 70000 149998 -1.76027
225000 75000 150006 5.59125
230000 75000 150000 0.0689912
220000 75000 150009 9.13712
225000 75000 150006 5.59125
220000 80000 150012 12.1699
225000 80000 150005 5.25154
225000 75000 150006 5.59125
230000 75000 150000 0.0689912
225000 80000 150005 5.25154
230000 80000 149999 -0.819913
230000 70000 149998 -1.76027
235000 70000 149995 -5.43855
230000 75000 150000 0.0689912
235000 75000 149993 -6.80738
235000 70000 149995 -5.43855
240000 70000 149994 -6.22557
235000 75000 149993 -6.80738
240000 75000 149991 -9.25931
230000 75000 150000 0.0689912
235000 75000 149993 -6.80738
230000 80000 149999 -0.819913
235000 80000 149997 -2.87364
235000 75000 149993 -6.80738
240000 75000 149991 -9.25931
235000 80000 149997 -2.87364
240000 80000 149995 -5.15566
240000 70000 149994 -6.22557
245000 70000 149991 -8.73098
240000 75000 149991 -9.25931
245000 75000 149989 -10.592
245000 70000 149991 -8.73098
250000 70000 149991 -9.24831
245000 75000 149989 -10.592
250000 75000 149989 -11.3596
240000 75000 149991 -9.25931
245000 75000 149989 -10.592
240000 80000 149995 -5.15566
245000 80000 149992 -7.5578
245000 75000 149989 -10.592
250000 75000 149989 -11.3596
245000 80000 149992 -7.5578
250000 80000 149991 -8.69696
250000 70000 149991 -9.24831
255000 70000 149988 -11.5176
250000 75000 149989 -11.3596
255000 75000 149988 -11.8101
255000 70000 149988 -11.5176
260000 70000 149988 -12.0432
255000 75000 149988 -11.8101
260000 75000 149988 -12.3579
250000 75000 149989 -11.3596
255000 75000 149988 -11.8101
250000 80000 149991 -8.69696
255000 80000 149990 -10.4546
255000 75000 149988 -11.8101
260000 75000 149988 -12.3579
255000 80000 149990 -10.4546
260000 80000 149988 -12.2404
260000 70000 149988 -12.0432
265000 70000 149987 -12.6727
260000 75000 149988 -12.3579
265000 75000 149987 -12.8502
265000 70000 149987 -12.6727
270000 70000 149986 -13.8359
265000 75000 149987 -12.8502
270000 75000 149987 -12.9375
260000 75000 149988 -12.3579
265000 75000 149987 -12.8502
260000 80000 149988 -12.2404
265000 80000 149987 -12.6277
265000 75000 149987 -12.8502
270000 75000 149987 -12.9375
265000 80000 149987 -12.6277
270000 80000 149987 -12.9114
270000 70000 149986 -13.8359
275000 70000 149986 -13.9357
270000 75000 149987 -12.9375
275000 75000 149987 -13.1832
275000 70000 149986 -13.9357
280000 70000 149986 -14.1826
275000 75000 149987 -13.1832
280000 75000 149987 -12.9356
270000 75000 149987 -12.9375
275000 75000 149987 -13.1832
270000 80000 149987 -12.9114
275000 80000 149987 -13.0555
275000 75000 149987 -13.1832
280000 75000 149987 -12.9356
275000 80000 149987 -13.0555
280000 80000 149986 -13.5193
280000 70000 149986 -14.1826
285000 70000 149986 -14.0872
280000 75000 149987 -12.9356
285000 75000 149986 -13.5548
285000 70000 149986 -14.0872
290000 70000 149985 -15.2566
285000 75000 149986 -13.5548
290000 75000 149985 -14.552
280000 75000 149987 -12.9356
285000 75000 149986 -13.5548
280000 80000 149986 -13.5193
285000 80000 149986 -13.9573
285000 75000 149986 -13.5548
290000 75000 149985 -14.552
285000 80000 149986 -13.9573
290000 80000 149986 -14.312
290000 70000 149985 -15.2566
295000 70000 149984 -16.0384
290000 75000 149985 -14.552
295000 75000 149984 -15.5921
295000 70000 149984 -16.0384
300000 70000 149983 -16.8397
295000 75000 149984 -15.5921
300000 75000 149984 -16.2287
290000 75000 149985 -14.552
295000 75000 149984 -15.5921
290000 80000 149986 -14.312
295000 80000 149985 -15.3027
295000 75000 149984 -15.5921
300000 75000 149984 -16.2287
295000 80000 149985 -15.3027
300000 80000 149984 -16.2988
160000 80000 149873 -126.582
165000 80000 149896 -104.184
160000 85000 149896 -104.125
165000 85000 149874 -125.722
165000 80000 149896 -104.184
170000 80000 149943 -56.84
165000 85000 149874 -125.722
170000 85000 149928 -71.9704
160000 85000 149896 -104.125
165000 85000 149874 -125.722
160000 90000 149927 -72.6053
165000 90000 149883 -117.118
165000 85000 149874 -125.722
170000 85000 149928 -71.9704
165000 90000 149883 -117.118
170000 90000 149900 -100.083
170000 80000 149943 -56.84
175000 80000 149987 -12.8621
170000 85000 149928 -71.9704
175000 85000 149961 -39.1313
175000 80000 149987 -12.8621
180000 80000 150022 21.6911
175000 85000 149961 -39.1313
180000 85000 150004 3.5686
170000 85000 149928 -71.9704
175000 85000 149961 -39.1313
170000 90000 149900 -100.083
175000 90000 149943 -57.2297
175000 85000 149961 -39.1313
180000 85000 150004 3.5686
175000 90000 149943 -57.2297
180000 90000 149987 -13.4586
180000 80000 150022 21.6911
185000 80000 150034 34.2066
180000 85000 150004 3.5686
185000 85000 150034 34.2506
185000 80000 150034 34.2066
190000 80000 150036 36.1979
185000 85000 150034 34.2506
190000 85000 150037 36.8177
180000 85000 150004 3.5686
185000 85000 150034 34.2506
180000 90000 149987 -13.4586
185000 90000 150030 29.8425
185000 85000 150034 34.2506
190000 85000 150037 36.8177
185000 90000 150030 29.8425
190000 90000 150040 39.538
190000 80000 150036 36.1979
195000 80000 150035 34.6492
190000 85000 150037 36.8177
195000 85000 150034 33.6373
195000 80000 150035 34.6492
200000 80000 150033 33.0047
195000 85000 150034 33.6373
200000 85000 150032 32.3546
190000 85000 150037 36.8177
195000 85000 150034 33.6373
190000 90000 150040 39.538
195000 90000 150034 34.2239
195000 85000 150034 33.6373
200000 85000 150032 32.3546
195000 90000 150034 34.2239
200000 90000 150031 31.4754
200000 80000 150033 33.0047
205000 80000 150029 28.7456
200000 85000 150032 32.3546
205000 85000 150030 29.5334
205000 80000 150029 28.7456
210000 80000 150023 23.1261
205000 85000 150030 29.5334
210000 85000 150026 26.3658
200000 85000 150032 32.3546
205000 85000 150030 29.5334
200000 90000 150031 31.4754
205000 90000 150029 28.7349
205000 85000 150030 29.5334
210000 85000 150026 26.3658
205000 90000 150029 28.7349
210000 90000 150023 23.0369
210000 80000 150023 23.1261
215000 80000 150018 17.5003
210000 85000 150026 26.3658
215000 85000 150020 20.1917
215000 80000 150018 17.5003
220000 80000 150012 12.1699
215000 85000 150020 20.1917
220000 85000 150013 13.2431
210000 85000 150026 26.3658
215000 85000 150020 20.1917
210000 90000 150023 23.0369
215000 90000 150017 17.2341
215000 85000 150020 20.1917
220000 85000 150013 13.2431
215000 90000 150017 17.2341
220000 90000 150011 11.383
220000 80000 150012 12.1699
225000 80000 150005 5.25154
220000 85000 150013 13.2431
225000 85000 150008 7.57594
225000 80000 150005 5.25154
230000 80000 149999 -0.819913
225000 85000 150008 7.57594
230000 85000 150004 3.74933
220000 85000 150013 13.2431
225000 85000 150008 7.57594
220000 90000 150011 11.383
225000 90000 150008 7.86876
225000 85000 150008 7.57594
230000 85000 150004 3.74933
225000 90000 150008 7.86876
230000 90000 150003 3.11584
230000 80000 149999 -0.819913
235000 80000 149997 -2.87364
230000 85000 150004 3.74933
235000 85000 150000 -0.480565
235000 80000 149997 -2.87364
240000 80000 149995 -5.15566
235000 85000 150000 -0.480565
240000 85000 149995 -5.38
230000 85000 150004 3.74933
235000 85000 150000 -0.480565
230000 90000 150003 3.11584
235000 90000 149997 -2.72292
235000 85000 150000 -0.480565
240000 85000 149995 -5.38
235000 90000 149997 -2.72292
240000 90000 149994 -6.34218
240000 80000 149995 -5.15566
245000 80000 149992 -7.5578
240000 85000 149995 -5.38
245000 85000 149991 -8.71485
245000 80000 149992 -7.5578
250000 80000 149991 -8.69696
245000 85000 149991 -8.71485
250000 85000 149990 -9.61219
240000 85000 149995 -5.38
245000 85000 149991 -8.71485
240000 90000 149994 -6.34218
245000 90000 149992 -7.71716
245000 85000 149991 -8.71485
250000 85000 149990 -9.61219
245000 90000 149992 -7.71716
250000 90000 149990 -10.1069
250000 80000 149991 -8.69696
255000 80000 149990 -10.4546
250000 85000 149990 -9.61219
255000 85000 149988 -11.707
255000 80000 149990 -10.4546
260000 80000 149988 -12.2404
255000 85000 149988 -11.707
260000 85000 149988 -12.2346
250000 85000 149990 -9.61219
255000 85000 149988 -11.707
250000 90000 149990 -10.1069
255000 90000 149989 -10.9492
255000 85000 149988 -11.707
260000 85000 149988 -12.2346
255000 90000 149989 -10.9492
260000 90000 149988 -12.0032
260000 80000 149988 -12.2404
265000 80000 149987 -12.6277
260000 85000 149988 -12.2346
265000 85000 149987 -12.61
265000 80000 149987 -12.6277
270000 80000 149987 -12.9114
265000 85000 149987 -12.61
270000 85000 149987 -12.8981
260000 85000 149988 -12.2346
265000 85000 149987 -12.61
260000 90000 149988 -12.0032
265000 90000 149987 -12.6272
265000 85000 149987 -12.61
270000 85000 149987 -12.8981
265000 90000 149987 -12.6272
270000 90000 149987 -12.9482
270000 80000 149987 -12.9114
275000 80000 149987 -13.0555
270000 85000 149987 -12.8981
275000 85000 149987 -13.1772
275000 80000 149987 -13.0555
280000 80000 149986 -13.5193
275000 85000 149987 -13.1772
280000 85000 149987 -13.3431
270000 85000 149987 -12.8981
275000 85000 149987 -13.1772
270000 90000 149987 -12.9482
275000 90000 149987 -13.2084
275000 85000 149987 -13.1772
280000 85000 149987 -13.3431
275000 90000 149987 -13.2084
280000 90000 149987 -13.3792
280000 80000 149986 -13.5193
285000 80000 149986 -13.9573
280000 85000 149987 -13.3431
285000 85000 149986 -14.2129
285000 80000 149986 -13.9573
290000 80000 149986 -14.312
285000 85000 149986 -14.2129
290000 85000 149985 -15.0035
280000 85000 149987 -13.3431
285000 85000 149986 -14.2129
280000 90000 149987 -13.3792
285000 90000 149986 -13.6301
285000 85000 149986 -14.2129
290000 85000 149985 -15.0035
285000 90000 149986 -13.6301
290000 90000 149985 -14.7893
290000 80000 149986 -14.312
295000 80000 149985 -15.3027
290000 85000 149985 -15.0035
295000 85000 149984 -15.7872
295000 80000 149985 -15.3027
300000 80000 149984 -16.2988
295000 85000 149984 -15.7872
300000 85000 149984 -16.1772
290000 85000 149985 -15.0035
295000 85000 149984 -15.7872
290000 90000 149985 -14.7893
295000 90000 149984 -15.7549
295000 85000 149984 -15.7872
300000 85000 149984 -16.1772
295000 90000 149984 -15.7549
300000 90000 149984 -16.104
160000 90000 149927 -72.6053
165000 90000 149883 -117.118
160000 95000 149943 -57.1299
165000 95000 149909 -90.9658
165000 90000 149883 -117.118
170000 90000 149900 -100.083
165000 95000 149909 -90.9658
170000 95000 149890 -110.419
160000 95000 149943 -57.1299
165000 95000 149909 -90.9658
160000 100000 149953 -47.1627
165000 100000 149931 -68.9267
165000 95000 149909 -90.9658
170000 95000 149890 -110.419
165000 100000 149931 -68.9267
170000 100000 149903 -96.7076
170000 90000 149900 -100.083
175000 90000 149943 -57.2297
170000 95000 149890 -110.419
175000 95000 149929 -71.4712
175000 90000 149943 -57.2297
180000 90000 149987 -13.4586
175000 95000 149929 -71.4712
180000 95000 149965 -34.9156
170000 95000 149890 -110.419
175000 95000 149929 -71.4712
170000 100000 149903 -96.7076
175000 100000 149915 -85.2303
175000 95000 149929 -71.4712
180000 95000 149965 -34.9156
175000 100000 149915 -85.2303
180000 100000 149947 -53.1191
180000 90000 149987 -13.4586
185000 90000 150030 29.8425
180000 95000 149965 -34.9156
185000 95000 150014 13.8244
185000 90000 150030 29.8425
190000 90000 150040 39.538
185000 95000 150014 13.8244
190000 95000 150038 37.7926
180000 95000 149965 -34.9156
185000 95000 150014 13.8244
180000 100000 149947 -53.1191
185000 100000 149995 -4.86881
185000 95000 150014 13.8244
190000 95000 150038 37.7926
185000 100000 149995 -4.86881
190000 100000 150030 30.433
190000 90000 150040 39.538
195000 90000 150034 34.2239
190000 95000 150038 37.7926
195000 95000 150036 35.5347
195000 90000 150034 34.2239
200000 90000 150031 31.4754
195000 95000 150036 35.5347
200000 95000 150031 30.702
190000 95000 150038 37.7926
195000 95000 150036 35.5347
190000 100000 150030 30.433
195000 100000 150034 33.9991
195000 95000 150036 35.5347
200000 95000 150031 30.702
195000 100000 150034 33.9991
200000 100000 150030 29.692
200000 90000 150031 31.4754
205000 90000 150029 28.7349
200000 95000 150031 30.702
205000 95000 150028 27.9646
205000 90000 150029 28.7349
210000 90000 150023 23.0369
205000 95000 150028 27.9646
210000 95000 150026 26.2683
200000 95000 150031 30.702
205000 95000 150028 27.9646
200000 100000 150030 29.692
205000 100000 150027 27.4671
205000 95000 150028 27.9646
210000 95000 150026 26.2683
205000 100000 150027 27.4671
210000 100000 150022 22.3523
210000 90000 150023 23.0369
215000 90000 150017 17.2341
210000 95000 150026 26.2683
215000 95000 150020 19.9015
215000 90000 150017 17.2341
220000 90000 150011 11.383
215000 95000 150020 19.9015
220000 95000 150013 13.075
210000 95000 150026 26.2683
215000 95000 150020 19.9015
210000 100000 150022 22.3523
215000 100000 150022 22.185
215000 95000 150020 19.9015
220000 95000 150013 13.075
215000 100000 150022 22.185
220000 100000 150016 16.1259
220000 90000 150011 11.383
225000 90000 150008 7.86876
220000 95000 150013 13.075
225000 95000 150008 7.59443
225000 90000 150008 7.86876
230000 90000 150003 3.11584
225000 95000 150008 7.59443
230000 95000 150001 1.2962
220000 95000 150013 13.075
225000 95000 150008 7.59443
220000 100000 150016 16.1259
225000 100000 150010 10.0895
225000 95000 150008 7.59443
230000 95000 150001 1.2962
225000 100000 150010 10.0895
230000 100000 150005 5.18929
230000 90000 150003 3.11584
235000 90000 149997 -2.72292
230000 95000 150001 1.2962
235000 95000 149998 -2.11178
235000 90000 149997 -2.72292
240000 90000 149994 -6.34218
235000 95000 149998 -2.11178
240000 95000 149996 -3.60114
230000 95000 150001 1.2962
235000 95000 149998 -2.11178
230000 100000 150005 5.18929
235000 100000 150000 -0.106466
235000 95000 149998 -2.11178
240000 95000 149996 -3.60114
235000 100000 150000 -0.106466
240000 100000 149995 -5.28607
240000 90000 149994 -6.34218
245000 90000 149992 -7.71716
240000 95000 149996 -3.60114
245000 95000 149994 -6.23818
245000 90000 149992 -7.71716
250000 90000 149990 -10.1069
245000 95000 149994 -6.23818
250000 95000 149990 -10.2772
240000 95000 149996 -3.60114
245000 95000 149994 -6.23818
240000 100000 149995 -5.28607
245000 100000 149991 -8.95566
245000 95000 149994 -6.23818
250000 95000 149990 -10.2772
245000 100000 149991 -8.95566
250000 100000 149990 -9.90667
250000 90000 149990 -10.1069
255000 90000 149989 -10.9492
250000 95000 149990 -10.2772
255000 95000 149988 -11.8217
255000 90000 149989 -10.9492
260000 90000 149988 -12.0032
255000 95000 149988 -11.8217
260000 95000 149988 -12.2394
250000 95000 149990 -10.2772
255000 95000 149988 -11.8217
250000 100000 149990 -9.90667
255000 100000 149988 -11.5822
255000 95000 149988 -11.8217
260000 95000 149988 -12.2394
255000 100000 149988 -11.5822
260000 100000 149988 -12.147
260000 90000 149988 -12.0032
265000 90000 149987 -12.6272
260000 95000 149988 -12.2394
265000 95000 149987 -12.6504
265000 90000 149987 -12.6272
270000 90000 149987 -12.9482
265000 95000 149987 -12.6504
270000 95000 149987 -13.0477
260000 95000 149988 -12.2394
265000 95000 149987 -12.6504
260000 100000 149988 -12.147
265000 100000 149988 -12.3244
265000 95000 149987 -12.6504
270000 95000 149987 -13.0477
265000 100000 149988 -12.3244
270000 100000 149987 -12.9023
270000 90000 149987 -12.9482
275000 90000 149987 -13.2084
270000 95000 149987 -13.0477
275000 95000 149987 -13.3267
275000 90000 149987 -13.2084
280000 90000 149987 -13.3792
275000 95000 149987 -13.3267
280000 95000 149986 -14.1143
270000 95000 149987 -13.0477
275000 95000 149987 -13.3267
270000 100000 149987 -12.9023
275000 100000 149987 -13.3306
275000 95000 149987 -13.3267
280000 95000 149986 -14.1143
275000 100000 149987 -13.3306
280000 100000 149986 -13.8333
280000 90000 149987 -13.3792
285000 90000 149986 -13.6301
280000 95000 149986 -14.1143
285000 95000 149986 -13.8264
285000 90000 149986 -13.6301
290000 90000 149985 -14.7893
285000 95000 149986 -13.8264
290000 95000 149985 -14.5424
280000 95000 149986 -14.1143
285000 95000 149986 -13.8264
280000 100000 149986 -13.8333
285000 100000 149986 -14.2928
285000 95000 149986 -13.8264
290000 95000 149985 -14.5424
285000 100000 149986 -14.2928
290000 100000 149985 -14.7
290000 90000 149985 -14.7893
295000 90000 149984 -15.7549
290000 95000 149985 -14.5424
295000 95000 149985 -15.1414
295000 90000 149984 -15.7549
300000 90000 149984 -16.104
295000 95000 149985 -15.1414
300000 95000 149984 -16.1631
290000 95000 149985 -14.5424
295000 95000 149985 -15.1414
290000 100000 149985 -14.7
295000 100000 149984 -15.9005
295000 95000 149985 -15.1414
300000 95000 149984 -16.1631
295000 100000 149984 -15.9005
300000 100000 149984 -16.3657
160000 100000 149953 -47.1627
165000 100000 149931 -68.9267
160000 105000 149959 -41.0792
165000 105000 149941 -58.8461
165000 100000 149931 -68.9267
170000 100000 149903 -96.7076
165000 105000 149941 -58.8461
170000 105000 149926 -74.1911
160000 105000 149959 -41.0792
165000 105000 149941 -58.8461
160000 110000 149963 -37.1152
165000 110000 149945 -55.4739
165000 105000 149941 -58.8461
170000 105000 149926 -74.1911
165000 110000 149945 -55.4739
170000 110000 149939 -61.1018
170000 100000 149903 -96.7076
175000 100000 149915 -85.2303
170000 105000 149926 -74.1911
175000 105000 149927 -72.5815
175000 100000 149915 -85.2303
180000 100000 149947 -53.1191
175000 105000 149927 -72.5815
180000 105000 149946 -53.9421
170000 105000 149926 -74.1911
175000 105000 149927 -72.5815
170000 110000 149939 -61.1018
175000 110000 149940 -60.1888
175000 105000 149927 -72.5815
180000 105000 149946 -53.9421
175000 110000 149940 -60.1888
180000 110000 149951 -48.8869
180000 100000 149947 -53.1191
185000 100000 149995 -4.86881
180000 105000 149946 -53.9421
185000 105000 149982 -17.8477
185000 100000 149995 -4.86881
190000 100000 150030 30.433
185000 105000 149982 -17.8477
190000 105000 150016 16.2502
180000 105000 149946 -53.9421
185000 105000 149982 -17.8477
180000 110000 149951 -48.8869
185000 110000 149976 -24.2236
185000 105000 149982 -17.8477
190000 105000 150016 16.2502
185000 110000 149976 -24.2236
190000 110000 150002 1.81147
190000 100000 150030 30.433
195000 100000 150034 33.9991
190000 105000 150016 16.2502
195000 105000 150028 27.7436
195000 100000 150034 33.9991
200000 100000 150030 29.692
195000 105000 150028 27.7436
200000 105000 150027 26.7128
190000 105000 150016 16.2502
195000 105000 150028 27.7436
190000 110000 150002 1.81147
195000 110000 150018 17.6475
195000 105000 150028 27.7436
200000 105000 150027 26.7128
195000 110000 150018 17.6475
200000 110000 150022 22.4956
200000 100000 150030 29.692
205000 100000 150027 27.4671
200000 105000 150027 26.7128
205000 105000 150026 25.527
205000 100000 150027 27.4671
210000 100000 150022 22.3523
205000 105000 150026 25.527
210000 105000 150023 22.5027
200000 105000 150027 26.7128
205000 105000 150026 25.527
200000 110000 150022 22.4956
205000 110000 150025 24.5307
205000 105000 150026 25.527
210000 105000 150023 22.5027
205000 110000 150025 24.5307
210000 110000 150021 21.2754
210000 100000 150022 22.3523
215000 100000 150022 22.185
210000 105000 150023 22.5027
215000 105000 150015 15.3329
215000 100000 150022 22.185
220000 100000 150016 16.1259
215000 105000 150015 15.3329
220000 105000 150015 15.3718
210000 105000 150023 22.5027
215000 105000 150015 15.3329
210000 110000 150021 21.2754
215000 110000 150016 15.9678
215000 105000 150015 15.3329
220000 105000 150015 15.3718
215000 110000 150016 15.9678
220000 110000 150008 8.34596
220000 100000 150016 16.1259
225000 100000 150010 10.0895
220000 105000 150015 15.3718
225000 105000 150012 12.2168
225000 100000 150010 10.0895
230000 100000 150005 5.18929
225000 105000 150012 12.2168
230000 105000 150005 5.38082
220000 105000 150015 15.3718
225000 105000 150012 12.2168
220000 110000 150008 8.34596
225000 110000 150008 8.18354
225000 105000 150012 12.2168
230000 105000 150005 5.38082
225000 110000 150008 8.18354
230000 110000 150005 5.13382
230000 100000 150005 5.18929
235000 100000 150000 -0.106466
230000 105000 150005 5.38082
235000 105000 150000 -0.271202
235000 100000 150000 -0.106466
240000 100000 149995 -5.28607
235000 105000 150000 -0.271202
240000 105000 149997 -2.94511
230000 105000 150005 5.38082
235000 105000 150000 -0.271202
230000 110000 150005 5.13382
235000 110000 150000 -0.386928
235000 105000 150000 -0.271202
240000 105000 149997 -2.94511
235000 110000 150000 -0.386928
240000 110000 149992 -7.69301
240000 100000 149995 -5.28607
245000 100000 149991 -8.95566
240000 105000 149997 -2.94511
245000 105000 149993 -6.56384
245000 100000 149991 -8.95566
250000 100000 149990 -9.90667
245000 105000 149993 -6.56384
250000 105000 149991 -9.40112
240000 105000 149997 -2.94511
245000 105000 149993 -6.56384
240000 110000 149992 -7.69301
245000 110000 149992 -7.87668
245000 105000 149993 -6.56384
250000 105000 149991 -9.40112
245000 110000 149992 -7.87668
250000 110000 149991 -9.08394
250000 100000 149990 -9.90667
255000 100000 149988 -11.5822
250000 105000 149991 -9.40112
255000 105000 149989 -11.1878
255000 100000 149988 -11.5822
260000 100000 149988 -12.147
255000 105000 149989 -11.1878
260000 105000 149989 -11.3448
250000 105000 149991 -9.40112
255000 105000 149989 -11.1878
250000 110000 149991 -9.08394
255000 110000 149990 -9.88289
255000 105000 149989 -11.1878
260000 105000 149989 -11.3448
255000 110000 149990 -9.88289
260000 110000 149988 -11.724
260000 100000 149988 -12.147
265000 100000 149988 -12.3244
260000 105000 149989 -11.3448
265000 105000 149988 -12.1777
265000 100000 149988 -12.3244
270000 100000 149987 -12.9023
265000 105000 149988 -12.1777
270000 105000 149987 -13.4565
260000 105000 149989 -11.3448
265000 105000 149988 -12.1777
260000 110000 149988 -11.724
265000 110000 149987 -12.6786
265000 105000 149988 -12.1777
270000 105000 149987 -13.4565
265000 110000 149987 -12.6786
270000 110000 149986 -13.7063
270000 100000 149987 -12.9023
275000 100000 149987 -13.3306
270000 105000 149987 -13.4565
275000 105000 149987 -13.4472
275000 100000 149987 -13.3306
280000 100000 149986 -13.8333
275000 105000 149987 -13.4472
280000 105000 149986 -13.9249
270000 105000 149987 -13.4565
275000 105000 149987 -13.4472
270000 110000 149986 -13.7063
275000 110000 149986 -13.9655
275000 105000 149987 -13.4472
280000 105000 149986 -13.9249
275000 110000 149986 -13.9655
280000 110000 149986 -14.1146
280000 100000 149986 -13.8333
285000 100000 149986 -14.2928
280000 105000 149986 -13.9249
285000 105000 149985 -14.7905
285000 100000 149986 -14.2928
290000 100000 149985 -14.7
285000 105000 149985 -14.7905
290000 105000 149985 -15.314
280000 105000 149986 -13.9249
285000 105000 149985 -14.7905
280000 110000 149986 -14.1146
285000 110000 149986 -14.4585
285000 105000 149985 -14.7905
290000 105000 149985 -15.314
285000 110000 149986 -14.4585
290000 110000 149985 -14.9204
290000 100000 149985 -14.7
295000 100000 149984 -15.9005
290000 105000 149985 -15.314
295000 105000 149984 -15.8652
295000 100000 149984 -15.9005
300000 100000 149984 -16.3657
295000 105000 149984 -15.8652
300000 105000 149984 -16.3692
290000 105000 149985 -15.314
295000 105000 149984 -15.8652
290000 110000 149985 -14.9204
295000 110000 149984 -15.7119
295000 105000 149984 -15.8652
300000 105000 149984 -16.3692
295000 110000 149984 -15.7119
300000 110000 149984 -16.376
160000 110000 149963 -37.1152
165000 110000 149945 -55.4739
160000 115000 149952 -48.111
165000 115000 149947 -52.5421
165000 110000 149945 -55.4739
170000 110000 149939 -61.1018
165000 115000 149947 -52.5421
170000 115000 149944 -55.6818
160000 115000 149952 -48.111
165000 115000 149947 -52.5421
160000 120000 149967 -32.764
165000 120000 149955 -45.4917
165000 115000 149947 -52.5421
170000 115000 149944 -55.6818
165000 120000 149955 -45.4917
170000 120000 149947 -52.5822
170000 110000 149939 -61.1018
175000 110000 149940 -60.1888
170000 115000 149944 -55.6818
175000 115000 149946 -53.554
175000 110000 149940 -60.1888
180000 110000 149951 -48.8869
175000 115000 149946 -53.554
180000 115000 149952 -48.0398
170000 115000 149944 -55.6818
175000 115000 149946 -53.554
170000 120000 149947 -52.5822
175000 120000 149950 -50.2327
175000 115000 149946 -53.554
180000 115000 149952 -48.0398
175000 120000 149950 -50.2327
180000 120000 149959 -41.0326
180000 110000 149951 -48.8869
185000 110000 149976 -24.2236
180000 115000 149952 -48.0398
185000 115000 149967 -32.6854
185000 110000 149976 -24.2236
190000 110000 150002 1.81147
185000 115000 149967 -32.6854
190000 115000 149989 -10.7685
180000 115000 149952 -48.0398
185000 115000 149967 -32.6854
180000 120000 149959 -41.0326
185000 120000 149973 -26.8955
185000 115000 149967 -32.6854
190000 115000 149989 -10.7685
185000 120000 149973 -26.8955
190000 120000 149991 -8.89416
190000 110000 150002 1.81147
195000 110000 150018 17.6475
190000 115000 149989 -10.7685
195000 115000 150005 5.0996
195000 110000 150018 17.6475
200000 110000 150022 22.4956
195000 115000 150005 5.0996
200000 115000 150020 20.1089
190000 115000 149989 -10.7685
195000 115000 150005 5.0996
190000 120000 149991 -8.89416
195000 120000 150011 10.9351
195000 115000 150005 5.0996
200000 115000 150020 20.1089
195000 120000 150011 10.9351
200000 120000 150022 22.1007
200000 110000 150022 22.4956
205000 110000 150025 24.5307
200000 115000 150020 20.1089
205000 115000 150025 25.112
205000 110000 150025 24.5307
210000 110000 150021 21.2754
205000 115000 150025 25.112
210000 115000 150024 24.1491
200000 115000 150020 20.1089
205000 115000 150025 25.112
200000 120000 150022 22.1007
205000 120000 150025 25.4875
205000 115000 150025 25.112
210000 115000 150024 24.1491
205000 120000 150025 25.4875
210000 120000 150024 24.2341
210000 110000 150021 21.2754
215000 110000 150016 15.9678
210000 115000 150024 24.1491
215000 115000 150018 18.0384
215000 110000 150016 15.9678
220000 110000 150008 8.34596
215000 115000 150018 18.0384
220000 115000 150013 13.2413
210000 115000 150024 24.1491
215000 115000 150018 18.0384
210000 120000 150024 24.2341
215000 120000 150021 20.8991
215000 115000 150018 18.0384
220000 115000 150013 13.2413
215000 120000 150021 20.8991
220000 120000 150016 16.3851
220000 110000 150008 8.34596
225000 110000 150008 8.18354
220000 115000 150013 13.2413
225000 115000 150007 6.94079
225000 110000 150008 8.18354
230000 110000 150005 5.13382
225000 115000 150007 6.94079
230000 115000 149999 -1.31341
220000 115000 150013 13.2413
225000 115000 150007 6.94079
220000 120000 150016 16.3851
225000 120000 150011 11.1813
225000 115000 150007 6.94079
230000 115000 149999 -1.31341
225000 120000 150011 11.1813
230000 120000 150005 5.13435
230000 110000 150005 5.13382
235000 110000 150000 -0.386928
230000 115000 149999 -1.31341
235000 115000 149996 -4.28832
235000 110000 150000 -0.386928
240000 110000 149992 -7.69301
235000 115000 149996 -4.28832
240000 115000 149998 -2.35988
230000 115000 149999 -1.31341
235000 115000 149996 -4.28832
230000 120000 150005 5.13435
235000 120000 150002 1.69195
235000 115000 149996 -4.28832
240000 115000 149998 -2.35988
235000 120000 150002 1.69195
240000 120000 149999 -0.908343
240000 110000 149992 -7.69301
245000 110000 149992 -7.87668
240000 115000 149998 -2.35988
245000 115000 149995 -4.74446
245000 110000 149992 -7.87668
250000 110000 149991 -9.08394
245000 115000 149995 -4.74446
250000 115000 149993 -7.12482
240000 115000 149998 -2.35988
245000 115000 149995 -4.74446
240000 120000 149999 -0.908343
245000 120000 149996 -4.32611
245000 115000 149995 -4.74446
250000 115000 149993 -7.12482
245000 120000 149996 -4.32611
250000 120000 149993 -7.24281
250000 110000 149991 -9.08394
255000 110000 149990 -9.88289
250000 115000 149993 -7.12482
255000 115000 149990 -9.77014
255000 110000 149990 -9.88289
260000 110000 149988 -11.724
255000 115000 149990 -9.77014
260000 115000 149988 -12.1082
250000 115000 149993 -7.12482
255000 115000 149990 -9.77014
250000 120000 149993 -7.24281
255000 120000 149990 -10.0628
255000 115000 149990 -9.77014
260000 115000 149988 -12.1082
255000 120000 149990 -10.0628
260000 120000 149989 -10.9528
260000 110000 149988 -11.724
265000 110000 149987 -12.6786
260000 115000 149988 -12.1082
265000 115000 149987 -13.3115
265000 110000 149987 -12.6786
270000 110000 149986 -13.7063
265000 115000 149987 -13.3115
270000 115000 149987 -13.0174
260000 115000 149988 -12.1082
265000 115000 149987 -13.3115
260000 120000 149989 -10.9528
265000 120000 149988 -12.3581
265000 115000 149987 -13.3115
270000 115000 149987 -13.0174
265000 120000 149988 -12.3581
270000 120000 149987 -13.1398
270000 110000 149986 -13.7063
275000 110000 149986 -13.9655
270000 115000 149987 -13.0174
275000 115000 149987 -13.4257
275000 110000 149986 -13.9655
280000 110000 149986 -14.1146
275000 115000 149987 -13.4257
280000 115000 149986 -13.9946
270000 115000 149987 -13.0174
275000 115000 149987 -13.4257
270000 120000 149987 -13.1398
275000 120000 149986 -13.669
275000 115000 149987 -13.4257
280000 115000 149986 -13.9946
275000 120000 149986 -13.669
280000 120000 149986 -13.5744
280000 110000 149986 -14.1146
285000 110000 149986 -14.4585
280000 115000 149986 -13.9946
285000 115000 149985 -14.9003
285000 110000 149986 -14.4585
290000 110000 149985 -14.9204
285000 115000 149985 -14.9003
290000 115000 149984 -15.5098
280000 115000 149986 -13.9946
285000 115000 149985 -14.9003
280000 120000 149986 -13.5744
285000 120000 149985 -14.7439
285000 115000 149985 -14.9003
290000 115000 149984 -15.5098
285000 120000 149985 -14.7439
290000 120000 149984 -15.9234
290000 110000 149985 -14.9204
295000 110000 149984 -15.7119
290000 115000 149984 -15.5098
295000 115000 149984 -15.9928
295000 110000 149984 -15.7119
300000 110000 149984 -16.376
295000 115000 149984 -15.9928
300000 115000 149984 -16.243
290000 115000 149984 -15.5098
295000 115000 149984 -15.9928
290000 120000 149984 -15.9234
295000 120000 149984 -16.382
295000 115000 149984 -15.9928
300000 115000 149984 -16.243
295000 120000 149984 -16.382
300000 120000 149984 -16.3881
