# x y z topography
0 0 149988 -11.6502
5000 0 149987 -13.3826
0 5000 149988 -11.5467
5000 5000 149993 -6.7299
5000 0 149987 -13.3826
10000 0 149993 -7.10826
5000 5000 149993 -6.7299
10000 5000 149990 -9.83562
0 5000 149988 -11.5467
5000 5000 149993 -6.7299
0 10000 149989 -10.6702
5000 10000 149994 -6.10562
5000 5000 149993 -6.7299
10000 5000 149990 -9.83562
5000 10000 149994 -6.10562
10000 10000 149991 -9.21736
10000 0 149993 -7.10826
15000 0 149989 -10.7042
10000 5000 149990 -9.83562
15000 5000 149993 -6.81883
15000 0 149989 -10.7042
20000 0 149993 -6.57763
15000 5000 149993 -6.81883
20000 5000 149991 -8.85124
10000 5000 149990 -9.83562
15000 5000 149993 -6.81883
10000 10000 149991 -9.21736
15000 10000 149988 -11.6449
15000 5000 149993 -6.81883
20000 5000 149991 -8.85124
15000 10000 149988 -11.6449
20000 10000 149994 -6.27971
20000 0 149993 -6.57763
25000 0 149993 -6.778
20000 5000 149991 -8.85124
25000 5000 149990 -10.4121
25000 0 149993 -6.778
30000 0 149989 -11.4709
25000 5000 149990 -10.4121
30000 5000 149994 -6.21932
20000 5000 149991 -8.85124
25000 5000 149990 -10.4121
20000 10000 149994 -6.27971
25000 10000 149993 -7.19006
25000 5000 149990 -10.4121
30000 5000 149994 -6.21932
25000 10000 149993 -7.19006
30000 10000 149993 -6.94382
30000 0 149989 -11.4709
35000 0 149995 -5.22092
30000 5000 149994 -6.21932
35000 5000 149989 -10.7297
35000 0 149995 -5.22092
40000 0 149989 -10.8621
35000 5000 149989 -10.7297
40000 5000 149990 -10.4367
30000 5000 149994 -6.21932
35000 5000 149989 -10.7297
30000 10000 149993 -6.94382
35000 10000 149989 -11.4794
35000 5000 149989 -10.7297
40000 5000 149990 -10.4367
35000 10000 149989 -11.4794
40000 10000 149991 -9.46261
40000 0 149989 -10.8621
45000 0 149991 -9.43387
40000 5000 149990 -10.4367
45000 5000 149990 -9.59736
45000 0 149991 -9.43387
50000 0 149993 -7.18369
45000 5000 149990 -9.59736
50000 5000 149991 -9.29624
40000 5000 149990 -10.4367
45000 5000 149990 -9.59736
40000 10000 149991 -9.46261
45000 10000 149990 -9.71706
45000 5000 149990 -9.59736
50000 5000 149991 -9.29624
45000 10000 149990 -9.71706
50000 10000 149991 -8.53443
50000 0 149993 -7.18369
55000 0 149992 -8.14699
50000 5000 149991 -9.29624
55000 5000 149991 -8.94615
55000 0 149992 -8.14699
60000 0 149997 -2.76348
55000 5000 149991 -8.94615
60000 5000 149995 -5.23594
50000 5000 149991 -9.29624
55000 5000 149991 -8.94615
50000 10000 149991 -8.53443
55000 10000 149993 -6.87102
55000 5000 149991 -8.94615
60000 5000 149995 -5.23594
55000 10000 149993 -6.87102
60000 10000 149993 -6.65184
60000 0 149997 -2.76348
65000 0 149992 -7.97627
60000 5000 149995 -5.23594
65000 5000 149999 -0.712648
65000 0 149992 -7.97627
70000 0 149999 -1.26784
65000 5000 149999 -0.712648
70000 5000 149998 -2.14901
60000 5000 149995 -5.23594
65000 5000 149999 -0.712648
60000 10000 149993 -6.65184
65000 10000 149994 -5.92457
65000 5000 149999 -0.712648
70000 5000 149998 -2.14901
65000 10000 149994 -5.92457
70000 10000 149995 -5.46106
70000 0 149999 -1.26784
75000 0 149993 -6.57302
70000 5000 149998 -2.14901
75000 5000 149999 -1.26184
75000 0 149993 -6.57302
80000 0 150002 1.854
75000 5000 149999 -1.26184
80000 5000 150000 -0.286478
70000 5000 149998 -2.14901
75000 5000 149999 -1.26184
70000 10000 149995 -5.46106
75000 10000 149999 -1.4161
75000 5000 149999 -1.26184
80000 5000 150000 -0.286478
75000 10000 149999 -1.4161
80000 10000 149999 -0.721893
0 10000 149989 -10.6702
5000 10000 149994 -6.10562
0 15000 149990 -10.115
5000 15000 149990 -9.92383
5000 10000 149994 -6.10562
10000 10000 149991 -9.21736
5000 15000 149990 -9.92383
10000 15000 149989 -11.1802
0 15000 149990 -10.115
5000 15000 149990 -9.92383
0 20000 149993 -7.24292
5000 20000 149992 -8.06802
5000 15000 149990 -9.92383
10000 15000 149989 -11.1802
5000 20000 149992 -8.06802
10000 20000 149990 -10.4872
10000 10000 149991 -9.21736
15000 10000 149988 -11.6449
10000 15000 149989 -11.1802
15000 15000 149990 -10.1531
15000 10000 149988 -11.6449
20000 10000 149994 -6.27971
15000 15000 149990 -10.1531
20000 15000 149991 -8.94417
10000 15000 149989 -11.1802
15000 15000 149990 -10.1531
10000 20000 149990 -10.4872
15000 20000 149988 -11.7274
15000 15000 149990 -10.1531
20000 15000 149991 -8.94417
15000 20000 149988 -11.7274
20000 20000 149994 -5.83235
20000 10000 149994 -6.27971
25000 10000 149993 -7.19006
20000 15000 149991 -8.94417
25000 15000 149990 -9.76184
25000 10000 149993 -7.19006
30000 10000 149993 -6.94382
25000 15000 149990 -9.76184
30000 15000 149989 -10.5889
20000 15000 149991 -8.94417
25000 15000 149990 -9.76184
20000 20000 149994 -5.83235
25000 20000 149988 -11.9468
25000 15000 149990 -9.76184
30000 15000 149989 -10.5889
25000 20000 149988 -11.9468
30000 20000 149990 -9.62296
30000 10000 149993 -6.94382
35000 10000 149989 -11.4794
30000 15000 149989 -10.5889
35000 15000 149995 -5.25419
35000 10000 149989 -11.4794
40000 10000 149991 -9.46261
35000 15000 149995 -5.25419
40000 15000 149991 -8.60501
30000 15000 149989 -10.5889
35000 15000 149995 -5.25419
30000 20000 149990 -9.62296
35000 20000 149994 -6.21463
35000 15000 149995 -5.25419
40000 15000 149991 -8.60501
35000 20000 149994 -6.21463
40000 20000 149994 -5.52359
40000 10000 149991 -9.46261
45000 10000 149990 -9.71706
40000 15000 149991 -8.60501
45000 15000 149992 -8.39849
45000 10000 149990 -9.71706
50000 10000 149991 -8.53443
45000 15000 149992 -8.39849
50000 15000 149992 -8.14081
40000 15000 149991 -8.60501
45000 15000 149992 -8.39849
40000 20000 149994 -5.52359
45000 20000 149992 -8.372
45000 15000 149992 -8.39849
50000 15000 149992 -8.14081
45000 20000 149992 -8.372
50000 20000 149992 -8.07744
50000 10000 149991 -8.53443
55000 10000 149993 -6.87102
50000 15000 149992 -8.14081
55000 15000 149993 -6.98602
55000 10000 149993 -6.87102
60000 10000 149993 -6.65184
55000 15000 149993 -6.98602
60000 15000 149996 -4.00396
50000 15000 149992 -8.14081
55000 15000 149993 -6.98602
50000 20000 149992 -8.07744
55000 20000 149992 -7.91353
55000 15000 149993 -6.98602
60000 15000 149996 -4.00396
55000 20000 149992 -7.91353
60000 20000 149993 -7.38232
60000 10000 149993 -6.65184
65000 10000 149994 -5.92457
60000 15000 149996 -4.00396
65000 15000 149995 -5.09373
65000 10000 149994 -5.92457
70000 10000 149995 -5.46106
65000 15000 149995 -5.09373
70000 15000 149995 -5.47576
60000 15000 149996 -4.00396
65000 15000 149995 -5.09373
60000 20000 149993 -7.38232
65000 20000 149997 -3.42826
65000 15000 149995 -5.09373
70000 15000 149995 -5.47576
65000 20000 149997 -3.42826
70000 20000 149997 -3.21846
70000 10000 149995 -5.46106
75000 10000 149999 -1.4161
70000 15000 149995 -5.47576
75000 15000 150001 0.573784
75000 10000 149999 -1.4161
80000 10000 149999 -0.721893
75000 15000 150001 0.573784
80000 15000 149997 -2.86824
70000 15000 149995 -5.47576
75000 15000 150001 0.573784
70000 20000 149997 -3.21846
75000 20000 149999 -1.23327
75000 15000 150001 0.573784
80000 15000 149997 -2.86824
75000 20000 149999 -1.23327
80000 20000 149996 -3.56728
0 20000 149993 -7.24292
5000 20000 149992 -8.06802
0 25000 149989 -10.5088
5000 25000 149990 -10.1633
5000 20000 149992 -8.06802
10000 20000 149990 -10.4872
5000 25000 149990 -10.1633
10000 25000 149989 -10.9659
0 25000 149989 -10.5088
5000 25000 149990 -10.1633
0 30000 149988 -11.86
5000 30000 149991 -9.25377
5000 25000 149990 -10.1633
10000 25000 149989 -10.9659
5000 30000 149991 -9.25377
10000 30000 149991 -8.84976
10000 20000 149990 -10.4872
15000 20000 149988 -11.7274
10000 25000 149989 -10.9659
15000 25000 149992 -7.86727
15000 20000 149988 -11.7274
20000 20000 149994 -5.83235
15000 25000 149992 -7.86727
20000 25000 149990 -10.3949
10000 25000 149989 -10.9659
15000 25000 149992 -7.86727
10000 30000 149991 -8.84976
15000 30000 149990 -10.0932
15000 25000 149992 -7.86727
20000 25000 149990 -10.3949
15000 30000 149990 -10.0932
20000 30000 149993 -6.91665
20000 20000 149994 -5.83235
25000 20000 149988 -11.9468
20000 25000 149990 -10.3949
25000 25000 149988 -11.9747
25000 20000 149988 -11.9468
30000 20000 149990 -9.62296
25000 25000 149988 -11.9747
30000 25000 149992 -7.8331
20000 25000 149990 -10.3949
25000 25000 149988 -11.9747
20000 30000 149993 -6.91665
25000 30000 149994 -5.55245
25000 25000 149988 -11.9747
30000 25000 149992 -7.8331
25000 30000 149994 -5.55245
30000 30000 149990 -10.0633
30000 20000 149990 -9.62296
35000 20000 149994 -6.21463
30000 25000 149992 -7.8331
35000 25000 149994 -6.13985
35000 20000 149994 -6.21463
40000 20000 149994 -5.52359
35000 25000 149994 -6.13985
40000 25000 149995 -4.9974
30000 25000 149992 -7.8331
35000 25000 149994 -6.13985
30000 30000 149990 -10.0633
35000 30000 149990 -10.4259
35000 25000 149994 -6.13985
40000 25000 149995 -4.9974
35000 30000 149990 -10.4259
40000 30000 149995 -5.36603
40000 20000 149994 -5.52359
45000 20000 149992 -8.372
40000 25000 149995 -4.9974
45000 25000 149994 -5.99906
45000 20000 149992 -8.372
50000 20000 149992 -8.07744
45000 25000 149994 -5.99906
50000 25000 149996 -3.68469
40000 25000 149995 -4.9974
45000 25000 149994 -5.99906
40000 30000 149995 -5.36603
45000 30000 149991 -8.62273
45000 25000 149994 -5.99906
50000 25000 149996 -3.68469
45000 30000 149991 -8.62273
50000 30000 149994 -5.72021
50000 20000 149992 -8.07744
55000 20000 149992 -7.91353
50000 25000 149996 -3.68469
55000 25000 149996 -4.27085
55000 20000 149992 -7.91353
60000 20000 149993 -7.38232
55000 25000 149996 -4.27085
60000 25000 149997 -2.50205
50000 25000 149996 -3.68469
55000 25000 149996 -4.27085
50000 30000 149994 -5.72021
55000 30000 149995 -5.42995
55000 25000 149996 -4.27085
60000 25000 149997 -2.50205
55000 30000 149995 -5.42995
60000 30000 149993 -7.46573
60000 20000 149993 -7.38232
65000 20000 149997 -3.42826
60000 25000 149997 -2.50205
65000 25000 149998 -2.35519
65000 20000 149997 -3.42826
70000 20000 149997 -3.21846
65000 25000 149998 -2.35519
70000 25000 149994 -5.91247
60000 25000 149997 -2.50205
65000 25000 149998 -2.35519
60000 30000 149993 -7.46573
65000 30000 149994 -6.33097
65000 25000 149998 -2.35519
70000 25000 149994 -5.91247
65000 30000 149994 -6.33097
70000 30000 149996 -4.44292
70000 20000 149997 -3.21846
75000 20000 149999 -1.23327
70000 25000 149994 -5.91247
75000 25000 149999 -0.56161
75000 20000 149999 -1.23327
80000 20000 149996 -3.56728
75000 25000 149999 -0.56161
80000 25000 150000 -0.0681974
70000 25000 149994 -5.91247
75000 25000 149999 -0.56161
70000 30000 149996 -4.44292
75000 30000 149996 -4.17257
75000 25000 149999 -0.56161
80000 25000 150000 -0.0681974
75000 30000 149996 -4.17257
80000 30000 149996 -4.01728
0 30000 149988 -11.86
5000 30000 149991 -9.25377
0 35000 149992 -8.21134
5000 35000 149992 -8.10212
5000 30000 149991 -9.25377
10000 30000 149991 -8.84976
5000 35000 149992 -8.10212
10000 35000 149989 -10.5324
0 35000 149992 -8.21134
5000 35000 149992 -8.10212
0 40000 149993 -7.38332
5000 40000 149990 -10.0152
5000 35000 149992 -8.10212
10000 35000 149989 -10.5324
5000 40000 149990 -10.0152
10000 40000 149992 -8.26617
10000 30000 149991 -8.84976
15000 30000 149990 -10.0932
10000 35000 149989 -10.5324
15000 35000 149988 -11.8976
15000 30000 149990 -10.0932
20000 30000 149993 -6.91665
15000 35000 149988 -11.8976
20000 35000 149989 -10.5322
10000 35000 149989 -10.5324
15000 35000 149988 -11.8976
10000 40000 149992 -8.26617
15000 40000 149990 -9.86776
15000 35000 149988 -11.8976
20000 35000 149989 -10.5322
15000 40000 149990 -9.86776
20000 40000 149994 -6.24252
20000 30000 149993 -6.91665
25000 30000 149994 -5.55245
20000 35000 149989 -10.5322
25000 35000 149989 -10.555
25000 30000 149994 -5.55245
30000 30000 149990 -10.0633
25000 35000 149989 -10.555
30000 35000 149991 -8.607
20000 35000 149989 -10.5322
25000 35000 149989 -10.555
20000 40000 149994 -6.24252
25000 40000 149989 -11.0111
25000 35000 149989 -10.555
30000 35000 149991 -8.607
25000 40000 149989 -11.0111
30000 40000 149993 -7.40809
30000 30000 149990 -10.0633
35000 30000 149990 -10.4259
30000 35000 149991 -8.607
35000 35000 149991 -9.21156
35000 30000 149990 -10.4259
40000 30000 149995 -5.36603
35000 35000 149991 -9.21156
40000 35000 149994 -6.25461
30000 35000 149991 -8.607
35000 35000 149991 -9.21156
30000 40000 149993 -7.40809
35000 40000 149989 -11.4331
35000 35000 149991 -9.21156
40000 35000 149994 -6.25461
35000 40000 149989 -11.4331
40000 40000 149993 -7.24087
40000 30000 149995 -5.36603
45000 30000 149991 -8.62273
40000 35000 149994 -6.25461
45000 35000 149991 -8.65771
45000 30000 149991 -8.62273
50000 30000 149994 -5.72021
45000 35000 149991 -8.65771
50000 35000 149992 -8.34999
40000 35000 149994 -6.25461
45000 35000 149991 -8.65771
40000 40000 149993 -7.24087
45000 40000 149990 -9.5857
45000 35000 149991 -8.65771
50000 35000 149992 -8.34999
45000 40000 149990 -9.5857
50000 40000 149991 -9.07701
50000 30000 149994 -5.72021
55000 30000 149995 -5.42995
50000 35000 149992 -8.34999
55000 35000 149994 -5.69048
55000 30000 149995 -5.42995
60000 30000 149993 -7.46573
55000 35000 149994 -5.69048
60000 35000 149994 -6.17264
50000 35000 149992 -8.34999
55000 35000 149994 -5.69048
50000 40000 149991 -9.07701
55000 40000 149992 -7.89877
55000 35000 149994 -5.69048
60000 35000 149994 -6.17264
55000 40000 149992 -7.89877
60000 40000 149993 -6.65268
60000 30000 149993 -7.46573
65000 30000 149994 -6.33097
60000 35000 149994 -6.17264
65000 35000 149995 -5.22112
65000 30000 149994 -6.33097
70000 30000 149996 -4.44292
65000 35000 149995 -5.22112
70000 35000 149993 -7.47799
60000 35000 149994 -6.17264
65000 35000 149995 -5.22112
60000 40000 149993 -6.65268
65000 40000 149995 -5.27072
65000 35000 149995 -5.22112
70000 35000 149993 -7.47799
65000 40000 149995 -5.27072
70000 40000 149996 -4.25407
70000 30000 149996 -4.44292
75000 30000 149996 -4.17257
70000 35000 149993 -7.47799
75000 35000 149994 -5.55058
75000 30000 149996 -4.17257
80000 30000 149996 -4.01728
75000 35000 149994 -5.55058
80000 35000 149998 -1.98203
70000 35000 149993 -7.47799
75000 35000 149994 -5.55058
70000 40000 149996 -4.25407
75000 40000 150000 -0.467749
75000 35000 149994 -5.55058
80000 35000 149998 -1.98203
75000 40000 150000 -0.467749
80000 40000 149997 -3.2623
0 40000 149993 -7.38332
5000 40000 149990 -10.0152
0 45000 149990 -10.4254
5000 45000 149989 -11.0705
5000 40000 149990 -10.0152
10000 40000 149992 -8.26617
5000 45000 149989 -11.0705
10000 45000 149993 -7.09559
0 45000 149990 -10.4254
5000 45000 149989 -11.0705
0 50000 149990 -9.98853
5000 50000 149992 -7.776
5000 45000 149989 -11.0705
10000 45000 149993 -7.09559
5000 50000 149992 -7.776
10000 50000 149989 -10.6491
10000 40000 149992 -8.26617
15000 40000 149990 -9.86776
10000 45000 149993 -7.09559
15000 45000 149992 -7.81842
15000 40000 149990 -9.86776
20000 40000 149994 -6.24252
15000 45000 149992 -7.81842
20000 45000 149989 -11.4631
10000 45000 149993 -7.09559
15000 45000 149992 -7.81842
10000 50000 149989 -10.6491
15000 50000 149994 -5.83145
15000 45000 149992 -7.81842
20000 45000 149989 -11.4631
15000 50000 149994 -5.83145
20000 50000 149989 -10.7245
20000 40000 149994 -6.24252
25000 40000 149989 -11.0111
20000 45000 149989 -11.4631
25000 45000 149993 -7.45347
25000 40000 149989 -11.0111
30000 40000 149993 -7.40809
25000 45000 149993 -7.45347
30000 45000 149991 -9.37041
20000 45000 149989 -11.4631
25000 45000 149993 -7.45347
20000 50000 149989 -10.7245
25000 50000 149993 -6.81349
25000 45000 149993 -7.45347
30000 45000 149991 -9.37041
25000 50000 149993 -6.81349
30000 50000 149994 -6.42204
30000 40000 149993 -7.40809
35000 40000 149989 -11.4331
30000 45000 149991 -9.37041
35000 45000 149991 -8.65502
35000 40000 149989 -11.4331
40000 40000 149993 -7.24087
35000 45000 149991 -8.65502
40000 45000 149992 -8.26638
30000 45000 149991 -9.37041
35000 45000 149991 -8.65502
30000 50000 149994 -6.42204
35000 50000 149995 -5.14033
35000 45000 149991 -8.65502
40000 45000 149992 -8.26638
35000 50000 149995 -5.14033
40000 50000 149991 -9.06735
40000 40000 149993 -7.24087
45000 40000 149990 -9.5857
40000 45000 149992 -8.26638
45000 45000 149994 -5.66418
45000 40000 149990 -9.5857
50000 40000 149991 -9.07701
45000 45000 149994 -5.66418
50000 45000 149991 -8.84153
40000 45000 149992 -8.26638
45000 45000 149994 -5.66418
40000 50000 149991 -9.06735
45000 50000 149995 -4.55542
45000 45000 149994 -5.66418
50000 45000 149991 -8.84153
45000 50000 149995 -4.55542
50000 50000 149992 -7.99617
50000 40000 149991 -9.07701
55000 40000 149992 -7.89877
50000 45000 149991 -8.84153
55000 45000 149997 -3.18193
55000 40000 149992 -7.89877
60000 40000 149993 -6.65268
55000 45000 149997 -3.18193
60000 45000 149992 -7.76573
50000 45000 149991 -8.84153
55000 45000 149997 -3.18193
50000 50000 149992 -7.99617
55000 50000 149996 -4.19349
55000 45000 149997 -3.18193
60000 45000 149992 -7.76573
55000 50000 149996 -4.19349
60000 50000 149997 -2.95602
60000 40000 149993 -6.65268
65000 40000 149995 -5.27072
60000 45000 149992 -7.76573
65000 45000 149997 -2.64559
65000 40000 149995 -5.27072
70000 40000 149996 -4.25407
65000 45000 149997 -2.64559
70000 45000 149998 -2.08451
60000 45000 149992 -7.76573
65000 45000 149997 -2.64559
60000 50000 149997 -2.95602
65000 50000 149995 -4.74842
65000 45000 149997 -2.64559
70000 45000 149998 -2.08451
65000 50000 149995 -4.74842
70000 50000 149996 -3.53324
70000 40000 149996 -4.25407
75000 40000 150000 -0.467749
70000 45000 149998 -2.08451
75000 45000 149996 -4.15159
75000 40000 150000 -0.467749
80000 40000 149997 -3.2623
75000 45000 149996 -4.15159
80000 45000 149996 -4.00952
70000 45000 149998 -2.08451
75000 45000 149996 -4.15159
70000 50000 149996 -3.53324
75000 50000 149995 -4.99447
75000 45000 149996 -4.15159
80000 45000 149996 -4.00952
75000 50000 149995 -4.99447
80000 50000 150000 0.442075
0 50000 149990 -9.98853
5000 50000 149992 -7.776
0 55000 149990 -10.4964
5000 55000 149992 -8.49618
5000 50000 149992 -7.776
10000 50000 149989 -10.6491
5000 55000 149992 -8.49618
10000 55000 149990 -9.57445
0 55000 149990 -10.4964
5000 55000 149992 -8.49618
0 60000 149990 -9.58725
5000 60000 149993 -6.66645
5000 55000 149992 -8.49618
10000 55000 149990 -9.57445
5000 60000 149993 -6.66645
10000 60000 149995 -5.48082
10000 50000 149989 -10.6491
15000 50000 149994 -5.83145
10000 55000 149990 -9.57445
15000 55000 149991 -8.97079
15000 50000 149994 -5.83145
20000 50000 149989 -10.7245
15000 55000 149991 -8.97079
20000 55000 149990 -9.57734
10000 55000 149990 -9.57445
15000 55000 149991 -8.97079
10000 60000 149995 -5.48082
15000 60000 149988 -11.6946
15000 55000 149991 -8.97079
20000 55000 149990 -9.57734
15000 60000 149988 -11.6946
20000 60000 149994 -5.53922
20000 50000 149989 -10.7245
25000 50000 149993 -6.81349
20000 55000 149990 -9.57734
25000 55000 149992 -8.21755
25000 50000 149993 -6.81349
30000 50000 149994 -6.42204
25000 55000 149992 -8.21755
30000 55000 149992 -7.55633
20000 55000 149990 -9.57734
25000 55000 149992 -8.21755
20000 60000 149994 -5.53922
25000 60000 149992 -7.69365
25000 55000 149992 -8.21755
30000 55000 149992 -7.55633
25000 60000 149992 -7.69365
30000 60000 149991 -9.43105
30000 50000 149994 -6.42204
35000 50000 149995 -5.14033
30000 55000 149992 -7.55633
35000 55000 149994 -5.98479
35000 50000 149995 -5.14033
40000 50000 149991 -9.06735
35000 55000 149994 -5.98479
40000 55000 149996 -4.43335
30000 55000 149992 -7.55633
35000 55000 149994 -5.98479
30000 60000 149991 -9.43105
35000 60000 149990 -9.61665
35000 55000 149994 -5.98479
40000 55000 149996 -4.43335
35000 60000 149990 -9.61665
40000 60000 149992 -8.07569
40000 50000 149991 -9.06735
45000 50000 149995 -4.55542
40000 55000 149996 -4.43335
45000 55000 149994 -5.51078
45000 50000 149995 -4.55542
50000 50000 149992 -7.99617
45000 55000 149994 -5.51078
50000 55000 149994 -5.58731
40000 55000 149996 -4.43335
45000 55000 149994 -5.51078
40000 60000 149992 -8.07569
45000 60000 149994 -6.1573
45000 55000 149994 -5.51078
50000 55000 149994 -5.58731
45000 60000 149994 -6.1573
50000 60000 149991 -8.8585
50000 50000 149992 -7.99617
55000 50000 149996 -4.19349
50000 55000 149994 -5.58731
55000 55000 149996 -4.24135
55000 50000 149996 -4.19349
60000 50000 149997 -2.95602
55000 55000 149996 -4.24135
60000 55000 149996 -4.14918
50000 55000 149994 -5.58731
55000 55000 149996 -4.24135
50000 60000 149991 -8.8585
55000 60000 149993 -7.49698
55000 55000 149996 -4.24135
60000 55000 149996 -4.14918
55000 60000 149993 -7.49698
60000 60000 149992 -7.64593
60000 50000 149997 -2.95602
65000 50000 149995 -4.74842
60000 55000 149996 -4.14918
65000 55000 149998 -1.94981
65000 50000 149995 -4.74842
70000 50000 149996 -3.53324
65000 55000 149998 -1.94981
70000 55000 149994 -6.1093
60000 55000 149996 -4.14918
65000 55000 149998 -1.94981
60000 60000 149992 -7.64593
65000 60000 149993 -6.86751
65000 55000 149998 -1.94981
70000 55000 149994 -6.1093
65000 60000 149993 -6.86751
70000 60000 149996 -4.37025
70000 50000 149996 -3.53324
75000 50000 149995 -4.99447
70000 55000 149994 -6.1093
75000 55000 149997 -3.48996
75000 50000 149995 -4.99447
80000 50000 150000 0.442075
75000 55000 149997 -3.48996
80000 55000 149995 -4.97957
70000 55000 149994 -6.1093
75000 55000 149997 -3.48996
70000 60000 149996 -4.37025
75000 60000 149998 -1.80083
75000 55000 149997 -3.48996
80000 55000 149995 -4.97957
75000 60000 149998 -1.80083
80000 60000 150000 0.190222
0 60000 149990 -9.58725
5000 60000 149993 -6.66645
0 65000 149991 -9.34697
5000 65000 149991 -8.99288
5000 60000 149993 -6.66645
10000 60000 149995 -5.48082
5000 65000 149991 -8.99288
10000 65000 149991 -9.45371
0 65000 149991 -9.34697
5000 65000 149991 -8.99288
0 70000 149994 -6.13964
5000 70000 149993 -7.43883
5000 65000 149991 -8.99288
10000 65000 149991 -9.45371
5000 70000 149993 -7.43883
10000 70000 149993 -6.72757
10000 60000 149995 -5.48082
15000 60000 149988 -11.6946
10000 65000 149991 -9.45371
15000 65000 149991 -8.61386
15000 60000 149988 -11.6946
20000 60000 149994 -5.53922
15000 65000 149991 -8.61386
20000 65000 149992 -8.43955
10000 65000 149991 -9.45371
15000 65000 149991 -8.61386
10000 70000 149993 -6.72757
15000 70000 149990 -9.71017
15000 65000 149991 -8.61386
20000 65000 149992 -8.43955
15000 70000 149990 -9.71017
20000 70000 149994 -6.27961
20000 60000 149994 -5.53922
25000 60000 149992 -7.69365
20000 65000 149992 -8.43955
25000 65000 149990 -9.68562
25000 60000 149992 -7.69365
30000 60000 149991 -9.43105
25000 65000 149990 -9.68562
30000 65000 149991 -9.16497
20000 65000 149992 -8.43955
25000 65000 149990 -9.68562
20000 70000 149994 -6.27961
25000 70000 149990 -9.6856
25000 65000 149990 -9.68562
30000 65000 149991 -9.16497
25000 70000 149990 -9.6856
30000 70000 149991 -9.32083
30000 60000 149991 -9.43105
35000 60000 149990 -9.61665
30000 65000 149991 -9.16497
35000 65000 149990 -9.61662
35000 60000 149990 -9.61665
40000 60000 149992 -8.07569
35000 65000 149990 -9.61662
40000 65000 149992 -7.71205
30000 65000 149991 -9.16497
35000 65000 149990 -9.61662
30000 70000 149991 -9.32083
35000 70000 149990 -9.65166
35000 65000 149990 -9.61662
40000 65000 149992 -7.71205
35000 70000 149990 -9.65166
40000 70000 149992 -8.00849
40000 60000 149992 -8.07569
45000 60000 149994 -6.1573
40000 65000 149992 -7.71205
45000 65000 149991 -9.16162
45000 60000 149994 -6.1573
50000 60000 149991 -8.8585
45000 65000 149991 -9.16162
50000 65000 149994 -5.77816
40000 65000 149992 -7.71205
45000 65000 149991 -9.16162
40000 70000 149992 -8.00849
45000 70000 149991 -9.18399
45000 65000 149991 -9.16162
50000 65000 149994 -5.77816
45000 70000 149991 -9.18399
50000 70000 149994 -6.00244
50000 60000 149991 -8.8585
55000 60000 149993 -7.49698
50000 65000 149994 -5.77816
55000 65000 149997 -3.25053
55000 60000 149993 -7.49698
60000 60000 149992 -7.64593
55000 65000 149997 -3.25053
60000 65000 149993 -7.36909
50000 65000 149994 -5.77816
55000 65000 149997 -3.25053
50000 70000 149994 -6.00244
55000 70000 149991 -8.86863
55000 65000 149997 -3.25053
60000 65000 149993 -7.36909
55000 70000 149991 -8.86863
60000 70000 149996 -4.063
60000 60000 149992 -7.64593
65000 60000 149993 -6.86751
60000 65000 149993 -7.36909
65000 65000 149996 -4.46995
65000 60000 149993 -6.86751
70000 60000 149996 -4.37025
65000 65000 149996 -4.46995
70000 65000 149994 -5.99741
60000 65000 149993 -7.36909
65000 65000 149996 -4.46995
60000 70000 149996 -4.063
65000 70000 149995 -5.32885
65000 65000 149996 -4.46995
70000 65000 149994 -5.99741
65000 70000 149995 -5.32885
70000 70000 149996 -4.41459
70000 60000 149996 -4.37025
75000 60000 149998 -1.80083
70000 65000 149994 -5.99741
75000 65000 149998 -1.90701
75000 60000 149998 -1.80083
80000 60000 150000 0.190222
75000 65000 149998 -1.90701
80000 65000 149997 -2.55817
70000 65000 149994 -5.99741
75000 65000 149998 -1.90701
70000 70000 149996 -4.41459
75000 70000 149998 -1.96574
75000 65000 149998 -1.90701
80000 65000 149997 -2.55817
75000 70000 149998 -1.96574
80000 70000 150000 0.250458
0 70000 149994 -6.13964
5000 70000 149993 -7.43883
0 75000 149990 -9.71016
5000 75000 149991 -9.3892
5000 70000 149993 -7.43883
10000 70000 149993 -6.72757
5000 75000 149991 -9.3892
10000 75000 149990 -9.71015
0 75000 149990 -9.71016
5000 75000 149991 -9.3892
0 80000 149994 -6.33944
5000 80000 149994 -6.23542
5000 75000 149991 -9.3892
10000 75000 149990 -9.71015
5000 80000 149994 -6.23542
10000 80000 149990 -9.71015
10000 70000 149993 -6.72757
15000 70000 149990 -9.71017
10000 75000 149990 -9.71015
15000 75000 149991 -8.89073
15000 70000 149990 -9.71017
20000 70000 149994 -6.27961
15000 75000 149991 -8.89073
20000 75000 149990 -9.69769
10000 75000 149990 -9.71015
15000 75000 149991 -8.89073
10000 80000 149990 -9.71015
15000 80000 149990 -9.71017
15000 75000 149991 -8.89073
20000 75000 149990 -9.69769
15000 80000 149990 -9.71017
20000 80000 149993 -7.09635
20000 70000 149994 -6.27961
25000 70000 149990 -9.6856
20000 75000 149990 -9.69769
25000 75000 149990 -9.62635
25000 70000 149990 -9.6856
30000 70000 149991 -9.32083
25000 75000 149990 -9.62635
30000 75000 149990 -9.68557
20000 75000 149990 -9.69769
25000 75000 149990 -9.62635
20000 80000 149993 -7.09635
25000 80000 149991 -9.10917
25000 75000 149990 -9.62635
30000 75000 149990 -9.68557
25000 80000 149991 -9.10917
30000 80000 149992 -7.75775
30000 70000 149991 -9.32083
35000 70000 149990 -9.65166
30000 75000 149990 -9.68557
35000 75000 149992 -7.98564
35000 70000 149990 -9.65166
40000 70000 149992 -8.00849
35000 75000 149992 -7.98564
40000 75000 149991 -9.18399
30000 75000 149990 -9.68557
35000 75000 149992 -7.98564
30000 80000 149992 -7.75775
35000 80000 149992 -8.46568
35000 75000 149992 -7.98564
40000 75000 149991 -9.18399
35000 80000 149992 -8.46568
40000 80000 149993 -7.08549
40000 70000 149992 -8.00849
45000 70000 149991 -9.18399
40000 75000 149991 -9.18399
45000 75000 149991 -9.18401
45000 70000 149991 -9.18399
50000 70000 149994 -6.00244
45000 75000 149991 -9.18401
50000 75000 149991 -8.90509
40000 75000 149991 -9.18399
45000 75000 149991 -9.18401
40000 80000 149993 -7.08549
45000 80000 149994 -6.11882
45000 75000 149991 -9.18401
50000 75000 149991 -8.90509
45000 80000 149994 -6.11882
50000 80000 149991 -8.55821
50000 70000 149994 -6.00244
55000 70000 149991 -8.86863
50000 75000 149991 -8.90509
55000 75000 149993 -6.74214
55000 70000 149991 -8.86863
60000 70000 149996 -4.063
55000 75000 149993 -6.74214
60000 75000 149994 -5.53151
50000 75000 149991 -8.90509
55000 75000 149993 -6.74214
50000 80000 149991 -8.55821
55000 80000 149996 -3.72304
55000 75000 149993 -6.74214
60000 75000 149994 -5.53151
55000 80000 149996 -3.72304
60000 80000 149994 -5.68126
60000 70000 149996 -4.063
65000 70000 149995 -5.32885
60000 75000 149994 -5.53151
65000 75000 149994 -6.20552
65000 70000 149995 -5.32885
70000 70000 149996 -4.41459
65000 75000 149994 -6.20552
70000 75000 149998 -1.58887
60000 75000 149994 -5.53151
65000 75000 149994 -6.20552
60000 80000 149994 -5.68126
65000 80000 149991 -8.50212
65000 75000 149994 -6.20552
70000 75000 149998 -1.58887
65000 80000 149991 -8.50212
70000 80000 149995 -5.23014
70000 70000 149996 -4.41459
75000 70000 149998 -1.96574
70000 75000 149998 -1.58887
75000 75000 149997 -2.61109
75000 70000 149998 -1.96574
80000 70000 150000 0.250458
75000 75000 149997 -2.61109
80000 75000 149998 -1.75304
70000 75000 149998 -1.58887
75000 75000 149997 -2.61109
70000 80000 149995 -5.23014
75000 80000 149994 -6.3352
75000 75000 149997 -2.61109
80000 75000 149998 -1.75304
75000 80000 149994 -6.3352
80000 80000 150000 0.310365
80000 0 150002 1.854
85000 0 150000 0.458539
80000 5000 150000 -0.286478
85000 5000 149999 -0.838118
85000 0 150000 0.458539
90000 0 149998 -1.98788
85000 5000 149999 -0.838118
90000 5000 150001 0.501718
80000 5000 150000 -0.286478
85000 5000 149999 -0.838118
80000 10000 149999 -0.721893
85000 10000 150000 0.21371
85000 5000 149999 -0.838118
90000 5000 150001 0.501718
85000 10000 150000 0.21371
90000 10000 150001 0.879053
90000 0 149998 -1.98788
95000 0 149997 -3.22149
90000 5000 150001 0.501718
95000 5000 150000 0.49318
95000 0 149997 -3.22149
100000 0 149998 -1.7586
95000 5000 150000 0.49318
100000 5000 150001 1.17279
90000 5000 150001 0.501718
95000 5000 150000 0.49318
90000 10000 150001 0.879053
95000 10000 150004 3.86646
95000 5000 150000 0.49318
100000 5000 150001 1.17279
95000 10000 150004 3.86646
100000 10000 150001 0.797137
100000 0 149998 -1.7586
105000 0 150003 3.35498
100000 5000 150001 1.17279
105000 5000 150000 -0.408892
105000 0 150003 3.35498
110000 0 150004 4.00424
105000 5000 150000 -0.408892
110000 5000 150004 3.99634
100000 5000 150001 1.17279
105000 5000 150000 -0.408892
100000 10000 150001 0.797137
105000 10000 150001 0.606964
105000 5000 150000 -0.408892
110000 5000 150004 3.99634
105000 10000 150001 0.606964
110000 10000 149999 -0.983564
110000 0 150004 4.00424
115000 0 149998 -2.07386
110000 5000 150004 3.99634
115000 5000 149998 -1.91769
115000 0 149998 -2.07386
120000 0 150000 -0.346696
115000 5000 149998 -1.91769
120000 5000 149999 -1.31648
110000 5000 150004 3.99634
115000 5000 149998 -1.91769
110000 10000 149999 -0.983564
115000 10000 150000 0.398562
115000 5000 149998 -1.91769
120000 5000 149999 -1.31648
115000 10000 150000 0.398562
120000 10000 149997 -3.18812
120000 0 150000 -0.346696
125000 0 149995 -5.09814
120000 5000 149999 -1.31648
125000 5000 149995 -5.15669
125000 0 149995 -5.09814
130000 0 150002 1.58519
125000 5000 149995 -5.15669
130000 5000 149998 -1.81608
120000 5000 149999 -1.31648
125000 5000 149995 -5.15669
120000 10000 149997 -3.18812
125000 10000 149997 -3.28274
125000 5000 149995 -5.15669
130000 5000 149998 -1.81608
125000 10000 149997 -3.28274
130000 10000 149998 -2.43557
130000 0 150002 1.58519
135000 0 149997 -2.75766
130000 5000 149998 -1.81608
135000 5000 149996 -3.59702
135000 0 149997 -2.75766
140000 0 149999 -1.13548
135000 5000 149996 -3.59702
140000 5000 150004 4.40388
130000 5000 149998 -1.81608
135000 5000 149996 -3.59702
130000 10000 149998 -2.43557
135000 10000 150000 -0.486925
135000 5000 149996 -3.59702
140000 5000 150004 4.40388
135000 10000 150000 -0.486925
140000 10000 150003 3.17673
140000 0 149999 -1.13548
145000 0 150006 5.66471
140000 5000 150004 4.40388
145000 5000 150000 -0.0853184
145000 0 150006 5.66471
150000 0 150000 0.355548
145000 5000 150000 -0.0853184
150000 5000 150004 3.74342
140000 5000 150004 4.40388
145000 5000 150000 -0.0853184
140000 10000 150003 3.17673
145000 10000 150004 3.9544
145000 5000 150000 -0.0853184
150000 5000 150004 3.74342
145000 10000 150004 3.9544
150000 10000 150005 5.35991
150000 0 150000 0.355548
155000 0 150002 1.61947
150000 5000 150004 3.74342
155000 5000 150003 2.86796
155000 0 150002 1.61947
160000 0 150004 3.86853
155000 5000 150003 2.86796
160000 5000 150007 7.49281
150000 5000 150004 3.74342
155000 5000 150003 2.86796
150000 10000 150005 5.35991
155000 10000 150002 2.15467
155000 5000 150003 2.86796
160000 5000 150007 7.49281
155000 10000 150002 2.15467
160000 10000 150007 6.69291
80000 10000 149999 -0.721893
85000 10000 150000 0.21371
80000 15000 149997 -2.86824
85000 15000 149998 -2.32615
85000 10000 150000 0.21371
90000 10000 150001 0.879053
85000 15000 149998 -2.32615
90000 15000 149998 -2.19621
80000 15000 149997 -2.86824
85000 15000 149998 -2.32615
80000 20000 149996 -3.56728
85000 20000 150003 2.71033
85000 15000 149998 -2.32615
90000 15000 149998 -2.19621
85000 20000 150003 2.71033
90000 20000 150000 0.482409
90000 10000 150001 0.879053
95000 10000 150004 3.86646
90000 15000 149998 -2.19621
95000 15000 150003 3.28738
95000 10000 150004 3.86646
100000 10000 150001 0.797137
95000 15000 150003 3.28738
100000 15000 150003 3.1715
90000 15000 149998 -2.19621
95000 15000 150003 3.28738
90000 20000 150000 0.482409
95000 20000 149999 -0.581879
95000 15000 150003 3.28738
100000 15000 150003 3.1715
95000 20000 149999 -0.581879
100000 20000 149998 -1.55954
100000 10000 150001 0.797137
105000 10000 150001 0.606964
100000 15000 150003 3.1715
105000 15000 150004 3.97106
105000 10000 150001 0.606964
110000 10000 149999 -0.983564
105000 15000 150004 3.97106
110000 15000 150001 1.19484
100000 15000 150003 3.1715
105000 15000 150004 3.97106
100000 20000 149998 -1.55954
105000 20000 150001 1.30975
105000 15000 150004 3.97106
110000 15000 150001 1.19484
105000 20000 150001 1.30975
110000 20000 150003 3.20227
110000 10000 149999 -0.983564
115000 10000 150000 0.398562
110000 15000 150001 1.19484
115000 15000 150004 3.87805
115000 10000 150000 0.398562
120000 10000 149997 -3.18812
115000 15000 150004 3.87805
120000 15000 149999 -1.26804
110000 15000 150001 1.19484
115000 15000 150004 3.87805
110000 20000 150003 3.20227
115000 20000 149998 -1.54443
115000 15000 150004 3.87805
120000 15000 149999 -1.26804
115000 20000 149998 -1.54443
120000 20000 149998 -2.19599
120000 10000 149997 -3.18812
125000 10000 149997 -3.28274
120000 15000 149999 -1.26804
125000 15000 149992 -8.43684
125000 10000 149997 -3.28274
130000 10000 149998 -2.43557
125000 15000 149992 -8.43684
130000 15000 149996 -3.68135
120000 15000 149999 -1.26804
125000 15000 149992 -8.43684
120000 20000 149998 -2.19599
125000 20000 149990 -9.70991
125000 15000 149992 -8.43684
130000 15000 149996 -3.68135
125000 20000 149990 -9.70991
130000 20000 149988 -11.5404
130000 10000 149998 -2.43557
135000 10000 150000 -0.486925
130000 15000 149996 -3.68135
135000 15000 149994 -5.75781
135000 10000 150000 -0.486925
140000 10000 150003 3.17673
135000 15000 149994 -5.75781
140000 15000 150000 0.241724
130000 15000 149996 -3.68135
135000 15000 149994 -5.75781
130000 20000 149988 -11.5404
135000 20000 149997 -2.95281
135000 15000 149994 -5.75781
140000 15000 150000 0.241724
135000 20000 149997 -2.95281
140000 20000 149999 -0.506747
140000 10000 150003 3.17673
145000 10000 150004 3.9544
140000 15000 150000 0.241724
145000 15000 150004 3.7572
145000 10000 150004 3.9544
150000 10000 150005 5.35991
145000 15000 150004 3.7572
150000 15000 150002 2.14781
140000 15000 150000 0.241724
145000 15000 150004 3.7572
140000 20000 149999 -0.506747
145000 20000 150002 2.36277
145000 15000 150004 3.7572
150000 15000 150002 2.14781
145000 20000 150002 2.36277
150000 20000 150002 2.12655
150000 10000 150005 5.35991
155000 10000 150002 2.15467
150000 15000 150002 2.14781
155000 15000 150006 5.87539
155000 10000 150002 2.15467
160000 10000 150007 6.69291
155000 15000 150006 5.87539
160000 15000 150008 8.07701
150000 15000 150002 2.14781
155000 15000 150006 5.87539
150000 20000 150002 2.12655
155000 20000 150005 5.24649
155000 15000 150006 5.87539
160000 15000 150008 8.07701
155000 20000 150005 5.24649
160000 20000 150006 6.49357
80000 20000 149996 -3.56728
85000 20000 150003 2.71033
80000 25000 150000 -0.0681974
85000 25000 150001 1.42825
85000 20000 150003 2.71033
90000 20000 150000 0.482409
85000 25000 150001 1.42825
90000 25000 149998 -2.43128
80000 25000 150000 -0.0681974
85000 25000 150001 1.42825
80000 30000 149996 -4.01728
85000 30000 149998 -2.45551
85000 25000 150001 1.42825
90000 25000 149998 -2.43128
85000 30000 149998 -2.45551
90000 30000 149999 -1.28764
90000 20000 150000 0.482409
95000 20000 149999 -0.581879
90000 25000 149998 -2.43128
95000 25000 150002 1.54065
95000 20000 149999 -0.581879
100000 20000 149998 -1.55954
95000 25000 150002 1.54065
100000 25000 150005 5.14693
90000 25000 149998 -2.43128
95000 25000 150002 1.54065
90000 30000 149999 -1.28764
95000 30000 149998 -1.65516
95000 25000 150002 1.54065
100000 25000 150005 5.14693
95000 30000 149998 -1.65516
100000 30000 150001 1.14773
100000 20000 149998 -1.55954
105000 20000 150001 1.30975
100000 25000 150005 5.14693
105000 25000 150005 4.79171
105000 20000 150001 1.30975
110000 20000 150003 3.20227
105000 25000 150005 4.79171
110000 25000 150004 3.90858
100000 25000 150005 5.14693
105000 25000 150005 4.79171
100000 30000 150001 1.14773
105000 30000 149999 -0.664808
105000 25000 150005 4.79171
110000 25000 150004 3.90858
105000 30000 149999 -0.664808
110000 30000 150000 -0.271801
110000 20000 150003 3.20227
115000 20000 149998 -1.54443
110000 25000 150004 3.90858
115000 25000 150005 5.36525
115000 20000 149998 -1.54443
120000 20000 149998 -2.19599
115000 25000 150005 5.36525
120000 25000 150002 1.68864
110000 25000 150004 3.90858
115000 25000 150005 5.36525
110000 30000 150000 -0.271801
115000 30000 150005 4.53757
115000 25000 150005 5.36525
120000 25000 150002 1.68864
115000 30000 150005 4.53757
120000 30000 150002 2.4476
120000 20000 149998 -2.19599
125000 20000 149990 -9.70991
120000 25000 150002 1.68864
125000 25000 149994 -6.14988
125000 20000 149990 -9.70991
130000 20000 149988 -11.5404
125000 25000 149994 -6.14988
130000 25000 149989 -10.6995
120000 25000 150002 1.68864
125000 25000 149994 -6.14988
120000 30000 150002 2.4476
125000 30000 149998 -2.43958
125000 25000 149994 -6.14988
130000 25000 149989 -10.6995
125000 30000 149998 -2.43958
130000 30000 149993 -6.77396
130000 20000 149988 -11.5404
135000 20000 149997 -2.95281
130000 25000 149989 -10.6995
135000 25000 149995 -5.45987
135000 20000 149997 -2.95281
140000 20000 149999 -0.506747
135000 25000 149995 -5.45987
140000 25000 149998 -2.04185
130000 25000 149989 -10.6995
135000 25000 149995 -5.45987
130000 30000 149993 -6.77396
135000 30000 149988 -11.8485
135000 25000 149995 -5.45987
140000 25000 149998 -2.04185
135000 30000 149988 -11.8485
140000 30000 149995 -4.67962
140000 20000 149999 -0.506747
145000 20000 150002 2.36277
140000 25000 149998 -2.04185
145000 25000 150003 2.71607
145000 20000 150002 2.36277
150000 20000 150002 2.12655
145000 25000 150003 2.71607
150000 25000 150003 3.03161
140000 25000 149998 -2.04185
145000 25000 150003 2.71607
140000 30000 149995 -4.67962
145000 30000 150003 2.98313
145000 25000 150003 2.71607
150000 25000 150003 3.03161
145000 30000 150003 2.98313
150000 30000 150004 3.58721
150000 20000 150002 2.12655
155000 20000 150005 5.24649
150000 25000 150003 3.03161
155000 25000 150003 2.76575
155000 20000 150005 5.24649
160000 20000 150006 6.49357
155000 25000 150003 2.76575
160000 25000 150003 3.1545
150000 25000 150003 3.03161
155000 25000 150003 2.76575
150000 30000 150004 3.58721
155000 30000 150005 4.6238
155000 25000 150003 2.76575
160000 25000 150003 3.1545
155000 30000 150005 4.6238
160000 30000 150004 4.14737
80000 30000 149996 -4.01728
85000 30000 149998 -2.45551
80000 35000 149998 -1.98203
85000 35000 149999 -0.616904
85000 30000 149998 -2.45551
90000 30000 149999 -1.28764
85000 35000 149999 -0.616904
90000 35000 149997 -2.78474
80000 35000 149998 -1.98203
85000 35000 149999 -0.616904
80000 40000 149997 -3.2623
85000 40000 150000 0.074013
85000 35000 149999 -0.616904
90000 35000 149997 -2.78474
85000 40000 150000 0.074013
90000 40000 150003 3.06927
90000 30000 149999 -1.28764
95000 30000 149998 -1.65516
90000 35000 149997 -2.78474
95000 35000 150000 -0.060723
95000 30000 149998 -1.65516
100000 30000 150001 1.14773
95000 35000 150000 -0.060723
100000 35000 150001 0.620617
90000 35000 149997 -2.78474
95000 35000 150000 -0.060723
90000 40000 150003 3.06927
95000 40000 150004 4.30749
95000 35000 150000 -0.060723
100000 35000 150001 0.620617
95000 40000 150004 4.30749
100000 40000 150004 4.14294
100000 30000 150001 1.14773
105000 30000 149999 -0.664808
100000 35000 150001 0.620617
105000 35000 150000 0.374735
105000 30000 149999 -0.664808
110000 30000 150000 -0.271801
105000 35000 150000 0.374735
110000 35000 150001 0.900849
100000 35000 150001 0.620617
105000 35000 150000 0.374735
100000 40000 150004 4.14294
105000 40000 150001 1.34601
105000 35000 150000 0.374735
110000 35000 150001 0.900849
105000 40000 150001 1.34601
110000 40000 150000 0.311604
110000 30000 150000 -0.271801
115000 30000 150005 4.53757
110000 35000 150001 0.900849
115000 35000 150002 2.00448
115000 30000 150005 4.53757
120000 30000 150002 2.4476
115000 35000 150002 2.00448
120000 35000 150001 1.2052
110000 35000 150001 0.900849
115000 35000 150002 2.00448
110000 40000 150000 0.311604
115000 40000 150006 6.29498
115000 35000 150002 2.00448
120000 35000 150001 1.2052
115000 40000 150006 6.29498
120000 40000 150003 3.04272
120000 30000 150002 2.4476
125000 30000 149998 -2.43958
120000 35000 150001 1.2052
125000 35000 150004 3.8992
125000 30000 149998 -2.43958
130000 30000 149993 -6.77396
125000 35000 150004 3.8992
130000 35000 149992 -8.13336
120000 35000 150001 1.2052
125000 35000 150004 3.8992
120000 40000 150003 3.04272
125000 40000 149999 -1.07881
125000 35000 150004 3.8992
130000 35000 149992 -8.13336
125000 40000 149999 -1.07881
130000 40000 149997 -3.08944
130000 30000 149993 -6.77396
135000 30000 149988 -11.8485
130000 35000 149992 -8.13336
135000 35000 149987 -12.9648
135000 30000 149988 -11.8485
140000 30000 149995 -4.67962
135000 35000 149987 -12.9648
140000 35000 149993 -6.50467
130000 35000 149992 -8.13336
135000 35000 149987 -12.9648
130000 40000 149997 -3.08944
135000 40000 149990 -9.6302
135000 35000 149987 -12.9648
140000 35000 149993 -6.50467
135000 40000 149990 -9.6302
140000 40000 149991 -8.52908
140000 30000 149995 -4.67962
145000 30000 150003 2.98313
140000 35000 149993 -6.50467
145000 35000 150001 0.879221
145000 30000 150003 2.98313
150000 30000 150004 3.58721
145000 35000 150001 0.879221
150000 35000 150000 -0.395509
140000 35000 149993 -6.50467
145000 35000 150001 0.879221
140000 40000 149991 -8.52908
145000 40000 149997 -3.48919
145000 35000 150001 0.879221
150000 35000 150000 -0.395509
145000 40000 149997 -3.48919
150000 40000 150001 1.21021
150000 30000 150004 3.58721
155000 30000 150005 4.6238
150000 35000 150000 -0.395509
155000 35000 150004 4.21413
155000 30000 150005 4.6238
160000 30000 150004 4.14737
155000 35000 150004 4.21413
160000 35000 150006 5.50527
150000 35000 150000 -0.395509
155000 35000 150004 4.21413
150000 40000 150001 1.21021
155000 40000 150008 7.99977
155000 35000 150004 4.21413
160000 35000 150006 5.50527
155000 40000 150008 7.99977
160000 40000 150003 2.57248
80000 40000 149997 -3.2623
85000 40000 150000 0.074013
80000 45000 149996 -4.00952
85000 45000 149997 -3.10515
85000 40000 150000 0.074013
90000 40000 150003 3.06927
85000 45000 149997 -3.10515
90000 45000 150004 3.87565
80000 45000 149996 -4.00952
85000 45000 149997 -3.10515
80000 50000 150000 0.442075
85000 50000 149998 -1.9645
85000 45000 149997 -3.10515
90000 45000 150004 3.87565
85000 50000 149998 -1.9645
90000 50000 149999 -1.35437
90000 40000 150003 3.06927
95000 40000 150004 4.30749
90000 45000 150004 3.87565
95000 45000 149999 -0.668073
95000 40000 150004 4.30749
100000 40000 150004 4.14294
95000 45000 149999 -0.668073
100000 45000 150000 -0.156561
90000 45000 150004 3.87565
95000 45000 149999 -0.668073
90000 50000 149999 -1.35437
95000 50000 150004 3.62444
95000 45000 149999 -0.668073
100000 45000 150000 -0.156561
95000 50000 150004 3.62444
100000 50000 150001 1.1167
100000 40000 150004 4.14294
105000 40000 150001 1.34601
100000 45000 150000 -0.156561
105000 45000 150002 2.39977
105000 40000 150001 1.34601
110000 40000 150000 0.311604
105000 45000 150002 2.39977
110000 45000 150003 3.33567
100000 45000 150000 -0.156561
105000 45000 150002 2.39977
100000 50000 150001 1.1167
105000 50000 150000 -0.107274
105000 45000 150002 2.39977
110000 45000 150003 3.33567
105000 50000 150000 -0.107274
110000 50000 150006 5.75168
110000 40000 150000 0.311604
115000 40000 150006 6.29498
110000 45000 150003 3.33567
115000 45000 150001 0.543039
115000 40000 150006 6.29498
120000 40000 150003 3.04272
115000 45000 150001 0.543039
120000 45000 150004 4.09256
110000 45000 150003 3.33567
115000 45000 150001 0.543039
110000 50000 150006 5.75168
115000 50000 150005 4.59271
115000 45000 150001 0.543039
120000 45000 150004 4.09256
115000 50000 150005 4.59271
120000 50000 150001 0.64294
120000 40000 150003 3.04272
125000 40000 149999 -1.07881
120000 45000 150004 4.09256
125000 45000 150000 0.367573
125000 40000 149999 -1.07881
130000 40000 149997 -3.08944
125000 45000 150000 0.367573
130000 45000 150000 -0.384045
120000 45000 150004 4.09256
125000 45000 150000 0.367573
120000 50000 150001 0.64294
125000 50000 150001 1.30255
125000 45000 150000 0.367573
130000 45000 150000 -0.384045
125000 50000 150001 1.30255
130000 50000 150001 1.28492
130000 40000 149997 -3.08944
135000 40000 149990 -9.6302
130000 45000 150000 -0.384045
135000 45000 149997 -2.92622
135000 40000 149990 -9.6302
140000 40000 149991 -8.52908
135000 45000 149997 -2.92622
140000 45000 149990 -10.0842
130000 45000 150000 -0.384045
135000 45000 149997 -2.92622
130000 50000 150001 1.28492
135000 50000 150001 0.51357
135000 45000 149997 -2.92622
140000 45000 149990 -10.0842
135000 50000 150001 0.51357
140000 50000 149989 -10.792
140000 40000 149991 -8.52908
145000 40000 149997 -3.48919
140000 45000 149990 -10.0842
145000 45000 149989 -11.0899
145000 40000 149997 -3.48919
150000 40000 150001 1.21021
145000 45000 149989 -11.0899
150000 45000 149996 -4.20371
140000 45000 149990 -10.0842
145000 45000 149989 -11.0899
140000 50000 149989 -10.792
145000 50000 149993 -7.41458
145000 45000 149989 -11.0899
150000 45000 149996 -4.20371
145000 50000 149993 -7.41458
150000 50000 149993 -7.13989
150000 40000 150001 1.21021
155000 40000 150008 7.99977
150000 45000 149996 -4.20371
155000 45000 150003 2.76738
155000 40000 150008 7.99977
160000 40000 150003 2.57248
155000 45000 150003 2.76738
160000 45000 150006 5.55774
150000 45000 149996 -4.20371
155000 45000 150003 2.76738
150000 50000 149993 -7.13989
155000 50000 150005 5.13637
155000 45000 150003 2.76738
160000 45000 150006 5.55774
155000 50000 150005 5.13637
160000 50000 150003 2.69788
80000 50000 150000 0.442075
85000 50000 149998 -1.9645
80000 55000 149995 -4.97957
85000 55000 149996 -4.17006
85000 50000 149998 -1.9645
90000 50000 149999 -1.35437
85000 55000 149996 -4.17006
90000 55000 149999 -1.32337
80000 55000 149995 -4.97957
85000 55000 149996 -4.17006
80000 60000 150000 0.190222
85000 60000 150001 0.677437
85000 55000 149996 -4.17006
90000 55000 149999 -1.32337
85000 60000 150001 0.677437
90000 60000 149999 -1.49677
90000 50000 149999 -1.35437
95000 50000 150004 3.62444
90000 55000 149999 -1.32337
95000 55000 150000 -0.0762214
95000 50000 150004 3.62444
100000 50000 150001 1.1167
95000 55000 150000 -0.0762214
100000 55000 149999 -0.637692
90000 55000 149999 -1.32337
95000 55000 150000 -0.0762214
90000 60000 149999 -1.49677
95000 60000 149999 -1.36377
95000 55000 150000 -0.0762214
100000 55000 149999 -0.637692
95000 60000 149999 -1.36377
100000 60000 150001 0.55541
100000 50000 150001 1.1167
105000 50000 150000 -0.107274
100000 55000 149999 -0.637692
105000 55000 150005 4.60681
105000 50000 150000 -0.107274
110000 50000 150006 5.75168
105000 55000 150005 4.60681
110000 55000 150006 6.23957
100000 55000 149999 -0.637692
105000 55000 150005 4.60681
100000 60000 150001 0.55541
105000 60000 150000 0.339985
105000 55000 150005 4.60681
110000 55000 150006 6.23957
105000 60000 150000 0.339985
110000 60000 150001 0.696215
110000 50000 150006 5.75168
115000 50000 150005 4.59271
110000 55000 150006 6.23957
115000 55000 150003 3.37989
115000 50000 150005 4.59271
120000 50000 150001 0.64294
115000 55000 150003 3.37989
120000 55000 150004 3.79772
110000 55000 150006 6.23957
115000 55000 150003 3.37989
110000 60000 150001 0.696215
115000 60000 150006 5.93737
115000 55000 150003 3.37989
120000 55000 150004 3.79772
115000 60000 150006 5.93737
120000 60000 150001 0.704944
120000 50000 150001 0.64294
125000 50000 150001 1.30255
120000 55000 150004 3.79772
125000 55000 150006 5.64805
125000 50000 150001 1.30255
130000 50000 150001 1.28492
125000 55000 150006 5.64805
130000 55000 150004 4.0218
120000 55000 150004 3.79772
125000 55000 150006 5.64805
120000 60000 150001 0.704944
125000 60000 150005 5.41705
125000 55000 150006 5.64805
130000 55000 150004 4.0218
125000 60000 150005 5.41705
130000 60000 150003 3.09945
130000 50000 150001 1.28492
135000 50000 150001 0.51357
130000 55000 150004 4.0218
135000 55000 150004 3.53372
135000 50000 150001 0.51357
140000 50000 149989 -10.792
135000 55000 150004 3.53372
140000 55000 149997 -2.82841
130000 55000 150004 4.0218
135000 55000 150004 3.53372
130000 60000 150003 3.09945
135000 60000 150006 6.49252
135000 55000 150004 3.53372
140000 55000 149997 -2.82841
135000 60000 150006 6.49252
140000 60000 150002 1.8759
140000 50000 149989 -10.792
145000 50000 149993 -7.41458
140000 55000 149997 -2.82841
145000 55000 149992 -7.68284
145000 50000 149993 -7.41458
150000 50000 149993 -7.13989
145000 55000 149992 -7.68284
150000 55000 149994 -6.07286
140000 55000 149997 -2.82841
145000 55000 149992 -7.68284
140000 60000 150002 1.8759
145000 60000 149996 -4.30376
145000 55000 149992 -7.68284
150000 55000 149994 -6.07286
145000 60000 149996 -4.30376
150000 60000 149993 -7.15458
150000 50000 149993 -7.13989
155000 50000 150005 5.13637
150000 55000 149994 -6.07286
155000 55000 150002 1.58067
155000 50000 150005 5.13637
160000 50000 150003 2.69788
155000 55000 150002 1.58067
160000 55000 150007 7.49779
150000 55000 149994 -6.07286
155000 55000 150002 1.58067
150000 60000 149993 -7.15458
155000 60000 149995 -5.3216
155000 55000 150002 1.58067
160000 55000 150007 7.49779
155000 60000 149995 -5.3216
160000 60000 149998 -1.92071
80000 60000 150000 0.190222
85000 60000 150001 0.677437
80000 65000 149997 -2.55817
85000 65000 149996 -3.52111
85000 60000 150001 0.677437
90000 60000 149999 -1.49677
85000 65000 149996 -3.52111
90000 65000 150001 1.26941
80000 65000 149997 -2.55817
85000 65000 149996 -3.52111
80000 70000 150000 0.250458
85000 70000 149998 -2.02311
85000 65000 149996 -3.52111
90000 65000 150001 1.26941
85000 70000 149998 -2.02311
90000 70000 150001 1.06802
90000 60000 149999 -1.49677
95000 60000 149999 -1.36377
90000 65000 150001 1.26941
95000 65000 150002 2.44029
95000 60000 149999 -1.36377
100000 60000 150001 0.55541
95000 65000 150002 2.44029
100000 65000 149999 -0.632108
90000 65000 150001 1.26941
95000 65000 150002 2.44029
90000 70000 150001 1.06802
95000 70000 150002 2.41809
95000 65000 150002 2.44029
100000 65000 149999 -0.632108
95000 70000 150002 2.41809
100000 70000 149999 -0.765481
100000 60000 150001 0.55541
105000 60000 150000 0.339985
100000 65000 149999 -0.632108
105000 65000 150004 3.88182
105000 60000 150000 0.339985
110000 60000 150001 0.696215
105000 65000 150004 3.88182
110000 65000 150002 2.21982
100000 65000 149999 -0.632108
105000 65000 150004 3.88182
100000 70000 149999 -0.765481
105000 70000 150004 3.54054
105000 65000 150004 3.88182
110000 65000 150002 2.21982
105000 70000 150004 3.54054
110000 70000 150002 2.03481
110000 60000 150001 0.696215
115000 60000 150006 5.93737
110000 65000 150002 2.21982
115000 65000 150001 0.754936
115000 60000 150006 5.93737
120000 60000 150001 0.704944
115000 65000 150001 0.754936
120000 65000 150002 2.48957
110000 65000 150002 2.21982
115000 65000 150001 0.754936
110000 70000 150002 2.03481
115000 70000 150007 7.07412
115000 65000 150001 0.754936
120000 65000 150002 2.48957
115000 70000 150007 7.07412
120000 70000 150007 6.53868
120000 60000 150001 0.704944
125000 60000 150005 5.41705
120000 65000 150002 2.48957
125000 65000 150006 6.33566
125000 60000 150005 5.41705
130000 60000 150003 3.09945
125000 65000 150006 6.33566
130000 65000 150001 1.43449
120000 65000 150002 2.48957
125000 65000 150006 6.33566
120000 70000 150007 6.53868
125000 70000 150005 4.78384
125000 65000 150006 6.33566
130000 65000 150001 1.43449
125000 70000 150005 4.78384
130000 70000 150004 3.96617
130000 60000 150003 3.09945
135000 60000 150006 6.49252
130000 65000 150001 1.43449
135000 65000 150001 0.601832
135000 60000 150006 6.49252
140000 60000 150002 1.8759
135000 65000 150001 0.601832
140000 65000 150000 -0.0845608
130000 65000 150001 1.43449
135000 65000 150001 0.601832
130000 70000 150004 3.96617
135000 70000 150007 6.83173
135000 65000 150001 0.601832
140000 65000 150000 -0.0845608
135000 70000 150007 6.83173
140000 70000 150001 0.697716
140000 60000 150002 1.8759
145000 60000 149996 -4.30376
140000 65000 150000 -0.0845608
145000 65000 150000 -0.17961
145000 60000 149996 -4.30376
150000 60000 149993 -7.15458
145000 65000 150000 -0.17961
150000 65000 149992 -7.63137
140000 65000 150000 -0.0845608
145000 65000 150000 -0.17961
140000 70000 150001 0.697716
145000 70000 149998 -2.19599
145000 65000 150000 -0.17961
150000 65000 149992 -7.63137
145000 70000 149998 -2.19599
150000 70000 149992 -7.54475
150000 60000 149993 -7.15458
155000 60000 149995 -5.3216
150000 65000 149992 -7.63137
155000 65000 149988 -11.6051
155000 60000 149995 -5.3216
160000 60000 149998 -1.92071
155000 65000 149988 -11.6051
160000 65000 150000 -0.379677
150000 65000 149992 -7.63137
155000 65000 149988 -11.6051
150000 70000 149992 -7.54475
155000 70000 149993 -7.25127
155000 65000 149988 -11.6051
160000 65000 150000 -0.379677
155000 70000 149993 -7.25127
160000 70000 149996 -4.15448
80000 70000 150000 0.250458
85000 70000 149998 -2.02311
80000 75000 149998 -1.75304
85000 75000 149998 -2.38302
85000 70000 149998 -2.02311
90000 70000 150001 1.06802
85000 75000 149998 -2.38302
90000 75000 150003 2.65643
80000 75000 149998 -1.75304
85000 75000 149998 -2.38302
80000 80000 150000 0.310365
85000 80000 149998 -2.41062
85000 75000 149998 -2.38302
90000 75000 150003 2.65643
85000 80000 149998 -2.41062
90000 80000 149998 -2.01977
90000 70000 150001 1.06802
95000 70000 150002 2.41809
90000 75000 150003 2.65643
95000 75000 150003 2.8157
95000 70000 150002 2.41809
100000 70000 149999 -0.765481
95000 75000 150003 2.8157
100000 75000 149999 -1.42633
90000 75000 150003 2.65643
95000 75000 150003 2.8157
90000 80000 149998 -2.01977
95000 80000 149999 -1.43368
95000 75000 150003 2.8157
100000 75000 149999 -1.42633
95000 80000 149999 -1.43368
100000 80000 150002 2.4151
100000 70000 149999 -0.765481
105000 70000 150004 3.54054
100000 75000 149999 -1.42633
105000 75000 150000 0.294838
105000 70000 150004 3.54054
110000 70000 150002 2.03481
105000 75000 150000 0.294838
110000 75000 150003 3.48706
100000 75000 149999 -1.42633
105000 75000 150000 0.294838
100000 80000 150002 2.4151
105000 80000 150001 0.967996
105000 75000 150000 0.294838
110000 75000 150003 3.48706
105000 80000 150001 0.967996
110000 80000 150004 4.03327
110000 70000 150002 2.03481
115000 70000 150007 7.07412
110000 75000 150003 3.48706
115000 75000 150001 0.763221
115000 70000 150007 7.07412
120000 70000 150007 6.53868
115000 75000 150001 0.763221
120000 75000 150003 3.32987
110000 75000 150003 3.48706
115000 75000 150001 0.763221
110000 80000 150004 4.03327
115000 80000 150001 0.770288
115000 75000 150001 0.763221
120000 75000 150003 3.32987
115000 80000 150001 0.770288
120000 80000 150003 2.81305
120000 70000 150007 6.53868
125000 70000 150005 4.78384
120000 75000 150003 3.32987
125000 75000 150003 2.92144
125000 70000 150005 4.78384
130000 70000 150004 3.96617
125000 75000 150003 2.92144
130000 75000 150002 1.5462
120000 75000 150003 3.32987
125000 75000 150003 2.92144
120000 80000 150003 2.81305
125000 80000 150004 4.36586
125000 75000 150003 2.92144
130000 75000 150002 1.5462
125000 80000 150004 4.36586
130000 80000 150002 1.53428
130000 70000 150004 3.96617
135000 70000 150007 6.83173
130000 75000 150002 1.5462
135000 75000 150001 1.21215
135000 70000 150007 6.83173
140000 70000 150001 0.697716
135000 75000 150001 1.21215
140000 75000 150004 3.73103
130000 75000 150002 1.5462
135000 75000 150001 1.21215
130000 80000 150002 1.53428
135000 80000 150002 2.43705
135000 75000 150001 1.21215
140000 75000 150004 3.73103
135000 80000 150002 2.43705
140000 80000 150004 4.18107
140000 70000 150001 0.697716
145000 70000 149998 -2.19599
140000 75000 150004 3.73103
145000 75000 150002 2.07452
145000 70000 149998 -2.19599
150000 70000 149992 -7.54475
145000 75000 150002 2.07452
150000 75000 149995 -5.04075
140000 75000 150004 3.73103
145000 75000 150002 2.07452
140000 80000 150004 4.18107
145000 80000 150005 4.7882
145000 75000 150002 2.07452
150000 75000 149995 -5.04075
145000 80000 150005 4.7882
150000 80000 149998 -1.54728
150000 70000 149992 -7.54475
155000 70000 149993 -7.25127
150000 75000 149995 -5.04075
155000 75000 149989 -11.3547
155000 70000 149993 -7.25127
160000 70000 149996 -4.15448
155000 75000 149989 -11.3547
160000 75000 149988 -11.8104
150000 75000 149995 -5.04075
155000 75000 149989 -11.3547
150000 80000 149998 -1.54728
155000 80000 149994 -6.21495
155000 75000 149989 -11.3547
160000 75000 149988 -11.8104
155000 80000 149994 -6.21495
160000 80000 149991 -8.64986
0 80000 149994 -6.33944
5000 80000 149994 -6.23542
0 85000 149990 -9.71017
5000 85000 149990 -9.71017
5000 80000 149994 -6.23542
10000 80000 149990 -9.71015
5000 85000 149990 -9.71017
10000 85000 149994 -6.31646
0 85000 149990 -9.71017
5000 85000 149990 -9.71017
0 90000 149990 -9.71018
5000 90000 149992 -8.37869
5000 85000 149990 -9.71017
10000 85000 149994 -6.31646
5000 90000 149992 -8.37869
10000 90000 149993 -7.16826
10000 80000 149990 -9.71015
15000 80000 149990 -9.71017
10000 85000 149994 -6.31646
15000 85000 149994 -5.6436
15000 80000 149990 -9.71017
20000 80000 149993 -7.09635
15000 85000 149994 -5.6436
20000 85000 149994 -6.3052
10000 85000 149994 -6.31646
15000 85000 149994 -5.6436
10000 90000 149993 -7.16826
15000 90000 149992 -8.43233
15000 85000 149994 -5.6436
20000 85000 149994 -6.3052
15000 90000 149992 -8.43233
20000 90000 149989 -10.5208
20000 80000 149993 -7.09635
25000 80000 149991 -9.10917
20000 85000 149994 -6.3052
25000 85000 149994 -6.4772
25000 80000 149991 -9.10917
30000 80000 149992 -7.75775
25000 85000 149994 -6.4772
30000 85000 149992 -8.39835
20000 85000 149994 -6.3052
25000 85000 149994 -6.4772
20000 90000 149989 -10.5208
25000 90000 149991 -8.72626
25000 85000 149994 -6.4772
30000 85000 149992 -8.39835
25000 90000 149991 -8.72626
30000 90000 149993 -7.39951
30000 80000 149992 -7.75775
35000 80000 149992 -8.46568
30000 85000 149992 -8.39835
35000 85000 149992 -8.37836
35000 80000 149992 -8.46568
40000 80000 149993 -7.08549
35000 85000 149992 -8.37836
40000 85000 149991 -9.27739
30000 85000 149992 -8.39835
35000 85000 149992 -8.37836
30000 90000 149993 -7.39951
35000 90000 149991 -8.88561
35000 85000 149992 -8.37836
40000 85000 149991 -9.27739
35000 90000 149991 -8.88561
40000 90000 149991 -8.54934
40000 80000 149993 -7.08549
45000 80000 149994 -6.11882
40000 85000 149991 -9.27739
45000 85000 149991 -9.20355
45000 80000 149994 -6.11882
50000 80000 149991 -8.55821
45000 85000 149991 -9.20355
50000 85000 149991 -9.12463
40000 85000 149991 -9.27739
45000 85000 149991 -9.20355
40000 90000 149991 -8.54934
45000 90000 149993 -7.43466
45000 85000 149991 -9.20355
50000 85000 149991 -9.12463
45000 90000 149993 -7.43466
50000 90000 149995 -5.24449
50000 80000 149991 -8.55821
55000 80000 149996 -3.72304
50000 85000 149991 -9.12463
55000 85000 149991 -9.05058
55000 80000 149996 -3.72304
60000 80000 149994 -5.68126
55000 85000 149991 -9.05058
60000 85000 149991 -8.50917
50000 85000 149991 -9.12463
55000 85000 149991 -9.05058
50000 90000 149995 -5.24449
55000 90000 149994 -5.9582
55000 85000 149991 -9.05058
60000 85000 149991 -8.50917
55000 90000 149994 -5.9582
60000 90000 149996 -3.7172
60000 80000 149994 -5.68126
65000 80000 149991 -8.50212
60000 85000 149991 -8.50917
65000 85000 149996 -3.63768
65000 80000 149991 -8.50212
70000 80000 149995 -5.23014
65000 85000 149996 -3.63768
70000 85000 149994 -6.2543
60000 85000 149991 -8.50917
65000 85000 149996 -3.63768
60000 90000 149996 -3.7172
65000 90000 149993 -7.0616
65000 85000 149996 -3.63768
70000 85000 149994 -6.2543
65000 90000 149993 -7.0616
70000 90000 149994 -6.30901
70000 80000 149995 -5.23014
75000 80000 149994 -6.3352
70000 85000 149994 -6.2543
75000 85000 149994 -6.13571
75000 80000 149994 -6.3352
80000 80000 150000 0.310365
75000 85000 149994 -6.13571
80000 85000 149998 -2.41063
70000 85000 149994 -6.2543
75000 85000 149994 -6.13571
70000 90000 149994 -6.30901
75000 90000 149994 -6.30168
75000 85000 149994 -6.13571
80000 85000 149998 -2.41063
75000 90000 149994 -6.30168
80000 90000 149999 -0.615293
80000 80000 150000 0.310365
85000 80000 149998 -2.41062
80000 85000 149998 -2.41063
85000 85000 150001 0.846562
85000 80000 149998 -2.41062
90000 80000 149998 -2.01977
85000 85000 150001 0.846562
90000 85000 149998 -2.03902
80000 85000 149998 -2.41063
85000 85000 150001 0.846562
80000 90000 149999 -0.615293
85000 90000 150001 1.05799
85000 85000 150001 0.846562
90000 85000 149998 -2.03902
85000 90000 150001 1.05799
90000 90000 149999 -0.943253
90000 80000 149998 -2.01977
95000 80000 149999 -1.43368
90000 85000 149998 -2.03902
95000 85000 150000 -0.479808
95000 80000 149999 -1.43368
100000 80000 150002 2.4151
95000 85000 150000 -0.479808
100000 85000 149999 -1.01493
90000 85000 149998 -2.03902
95000 85000 150000 -0.479808
90000 90000 149999 -0.943253
95000 90000 149998 -1.61569
95000 85000 150000 -0.479808
100000 85000 149999 -1.01493
95000 90000 149998 -1.61569
100000 90000 150002 1.52507
100000 80000 150002 2.4151
105000 80000 150001 0.967996
100000 85000 149999 -1.01493
105000 85000 150002 1.88637
105000 80000 150001 0.967996
110000 80000 150004 4.03327
105000 85000 150002 1.88637
110000 85000 150001 0.585275
100000 85000 149999 -1.01493
105000 85000 150002 1.88637
100000 90000 150002 1.52507
105000 90000 149999 -0.505675
105000 85000 150002 1.88637
110000 85000 150001 0.585275
105000 90000 149999 -0.505675
110000 90000 150000 -0.0251807
0 90000 149990 -9.71018
5000 90000 149992 -8.37869
0 95000 149990 -9.70914
5000 95000 149990 -9.71016
5000 90000 149992 -8.37869
10000 90000 149993 -7.16826
5000 95000 149990 -9.71016
10000 95000 149990 -9.70475
0 95000 149990 -9.70914
5000 95000 149990 -9.71016
0 100000 149992 -7.94058
5000 100000 149990 -9.71017
5000 95000 149990 -9.71016
10000 95000 149990 -9.70475
5000 100000 149990 -9.71017
10000 100000 149990 -9.6667
10000 90000 149993 -7.16826
15000 90000 149992 -8.43233
10000 95000 149990 -9.70475
15000 95000 149991 -8.98982
15000 90000 149992 -8.43233
20000 90000 149989 -10.5208
15000 95000 149991 -8.98982
20000 95000 149994 -5.78941
10000 95000 149990 -9.70475
15000 95000 149991 -8.98982
10000 100000 149990 -9.6667
15000 100000 149994 -6.32408
15000 95000 149991 -8.98982
20000 95000 149994 -5.78941
15000 100000 149994 -6.32408
20000 100000 149992 -7.95831
20000 90000 149989 -10.5208
25000 90000 149991 -8.72626
20000 95000 149994 -5.78941
25000 95000 149989 -11.3176
25000 90000 149991 -8.72626
30000 90000 149993 -7.39951
25000 95000 149989 -11.3176
30000 95000 149990 -10.3538
20000 95000 149994 -5.78941
25000 95000 149989 -11.3176
20000 100000 149992 -7.95831
25000 100000 149992 -8.31198
25000 95000 149989 -11.3176
30000 95000 149990 -10.3538
25000 100000 149992 -8.31198
30000 100000 149993 -7.09845
30000 90000 149993 -7.39951
35000 90000 149991 -8.88561
30000 95000 149990 -10.3538
35000 95000 149989 -11.4203
35000 90000 149991 -8.88561
40000 90000 149991 -8.54934
35000 95000 149989 -11.4203
40000 95000 149994 -5.7394
30000 95000 149990 -10.3538
35000 95000 149989 -11.4203
30000 100000 149993 -7.09845
35000 100000 149991 -8.80639
35000 95000 149989 -11.4203
40000 95000 149994 -5.7394
35000 100000 149991 -8.80639
40000 100000 149989 -10.761
40000 90000 149991 -8.54934
45000 90000 149993 -7.43466
40000 95000 149994 -5.7394
45000 95000 149990 -10.0536
45000 90000 149993 -7.43466
50000 90000 149995 -5.24449
45000 95000 149990 -10.0536
50000 95000 149992 -8.0951
40000 95000 149994 -5.7394
45000 95000 149990 -10.0536
40000 100000 149989 -10.761
45000 100000 149992 -8.49659
45000 95000 149990 -10.0536
50000 95000 149992 -8.0951
45000 100000 149992 -8.49659
50000 100000 149995 -4.59787
50000 90000 149995 -5.24449
55000 90000 149994 -5.9582
50000 95000 149992 -8.0951
55000 95000 149991 -9.06705
55000 90000 149994 -5.9582
60000 90000 149996 -3.7172
55000 95000 149991 -9.06705
60000 95000 149996 -3.56472
50000 95000 149992 -8.0951
55000 95000 149991 -9.06705
50000 100000 149995 -4.59787
55000 100000 149996 -3.76765
55000 95000 149991 -9.06705
60000 95000 149996 -3.56472
55000 100000 149996 -3.76765
60000 100000 149996 -3.74649
60000 90000 149996 -3.7172
65000 90000 149993 -7.0616
60000 95000 149996 -3.56472
65000 95000 149992 -8.14098
65000 90000 149993 -7.0616
70000 90000 149994 -6.30901
65000 95000 149992 -8.14098
70000 95000 149998 -1.92149
60000 95000 149996 -3.56472
65000 95000 149992 -8.14098
60000 100000 149996 -3.74649
65000 100000 149992 -7.88458
65000 95000 149992 -8.14098
70000 95000 149998 -1.92149
65000 100000 149992 -7.88458
70000 100000 149993 -6.67268
70000 90000 149994 -6.30901
75000 90000 149994 -6.30168
70000 95000 149998 -1.92149
75000 95000 149998 -2.33999
75000 90000 149994 -6.30168
80000 90000 149999 -0.615293
75000 95000 149998 -2.33999
80000 95000 149998 -1.58653
70000 95000 149998 -1.92149
75000 95000 149998 -2.33999
70000 100000 149993 -6.67268
75000 100000 149996 -3.69902
75000 95000 149998 -2.33999
80000 95000 149998 -1.58653
75000 100000 149996 -3.69902
80000 100000 149996 -4.38611
80000 90000 149999 -0.615293
85000 90000 150001 1.05799
80000 95000 149998 -1.58653
85000 95000 150000 0.268252
85000 90000 150001 1.05799
90000 90000 149999 -0.943253
85000 95000 150000 0.268252
90000 95000 150001 1.23647
80000 95000 149998 -1.58653
85000 95000 150000 0.268252
80000 100000 149996 -4.38611
85000 100000 149998 -1.58383
85000 95000 150000 0.268252
90000 95000 150001 1.23647
85000 100000 149998 -1.58383
90000 100000 149998 -2.49138
90000 90000 149999 -0.943253
95000 90000 149998 -1.61569
90000 95000 150001 1.23647
95000 95000 150003 3.35828
95000 90000 149998 -1.61569
100000 90000 150002 1.52507
95000 95000 150003 3.35828
100000 95000 149999 -1.08556
90000 95000 150001 1.23647
95000 95000 150003 3.35828
90000 100000 149998 -2.49138
95000 100000 150000 -0.1755
95000 95000 150003 3.35828
100000 95000 149999 -1.08556
95000 100000 150000 -0.1755
100000 100000 150001 0.719611
0 100000 149992 -7.94058
5000 100000 149990 -9.71017
0 105000 149991 -8.60756
5000 105000 149990 -9.71016
5000 100000 149990 -9.71017
10000 100000 149990 -9.6667
5000 105000 149990 -9.71016
10000 105000 149994 -6.24598
0 105000 149991 -8.60756
5000 105000 149990 -9.71016
0 110000 149990 -9.71404
5000 110000 149990 -9.7042
5000 105000 149990 -9.71016
10000 105000 149994 -6.24598
5000 110000 149990 -9.7042
10000 110000 149990 -9.71016
10000 100000 149990 -9.6667
15000 100000 149994 -6.32408
10000 105000 149994 -6.24598
15000 105000 149990 -10.1058
15000 100000 149994 -6.32408
20000 100000 149992 -7.95831
15000 105000 149990 -10.1058
20000 105000 149994 -6.13023
10000 105000 149994 -6.24598
15000 105000 149990 -10.1058
10000 110000 149990 -9.71016
15000 110000 149991 -8.9808
15000 105000 149990 -10.1058
20000 105000 149994 -6.13023
15000 110000 149991 -8.9808
20000 110000 149989 -10.6448
20000 100000 149992 -7.95831
25000 100000 149992 -8.31198
20000 105000 149994 -6.13023
25000 105000 149990 -10.3545
25000 100000 149992 -8.31198
30000 100000 149993 -7.09845
25000 105000 149990 -10.3545
30000 105000 149990 -9.54069
20000 105000 149994 -6.13023
25000 105000 149990 -10.3545
20000 110000 149989 -10.6448
25000 110000 149990 -9.60084
25000 105000 149990 -10.3545
30000 105000 149990 -9.54069
25000 110000 149990 -9.60084
30000 110000 149992 -7.57736
30000 100000 149993 -7.09845
35000 100000 149991 -8.80639
30000 105000 149990 -9.54069
35000 105000 149990 -10.0773
35000 100000 149991 -8.80639
40000 100000 149989 -10.761
35000 105000 149990 -10.0773
40000 105000 149993 -6.58255
30000 105000 149990 -9.54069
35000 105000 149990 -10.0773
30000 110000 149992 -7.57736
35000 110000 149988 -11.6204
35000 105000 149990 -10.0773
40000 105000 149993 -6.58255
35000 110000 149988 -11.6204
40000 110000 149994 -6.19403
40000 100000 149989 -10.761
45000 100000 149992 -8.49659
40000 105000 149993 -6.58255
45000 105000 149991 -8.87277
45000 100000 149992 -8.49659
50000 100000 149995 -4.59787
45000 105000 149991 -8.87277
50000 105000 149993 -6.50884
40000 105000 149993 -6.58255
45000 105000 149991 -8.87277
40000 110000 149994 -6.19403
45000 110000 149991 -9.23064
45000 105000 149991 -8.87277
50000 105000 149993 -6.50884
45000 110000 149991 -9.23064
50000 110000 149993 -7.0885
50000 100000 149995 -4.59787
55000 100000 149996 -3.76765
50000 105000 149993 -6.50884
55000 105000 149992 -7.55312
55000 100000 149996 -3.76765
60000 100000 149996 -3.74649
55000 105000 149992 -7.55312
60000 105000 149992 -7.95569
50000 105000 149993 -6.50884
55000 105000 149992 -7.55312
50000 110000 149993 -7.0885
55000 110000 149996 -3.92553
55000 105000 149992 -7.55312
60000 105000 149992 -7.95569
55000 110000 149996 -3.92553
60000 110000 149996 -3.71465
60000 100000 149996 -3.74649
65000 100000 149992 -7.88458
60000 105000 149992 -7.95569
65000 105000 149993 -7.23902
65000 100000 149992 -7.88458
70000 100000 149993 -6.67268
65000 105000 149993 -7.23902
70000 105000 149996 -3.70761
60000 105000 149992 -7.95569
65000 105000 149993 -7.23902
60000 110000 149996 -3.71465
65000 110000 149993 -6.98283
65000 105000 149993 -7.23902
70000 105000 149996 -3.70761
65000 110000 149993 -6.98283
70000 110000 149997 -2.55401
70000 100000 149993 -6.67268
75000 100000 149996 -3.69902
70000 105000 149996 -3.70761
75000 105000 149994 -5.68555
75000 100000 149996 -3.69902
80000 100000 149996 -4.38611
75000 105000 149994 -5.68555
80000 105000 150001 0.621193
70000 105000 149996 -3.70761
75000 105000 149994 -5.68555
70000 110000 149997 -2.55401
75000 110000 149998 -2.15715
75000 105000 149994 -5.68555
80000 105000 150001 0.621193
75000 110000 149998 -2.15715
80000 110000 149999 -0.588647
0 110000 149990 -9.71404
5000 110000 149990 -9.7042
0 115000 149994 -5.71994
5000 115000 149991 -8.51704
5000 110000 149990 -9.7042
10000 110000 149990 -9.71016
5000 115000 149991 -8.51704
10000 115000 149990 -9.85302
0 115000 149994 -5.71994
5000 115000 149991 -8.51704
0 120000 149994 -6.12156
5000 120000 149992 -7.53533
5000 115000 149991 -8.51704
10000 115000 149990 -9.85302
5000 120000 149992 -7.53533
10000 120000 149990 -9.74399
10000 110000 149990 -9.71016
15000 110000 149991 -8.9808
10000 115000 149990 -9.85302
15000 115000 149994 -5.76967
15000 110000 149991 -8.9808
20000 110000 149989 -10.6448
15000 115000 149994 -5.76967
20000 115000 149991 -8.99947
10000 115000 149990 -9.85302
15000 115000 149994 -5.76967
10000 120000 149990 -9.74399
15000 120000 149990 -9.71321
15000 115000 149994 -5.76967
20000 115000 149991 -8.99947
15000 120000 149990 -9.71321
20000 120000 149993 -7.15608
20000 110000 149989 -10.6448
25000 110000 149990 -9.60084
20000 115000 149991 -8.99947
25000 115000 149990 -10.4111
25000 110000 149990 -9.60084
30000 110000 149992 -7.57736
25000 115000 149990 -10.4111
30000 115000 149990 -9.63865
20000 115000 149991 -8.99947
25000 115000 149990 -10.4111
20000 120000 149993 -7.15608
25000 120000 149994 -6.18096
25000 115000 149990 -10.4111
30000 115000 149990 -9.63865
25000 120000 149994 -6.18096
30000 120000 149988 -11.5834
30000 110000 149992 -7.57736
35000 110000 149988 -11.6204
30000 115000 149990 -9.63865
35000 115000 149992 -7.9032
35000 110000 149988 -11.6204
40000 110000 149994 -6.19403
35000 115000 149992 -7.9032
40000 115000 149993 -6.86506
30000 115000 149990 -9.63865
35000 115000 149992 -7.9032
30000 120000 149988 -11.5834
35000 120000 149995 -4.93686
35000 115000 149992 -7.9032
40000 115000 149993 -6.86506
35000 120000 149995 -4.93686
40000 120000 149989 -11.0158
40000 110000 149994 -6.19403
45000 110000 149991 -9.23064
40000 115000 149993 -6.86506
45000 115000 149993 -6.74995
45000 110000 149991 -9.23064
50000 110000 149993 -7.0885
45000 115000 149993 -6.74995
50000 115000 149990 -10.4335
40000 115000 149993 -6.86506
45000 115000 149993 -6.74995
40000 120000 149989 -11.0158
45000 120000 149989 -10.7447
45000 115000 149993 -6.74995
50000 115000 149990 -10.4335
45000 120000 149989 -10.7447
50000 120000 149992 -8.28943
50000 110000 149993 -7.0885
55000 110000 149996 -3.92553
50000 115000 149990 -10.4335
55000 115000 149991 -8.99531
55000 110000 149996 -3.92553
60000 110000 149996 -3.71465
55000 115000 149991 -8.99531
60000 115000 149994 -6.19276
50000 115000 149990 -10.4335
55000 115000 149991 -8.99531
50000 120000 149992 -8.28943
55000 120000 149993 -6.5517
55000 115000 149991 -8.99531
60000 115000 149994 -6.19276
55000 120000 149993 -6.5517
60000 120000 149995 -5.08297
60000 110000 149996 -3.71465
65000 110000 149993 -6.98283
60000 115000 149994 -6.19276
65000 115000 149996 -4.31362
65000 110000 149993 -6.98283
70000 110000 149997 -2.55401
65000 115000 149996 -4.31362
70000 115000 149998 -2.47694
60000 115000 149994 -6.19276
65000 115000 149996 -4.31362
60000 120000 149995 -5.08297
65000 120000 149996 -4.24587
65000 115000 149996 -4.31362
70000 115000 149998 -2.47694
65000 120000 149996 -4.24587
70000 120000 149997 -2.82462
70000 110000 149997 -2.55401
75000 110000 149998 -2.15715
70000 115000 149998 -2.47694
75000 115000 149995 -4.56325
75000 110000 149998 -2.15715
80000 110000 149999 -0.588647
75000 115000 149995 -4.56325
80000 115000 149995 -4.74887
70000 115000 149998 -2.47694
75000 115000 149995 -4.56325
70000 120000 149997 -2.82462
75000 120000 149999 -1.1423
75000 115000 149995 -4.56325
80000 115000 149995 -4.74887
75000 120000 149999 -1.1423
80000 120000 149996 -4.19676
160000 0 150004 3.86853
165000 0 150004 4.29402
160000 5000 150007 7.49281
165000 5000 150003 3.15422
165000 0 150004 4.29402
170000 0 150009 8.5858
165000 5000 150003 3.15422
170000 5000 150008 7.94188
160000 5000 150007 7.49281
165000 5000 150003 3.15422
160000 10000 150007 6.69291
165000 10000 150006 6.38574
165000 5000 150003 3.15422
170000 5000 150008 7.94188
165000 10000 150006 6.38574
170000 10000 150010 9.65567
170000 0 150009 8.5858
175000 0 150006 6.06998
170000 5000 150008 7.94188
175000 5000 150003 3.2776
175000 0 150006 6.06998
180000 0 150006 5.80666
175000 5000 150003 3.2776
180000 5000 150009 8.99309
170000 5000 150008 7.94188
175000 5000 150003 3.2776
170000 10000 150010 9.65567
175000 10000 150010 9.65458
175000 5000 150003 3.2776
180000 5000 150009 8.99309
175000 10000 150010 9.65458
180000 10000 150004 3.73373
180000 0 150006 5.80666
185000 0 150005 4.88247
180000 5000 150009 8.99309
185000 5000 150007 7.11875
185000 0 150005 4.88247
190000 0 150005 5.1379
185000 5000 150007 7.11875
190000 5000 150004 3.91203
180000 5000 150009 8.99309
185000 5000 150007 7.11875
180000 10000 150004 3.73373
185000 10000 150007 7.00877
185000 5000 150007 7.11875
190000 5000 150004 3.91203
185000 10000 150007 7.00877
190000 10000 150007 7.29391
190000 0 150005 5.1379
195000 0 150006 6.05234
190000 5000 150004 3.91203
195000 5000 150004 4.2027
195000 0 150006 6.05234
200000 0 150010 9.72872
195000 5000 150004 4.2027
200000 5000 150002 2.45645
190000 5000 150004 3.91203
195000 5000 150004 4.2027
190000 10000 150007 7.29391
195000 10000 150004 3.98248
195000 5000 150004 4.2027
200000 5000 150002 2.45645
195000 10000 150004 3.98248
200000 10000 150008 7.63698
200000 0 150010 9.72872
205000 0 150006 5.91949
200000 5000 150002 2.45645
205000 5000 150005 4.59208
205000 0 150006 5.91949
210000 0 150007 7.09448
205000 5000 150005 4.59208
210000 5000 150005 4.97446
200000 5000 150002 2.45645
205000 5000 150005 4.59208
200000 10000 150008 7.63698
205000 10000 150004 4.27848
205000 5000 150005 4.59208
210000 5000 150005 4.97446
205000 10000 150004 4.27848
210000 10000 150004 3.58404
210000 0 150007 7.09448
215000 0 150006 6.40408
210000 5000 150005 4.97446
215000 5000 150006 5.82009
215000 0 150006 6.40408
220000 0 150005 5.43765
215000 5000 150006 5.82009
220000 5000 150006 5.73375
210000 5000 150005 4.97446
215000 5000 150006 5.82009
210000 10000 150004 3.58404
215000 10000 150005 4.87657
215000 5000 150006 5.82009
220000 5000 150006 5.73375
215000 10000 150005 4.87657
220000 10000 150003 2.91751
220000 0 150005 5.43765
225000 0 150001 1.44931
220000 5000 150006 5.73375
225000 5000 150003 2.70348
225000 0 150001 1.44931
230000 0 150006 5.78323
225000 5000 150003 2.70348
230000 5000 150003 2.64932
220000 5000 150006 5.73375
225000 5000 150003 2.70348
220000 10000 150003 2.91751
225000 10000 150004 3.86684
225000 5000 150003 2.70348
230000 5000 150003 2.64932
225000 10000 150004 3.86684
230000 10000 150003 2.69069
230000 0 150006 5.78323
235000 0 150005 4.74049
230000 5000 150003 2.64932
235000 5000 150006 5.80313
235000 0 150005 4.74049
240000 0 150006 6.45615
235000 5000 150006 5.80313
240000 5000 150004 4.0451
230000 5000 150003 2.64932
235000 5000 150006 5.80313
230000 10000 150003 2.69069
235000 10000 150006 6.33688
235000 5000 150006 5.80313
240000 5000 150004 4.0451
235000 10000 150006 6.33688
240000 10000 150002 1.57838
160000 10000 150007 6.69291
165000 10000 150006 6.38574
160000 15000 150008 8.07701
165000 15000 150007 7.44997
165000 10000 150006 6.38574
170000 10000 150010 9.65567
165000 15000 150007 7.44997
170000 15000 150010 10.0999
160000 15000 150008 8.07701
165000 15000 150007 7.44997
160000 20000 150006 6.49357
165000 20000 150003 3.49373
165000 15000 150007 7.44997
170000 15000 150010 10.0999
165000 20000 150003 3.49373
170000 20000 150006 6.43522
170000 10000 150010 9.65567
175000 10000 150010 9.65458
170000 15000 150010 10.0999
175000 15000 150008 8.0639
175000 10000 150010 9.65458
180000 10000 150004 3.73373
175000 15000 150008 8.0639
180000 15000 150010 9.65986
170000 15000 150010 10.0999
175000 15000 150008 8.0639
170000 20000 150006 6.43522
175000 20000 150006 5.57911
175000 15000 150008 8.0639
180000 15000 150010 9.65986
175000 20000 150006 5.57911
180000 20000 150006 6.02828
180000 10000 150004 3.73373
185000 10000 150007 7.00877
180000 15000 150010 9.65986
185000 15000 150008 8.46353
185000 10000 150007 7.00877
190000 10000 150007 7.29391
185000 15000 150008 8.46353
190000 15000 150006 6.21561
180000 15000 150010 9.65986
185000 15000 150008 8.46353
180000 20000 150006 6.02828
185000 20000 150010 9.56241
185000 15000 150008 8.46353
190000 15000 150006 6.21561
185000 20000 150010 9.56241
190000 20000 150010 9.6623
190000 10000 150007 7.29391
195000 10000 150004 3.98248
190000 15000 150006 6.21561
195000 15000 150009 9.16788
195000 10000 150004 3.98248
200000 10000 150008 7.63698
195000 15000 150009 9.16788
200000 15000 150005 5.09659
190000 15000 150006 6.21561
195000 15000 150009 9.16788
190000 20000 150010 9.6623
195000 20000 150009 9.09335
195000 15000 150009 9.16788
200000 15000 150005 5.09659
195000 20000 150009 9.09335
200000 20000 150003 3.40482
200000 10000 150008 7.63698
205000 10000 150004 4.27848
200000 15000 150005 5.09659
205000 15000 150006 5.65789
205000 10000 150004 4.27848
210000 10000 150004 3.58404
205000 15000 150006 5.65789
210000 15000 150005 5.31259
200000 15000 150005 5.09659
205000 15000 150006 5.65789
200000 20000 150003 3.40482
205000 20000 150005 4.96985
205000 15000 150006 5.65789
210000 15000 150005 5.31259
205000 20000 150005 4.96985
210000 20000 150006 6.05317
210000 10000 150004 3.58404
215000 10000 150005 4.87657
210000 15000 150005 5.31259
215000 15000 150004 3.53776
215000 10000 150005 4.87657
220000 10000 150003 2.91751
215000 15000 150004 3.53776
220000 15000 150004 4.3516
210000 15000 150005 5.31259
215000 15000 150004 3.53776
210000 20000 150006 6.05317
215000 20000 150006 6.05231
215000 15000 150004 3.53776
220000 15000 150004 4.3516
215000 20000 150006 6.05231
220000 20000 150007 7.28146
220000 10000 150003 2.91751
225000 10000 150004 3.86684
220000 15000 150004 4.3516
225000 15000 150006 6.23418
225000 10000 150004 3.86684
230000 10000 150003 2.69069
225000 15000 150006 6.23418
230000 15000 150006 5.67233
220000 15000 150004 4.3516
225000 15000 150006 6.23418
220000 20000 150007 7.28146
225000 20000 150006 6.4002
225000 15000 150006 6.23418
230000 15000 150006 5.67233
225000 20000 150006 6.4002
230000 20000 150002 1.58667
230000 10000 150003 2.69069
235000 10000 150006 6.33688
230000 15000 150006 5.67233
235000 15000 150001 1.23615
235000 10000 150006 6.33688
240000 10000 150002 1.57838
235000 15000 150001 1.23615
240000 15000 150000 0.419593
230000 15000 150006 5.67233
235000 15000 150001 1.23615
230000 20000 150002 1.58667
235000 20000 150002 1.69042
235000 15000 150001 1.23615
240000 15000 150000 0.419593
235000 20000 150002 1.69042
240000 20000 150002 2.35357
160000 20000 150006 6.49357
165000 20000 150003 3.49373
160000 25000 150003 3.1545
165000 25000 150004 4.41714
165000 20000 150003 3.49373
170000 20000 150006 6.43522
165000 25000 150004 4.41714
170000 25000 150005 5.39833
160000 25000 150003 3.1545
165000 25000 150004 4.41714
160000 30000 150004 4.14737
165000 30000 150007 7.35039
165000 25000 150004 4.41714
170000 25000 150005 5.39833
165000 30000 150007 7.35039
170000 30000 150007 6.74757
170000 20000 150006 6.43522
175000 20000 150006 5.57911
170000 25000 150005 5.39833
175000 25000 150009 9.09914
175000 20000 150006 5.57911
180000 20000 150006 6.02828
175000 25000 150009 9.09914
180000 25000 150005 4.51653
170000 25000 150005 5.39833
175000 25000 150009 9.09914
170000 30000 150007 6.74757
175000 30000 150004 4.48159
175000 25000 150009 9.09914
180000 25000 150005 4.51653
175000 30000 150004 4.48159
180000 30000 150006 5.74611
180000 20000 150006 6.02828
185000 20000 150010 9.56241
180000 25000 150005 4.51653
185000 25000 150010 9.89031
185000 20000 150010 9.56241
190000 20000 150010 9.6623
185000 25000 150010 9.89031
190000 25000 150008 7.58081
180000 25000 150005 4.51653
185000 25000 150010 9.89031
180000 30000 150006 5.74611
185000 30000 150011 11.1067
185000 25000 150010 9.89031
190000 25000 150008 7.58081
185000 30000 150011 11.1067
190000 30000 150010 9.50842
190000 20000 150010 9.6623
195000 20000 150009 9.09335
190000 25000 150008 7.58081
195000 25000 150004 4.24591
195000 20000 150009 9.09335
200000 20000 150003 3.40482
195000 25000 150004 4.24591
200000 25000 150004 3.57322
190000 25000 150008 7.58081
195000 25000 150004 4.24591
190000 30000 150010 9.50842
195000 30000 150005 5.27796
195000 25000 150004 4.24591
200000 25000 150004 3.57322
195000 30000 150005 5.27796
200000 30000 150005 5.06526
200000 20000 150003 3.40482
205000 20000 150005 4.96985
200000 25000 150004 3.57322
205000 25000 150005 5.11414
205000 20000 150005 4.96985
210000 20000 150006 6.05317
205000 25000 150005 5.11414
210000 25000 150006 5.56556
200000 25000 150004 3.57322
205000 25000 150005 5.11414
200000 30000 150005 5.06526
205000 30000 150004 4.41828
205000 25000 150005 5.11414
210000 25000 150006 5.56556
205000 30000 150004 4.41828
210000 30000 150002 2.47667
210000 20000 150006 6.05317
215000 20000 150006 6.05231
210000 25000 150006 5.56556
215000 25000 150004 3.95702
215000 20000 150006 6.05231
220000 20000 150007 7.28146
215000 25000 150004 3.95702
220000 25000 150005 5.03409
210000 25000 150006 5.56556
215000 25000 150004 3.95702
210000 30000 150002 2.47667
215000 30000 150004 4.1241
215000 25000 150004 3.95702
220000 25000 150005 5.03409
215000 30000 150004 4.1241
220000 30000 150002 2.46364
220000 20000 150007 7.28146
225000 20000 150006 6.4002
220000 25000 150005 5.03409
225000 25000 150001 0.837288
225000 20000 150006 6.4002
230000 20000 150002 1.58667
225000 25000 150001 0.837288
230000 25000 150000 0.18904
220000 25000 150005 5.03409
225000 25000 150001 0.837288
220000 30000 150002 2.46364
225000 30000 150008 7.54888
225000 25000 150001 0.837288
230000 25000 150000 0.18904
225000 30000 150008 7.54888
230000 30000 150001 1.17345
230000 20000 150002 1.58667
235000 20000 150002 1.69042
230000 25000 150000 0.18904
235000 25000 150006 6.46503
235000 20000 150002 1.69042
240000 20000 150002 2.35357
235000 25000 150006 6.46503
240000 25000 150006 5.58545
230000 25000 150000 0.18904
235000 25000 150006 6.46503
230000 30000 150001 1.17345
235000 30000 150003 3.23208
235000 25000 150006 6.46503
240000 25000 150006 5.58545
235000 30000 150003 3.23208
240000 30000 150003 2.80849
160000 30000 150004 4.14737
165000 30000 150007 7.35039
160000 35000 150006 5.50527
165000 35000 150006 6.07264
165000 30000 150007 7.35039
170000 30000 150007 6.74757
165000 35000 150006 6.07264
170000 35000 150010 10.1487
160000 35000 150006 5.50527
165000 35000 150006 6.07264
160000 40000 150003 2.57248
165000 40000 150004 3.94997
165000 35000 150006 6.07264
170000 35000 150010 10.1487
165000 40000 150004 3.94997
170000 40000 150009 9.11884
170000 30000 150007 6.74757
175000 30000 150004 4.48159
170000 35000 150010 10.1487
175000 35000 150010 10.3757
175000 30000 150004 4.48159
180000 30000 150006 5.74611
175000 35000 150010 10.3757
180000 35000 150005 4.50229
170000 35000 150010 10.1487
175000 35000 150010 10.3757
170000 40000 150009 9.11884
175000 40000 150006 5.99839
175000 35000 150010 10.3757
180000 35000 150005 4.50229
175000 40000 150006 5.99839
180000 40000 150007 6.69315
180000 30000 150006 5.74611
185000 30000 150011 11.1067
180000 35000 150005 4.50229
185000 35000 150008 7.78823
185000 30000 150011 11.1067
190000 30000 150010 9.50842
185000 35000 150008 7.78823
190000 35000 150010 9.76518
180000 35000 150005 4.50229
185000 35000 150008 7.78823
180000 40000 150007 6.69315
185000 40000 150005 5.04579
185000 35000 150008 7.78823
190000 35000 150010 9.76518
185000 40000 150005 5.04579
190000 40000 150009 8.57544
190000 30000 150010 9.50842
195000 30000 150005 5.27796
190000 35000 150010 9.76518
195000 35000 150007 6.85195
195000 30000 150005 5.27796
200000 30000 150005 5.06526
195000 35000 150007 6.85195
200000 35000 150006 6.38077
190000 35000 150010 9.76518
195000 35000 150007 6.85195
190000 40000 150009 8.57544
195000 40000 150006 5.51837
195000 35000 150007 6.85195
200000 35000 150006 6.38077
195000 40000 150006 5.51837
200000 40000 150009 9.3882
200000 30000 150005 5.06526
205000 30000 150004 4.41828
200000 35000 150006 6.38077
205000 35000 150009 8.94865
205000 30000 150004 4.41828
210000 30000 150002 2.47667
205000 35000 150009 8.94865
210000 35000 150002 2.42546
200000 35000 150006 6.38077
205000 35000 150009 8.94865
200000 40000 150009 9.3882
205000 40000 150007 7.0465
205000 35000 150009 8.94865
210000 35000 150002 2.42546
205000 40000 150007 7.0465
210000 40000 150006 5.60313
210000 30000 150002 2.47667
215000 30000 150004 4.1241
210000 35000 150002 2.42546
215000 35000 150004 3.83589
215000 30000 150004 4.1241
220000 30000 150002 2.46364
215000 35000 150004 3.83589
220000 35000 150007 7.44637
210000 35000 150002 2.42546
215000 35000 150004 3.83589
210000 40000 150006 5.60313
215000 40000 150005 4.53755
215000 35000 150004 3.83589
220000 35000 150007 7.44637
215000 40000 150005 4.53755
220000 40000 150002 1.71614
220000 30000 150002 2.46364
225000 30000 150008 7.54888
220000 35000 150007 7.44637
225000 35000 150007 6.67966
225000 30000 150008 7.54888
230000 30000 150001 1.17345
225000 35000 150007 6.67966
230000 35000 150007 6.91188
220000 35000 150007 7.44637
225000 35000 150007 6.67966
220000 40000 150002 1.71614
225000 40000 150002 2.13124
225000 35000 150007 6.67966
230000 35000 150007 6.91188
225000 40000 150002 2.13124
230000 40000 150006 6.33206
230000 30000 150001 1.17345
235000 30000 150003 3.23208
230000 35000 150007 6.91188
235000 35000 150005 5.46253
235000 30000 150003 3.23208
240000 30000 150003 2.80849
235000 35000 150005 5.46253
240000 35000 150000 0.240542
230000 35000 150007 6.91188
235000 35000 150005 5.46253
230000 40000 150006 6.33206
235000 40000 150003 2.52526
235000 35000 150005 5.46253
240000 35000 150000 0.240542
235000 40000 150003 2.52526
240000 40000 150003 2.52248
160000 40000 150003 2.57248
165000 40000 150004 3.94997
160000 45000 150006 5.55774
165000 45000 150007 6.91049
165000 40000 150004 3.94997
170000 40000 150009 9.11884
165000 45000 150007 6.91049
170000 45000 150006 6.28525
160000 45000 150006 5.55774
165000 45000 150007 6.91049
160000 50000 150003 2.69788
165000 50000 150004 3.78543
165000 45000 150007 6.91049
170000 45000 150006 6.28525
165000 50000 150004 3.78543
170000 50000 150007 7.36615
170000 40000 150009 9.11884
175000 40000 150006 5.99839
170000 45000 150006 6.28525
175000 45000 150006 5.55746
175000 40000 150006 5.99839
180000 40000 150007 6.69315
175000 45000 150006 5.55746
180000 45000 150006 5.57122
170000 45000 150006 6.28525
175000 45000 150006 5.55746
170000 50000 150007 7.36615
175000 50000 150004 4.26086
175000 45000 150006 5.55746
180000 45000 150006 5.57122
175000 50000 150004 4.26086
180000 50000 150007 6.75599
180000 40000 150007 6.69315
185000 40000 150005 5.04579
180000 45000 150006 5.57122
185000 45000 150009 8.71884
185000 40000 150005 5.04579
190000 40000 150009 8.57544
185000 45000 150009 8.71884
190000 45000 150005 4.5249
180000 45000 150006 5.57122
185000 45000 150009 8.71884
180000 50000 150007 6.75599
185000 50000 150004 4.27265
185000 45000 150009 8.71884
190000 45000 150005 4.5249
185000 50000 150004 4.27265
190000 50000 150005 5.40768
190000 40000 150009 8.57544
195000 40000 150006 5.51837
190000 45000 150005 4.5249
195000 45000 150006 6.17414
195000 40000 150006 5.51837
200000 40000 150009 9.3882
195000 45000 150006 6.17414
200000 45000 150008 8.42936
190000 45000 150005 4.5249
195000 45000 150006 6.17414
190000 50000 150005 5.40768
195000 50000 150006 6.33648
195000 45000 150006 6.17414
200000 45000 150008 8.42936
195000 50000 150006 6.33648
200000 50000 150009 8.62707
200000 40000 150009 9.3882
205000 40000 150007 7.0465
200000 45000 150008 8.42936
205000 45000 150005 5.22222
205000 40000 150007 7.0465
210000 40000 150006 5.60313
205000 45000 150005 5.22222
210000 45000 150005 5.4014
200000 45000 150008 8.42936
205000 45000 150005 5.22222
200000 50000 150009 8.62707
205000 50000 150008 8.27926
205000 45000 150005 5.22222
210000 45000 150005 5.4014
205000 50000 150008 8.27926
210000 50000 150008 7.55005
210000 40000 150006 5.60313
215000 40000 150005 4.53755
210000 45000 150005 5.4014
215000 45000 150002 2.32071
215000 40000 150005 4.53755
220000 40000 150002 1.71614
215000 45000 150002 2.32071
220000 45000 150008 7.58014
210000 45000 150005 5.4014
215000 45000 150002 2.32071
210000 50000 150008 7.55005
215000 50000 150004 3.91852
215000 45000 150002 2.32071
220000 45000 150008 7.58014
215000 50000 150004 3.91852
220000 50000 150002 2.3219
220000 40000 150002 1.71614
225000 40000 150002 2.13124
220000 45000 150008 7.58014
225000 45000 150007 6.84657
225000 40000 150002 2.13124
230000 40000 150006 6.33206
225000 45000 150007 6.84657
230000 45000 150001 1.30767
220000 45000 150008 7.58014
225000 45000 150007 6.84657
220000 50000 150002 2.3219
225000 50000 150006 6.37694
225000 45000 150007 6.84657
230000 45000 150001 1.30767
225000 50000 150006 6.37694
230000 50000 150000 0.483385
230000 40000 150006 6.33206
235000 40000 150003 2.52526
230000 45000 150001 1.30767
235000 45000 150003 2.64812
235000 40000 150003 2.52526
240000 40000 150003 2.52248
235000 45000 150003 2.64812
240000 45000 150001 1.40815
230000 45000 150001 1.30767
235000 45000 150003 2.64812
230000 50000 150000 0.483385
235000 50000 150003 3.22645
235000 45000 150003 2.64812
240000 45000 150001 1.40815
235000 50000 150003 3.22645
240000 50000 150005 5.04971
160000 50000 150003 2.69788
165000 50000 150004 3.78543
160000 55000 150007 7.49779
165000 55000 150006 6.20786
165000 50000 150004 3.78543
170000 50000 150007 7.36615
165000 55000 150006 6.20786
170000 55000 150004 3.9092
160000 55000 150007 7.49779
165000 55000 150006 6.20786
160000 60000 149998 -1.92071
165000 60000 150008 8.18241
165000 55000 150006 6.20786
170000 55000 150004 3.9092
165000 60000 150008 8.18241
170000 60000 150005 4.7197
170000 50000 150007 7.36615
175000 50000 150004 4.26086
170000 55000 150004 3.9092
175000 55000 150005 4.81186
175000 50000 150004 4.26086
180000 50000 150007 6.75599
175000 55000 150005 4.81186
180000 55000 150006 6.16232
170000 55000 150004 3.9092
175000 55000 150005 4.81186
170000 60000 150005 4.7197
175000 60000 150011 10.504
175000 55000 150005 4.81186
180000 55000 150006 6.16232
175000 60000 150011 10.504
180000 60000 150007 7.25922
180000 50000 150007 6.75599
185000 50000 150004 4.27265
180000 55000 150006 6.16232
185000 55000 150007 7.34102
185000 50000 150004 4.27265
190000 50000 150005 5.40768
185000 55000 150007 7.34102
190000 55000 150009 8.73382
180000 55000 150006 6.16232
185000 55000 150007 7.34102
180000 60000 150007 7.25922
185000 60000 150005 4.70327
185000 55000 150007 7.34102
190000 55000 150009 8.73382
185000 60000 150005 4.70327
190000 60000 150005 4.70474
190000 50000 150005 5.40768
195000 50000 150006 6.33648
190000 55000 150009 8.73382
195000 55000 150007 6.80777
195000 50000 150006 6.33648
200000 50000 150009 8.62707
195000 55000 150007 6.80777
200000 55000 150006 5.60215
190000 55000 150009 8.73382
195000 55000 150007 6.80777
190000 60000 150005 4.70474
195000 60000 150005 5.14399
195000 55000 150007 6.80777
200000 55000 150006 5.60215
195000 60000 150005 5.14399
200000 60000 150006 6.02438
200000 50000 150009 8.62707
205000 50000 150008 8.27926
200000 55000 150006 5.60215
205000 55000 150004 4.12123
205000 50000 150008 8.27926
210000 50000 150008 7.55005
205000 55000 150004 4.12123
210000 55000 150004 4.03299
200000 55000 150006 5.60215
205000 55000 150004 4.12123
200000 60000 150006 6.02438
205000 60000 150010 9.92172
205000 55000 150004 4.12123
210000 55000 150004 4.03299
205000 60000 150010 9.92172
210000 60000 150007 7.1471
210000 50000 150008 7.55005
215000 50000 150004 3.91852
210000 55000 150004 4.03299
215000 55000 150005 5.17927
215000 50000 150004 3.91852
220000 50000 150002 2.3219
215000 55000 150005 5.17927
220000 55000 150003 3.14242
210000 55000 150004 4.03299
215000 55000 150005 5.17927
210000 60000 150007 7.1471
215000 60000 150007 6.92569
215000 55000 150005 5.17927
220000 55000 150003 3.14242
215000 60000 150007 6.92569
220000 60000 150003 2.9578
220000 50000 150002 2.3219
225000 50000 150006 6.37694
220000 55000 150003 3.14242
225000 55000 150002 1.68606
225000 50000 150006 6.37694
230000 50000 150000 0.483385
225000 55000 150002 1.68606
230000 55000 150005 4.88373
220000 55000 150003 3.14242
225000 55000 150002 1.68606
220000 60000 150003 2.9578
225000 60000 150004 3.79364
225000 55000 150002 1.68606
230000 55000 150005 4.88373
225000 60000 150004 3.79364
230000 60000 150002 1.98398
230000 50000 150000 0.483385
235000 50000 150003 3.22645
230000 55000 150005 4.88373
235000 55000 150004 4.2079
235000 50000 150003 3.22645
240000 50000 150005 5.04971
235000 55000 150004 4.2079
240000 55000 150004 3.5869
230000 55000 150005 4.88373
235000 55000 150004 4.2079
230000 60000 150002 1.98398
235000 60000 150002 1.89045
235000 55000 150004 4.2079
240000 55000 150004 3.5869
235000 60000 150002 1.89045
240000 60000 150003 2.91092
160000 60000 149998 -1.92071
165000 60000 150008 8.18241
160000 65000 150000 -0.379677
165000 65000 150002 1.60954
165000 60000 150008 8.18241
170000 60000 150005 4.7197
165000 65000 150002 1.60954
170000 65000 150006 5.85392
160000 65000 150000 -0.379677
165000 65000 150002 1.60954
160000 70000 149996 -4.15448
165000 70000 150001 1.12292
165000 65000 150002 1.60954
170000 65000 150006 5.85392
165000 70000 150001 1.12292
170000 70000 150008 8.35329
170000 60000 150005 4.7197
175000 60000 150011 10.504
170000 65000 150006 5.85392
175000 65000 150010 10.0604
175000 60000 150011 10.504
180000 60000 150007 7.25922
175000 65000 150010 10.0604
180000 65000 150007 6.99755
170000 65000 150006 5.85392
175000 65000 150010 10.0604
170000 70000 150008 8.35329
175000 70000 150006 5.79963
175000 65000 150010 10.0604
180000 65000 150007 6.99755
175000 70000 150006 5.79963
180000 70000 150005 4.52241
180000 60000 150007 7.25922
185000 60000 150005 4.70327
180000 65000 150007 6.99755
185000 65000 150005 5.14184
185000 60000 150005 4.70327
190000 60000 150005 4.70474
185000 65000 150005 5.14184
190000 65000 150008 7.91611
180000 65000 150007 6.99755
185000 65000 150005 5.14184
180000 70000 150005 4.52241
185000 70000 150005 5.39231
185000 65000 150005 5.14184
190000 65000 150008 7.91611
185000 70000 150005 5.39231
190000 70000 150008 7.91203
190000 60000 150005 4.70474
195000 60000 150005 5.14399
190000 65000 150008 7.91611
195000 65000 150005 4.50339
195000 60000 150005 5.14399
200000 60000 150006 6.02438
195000 65000 150005 4.50339
200000 65000 150010 9.53646
190000 65000 150008 7.91611
195000 65000 150005 4.50339
190000 70000 150008 7.91203
195000 70000 150011 10.6627
195000 65000 150005 4.50339
200000 65000 150010 9.53646
195000 70000 150011 10.6627
200000 70000 150006 5.96572
160000 70000 149996 -4.15448
165000 70000 150001 1.12292
160000 75000 149988 -11.8104
165000 75000 150001 0.574467
165000 70000 150001 1.12292
170000 70000 150008 8.35329
165000 75000 150001 0.574467
170000 75000 150001 0.71712
160000 75000 149988 -11.8104
165000 75000 150001 0.574467
160000 80000 149991 -8.64986
165000 80000 149993 -6.50595
165000 75000 150001 0.574467
170000 75000 150001 0.71712
165000 80000 149993 -6.50595
170000 80000 150000 0.488656
170000 70000 150008 8.35329
175000 70000 150006 5.79963
170000 75000 150001 0.71712
175000 75000 150004 4.11968
175000 70000 150006 5.79963
180000 70000 150005 4.52241
175000 75000 150004 4.11968
180000 75000 150007 6.8655
170000 75000 150001 0.71712
175000 75000 150004 4.11968
170000 80000 150000 0.488656
175000 80000 150010 10.186
175000 75000 150004 4.11968
180000 75000 150007 6.8655
175000 80000 150010 10.186
180000 80000 150008 7.59331
180000 70000 150005 4.52241
185000 70000 150005 5.39231
180000 75000 150007 6.8655
185000 75000 150010 10.4584
185000 70000 150005 5.39231
190000 70000 150008 7.91203
185000 75000 150010 10.4584
190000 75000 150011 11.202
180000 75000 150007 6.8655
185000 75000 150010 10.4584
180000 80000 150008 7.59331
185000 80000 150007 7.44715
185000 75000 150010 10.4584
190000 75000 150011 11.202
185000 80000 150007 7.44715
190000 80000 150011 11.1954
190000 70000 150008 7.91203
195000 70000 150011 10.6627
190000 75000 150011 11.202
195000 75000 150007 6.8365
195000 70000 150011 10.6627
200000 70000 150006 5.96572
195000 75000 150007 6.8365
200000 75000 150005 4.83702
190000 75000 150011 11.202
195000 75000 150007 6.8365
190000 80000 150011 11.1954
195000 80000 150010 10.3422
195000 75000 150007 6.8365
200000 75000 150005 4.83702
195000 80000 150010 10.3422
200000 80000 150011 11.393
110000 80000 150004 4.03327
115000 80000 150001 0.770288
110000 85000 150001 0.585275
115000 85000 150001 0.618039
115000 80000 150001 0.770288
120000 80000 150003 2.81305
115000 85000 150001 0.618039
120000 85000 150005 5.01602
110000 85000 150001 0.585275
115000 85000 150001 0.618039
110000 90000 150000 -0.0251807
115000 90000 150001 0.538835
115000 85000 150001 0.618039
120000 85000 150005 5.01602
115000 90000 150001 0.538835
120000 90000 149999 -0.74521
120000 80000 150003 2.81305
125000 80000 150004 4.36586
120000 85000 150005 5.01602
125000 85000 150001 1.39886
125000 80000 150004 4.36586
130000 80000 150002 1.53428
125000 85000 150001 1.39886
130000 85000 150006 5.753
120000 85000 150005 5.01602
125000 85000 150001 1.39886
120000 90000 149999 -0.74521
125000 90000 150001 1.42553
125000 85000 150001 1.39886
130000 85000 150006 5.753
125000 90000 150001 1.42553
130000 90000 150003 3.32415
130000 80000 150002 1.53428
135000 80000 150002 2.43705
130000 85000 150006 5.753
135000 85000 150007 6.57833
135000 80000 150002 2.43705
140000 80000 150004 4.18107
135000 85000 150007 6.57833
140000 85000 150004 4.34814
130000 85000 150006 5.753
135000 85000 150007 6.57833
130000 90000 150003 3.32415
135000 90000 150003 3.07271
135000 85000 150007 6.57833
140000 85000 150004 4.34814
135000 90000 150003 3.07271
140000 90000 150002 1.86103
140000 80000 150004 4.18107
145000 80000 150005 4.7882
140000 85000 150004 4.34814
145000 85000 150002 1.7743
145000 80000 150005 4.7882
150000 80000 149998 -1.54728
145000 85000 150002 1.7743
150000 85000 150001 0.992947
140000 85000 150004 4.34814
145000 85000 150002 1.7743
140000 90000 150002 1.86103
145000 90000 150002 1.69312
145000 85000 150002 1.7743
150000 85000 150001 0.992947
145000 90000 150002 1.69312
150000 90000 150003 3.29273
150000 80000 149998 -1.54728
155000 80000 149994 -6.21495
150000 85000 150001 0.992947
155000 85000 149998 -2.11223
155000 80000 149994 -6.21495
160000 80000 149991 -8.64986
155000 85000 149998 -2.11223
160000 85000 149995 -5.28048
150000 85000 150001 0.992947
155000 85000 149998 -2.11223
150000 90000 150003 3.29273
155000 90000 150001 1.05768
155000 85000 149998 -2.11223
160000 85000 149995 -5.28048
155000 90000 150001 1.05768
160000 90000 150000 0.303638
100000 90000 150002 1.52507
105000 90000 149999 -0.505675
100000 95000 149999 -1.08556
105000 95000 149999 -0.505678
105000 90000 149999 -0.505675
110000 90000 150000 -0.0251807
105000 95000 149999 -0.505678
110000 95000 150004 3.8263
100000 95000 149999 -1.08556
105000 95000 149999 -0.505678
100000 100000 150001 0.719611
105000 100000 150002 1.89073
105000 95000 149999 -0.505678
110000 95000 150004 3.8263
105000 100000 150002 1.89073
110000 100000 150000 -0.115856
110000 90000 150000 -0.0251807
115000 90000 150001 0.538835
110000 95000 150004 3.8263
115000 95000 150000 0.449842
115000 90000 150001 0.538835
120000 90000 149999 -0.74521
115000 95000 150000 0.449842
120000 95000 150001 0.819922
110000 95000 150004 3.8263
115000 95000 150000 0.449842
110000 100000 150000 -0.115856
115000 100000 150005 5.21047
115000 95000 150000 0.449842
120000 95000 150001 0.819922
115000 100000 150005 5.21047
120000 100000 150001 0.943041
120000 90000 149999 -0.74521
125000 90000 150001 1.42553
120000 95000 150001 0.819922
125000 95000 150002 1.79912
125000 90000 150001 1.42553
130000 90000 150003 3.32415
125000 95000 150002 1.79912
130000 95000 150003 3.40771
120000 95000 150001 0.819922
125000 95000 150002 1.79912
120000 100000 150001 0.943041
125000 100000 150001 1.22633
125000 95000 150002 1.79912
130000 95000 150003 3.40771
125000 100000 150001 1.22633
130000 100000 150003 3.32269
130000 90000 150003 3.32415
135000 90000 150003 3.07271
130000 95000 150003 3.40771
135000 95000 150002 1.80483
135000 90000 150003 3.07271
140000 90000 150002 1.86103
135000 95000 150002 1.80483
140000 95000 150006 6.40467
130000 95000 150003 3.40771
135000 95000 150002 1.80483
130000 100000 150003 3.32269
135000 100000 150002 1.8051
135000 95000 150002 1.80483
140000 95000 150006 6.40467
135000 100000 150002 1.8051
140000 100000 150002 1.84904
140000 90000 150002 1.86103
145000 90000 150002 1.69312
140000 95000 150006 6.40467
145000 95000 150007 6.6061
145000 90000 150002 1.69312
150000 90000 150003 3.29273
145000 95000 150007 6.6061
150000 95000 150001 1.45439
140000 95000 150006 6.40467
145000 95000 150007 6.6061
140000 100000 150002 1.84904
145000 100000 150003 2.54497
145000 95000 150007 6.6061
150000 95000 150001 1.45439
145000 100000 150003 2.54497
150000 100000 150006 5.61384
150000 90000 150003 3.29273
155000 90000 150001 1.05768
150000 95000 150001 1.45439
155000 95000 150000 -0.45703
155000 90000 150001 1.05768
160000 90000 150000 0.303638
155000 95000 150000 -0.45703
160000 95000 150004 3.77588
150000 95000 150001 1.45439
155000 95000 150000 -0.45703
150000 100000 150006 5.61384
155000 100000 150001 1.16575
155000 95000 150000 -0.45703
160000 95000 150004 3.77588
155000 100000 150001 1.16575
160000 100000 150000 0.272162
80000 100000 149996 -4.38611
85000 100000 149998 -1.58383
80000 105000 150001 0.621193
85000 105000 149996 -4.24552
85000 100000 149998 -1.58383
90000 100000 149998 -2.49138
85000 105000 149996 -4.24552
90000 105000 149998 -2.16141
80000 105000 150001 0.621193
85000 105000 149996 -4.24552
80000 110000 149999 -0.588647
85000 110000 149995 -4.80871
85000 105000 149996 -4.24552
90000 105000 149998 -2.16141
85000 110000 149995 -4.80871
90000 110000 150001 1.19491
90000 100000 149998 -2.49138
95000 100000 150000 -0.1755
90000 105000 149998 -2.16141
95000 105000 149999 -0.705569
95000 100000 150000 -0.1755
100000 100000 150001 0.719611
95000 105000 149999 -0.705569
100000 105000 149999 -1.37212
90000 105000 149998 -2.16141
95000 105000 149999 -0.705569
90000 110000 150001 1.19491
95000 110000 150003 2.81268
95000 105000 149999 -0.705569
100000 105000 149999 -1.37212
95000 110000 150003 2.81268
100000 110000 149998 -1.58119
100000 100000 150001 0.719611
105000 100000 150002 1.89073
100000 105000 149999 -1.37212
105000 105000 149999 -0.593626
105000 100000 150002 1.89073
110000 100000 150000 -0.115856
105000 105000 149999 -0.593626
110000 105000 149998 -1.71815
100000 105000 149999 -1.37212
105000 105000 149999 -0.593626
100000 110000 149998 -1.58119
105000 110000 150004 4.34736
105000 105000 149999 -0.593626
110000 105000 149998 -1.71815
105000 110000 150004 4.34736
110000 110000 150004 4.34499
110000 100000 150000 -0.115856
115000 100000 150005 5.21047
110000 105000 149998 -1.71815
115000 105000 150001 0.905632
115000 100000 150005 5.21047
120000 100000 150001 0.943041
115000 105000 150001 0.905632
120000 105000 150002 2.16762
110000 105000 149998 -1.71815
115000 105000 150001 0.905632
110000 110000 150004 4.34499
115000 110000 150000 -0.227897
115000 105000 150001 0.905632
120000 105000 150002 2.16762
115000 110000 150000 -0.227897
120000 110000 150002 1.61632
120000 100000 150001 0.943041
125000 100000 150001 1.22633
120000 105000 150002 2.16762
125000 105000 150002 1.73067
125000 100000 150001 1.22633
130000 100000 150003 3.32269
125000 105000 150002 1.73067
130000 105000 150007 7.0911
120000 105000 150002 2.16762
125000 105000 150002 1.73067
120000 110000 150002 1.61632
125000 110000 150002 2.06861
125000 105000 150002 1.73067
130000 105000 150007 7.0911
125000 110000 150002 2.06861
130000 110000 150002 1.87767
130000 100000 150003 3.32269
135000 100000 150002 1.8051
130000 105000 150007 7.0911
135000 105000 150003 3.07481
135000 100000 150002 1.8051
140000 100000 150002 1.84904
135000 105000 150003 3.07481
140000 105000 150002 1.817
130000 105000 150007 7.0911
135000 105000 150003 3.07481
130000 110000 150002 1.87767
135000 110000 150007 7.17065
135000 105000 150003 3.07481
140000 105000 150002 1.817
135000 110000 150007 7.17065
140000 110000 150004 4.36664
140000 100000 150002 1.84904
145000 100000 150003 2.54497
140000 105000 150002 1.817
145000 105000 150000 -0.430064
145000 100000 150003 2.54497
150000 100000 150006 5.61384
145000 105000 150000 -0.430064
150000 105000 150000 0.43306
140000 105000 150002 1.817
145000 105000 150000 -0.430064
140000 110000 150004 4.36664
145000 110000 150004 4.02549
145000 105000 150000 -0.430064
150000 105000 150000 0.43306
145000 110000 150004 4.02549
150000 110000 150000 -0.399989
150000 100000 150006 5.61384
155000 100000 150001 1.16575
150000 105000 150000 0.43306
155000 105000 150000 0.497396
155000 100000 150001 1.16575
160000 100000 150000 0.272162
155000 105000 150000 0.497396
160000 105000 150001 0.744261
150000 105000 150000 0.43306
155000 105000 150000 0.497396
150000 110000 150000 -0.399989
155000 110000 150003 3.49122
155000 105000 150000 0.497396
160000 105000 150001 0.744261
155000 110000 150003 3.49122
160000 110000 150006 5.95394
80000 110000 149999 -0.588647
85000 110000 149995 -4.80871
80000 115000 149995 -4.74887
85000 115000 150000 0.0409196
85000 110000 149995 -4.80871
90000 110000 150001 1.19491
85000 115000 150000 0.0409196
90000 115000 149998 -2.21279
80000 115000 149995 -4.74887
85000 115000 150000 0.0409196
80000 120000 149996 -4.19676
85000 120000 149999 -0.729853
85000 115000 150000 0.0409196
90000 115000 149998 -2.21279
85000 120000 149999 -0.729853
90000 120000 149995 -4.58917
90000 110000 150001 1.19491
95000 110000 150003 2.81268
90000 115000 149998 -2.21279
95000 115000 149999 -1.40083
95000 110000 150003 2.81268
100000 110000 149998 -1.58119
95000 115000 149999 -1.40083
100000 115000 150000 0.018525
90000 115000 149998 -2.21279
95000 115000 149999 -1.40083
90000 120000 149995 -4.58917
95000 120000 149997 -2.89013
95000 115000 149999 -1.40083
100000 115000 150000 0.018525
95000 120000 149997 -2.89013
100000 120000 149999 -1.46425
100000 110000 149998 -1.58119
105000 110000 150004 4.34736
100000 115000 150000 0.018525
105000 115000 150001 1.37641
105000 110000 150004 4.34736
110000 110000 150004 4.34499
105000 115000 150001 1.37641
110000 115000 150002 2.45773
100000 115000 150000 0.018525
105000 115000 150001 1.37641
100000 120000 149999 -1.46425
105000 120000 149999 -1.15775
105000 115000 150001 1.37641
110000 115000 150002 2.45773
105000 120000 149999 -1.15775
110000 120000 150005 4.7856
110000 110000 150004 4.34499
115000 110000 150000 -0.227897
110000 115000 150002 2.45773
115000 115000 150004 4.03864
115000 110000 150000 -0.227897
120000 110000 150002 1.61632
115000 115000 150004 4.03864
120000 115000 150005 5.48749
110000 115000 150002 2.45773
115000 115000 150004 4.03864
110000 120000 150005 4.7856
115000 120000 149999 -1.26762
115000 115000 150004 4.03864
120000 115000 150005 5.48749
115000 120000 149999 -1.26762
120000 120000 150006 5.72015
120000 110000 150002 1.61632
125000 110000 150002 2.06861
120000 115000 150005 5.48749
125000 115000 150002 2.40371
125000 110000 150002 2.06861
130000 110000 150002 1.87767
125000 115000 150002 2.40371
130000 115000 150003 2.7787
120000 115000 150005 5.48749
125000 115000 150002 2.40371
120000 120000 150006 5.72015
125000 120000 150005 4.61207
125000 115000 150002 2.40371
130000 115000 150003 2.7787
125000 120000 150005 4.61207
130000 120000 150002 1.83988
130000 110000 150002 1.87767
135000 110000 150007 7.17065
130000 115000 150003 2.7787
135000 115000 150005 5.30543
135000 110000 150007 7.17065
140000 110000 150004 4.36664
135000 115000 150005 5.30543
140000 115000 150002 2.35848
130000 115000 150003 2.7787
135000 115000 150005 5.30543
130000 120000 150002 1.83988
135000 120000 150003 2.6594
135000 115000 150005 5.30543
140000 115000 150002 2.35848
135000 120000 150003 2.6594
140000 120000 150004 4.17581
140000 110000 150004 4.36664
145000 110000 150004 4.02549
140000 115000 150002 2.35848
145000 115000 150001 0.651068
145000 110000 150004 4.02549
150000 110000 150000 -0.399989
145000 115000 150001 0.651068
150000 115000 150001 0.627144
140000 115000 150002 2.35848
145000 115000 150001 0.651068
140000 120000 150004 4.17581
145000 120000 150000 -0.0699644
145000 115000 150001 0.651068
150000 115000 150001 0.627144
145000 120000 150000 -0.0699644
150000 120000 150003 3.31434
150000 110000 150000 -0.399989
155000 110000 150003 3.49122
150000 115000 150001 0.627144
155000 115000 149999 -1.07878
155000 110000 150003 3.49122
160000 110000 150006 5.95394
155000 115000 149999 -1.07878
160000 115000 150002 1.73655
150000 115000 150001 0.627144
155000 115000 149999 -1.07878
150000 120000 150003 3.31434
155000 120000 150005 4.6552
155000 115000 149999 -1.07878
160000 115000 150002 1.73655
155000 120000 150005 4.6552
160000 120000 150006 5.69141
240000 0 150006 6.45615
245000 0 149999 -0.940402
240000 5000 150004 4.0451
245000 5000 150003 2.64699
245000 0 149999 -0.940402
250000 0 150003 3.20462
245000 5000 150003 2.64699
250000 5000 150002 1.78083
240000 5000 150004 4.0451
245000 5000 150003 2.64699
240000 10000 150002 1.57838
245000 10000 150001 0.601064
245000 5000 150003 2.64699
250000 5000 150002 1.78083
245000 10000 150001 0.601064
250000 10000 150002 2.47154
250000 0 150003 3.20462
255000 0 149999 -0.601591
250000 5000 150002 1.78083
255000 5000 150004 4.18571
255000 0 149999 -0.601591
260000 0 150004 3.74067
255000 5000 150004 4.18571
260000 5000 150002 2.45183
250000 5000 150002 1.78083
255000 5000 150004 4.18571
250000 10000 150002 2.47154
255000 10000 150001 0.604885
255000 5000 150004 4.18571
260000 5000 150002 2.45183
255000 10000 150001 0.604885
260000 10000 150006 5.83537
260000 0 150004 3.74067
265000 0 149999 -0.964699
260000 5000 150002 2.45183
265000 5000 150003 3.03353
265000 0 149999 -0.964699
270000 0 150005 4.59321
265000 5000 150003 3.03353
270000 5000 150003 2.70527
260000 5000 150002 2.45183
265000 5000 150003 3.03353
260000 10000 150006 5.83537
265000 10000 150002 2.46182
265000 5000 150003 3.03353
270000 5000 150003 2.70527
265000 10000 150002 2.46182
270000 10000 150001 1.06928
270000 0 150005 4.59321
275000 0 149999 -0.644079
270000 5000 150003 2.70527
275000 5000 150006 5.64577
275000 0 149999 -0.644079
280000 0 150001 0.870416
275000 5000 150006 5.64577
280000 5000 150000 0.0191802
270000 5000 150003 2.70527
275000 5000 150006 5.64577
270000 10000 150001 1.06928
275000 10000 150002 1.82399
275000 5000 150006 5.64577
280000 5000 150000 0.0191802
275000 10000 150002 1.82399
280000 10000 150003 3.27254
280000 0 150001 0.870416
285000 0 150003 3.39323
280000 5000 150000 0.0191802
285000 5000 150002 2.30921
285000 0 150003 3.39323
290000 0 150005 5.19639
285000 5000 150002 2.30921
290000 5000 150007 6.55142
280000 5000 150000 0.0191802
285000 5000 150002 2.30921
280000 10000 150003 3.27254
285000 10000 150003 3.27667
285000 5000 150002 2.30921
290000 5000 150007 6.55142
285000 10000 150003 3.27667
290000 10000 150002 1.83224
290000 0 150005 5.19639
295000 0 150003 2.86782
290000 5000 150007 6.55142
295000 5000 150003 2.53137
295000 0 150003 2.86782
300000 0 150000 -0.308263
295000 5000 150003 2.53137
300000 5000 150000 0.296603
290000 5000 150007 6.55142
295000 5000 150003 2.53137
290000 10000 150002 1.83224
295000 10000 150004 4.0818
295000 5000 150003 2.53137
300000 5000 150000 0.296603
295000 10000 150004 4.0818
300000 10000 150004 4.1294
240000 10000 150002 1.57838
245000 10000 150001 0.601064
240000 15000 150000 0.419593
245000 15000 150005 5.06574
245000 10000 150001 0.601064
250000 10000 150002 2.47154
245000 15000 150005 5.06574
250000 15000 150005 4.7795
240000 15000 150000 0.419593
245000 15000 150005 5.06574
240000 20000 150002 2.35357
245000 20000 150000 -0.338845
245000 15000 150005 5.06574
250000 15000 150005 4.7795
245000 20000 150000 -0.338845
250000 20000 150001 1.28341
250000 10000 150002 2.47154
255000 10000 150001 0.604885
250000 15000 150005 4.7795
255000 15000 150004 3.88022
255000 10000 150001 0.604885
260000 10000 150006 5.83537
255000 15000 150004 3.88022
260000 15000 150002 1.66259
250000 15000 150005 4.7795
255000 15000 150004 3.88022
250000 20000 150001 1.28341
255000 20000 150003 2.6383
255000 15000 150004 3.88022
260000 15000 150002 1.66259
255000 20000 150003 2.6383
260000 20000 150004 4.26527
260000 10000 150006 5.83537
265000 10000 150002 2.46182
260000 15000 150002 1.66259
265000 15000 150005 4.71169
265000 10000 150002 2.46182
270000 10000 150001 1.06928
265000 15000 150005 4.71169
270000 15000 150001 1.38684
260000 15000 150002 1.66259
265000 15000 150005 4.71169
260000 20000 150004 4.26527
265000 20000 150000 -0.399441
265000 15000 150005 4.71169
270000 15000 150001 1.38684
265000 20000 150000 -0.399441
270000 20000 150004 4.15614
270000 10000 150001 1.06928
275000 10000 150002 1.82399
270000 15000 150001 1.38684
275000 15000 150003 3.14548
275000 10000 150002 1.82399
280000 10000 150003 3.27254
275000 15000 150003 3.14548
280000 15000 150004 3.6047
270000 15000 150001 1.38684
275000 15000 150003 3.14548
270000 20000 150004 4.15614
275000 20000 150001 1.27756
275000 15000 150003 3.14548
280000 15000 150004 3.6047
275000 20000 150001 1.27756
280000 20000 150002 1.52746
280000 10000 150003 3.27254
285000 10000 150003 3.27667
280000 15000 150004 3.6047
285000 15000 150003 2.69907
285000 10000 150003 3.27667
290000 10000 150002 1.83224
285000 15000 150003 2.69907
290000 15000 150000 -0.326423
280000 15000 150004 3.6047
285000 15000 150003 2.69907
280000 20000 150002 1.52746
285000 20000 150001 1.13881
285000 15000 150003 2.69907
290000 15000 150000 -0.326423
285000 20000 150001 1.13881
290000 20000 150002 2.27811
290000 10000 150002 1.83224
295000 10000 150004 4.0818
290000 15000 150000 -0.326423
295000 15000 150001 1.32214
295000 10000 150004 4.0818
300000 10000 150004 4.1294
295000 15000 150001 1.32214
300000 15000 150003 3.29233
290000 15000 150000 -0.326423
295000 15000 150001 1.32214
290000 20000 150002 2.27811
295000 20000 150002 1.85557
295000 15000 150001 1.32214
300000 15000 150003 3.29233
295000 20000 150002 1.85557
300000 20000 150001 0.765152
240000 20000 150002 2.35357
245000 20000 150000 -0.338845
240000 25000 150006 5.58545
245000 25000 150004 3.66899
245000 20000 150000 -0.338845
250000 20000 150001 1.28341
245000 25000 150004 3.66899
250000 25000 150000 0.405877
240000 25000 150006 5.58545
245000 25000 150004 3.66899
240000 30000 150003 2.80849
245000 30000 150000 -0.203252
245000 25000 150004 3.66899
250000 25000 150000 0.405877
245000 30000 150000 -0.203252
250000 30000 150004 4.13008
250000 20000 150001 1.28341
255000 20000 150003 2.6383
250000 25000 150000 0.405877
255000 25000 150004 3.91814
255000 20000 150003 2.6383
260000 20000 150004 4.26527
255000 25000 150004 3.91814
260000 25000 150002 1.64418
250000 25000 150000 0.405877
255000 25000 150004 3.91814
250000 30000 150004 4.13008
255000 30000 150004 3.52472
255000 25000 150004 3.91814
260000 25000 150002 1.64418
255000 30000 150004 3.52472
260000 30000 150002 2.28856
260000 20000 150004 4.26527
265000 20000 150000 -0.399441
260000 25000 150002 1.64418
265000 25000 150001 1.00675
265000 20000 150000 -0.399441
270000 20000 150004 4.15614
265000 25000 150001 1.00675
270000 25000 150000 -0.34073
260000 25000 150002 1.64418
265000 25000 150001 1.00675
260000 30000 150002 2.28856
265000 30000 150005 5.3527
265000 25000 150001 1.00675
270000 25000 150000 -0.34073
265000 30000 150005 5.3527
270000 30000 150004 3.81614
270000 20000 150004 4.15614
275000 20000 150001 1.27756
270000 25000 150000 -0.34073
275000 25000 150003 3.28892
275000 20000 150001 1.27756
280000 20000 150002 1.52746
275000 25000 150003 3.28892
280000 25000 150005 5.09057
270000 25000 150000 -0.34073
275000 25000 150003 3.28892
270000 30000 150004 3.81614
275000 30000 150004 4.0223
275000 25000 150003 3.28892
280000 25000 150005 5.09057
275000 30000 150004 4.0223
280000 30000 150005 4.68164
280000 20000 150002 1.52746
285000 20000 150001 1.13881
280000 25000 150005 5.09057
285000 25000 150000 0.250135
285000 20000 150001 1.13881
290000 20000 150002 2.27811
285000 25000 150000 0.250135
290000 25000 150002 1.96514
280000 25000 150005 5.09057
285000 25000 150000 0.250135
280000 30000 150005 4.68164
285000 30000 150000 0.271495
285000 25000 150000 0.250135
290000 25000 150002 1.96514
285000 30000 150000 0.271495
290000 30000 150004 3.67205
290000 20000 150002 2.27811
295000 20000 150002 1.85557
290000 25000 150002 1.96514
295000 25000 150001 0.947103
295000 20000 150002 1.85557
300000 20000 150001 0.765152
295000 25000 150001 0.947103
300000 25000 150001 1.36783
290000 25000 150002 1.96514
295000 25000 150001 0.947103
290000 30000 150004 3.67205
295000 30000 150001 0.628961
295000 25000 150001 0.947103
300000 25000 150001 1.36783
295000 30000 150001 0.628961
300000 30000 150001 1.43312
240000 30000 150003 2.80849
245000 30000 150000 -0.203252
240000 35000 150000 0.240542
245000 35000 150002 2.0787
245000 30000 150000 -0.203252
250000 30000 150004 4.13008
245000 35000 150002 2.0787
250000 35000 150004 3.94373
240000 35000 150000 0.240542
245000 35000 150002 2.0787
240000 40000 150003 2.52248
245000 40000 150001 1.08998
245000 35000 150002 2.0787
250000 35000 150004 3.94373
245000 40000 150001 1.08998
250000 40000 150004 3.9574
250000 30000 150004 4.13008
255000 30000 150004 3.52472
250000 35000 150004 3.94373
255000 35000 150004 4.03034
255000 30000 150004 3.52472
260000 30000 150002 2.28856
255000 35000 150004 4.03034
260000 35000 150001 1.10578
250000 35000 150004 3.94373
255000 35000 150004 4.03034
250000 40000 150004 3.9574
255000 40000 150003 3.33287
255000 35000 150004 4.03034
260000 35000 150001 1.10578
255000 40000 150003 3.33287
260000 40000 150004 4.36518
260000 30000 150002 2.28856
265000 30000 150005 5.3527
260000 35000 150001 1.10578
265000 35000 150003 2.91434
265000 30000 150005 5.3527
270000 30000 150004 3.81614
265000 35000 150003 2.91434
270000 35000 150002 1.61863
260000 35000 150001 1.10578
265000 35000 150003 2.91434
260000 40000 150004 4.36518
265000 40000 150003 3.0158
265000 35000 150003 2.91434
270000 35000 150002 1.61863
265000 40000 150003 3.0158
270000 40000 150002 2.42867
270000 30000 150004 3.81614
275000 30000 150004 4.0223
270000 35000 150002 1.61863
275000 35000 150004 4.05287
275000 30000 150004 4.0223
280000 30000 150005 4.68164
275000 35000 150004 4.05287
280000 35000 150004 4.3487
270000 35000 150002 1.61863
275000 35000 150004 4.05287
270000 40000 150002 2.42867
275000 40000 150004 3.99674
275000 35000 150004 4.05287
280000 35000 150004 4.3487
275000 40000 150004 3.99674
280000 40000 150001 1.18895
280000 30000 150005 4.68164
285000 30000 150000 0.271495
280000 35000 150004 4.3487
285000 35000 150003 3.2757
285000 30000 150000 0.271495
290000 30000 150004 3.67205
285000 35000 150003 3.2757
290000 35000 150005 4.50694
280000 35000 150004 4.3487
285000 35000 150003 3.2757
280000 40000 150001 1.18895
285000 40000 150004 3.71156
285000 35000 150003 3.2757
290000 35000 150005 4.50694
285000 40000 150004 3.71156
290000 40000 150005 5.28499
290000 30000 150004 3.67205
295000 30000 150001 0.628961
290000 35000 150005 4.50694
295000 35000 150005 5.41666
295000 30000 150001 0.628961
300000 30000 150001 1.43312
295000 35000 150005 5.41666
300000 35000 150005 5.4413
290000 35000 150005 4.50694
295000 35000 150005 5.41666
290000 40000 150005 5.28499
295000 40000 150003 3.00253
295000 35000 150005 5.41666
300000 35000 150005 5.4413
295000 40000 150003 3.00253
300000 40000 150001 0.530039
240000 40000 150003 2.52248
245000 40000 150001 1.08998
240000 45000 150001 1.40815
245000 45000 150003 3.22408
245000 40000 150001 1.08998
250000 40000 150004 3.9574
245000 45000 150003 3.22408
250000 45000 150000 -0.226063
240000 45000 150001 1.40815
245000 45000 150003 3.22408
240000 50000 150005 5.04971
245000 50000 150001 0.989214
245000 45000 150003 3.22408
250000 45000 150000 -0.226063
245000 50000 150001 0.989214
250000 50000 150005 5.21134
250000 40000 150004 3.9574
255000 40000 150003 3.33287
250000 45000 150000 -0.226063
255000 45000 150000 0.418932
255000 40000 150003 3.33287
260000 40000 150004 4.36518
255000 45000 150000 0.418932
260000 45000 150002 2.01636
250000 45000 150000 -0.226063
255000 45000 150000 0.418932
250000 50000 150005 5.21134
255000 50000 150005 5.19618
255000 45000 150000 0.418932
260000 45000 150002 2.01636
255000 50000 150005 5.19618
260000 50000 150005 4.59602
260000 40000 150004 4.36518
265000 40000 150003 3.0158
260000 45000 150002 2.01636
265000 45000 150001 1.46361
265000 40000 150003 3.0158
270000 40000 150002 2.42867
265000 45000 150001 1.46361
270000 45000 150002 1.83873
260000 45000 150002 2.01636
265000 45000 150001 1.46361
260000 50000 150005 4.59602
265000 50000 150004 4.19741
265000 45000 150001 1.46361
270000 45000 150002 1.83873
265000 50000 150004 4.19741
270000 50000 150006 5.96819
270000 40000 150002 2.42867
275000 40000 150004 3.99674
270000 45000 150002 1.83873
275000 45000 150004 4.38352
275000 40000 150004 3.99674
280000 40000 150001 1.18895
275000 45000 150004 4.38352
280000 45000 150001 1.40642
270000 45000 150002 1.83873
275000 45000 150004 4.38352
270000 50000 150006 5.96819
275000 50000 150002 2.35126
275000 45000 150004 4.38352
280000 45000 150001 1.40642
275000 50000 150002 2.35126
280000 50000 150004 3.83623
280000 40000 150001 1.18895
285000 40000 150004 3.71156
280000 45000 150001 1.40642
285000 45000 150002 1.93839
285000 40000 150004 3.71156
290000 40000 150005 5.28499
285000 45000 150002 1.93839
290000 45000 150002 2.40256
280000 45000 150001 1.40642
285000 45000 150002 1.93839
280000 50000 150004 3.83623
285000 50000 150001 1.19092
285000 45000 150002 1.93839
290000 45000 150002 2.40256
285000 50000 150001 1.19092
290000 50000 150006 6.17964
290000 40000 150005 5.28499
295000 40000 150003 3.00253
290000 45000 150002 2.40256
295000 45000 150000 -0.200645
295000 40000 150003 3.00253
300000 40000 150001 0.530039
295000 45000 150000 -0.200645
300000 45000 150006 6.39655
290000 45000 150002 2.40256
295000 45000 150000 -0.200645
290000 50000 150006 6.17964
295000 50000 150005 4.76093
295000 45000 150000 -0.200645
300000 45000 150006 6.39655
295000 50000 150005 4.76093
300000 50000 150000 -0.0396324
240000 50000 150005 5.04971
245000 50000 150001 0.989214
240000 55000 150004 3.5869
245000 55000 150005 4.90498
245000 50000 150001 0.989214
250000 50000 150005 5.21134
245000 55000 150005 4.90498
250000 55000 150001 1.09039
240000 55000 150004 3.5869
245000 55000 150005 4.90498
240000 60000 150003 2.91092
245000 60000 150000 -0.285395
245000 55000 150005 4.90498
250000 55000 150001 1.09039
245000 60000 150000 -0.285395
250000 60000 150006 5.86461
250000 50000 150005 5.21134
255000 50000 150005 5.19618
250000 55000 150001 1.09039
255000 55000 150002 2.46304
255000 50000 150005 5.19618
260000 50000 150005 4.59602
255000 55000 150002 2.46304
260000 55000 149999 -0.539904
250000 55000 150001 1.09039
255000 55000 150002 2.46304
250000 60000 150006 5.86461
255000 60000 150006 6.30687
255000 55000 150002 2.46304
260000 55000 149999 -0.539904
255000 60000 150006 6.30687
260000 60000 150006 5.88115
260000 50000 150005 4.59602
265000 50000 150004 4.19741
260000 55000 149999 -0.539904
265000 55000 150002 1.91324
265000 50000 150004 4.19741
270000 50000 150006 5.96819
265000 55000 150002 1.91324
270000 55000 150002 2.46187
260000 55000 149999 -0.539904
265000 55000 150002 1.91324
260000 60000 150006 5.88115
265000 60000 150004 3.63389
265000 55000 150002 1.91324
270000 55000 150002 2.46187
265000 60000 150004 3.63389
270000 60000 150003 2.56739
270000 50000 150006 5.96819
275000 50000 150002 2.35126
270000 55000 150002 2.46187
275000 55000 150001 0.957084
275000 50000 150002 2.35126
280000 50000 150004 3.83623
275000 55000 150001 0.957084
280000 55000 150000 -0.342924
270000 55000 150002 2.46187
275000 55000 150001 0.957084
270000 60000 150003 2.56739
275000 60000 150003 2.81
275000 55000 150001 0.957084
280000 55000 150000 -0.342924
275000 60000 150003 2.81
280000 60000 150003 3.22252
280000 50000 150004 3.83623
285000 50000 150001 1.19092
280000 55000 150000 -0.342924
285000 55000 150004 4.34463
285000 50000 150001 1.19092
290000 50000 150006 6.17964
285000 55000 150004 4.34463
290000 55000 150002 2.26834
280000 55000 150000 -0.342924
285000 55000 150004 4.34463
280000 60000 150003 3.22252
285000 60000 150002 1.7482
285000 55000 150004 4.34463
290000 55000 150002 2.26834
285000 60000 150002 1.7482
290000 60000 150005 4.94282
290000 50000 150006 6.17964
295000 50000 150005 4.76093
290000 55000 150002 2.26834
295000 55000 150006 6.21942
295000 50000 150005 4.76093
300000 50000 150000 -0.0396324
295000 55000 150006 6.21942
300000 55000 150006 5.77027
290000 55000 150002 2.26834
295000 55000 150006 6.21942
290000 60000 150005 4.94282
295000 60000 150004 4.49037
295000 55000 150006 6.21942
300000 55000 150006 5.77027
295000 60000 150004 4.49037
300000 60000 150002 1.99274
200000 60000 150006 6.02438
205000 60000 150010 9.92172
200000 65000 150010 9.53646
205000 65000 150010 10.4024
205000 60000 150010 9.92172
210000 60000 150007 7.1471
205000 65000 150010 10.4024
210000 65000 150007 7.37134
200000 65000 150010 9.53646
205000 65000 150010 10.4024
200000 70000 150006 5.96572
205000 70000 150003 3.4085
205000 65000 150010 10.4024
210000 65000 150007 7.37134
205000 70000 150003 3.4085
210000 70000 150006 5.83496
210000 60000 150007 7.1471
215000 60000 150007 6.92569
210000 65000 150007 7.37134
215000 65000 150008 8.161
215000 60000 150007 6.92569
220000 60000 150003 2.9578
215000 65000 150008 8.161
220000 65000 150004 3.92528
210000 65000 150007 7.37134
215000 65000 150008 8.161
210000 70000 150006 5.83496
215000 70000 150005 4.79894
215000 65000 150008 8.161
220000 65000 150004 3.92528
215000 70000 150005 4.79894
220000 70000 150004 4.02115
220000 60000 150003 2.9578
225000 60000 150004 3.79364
220000 65000 150004 3.92528
225000 65000 150001 0.996143
225000 60000 150004 3.79364
230000 60000 150002 1.98398
225000 65000 150001 0.996143
230000 65000 150008 7.87403
220000 65000 150004 3.92528
225000 65000 150001 0.996143
220000 70000 150004 4.02115
225000 70000 150008 7.50015
225000 65000 150001 0.996143
230000 65000 150008 7.87403
225000 70000 150008 7.50015
230000 70000 150002 1.9581
230000 60000 150002 1.98398
235000 60000 150002 1.89045
230000 65000 150008 7.87403
235000 65000 150006 5.7298
235000 60000 150002 1.89045
240000 60000 150003 2.91092
235000 65000 150006 5.7298
240000 65000 150003 3.19764
230000 65000 150008 7.87403
235000 65000 150006 5.7298
230000 70000 150002 1.9581
235000 70000 150006 5.56237
235000 65000 150006 5.7298
240000 65000 150003 3.19764
235000 70000 150006 5.56237
240000 70000 150006 6.41883
240000 60000 150003 2.91092
245000 60000 150000 -0.285395
240000 65000 150003 3.19764
245000 65000 150004 4.10031
245000 60000 150000 -0.285395
250000 60000 150006 5.86461
245000 65000 150004 4.10031
250000 65000 150005 5.18288
240000 65000 150003 3.19764
245000 65000 150004 4.10031
240000 70000 150006 6.41883
245000 70000 150001 1.47369
245000 65000 150004 4.10031
250000 65000 150005 5.18288
245000 70000 150001 1.47369
250000 70000 150006 6.45155
250000 60000 150006 5.86461
255000 60000 150006 6.30687
250000 65000 150005 5.18288
255000 65000 150003 2.51697
255000 60000 150006 6.30687
260000 60000 150006 5.88115
255000 65000 150003 2.51697
260000 65000 150002 2.48032
250000 65000 150005 5.18288
255000 65000 150003 2.51697
250000 70000 150006 6.45155
255000 70000 150002 2.32843
255000 65000 150003 2.51697
260000 65000 150002 2.48032
255000 70000 150002 2.32843
260000 70000 150004 4.14086
260000 60000 150006 5.88115
265000 60000 150004 3.63389
260000 65000 150002 2.48032
265000 65000 150002 2.46179
265000 60000 150004 3.63389
270000 60000 150003 2.56739
265000 65000 150002 2.46179
270000 65000 150000 -0.278485
260000 65000 150002 2.48032
265000 65000 150002 2.46179
260000 70000 150004 4.14086
265000 70000 150006 6.01937
265000 65000 150002 2.46179
270000 65000 150000 -0.278485
265000 70000 150006 6.01937
270000 70000 150002 2.24616
270000 60000 150003 2.56739
275000 60000 150003 2.81
270000 65000 150000 -0.278485
275000 65000 150001 1.30134
275000 60000 150003 2.81
280000 60000 150003 3.22252
275000 65000 150001 1.30134
280000 65000 150005 4.9737
270000 65000 150000 -0.278485
275000 65000 150001 1.30134
270000 70000 150002 2.24616
275000 70000 150001 1.40698
275000 65000 150001 1.30134
280000 65000 150005 4.9737
275000 70000 150001 1.40698
280000 70000 150000 -0.118437
280000 60000 150003 3.22252
285000 60000 150002 1.7482
280000 65000 150005 4.9737
285000 65000 150002 1.50872
285000 60000 150002 1.7482
290000 60000 150005 4.94282
285000 65000 150002 1.50872
290000 65000 150004 4.1892
280000 65000 150005 4.9737
285000 65000 150002 1.50872
280000 70000 150000 -0.118437
285000 70000 150006 5.53203
285000 65000 150002 1.50872
290000 65000 150004 4.1892
285000 70000 150006 5.53203
290000 70000 150001 1.2795
290000 60000 150005 4.94282
295000 60000 150004 4.49037
290000 65000 150004 4.1892
295000 65000 150001 0.789972
295000 60000 150004 4.49037
300000 60000 150002 1.99274
295000 65000 150001 0.789972
300000 65000 150004 3.57976
290000 65000 150004 4.1892
295000 65000 150001 0.789972
290000 70000 150001 1.2795
295000 70000 150004 3.84767
295000 65000 150001 0.789972
300000 65000 150004 3.57976
295000 70000 150004 3.84767
300000 70000 150004 3.84923
200000 70000 150006 5.96572
205000 70000 150003 3.4085
200000 75000 150005 4.83702
205000 75000 150009 8.97618
205000 70000 150003 3.4085
210000 70000 150006 5.83496
205000 75000 150009 8.97618
210000 75000 150009 8.63014
200000 75000 150005 4.83702
205000 75000 150009 8.97618
200000 80000 150011 11.393
205000 80000 150006 6.35664
205000 75000 150009 8.97618
210000 75000 150009 8.63014
205000 80000 150006 6.35664
210000 80000 150008 8.41024
210000 70000 150006 5.83496
215000 70000 150005 4.79894
210000 75000 150009 8.63014
215000 75000 150007 6.74641
215000 70000 150005 4.79894
220000 70000 150004 4.02115
215000 75000 150007 6.74641
220000 75000 150004 4.1619
210000 75000 150009 8.63014
215000 75000 150007 6.74641
210000 80000 150008 8.41024
215000 80000 150005 4.98067
215000 75000 150007 6.74641
220000 75000 150004 4.1619
215000 80000 150005 4.98067
220000 80000 150004 4.17437
220000 70000 150004 4.02115
225000 70000 150008 7.50015
220000 75000 150004 4.1619
225000 75000 150004 3.9239
225000 70000 150008 7.50015
230000 70000 150002 1.9581
225000 75000 150004 3.9239
230000 75000 150006 6.0742
220000 75000 150004 4.1619
225000 75000 150004 3.9239
220000 80000 150004 4.17437
225000 80000 150004 4.48493
225000 75000 150004 3.9239
230000 75000 150006 6.0742
225000 80000 150004 4.48493
230000 80000 150002 2.14784
230000 70000 150002 1.9581
235000 70000 150006 5.56237
230000 75000 150006 6.0742
235000 75000 150002 2.19807
235000 70000 150006 5.56237
240000 70000 150006 6.41883
235000 75000 150002 2.19807
240000 75000 150002 1.96024
230000 75000 150006 6.0742
235000 75000 150002 2.19807
230000 80000 150002 2.14784
235000 80000 150002 2.07244
235000 75000 150002 2.19807
240000 75000 150002 1.96024
235000 80000 150002 2.07244
240000 80000 150004 4.38734
240000 70000 150006 6.41883
245000 70000 150001 1.47369
240000 75000 150002 1.96024
245000 75000 150000 -0.424806
245000 70000 150001 1.47369
250000 70000 150006 6.45155
245000 75000 150000 -0.424806
250000 75000 150000 0.274067
240000 75000 150002 1.96024
245000 75000 150000 -0.424806
240000 80000 150004 4.38734
245000 80000 150003 2.83036
245000 75000 150000 -0.424806
250000 75000 150000 0.274067
245000 80000 150003 2.83036
250000 80000 150006 5.83414
250000 70000 150006 6.45155
255000 70000 150002 2.32843
250000 75000 150000 0.274067
255000 75000 150002 1.93426
255000 70000 150002 2.32843
260000 70000 150004 4.14086
255000 75000 150002 1.93426
260000 75000 150000 0.0675648
250000 75000 150000 0.274067
255000 75000 150002 1.93426
250000 80000 150006 5.83414
255000 80000 150005 4.5583
255000 75000 150002 1.93426
260000 75000 150000 0.0675648
255000 80000 150005 4.5583
260000 80000 150001 0.710627
260000 70000 150004 4.14086
265000 70000 150006 6.01937
260000 75000 150000 0.0675648
265000 75000 150001 1.49392
265000 70000 150006 6.01937
270000 70000 150002 2.24616
265000 75000 150001 1.49392
270000 75000 150006 5.63713
260000 75000 150000 0.0675648
265000 75000 150001 1.49392
260000 80000 150001 0.710627
265000 80000 150002 2.38639
265000 75000 150001 1.49392
270000 75000 150006 5.63713
265000 80000 150002 2.38639
270000 80000 150001 0.618484
270000 70000 150002 2.24616
275000 70000 150001 1.40698
270000 75000 150006 5.63713
275000 75000 150000 0.40425
275000 70000 150001 1.40698
280000 70000 150000 -0.118437
275000 75000 150000 0.40425
280000 75000 150005 5.14716
270000 75000 150006 5.63713
275000 75000 150000 0.40425
270000 80000 150001 0.618484
275000 80000 150003 3.16818
275000 75000 150000 0.40425
280000 75000 150005 5.14716
275000 80000 150003 3.16818
280000 80000 150000 -0.177165
280000 70000 150000 -0.118437
285000 70000 150006 5.53203
280000 75000 150005 5.14716
285000 75000 150003 3.24554
285000 70000 150006 5.53203
290000 70000 150001 1.2795
285000 75000 150003 3.24554
290000 75000 150004 3.8511
280000 75000 150005 5.14716
285000 75000 150003 3.24554
280000 80000 150000 -0.177165
285000 80000 150000 -0.341412
285000 75000 150003 3.24554
290000 75000 150004 3.8511
285000 80000 150000 -0.341412
290000 80000 150005 5.16038
290000 70000 150001 1.2795
295000 70000 150004 3.84767
290000 75000 150004 3.8511
295000 75000 150004 3.90158
295000 70000 150004 3.84767
300000 70000 150004 3.84923
295000 75000 150004 3.90158
300000 75000 150005 5.17814
290000 75000 150004 3.8511
295000 75000 150004 3.90158
290000 80000 150005 5.16038
295000 80000 150005 4.85634
295000 75000 150004 3.90158
300000 75000 150005 5.17814
295000 80000 150005 4.85634
300000 80000 150003 3.41936
160000 80000 149991 -8.64986
165000 80000 149993 -6.50595
160000 85000 149995 -5.28048
165000 85000 149987 -12.6698
165000 80000 149993 -6.50595
170000 80000 150000 0.488656
165000 85000 149987 -12.6698
170000 85000 149997 -2.53791
160000 85000 149995 -5.28048
165000 85000 149987 -12.6698
160000 90000 150000 0.303638
165000 90000 149991 -9.36026
165000 85000 149987 -12.6698
170000 85000 149997 -2.53791
165000 90000 149991 -9.36026
170000 90000 149992 -8.3816
170000 80000 150000 0.488656
175000 80000 150010 10.186
170000 85000 149997 -2.53791
175000 85000 150005 5.38611
175000 80000 150010 10.186
180000 80000 150008 7.59331
175000 85000 150005 5.38611
180000 85000 150009 9.16683
170000 85000 149997 -2.53791
175000 85000 150005 5.38611
170000 90000 149992 -8.3816
175000 90000 149999 -1.07215
175000 85000 150005 5.38611
180000 85000 150009 9.16683
175000 90000 149999 -1.07215
180000 90000 150006 6.08301
180000 80000 150008 7.59331
185000 80000 150007 7.44715
180000 85000 150009 9.16683
185000 85000 150009 9.1132
185000 80000 150007 7.44715
190000 80000 150011 11.1954
185000 85000 150009 9.1132
190000 85000 150007 6.97457
180000 85000 150009 9.16683
185000 85000 150009 9.1132
180000 90000 150006 6.08301
185000 90000 150012 12.4675
185000 85000 150009 9.1132
190000 85000 150007 6.97457
185000 90000 150012 12.4675
190000 90000 150009 8.5054
190000 80000 150011 11.1954
195000 80000 150010 10.3422
190000 85000 150007 6.97457
195000 85000 150006 6.28011
195000 80000 150010 10.3422
200000 80000 150011 11.393
195000 85000 150006 6.28011
200000 85000 150008 7.91112
190000 85000 150007 6.97457
195000 85000 150006 6.28011
190000 90000 150009 8.5054
195000 90000 150007 7.18429
195000 85000 150006 6.28011
200000 85000 150008 7.91112
195000 90000 150007 7.18429
200000 90000 150009 9.14206
200000 80000 150011 11.393
205000 80000 150006 6.35664
200000 85000 150008 7.91112
205000 85000 150006 6.10386
205000 80000 150006 6.35664
210000 80000 150008 8.41024
205000 85000 150006 6.10386
210000 85000 150010 9.74094
200000 85000 150008 7.91112
205000 85000 150006 6.10386
200000 90000 150009 9.14206
205000 90000 150008 7.78194
205000 85000 150006 6.10386
210000 85000 150010 9.74094
205000 90000 150008 7.78194
210000 90000 150005 4.87179
210000 80000 150008 8.41024
215000 80000 150005 4.98067
210000 85000 150010 9.74094
215000 85000 150009 8.78054
215000 80000 150005 4.98067
220000 80000 150004 4.17437
215000 85000 150009 8.78054
220000 85000 150004 3.70377
210000 85000 150010 9.74094
215000 85000 150009 8.78054
210000 90000 150005 4.87179
215000 90000 150004 4.31138
215000 85000 150009 8.78054
220000 85000 150004 3.70377
215000 90000 150004 4.31138
220000 90000 150003 2.94698
220000 80000 150004 4.17437
225000 80000 150004 4.48493
220000 85000 150004 3.70377
225000 85000 150004 3.59226
225000 80000 150004 4.48493
230000 80000 150002 2.14784
225000 85000 150004 3.59226
230000 85000 150007 6.90147
220000 85000 150004 3.70377
225000 85000 150004 3.59226
220000 90000 150003 2.94698
225000 90000 150008 7.62894
225000 85000 150004 3.59226
230000 85000 150007 6.90147
225000 90000 150008 7.62894
230000 90000 150005 5.00568
230000 80000 150002 2.14784
235000 80000 150002 2.07244
230000 85000 150007 6.90147
235000 85000 150006 5.72619
235000 80000 150002 2.07244
240000 80000 150004 4.38734
235000 85000 150006 5.72619
240000 85000 150004 3.675
230000 85000 150007 6.90147
235000 85000 150006 5.72619
230000 90000 150005 5.00568
235000 90000 150004 3.69235
235000 85000 150006 5.72619
240000 85000 150004 3.675
235000 90000 150004 3.69235
240000 90000 150003 2.64352
240000 80000 150004 4.38734
245000 80000 150003 2.83036
240000 85000 150004 3.675
245000 85000 150003 2.72428
245000 80000 150003 2.83036
250000 80000 150006 5.83414
245000 85000 150003 2.72428
250000 85000 150006 5.72063
240000 85000 150004 3.675
245000 85000 150003 2.72428
240000 90000 150003 2.64352
245000 90000 150003 3.3009
245000 85000 150003 2.72428
250000 85000 150006 5.72063
245000 90000 150003 3.3009
250000 90000 150001 1.08247
250000 80000 150006 5.83414
255000 80000 150005 4.5583
250000 85000 150006 5.72063
255000 85000 150002 1.77991
255000 80000 150005 4.5583
260000 80000 150001 0.710627
255000 85000 150002 1.77991
260000 85000 150001 0.794482
250000 85000 150006 5.72063
255000 85000 150002 1.77991
250000 90000 150001 1.08247
255000 90000 150003 3.41452
255000 85000 150002 1.77991
260000 85000 150001 0.794482
255000 90000 150003 3.41452
260000 90000 150006 5.64504
260000 80000 150001 0.710627
265000 80000 150002 2.38639
260000 85000 150001 0.794482
265000 85000 149999 -0.918775
265000 80000 150002 2.38639
270000 80000 150001 0.618484
265000 85000 149999 -0.918775
270000 85000 150005 5.21802
260000 85000 150001 0.794482
265000 85000 149999 -0.918775
260000 90000 150006 5.64504
265000 90000 150004 3.75414
265000 85000 149999 -0.918775
270000 85000 150005 5.21802
265000 90000 150004 3.75414
270000 90000 150002 1.99246
270000 80000 150001 0.618484
275000 80000 150003 3.16818
270000 85000 150005 5.21802
275000 85000 150000 0.362331
275000 80000 150003 3.16818
280000 80000 150000 -0.177165
275000 85000 150000 0.362331
280000 85000 150005 4.7137
270000 85000 150005 5.21802
275000 85000 150000 0.362331
270000 90000 150002 1.99246
275000 90000 150004 4.05079
275000 85000 150000 0.362331
280000 85000 150005 4.7137
275000 90000 150004 4.05079
280000 90000 150005 4.61273
280000 80000 150000 -0.177165
285000 80000 150000 -0.341412
280000 85000 150005 4.7137
285000 85000 150000 0.0614417
285000 80000 150000 -0.341412
290000 80000 150005 5.16038
285000 85000 150000 0.0614417
290000 85000 150001 0.736073
280000 85000 150005 4.7137
285000 85000 150000 0.0614417
280000 90000 150005 4.61273
285000 90000 150003 3.10751
285000 85000 150000 0.0614417
290000 85000 150001 0.736073
285000 90000 150003 3.10751
290000 90000 150000 0.0597429
290000 80000 150005 5.16038
295000 80000 150005 4.85634
290000 85000 150001 0.736073
295000 85000 150001 1.03493
295000 80000 150005 4.85634
300000 80000 150003 3.41936
295000 85000 150001 1.03493
300000 85000 149999 -0.905336
290000 85000 150001 0.736073
295000 85000 150001 1.03493
290000 90000 150000 0.0597429
295000 90000 150000 0.480363
295000 85000 150001 1.03493
300000 85000 149999 -0.905336
295000 90000 150000 0.480363
300000 90000 150003 2.70261
160000 90000 150000 0.303638
165000 90000 149991 -9.36026
160000 95000 150004 3.77588
165000 95000 149993 -7.49156
165000 90000 149991 -9.36026
170000 90000 149992 -8.3816
165000 95000 149993 -7.49156
170000 95000 149992 -8.08754
160000 95000 150004 3.77588
165000 95000 149993 -7.49156
160000 100000 150000 0.272162
165000 100000 149997 -2.88552
165000 95000 149993 -7.49156
170000 95000 149992 -8.08754
165000 100000 149997 -2.88552
170000 100000 149995 -4.58984
170000 90000 149992 -8.3816
175000 90000 149999 -1.07215
170000 95000 149992 -8.08754
175000 95000 150002 1.63668
175000 90000 149999 -1.07215
180000 90000 150006 6.08301
175000 95000 150002 1.63668
180000 95000 150003 3.22319
170000 95000 149992 -8.08754
175000 95000 150002 1.63668
170000 100000 149995 -4.58984
175000 100000 149998 -2.06425
175000 95000 150002 1.63668
180000 95000 150003 3.22319
175000 100000 149998 -2.06425
180000 100000 150002 1.99205
180000 90000 150006 6.08301
185000 90000 150012 12.4675
180000 95000 150003 3.22319
185000 95000 150011 11.2942
185000 90000 150012 12.4675
190000 90000 150009 8.5054
185000 95000 150011 11.2942
190000 95000 150007 7.2958
180000 95000 150003 3.22319
185000 95000 150011 11.2942
180000 100000 150002 1.99205
185000 100000 150010 10.035
185000 95000 150011 11.2942
190000 95000 150007 7.2958
185000 100000 150010 10.035
190000 100000 150011 10.6527
190000 90000 150009 8.5054
195000 90000 150007 7.18429
190000 95000 150007 7.2958
195000 95000 150011 11.1984
195000 90000 150007 7.18429
200000 90000 150009 9.14206
195000 95000 150011 11.1984
200000 95000 150009 8.94624
190000 95000 150007 7.2958
195000 95000 150011 11.1984
190000 100000 150011 10.6527
195000 100000 150011 10.6266
195000 95000 150011 11.1984
200000 95000 150009 8.94624
195000 100000 150011 10.6266
200000 100000 150010 10.2837
200000 90000 150009 9.14206
205000 90000 150008 7.78194
200000 95000 150009 8.94624
205000 95000 150008 7.8044
205000 90000 150008 7.78194
210000 90000 150005 4.87179
205000 95000 150008 7.8044
210000 95000 150010 10.3684
200000 95000 150009 8.94624
205000 95000 150008 7.8044
200000 100000 150010 10.2837
205000 100000 150007 7.12191
205000 95000 150008 7.8044
210000 95000 150010 10.3684
205000 100000 150007 7.12191
210000 100000 150007 7.21325
210000 90000 150005 4.87179
215000 90000 150004 4.31138
210000 95000 150010 10.3684
215000 95000 150005 4.56129
215000 90000 150004 4.31138
220000 90000 150003 2.94698
215000 95000 150005 4.56129
220000 95000 150003 2.95418
210000 95000 150010 10.3684
215000 95000 150005 4.56129
210000 100000 150007 7.21325
215000 100000 150007 7.26098
215000 95000 150005 4.56129
220000 95000 150003 2.95418
215000 100000 150007 7.26098
220000 100000 150003 3.48092
220000 90000 150003 2.94698
225000 90000 150008 7.62894
220000 95000 150003 2.95418
225000 95000 150006 5.66231
225000 90000 150008 7.62894
230000 90000 150005 5.00568
225000 95000 150006 5.66231
230000 95000 150003 2.72995
220000 95000 150003 2.95418
225000 95000 150006 5.66231
220000 100000 150003 3.48092
225000 100000 150003 2.69794
225000 95000 150006 5.66231
230000 95000 150003 2.72995
225000 100000 150003 2.69794
230000 100000 150003 3.37142
230000 90000 150005 5.00568
235000 90000 150004 3.69235
230000 95000 150003 2.72995
235000 95000 150003 2.70617
235000 90000 150004 3.69235
240000 90000 150003 2.64352
235000 95000 150003 2.70617
240000 95000 150006 5.85158
230000 95000 150003 2.72995
235000 95000 150003 2.70617
230000 100000 150003 3.37142
235000 100000 150006 5.59188
235000 95000 150003 2.70617
240000 95000 150006 5.85158
235000 100000 150006 5.59188
240000 100000 150001 0.631095
240000 90000 150003 2.64352
245000 90000 150003 3.3009
240000 95000 150006 5.85158
245000 95000 150004 3.64556
245000 90000 150003 3.3009
250000 90000 150001 1.08247
245000 95000 150004 3.64556
250000 95000 150001 0.829996
240000 95000 150006 5.85158
245000 95000 150004 3.64556
240000 100000 150001 0.631095
245000 100000 150001 0.921421
245000 95000 150004 3.64556
250000 95000 150001 0.829996
245000 100000 150001 0.921421
250000 100000 150004 4.17609
250000 90000 150001 1.08247
255000 90000 150003 3.41452
250000 95000 150001 0.829996
255000 95000 150001 0.900797
255000 90000 150003 3.41452
260000 90000 150006 5.64504
255000 95000 150001 0.900797
260000 95000 150002 1.77106
250000 95000 150001 0.829996
255000 95000 150001 0.900797
250000 100000 150004 4.17609
255000 100000 150003 2.51647
255000 95000 150001 0.900797
260000 95000 150002 1.77106
255000 100000 150003 2.51647
260000 100000 150002 1.76363
260000 90000 150006 5.64504
265000 90000 150004 3.75414
260000 95000 150002 1.77106
265000 95000 150002 2.14156
265000 90000 150004 3.75414
270000 90000 150002 1.99246
265000 95000 150002 2.14156
270000 95000 150002 2.11308
260000 95000 150002 1.77106
265000 95000 150002 2.14156
260000 100000 150002 1.76363
265000 100000 150005 4.5631
265000 95000 150002 2.14156
270000 95000 150002 2.11308
265000 100000 150005 4.5631
270000 100000 150004 4.23268
270000 90000 150002 1.99246
275000 90000 150004 4.05079
270000 95000 150002 2.11308
275000 95000 150005 5.00123
275000 90000 150004 4.05079
280000 90000 150005 4.61273
275000 95000 150005 5.00123
280000 95000 150000 0.351119
270000 95000 150002 2.11308
275000 95000 150005 5.00123
270000 100000 150004 4.23268
275000 100000 150003 2.92739
275000 95000 150005 5.00123
280000 95000 150000 0.351119
275000 100000 150003 2.92739
280000 100000 150001 1.17019
280000 90000 150005 4.61273
285000 90000 150003 3.10751
280000 95000 150000 0.351119
285000 95000 150000 0.276993
285000 90000 150003 3.10751
290000 90000 150000 0.0597429
285000 95000 150000 0.276993
290000 95000 150004 4.21219
280000 95000 150000 0.351119
285000 95000 150000 0.276993
280000 100000 150001 1.17019
285000 100000 150006 5.88327
285000 95000 150000 0.276993
290000 95000 150004 4.21219
285000 100000 150006 5.88327
290000 100000 150005 4.74878
290000 90000 150000 0.0597429
295000 90000 150000 0.480363
290000 95000 150004 4.21219
295000 95000 150004 4.15028
295000 90000 150000 0.480363
300000 90000 150003 2.70261
295000 95000 150004 4.15028
300000 95000 149999 -0.868595
290000 95000 150004 4.21219
295000 95000 150004 4.15028
290000 100000 150005 4.74878
295000 100000 150005 4.9884
295000 95000 150004 4.15028
300000 95000 149999 -0.868595
295000 100000 150005 4.9884
300000 100000 150000 0.241888
160000 100000 150000 0.272162
165000 100000 149997 -2.88552
160000 105000 150001 0.744261
165000 105000 149999 -1.30417
165000 100000 149997 -2.88552
170000 100000 149995 -4.58984
165000 105000 149999 -1.30417
170000 105000 149995 -5.17253
160000 105000 150001 0.744261
165000 105000 149999 -1.30417
160000 110000 150006 5.95394
165000 110000 149999 -1.21791
165000 105000 149999 -1.30417
170000 105000 149995 -5.17253
165000 110000 149999 -1.21791
170000 110000 149999 -1.25358
170000 100000 149995 -4.58984
175000 100000 149998 -2.06425
170000 105000 149995 -5.17253
175000 105000 150001 1.1717
175000 100000 149998 -2.06425
180000 100000 150002 1.99205
175000 105000 150001 1.1717
180000 105000 150002 2.16183
170000 105000 149995 -5.17253
175000 105000 150001 1.1717
170000 110000 149999 -1.25358
175000 110000 150003 2.5683
175000 105000 150001 1.1717
180000 105000 150002 2.16183
175000 110000 150003 2.5683
180000 110000 150003 2.76695
180000 100000 150002 1.99205
185000 100000 150010 10.035
180000 105000 150002 2.16183
185000 105000 150008 8.2022
185000 100000 150010 10.035
190000 100000 150011 10.6527
185000 105000 150008 8.2022
190000 105000 150009 9.12963
180000 105000 150002 2.16183
185000 105000 150008 8.2022
180000 110000 150003 2.76695
185000 110000 150005 4.98185
185000 105000 150008 8.2022
190000 105000 150009 9.12963
185000 110000 150005 4.98185
190000 110000 150006 5.96453
190000 100000 150011 10.6527
195000 100000 150011 10.6266
190000 105000 150009 9.12963
195000 105000 150011 11.3565
195000 100000 150011 10.6266
200000 100000 150010 10.2837
195000 105000 150011 11.3565
200000 105000 150010 10.0395
190000 105000 150009 9.12963
195000 105000 150011 11.3565
190000 110000 150006 5.96453
195000 110000 150006 5.98261
195000 105000 150011 11.3565
200000 105000 150010 10.0395
195000 110000 150006 5.98261
200000 110000 150006 6.014
200000 100000 150010 10.2837
205000 100000 150007 7.12191
200000 105000 150010 10.0395
205000 105000 150005 4.75953
205000 100000 150007 7.12191
210000 100000 150007 7.21325
205000 105000 150005 4.75953
210000 105000 150005 4.55782
200000 105000 150010 10.0395
205000 105000 150005 4.75953
200000 110000 150006 6.014
205000 110000 150006 5.85156
205000 105000 150005 4.75953
210000 105000 150005 4.55782
205000 110000 150006 5.85156
210000 110000 150004 3.85856
210000 100000 150007 7.21325
215000 100000 150007 7.26098
210000 105000 150005 4.55782
215000 105000 150005 5.30007
215000 100000 150007 7.26098
220000 100000 150003 3.48092
215000 105000 150005 5.30007
220000 105000 150006 5.50744
210000 105000 150005 4.55782
215000 105000 150005 5.30007
210000 110000 150004 3.85856
215000 110000 150004 4.36799
215000 105000 150005 5.30007
220000 105000 150006 5.50744
215000 110000 150004 4.36799
220000 110000 150005 4.8577
220000 100000 150003 3.48092
225000 100000 150003 2.69794
220000 105000 150006 5.50744
225000 105000 150007 7.34954
225000 100000 150003 2.69794
230000 100000 150003 3.37142
225000 105000 150007 7.34954
230000 105000 150004 4.18172
220000 105000 150006 5.50744
225000 105000 150007 7.34954
220000 110000 150005 4.8577
225000 110000 150003 2.80502
225000 105000 150007 7.34954
230000 105000 150004 4.18172
225000 110000 150003 2.80502
230000 110000 150003 2.92742
230000 100000 150003 3.37142
235000 100000 150006 5.59188
230000 105000 150004 4.18172
235000 105000 150002 1.84041
235000 100000 150006 5.59188
240000 100000 150001 0.631095
235000 105000 150002 1.84041
240000 105000 150003 3.31274
230000 105000 150004 4.18172
235000 105000 150002 1.84041
230000 110000 150003 2.92742
235000 110000 150006 5.88921
235000 105000 150002 1.84041
240000 105000 150003 3.31274
235000 110000 150006 5.88921
240000 110000 150001 0.903044
240000 100000 150001 0.631095
245000 100000 150001 0.921421
240000 105000 150003 3.31274
245000 105000 150004 4.42784
245000 100000 150001 0.921421
250000 100000 150004 4.17609
245000 105000 150004 4.42784
250000 105000 150004 4.29061
240000 105000 150003 3.31274
245000 105000 150004 4.42784
240000 110000 150001 0.903044
245000 110000 150004 3.71912
245000 105000 150004 4.42784
250000 105000 150004 4.29061
245000 110000 150004 3.71912
250000 110000 150000 0.350766
250000 100000 150004 4.17609
255000 100000 150003 2.51647
250000 105000 150004 4.29061
255000 105000 150005 4.92314
255000 100000 150003 2.51647
260000 100000 150002 1.76363
255000 105000 150005 4.92314
260000 105000 150005 4.9831
250000 105000 150004 4.29061
255000 105000 150005 4.92314
250000 110000 150000 0.350766
255000 110000 150003 2.66366
255000 105000 150005 4.92314
260000 105000 150005 4.9831
255000 110000 150003 2.66366
260000 110000 150004 4.29863
260000 100000 150002 1.76363
265000 100000 150005 4.5631
260000 105000 150005 4.9831
265000 105000 150004 4.37005
265000 100000 150005 4.5631
270000 100000 150004 4.23268
265000 105000 150004 4.37005
270000 105000 149999 -0.845844
260000 105000 150005 4.9831
265000 105000 150004 4.37005
260000 110000 150004 4.29863
265000 110000 150005 4.8844
265000 105000 150004 4.37005
270000 105000 149999 -0.845844
265000 110000 150005 4.8844
270000 110000 150001 0.664673
270000 100000 150004 4.23268
275000 100000 150003 2.92739
270000 105000 149999 -0.845844
275000 105000 150004 4.21267
275000 100000 150003 2.92739
280000 100000 150001 1.17019
275000 105000 150004 4.21267
280000 105000 150000 -0.461194
270000 105000 149999 -0.845844
275000 105000 150004 4.21267
270000 110000 150001 0.664673
275000 110000 150003 2.66892
275000 105000 150004 4.21267
280000 105000 150000 -0.461194
275000 110000 150003 2.66892
280000 110000 150005 4.82428
280000 100000 150001 1.17019
285000 100000 150006 5.88327
280000 105000 150000 -0.461194
285000 105000 150003 3.4893
285000 100000 150006 5.88327
290000 100000 150005 4.74878
285000 105000 150003 3.4893
290000 105000 150006 5.63741
280000 105000 150000 -0.461194
285000 105000 150003 3.4893
280000 110000 150005 4.82428
285000 110000 150005 4.67733
285000 105000 150003 3.4893
290000 105000 150006 5.63741
285000 110000 150005 4.67733
290000 110000 150004 4.37688
290000 100000 150005 4.74878
295000 100000 150005 4.9884
290000 105000 150006 5.63741
295000 105000 150006 6.20441
295000 100000 150005 4.9884
300000 100000 150000 0.241888
295000 105000 150006 6.20441
300000 105000 149999 -0.532043
290000 105000 150006 5.63741
295000 105000 150006 6.20441
290000 110000 150004 4.37688
295000 110000 150004 4.30217
295000 105000 150006 6.20441
300000 105000 149999 -0.532043
295000 110000 150004 4.30217
300000 110000 150005 5.06022
160000 110000 150006 5.95394
165000 110000 149999 -1.21791
160000 115000 150002 1.73655
165000 115000 149999 -0.761309
165000 110000 149999 -1.21791
170000 110000 149999 -1.25358
165000 115000 149999 -0.761309
170000 115000 149999 -1.03055
160000 115000 150002 1.73655
165000 115000 149999 -0.761309
160000 120000 150006 5.69141
165000 120000 150005 5.17086
165000 115000 149999 -0.761309
170000 115000 149999 -1.03055
165000 120000 150005 5.17086
170000 120000 150001 0.600725
170000 110000 149999 -1.25358
175000 110000 150003 2.5683
170000 115000 149999 -1.03055
175000 115000 149999 -0.605757
175000 110000 150003 2.5683
180000 110000 150003 2.76695
175000 115000 149999 -0.605757
180000 115000 150000 0.257171
170000 115000 149999 -1.03055
175000 115000 149999 -0.605757
170000 120000 150001 0.600725
175000 120000 150004 4.07169
175000 115000 149999 -0.605757
180000 115000 150000 0.257171
175000 120000 150004 4.07169
180000 120000 150000 -0.447484
180000 110000 150003 2.76695
185000 110000 150005 4.98185
180000 115000 150000 0.257171
185000 115000 150003 2.74327
185000 110000 150005 4.98185
190000 110000 150006 5.96453
185000 115000 150003 2.74327
190000 115000 150009 9.10435
180000 115000 150000 0.257171
185000 115000 150003 2.74327
180000 120000 150000 -0.447484
185000 120000 150002 2.14576
185000 115000 150003 2.74327
190000 115000 150009 9.10435
185000 120000 150002 2.14576
190000 120000 150007 6.85812
190000 110000 150006 5.96453
195000 110000 150006 5.98261
190000 115000 150009 9.10435
195000 115000 150004 4.21166
195000 110000 150006 5.98261
200000 110000 150006 6.014
195000 115000 150004 4.21166
200000 115000 150004 4.00083
190000 115000 150009 9.10435
195000 115000 150004 4.21166
190000 120000 150007 6.85812
195000 120000 150006 5.93175
195000 115000 150004 4.21166
200000 115000 150004 4.00083
195000 120000 150006 5.93175
200000 120000 150004 4.42105
200000 110000 150006 6.014
205000 110000 150006 5.85156
200000 115000 150004 4.00083
205000 115000 150007 7.17824
205000 110000 150006 5.85156
210000 110000 150004 3.85856
205000 115000 150007 7.17824
210000 115000 150010 10.3317
200000 115000 150004 4.00083
205000 115000 150007 7.17824
200000 120000 150004 4.42105
205000 120000 150006 6.30936
205000 115000 150007 7.17824
210000 115000 150010 10.3317
205000 120000 150006 6.30936
210000 120000 150007 7.34914
210000 110000 150004 3.85856
215000 110000 150004 4.36799
210000 115000 150010 10.3317
215000 115000 150004 4.02695
215000 110000 150004 4.36799
220000 110000 150005 4.8577
215000 115000 150004 4.02695
220000 115000 150007 6.78422
210000 115000 150010 10.3317
215000 115000 150004 4.02695
210000 120000 150007 7.34914
215000 120000 150007 6.58273
215000 115000 150004 4.02695
220000 115000 150007 6.78422
215000 120000 150007 6.58273
220000 120000 150003 2.60863
220000 110000 150005 4.8577
225000 110000 150003 2.80502
220000 115000 150007 6.78422
225000 115000 150003 3.4762
225000 110000 150003 2.80502
230000 110000 150003 2.92742
225000 115000 150003 3.4762
230000 115000 150002 1.9418
220000 115000 150007 6.78422
225000 115000 150003 3.4762
220000 120000 150003 2.60863
225000 120000 150006 6.23782
225000 115000 150003 3.4762
230000 115000 150002 1.9418
225000 120000 150006 6.23782
230000 120000 150001 1.44775
230000 110000 150003 2.92742
235000 110000 150006 5.88921
230000 115000 150002 1.9418
235000 115000 150001 1.42946
235000 110000 150006 5.88921
240000 110000 150001 0.903044
235000 115000 150001 1.42946
240000 115000 150007 7.09503
230000 115000 150002 1.9418
235000 115000 150001 1.42946
230000 120000 150001 1.44775
235000 120000 150006 5.62058
235000 115000 150001 1.42946
240000 115000 150007 7.09503
235000 120000 150006 5.62058
240000 120000 150005 5.27542
240000 110000 150001 0.903044
245000 110000 150004 3.71912
240000 115000 150007 7.09503
245000 115000 150002 2.40279
245000 110000 150004 3.71912
250000 110000 150000 0.350766
245000 115000 150002 2.40279
250000 115000 150004 3.95928
240000 115000 150007 7.09503
245000 115000 150002 2.40279
240000 120000 150005 5.27542
245000 120000 150002 2.08605
245000 115000 150002 2.40279
250000 115000 150004 3.95928
245000 120000 150002 2.08605
250000 120000 150006 6.18477
250000 110000 150000 0.350766
255000 110000 150003 2.66366
250000 115000 150004 3.95928
255000 115000 150000 -0.270452
255000 110000 150003 2.66366
260000 110000 150004 4.29863
255000 115000 150000 -0.270452
260000 115000 150002 2.14635
250000 115000 150004 3.95928
255000 115000 150000 -0.270452
250000 120000 150006 6.18477
255000 120000 150000 -0.0889641
255000 115000 150000 -0.270452
260000 115000 150002 2.14635
255000 120000 150000 -0.0889641
260000 120000 150006 5.60209
260000 110000 150004 4.29863
265000 110000 150005 4.8844
260000 115000 150002 2.14635
265000 115000 150000 0.0993652
265000 110000 150005 4.8844
270000 110000 150001 0.664673
265000 115000 150000 0.0993652
270000 115000 150005 4.70019
260000 115000 150002 2.14635
265000 115000 150000 0.0993652
260000 120000 150006 5.60209
265000 120000 149999 -0.63882
265000 115000 150000 0.0993652
270000 115000 150005 4.70019
265000 120000 149999 -0.63882
270000 120000 150002 1.65777
270000 110000 150001 0.664673
275000 110000 150003 2.66892
270000 115000 150005 4.70019
275000 115000 150004 3.96163
275000 110000 150003 2.66892
280000 110000 150005 4.82428
275000 115000 150004 3.96163
280000 115000 150004 4.11413
270000 115000 150005 4.70019
275000 115000 150004 3.96163
270000 120000 150002 1.65777
275000 120000 150002 1.74716
275000 115000 150004 3.96163
280000 115000 150004 4.11413
275000 120000 150002 1.74716
280000 120000 150005 5.11595
280000 110000 150005 4.82428
285000 110000 150005 4.67733
280000 115000 150004 4.11413
285000 115000 150001 1.3872
285000 110000 150005 4.67733
290000 110000 150004 4.37688
285000 115000 150001 1.3872
290000 115000 150003 3.2404
280000 115000 150004 4.11413
285000 115000 150001 1.3872
280000 120000 150005 5.11595
285000 120000 150001 1.44517
285000 115000 150001 1.3872
290000 115000 150003 3.2404
285000 120000 150001 1.44517
290000 120000 150002 1.79925
290000 110000 150004 4.37688
295000 110000 150004 4.30217
290000 115000 150003 3.2404
295000 115000 150000 0.328666
295000 110000 150004 4.30217
300000 110000 150005 5.06022
295000 115000 150000 0.328666
300000 115000 150006 5.94495
290000 115000 150003 3.2404
295000 115000 150000 0.328666
290000 120000 150002 1.79925
295000 120000 150000 -0.0913971
295000 115000 150000 0.328666
300000 115000 150006 5.94495
295000 120000 150000 -0.0913971
300000 120000 150005 4.93915
