# x y z topography
0 0 149995 -4.8195
5000 0 149995 -4.66515
0 5000 149995 -4.98478
5000 5000 149996 -4.34936
5000 0 149995 -4.66515
10000 0 149996 -4.15488
5000 5000 149996 -4.34936
10000 5000 149995 -4.50743
0 5000 149995 -4.98478
5000 5000 149996 -4.34936
0 10000 149995 -4.52768
5000 10000 149996 -3.96359
5000 5000 149996 -4.34936
10000 5000 149995 -4.50743
5000 10000 149996 -3.96359
10000 10000 149996 -4.11901
10000 0 149996 -4.15488
15000 0 149996 -4.47111
10000 5000 149995 -4.50743
15000 5000 149997 -3.28247
15000 0 149996 -4.47111
20000 0 149996 -3.5298
15000 5000 149997 -3.28247
20000 5000 149996 -4.47109
10000 5000 149995 -4.50743
15000 5000 149997 -3.28247
10000 10000 149996 -4.11901
15000 10000 149996 -4.31034
15000 5000 149997 -3.28247
20000 5000 149996 -4.47109
15000 10000 149996 -4.31034
20000 10000 149997 -3.33919
20000 0 149996 -3.5298
25000 0 149997 -3.10462
20000 5000 149996 -4.47109
25000 5000 149996 -4.47109
25000 0 149997 -3.10462
30000 0 149996 -3.97212
25000 5000 149996 -4.47109
30000 5000 149997 -3.2197
20000 5000 149996 -4.47109
25000 5000 149996 -4.47109
20000 10000 149997 -3.33919
25000 10000 149996 -3.58533
25000 5000 149996 -4.47109
30000 5000 149997 -3.2197
25000 10000 149996 -3.58533
30000 10000 149997 -2.76026
30000 0 149996 -3.97212
35000 0 149998 -1.57393
30000 5000 149997 -3.2197
35000 5000 149996 -3.73002
35000 0 149998 -1.57393
40000 0 149998 -2.09049
35000 5000 149996 -3.73002
40000 5000 149997 -3.12253
30000 5000 149997 -3.2197
35000 5000 149996 -3.73002
30000 10000 149997 -2.76026
35000 10000 149996 -3.6202
35000 5000 149996 -3.73002
40000 5000 149997 -3.12253
35000 10000 149996 -3.6202
40000 10000 149997 -3.49024
40000 0 149998 -2.09049
45000 0 149999 -1.16519
40000 5000 149997 -3.12253
45000 5000 149999 -1.48336
45000 0 149999 -1.16519
50000 0 150001 1.39707
45000 5000 149999 -1.48336
50000 5000 150000 0.493205
40000 5000 149997 -3.12253
45000 5000 149999 -1.48336
40000 10000 149997 -3.49024
45000 10000 149997 -2.77796
45000 5000 149999 -1.48336
50000 5000 150000 0.493205
45000 10000 149997 -2.77796
50000 10000 149998 -2.00656
50000 0 150001 1.39707
55000 0 150004 3.5818
50000 5000 150000 0.493205
55000 5000 150002 2.0357
55000 0 150004 3.5818
60000 0 150007 7.27569
55000 5000 150002 2.0357
60000 5000 150005 5.20438
50000 5000 150000 0.493205
55000 5000 150002 2.0357
50000 10000 149998 -2.00656
55000 10000 150000 -0.472716
55000 5000 150002 2.0357
60000 5000 150005 5.20438
55000 10000 150000 -0.472716
60000 10000 150002 2.13442
60000 0 150007 7.27569
65000 0 150009 8.64435
60000 5000 150005 5.20438
65000 5000 150010 10.3403
65000 0 150009 8.64435
70000 0 150013 12.6122
65000 5000 150010 10.3403
70000 5000 150013 12.5869
60000 5000 150005 5.20438
65000 5000 150010 10.3403
60000 10000 150002 2.13442
65000 10000 150005 4.88126
65000 5000 150010 10.3403
70000 5000 150013 12.5869
65000 10000 150005 4.88126
70000 10000 150008 8.38024
70000 0 150013 12.6122
75000 0 150014 14.1519
70000 5000 150013 12.5869
75000 5000 150015 15.2453
75000 0 150014 14.1519
80000 0 150020 19.9076
75000 5000 150015 15.2453
80000 5000 150019 18.8745
70000 5000 150013 12.5869
75000 5000 150015 15.2453
70000 10000 150008 8.38024
75000 10000 150015 14.8478
75000 5000 150015 15.2453
80000 5000 150019 18.8745
75000 10000 150015 14.8478
80000 10000 150018 17.5263
0 10000 149995 -4.52768
5000 10000 149996 -3.96359
0 15000 149995 -4.73282
5000 15000 149996 -4.23996
5000 10000 149996 -3.96359
10000 10000 149996 -4.11901
5000 15000 149996 -4.23996
10000 15000 149996 -4.18655
0 15000 149995 -4.73282
5000 15000 149996 -4.23996
0 20000 149996 -4.24735
5000 20000 149996 -4.21984
5000 15000 149996 -4.23996
10000 15000 149996 -4.18655
5000 20000 149996 -4.21984
10000 20000 149995 -4.56189
10000 10000 149996 -4.11901
15000 10000 149996 -4.31034
10000 15000 149996 -4.18655
15000 15000 149996 -4.41524
15000 10000 149996 -4.31034
20000 10000 149997 -3.33919
15000 15000 149996 -4.41524
20000 15000 149996 -3.79704
10000 15000 149996 -4.18655
15000 15000 149996 -4.41524
10000 20000 149995 -4.56189
15000 20000 149996 -4.44877
15000 15000 149996 -4.41524
20000 15000 149996 -3.79704
15000 20000 149996 -4.44877
20000 20000 149997 -3.03096
20000 10000 149997 -3.33919
25000 10000 149996 -3.58533
20000 15000 149996 -3.79704
25000 15000 149996 -4.30602
25000 10000 149996 -3.58533
30000 10000 149997 -2.76026
25000 15000 149996 -4.30602
30000 15000 149996 -3.83335
20000 15000 149996 -3.79704
25000 15000 149996 -4.30602
20000 20000 149997 -3.03096
25000 20000 149996 -4.49796
25000 15000 149996 -4.30602
30000 15000 149996 -3.83335
25000 20000 149996 -4.49796
30000 20000 149996 -3.79438
30000 10000 149997 -2.76026
35000 10000 149996 -3.6202
30000 15000 149996 -3.83335
35000 15000 149999 -1.49607
35000 10000 149996 -3.6202
40000 10000 149997 -3.49024
35000 15000 149999 -1.49607
40000 15000 149997 -2.62334
30000 15000 149996 -3.83335
35000 15000 149999 -1.49607
30000 20000 149996 -3.79438
35000 20000 149998 -2.14989
35000 15000 149999 -1.49607
40000 15000 149997 -2.62334
35000 20000 149998 -2.14989
40000 20000 149999 -0.827858
40000 10000 149997 -3.49024
45000 10000 149997 -2.77796
40000 15000 149997 -2.62334
45000 15000 149999 -1.32423
45000 10000 149997 -2.77796
50000 10000 149998 -2.00656
45000 15000 149999 -1.32423
50000 15000 150001 0.772803
40000 15000 149997 -2.62334
45000 15000 149999 -1.32423
40000 20000 149999 -0.827858
45000 20000 149998 -1.61551
45000 15000 149999 -1.32423
50000 15000 150001 0.772803
45000 20000 149998 -1.61551
50000 20000 149999 -0.891125
50000 10000 149998 -2.00656
55000 10000 150000 -0.472716
50000 15000 150001 0.772803
55000 15000 150002 2.43575
55000 10000 150000 -0.472716
60000 10000 150002 2.13442
55000 15000 150002 2.43575
60000 15000 150006 5.59681
50000 15000 150001 0.772803
55000 15000 150002 2.43575
50000 20000 149999 -0.891125
55000 20000 150000 0.131936
55000 15000 150002 2.43575
60000 15000 150006 5.59681
55000 20000 150000 0.131936
60000 20000 150002 1.97903
60000 10000 150002 2.13442
65000 10000 150005 4.88126
60000 15000 150006 5.59681
65000 15000 150008 7.63462
65000 10000 150005 4.88126
70000 10000 150008 8.38024
65000 15000 150008 7.63462
70000 15000 150008 8.31465
60000 15000 150006 5.59681
65000 15000 150008 7.63462
60000 20000 150002 1.97903
65000 20000 150008 8.10501
65000 15000 150008 7.63462
70000 15000 150008 8.31465
65000 20000 150008 8.10501
70000 20000 150011 11.4541
70000 10000 150008 8.38024
75000 10000 150015 14.8478
70000 15000 150008 8.31465
75000 15000 150015 15.1706
75000 10000 150015 14.8478
80000 10000 150018 17.5263
75000 15000 150015 15.1706
80000 15000 150017 16.8444
70000 15000 150008 8.31465
75000 15000 150015 15.1706
70000 20000 150011 11.4541
75000 20000 150015 15.1472
75000 15000 150015 15.1706
80000 15000 150017 16.8444
75000 20000 150015 15.1472
80000 20000 150019 18.6959
0 20000 149996 -4.24735
5000 20000 149996 -4.21984
0 25000 149995 -4.85792
5000 25000 149996 -4.45259
5000 20000 149996 -4.21984
10000 20000 149995 -4.56189
5000 25000 149996 -4.45259
10000 25000 149996 -4.0368
0 25000 149995 -4.85792
5000 25000 149996 -4.45259
0 30000 149995 -4.62181
5000 30000 149995 -4.50245
5000 25000 149996 -4.45259
10000 25000 149996 -4.0368
5000 30000 149995 -4.50245
10000 30000 149996 -4.34854
10000 20000 149995 -4.56189
15000 20000 149996 -4.44877
10000 25000 149996 -4.0368
15000 25000 149996 -3.59315
15000 20000 149996 -4.44877
20000 20000 149997 -3.03096
15000 25000 149996 -3.59315
20000 25000 149996 -4.49796
10000 25000 149996 -4.0368
15000 25000 149996 -3.59315
10000 30000 149996 -4.34854
15000 30000 149995 -4.57015
15000 25000 149996 -3.59315
20000 25000 149996 -4.49796
15000 30000 149995 -4.57015
20000 30000 149997 -3.36359
20000 20000 149997 -3.03096
25000 20000 149996 -4.49796
20000 25000 149996 -4.49796
25000 25000 149996 -4.49796
25000 20000 149996 -4.49796
30000 20000 149996 -3.79438
25000 25000 149996 -4.49796
30000 25000 149997 -3.31363
20000 25000 149996 -4.49796
25000 25000 149996 -4.49796
20000 30000 149997 -3.36359
25000 30000 149997 -3.05035
25000 25000 149996 -4.49796
30000 25000 149997 -3.31363
25000 30000 149997 -3.05035
30000 30000 149996 -3.83539
30000 20000 149996 -3.79438
35000 20000 149998 -2.14989
30000 25000 149997 -3.31363
35000 25000 149998 -2.24895
35000 20000 149998 -2.14989
40000 20000 149999 -0.827858
35000 25000 149998 -2.24895
40000 25000 150000 -0.498403
30000 25000 149997 -3.31363
35000 25000 149998 -2.24895
30000 30000 149996 -3.83539
35000 30000 149997 -3.16159
35000 25000 149998 -2.24895
40000 25000 150000 -0.498403
35000 30000 149997 -3.16159
40000 30000 149999 -0.584973
40000 20000 149999 -0.827858
45000 20000 149998 -1.61551
40000 25000 150000 -0.498403
45000 25000 150000 0.332229
45000 20000 149998 -1.61551
50000 20000 149999 -0.891125
45000 25000 150000 0.332229
50000 25000 150002 1.72309
40000 25000 150000 -0.498403
45000 25000 150000 0.332229
40000 30000 149999 -0.584973
45000 30000 149999 -0.550214
45000 25000 150000 0.332229
50000 25000 150002 1.72309
45000 30000 149999 -0.550214
50000 30000 150001 1.34941
50000 20000 149999 -0.891125
55000 20000 150000 0.131936
50000 25000 150002 1.72309
55000 25000 150003 2.81162
55000 20000 150000 0.131936
60000 20000 150002 1.97903
55000 25000 150003 2.81162
60000 25000 150005 5.13332
50000 25000 150002 1.72309
55000 25000 150003 2.81162
50000 30000 150001 1.34941
55000 30000 150002 2.47433
55000 25000 150003 2.81162
60000 25000 150005 5.13332
55000 30000 150002 2.47433
60000 30000 150004 3.90549
60000 20000 150002 1.97903
65000 20000 150008 8.10501
60000 25000 150005 5.13332
65000 25000 150008 7.6713
65000 20000 150008 8.10501
70000 20000 150011 11.4541
65000 25000 150008 7.6713
70000 25000 150008 8.20592
60000 25000 150005 5.13332
65000 25000 150008 7.6713
60000 30000 150004 3.90549
65000 30000 150006 5.69943
65000 25000 150008 7.6713
70000 25000 150008 8.20592
65000 30000 150006 5.69943
70000 30000 150009 9.18231
70000 20000 150011 11.4541
75000 20000 150015 15.1472
70000 25000 150008 8.20592
75000 25000 150014 13.7782
75000 20000 150015 15.1472
80000 20000 150019 18.6959
75000 25000 150014 13.7782
80000 25000 150019 18.5485
70000 25000 150008 8.20592
75000 25000 150014 13.7782
70000 30000 150009 9.18231
75000 30000 150013 12.6414
75000 25000 150014 13.7782
80000 25000 150019 18.5485
75000 30000 150013 12.6414
80000 30000 150016 15.6419
0 30000 149995 -4.62181
5000 30000 149995 -4.50245
0 35000 149996 -4.31764
5000 35000 149996 -4.36185
5000 30000 149995 -4.50245
10000 30000 149996 -4.34854
5000 35000 149996 -4.36185
10000 35000 149995 -4.6626
0 35000 149996 -4.31764
5000 35000 149996 -4.36185
0 40000 149996 -4.28144
5000 40000 149995 -4.98316
5000 35000 149996 -4.36185
10000 35000 149995 -4.6626
5000 40000 149995 -4.98316
10000 40000 149996 -4.39097
10000 30000 149996 -4.34854
15000 30000 149995 -4.57015
10000 35000 149995 -4.6626
15000 35000 149995 -4.58023
15000 30000 149995 -4.57015
20000 30000 149997 -3.36359
15000 35000 149995 -4.58023
20000 35000 149996 -4.29526
10000 35000 149995 -4.6626
15000 35000 149995 -4.58023
10000 40000 149996 -4.39097
15000 40000 149995 -4.5117
15000 35000 149995 -4.58023
20000 35000 149996 -4.29526
15000 40000 149995 -4.5117
20000 40000 149997 -3.37712
20000 30000 149997 -3.36359
25000 30000 149997 -3.05035
20000 35000 149996 -4.29526
25000 35000 149996 -3.59163
25000 30000 149997 -3.05035
30000 30000 149996 -3.83539
25000 35000 149996 -3.59163
30000 35000 149996 -3.63808
20000 35000 149996 -4.29526
25000 35000 149996 -3.59163
20000 40000 149997 -3.37712
25000 40000 149996 -4.38491
25000 35000 149996 -3.59163
30000 35000 149996 -3.63808
25000 40000 149996 -4.38491
30000 40000 149997 -3.36994
30000 30000 149996 -3.83539
35000 30000 149997 -3.16159
30000 35000 149996 -3.63808
35000 35000 149997 -3.40746
35000 30000 149997 -3.16159
40000 30000 149999 -0.584973
35000 35000 149997 -3.40746
40000 35000 149999 -1.40578
30000 35000 149996 -3.63808
35000 35000 149997 -3.40746
30000 40000 149997 -3.36994
35000 40000 149996 -3.90112
35000 35000 149997 -3.40746
40000 35000 149999 -1.40578
35000 40000 149996 -3.90112
40000 40000 149998 -1.66232
40000 30000 149999 -0.584973
45000 30000 149999 -0.550214
40000 35000 149999 -1.40578
45000 35000 149999 -0.600171
45000 30000 149999 -0.550214
50000 30000 150001 1.34941
45000 35000 149999 -0.600171
50000 35000 150000 -0.249167
40000 35000 149999 -1.40578
45000 35000 149999 -0.600171
40000 40000 149998 -1.66232
45000 40000 149999 -1.19187
45000 35000 149999 -0.600171
50000 35000 150000 -0.249167
45000 40000 149999 -1.19187
50000 40000 150000 -0.377836
50000 30000 150001 1.34941
55000 30000 150002 2.47433
50000 35000 150000 -0.249167
55000 35000 150002 1.82746
55000 30000 150002 2.47433
60000 30000 150004 3.90549
55000 35000 150002 1.82746
60000 35000 150004 3.62092
50000 35000 150000 -0.249167
55000 35000 150002 1.82746
50000 40000 150000 -0.377836
55000 40000 150001 0.81612
55000 35000 150002 1.82746
60000 35000 150004 3.62092
55000 40000 150001 0.81612
60000 40000 150003 3.02088
60000 30000 150004 3.90549
65000 30000 150006 5.69943
60000 35000 150004 3.62092
65000 35000 150007 6.91395
65000 30000 150006 5.69943
70000 30000 150009 9.18231
65000 35000 150007 6.91395
70000 35000 150008 7.70467
60000 35000 150004 3.62092
65000 35000 150007 6.91395
60000 40000 150003 3.02088
65000 40000 150006 5.66265
65000 35000 150007 6.91395
70000 35000 150008 7.70467
65000 40000 150006 5.66265
70000 40000 150007 7.49679
70000 30000 150009 9.18231
75000 30000 150013 12.6414
70000 35000 150008 7.70467
75000 35000 150012 11.7954
75000 30000 150013 12.6414
80000 30000 150016 15.6419
75000 35000 150012 11.7954
80000 35000 150017 16.7941
70000 35000 150008 7.70467
75000 35000 150012 11.7954
70000 40000 150007 7.49679
75000 40000 150013 12.983
75000 35000 150012 11.7954
80000 35000 150017 16.7941
75000 40000 150013 12.983
80000 40000 150013 13.0067
0 40000 149996 -4.28144
5000 40000 149995 -4.98316
0 45000 149995 -5.27214
5000 45000 149995 -4.54226
5000 40000 149995 -4.98316
10000 40000 149996 -4.39097
5000 45000 149995 -4.54226
10000 45000 149996 -4.20188
0 45000 149995 -5.27214
5000 45000 149995 -4.54226
0 50000 149995 -5.28374
5000 50000 149995 -4.80915
5000 45000 149995 -4.54226
10000 45000 149996 -4.20188
5000 50000 149995 -4.80915
10000 50000 149995 -5.07689
10000 40000 149996 -4.39097
15000 40000 149995 -4.5117
10000 45000 149996 -4.20188
15000 45000 149996 -4.31152
15000 40000 149995 -4.5117
20000 40000 149997 -3.37712
15000 45000 149996 -4.31152
20000 45000 149996 -4.46008
10000 45000 149996 -4.20188
15000 45000 149996 -4.31152
10000 50000 149995 -5.07689
15000 50000 149996 -3.89131
15000 45000 149996 -4.31152
20000 45000 149996 -4.46008
15000 50000 149996 -3.89131
20000 50000 149996 -4.28148
20000 40000 149997 -3.37712
25000 40000 149996 -4.38491
20000 45000 149996 -4.46008
25000 45000 149997 -3.28918
25000 40000 149996 -4.38491
30000 40000 149997 -3.36994
25000 45000 149997 -3.28918
30000 45000 149997 -3.48758
20000 45000 149996 -4.46008
25000 45000 149997 -3.28918
20000 50000 149996 -4.28148
25000 50000 149997 -3.49888
25000 45000 149997 -3.28918
30000 45000 149997 -3.48758
25000 50000 149997 -3.49888
30000 50000 149997 -2.91454
30000 40000 149997 -3.36994
35000 40000 149996 -3.90112
30000 45000 149997 -3.48758
35000 45000 149996 -3.96289
35000 40000 149996 -3.90112
40000 40000 149998 -1.66232
35000 45000 149996 -3.96289
40000 45000 149996 -3.5493
30000 45000 149997 -3.48758
35000 45000 149996 -3.96289
30000 50000 149997 -2.91454
35000 50000 149998 -2.17623
35000 45000 149996 -3.96289
40000 45000 149996 -3.5493
35000 50000 149998 -2.17623
40000 50000 149998 -2.12402
40000 40000 149998 -1.66232
45000 40000 149999 -1.19187
40000 45000 149996 -3.5493
45000 45000 149999 -0.720292
45000 40000 149999 -1.19187
50000 40000 150000 -0.377836
45000 45000 149999 -0.720292
50000 45000 149999 -0.630373
40000 45000 149996 -3.5493
45000 45000 149999 -0.720292
40000 50000 149998 -2.12402
45000 50000 150000 0.232972
45000 45000 149999 -0.720292
50000 45000 149999 -0.630373
45000 50000 150000 0.232972
50000 50000 150000 -0.00826709
50000 40000 150000 -0.377836
55000 40000 150001 0.81612
50000 45000 149999 -0.630373
55000 45000 150002 2.3446
55000 40000 150001 0.81612
60000 40000 150003 3.02088
55000 45000 150002 2.3446
60000 45000 150002 1.76988
50000 45000 149999 -0.630373
55000 45000 150002 2.3446
50000 50000 150000 -0.00826709
55000 50000 150002 1.64543
55000 45000 150002 2.3446
60000 45000 150002 1.76988
55000 50000 150002 1.64543
60000 50000 150004 3.83936
60000 40000 150003 3.02088
65000 40000 150006 5.66265
60000 45000 150002 1.76988
65000 45000 150006 6.09325
65000 40000 150006 5.66265
70000 40000 150007 7.49679
65000 45000 150006 6.09325
70000 45000 150009 9.48597
60000 45000 150002 1.76988
65000 45000 150006 6.09325
60000 50000 150004 3.83936
65000 50000 150006 5.93205
65000 45000 150006 6.09325
70000 45000 150009 9.48597
65000 50000 150006 5.93205
70000 50000 150008 8.27736
70000 40000 150007 7.49679
75000 40000 150013 12.983
70000 45000 150009 9.48597
75000 45000 150011 10.8458
75000 40000 150013 12.983
80000 40000 150013 13.0067
75000 45000 150011 10.8458
80000 45000 150014 14.2452
70000 45000 150009 9.48597
75000 45000 150011 10.8458
70000 50000 150008 8.27736
75000 50000 150010 10.1555
75000 45000 150011 10.8458
80000 45000 150014 14.2452
75000 50000 150010 10.1555
80000 50000 150015 14.7172
0 50000 149995 -5.28374
5000 50000 149995 -4.80915
0 55000 149995 -5.05463
5000 55000 149995 -4.86532
5000 50000 149995 -4.80915
10000 50000 149995 -5.07689
5000 55000 149995 -4.86532
10000 55000 149995 -5.19146
0 55000 149995 -5.05463
5000 55000 149995 -4.86532
0 60000 149995 -4.88753
5000 60000 149996 -3.51864
5000 55000 149995 -4.86532
10000 55000 149995 -5.19146
5000 60000 149996 -3.51864
10000 60000 149997 -3.22901
10000 50000 149995 -5.07689
15000 50000 149996 -3.89131
10000 55000 149995 -5.19146
15000 55000 149995 -5.10465
15000 50000 149996 -3.89131
20000 50000 149996 -4.28148
15000 55000 149995 -5.10465
20000 55000 149995 -4.87881
10000 55000 149995 -5.19146
15000 55000 149995 -5.10465
10000 60000 149997 -3.22901
15000 60000 149995 -4.52902
15000 55000 149995 -5.10465
20000 55000 149995 -4.87881
15000 60000 149995 -4.52902
20000 60000 149996 -3.52087
20000 50000 149996 -4.28148
25000 50000 149997 -3.49888
20000 55000 149995 -4.87881
25000 55000 149996 -4.14937
25000 50000 149997 -3.49888
30000 50000 149997 -2.91454
25000 55000 149996 -4.14937
30000 55000 149997 -3.30086
20000 55000 149995 -4.87881
25000 55000 149996 -4.14937
20000 60000 149996 -3.52087
25000 60000 149996 -3.84212
25000 55000 149996 -4.14937
30000 55000 149997 -3.30086
25000 60000 149996 -3.84212
30000 60000 149996 -4.17398
30000 50000 149997 -2.91454
35000 50000 149998 -2.17623
30000 55000 149997 -3.30086
35000 55000 149998 -2.01443
35000 50000 149998 -2.17623
40000 50000 149998 -2.12402
35000 55000 149998 -2.01443
40000 55000 149999 -0.948804
30000 55000 149997 -3.30086
35000 55000 149998 -2.01443
30000 60000 149996 -4.17398
35000 60000 149996 -4.27344
35000 55000 149998 -2.01443
40000 55000 149999 -0.948804
35000 60000 149996 -4.27344
40000 60000 149997 -3.00185
40000 50000 149998 -2.12402
45000 50000 150000 0.232972
40000 55000 149999 -0.948804
45000 55000 150000 -0.386687
45000 50000 150000 0.232972
50000 50000 150000 -0.00826709
45000 55000 150000 -0.386687
50000 55000 150000 -0.0487361
40000 55000 149999 -0.948804
45000 55000 150000 -0.386687
40000 60000 149997 -3.00185
45000 60000 149999 -1.26519
45000 55000 150000 -0.386687
50000 55000 150000 -0.0487361
45000 60000 149999 -1.26519
50000 60000 149998 -1.61809
50000 50000 150000 -0.00826709
55000 50000 150002 1.64543
50000 55000 150000 -0.0487361
55000 55000 150001 1.19326
55000 50000 150002 1.64543
60000 50000 150004 3.83936
55000 55000 150001 1.19326
60000 55000 150003 3.43151
50000 55000 150000 -0.0487361
55000 55000 150001 1.19326
50000 60000 149998 -1.61809
55000 60000 150000 0.292546
55000 55000 150001 1.19326
60000 55000 150003 3.43151
55000 60000 150000 0.292546
60000 60000 150001 0.979045
60000 50000 150004 3.83936
65000 50000 150006 5.93205
60000 55000 150003 3.43151
65000 55000 150006 5.5303
65000 50000 150006 5.93205
70000 50000 150008 8.27736
65000 55000 150006 5.5303
70000 55000 150005 4.66655
60000 55000 150003 3.43151
65000 55000 150006 5.5303
60000 60000 150001 0.979045
65000 60000 150002 1.77572
65000 55000 150006 5.5303
70000 55000 150005 4.66655
65000 60000 150002 1.77572
70000 60000 150006 5.6346
70000 50000 150008 8.27736
75000 50000 150010 10.1555
70000 55000 150005 4.66655
75000 55000 150010 10.1023
75000 50000 150010 10.1555
80000 50000 150015 14.7172
75000 55000 150010 10.1023
80000 55000 150011 10.8021
70000 55000 150005 4.66655
75000 55000 150010 10.1023
70000 60000 150006 5.6346
75000 60000 150009 9.34039
75000 55000 150010 10.1023
80000 55000 150011 10.8021
75000 60000 150009 9.34039
80000 60000 150013 13.1574
0 60000 149995 -4.88753
5000 60000 149996 -3.51864
0 65000 149996 -4.47174
5000 65000 149996 -4.15954
5000 60000 149996 -3.51864
10000 60000 149997 -3.22901
5000 65000 149996 -4.15954
10000 65000 149995 -4.68371
0 65000 149996 -4.47174
5000 65000 149996 -4.15954
0 70000 149996 -4.29324
5000 70000 149996 -4.14108
5000 65000 149996 -4.15954
10000 65000 149995 -4.68371
5000 70000 149996 -4.14108
10000 70000 149996 -4.35411
10000 60000 149997 -3.22901
15000 60000 149995 -4.52902
10000 65000 149995 -4.68371
15000 65000 149995 -4.5152
15000 60000 149995 -4.52902
20000 60000 149996 -3.52087
15000 65000 149995 -4.5152
20000 65000 149996 -4.35765
10000 65000 149995 -4.68371
15000 65000 149995 -4.5152
10000 70000 149996 -4.35411
15000 70000 149995 -4.84512
15000 65000 149995 -4.5152
20000 65000 149996 -4.35765
15000 70000 149995 -4.84512
20000 70000 149996 -3.67172
20000 60000 149996 -3.52087
25000 60000 149996 -3.84212
20000 65000 149996 -4.35765
25000 65000 149995 -4.70038
25000 60000 149996 -3.84212
30000 60000 149996 -4.17398
25000 65000 149995 -4.70038
30000 65000 149996 -3.95429
20000 65000 149996 -4.35765
25000 65000 149995 -4.70038
20000 70000 149996 -3.67172
25000 70000 149996 -4.35715
25000 65000 149995 -4.70038
30000 65000 149996 -3.95429
25000 70000 149996 -4.35715
30000 70000 149996 -4.28353
30000 60000 149996 -4.17398
35000 60000 149996 -4.27344
30000 65000 149996 -3.95429
35000 65000 149996 -4.01895
35000 60000 149996 -4.27344
40000 60000 149997 -3.00185
35000 65000 149996 -4.01895
40000 65000 149997 -2.77947
30000 65000 149996 -3.95429
35000 65000 149996 -4.01895
30000 70000 149996 -4.28353
35000 70000 149996 -3.62436
35000 65000 149996 -4.01895
40000 65000 149997 -2.77947
35000 70000 149996 -3.62436
40000 70000 149998 -2.42153
40000 60000 149997 -3.00185
45000 60000 149999 -1.26519
40000 65000 149997 -2.77947
45000 65000 149997 -3.06121
45000 60000 149999 -1.26519
50000 60000 149998 -1.61809
45000 65000 149997 -3.06121
50000 65000 149999 -0.883055
40000 65000 149997 -2.77947
45000 65000 149997 -3.06121
40000 70000 149998 -2.42153
45000 70000 149998 -2.22111
45000 65000 149997 -3.06121
50000 65000 149999 -0.883055
45000 70000 149998 -2.22111
50000 70000 149999 -0.809117
50000 60000 149998 -1.61809
55000 60000 150000 0.292546
50000 65000 149999 -0.883055
55000 65000 150001 1.0785
55000 60000 150000 0.292546
60000 60000 150001 0.979045
55000 65000 150001 1.0785
60000 65000 150001 1.39734
50000 65000 149999 -0.883055
55000 65000 150001 1.0785
50000 70000 149999 -0.809117
55000 70000 150000 -0.427695
55000 65000 150001 1.0785
60000 65000 150001 1.39734
55000 70000 150000 -0.427695
60000 70000 150003 3.10336
60000 60000 150001 0.979045
65000 60000 150002 1.77572
60000 65000 150001 1.39734
65000 65000 150003 3.3879
65000 60000 150002 1.77572
70000 60000 150006 5.6346
65000 65000 150003 3.3879
70000 65000 150004 3.74224
60000 65000 150001 1.39734
65000 65000 150003 3.3879
60000 70000 150003 3.10336
65000 70000 150004 4.23952
65000 65000 150003 3.3879
70000 65000 150004 3.74224
65000 70000 150004 4.23952
70000 70000 150006 5.50905
70000 60000 150006 5.6346
75000 60000 150009 9.34039
70000 65000 150004 3.74224
75000 65000 150009 8.63366
75000 60000 150009 9.34039
80000 60000 150013 13.1574
75000 65000 150009 8.63366
80000 65000 150012 11.83
70000 65000 150004 3.74224
75000 65000 150009 8.63366
70000 70000 150006 5.50905
75000 70000 150009 8.90013
75000 65000 150009 8.63366
80000 65000 150012 11.83
75000 70000 150009 8.90013
80000 70000 150012 11.9753
0 70000 149996 -4.29324
5000 70000 149996 -4.14108
0 75000 149995 -4.93264
5000 75000 149995 -4.89475
5000 70000 149996 -4.14108
10000 70000 149996 -4.35411
5000 75000 149995 -4.89475
10000 75000 149995 -4.93021
0 75000 149995 -4.93264
5000 75000 149995 -4.89475
0 80000 149996 -4.03648
5000 80000 149996 -4.33946
5000 75000 149995 -4.89475
10000 75000 149995 -4.93021
5000 80000 149996 -4.33946
10000 80000 149995 -5.16646
10000 70000 149996 -4.35411
15000 70000 149995 -4.84512
10000 75000 149995 -4.93021
15000 75000 149995 -4.92844
15000 70000 149995 -4.84512
20000 70000 149996 -3.67172
15000 75000 149995 -4.92844
20000 75000 149995 -4.96387
10000 75000 149995 -4.93021
15000 75000 149995 -4.92844
10000 80000 149995 -5.16646
15000 80000 149995 -4.93249
15000 75000 149995 -4.92844
20000 75000 149995 -4.96387
15000 80000 149995 -4.93249
20000 80000 149996 -4.33741
20000 70000 149996 -3.67172
25000 70000 149996 -4.35715
20000 75000 149995 -4.96387
25000 75000 149995 -4.73309
25000 70000 149996 -4.35715
30000 70000 149996 -4.28353
25000 75000 149995 -4.73309
30000 75000 149996 -3.78214
20000 75000 149995 -4.96387
25000 75000 149995 -4.73309
20000 80000 149996 -4.33741
25000 80000 149995 -4.86511
25000 75000 149995 -4.73309
30000 75000 149996 -3.78214
25000 80000 149995 -4.86511
30000 80000 149997 -3.44263
30000 70000 149996 -4.28353
35000 70000 149996 -3.62436
30000 75000 149996 -3.78214
35000 75000 149997 -3.06504
35000 70000 149996 -3.62436
40000 70000 149998 -2.42153
35000 75000 149997 -3.06504
40000 75000 149997 -3.19917
30000 75000 149996 -3.78214
35000 75000 149997 -3.06504
30000 80000 149997 -3.44263
35000 80000 149996 -3.99553
35000 75000 149997 -3.06504
40000 75000 149997 -3.19917
35000 80000 149996 -3.99553
40000 80000 149998 -2.28093
40000 70000 149998 -2.42153
45000 70000 149998 -2.22111
40000 75000 149997 -3.19917
45000 75000 149997 -2.71092
45000 70000 149998 -2.22111
50000 70000 149999 -0.809117
45000 75000 149997 -2.71092
50000 75000 149998 -2.19977
40000 75000 149997 -3.19917
45000 75000 149997 -2.71092
40000 80000 149998 -2.28093
45000 80000 149998 -2.0939
45000 75000 149997 -2.71092
50000 75000 149998 -2.19977
45000 80000 149998 -2.0939
50000 80000 149998 -2.22575
50000 70000 149999 -0.809117
55000 70000 150000 -0.427695
50000 75000 149998 -2.19977
55000 75000 150000 -0.25051
55000 70000 150000 -0.427695
60000 70000 150003 3.10336
55000 75000 150000 -0.25051
60000 75000 150001 1.39628
50000 75000 149998 -2.19977
55000 75000 150000 -0.25051
50000 80000 149998 -2.22575
55000 80000 150000 0.141421
55000 75000 150000 -0.25051
60000 75000 150001 1.39628
55000 80000 150000 0.141421
60000 80000 150000 0.312435
60000 70000 150003 3.10336
65000 70000 150004 4.23952
60000 75000 150001 1.39628
65000 75000 150003 2.78254
65000 70000 150004 4.23952
70000 70000 150006 5.50905
65000 75000 150003 2.78254
70000 75000 150006 6.11491
60000 75000 150001 1.39628
65000 75000 150003 2.78254
60000 80000 150000 0.312435
65000 80000 150000 0.0800587
65000 75000 150003 2.78254
70000 75000 150006 6.11491
65000 80000 150000 0.0800587
70000 80000 150003 2.86918
70000 70000 150006 5.50905
75000 70000 150009 8.90013
70000 75000 150006 6.11491
75000 75000 150007 7.1074
75000 70000 150009 8.90013
80000 70000 150012 11.9753
75000 75000 150007 7.1074
80000 75000 150009 9.3308
70000 75000 150006 6.11491
75000 75000 150007 7.1074
70000 80000 150003 2.86918
75000 80000 150005 5.33724
75000 75000 150007 7.1074
80000 75000 150009 9.3308
75000 80000 150005 5.33724
80000 80000 150012 11.9322
80000 0 150020 19.9076
85000 0 150022 21.6137
80000 5000 150019 18.8745
85000 5000 150022 21.5627
85000 0 150022 21.6137
90000 0 150022 22.1576
85000 5000 150022 21.5627
90000 5000 150023 23.1891
80000 5000 150019 18.8745
85000 5000 150022 21.5627
80000 10000 150018 17.5263
85000 10000 150021 20.7289
85000 5000 150022 21.5627
90000 5000 150023 23.1891
85000 10000 150021 20.7289
90000 10000 150023 22.6118
90000 0 150022 22.1576
95000 0 150022 21.8075
90000 5000 150023 23.1891
95000 5000 150023 22.9121
95000 0 150022 21.8075
100000 0 150021 20.5118
95000 5000 150023 22.9121
100000 5000 150021 21.4865
90000 5000 150023 23.1891
95000 5000 150023 22.9121
90000 10000 150023 22.6118
95000 10000 150023 23.458
95000 5000 150023 22.9121
100000 5000 150021 21.4865
95000 10000 150023 23.458
100000 10000 150022 21.7615
100000 0 150021 20.5118
105000 0 150018 17.7725
100000 5000 150021 21.4865
105000 5000 150017 16.6506
105000 0 150018 17.7725
110000 0 150010 10.3514
105000 5000 150017 16.6506
110000 5000 150008 8.17618
100000 5000 150021 21.4865
105000 5000 150017 16.6506
100000 10000 150022 21.7615
105000 10000 150020 20.0374
105000 5000 150017 16.6506
110000 5000 150008 8.17618
105000 10000 150020 20.0374
110000 10000 150015 14.5327
110000 0 150010 10.3514
115000 0 149997 -3.28856
110000 5000 150008 8.17618
115000 5000 149994 -6.12593
115000 0 149997 -3.28856
120000 0 149988 -12.4883
115000 5000 149994 -6.12593
120000 5000 149984 -16.1469
110000 5000 150008 8.17618
115000 5000 149994 -6.12593
110000 10000 150015 14.5327
115000 10000 150000 0.165165
115000 5000 149994 -6.12593
120000 5000 149984 -16.1469
115000 10000 150000 0.165165
120000 10000 149981 -18.5571
120000 0 149988 -12.4883
125000 0 149980 -19.744
120000 5000 149984 -16.1469
125000 5000 149979 -21.1775
125000 0 149980 -19.744
130000 0 149981 -19.0295
125000 5000 149979 -21.1775
130000 5000 149979 -20.9952
120000 5000 149984 -16.1469
125000 5000 149979 -21.1775
120000 10000 149981 -18.5571
125000 10000 149974 -26.0508
125000 5000 149979 -21.1775
130000 5000 149979 -20.9952
125000 10000 149974 -26.0508
130000 10000 149975 -24.6927
130000 0 149981 -19.0295
135000 0 149983 -17.3876
130000 5000 149979 -20.9952
135000 5000 149981 -19.2028
135000 0 149983 -17.3876
140000 0 149987 -13.4642
135000 5000 149981 -19.2028
140000 5000 149993 -7.24127
130000 5000 149979 -20.9952
135000 5000 149981 -19.2028
130000 10000 149975 -24.6927
135000 10000 149981 -18.9849
135000 5000 149981 -19.2028
140000 5000 149993 -7.24127
135000 10000 149981 -18.9849
140000 10000 149992 -7.7234
140000 0 149987 -13.4642
145000 0 150000 0.332397
140000 5000 149993 -7.24127
145000 5000 149995 -5.36414
145000 0 150000 0.332397
150000 0 150002 1.6188
145000 5000 149995 -5.36414
150000 5000 150003 3.37966
140000 5000 149993 -7.24127
145000 5000 149995 -5.36414
140000 10000 149992 -7.7234
145000 10000 150001 1.03556
145000 5000 149995 -5.36414
150000 5000 150003 3.37966
145000 10000 150001 1.03556
150000 10000 150006 6.39102
150000 0 150002 1.6188
155000 0 150006 5.86141
150000 5000 150003 3.37966
155000 5000 150008 7.89974
155000 0 150006 5.86141
160000 0 150011 11.3962
155000 5000 150008 7.89974
160000 5000 150013 13.1445
150000 5000 150003 3.37966
155000 5000 150008 7.89974
150000 10000 150006 6.39102
155000 10000 150008 8.24545
155000 5000 150008 7.89974
160000 5000 150013 13.1445
155000 10000 150008 8.24545
160000 10000 150014 14.1474
80000 10000 150018 17.5263
85000 10000 150021 20.7289
80000 15000 150017 16.8444
85000 15000 150021 20.9298
85000 10000 150021 20.7289
90000 10000 150023 22.6118
85000 15000 150021 20.9298
90000 15000 150021 20.7894
80000 15000 150017 16.8444
85000 15000 150021 20.9298
80000 20000 150019 18.6959
85000 20000 150023 23.1754
85000 15000 150021 20.9298
90000 15000 150021 20.7894
85000 20000 150023 23.1754
90000 20000 150023 23.3504
90000 10000 150023 22.6118
95000 10000 150023 23.458
90000 15000 150021 20.7894
95000 15000 150024 23.7277
95000 10000 150023 23.458
100000 10000 150022 21.7615
95000 15000 150024 23.7277
100000 15000 150024 24.0067
90000 15000 150021 20.7894
95000 15000 150024 23.7277
90000 20000 150023 23.3504
95000 20000 150024 23.7065
95000 15000 150024 23.7277
100000 15000 150024 24.0067
95000 20000 150024 23.7065
100000 20000 150023 22.6635
100000 10000 150022 21.7615
105000 10000 150020 20.0374
100000 15000 150024 24.0067
105000 15000 150025 25.2163
105000 10000 150020 20.0374
110000 10000 150015 14.5327
105000 15000 150025 25.2163
110000 15000 150021 21.1363
100000 15000 150024 24.0067
105000 15000 150025 25.2163
100000 20000 150023 22.6635
105000 20000 150026 25.6921
105000 15000 150025 25.2163
110000 15000 150021 21.1363
105000 20000 150026 25.6921
110000 20000 150027 27.2142
110000 10000 150015 14.5327
115000 10000 150000 0.165165
110000 15000 150021 21.1363
115000 15000 150006 6.29548
115000 10000 150000 0.165165
120000 10000 149981 -18.5571
115000 15000 150006 6.29548
120000 15000 149979 -21.1642
110000 15000 150021 21.1363
115000 15000 150006 6.29548
110000 20000 150027 27.2142
115000 20000 150012 11.5315
115000 15000 150006 6.29548
120000 15000 149979 -21.1642
115000 20000 150012 11.5315
120000 20000 149979 -20.8215
120000 10000 149981 -18.5571
125000 10000 149974 -26.0508
120000 15000 149979 -21.1642
125000 15000 149960 -39.5792
125000 10000 149974 -26.0508
130000 10000 149975 -24.6927
125000 15000 149960 -39.5792
130000 15000 149964 -35.8299
120000 15000 149979 -21.1642
125000 15000 149960 -39.5792
120000 20000 149979 -20.8215
125000 20000 149949 -50.9313
125000 15000 149960 -39.5792
130000 15000 149964 -35.8299
125000 20000 149949 -50.9313
130000 20000 149945 -55.2082
130000 10000 149975 -24.6927
135000 10000 149981 -18.9849
130000 15000 149964 -35.8299
135000 15000 149977 -23.1769
135000 10000 149981 -18.9849
140000 10000 149992 -7.7234
135000 15000 149977 -23.1769
140000 15000 149988 -11.6592
130000 15000 149964 -35.8299
135000 15000 149977 -23.1769
130000 20000 149945 -55.2082
135000 20000 149970 -30.3287
135000 15000 149977 -23.1769
140000 15000 149988 -11.6592
135000 20000 149970 -30.3287
140000 20000 149987 -12.9317
140000 10000 149992 -7.7234
145000 10000 150001 1.03556
140000 15000 149988 -11.6592
145000 15000 150002 1.74193
145000 10000 150001 1.03556
150000 10000 150006 6.39102
145000 15000 150002 1.74193
150000 15000 150006 6.26568
140000 15000 149988 -11.6592
145000 15000 150002 1.74193
140000 20000 149987 -12.9317
145000 20000 150001 1.09405
145000 15000 150002 1.74193
150000 15000 150006 6.26568
145000 20000 150001 1.09405
150000 20000 149999 -0.990476
150000 10000 150006 6.39102
155000 10000 150008 8.24545
150000 15000 150006 6.26568
155000 15000 150011 11.2758
155000 10000 150008 8.24545
160000 10000 150014 14.1474
155000 15000 150011 11.2758
160000 15000 150014 14.4957
150000 15000 150006 6.26568
155000 15000 150011 11.2758
150000 20000 149999 -0.990476
155000 20000 150009 9.08294
155000 15000 150011 11.2758
160000 15000 150014 14.4957
155000 20000 150009 9.08294
160000 20000 150014 13.5409
80000 20000 150019 18.6959
85000 20000 150023 23.1754
80000 25000 150019 18.5485
85000 25000 150023 22.7624
85000 20000 150023 23.1754
90000 20000 150023 23.3504
85000 25000 150023 22.7624
90000 25000 150023 22.8903
80000 25000 150019 18.5485
85000 25000 150023 22.7624
80000 30000 150016 15.6419
85000 30000 150020 19.8244
85000 25000 150023 22.7624
90000 25000 150023 22.8903
85000 30000 150020 19.8244
90000 30000 150023 23.4758
90000 20000 150023 23.3504
95000 20000 150024 23.7065
90000 25000 150023 22.8903
95000 25000 150025 25.0419
95000 20000 150024 23.7065
100000 20000 150023 22.6635
95000 25000 150025 25.0419
100000 25000 150026 26.3185
90000 25000 150023 22.8903
95000 25000 150025 25.0419
90000 30000 150023 23.4758
95000 30000 150024 24.3914
95000 25000 150025 25.0419
100000 25000 150026 26.3185
95000 30000 150024 24.3914
100000 30000 150026 25.9626
100000 20000 150023 22.6635
105000 20000 150026 25.6921
100000 25000 150026 26.3185
105000 25000 150028 27.7677
105000 20000 150026 25.6921
110000 20000 150027 27.2142
105000 25000 150028 27.7677
110000 25000 150030 29.6842
100000 25000 150026 26.3185
105000 25000 150028 27.7677
100000 30000 150026 25.9626
105000 30000 150026 25.8959
105000 25000 150028 27.7677
110000 25000 150030 29.6842
105000 30000 150026 25.8959
110000 30000 150027 27.2396
110000 20000 150027 27.2142
115000 20000 150012 11.5315
110000 25000 150030 29.6842
115000 25000 150023 23.0425
115000 20000 150012 11.5315
120000 20000 149979 -20.8215
115000 25000 150023 23.0425
120000 25000 149993 -6.80332
110000 25000 150030 29.6842
115000 25000 150023 23.0425
110000 30000 150027 27.2396
115000 30000 150027 27.2206
115000 25000 150023 23.0425
120000 25000 149993 -6.80332
115000 30000 150027 27.2206
120000 30000 150007 6.57048
120000 20000 149979 -20.8215
125000 20000 149949 -50.9313
120000 25000 149993 -6.80332
125000 25000 149960 -39.9742
125000 20000 149949 -50.9313
130000 20000 149945 -55.2082
125000 25000 149960 -39.9742
130000 25000 149936 -63.5279
120000 25000 149993 -6.80332
125000 25000 149960 -39.9742
120000 30000 150007 6.57048
125000 30000 149978 -21.8729
125000 25000 149960 -39.9742
130000 25000 149936 -63.5279
125000 30000 149978 -21.8729
130000 30000 149942 -57.9629
130000 20000 149945 -55.2082
135000 20000 149970 -30.3287
130000 25000 149936 -63.5279
135000 25000 149954 -46.1532
135000 20000 149970 -30.3287
140000 20000 149987 -12.9317
135000 25000 149954 -46.1532
140000 25000 149978 -21.8189
130000 25000 149936 -63.5279
135000 25000 149954 -46.1532
130000 30000 149942 -57.9629
135000 30000 149935 -65.1519
135000 25000 149954 -46.1532
140000 25000 149978 -21.8189
135000 30000 149935 -65.1519
140000 30000 149968 -31.9832
140000 20000 149987 -12.9317
145000 20000 150001 1.09405
140000 25000 149978 -21.8189
145000 25000 149997 -2.67621
145000 20000 150001 1.09405
150000 20000 149999 -0.990476
145000 25000 149997 -2.67621
150000 25000 150007 6.89572
140000 25000 149978 -21.8189
145000 25000 149997 -2.67621
140000 30000 149968 -31.9832
145000 30000 149988 -11.8496
145000 25000 149997 -2.67621
150000 25000 150007 6.89572
145000 30000 149988 -11.8496
150000 30000 150005 4.9631
150000 20000 149999 -0.990476
155000 20000 150009 9.08294
150000 25000 150007 6.89572
155000 25000 150010 10.1216
155000 20000 150009 9.08294
160000 20000 150014 13.5409
155000 25000 150010 10.1216
160000 25000 150011 10.8825
150000 25000 150007 6.89572
155000 25000 150010 10.1216
150000 30000 150005 4.9631
155000 30000 150011 11.1759
155000 25000 150010 10.1216
160000 25000 150011 10.8825
155000 30000 150011 11.1759
160000 30000 150014 13.779
80000 30000 150016 15.6419
85000 30000 150020 19.8244
80000 35000 150017 16.7941
85000 35000 150020 19.6005
85000 30000 150020 19.8244
90000 30000 150023 23.4758
85000 35000 150020 19.6005
90000 35000 150020 20.2934
80000 35000 150017 16.7941
85000 35000 150020 19.6005
80000 40000 150013 13.0067
85000 40000 150020 19.6001
85000 35000 150020 19.6005
90000 35000 150020 20.2934
85000 40000 150020 19.6001
90000 40000 150024 23.7394
90000 30000 150023 23.4758
95000 30000 150024 24.3914
90000 35000 150020 20.2934
95000 35000 150025 24.6468
95000 30000 150024 24.3914
100000 30000 150026 25.9626
95000 35000 150025 24.6468
100000 35000 150026 26.1413
90000 35000 150020 20.2934
95000 35000 150025 24.6468
90000 40000 150024 23.7394
95000 40000 150026 26.0175
95000 35000 150025 24.6468
100000 35000 150026 26.1413
95000 40000 150026 26.0175
100000 40000 150028 27.6605
100000 30000 150026 25.9626
105000 30000 150026 25.8959
100000 35000 150026 26.1413
105000 35000 150026 26.4804
105000 30000 150026 25.8959
110000 30000 150027 27.2396
105000 35000 150026 26.4804
110000 35000 150027 27.4298
100000 35000 150026 26.1413
105000 35000 150026 26.4804
100000 40000 150028 27.6605
105000 40000 150027 26.779
105000 35000 150026 26.4804
110000 35000 150027 27.4298
105000 40000 150027 26.779
110000 40000 150026 25.8866
110000 30000 150027 27.2396
115000 30000 150027 27.2206
110000 35000 150027 27.4298
115000 35000 150028 28.3946
115000 30000 150027 27.2206
120000 30000 150007 6.57048
115000 35000 150028 28.3946
120000 35000 150019 18.6841
110000 35000 150027 27.4298
115000 35000 150028 28.3946
110000 40000 150026 25.8866
115000 40000 150028 28.4556
115000 35000 150028 28.3946
120000 35000 150019 18.6841
115000 40000 150028 28.4556
120000 40000 150025 25.2922
120000 30000 150007 6.57048
125000 30000 149978 -21.8729
120000 35000 150019 18.6841
125000 35000 149993 -6.59447
125000 30000 149978 -21.8729
130000 30000 149942 -57.9629
125000 35000 149993 -6.59447
130000 35000 149959 -41.382
120000 35000 150019 18.6841
125000 35000 149993 -6.59447
120000 40000 150025 25.2922
125000 40000 150007 6.50479
125000 35000 149993 -6.59447
130000 35000 149959 -41.382
125000 40000 150007 6.50479
130000 40000 149978 -21.9707
130000 30000 149942 -57.9629
135000 30000 149935 -65.1519
130000 35000 149959 -41.382
135000 35000 149927 -72.5287
135000 30000 149935 -65.1519
140000 30000 149968 -31.9832
135000 35000 149927 -72.5287
140000 35000 149949 -50.9936
130000 35000 149959 -41.382
135000 35000 149927 -72.5287
130000 40000 149978 -21.9707
135000 40000 149937 -62.6023
135000 35000 149927 -72.5287
140000 35000 149949 -50.9936
135000 40000 149937 -62.6023
140000 40000 149931 -69.3121
140000 30000 149968 -31.9832
145000 30000 149988 -11.8496
140000 35000 149949 -50.9936
145000 35000 149978 -21.8212
145000 30000 149988 -11.8496
150000 30000 150005 4.9631
145000 35000 149978 -21.8212
150000 35000 149994 -6.38693
140000 35000 149949 -50.9936
145000 35000 149978 -21.8212
140000 40000 149931 -69.3121
145000 40000 149962 -37.519
145000 35000 149978 -21.8212
150000 35000 149994 -6.38693
145000 40000 149962 -37.519
150000 40000 149985 -14.6672
150000 30000 150005 4.9631
155000 30000 150011 11.1759
150000 35000 149994 -6.38693
155000 35000 150011 10.5349
155000 30000 150011 11.1759
160000 30000 150014 13.779
155000 35000 150011 10.5349
160000 35000 150016 16.2218
150000 35000 149994 -6.38693
155000 35000 150011 10.5349
150000 40000 149985 -14.6672
155000 40000 150009 8.82933
155000 35000 150011 10.5349
160000 35000 150016 16.2218
155000 40000 150009 8.82933
160000 40000 150007 7.38487
80000 40000 150013 13.0067
85000 40000 150020 19.6001
80000 45000 150014 14.2452
85000 45000 150019 18.7513
85000 40000 150020 19.6001
90000 40000 150024 23.7394
85000 45000 150019 18.7513
90000 45000 150025 24.5243
80000 45000 150014 14.2452
85000 45000 150019 18.7513
80000 50000 150015 14.7172
85000 50000 150017 16.8935
85000 45000 150019 18.7513
90000 45000 150025 24.5243
85000 50000 150017 16.8935
90000 50000 150021 20.7457
90000 40000 150024 23.7394
95000 40000 150026 26.0175
90000 45000 150025 24.5243
95000 45000 150025 24.5281
95000 40000 150026 26.0175
100000 40000 150028 27.6605
95000 45000 150025 24.5281
100000 45000 150025 25.0156
90000 45000 150025 24.5243
95000 45000 150025 24.5281
90000 50000 150021 20.7457
95000 50000 150026 26.3616
95000 45000 150025 24.5281
100000 45000 150025 25.0156
95000 50000 150026 26.3616
100000 50000 150027 26.7868
100000 40000 150028 27.6605
105000 40000 150027 26.779
100000 45000 150025 25.0156
105000 45000 150027 26.8525
105000 40000 150027 26.779
110000 40000 150026 25.8866
105000 45000 150027 26.8525
110000 45000 150027 26.5078
100000 45000 150025 25.0156
105000 45000 150027 26.8525
100000 50000 150027 26.7868
105000 50000 150026 26.1117
105000 45000 150027 26.8525
110000 45000 150027 26.5078
105000 50000 150026 26.1117
110000 50000 150028 27.6854
110000 40000 150026 25.8866
115000 40000 150028 28.4556
110000 45000 150027 26.5078
115000 45000 150025 25.292
115000 40000 150028 28.4556
120000 40000 150025 25.2922
115000 45000 150025 25.292
120000 45000 150026 26.2804
110000 45000 150027 26.5078
115000 45000 150025 25.292
110000 50000 150028 27.6854
115000 50000 150026 26.4944
115000 45000 150025 25.292
120000 45000 150026 26.2804
115000 50000 150026 26.4944
120000 50000 150023 22.7356
120000 40000 150025 25.2922
125000 40000 150007 6.50479
120000 45000 150026 26.2804
125000 45000 150005 4.88381
125000 40000 150007 6.50479
130000 40000 149978 -21.9707
125000 45000 150005 4.88381
130000 45000 149988 -12.219
120000 45000 150026 26.2804
125000 45000 150005 4.88381
120000 50000 150023 22.7356
125000 50000 150022 22.3676
125000 45000 150005 4.88381
130000 45000 149988 -12.219
125000 50000 150022 22.3676
130000 50000 150008 7.72853
130000 40000 149978 -21.9707
135000 40000 149937 -62.6023
130000 45000 149988 -12.219
135000 45000 149962 -37.9474
135000 40000 149937 -62.6023
140000 40000 149931 -69.3121
135000 45000 149962 -37.9474
140000 45000 149925 -74.7741
130000 45000 149988 -12.219
135000 45000 149962 -37.9474
130000 50000 150008 7.72853
135000 50000 149978 -21.7445
135000 45000 149962 -37.9474
140000 45000 149925 -74.7741
135000 50000 149978 -21.7445
140000 50000 149938 -61.7981
140000 40000 149931 -69.3121
145000 40000 149962 -37.519
140000 45000 149925 -74.7741
145000 45000 149937 -63.2861
145000 40000 149962 -37.519
150000 40000 149985 -14.6672
145000 45000 149937 -63.2861
150000 45000 149975 -24.994
140000 45000 149925 -74.7741
145000 45000 149937 -63.2861
140000 50000 149938 -61.7981
145000 50000 149922 -77.7979
145000 45000 149937 -63.2861
150000 45000 149975 -24.994
145000 50000 149922 -77.7979
150000 50000 149956 -43.9719
150000 40000 149985 -14.6672
155000 40000 150009 8.82933
150000 45000 149975 -24.994
155000 45000 149988 -11.6473
155000 40000 150009 8.82933
160000 40000 150007 7.38487
155000 45000 149988 -11.6473
160000 45000 150014 13.8618
150000 45000 149975 -24.994
155000 45000 149988 -11.6473
150000 50000 149956 -43.9719
155000 50000 149988 -11.9406
155000 45000 149988 -11.6473
160000 45000 150014 13.8618
155000 50000 149988 -11.9406
160000 50000 149999 -1.2495
80000 50000 150015 14.7172
85000 50000 150017 16.8935
80000 55000 150011 10.8021
85000 55000 150014 14.1023
85000 50000 150017 16.8935
90000 50000 150021 20.7457
85000 55000 150014 14.1023
90000 55000 150019 18.5828
80000 55000 150011 10.8021
85000 55000 150014 14.1023
80000 60000 150013 13.1574
85000 60000 150016 16.1304
85000 55000 150014 14.1023
90000 55000 150019 18.5828
85000 60000 150016 16.1304
90000 60000 150018 17.874
90000 50000 150021 20.7457
95000 50000 150026 26.3616
90000 55000 150019 18.5828
95000 55000 150023 22.9232
95000 50000 150026 26.3616
100000 50000 150027 26.7868
95000 55000 150023 22.9232
100000 55000 150026 25.742
90000 55000 150019 18.5828
95000 55000 150023 22.9232
90000 60000 150018 17.874
95000 60000 150021 20.7634
95000 55000 150023 22.9232
100000 55000 150026 25.742
95000 60000 150021 20.7634
100000 60000 150024 24.2842
100000 50000 150027 26.7868
105000 50000 150026 26.1117
100000 55000 150026 25.742
105000 55000 150028 28.1424
105000 50000 150026 26.1117
110000 50000 150028 27.6854
105000 55000 150028 28.1424
110000 55000 150028 28.1915
100000 55000 150026 25.742
105000 55000 150028 28.1424
100000 60000 150024 24.2842
105000 60000 150027 26.8844
105000 55000 150028 28.1424
110000 55000 150028 28.1915
105000 60000 150027 26.8844
110000 60000 150027 27.0764
110000 50000 150028 27.6854
115000 50000 150026 26.4944
110000 55000 150028 28.1915
115000 55000 150026 26.2856
115000 50000 150026 26.4944
120000 50000 150023 22.7356
115000 55000 150026 26.2856
120000 55000 150026 25.7739
110000 55000 150028 28.1915
115000 55000 150026 26.2856
110000 60000 150027 27.0764
115000 60000 150028 27.6102
115000 55000 150026 26.2856
120000 55000 150026 25.7739
115000 60000 150028 27.6102
120000 60000 150025 25.426
120000 50000 150023 22.7356
125000 50000 150022 22.3676
120000 55000 150026 25.7739
125000 55000 150026 26.1426
125000 50000 150022 22.3676
130000 50000 150008 7.72853
125000 55000 150026 26.1426
130000 55000 150017 17.2712
120000 55000 150026 25.7739
125000 55000 150026 26.1426
120000 60000 150025 25.426
125000 60000 150026 26.2658
125000 55000 150026 26.1426
130000 55000 150017 17.2712
125000 60000 150026 26.2658
130000 60000 150022 22.3534
130000 50000 150008 7.72853
135000 50000 149978 -21.7445
130000 55000 150017 17.2712
135000 55000 149993 -6.81479
135000 50000 149978 -21.7445
140000 50000 149938 -61.7981
135000 55000 149993 -6.81479
140000 55000 149965 -35.1261
130000 55000 150017 17.2712
135000 55000 149993 -6.81479
130000 60000 150022 22.3534
135000 60000 150009 8.7449
135000 55000 149993 -6.81479
140000 55000 149965 -35.1261
135000 60000 150009 8.7449
140000 60000 149978 -21.7445
140000 50000 149938 -61.7981
145000 50000 149922 -77.7979
140000 55000 149965 -35.1261
145000 55000 149925 -75.1494
145000 50000 149922 -77.7979
150000 50000 149956 -43.9719
145000 55000 149925 -75.1494
150000 55000 149937 -62.734
140000 55000 149965 -35.1261
145000 55000 149925 -75.1494
140000 60000 149978 -21.7445
145000 60000 149945 -54.7999
145000 55000 149925 -75.1494
150000 55000 149937 -62.734
145000 60000 149945 -54.7999
150000 60000 149926 -74.3889
150000 50000 149956 -43.9719
155000 50000 149988 -11.9406
150000 55000 149937 -62.734
155000 55000 149975 -25.2872
155000 50000 149988 -11.9406
160000 50000 149999 -1.2495
155000 55000 149975 -25.2872
160000 55000 149995 -4.66361
150000 55000 149937 -62.734
155000 55000 149975 -25.2872
150000 60000 149926 -74.3889
155000 60000 149952 -48.1498
155000 55000 149975 -25.2872
160000 55000 149995 -4.66361
155000 60000 149952 -48.1498
160000 60000 149978 -21.6157
80000 60000 150013 13.1574
85000 60000 150016 16.1304
80000 65000 150012 11.83
85000 65000 150014 13.9846
85000 60000 150016 16.1304
90000 60000 150018 17.874
85000 65000 150014 13.9846
90000 65000 150019 19.2958
80000 65000 150012 11.83
85000 65000 150014 13.9846
80000 70000 150012 11.9753
85000 70000 150014 13.8213
85000 65000 150014 13.9846
90000 65000 150019 19.2958
85000 70000 150014 13.8213
90000 70000 150017 17.2545
90000 60000 150018 17.874
95000 60000 150021 20.7634
90000 65000 150019 19.2958
95000 65000 150022 21.8604
95000 60000 150021 20.7634
100000 60000 150024 24.2842
95000 65000 150022 21.8604
100000 65000 150023 23.2318
90000 65000 150019 19.2958
95000 65000 150022 21.8604
90000 70000 150017 17.2545
95000 70000 150020 20.3767
95000 65000 150022 21.8604
100000 65000 150023 23.2318
95000 70000 150020 20.3767
100000 70000 150022 22.0582
100000 60000 150024 24.2842
105000 60000 150027 26.8844
100000 65000 150023 23.2318
105000 65000 150028 27.6056
105000 60000 150027 26.8844
110000 60000 150027 27.0764
105000 65000 150028 27.6056
110000 65000 150028 27.7963
100000 65000 150023 23.2318
105000 65000 150028 27.6056
100000 70000 150022 22.0582
105000 70000 150026 25.8266
105000 65000 150028 27.6056
110000 65000 150028 27.7963
105000 70000 150026 25.8266
110000 70000 150027 26.92
110000 60000 150027 27.0764
115000 60000 150028 27.6102
110000 65000 150028 27.7963
115000 65000 150027 26.8048
115000 60000 150028 27.6102
120000 60000 150025 25.426
115000 65000 150027 26.8048
120000 65000 150026 26.333
110000 65000 150028 27.7963
115000 65000 150027 26.8048
110000 70000 150027 26.92
115000 70000 150029 29.3186
115000 65000 150027 26.8048
120000 65000 150026 26.333
115000 70000 150029 29.3186
120000 70000 150028 27.8572
120000 60000 150025 25.426
125000 60000 150026 26.2658
120000 65000 150026 26.333
125000 65000 150026 26.3804
125000 60000 150026 26.2658
130000 60000 150022 22.3534
125000 65000 150026 26.3804
130000 65000 150021 21.3234
120000 65000 150026 26.333
125000 65000 150026 26.3804
120000 70000 150028 27.8572
125000 70000 150025 25.2125
125000 65000 150026 26.3804
130000 65000 150021 21.3234
125000 70000 150025 25.2125
130000 70000 150023 22.872
130000 60000 150022 22.3534
135000 60000 150009 8.7449
130000 65000 150021 21.3234
135000 65000 150009 9.02959
135000 60000 150009 8.7449
140000 60000 149978 -21.7445
135000 65000 150009 9.02959
140000 65000 149993 -7.24137
130000 65000 150021 21.3234
135000 65000 150009 9.02959
130000 70000 150023 22.872
135000 70000 150020 20.1668
135000 65000 150009 9.02959
140000 65000 149993 -7.24137
135000 70000 150020 20.1668
140000 70000 150002 2.39675
140000 60000 149978 -21.7445
145000 60000 149945 -54.7999
140000 65000 149993 -7.24137
145000 65000 149971 -28.7622
145000 60000 149945 -54.7999
150000 60000 149926 -74.3889
145000 65000 149971 -28.7622
150000 65000 149933 -67.4288
140000 65000 149993 -7.24137
145000 65000 149971 -28.7622
140000 70000 150002 2.39675
145000 70000 149978 -21.6447
145000 65000 149971 -28.7622
150000 65000 149933 -67.4288
145000 70000 149978 -21.6447
150000 70000 149954 -45.5468
150000 60000 149926 -74.3889
155000 60000 149952 -48.1498
150000 65000 149933 -67.4288
155000 65000 149928 -71.7405
155000 60000 149952 -48.1498
160000 60000 149978 -21.6157
155000 65000 149928 -71.7405
160000 65000 149968 -32.4468
150000 65000 149933 -67.4288
155000 65000 149928 -71.7405
150000 70000 149954 -45.5468
155000 70000 149924 -76.4954
155000 65000 149928 -71.7405
160000 65000 149968 -32.4468
155000 70000 149924 -76.4954
160000 70000 149941 -58.9471
80000 70000 150012 11.9753
85000 70000 150014 13.8213
80000 75000 150009 9.3308
85000 75000 150012 12.4641
85000 70000 150014 13.8213
90000 70000 150017 17.2545
85000 75000 150012 12.4641
90000 75000 150017 16.6566
80000 75000 150009 9.3308
85000 75000 150012 12.4641
80000 80000 150012 11.9322
85000 80000 150012 11.8466
85000 75000 150012 12.4641
90000 75000 150017 16.6566
85000 80000 150012 11.8466
90000 80000 150014 14.1423
90000 70000 150017 17.2545
95000 70000 150020 20.3767
90000 75000 150017 16.6566
95000 75000 150020 19.6252
95000 70000 150020 20.3767
100000 70000 150022 22.0582
95000 75000 150020 19.6252
100000 75000 150020 20.3812
90000 75000 150017 16.6566
95000 75000 150020 19.6252
90000 80000 150014 14.1423
95000 80000 150017 17.3488
95000 75000 150020 19.6252
100000 75000 150020 20.3812
95000 80000 150017 17.3488
100000 80000 150022 21.7419
100000 70000 150022 22.0582
105000 70000 150026 25.8266
100000 75000 150020 20.3812
105000 75000 150024 23.8684
105000 70000 150026 25.8266
110000 70000 150027 26.92
105000 75000 150024 23.8684
110000 75000 150027 26.8783
100000 75000 150020 20.3812
105000 75000 150024 23.8684
100000 80000 150022 21.7419
105000 80000 150023 23.4551
105000 75000 150024 23.8684
110000 75000 150027 26.8783
105000 80000 150023 23.4551
110000 80000 150026 25.8356
110000 70000 150027 26.92
115000 70000 150029 29.3186
110000 75000 150027 26.8783
115000 75000 150026 25.7391
115000 70000 150029 29.3186
120000 70000 150028 27.8572
115000 75000 150026 25.7391
120000 75000 150027 26.6889
110000 75000 150027 26.8783
115000 75000 150026 25.7391
110000 80000 150026 25.8356
115000 80000 150025 25.4917
115000 75000 150026 25.7391
120000 75000 150027 26.6889
115000 80000 150025 25.4917
120000 80000 150026 26.2728
120000 70000 150028 27.8572
125000 70000 150025 25.2125
120000 75000 150027 26.6889
125000 75000 150025 25.2377
125000 70000 150025 25.2125
130000 70000 150023 22.872
125000 75000 150025 25.2377
130000 75000 150021 21.3588
120000 75000 150027 26.6889
125000 75000 150025 25.2377
120000 80000 150026 26.2728
125000 80000 150025 24.9662
125000 75000 150025 25.2377
130000 75000 150021 21.3588
125000 80000 150025 24.9662
130000 80000 150021 20.7864
130000 70000 150023 22.872
135000 70000 150020 20.1668
130000 75000 150021 21.3588
135000 75000 150019 18.8815
135000 70000 150020 20.1668
140000 70000 150002 2.39675
135000 75000 150019 18.8815
140000 75000 150012 12.1434
130000 75000 150021 21.3588
135000 75000 150019 18.8815
130000 80000 150021 20.7864
135000 80000 150019 18.6459
135000 75000 150019 18.8815
140000 75000 150012 12.1434
135000 80000 150019 18.6459
140000 80000 150017 17.4369
140000 70000 150002 2.39675
145000 70000 149978 -21.6447
140000 75000 150012 12.1434
145000 75000 149993 -7.14421
145000 70000 149978 -21.6447
150000 70000 149954 -45.5468
145000 75000 149993 -7.14421
150000 75000 149976 -23.7876
140000 75000 150012 12.1434
145000 75000 149993 -7.14421
140000 80000 150017 17.4369
145000 80000 150009 9.40781
145000 75000 149993 -7.14421
150000 75000 149976 -23.7876
145000 80000 150009 9.40781
150000 80000 149985 -15.2278
150000 70000 149954 -45.5468
155000 70000 149924 -76.4954
150000 75000 149976 -23.7876
155000 75000 149934 -65.5482
155000 70000 149924 -76.4954
160000 70000 149941 -58.9471
155000 75000 149934 -65.5482
160000 75000 149919 -80.6368
150000 75000 149976 -23.7876
155000 75000 149934 -65.5482
150000 80000 149985 -15.2278
155000 80000 149957 -43.0555
155000 75000 149934 -65.5482
160000 75000 149919 -80.6368
155000 80000 149957 -43.0555
160000 80000 149919 -81.3355
0 80000 149996 -4.03648
5000 80000 149996 -4.33946
0 85000 149995 -5.37721
5000 85000 149995 -5.44093
5000 80000 149996 -4.33946
10000 80000 149995 -5.16646
5000 85000 149995 -5.44093
10000 85000 149996 -4.11384
0 85000 149995 -5.37721
5000 85000 149995 -5.44093
0 90000 149994 -5.60717
5000 90000 149995 -4.60646
5000 85000 149995 -5.44093
10000 85000 149996 -4.11384
5000 90000 149995 -4.60646
10000 90000 149996 -4.04389
10000 80000 149995 -5.16646
15000 80000 149995 -4.93249
10000 85000 149996 -4.11384
15000 85000 149996 -3.56299
15000 80000 149995 -4.93249
20000 80000 149996 -4.33741
15000 85000 149996 -3.56299
20000 85000 149997 -3.43548
10000 85000 149996 -4.11384
15000 85000 149996 -3.56299
10000 90000 149996 -4.04389
15000 90000 149996 -4.41974
15000 85000 149996 -3.56299
20000 85000 149997 -3.43548
15000 90000 149996 -4.41974
20000 90000 149995 -4.52949
20000 80000 149996 -4.33741
25000 80000 149995 -4.86511
20000 85000 149997 -3.43548
25000 85000 149996 -3.77635
25000 80000 149995 -4.86511
30000 80000 149997 -3.44263
25000 85000 149996 -3.77635
30000 85000 149996 -4.49458
20000 85000 149997 -3.43548
25000 85000 149996 -3.77635
20000 90000 149995 -4.52949
25000 90000 149996 -4.17023
25000 85000 149996 -3.77635
30000 85000 149996 -4.49458
25000 90000 149996 -4.17023
30000 90000 149997 -3.49888
30000 80000 149997 -3.44263
35000 80000 149996 -3.99553
30000 85000 149996 -4.49458
35000 85000 149996 -3.78456
35000 80000 149996 -3.99553
40000 80000 149998 -2.28093
35000 85000 149996 -3.78456
40000 85000 149997 -3.26919
30000 85000 149996 -4.49458
35000 85000 149996 -3.78456
30000 90000 149997 -3.49888
35000 90000 149997 -3.40347
35000 85000 149996 -3.78456
40000 85000 149997 -3.26919
35000 90000 149997 -3.40347
40000 90000 149998 -2.48091
40000 80000 149998 -2.28093
45000 80000 149998 -2.0939
40000 85000 149997 -3.26919
45000 85000 149997 -2.83205
45000 80000 149998 -2.0939
50000 80000 149998 -2.22575
45000 85000 149997 -2.83205
50000 85000 149997 -3.06147
40000 85000 149997 -3.26919
45000 85000 149997 -2.83205
40000 90000 149998 -2.48091
45000 90000 149998 -1.89326
45000 85000 149997 -2.83205
50000 85000 149997 -3.06147
45000 90000 149998 -1.89326
50000 90000 149999 -1.0298
50000 80000 149998 -2.22575
55000 80000 150000 0.141421
50000 85000 149997 -3.06147
55000 85000 149998 -2.44431
55000 80000 150000 0.141421
60000 80000 150000 0.312435
55000 85000 149998 -2.44431
60000 85000 149999 -1.23384
50000 85000 149997 -3.06147
55000 85000 149998 -2.44431
50000 90000 149999 -1.0298
55000 90000 149999 -0.780476
55000 85000 149998 -2.44431
60000 85000 149999 -1.23384
55000 90000 149999 -0.780476
60000 90000 150001 0.834029
60000 80000 150000 0.312435
65000 80000 150000 0.0800587
60000 85000 149999 -1.23384
65000 85000 150002 2.30689
65000 80000 150000 0.0800587
70000 80000 150003 2.86918
65000 85000 150002 2.30689
70000 85000 150003 3.13646
60000 85000 149999 -1.23384
65000 85000 150002 2.30689
60000 90000 150001 0.834029
65000 90000 150000 0.159586
65000 85000 150002 2.30689
70000 85000 150003 3.13646
65000 90000 150000 0.159586
70000 90000 150004 3.82492
70000 80000 150003 2.86918
75000 80000 150005 5.33724
70000 85000 150003 3.13646
75000 85000 150006 6.00376
75000 80000 150005 5.33724
80000 80000 150012 11.9322
75000 85000 150006 6.00376
80000 85000 150008 8.20765
70000 85000 150003 3.13646
75000 85000 150006 6.00376
70000 90000 150004 3.82492
75000 90000 150004 4.35946
75000 85000 150006 6.00376
80000 85000 150008 8.20765
75000 90000 150004 4.35946
80000 90000 150010 9.62939
80000 80000 150012 11.9322
85000 80000 150012 11.8466
80000 85000 150008 8.20765
85000 85000 150013 13.0153
85000 80000 150012 11.8466
90000 80000 150014 14.1423
85000 85000 150013 13.0153
90000 85000 150013 12.9297
80000 85000 150008 8.20765
85000 85000 150013 13.0153
80000 90000 150010 9.62939
85000 90000 150013 12.6066
85000 85000 150013 13.0153
90000 85000 150013 12.9297
85000 90000 150013 12.6066
90000 90000 150014 13.5081
90000 80000 150014 14.1423
95000 80000 150017 17.3488
90000 85000 150013 12.9297
95000 85000 150017 16.5109
95000 80000 150017 17.3488
100000 80000 150022 21.7419
95000 85000 150017 16.5109
100000 85000 150018 17.7612
90000 85000 150013 12.9297
95000 85000 150017 16.5109
90000 90000 150014 13.5081
95000 90000 150015 15.0199
95000 85000 150017 16.5109
100000 85000 150018 17.7612
95000 90000 150015 15.0199
100000 90000 150019 18.8788
100000 80000 150022 21.7419
105000 80000 150023 23.4551
100000 85000 150018 17.7612
105000 85000 150022 21.6282
105000 80000 150023 23.4551
110000 80000 150026 25.8356
105000 85000 150022 21.6282
110000 85000 150023 22.844
100000 85000 150018 17.7612
105000 85000 150022 21.6282
100000 90000 150019 18.8788
105000 90000 150020 20.2207
105000 85000 150022 21.6282
110000 85000 150023 22.844
105000 90000 150020 20.2207
110000 90000 150022 21.8171
0 90000 149994 -5.60717
5000 90000 149995 -4.60646
0 95000 149995 -5.28966
5000 95000 149995 -5.40699
5000 90000 149995 -4.60646
10000 90000 149996 -4.04389
5000 95000 149995 -5.40699
10000 95000 149995 -5.34579
0 95000 149995 -5.28966
5000 95000 149995 -5.40699
0 100000 149995 -5.23176
5000 100000 149995 -5.44526
5000 95000 149995 -5.40699
10000 95000 149995 -5.34579
5000 100000 149995 -5.44526
10000 100000 149995 -5.20013
10000 90000 149996 -4.04389
15000 90000 149996 -4.41974
10000 95000 149995 -5.34579
15000 95000 149995 -5.14384
15000 90000 149996 -4.41974
20000 90000 149995 -4.52949
15000 95000 149995 -5.14384
20000 95000 149996 -4.01416
10000 95000 149995 -5.34579
15000 95000 149995 -5.14384
10000 100000 149995 -5.20013
15000 100000 149996 -4.45336
15000 95000 149995 -5.14384
20000 95000 149996 -4.01416
15000 100000 149996 -4.45336
20000 100000 149996 -4.32602
20000 90000 149995 -4.52949
25000 90000 149996 -4.17023
20000 95000 149996 -4.01416
25000 95000 149995 -4.57214
25000 90000 149996 -4.17023
30000 90000 149997 -3.49888
25000 95000 149995 -4.57214
30000 95000 149996 -4.22462
20000 95000 149996 -4.01416
25000 95000 149995 -4.57214
20000 100000 149996 -4.32602
25000 100000 149996 -4.31998
25000 95000 149995 -4.57214
30000 95000 149996 -4.22462
25000 100000 149996 -4.31998
30000 100000 149996 -3.79717
30000 90000 149997 -3.49888
35000 90000 149997 -3.40347
30000 95000 149996 -4.22462
35000 95000 149996 -3.78922
35000 90000 149997 -3.40347
40000 90000 149998 -2.48091
35000 95000 149996 -3.78922
40000 95000 149997 -2.6321
30000 95000 149996 -4.22462
35000 95000 149996 -3.78922
30000 100000 149996 -3.79717
35000 100000 149996 -3.75363
35000 95000 149996 -3.78922
40000 95000 149997 -2.6321
35000 100000 149996 -3.75363
40000 100000 149996 -4.177
40000 90000 149998 -2.48091
45000 90000 149998 -1.89326
40000 95000 149997 -2.6321
45000 95000 149996 -3.62438
45000 90000 149998 -1.89326
50000 90000 149999 -1.0298
45000 95000 149996 -3.62438
50000 95000 149997 -3.0164
40000 95000 149997 -2.6321
45000 95000 149996 -3.62438
40000 100000 149996 -4.177
45000 100000 149997 -3.05252
45000 95000 149996 -3.62438
50000 95000 149997 -3.0164
45000 100000 149997 -3.05252
50000 100000 149998 -2.13647
50000 90000 149999 -1.0298
55000 90000 149999 -0.780476
50000 95000 149997 -3.0164
55000 95000 149998 -1.77635
55000 90000 149999 -0.780476
60000 90000 150001 0.834029
55000 95000 149998 -1.77635
60000 95000 150001 1.23681
50000 95000 149997 -3.0164
55000 95000 149998 -1.77635
50000 100000 149998 -2.13647
55000 100000 149999 -1.12305
55000 95000 149998 -1.77635
60000 95000 150001 1.23681
55000 100000 149999 -1.12305
60000 100000 150000 0.205763
60000 90000 150001 0.834029
65000 90000 150000 0.159586
60000 95000 150001 1.23681
65000 95000 150001 1.39845
65000 90000 150000 0.159586
70000 90000 150004 3.82492
65000 95000 150001 1.39845
70000 95000 150004 4.37291
60000 95000 150001 1.23681
65000 95000 150001 1.39845
60000 100000 150000 0.205763
65000 100000 149999 -0.85877
65000 95000 150001 1.39845
70000 95000 150004 4.37291
65000 100000 149999 -0.85877
70000 100000 150001 0.729249
70000 90000 150004 3.82492
75000 90000 150004 4.35946
70000 95000 150004 4.37291
75000 95000 150006 5.7716
75000 90000 150004 4.35946
80000 90000 150010 9.62939
75000 95000 150006 5.7716
80000 95000 150009 8.96434
70000 95000 150004 4.37291
75000 95000 150006 5.7716
70000 100000 150001 0.729249
75000 100000 150005 5.32096
75000 95000 150006 5.7716
80000 95000 150009 8.96434
75000 100000 150005 5.32096
80000 100000 150005 5.35468
80000 90000 150010 9.62939
85000 90000 150013 12.6066
80000 95000 150009 8.96434
85000 95000 150012 11.8642
85000 90000 150013 12.6066
90000 90000 150014 13.5081
85000 95000 150012 11.8642
90000 95000 150014 14.075
80000 95000 150009 8.96434
85000 95000 150012 11.8642
80000 100000 150005 5.35468
85000 100000 150010 9.7065
85000 95000 150012 11.8642
90000 95000 150014 14.075
85000 100000 150010 9.7065
90000 100000 150010 10.3409
90000 90000 150014 13.5081
95000 90000 150015 15.0199
90000 95000 150014 14.075
95000 95000 150017 16.72
95000 90000 150015 15.0199
100000 90000 150019 18.8788
95000 95000 150017 16.72
100000 95000 150017 17.033
90000 95000 150014 14.075
95000 95000 150017 16.72
90000 100000 150010 10.3409
95000 100000 150013 13.2512
95000 95000 150017 16.72
100000 95000 150017 17.033
95000 100000 150013 13.2512
100000 100000 150018 17.6489
0 100000 149995 -5.23176
5000 100000 149995 -5.44526
0 105000 149995 -5.31553
5000 105000 149994 -5.64169
5000 100000 149995 -5.44526
10000 100000 149995 -5.20013
5000 105000 149994 -5.64169
10000 105000 149995 -4.73277
0 105000 149995 -5.31553
5000 105000 149994 -5.64169
0 110000 149994 -5.80919
5000 110000 149995 -5.3342
5000 105000 149994 -5.64169
10000 105000 149995 -4.73277
5000 110000 149995 -5.3342
10000 110000 149994 -5.55719
10000 100000 149995 -5.20013
15000 100000 149996 -4.45336
10000 105000 149995 -4.73277
15000 105000 149995 -5.34731
15000 100000 149996 -4.45336
20000 100000 149996 -4.32602
15000 105000 149995 -5.34731
20000 105000 149996 -4.29258
10000 105000 149995 -4.73277
15000 105000 149995 -5.34731
10000 110000 149994 -5.55719
15000 110000 149994 -5.54389
15000 105000 149995 -5.34731
20000 105000 149996 -4.29258
15000 110000 149994 -5.54389
20000 110000 149995 -5.32019
20000 100000 149996 -4.32602
25000 100000 149996 -4.31998
20000 105000 149996 -4.29258
25000 105000 149995 -4.82647
25000 100000 149996 -4.31998
30000 100000 149996 -3.79717
25000 105000 149995 -4.82647
30000 105000 149995 -4.56751
20000 105000 149996 -4.29258
25000 105000 149995 -4.82647
20000 110000 149995 -5.32019
25000 110000 149995 -4.86034
25000 105000 149995 -4.82647
30000 105000 149995 -4.56751
25000 110000 149995 -4.86034
30000 110000 149996 -3.55905
30000 100000 149996 -3.79717
35000 100000 149996 -3.75363
30000 105000 149995 -4.56751
35000 105000 149996 -4.32567
35000 100000 149996 -3.75363
40000 100000 149996 -4.177
35000 105000 149996 -4.32567
40000 105000 149997 -2.99285
30000 105000 149995 -4.56751
35000 105000 149996 -4.32567
30000 110000 149996 -3.55905
35000 110000 149996 -3.99866
35000 105000 149996 -4.32567
40000 105000 149997 -2.99285
35000 110000 149996 -3.99866
40000 110000 149997 -2.71244
40000 100000 149996 -4.177
45000 100000 149997 -3.05252
40000 105000 149997 -2.99285
45000 105000 149996 -3.74214
45000 100000 149997 -3.05252
50000 100000 149998 -2.13647
45000 105000 149996 -3.74214
50000 105000 149998 -2.3785
40000 105000 149997 -2.99285
45000 105000 149996 -3.74214
40000 110000 149997 -2.71244
45000 110000 149997 -3.42622
45000 105000 149996 -3.74214
50000 105000 149998 -2.3785
45000 110000 149997 -3.42622
50000 110000 149997 -2.55617
50000 100000 149998 -2.13647
55000 100000 149999 -1.12305
50000 105000 149998 -2.3785
55000 105000 149998 -2.18001
55000 100000 149999 -1.12305
60000 100000 150000 0.205763
55000 105000 149998 -2.18001
60000 105000 150000 -0.0440586
50000 105000 149998 -2.3785
55000 105000 149998 -2.18001
50000 110000 149997 -2.55617
55000 110000 149999 -1.0328
55000 105000 149998 -2.18001
60000 105000 150000 -0.0440586
55000 110000 149999 -1.0328
60000 110000 150001 0.719222
60000 100000 150000 0.205763
65000 100000 149999 -0.85877
60000 105000 150000 -0.0440586
65000 105000 150001 0.937786
65000 100000 149999 -0.85877
70000 100000 150001 0.729249
65000 105000 150001 0.937786
70000 105000 150004 3.82161
60000 105000 150000 -0.0440586
65000 105000 150001 0.937786
60000 110000 150001 0.719222
65000 110000 150000 0.442556
65000 105000 150001 0.937786
70000 105000 150004 3.82161
65000 110000 150000 0.442556
70000 110000 150004 3.86073
70000 100000 150001 0.729249
75000 100000 150005 5.32096
70000 105000 150004 3.82161
75000 105000 150006 5.6058
75000 100000 150005 5.32096
80000 100000 150005 5.35468
75000 105000 150006 5.6058
80000 105000 150010 9.57797
70000 105000 150004 3.82161
75000 105000 150006 5.6058
70000 110000 150004 3.86073
75000 110000 150006 6.22163
75000 105000 150006 5.6058
80000 105000 150010 9.57797
75000 110000 150006 6.22163
80000 110000 150008 8.15569
0 110000 149994 -5.80919
5000 110000 149995 -5.3342
0 115000 149996 -4.19338
5000 115000 149995 -5.27539
5000 110000 149995 -5.3342
10000 110000 149994 -5.55719
5000 115000 149995 -5.27539
10000 115000 149995 -5.36672
0 115000 149996 -4.19338
5000 115000 149995 -5.27539
0 120000 149995 -4.99325
5000 120000 149995 -5.46481
5000 115000 149995 -5.27539
10000 115000 149995 -5.36672
5000 120000 149995 -5.46481
10000 120000 149994 -6.04974
10000 110000 149994 -5.55719
15000 110000 149994 -5.54389
10000 115000 149995 -5.36672
15000 115000 149996 -4.02785
15000 110000 149994 -5.54389
20000 110000 149995 -5.32019
15000 115000 149996 -4.02785
20000 115000 149995 -4.86128
10000 115000 149995 -5.36672
15000 115000 149996 -4.02785
10000 120000 149994 -6.04974
15000 120000 149995 -5.4955
15000 115000 149996 -4.02785
20000 115000 149995 -4.86128
15000 120000 149995 -5.4955
20000 120000 149996 -4.43519
20000 110000 149995 -5.32019
25000 110000 149995 -4.86034
20000 115000 149995 -4.86128
25000 115000 149996 -4.43232
25000 110000 149995 -4.86034
30000 110000 149996 -3.55905
25000 115000 149996 -4.43232
30000 115000 149996 -4.24788
20000 115000 149995 -4.86128
25000 115000 149996 -4.43232
20000 120000 149996 -4.43519
25000 120000 149996 -3.65385
25000 115000 149996 -4.43232
30000 115000 149996 -4.24788
25000 120000 149996 -3.65385
30000 120000 149996 -3.64649
30000 110000 149996 -3.55905
35000 110000 149996 -3.99866
30000 115000 149996 -4.24788
35000 115000 149996 -3.51183
35000 110000 149996 -3.99866
40000 110000 149997 -2.71244
35000 115000 149996 -3.51183
40000 115000 149997 -2.80769
30000 115000 149996 -4.24788
35000 115000 149996 -3.51183
30000 120000 149996 -3.64649
35000 120000 149998 -2.46739
35000 115000 149996 -3.51183
40000 115000 149997 -2.80769
35000 120000 149998 -2.46739
40000 120000 149996 -3.6699
40000 110000 149997 -2.71244
45000 110000 149997 -3.42622
40000 115000 149997 -2.80769
45000 115000 149997 -2.63612
45000 110000 149997 -3.42622
50000 110000 149997 -2.55617
45000 115000 149997 -2.63612
50000 115000 149997 -3.26556
40000 115000 149997 -2.80769
45000 115000 149997 -2.63612
40000 120000 149996 -3.6699
45000 120000 149996 -3.58427
45000 115000 149997 -2.63612
50000 115000 149997 -3.26556
45000 120000 149996 -3.58427
50000 120000 149997 -3.0908
50000 110000 149997 -2.55617
55000 110000 149999 -1.0328
50000 115000 149997 -3.26556
55000 115000 149997 -2.63235
55000 110000 149999 -1.0328
60000 110000 150001 0.719222
55000 115000 149997 -2.63235
60000 115000 150000 -0.333501
50000 115000 149997 -3.26556
55000 115000 149997 -2.63235
50000 120000 149997 -3.0908
55000 120000 149998 -1.77519
55000 115000 149997 -2.63235
60000 115000 150000 -0.333501
55000 120000 149998 -1.77519
60000 120000 150000 0.0929876
60000 110000 150001 0.719222
65000 110000 150000 0.442556
60000 115000 150000 -0.333501
65000 115000 150002 1.94322
65000 110000 150000 0.442556
70000 110000 150004 3.86073
65000 115000 150002 1.94322
70000 115000 150004 4.39337
60000 115000 150000 -0.333501
65000 115000 150002 1.94322
60000 120000 150000 0.0929876
65000 120000 150002 2.04505
65000 115000 150002 1.94322
70000 115000 150004 4.39337
65000 120000 150002 2.04505
70000 120000 150005 4.76096
70000 110000 150004 3.86073
75000 110000 150006 6.22163
70000 115000 150004 4.39337
75000 115000 150005 5.26299
75000 110000 150006 6.22163
80000 110000 150008 8.15569
75000 115000 150005 5.26299
80000 115000 150007 6.6731
70000 115000 150004 4.39337
75000 115000 150005 5.26299
70000 120000 150005 4.76096
75000 120000 150007 6.90678
75000 115000 150005 5.26299
80000 115000 150007 6.6731
75000 120000 150007 6.90678
80000 120000 150008 7.50441
160000 0 150011 11.3962
165000 0 150015 14.9635
160000 5000 150013 13.1445
165000 5000 150015 15.0121
165000 0 150015 14.9635
170000 0 150019 18.924
165000 5000 150015 15.0121
170000 5000 150019 19.1612
160000 5000 150013 13.1445
165000 5000 150015 15.0121
160000 10000 150014 14.1474
165000 10000 150017 16.6395
165000 5000 150015 15.0121
170000 5000 150019 19.1612
165000 10000 150017 16.6395
170000 10000 150020 19.6951
170000 0 150019 18.924
175000 0 150018 17.8227
170000 5000 150019 19.1612
175000 5000 150018 18.142
175000 0 150018 17.8227
180000 0 150018 17.8299
175000 5000 150018 18.142
180000 5000 150019 18.8357
170000 5000 150019 19.1612
175000 5000 150018 18.142
170000 10000 150020 19.6951
175000 10000 150020 20.4606
175000 5000 150018 18.142
180000 5000 150019 18.8357
175000 10000 150020 20.4606
180000 10000 150017 17.2949
180000 0 150018 17.8299
185000 0 150016 15.9105
180000 5000 150019 18.8357
185000 5000 150017 16.6446
185000 0 150016 15.9105
190000 0 150015 14.5023
185000 5000 150017 16.6446
190000 5000 150013 13.0541
180000 5000 150019 18.8357
185000 5000 150017 16.6446
180000 10000 150017 17.2949
185000 10000 150017 17.3667
185000 5000 150017 16.6446
190000 5000 150013 13.0541
185000 10000 150017 17.3667
190000 10000 150016 15.5536
190000 0 150015 14.5023
195000 0 150013 13.4993
190000 5000 150013 13.0541
195000 5000 150012 12.1802
195000 0 150013 13.4993
200000 0 150012 12.4038
195000 5000 150012 12.1802
200000 5000 150010 9.9067
190000 5000 150013 13.0541
195000 5000 150012 12.1802
190000 10000 150016 15.5536
195000 10000 150011 11.1055
195000 5000 150012 12.1802
200000 5000 150010 9.9067
195000 10000 150011 11.1055
200000 10000 150011 10.859
200000 0 150012 12.4038
205000 0 150008 7.75906
200000 5000 150010 9.9067
205000 5000 150007 6.91676
205000 0 150008 7.75906
210000 0 150005 5.37111
205000 5000 150007 6.91676
210000 5000 150004 4.42566
200000 5000 150010 9.9067
205000 5000 150007 6.91676
200000 10000 150011 10.859
205000 10000 150007 6.858
205000 5000 150007 6.91676
210000 5000 150004 4.42566
205000 10000 150007 6.858
210000 10000 150003 3.21062
210000 0 150005 5.37111
215000 0 150003 2.80644
210000 5000 150004 4.42566
215000 5000 150001 1.38917
215000 0 150003 2.80644
220000 0 150000 0.0800825
215000 5000 150001 1.38917
220000 5000 149999 -0.855523
210000 5000 150004 4.42566
215000 5000 150001 1.38917
210000 10000 150003 3.21062
215000 10000 150001 1.49603
215000 5000 150001 1.38917
220000 5000 149999 -0.855523
215000 10000 150001 1.49603
220000 10000 149997 -3.35777
220000 0 150000 0.0800825
225000 0 149996 -3.68628
220000 5000 149999 -0.855523
225000 5000 149993 -6.5476
225000 0 149996 -3.68628
230000 0 149995 -5.18634
225000 5000 149993 -6.5476
230000 5000 149991 -8.65109
220000 5000 149999 -0.855523
225000 5000 149993 -6.5476
220000 10000 149997 -3.35777
225000 10000 149997 -3.13249
225000 5000 149993 -6.5476
230000 5000 149991 -8.65109
225000 10000 149997 -3.13249
230000 10000 149995 -5.02777
230000 0 149995 -5.18634
235000 0 149993 -6.92691
230000 5000 149991 -8.65109
235000 5000 149992 -7.52885
235000 0 149993 -6.92691
240000 0 149992 -8.14363
235000 5000 149992 -7.52885
240000 5000 149991 -8.7862
230000 5000 149991 -8.65109
235000 5000 149992 -7.52885
230000 10000 149995 -5.02777
235000 10000 149993 -6.66921
235000 5000 149992 -7.52885
240000 5000 149991 -8.7862
235000 10000 149993 -6.66921
240000 10000 149988 -11.8764
160000 10000 150014 14.1474
165000 10000 150017 16.6395
160000 15000 150014 14.4957
165000 15000 150017 17.2198
165000 10000 150017 16.6395
170000 10000 150020 19.6951
165000 15000 150017 17.2198
170000 15000 150020 20.2296
160000 15000 150014 14.4957
165000 15000 150017 17.2198
160000 20000 150014 13.5409
165000 20000 150015 14.9816
165000 15000 150017 17.2198
170000 15000 150020 20.2296
165000 20000 150015 14.9816
170000 20000 150018 18.1718
170000 10000 150020 19.6951
175000 10000 150020 20.4606
170000 15000 150020 20.2296
175000 15000 150020 20.0278
175000 10000 150020 20.4606
180000 10000 150017 17.2949
175000 15000 150020 20.0278
180000 15000 150020 20.0893
170000 15000 150020 20.2296
175000 15000 150020 20.0278
170000 20000 150018 18.1718
175000 20000 150020 19.7464
175000 15000 150020 20.0278
180000 15000 150020 20.0893
175000 20000 150020 19.7464
180000 20000 150020 19.8665
180000 10000 150017 17.2949
185000 10000 150017 17.3667
180000 15000 150020 20.0893
185000 15000 150019 18.7255
185000 10000 150017 17.3667
190000 10000 150016 15.5536
185000 15000 150019 18.7255
190000 15000 150015 15.276
180000 15000 150020 20.0893
185000 15000 150019 18.7255
180000 20000 150020 19.8665
185000 20000 150020 20.3332
185000 15000 150019 18.7255
190000 15000 150015 15.276
185000 20000 150020 20.3332
190000 20000 150018 18.4891
190000 10000 150016 15.5536
195000 10000 150011 11.1055
190000 15000 150015 15.276
195000 15000 150014 14.3969
195000 10000 150011 11.1055
200000 10000 150011 10.859
195000 15000 150014 14.3969
200000 15000 150010 10.1421
190000 15000 150015 15.276
195000 15000 150014 14.3969
190000 20000 150018 18.4891
195000 20000 150015 14.6603
195000 15000 150014 14.3969
200000 15000 150010 10.1421
195000 20000 150015 14.6603
200000 20000 150009 9.02503
200000 10000 150011 10.859
205000 10000 150007 6.858
200000 15000 150010 10.1421
205000 15000 150007 7.19827
205000 10000 150007 6.858
210000 10000 150003 3.21062
205000 15000 150007 7.19827
210000 15000 150005 4.5345
200000 15000 150010 10.1421
205000 15000 150007 7.19827
200000 20000 150009 9.02503
205000 20000 150007 7.0062
205000 15000 150007 7.19827
210000 15000 150005 4.5345
205000 20000 150007 7.0062
210000 20000 150005 5.37539
210000 10000 150003 3.21062
215000 10000 150001 1.49603
210000 15000 150005 4.5345
215000 15000 150000 -0.0526917
215000 10000 150001 1.49603
220000 10000 149997 -3.35777
215000 15000 150000 -0.0526917
220000 15000 149999 -0.753589
210000 15000 150005 4.5345
215000 15000 150000 -0.0526917
210000 20000 150005 5.37539
215000 20000 150003 2.95933
215000 15000 150000 -0.0526917
220000 15000 149999 -0.753589
215000 20000 150003 2.95933
220000 20000 150001 0.703099
220000 10000 149997 -3.35777
225000 10000 149997 -3.13249
220000 15000 149999 -0.753589
225000 15000 149997 -2.83277
225000 10000 149997 -3.13249
230000 10000 149995 -5.02777
225000 15000 149997 -2.83277
230000 15000 149995 -5.2177
220000 15000 149999 -0.753589
225000 15000 149997 -2.83277
220000 20000 150001 0.703099
225000 20000 149997 -2.59977
225000 15000 149997 -2.83277
230000 15000 149995 -5.2177
225000 20000 149997 -2.59977
230000 20000 149993 -6.91493
230000 10000 149995 -5.02777
235000 10000 149993 -6.66921
230000 15000 149995 -5.2177
235000 15000 149992 -7.96549
235000 10000 149993 -6.66921
240000 10000 149988 -11.8764
235000 15000 149992 -7.96549
240000 15000 149989 -10.6558
230000 15000 149995 -5.2177
235000 15000 149992 -7.96549
230000 20000 149993 -6.91493
235000 20000 149991 -8.51559
235000 15000 149992 -7.96549
240000 15000 149989 -10.6558
235000 20000 149991 -8.51559
240000 20000 149990 -9.63795
160000 20000 150014 13.5409
165000 20000 150015 14.9816
160000 25000 150011 10.8825
165000 25000 150014 13.6712
165000 20000 150015 14.9816
170000 20000 150018 18.1718
165000 25000 150014 13.6712
170000 25000 150017 17.2655
160000 25000 150011 10.8825
165000 25000 150014 13.6712
160000 30000 150014 13.779
165000 30000 150018 17.7644
165000 25000 150014 13.6712
170000 25000 150017 17.2655
165000 30000 150018 17.7644
170000 30000 150020 19.6363
170000 20000 150018 18.1718
175000 20000 150020 19.7464
170000 25000 150017 17.2655
175000 25000 150021 20.8262
175000 20000 150020 19.7464
180000 20000 150020 19.8665
175000 25000 150021 20.8262
180000 25000 150020 19.969
170000 25000 150017 17.2655
175000 25000 150021 20.8262
170000 30000 150020 19.6363
175000 30000 150020 20.3172
175000 25000 150021 20.8262
180000 25000 150020 19.969
175000 30000 150020 20.3172
180000 30000 150021 20.502
180000 20000 150020 19.8665
185000 20000 150020 20.3332
180000 25000 150020 19.969
185000 25000 150021 20.7779
185000 20000 150020 20.3332
190000 20000 150018 18.4891
185000 25000 150021 20.7779
190000 25000 150018 17.6992
180000 25000 150020 19.969
185000 25000 150021 20.7779
180000 30000 150021 20.502
185000 30000 150022 22.3664
185000 25000 150021 20.7779
190000 25000 150018 17.6992
185000 30000 150022 22.3664
190000 30000 150019 19.3285
190000 20000 150018 18.4891
195000 20000 150015 14.6603
190000 25000 150018 17.6992
195000 25000 150013 13.2463
195000 20000 150015 14.6603
200000 20000 150009 9.02503
195000 25000 150013 13.2463
200000 25000 150011 11.2119
190000 25000 150018 17.6992
195000 25000 150013 13.2463
190000 30000 150019 19.3285
195000 30000 150015 14.9958
195000 25000 150013 13.2463
200000 25000 150011 11.2119
195000 30000 150015 14.9958
200000 30000 150012 12.4662
200000 20000 150009 9.02503
205000 20000 150007 7.0062
200000 25000 150011 11.2119
205000 25000 150009 9.04455
205000 20000 150007 7.0062
210000 20000 150005 5.37539
205000 25000 150009 9.04455
210000 25000 150006 6.21322
200000 25000 150011 11.2119
205000 25000 150009 9.04455
200000 30000 150012 12.4662
205000 30000 150008 7.98925
205000 25000 150009 9.04455
210000 25000 150006 6.21322
205000 30000 150008 7.98925
210000 30000 150004 4.1697
210000 20000 150005 5.37539
215000 20000 150003 2.95933
210000 25000 150006 6.21322
215000 25000 150003 2.90579
215000 20000 150003 2.95933
220000 20000 150001 0.703099
215000 25000 150003 2.90579
220000 25000 150001 1.03739
210000 25000 150006 6.21322
215000 25000 150003 2.90579
210000 30000 150004 4.1697
215000 30000 150003 2.83995
215000 25000 150003 2.90579
220000 25000 150001 1.03739
215000 30000 150003 2.83995
220000 30000 149999 -0.691631
220000 20000 150001 0.703099
225000 20000 149997 -2.59977
220000 25000 150001 1.03739
225000 25000 149996 -3.94933
225000 20000 149997 -2.59977
230000 20000 149993 -6.91493
225000 25000 149996 -3.94933
230000 25000 149993 -6.56851
220000 25000 150001 1.03739
225000 25000 149996 -3.94933
220000 30000 149999 -0.691631
225000 30000 149999 -1.49022
225000 25000 149996 -3.94933
230000 25000 149993 -6.56851
225000 30000 149999 -1.49022
230000 30000 149993 -7.03674
230000 20000 149993 -6.91493
235000 20000 149991 -8.51559
230000 25000 149993 -6.56851
235000 25000 149993 -6.8801
235000 20000 149991 -8.51559
240000 20000 149990 -9.63795
235000 25000 149993 -6.8801
240000 25000 149991 -9.10358
230000 25000 149993 -6.56851
235000 25000 149993 -6.8801
230000 30000 149993 -7.03674
235000 30000 149992 -7.62605
235000 25000 149993 -6.8801
240000 25000 149991 -9.10358
235000 30000 149992 -7.62605
240000 30000 149991 -9.47824
160000 30000 150014 13.779
165000 30000 150018 17.7644
160000 35000 150016 16.2218
165000 35000 150017 17.1583
165000 30000 150018 17.7644
170000 30000 150020 19.6363
165000 35000 150017 17.1583
170000 35000 150020 20.4623
160000 35000 150016 16.2218
165000 35000 150017 17.1583
160000 40000 150007 7.38487
165000 40000 150015 14.649
165000 35000 150017 17.1583
170000 35000 150020 20.4623
165000 40000 150015 14.649
170000 40000 150020 19.9571
170000 30000 150020 19.6363
175000 30000 150020 20.3172
170000 35000 150020 20.4623
175000 35000 150023 22.6121
175000 30000 150020 20.3172
180000 30000 150021 20.502
175000 35000 150023 22.6121
180000 35000 150021 21.3129
170000 35000 150020 20.4623
175000 35000 150023 22.6121
170000 40000 150020 19.9571
175000 40000 150020 20.3604
175000 35000 150023 22.6121
180000 35000 150021 21.3129
175000 40000 150020 20.3604
180000 40000 150022 21.6935
180000 30000 150021 20.502
185000 30000 150022 22.3664
180000 35000 150021 21.3129
185000 35000 150021 21.2711
185000 30000 150022 22.3664
190000 30000 150019 19.3285
185000 35000 150021 21.2711
190000 35000 150020 20.2085
180000 35000 150021 21.3129
185000 35000 150021 21.2711
180000 40000 150022 21.6935
185000 40000 150022 21.5696
185000 35000 150021 21.2711
190000 35000 150020 20.2085
185000 40000 150022 21.5696
190000 40000 150021 21.2007
190000 30000 150019 19.3285
195000 30000 150015 14.9958
190000 35000 150020 20.2085
195000 35000 150017 16.8558
195000 30000 150015 14.9958
200000 30000 150012 12.4662
195000 35000 150017 16.8558
200000 35000 150013 12.7745
190000 35000 150020 20.2085
195000 35000 150017 16.8558
190000 40000 150021 21.2007
195000 40000 150017 16.8035
195000 35000 150017 16.8558
200000 35000 150013 12.7745
195000 40000 150017 16.8035
200000 40000 150016 15.9851
200000 30000 150012 12.4662
205000 30000 150008 7.98925
200000 35000 150013 12.7745
205000 35000 150012 11.7273
205000 30000 150008 7.98925
210000 30000 150004 4.1697
205000 35000 150012 11.7273
210000 35000 150005 4.69803
200000 35000 150013 12.7745
205000 35000 150012 11.7273
200000 40000 150016 15.9851
205000 40000 150012 11.537
205000 35000 150012 11.7273
210000 35000 150005 4.69803
205000 40000 150012 11.537
210000 40000 150007 7.45823
210000 30000 150004 4.1697
215000 30000 150003 2.83995
210000 35000 150005 4.69803
215000 35000 150002 2.22337
215000 30000 150003 2.83995
220000 30000 149999 -0.691631
215000 35000 150002 2.22337
220000 35000 150001 0.971935
210000 35000 150005 4.69803
215000 35000 150002 2.22337
210000 40000 150007 7.45823
215000 40000 150004 3.60768
215000 35000 150002 2.22337
220000 35000 150001 0.971935
215000 40000 150004 3.60768
220000 40000 149999 -0.507278
220000 30000 149999 -0.691631
225000 30000 149999 -1.49022
220000 35000 150001 0.971935
225000 35000 149999 -1.37697
225000 30000 149999 -1.49022
230000 30000 149993 -7.03674
225000 35000 149999 -1.37697
230000 35000 149997 -3.28416
220000 35000 150001 0.971935
225000 35000 149999 -1.37697
220000 40000 149999 -0.507278
225000 40000 149997 -3.17144
225000 35000 149999 -1.37697
230000 35000 149997 -3.28416
225000 40000 149997 -3.17144
230000 40000 149996 -4.05101
230000 30000 149993 -7.03674
235000 30000 149992 -7.62605
230000 35000 149997 -3.28416
235000 35000 149994 -5.96646
235000 30000 149992 -7.62605
240000 30000 149991 -9.47824
235000 35000 149994 -5.96646
240000 35000 149990 -9.85362
230000 35000 149997 -3.28416
235000 35000 149994 -5.96646
230000 40000 149996 -4.05101
235000 40000 149993 -7.4531
235000 35000 149994 -5.96646
240000 35000 149990 -9.85362
235000 40000 149993 -7.4531
240000 40000 149991 -9.46168
160000 40000 150007 7.38487
165000 40000 150015 14.649
160000 45000 150014 13.8618
165000 45000 150018 18.287
165000 40000 150015 14.649
170000 40000 150020 19.9571
165000 45000 150018 18.287
170000 45000 150019 18.7769
160000 45000 150014 13.8618
165000 45000 150018 18.287
160000 50000 149999 -1.2495
165000 50000 150010 10.2278
165000 45000 150018 18.287
170000 45000 150019 18.7769
165000 50000 150010 10.2278
170000 50000 150018 17.9033
170000 40000 150020 19.9571
175000 40000 150020 20.3604
170000 45000 150019 18.7769
175000 45000 150020 19.7488
175000 40000 150020 20.3604
180000 40000 150022 21.6935
175000 45000 150020 19.7488
180000 45000 150021 21.2249
170000 45000 150019 18.7769
175000 45000 150020 19.7488
170000 50000 150018 17.9033
175000 50000 150020 19.8572
175000 45000 150020 19.7488
180000 45000 150021 21.2249
175000 50000 150020 19.8572
180000 50000 150022 22.0295
180000 40000 150022 21.6935
185000 40000 150022 21.5696
180000 45000 150021 21.2249
185000 45000 150023 22.6458
185000 40000 150022 21.5696
190000 40000 150021 21.2007
185000 45000 150023 22.6458
190000 45000 150020 20.029
180000 45000 150021 21.2249
185000 45000 150023 22.6458
180000 50000 150022 22.0295
185000 50000 150022 21.8298
185000 45000 150023 22.6458
190000 45000 150020 20.029
185000 50000 150022 21.8298
190000 50000 150021 21.2806
190000 40000 150021 21.2007
195000 40000 150017 16.8035
190000 45000 150020 20.029
195000 45000 150019 18.7669
195000 40000 150017 16.8035
200000 40000 150016 15.9851
195000 45000 150019 18.7669
200000 45000 150016 16.4582
190000 45000 150020 20.029
195000 45000 150019 18.7669
190000 50000 150021 21.2806
195000 50000 150020 19.5484
195000 45000 150019 18.7669
200000 45000 150016 16.4582
195000 50000 150020 19.5484
200000 50000 150018 17.7696
200000 40000 150016 15.9851
205000 40000 150012 11.537
200000 45000 150016 16.4582
205000 45000 150011 11.2873
205000 40000 150012 11.537
210000 40000 150007 7.45823
205000 45000 150011 11.2873
210000 45000 150007 6.96225
200000 45000 150016 16.4582
205000 45000 150011 11.2873
200000 50000 150018 17.7696
205000 50000 150015 14.6918
205000 45000 150011 11.2873
210000 45000 150007 6.96225
205000 50000 150015 14.6918
210000 50000 150009 9.30817
210000 40000 150007 7.45823
215000 40000 150004 3.60768
210000 45000 150007 6.96225
215000 45000 150003 3.48164
215000 40000 150004 3.60768
220000 40000 149999 -0.507278
215000 45000 150003 3.48164
220000 45000 150003 3.37079
210000 45000 150007 6.96225
215000 45000 150003 3.48164
210000 50000 150009 9.30817
215000 50000 150003 3.23642
215000 45000 150003 3.48164
220000 45000 150003 3.37079
215000 50000 150003 3.23642
220000 50000 150000 -0.18368
220000 40000 149999 -0.507278
225000 40000 149997 -3.17144
220000 45000 150003 3.37079
225000 45000 150000 -0.087872
225000 40000 149997 -3.17144
230000 40000 149996 -4.05101
225000 45000 150000 -0.087872
230000 45000 149995 -4.57051
220000 45000 150003 3.37079
225000 45000 150000 -0.087872
220000 50000 150000 -0.18368
225000 50000 150000 -0.417167
225000 45000 150000 -0.087872
230000 45000 149995 -4.57051
225000 50000 150000 -0.417167
230000 50000 149993 -6.67483
230000 40000 149996 -4.05101
235000 40000 149993 -7.4531
230000 45000 149995 -4.57051
235000 45000 149993 -7.32041
235000 40000 149993 -7.4531
240000 40000 149991 -9.46168
235000 45000 149993 -7.32041
240000 45000 149989 -10.8446
230000 45000 149995 -4.57051
235000 45000 149993 -7.32041
230000 50000 149993 -6.67483
235000 50000 149993 -7.27296
235000 45000 149993 -7.32041
240000 45000 149989 -10.8446
235000 50000 149993 -7.27296
240000 50000 149992 -8.3995
160000 50000 149999 -1.2495
165000 50000 150010 10.2278
160000 55000 149995 -4.66361
165000 55000 150014 13.7507
165000 50000 150010 10.2278
170000 50000 150018 17.9033
165000 55000 150014 13.7507
170000 55000 150016 16.2258
160000 55000 149995 -4.66361
165000 55000 150014 13.7507
160000 60000 149978 -21.6157
165000 60000 150007 6.80055
165000 55000 150014 13.7507
170000 55000 150016 16.2258
165000 60000 150007 6.80055
170000 60000 150015 14.8505
170000 50000 150018 17.9033
175000 50000 150020 19.8572
170000 55000 150016 16.2258
175000 55000 150019 18.5481
175000 50000 150020 19.8572
180000 50000 150022 22.0295
175000 55000 150019 18.5481
180000 55000 150021 21.139
170000 55000 150016 16.2258
175000 55000 150019 18.5481
170000 60000 150015 14.8505
175000 60000 150022 22.0896
175000 55000 150019 18.5481
180000 55000 150021 21.139
175000 60000 150022 22.0896
180000 60000 150022 22.2419
180000 50000 150022 22.0295
185000 50000 150022 21.8298
180000 55000 150021 21.139
185000 55000 150023 22.7646
185000 50000 150022 21.8298
190000 50000 150021 21.2806
185000 55000 150023 22.7646
190000 55000 150023 23.2382
180000 55000 150021 21.139
185000 55000 150023 22.7646
180000 60000 150022 22.2419
185000 60000 150022 21.6048
185000 55000 150023 22.7646
190000 55000 150023 23.2382
185000 60000 150022 21.6048
190000 60000 150022 21.5811
190000 50000 150021 21.2806
195000 50000 150020 19.5484
190000 55000 150023 23.2382
195000 55000 150021 21.0491
195000 50000 150020 19.5484
200000 50000 150018 17.7696
195000 55000 150021 21.0491
200000 55000 150017 16.5339
190000 55000 150023 23.2382
195000 55000 150021 21.0491
190000 60000 150022 21.5811
195000 60000 150020 20.3459
195000 55000 150021 21.0491
200000 55000 150017 16.5339
195000 60000 150020 20.3459
200000 60000 150017 17.174
200000 50000 150018 17.7696
205000 50000 150015 14.6918
200000 55000 150017 16.5339
205000 55000 150012 12.4642
205000 50000 150015 14.6918
210000 50000 150009 9.30817
205000 55000 150012 12.4642
210000 55000 150007 7.25196
200000 55000 150017 16.5339
205000 55000 150012 12.4642
200000 60000 150017 17.174
205000 60000 150016 16.1562
205000 55000 150012 12.4642
210000 55000 150007 7.25196
205000 60000 150016 16.1562
210000 60000 150012 12.2172
210000 50000 150009 9.30817
215000 50000 150003 3.23642
210000 55000 150007 7.25196
215000 55000 150007 7.40376
215000 50000 150003 3.23642
220000 50000 150000 -0.18368
215000 55000 150007 7.40376
220000 55000 150004 3.60346
210000 55000 150007 7.25196
215000 55000 150007 7.40376
210000 60000 150012 12.2172
215000 60000 150009 8.91444
215000 55000 150007 7.40376
220000 55000 150004 3.60346
215000 60000 150009 8.91444
220000 60000 150003 3.38048
220000 50000 150000 -0.18368
225000 50000 150000 -0.417167
220000 55000 150004 3.60346
225000 55000 149999 -0.891844
225000 50000 150000 -0.417167
230000 50000 149993 -6.67483
225000 55000 149999 -0.891844
230000 55000 149997 -2.73681
220000 55000 150004 3.60346
225000 55000 149999 -0.891844
220000 60000 150003 3.38048
225000 60000 150000 0.156416
225000 55000 149999 -0.891844
230000 55000 149997 -2.73681
225000 60000 150000 0.156416
230000 60000 149997 -2.62033
230000 50000 149993 -6.67483
235000 50000 149993 -7.27296
230000 55000 149997 -2.73681
235000 55000 149994 -6.12211
235000 50000 149993 -7.27296
240000 50000 149992 -8.3995
235000 55000 149994 -6.12211
240000 55000 149991 -9.24496
230000 55000 149997 -2.73681
235000 55000 149994 -6.12211
230000 60000 149997 -2.62033
235000 60000 149994 -5.66584
235000 55000 149994 -6.12211
240000 55000 149991 -9.24496
235000 60000 149994 -5.66584
240000 60000 149991 -8.58438
160000 60000 149978 -21.6157
165000 60000 150007 6.80055
160000 65000 149968 -32.4468
165000 65000 149987 -13.1138
165000 60000 150007 6.80055
170000 60000 150015 14.8505
165000 65000 149987 -13.1138
170000 65000 150014 13.6809
160000 65000 149968 -32.4468
165000 65000 149987 -13.1138
160000 70000 149941 -58.9471
165000 70000 149977 -22.9561
165000 65000 149987 -13.1138
170000 65000 150014 13.6809
165000 70000 149977 -22.9561
170000 70000 150007 6.69285
170000 60000 150015 14.8505
175000 60000 150022 22.0896
170000 65000 150014 13.6809
175000 65000 150023 23.3413
175000 60000 150022 22.0896
180000 60000 150022 22.2419
175000 65000 150023 23.3413
180000 65000 150023 22.837
170000 65000 150014 13.6809
175000 65000 150023 23.3413
170000 70000 150007 6.69285
175000 70000 150019 18.6889
175000 65000 150023 23.3413
180000 65000 150023 22.837
175000 70000 150019 18.6889
180000 70000 150022 22.1186
180000 60000 150022 22.2419
185000 60000 150022 21.6048
180000 65000 150023 22.837
185000 65000 150023 22.5471
185000 60000 150022 21.6048
190000 60000 150022 21.5811
185000 65000 150023 22.5471
190000 65000 150023 22.8169
180000 65000 150023 22.837
185000 65000 150023 22.5471
180000 70000 150022 22.1186
185000 70000 150023 23.4571
185000 65000 150023 22.5471
190000 65000 150023 22.8169
185000 70000 150023 23.4571
190000 70000 150024 23.5194
190000 60000 150022 21.5811
195000 60000 150020 20.3459
190000 65000 150023 22.8169
195000 65000 150020 19.7318
195000 60000 150020 20.3459
200000 60000 150017 17.174
195000 65000 150020 19.7318
200000 65000 150020 20.2338
190000 65000 150023 22.8169
195000 65000 150020 19.7318
190000 70000 150024 23.5194
195000 70000 150024 23.5663
195000 65000 150020 19.7318
200000 65000 150020 20.2338
195000 70000 150024 23.5663
200000 70000 150021 20.8718
160000 70000 149941 -58.9471
165000 70000 149977 -22.9561
160000 75000 149919 -80.6368
165000 75000 149963 -37.4357
165000 70000 149977 -22.9561
170000 70000 150007 6.69285
165000 75000 149963 -37.4357
170000 75000 149987 -12.8009
160000 75000 149919 -80.6368
165000 75000 149963 -37.4357
160000 80000 149919 -81.3355
165000 80000 149937 -63.4146
165000 75000 149963 -37.4357
170000 75000 149987 -12.8009
165000 80000 149937 -63.4146
170000 80000 149977 -22.9866
170000 70000 150007 6.69285
175000 70000 150019 18.6889
170000 75000 149987 -12.8009
175000 75000 150012 12.1566
175000 70000 150019 18.6889
180000 70000 150022 22.1186
175000 75000 150012 12.1566
180000 75000 150024 23.9827
170000 75000 149987 -12.8009
175000 75000 150012 12.1566
170000 80000 149977 -22.9866
175000 80000 150010 9.69041
175000 75000 150012 12.1566
180000 75000 150024 23.9827
175000 80000 150010 9.69041
180000 80000 150024 24.4572
180000 70000 150022 22.1186
185000 70000 150023 23.4571
180000 75000 150024 23.9827
185000 75000 150027 26.6669
185000 70000 150023 23.4571
190000 70000 150024 23.5194
185000 75000 150027 26.6669
190000 75000 150026 26.3899
180000 75000 150024 23.9827
185000 75000 150027 26.6669
180000 80000 150024 24.4572
185000 80000 150026 25.8091
185000 75000 150027 26.6669
190000 75000 150026 26.3899
185000 80000 150026 25.8091
190000 80000 150026 26.1557
190000 70000 150024 23.5194
195000 70000 150024 23.5663
190000 75000 150026 26.3899
195000 75000 150023 23.4934
195000 70000 150024 23.5663
200000 70000 150021 20.8718
195000 75000 150023 23.4934
200000 75000 150021 20.8385
190000 75000 150026 26.3899
195000 75000 150023 23.4934
190000 80000 150026 26.1557
195000 80000 150024 24.2977
195000 75000 150023 23.4934
200000 75000 150021 20.8385
195000 80000 150024 24.2977
200000 80000 150023 23.0199
110000 80000 150026 25.8356
115000 80000 150025 25.4917
110000 85000 150023 22.844
115000 85000 150024 24.3619
115000 80000 150025 25.4917
120000 80000 150026 26.2728
115000 85000 150024 24.3619
120000 85000 150026 26.112
110000 85000 150023 22.844
115000 85000 150024 24.3619
110000 90000 150022 21.8171
115000 90000 150024 23.5274
115000 85000 150024 24.3619
120000 85000 150026 26.112
115000 90000 150024 23.5274
120000 90000 150024 24.4935
120000 80000 150026 26.2728
125000 80000 150025 24.9662
120000 85000 150026 26.112
125000 85000 150024 23.5957
125000 80000 150025 24.9662
130000 80000 150021 20.7864
125000 85000 150024 23.5957
130000 85000 150023 22.5214
120000 85000 150026 26.112
125000 85000 150024 23.5957
120000 90000 150024 24.4935
125000 90000 150024 23.755
125000 85000 150024 23.5957
130000 85000 150023 22.5214
125000 90000 150024 23.755
130000 90000 150022 22.0616
130000 80000 150021 20.7864
135000 80000 150019 18.6459
130000 85000 150023 22.5214
135000 85000 150020 20.1861
135000 80000 150019 18.6459
140000 80000 150017 17.4369
135000 85000 150020 20.1861
140000 85000 150018 17.8018
130000 85000 150023 22.5214
135000 85000 150020 20.1861
130000 90000 150022 22.0616
135000 90000 150019 18.6273
135000 85000 150020 20.1861
140000 85000 150018 17.8018
135000 90000 150019 18.6273
140000 90000 150014 14.4834
140000 80000 150017 17.4369
145000 80000 150009 9.40781
140000 85000 150018 17.8018
145000 85000 150013 13.1814
145000 80000 150009 9.40781
150000 80000 149985 -15.2278
145000 85000 150013 13.1814
150000 85000 149999 -1.44472
140000 85000 150018 17.8018
145000 85000 150013 13.1814
140000 90000 150014 14.4834
145000 90000 150007 6.92465
145000 85000 150013 13.1814
150000 85000 149999 -1.44472
145000 90000 150007 6.92465
150000 90000 150006 5.54778
150000 80000 149985 -15.2278
155000 80000 149957 -43.0555
150000 85000 149999 -1.44472
155000 85000 149976 -23.7533
155000 80000 149957 -43.0555
160000 80000 149919 -81.3355
155000 85000 149976 -23.7533
160000 85000 149936 -63.7827
150000 85000 149999 -1.44472
155000 85000 149976 -23.7533
150000 90000 150006 5.54778
155000 90000 149986 -13.6094
155000 85000 149976 -23.7533
160000 85000 149936 -63.7827
155000 90000 149986 -13.6094
160000 90000 149963 -37.466
100000 90000 150019 18.8788
105000 90000 150020 20.2207
100000 95000 150017 17.033
105000 95000 150020 20.0219
105000 90000 150020 20.2207
110000 90000 150022 21.8171
105000 95000 150020 20.0219
110000 95000 150023 23.125
100000 95000 150017 17.033
105000 95000 150020 20.0219
100000 100000 150018 17.6489
105000 100000 150020 19.7769
105000 95000 150020 20.0219
110000 95000 150023 23.125
105000 100000 150020 19.7769
110000 100000 150020 19.7339
110000 90000 150022 21.8171
115000 90000 150024 23.5274
110000 95000 150023 23.125
115000 95000 150022 22.2677
115000 90000 150024 23.5274
120000 90000 150024 24.4935
115000 95000 150022 22.2677
120000 95000 150023 23.3287
110000 95000 150023 23.125
115000 95000 150022 22.2677
110000 100000 150020 19.7339
115000 100000 150024 23.7518
115000 95000 150022 22.2677
120000 95000 150023 23.3287
115000 100000 150024 23.7518
120000 100000 150023 23.0866
120000 90000 150024 24.4935
125000 90000 150024 23.755
120000 95000 150023 23.3287
125000 95000 150023 23.2274
125000 90000 150024 23.755
130000 90000 150022 22.0616
125000 95000 150023 23.2274
130000 95000 150022 21.6568
120000 95000 150023 23.3287
125000 95000 150023 23.2274
120000 100000 150023 23.0866
125000 100000 150022 22.3655
125000 95000 150023 23.2274
130000 95000 150022 21.6568
125000 100000 150022 22.3655
130000 100000 150021 21.2917
130000 90000 150022 22.0616
135000 90000 150019 18.6273
130000 95000 150022 21.6568
135000 95000 150018 18.1469
135000 90000 150019 18.6273
140000 90000 150014 14.4834
135000 95000 150018 18.1469
140000 95000 150018 17.8323
130000 95000 150022 21.6568
135000 95000 150018 18.1469
130000 100000 150021 21.2917
135000 100000 150018 18.2557
135000 95000 150018 18.1469
140000 95000 150018 17.8323
135000 100000 150018 18.2557
140000 100000 150016 16.3656
140000 90000 150014 14.4834
145000 90000 150007 6.92465
140000 95000 150018 17.8323
145000 95000 150015 15.1082
145000 90000 150007 6.92465
150000 90000 150006 5.54778
145000 95000 150015 15.1082
150000 95000 150008 7.98062
140000 95000 150018 17.8323
145000 95000 150015 15.1082
140000 100000 150016 16.3656
145000 100000 150013 12.7056
145000 95000 150015 15.1082
150000 95000 150008 7.98062
145000 100000 150013 12.7056
150000 100000 150010 9.77129
150000 90000 150006 5.54778
155000 90000 149986 -13.6094
150000 95000 150008 7.98062
155000 95000 149994 -5.99794
155000 90000 149986 -13.6094
160000 90000 149963 -37.466
155000 95000 149994 -5.99794
160000 95000 149977 -23.4817
150000 95000 150008 7.98062
155000 95000 149994 -5.99794
150000 100000 150010 9.77129
155000 100000 149999 -0.893632
155000 95000 149994 -5.99794
160000 95000 149977 -23.4817
155000 100000 149999 -0.893632
160000 100000 149983 -17.1131
80000 100000 150005 5.35468
85000 100000 150010 9.7065
80000 105000 150010 9.57797
85000 105000 150010 9.85094
85000 100000 150010 9.7065
90000 100000 150010 10.3409
85000 105000 150010 9.85094
90000 105000 150012 11.6253
80000 105000 150010 9.57797
85000 105000 150010 9.85094
80000 110000 150008 8.15569
85000 110000 150008 7.55708
85000 105000 150010 9.85094
90000 105000 150012 11.6253
85000 110000 150008 7.55708
90000 110000 150012 11.8144
90000 100000 150010 10.3409
95000 100000 150013 13.2512
90000 105000 150012 11.6253
95000 105000 150013 13.3944
95000 100000 150013 13.2512
100000 100000 150018 17.6489
95000 105000 150013 13.3944
100000 105000 150015 15.4509
90000 105000 150012 11.6253
95000 105000 150013 13.3944
90000 110000 150012 11.8144
95000 110000 150015 15.2749
95000 105000 150013 13.3944
100000 105000 150015 15.4509
95000 110000 150015 15.2749
100000 110000 150016 16.2077
100000 100000 150018 17.6489
105000 100000 150020 19.7769
100000 105000 150015 15.4509
105000 105000 150018 18.054
105000 100000 150020 19.7769
110000 100000 150020 19.7339
105000 105000 150018 18.054
110000 105000 150020 20.2341
100000 105000 150015 15.4509
105000 105000 150018 18.054
100000 110000 150016 16.2077
105000 110000 150020 20.4298
105000 105000 150018 18.054
110000 105000 150020 20.2341
105000 110000 150020 20.4298
110000 110000 150021 20.9105
110000 100000 150020 19.7339
115000 100000 150024 23.7518
110000 105000 150020 20.2341
115000 105000 150022 22.142
115000 100000 150024 23.7518
120000 100000 150023 23.0866
115000 105000 150022 22.142
120000 105000 150023 22.7595
110000 105000 150020 20.2341
115000 105000 150022 22.142
110000 110000 150021 20.9105
115000 110000 150020 19.727
115000 105000 150022 22.142
120000 105000 150023 22.7595
115000 110000 150020 19.727
120000 110000 150021 20.6606
120000 100000 150023 23.0866
125000 100000 150022 22.3655
120000 105000 150023 22.7595
125000 105000 150022 22.3734
125000 100000 150022 22.3655
130000 100000 150021 21.2917
125000 105000 150022 22.3734
130000 105000 150024 23.5798
120000 105000 150023 22.7595
125000 105000 150022 22.3734
120000 110000 150021 20.6606
125000 110000 150022 21.9821
125000 105000 150022 22.3734
130000 105000 150024 23.5798
125000 110000 150022 21.9821
130000 110000 150020 20.4516
130000 100000 150021 21.2917
135000 100000 150018 18.2557
130000 105000 150024 23.5798
135000 105000 150018 18.4677
135000 100000 150018 18.2557
140000 100000 150016 16.3656
135000 105000 150018 18.4677
140000 105000 150014 14.2339
130000 105000 150024 23.5798
135000 105000 150018 18.4677
130000 110000 150020 20.4516
135000 110000 150020 20.1478
135000 105000 150018 18.4677
140000 105000 150014 14.2339
135000 110000 150020 20.1478
140000 110000 150015 15.0469
140000 100000 150016 16.3656
145000 100000 150013 12.7056
140000 105000 150014 14.2339
145000 105000 150009 9.03073
145000 100000 150013 12.7056
150000 100000 150010 9.77129
145000 105000 150009 9.03073
150000 105000 150006 5.81504
140000 105000 150014 14.2339
145000 105000 150009 9.03073
140000 110000 150015 15.0469
145000 110000 150012 11.595
145000 105000 150009 9.03073
150000 105000 150006 5.81504
145000 110000 150012 11.595
150000 110000 150004 4.47345
150000 100000 150010 9.77129
155000 100000 149999 -0.893632
150000 105000 150006 5.81504
155000 105000 150000 0.346202
155000 100000 149999 -0.893632
160000 100000 149983 -17.1131
155000 105000 150000 0.346202
160000 105000 149987 -12.8118
150000 105000 150006 5.81504
155000 105000 150000 0.346202
150000 110000 150004 4.47345
155000 110000 149999 -1.16486
155000 105000 150000 0.346202
160000 105000 149987 -12.8118
155000 110000 149999 -1.16486
160000 110000 149991 -9.38896
80000 110000 150008 8.15569
85000 110000 150008 7.55708
80000 115000 150007 6.6731
85000 115000 150010 10.102
85000 110000 150008 7.55708
90000 110000 150012 11.8144
85000 115000 150010 10.102
90000 115000 150012 11.5717
80000 115000 150007 6.6731
85000 115000 150010 10.102
80000 120000 150008 7.50441
85000 120000 150010 10.0412
85000 115000 150010 10.102
90000 115000 150012 11.5717
85000 120000 150010 10.0412
90000 120000 150011 11.3451
90000 110000 150012 11.8144
95000 110000 150015 15.2749
90000 115000 150012 11.5717
95000 115000 150014 14.4652
95000 110000 150015 15.2749
100000 110000 150016 16.2077
95000 115000 150014 14.4652
100000 115000 150017 17.2678
90000 115000 150012 11.5717
95000 115000 150014 14.4652
90000 120000 150011 11.3451
95000 120000 150012 12.2196
95000 115000 150014 14.4652
100000 115000 150017 17.2678
95000 120000 150012 12.2196
100000 120000 150014 13.856
100000 110000 150016 16.2077
105000 110000 150020 20.4298
100000 115000 150017 17.2678
105000 115000 150018 18.424
105000 110000 150020 20.4298
110000 110000 150021 20.9105
105000 115000 150018 18.424
110000 115000 150020 19.9099
100000 115000 150017 17.2678
105000 115000 150018 18.424
100000 120000 150014 13.856
105000 120000 150018 17.6183
105000 115000 150018 18.424
110000 115000 150020 19.9099
105000 120000 150018 17.6183
110000 120000 150021 20.847
110000 110000 150021 20.9105
115000 110000 150020 19.727
110000 115000 150020 19.9099
115000 115000 150022 21.5649
115000 110000 150020 19.727
120000 110000 150021 20.6606
115000 115000 150022 21.5649
120000 115000 150023 22.5526
110000 115000 150020 19.9099
115000 115000 150022 21.5649
110000 120000 150021 20.847
115000 120000 150019 19.4449
115000 115000 150022 21.5649
120000 115000 150023 22.5526
115000 120000 150019 19.4449
120000 120000 150023 22.8516
120000 110000 150021 20.6606
125000 110000 150022 21.9821
120000 115000 150023 22.5526
125000 115000 150022 21.6714
125000 110000 150022 21.9821
130000 110000 150020 20.4516
125000 115000 150022 21.6714
130000 115000 150021 21.0409
120000 115000 150023 22.5526
125000 115000 150022 21.6714
120000 120000 150023 22.8516
125000 120000 150023 22.53
125000 115000 150022 21.6714
130000 115000 150021 21.0409
125000 120000 150023 22.53
130000 120000 150021 20.6434
130000 110000 150020 20.4516
135000 110000 150020 20.1478
130000 115000 150021 21.0409
135000 115000 150020 19.6538
135000 110000 150020 20.1478
140000 110000 150015 15.0469
135000 115000 150020 19.6538
140000 115000 150014 13.6329
130000 115000 150021 21.0409
135000 115000 150020 19.6538
130000 120000 150021 20.6434
135000 120000 150019 18.606
135000 115000 150020 19.6538
140000 115000 150014 13.6329
135000 120000 150019 18.606
140000 120000 150016 16.489
140000 110000 150015 15.0469
145000 110000 150012 11.595
140000 115000 150014 13.6329
145000 115000 150008 7.98628
145000 110000 150012 11.595
150000 110000 150004 4.47345
145000 115000 150008 7.98628
150000 115000 150001 1.37491
140000 115000 150014 13.6329
145000 115000 150008 7.98628
140000 120000 150016 16.489
145000 120000 150010 9.739
145000 115000 150008 7.98628
150000 115000 150001 1.37491
145000 120000 150010 9.739
150000 120000 150005 5.38649
150000 110000 150004 4.47345
155000 110000 149999 -1.16486
150000 115000 150001 1.37491
155000 115000 149992 -7.8853
155000 110000 149999 -1.16486
160000 110000 149991 -9.38896
155000 115000 149992 -7.8853
160000 115000 149983 -17.0212
150000 115000 150001 1.37491
155000 115000 149992 -7.8853
150000 120000 150005 5.38649
155000 120000 149999 -0.661956
155000 115000 149992 -7.8853
160000 115000 149983 -17.0212
155000 120000 149999 -0.661956
160000 120000 149993 -7.38367
240000 0 149992 -8.14363
245000 0 149989 -11.3913
240000 5000 149991 -8.7862
245000 5000 149989 -11.0508
245000 0 149989 -11.3913
250000 0 149987 -12.8154
245000 5000 149989 -11.0508
250000 5000 149986 -14.438
240000 5000 149991 -8.7862
245000 5000 149989 -11.0508
240000 10000 149988 -11.8764
245000 10000 149987 -13.0745
245000 5000 149989 -11.0508
250000 5000 149986 -14.438
245000 10000 149987 -13.0745
250000 10000 149987 -13.009
250000 0 149987 -12.8154
255000 0 149985 -14.7701
250000 5000 149986 -14.438
255000 5000 149986 -14.2958
255000 0 149985 -14.7701
260000 0 149984 -15.5701
255000 5000 149986 -14.2958
260000 5000 149983 -17.0868
250000 5000 149986 -14.438
255000 5000 149986 -14.2958
250000 10000 149987 -13.009
255000 10000 149985 -15.1858
255000 5000 149986 -14.2958
260000 5000 149983 -17.0868
255000 10000 149985 -15.1858
260000 10000 149985 -15.3345
260000 0 149984 -15.5701
265000 0 149982 -18.1942
260000 5000 149983 -17.0868
265000 5000 149983 -17.1291
265000 0 149982 -18.1942
270000 0 149982 -18.0303
265000 5000 149983 -17.1291
270000 5000 149982 -17.7557
260000 5000 149983 -17.0868
265000 5000 149983 -17.1291
260000 10000 149985 -15.3345
265000 10000 149982 -17.7782
265000 5000 149983 -17.1291
270000 5000 149982 -17.7557
265000 10000 149982 -17.7782
270000 10000 149982 -18.1867
270000 0 149982 -18.0303
275000 0 149980 -19.7204
270000 5000 149982 -17.7557
275000 5000 149982 -17.9353
275000 0 149980 -19.7204
280000 0 149980 -20.1405
275000 5000 149982 -17.9353
280000 5000 149980 -19.5611
270000 5000 149982 -17.7557
275000 5000 149982 -17.9353
270000 10000 149982 -18.1867
275000 10000 149981 -19.0453
275000 5000 149982 -17.9353
280000 5000 149980 -19.5611
275000 10000 149981 -19.0453
280000 10000 149981 -19.295
280000 0 149980 -20.1405
285000 0 149980 -20.2158
280000 5000 149980 -19.5611
285000 5000 149980 -20.0809
285000 0 149980 -20.2158
290000 0 149980 -19.7948
285000 5000 149980 -20.0809
290000 5000 149981 -18.9318
280000 5000 149980 -19.5611
285000 5000 149980 -20.0809
280000 10000 149981 -19.295
285000 10000 149980 -20.0249
285000 5000 149980 -20.0809
290000 5000 149981 -18.9318
285000 10000 149980 -20.0249
290000 10000 149980 -20.3851
290000 0 149980 -19.7948
295000 0 149980 -20.2819
290000 5000 149981 -18.9318
295000 5000 149980 -20.349
295000 0 149980 -20.2819
300000 0 149980 -20.0648
295000 5000 149980 -20.349
300000 5000 149979 -20.604
290000 5000 149981 -18.9318
295000 5000 149980 -20.349
290000 10000 149980 -20.3851
295000 10000 149980 -19.8778
295000 5000 149980 -20.349
300000 5000 149979 -20.604
295000 10000 149980 -19.8778
300000 10000 149980 -20.2991
240000 10000 149988 -11.8764
245000 10000 149987 -13.0745
240000 15000 149989 -10.6558
245000 15000 149989 -11.0589
245000 10000 149987 -13.0745
250000 10000 149987 -13.009
245000 15000 149989 -11.0589
250000 15000 149987 -12.5213
240000 15000 149989 -10.6558
245000 15000 149989 -11.0589
240000 20000 149990 -9.63795
245000 20000 149987 -12.5634
245000 15000 149989 -11.0589
250000 15000 149987 -12.5213
245000 20000 149987 -12.5634
250000 20000 149987 -13.1592
250000 10000 149987 -13.009
255000 10000 149985 -15.1858
250000 15000 149987 -12.5213
255000 15000 149986 -14.029
255000 10000 149985 -15.1858
260000 10000 149985 -15.3345
255000 15000 149986 -14.029
260000 15000 149984 -15.9074
250000 15000 149987 -12.5213
255000 15000 149986 -14.029
250000 20000 149987 -13.1592
255000 20000 149986 -13.9494
255000 15000 149986 -14.029
260000 15000 149984 -15.9074
255000 20000 149986 -13.9494
260000 20000 149985 -14.8744
260000 10000 149985 -15.3345
265000 10000 149982 -17.7782
260000 15000 149984 -15.9074
265000 15000 149984 -16.3917
265000 10000 149982 -17.7782
270000 10000 149982 -18.1867
265000 15000 149984 -16.3917
270000 15000 149981 -18.9909
260000 15000 149984 -15.9074
265000 15000 149984 -16.3917
260000 20000 149985 -14.8744
265000 20000 149982 -17.5951
265000 15000 149984 -16.3917
270000 15000 149981 -18.9909
265000 20000 149982 -17.5951
270000 20000 149983 -17.4041
270000 10000 149982 -18.1867
275000 10000 149981 -19.0453
270000 15000 149981 -18.9909
275000 15000 149981 -18.7024
275000 10000 149981 -19.0453
280000 10000 149981 -19.295
275000 15000 149981 -18.7024
280000 15000 149981 -19.1337
270000 15000 149981 -18.9909
275000 15000 149981 -18.7024
270000 20000 149983 -17.4041
275000 20000 149981 -19.2514
275000 15000 149981 -18.7024
280000 15000 149981 -19.1337
275000 20000 149981 -19.2514
280000 20000 149980 -19.9349
280000 10000 149981 -19.295
285000 10000 149980 -20.0249
280000 15000 149981 -19.1337
285000 15000 149980 -20.048
285000 10000 149980 -20.0249
290000 10000 149980 -20.3851
285000 15000 149980 -20.048
290000 15000 149980 -20.3372
280000 15000 149981 -19.1337
285000 15000 149980 -20.048
280000 20000 149980 -19.9349
285000 20000 149980 -20.1646
285000 15000 149980 -20.048
290000 15000 149980 -20.3372
285000 20000 149980 -20.1646
290000 20000 149980 -20.3619
290000 10000 149980 -20.3851
295000 10000 149980 -19.8778
290000 15000 149980 -20.3372
295000 15000 149979 -20.5956
295000 10000 149980 -19.8778
300000 10000 149980 -20.2991
295000 15000 149979 -20.5956
300000 15000 149979 -20.5664
290000 15000 149980 -20.3372
295000 15000 149979 -20.5956
290000 20000 149980 -20.3619
295000 20000 149980 -20.3801
295000 15000 149979 -20.5956
300000 15000 149979 -20.5664
295000 20000 149980 -20.3801
300000 20000 149979 -20.6607
240000 20000 149990 -9.63795
245000 20000 149987 -12.5634
240000 25000 149991 -9.10358
245000 25000 149989 -10.9879
245000 20000 149987 -12.5634
250000 20000 149987 -13.1592
245000 25000 149989 -10.9879
250000 25000 149986 -13.9266
240000 25000 149991 -9.10358
245000 25000 149989 -10.9879
240000 30000 149991 -9.47824
245000 30000 149988 -11.7588
245000 25000 149989 -10.9879
250000 25000 149986 -13.9266
245000 30000 149988 -11.7588
250000 30000 149987 -12.959
250000 20000 149987 -13.1592
255000 20000 149986 -13.9494
250000 25000 149986 -13.9266
255000 25000 149986 -14.2376
255000 20000 149986 -13.9494
260000 20000 149985 -14.8744
255000 25000 149986 -14.2376
260000 25000 149983 -16.5058
250000 25000 149986 -13.9266
255000 25000 149986 -14.2376
250000 30000 149987 -12.959
255000 30000 149985 -14.5801
255000 25000 149986 -14.2376
260000 25000 149983 -16.5058
255000 30000 149985 -14.5801
260000 30000 149984 -15.8269
260000 20000 149985 -14.8744
265000 20000 149982 -17.5951
260000 25000 149983 -16.5058
265000 25000 149983 -16.8908
265000 20000 149982 -17.5951
270000 20000 149983 -17.4041
265000 25000 149983 -16.8908
270000 25000 149982 -17.9906
260000 25000 149983 -16.5058
265000 25000 149983 -16.8908
260000 30000 149984 -15.8269
265000 30000 149984 -16.0392
265000 25000 149983 -16.8908
270000 25000 149982 -17.9906
265000 30000 149984 -16.0392
270000 30000 149983 -17.121
270000 20000 149983 -17.4041
275000 20000 149981 -19.2514
270000 25000 149982 -17.9906
275000 25000 149982 -17.957
275000 20000 149981 -19.2514
280000 20000 149980 -19.9349
275000 25000 149982 -17.957
280000 25000 149982 -18.4157
270000 25000 149982 -17.9906
275000 25000 149982 -17.957
270000 30000 149983 -17.121
275000 30000 149982 -17.925
275000 25000 149982 -17.957
280000 25000 149982 -18.4157
275000 30000 149982 -17.925
280000 30000 149981 -18.9034
280000 20000 149980 -19.9349
285000 20000 149980 -20.1646
280000 25000 149982 -18.4157
285000 25000 149980 -20.1445
285000 20000 149980 -20.1646
290000 20000 149980 -20.3619
285000 25000 149980 -20.1445
290000 25000 149980 -20.1
280000 25000 149982 -18.4157
285000 25000 149980 -20.1445
280000 30000 149981 -18.9034
285000 30000 149980 -20.1578
285000 25000 149980 -20.1445
290000 25000 149980 -20.1
285000 30000 149980 -20.1578
290000 30000 149980 -20.3158
290000 20000 149980 -20.3619
295000 20000 149980 -20.3801
290000 25000 149980 -20.1
295000 25000 149980 -20.2126
295000 20000 149980 -20.3801
300000 20000 149979 -20.6607
295000 25000 149980 -20.2126
300000 25000 149979 -20.5678
290000 25000 149980 -20.1
295000 25000 149980 -20.2126
290000 30000 149980 -20.3158
295000 30000 149979 -20.6836
295000 25000 149980 -20.2126
300000 25000 149979 -20.5678
295000 30000 149979 -20.6836
300000 30000 149979 -20.9046
240000 30000 149991 -9.47824
245000 30000 149988 -11.7588
240000 35000 149990 -9.85362
245000 35000 149989 -11.2777
245000 30000 149988 -11.7588
250000 30000 149987 -12.959
245000 35000 149989 -11.2777
250000 35000 149988 -12.3077
240000 35000 149990 -9.85362
245000 35000 149989 -11.2777
240000 40000 149991 -9.46168
245000 40000 149988 -11.6038
245000 35000 149989 -11.2777
250000 35000 149988 -12.3077
245000 40000 149988 -11.6038
250000 40000 149988 -12.0246
250000 30000 149987 -12.959
255000 30000 149985 -14.5801
250000 35000 149988 -12.3077
255000 35000 149986 -14.1563
255000 30000 149985 -14.5801
260000 30000 149984 -15.8269
255000 35000 149986 -14.1563
260000 35000 149984 -16.3988
250000 35000 149988 -12.3077
255000 35000 149986 -14.1563
250000 40000 149988 -12.0246
255000 40000 149987 -13.3864
255000 35000 149986 -14.1563
260000 35000 149984 -16.3988
255000 40000 149987 -13.3864
260000 40000 149985 -14.6777
260000 30000 149984 -15.8269
265000 30000 149984 -16.0392
260000 35000 149984 -16.3988
265000 35000 149983 -17.1465
265000 30000 149984 -16.0392
270000 30000 149983 -17.121
265000 35000 149983 -17.1465
270000 35000 149981 -18.529
260000 35000 149984 -16.3988
265000 35000 149983 -17.1465
260000 40000 149985 -14.6777
265000 40000 149983 -16.7536
265000 35000 149983 -17.1465
270000 35000 149981 -18.529
265000 40000 149983 -16.7536
270000 40000 149982 -17.6025
270000 30000 149983 -17.121
275000 30000 149982 -17.925
270000 35000 149981 -18.529
275000 35000 149982 -18.2171
275000 30000 149982 -17.925
280000 30000 149981 -18.9034
275000 35000 149982 -18.2171
280000 35000 149981 -18.6483
270000 35000 149981 -18.529
275000 35000 149982 -18.2171
270000 40000 149982 -17.6025
275000 40000 149982 -17.5966
275000 35000 149982 -18.2171
280000 35000 149981 -18.6483
275000 40000 149982 -17.5966
280000 40000 149981 -18.9214
280000 30000 149981 -18.9034
285000 30000 149980 -20.1578
280000 35000 149981 -18.6483
285000 35000 149980 -19.5864
285000 30000 149980 -20.1578
290000 30000 149980 -20.3158
285000 35000 149980 -19.5864
290000 35000 149980 -19.6789
280000 35000 149981 -18.6483
285000 35000 149980 -19.5864
280000 40000 149981 -18.9214
285000 40000 149981 -19.2082
285000 35000 149980 -19.5864
290000 35000 149980 -19.6789
285000 40000 149981 -19.2082
290000 40000 149981 -18.938
290000 30000 149980 -20.3158
295000 30000 149979 -20.6836
290000 35000 149980 -19.6789
295000 35000 149980 -19.9048
295000 30000 149979 -20.6836
300000 30000 149979 -20.9046
295000 35000 149980 -19.9048
300000 35000 149980 -20.0714
290000 35000 149980 -19.6789
295000 35000 149980 -19.9048
290000 40000 149981 -18.938
295000 40000 149980 -19.8194
295000 35000 149980 -19.9048
300000 35000 149980 -20.0714
295000 40000 149980 -19.8194
300000 40000 149979 -20.7848
240000 40000 149991 -9.46168
245000 40000 149988 -11.6038
240000 45000 149989 -10.8446
245000 45000 149989 -11.0763
245000 40000 149988 -11.6038
250000 40000 149988 -12.0246
245000 45000 149989 -11.0763
250000 45000 149986 -13.6166
240000 45000 149989 -10.8446
245000 45000 149989 -11.0763
240000 50000 149992 -8.3995
245000 50000 149989 -11.0929
245000 45000 149989 -11.0763
250000 45000 149986 -13.6166
245000 50000 149989 -11.0929
250000 50000 149988 -11.566
250000 40000 149988 -12.0246
255000 40000 149987 -13.3864
250000 45000 149986 -13.6166
255000 45000 149986 -14.0741
255000 40000 149987 -13.3864
260000 40000 149985 -14.6777
255000 45000 149986 -14.0741
260000 45000 149984 -16.1444
250000 45000 149986 -13.6166
255000 45000 149986 -14.0741
250000 50000 149988 -11.566
255000 50000 149987 -12.7381
255000 45000 149986 -14.0741
260000 45000 149984 -16.1444
255000 50000 149987 -12.7381
260000 50000 149986 -14.4772
260000 40000 149985 -14.6777
265000 40000 149983 -16.7536
260000 45000 149984 -16.1444
265000 45000 149983 -17.2006
265000 40000 149983 -16.7536
270000 40000 149982 -17.6025
265000 45000 149983 -17.2006
270000 45000 149982 -18.2621
260000 45000 149984 -16.1444
265000 45000 149983 -17.2006
260000 50000 149986 -14.4772
265000 50000 149984 -16.0494
265000 45000 149983 -17.2006
270000 45000 149982 -18.2621
265000 50000 149984 -16.0494
270000 50000 149983 -16.939
270000 40000 149982 -17.6025
275000 40000 149982 -17.5966
270000 45000 149982 -18.2621
275000 45000 149983 -17.3291
275000 40000 149982 -17.5966
280000 40000 149981 -18.9214
275000 45000 149983 -17.3291
280000 45000 149981 -18.5987
270000 45000 149982 -18.2621
275000 45000 149983 -17.3291
270000 50000 149983 -16.939
275000 50000 149981 -18.9053
275000 45000 149983 -17.3291
280000 45000 149981 -18.5987
275000 50000 149981 -18.9053
280000 50000 149981 -18.8084
280000 40000 149981 -18.9214
285000 40000 149981 -19.2082
280000 45000 149981 -18.5987
285000 45000 149980 -19.6876
285000 40000 149981 -19.2082
290000 40000 149981 -18.938
285000 45000 149980 -19.6876
290000 45000 149980 -20.1258
280000 45000 149981 -18.5987
285000 45000 149980 -19.6876
280000 50000 149981 -18.8084
285000 50000 149980 -19.5335
285000 45000 149980 -19.6876
290000 45000 149980 -20.1258
285000 50000 149980 -19.5335
290000 50000 149981 -18.7313
290000 40000 149981 -18.938
295000 40000 149980 -19.8194
290000 45000 149980 -20.1258
295000 45000 149980 -20.414
295000 40000 149980 -19.8194
300000 40000 149979 -20.7848
295000 45000 149980 -20.414
300000 45000 149981 -19.4026
290000 45000 149980 -20.1258
295000 45000 149980 -20.414
290000 50000 149981 -18.7313
295000 50000 149981 -19.4082
295000 45000 149980 -20.414
300000 45000 149981 -19.4026
295000 50000 149981 -19.4082
300000 50000 149979 -20.5906
240000 50000 149992 -8.3995
245000 50000 149989 -11.0929
240000 55000 149991 -9.24496
245000 55000 149990 -10.0715
245000 50000 149989 -11.0929
250000 50000 149988 -11.566
245000 55000 149990 -10.0715
250000 55000 149987 -13.0431
240000 55000 149991 -9.24496
245000 55000 149990 -10.0715
240000 60000 149991 -8.58438
245000 60000 149988 -11.523
245000 55000 149990 -10.0715
250000 55000 149987 -13.0431
245000 60000 149988 -11.523
250000 60000 149988 -11.6562
250000 50000 149988 -11.566
255000 50000 149987 -12.7381
250000 55000 149987 -13.0431
255000 55000 149985 -15.4532
255000 50000 149987 -12.7381
260000 50000 149986 -14.4772
255000 55000 149985 -15.4532
260000 55000 149984 -16.4398
250000 55000 149987 -13.0431
255000 55000 149985 -15.4532
250000 60000 149988 -11.6562
255000 60000 149988 -12.453
255000 55000 149985 -15.4532
260000 55000 149984 -16.4398
255000 60000 149988 -12.453
260000 60000 149986 -13.9557
260000 50000 149986 -14.4772
265000 50000 149984 -16.0494
260000 55000 149984 -16.4398
265000 55000 149983 -17.4181
265000 50000 149984 -16.0494
270000 50000 149983 -16.939
265000 55000 149983 -17.4181
270000 55000 149983 -17.0374
260000 55000 149984 -16.4398
265000 55000 149983 -17.4181
260000 60000 149986 -13.9557
265000 60000 149984 -16.0389
265000 55000 149983 -17.4181
270000 55000 149983 -17.0374
265000 60000 149984 -16.0389
270000 60000 149983 -16.7462
270000 50000 149983 -16.939
275000 50000 149981 -18.9053
270000 55000 149983 -17.0374
275000 55000 149981 -18.5311
275000 50000 149981 -18.9053
280000 50000 149981 -18.8084
275000 55000 149981 -18.5311
280000 55000 149981 -19.2635
270000 55000 149983 -17.0374
275000 55000 149981 -18.5311
270000 60000 149983 -16.7462
275000 60000 149982 -18.4509
275000 55000 149981 -18.5311
280000 55000 149981 -19.2635
275000 60000 149982 -18.4509
280000 60000 149981 -19.1
280000 50000 149981 -18.8084
285000 50000 149980 -19.5335
280000 55000 149981 -19.2635
285000 55000 149981 -18.9087
285000 50000 149980 -19.5335
290000 50000 149981 -18.7313
285000 55000 149981 -18.9087
290000 55000 149980 -19.8872
280000 55000 149981 -19.2635
285000 55000 149981 -18.9087
280000 60000 149981 -19.1
285000 60000 149980 -19.6214
285000 55000 149981 -18.9087
290000 55000 149980 -19.8872
285000 60000 149980 -19.6214
290000 60000 149981 -19.3898
290000 50000 149981 -18.7313
295000 50000 149981 -19.4082
290000 55000 149980 -19.8872
295000 55000 149981 -19.4339
295000 50000 149981 -19.4082
300000 50000 149979 -20.5906
295000 55000 149981 -19.4339
300000 55000 149981 -19.4076
290000 55000 149980 -19.8872
295000 55000 149981 -19.4339
290000 60000 149981 -19.3898
295000 60000 149980 -19.9658
295000 55000 149981 -19.4339
300000 55000 149981 -19.4076
295000 60000 149980 -19.9658
300000 60000 149979 -20.6109
200000 60000 150017 17.174
205000 60000 150016 16.1562
200000 65000 150020 20.2338
205000 65000 150018 18.3105
205000 60000 150016 16.1562
210000 60000 150012 12.2172
205000 65000 150018 18.3105
210000 65000 150013 13.3162
200000 65000 150020 20.2338
205000 65000 150018 18.3105
200000 70000 150021 20.8718
205000 70000 150017 16.7047
205000 65000 150018 18.3105
210000 65000 150013 13.3162
205000 70000 150017 16.7047
210000 70000 150011 11.4385
210000 60000 150012 12.2172
215000 60000 150009 8.91444
210000 65000 150013 13.3162
215000 65000 150010 9.6192
215000 60000 150009 8.91444
220000 60000 150003 3.38048
215000 65000 150010 9.6192
220000 65000 150005 5.30215
210000 65000 150013 13.3162
215000 65000 150010 9.6192
210000 70000 150011 11.4385
215000 70000 150009 9.0635
215000 65000 150010 9.6192
220000 65000 150005 5.30215
215000 70000 150009 9.0635
220000 70000 150003 3.26179
220000 60000 150003 3.38048
225000 60000 150000 0.156416
220000 65000 150005 5.30215
225000 65000 150001 1.39656
225000 60000 150000 0.156416
230000 60000 149997 -2.62033
225000 65000 150001 1.39656
230000 65000 150000 -0.348643
220000 65000 150005 5.30215
225000 65000 150001 1.39656
220000 70000 150003 3.26179
225000 70000 150002 2.23969
225000 65000 150001 1.39656
230000 65000 150000 -0.348643
225000 70000 150002 2.23969
230000 70000 149997 -2.75653
230000 60000 149997 -2.62033
235000 60000 149994 -5.66584
230000 65000 150000 -0.348643
235000 65000 149996 -4.37905
235000 60000 149994 -5.66584
240000 60000 149991 -8.58438
235000 65000 149996 -4.37905
240000 65000 149991 -8.98097
230000 65000 150000 -0.348643
235000 65000 149996 -4.37905
230000 70000 149997 -2.75653
235000 70000 149994 -5.52163
235000 65000 149996 -4.37905
240000 65000 149991 -8.98097
235000 70000 149994 -5.52163
240000 70000 149993 -7.25171
240000 60000 149991 -8.58438
245000 60000 149988 -11.523
240000 65000 149991 -8.98097
245000 65000 149990 -10.0131
245000 60000 149988 -11.523
250000 60000 149988 -11.6562
245000 65000 149990 -10.0131
250000 65000 149989 -11.1683
240000 65000 149991 -8.98097
245000 65000 149990 -10.0131
240000 70000 149993 -7.25171
245000 70000 149989 -10.7976
245000 65000 149990 -10.0131
250000 65000 149989 -11.1683
245000 70000 149989 -10.7976
250000 70000 149989 -10.5788
250000 60000 149988 -11.6562
255000 60000 149988 -12.453
250000 65000 149989 -11.1683
255000 65000 149986 -13.7564
255000 60000 149988 -12.453
260000 60000 149986 -13.9557
255000 65000 149986 -13.7564
260000 65000 149985 -15.4226
250000 65000 149989 -11.1683
255000 65000 149986 -13.7564
250000 70000 149989 -10.5788
255000 70000 149986 -14.181
255000 65000 149986 -13.7564
260000 65000 149985 -15.4226
255000 70000 149986 -14.181
260000 70000 149985 -14.5705
260000 60000 149986 -13.9557
265000 60000 149984 -16.0389
260000 65000 149985 -15.4226
265000 65000 149983 -17.2002
265000 60000 149984 -16.0389
270000 60000 149983 -16.7462
265000 65000 149983 -17.2002
270000 65000 149981 -18.6081
260000 65000 149985 -15.4226
265000 65000 149983 -17.2002
260000 70000 149985 -14.5705
265000 70000 149985 -15.4354
265000 65000 149983 -17.2002
270000 65000 149981 -18.6081
265000 70000 149985 -15.4354
270000 70000 149982 -17.7584
270000 60000 149983 -16.7462
275000 60000 149982 -18.4509
270000 65000 149981 -18.6081
275000 65000 149981 -19.0175
275000 60000 149982 -18.4509
280000 60000 149981 -19.1
275000 65000 149981 -19.0175
280000 65000 149981 -18.5576
270000 65000 149981 -18.6081
275000 65000 149981 -19.0175
270000 70000 149982 -17.7584
275000 70000 149982 -18.4012
275000 65000 149981 -19.0175
280000 65000 149981 -18.5576
275000 70000 149982 -18.4012
280000 70000 149981 -18.6777
280000 60000 149981 -19.1
285000 60000 149980 -19.6214
280000 65000 149981 -18.5576
285000 65000 149981 -19.208
285000 60000 149980 -19.6214
290000 60000 149981 -19.3898
285000 65000 149981 -19.208
290000 65000 149981 -19.4319
280000 65000 149981 -18.5576
285000 65000 149981 -19.208
280000 70000 149981 -18.6777
285000 70000 149982 -18.26
285000 65000 149981 -19.208
290000 65000 149981 -19.4319
285000 70000 149982 -18.26
290000 70000 149980 -19.5911
290000 60000 149981 -19.3898
295000 60000 149980 -19.9658
290000 65000 149981 -19.4319
295000 65000 149980 -20.3102
295000 60000 149980 -19.9658
300000 60000 149979 -20.6109
295000 65000 149980 -20.3102
300000 65000 149980 -20.3446
290000 65000 149981 -19.4319
295000 65000 149980 -20.3102
290000 70000 149980 -19.5911
295000 70000 149980 -19.5638
295000 65000 149980 -20.3102
300000 65000 149980 -20.3446
295000 70000 149980 -19.5638
300000 70000 149980 -20.1904
200000 70000 150021 20.8718
205000 70000 150017 16.7047
200000 75000 150021 20.8385
205000 75000 150019 18.9121
205000 70000 150017 16.7047
210000 70000 150011 11.4385
205000 75000 150019 18.9121
210000 75000 150015 15.3005
200000 75000 150021 20.8385
205000 75000 150019 18.9121
200000 80000 150023 23.0199
205000 80000 150019 18.8509
205000 75000 150019 18.9121
210000 75000 150015 15.3005
205000 80000 150019 18.8509
210000 80000 150015 15.1074
210000 70000 150011 11.4385
215000 70000 150009 9.0635
210000 75000 150015 15.3005
215000 75000 150010 10.4053
215000 70000 150009 9.0635
220000 70000 150003 3.26179
215000 75000 150010 10.4053
220000 75000 150005 4.73922
210000 75000 150015 15.3005
215000 75000 150010 10.4053
210000 80000 150015 15.1074
215000 80000 150010 10.3822
215000 75000 150010 10.4053
220000 75000 150005 4.73922
215000 80000 150010 10.3822
220000 80000 150006 6.26926
220000 70000 150003 3.26179
225000 70000 150002 2.23969
220000 75000 150005 4.73922
225000 75000 150002 1.97273
225000 70000 150002 2.23969
230000 70000 149997 -2.75653
225000 75000 150002 1.97273
230000 75000 149999 -1.0934
220000 75000 150005 4.73922
225000 75000 150002 1.97273
220000 80000 150006 6.26926
225000 80000 150002 1.83724
225000 75000 150002 1.97273
230000 75000 149999 -1.0934
225000 80000 150002 1.83724
230000 80000 149997 -3.0665
230000 70000 149997 -2.75653
235000 70000 149994 -5.52163
230000 75000 149999 -1.0934
235000 75000 149992 -7.59518
235000 70000 149994 -5.52163
240000 70000 149993 -7.25171
235000 75000 149992 -7.59518
240000 75000 149990 -9.95646
230000 75000 149999 -1.0934
235000 75000 149992 -7.59518
230000 80000 149997 -3.0665
235000 80000 149995 -4.99373
235000 75000 149992 -7.59518
240000 75000 149990 -9.95646
235000 80000 149995 -4.99373
240000 80000 149993 -7.21492
240000 70000 149993 -7.25171
245000 70000 149989 -10.7976
240000 75000 149990 -9.95646
245000 75000 149987 -12.906
245000 70000 149989 -10.7976
250000 70000 149989 -10.5788
245000 75000 149987 -12.906
250000 75000 149986 -14.2976
240000 75000 149990 -9.95646
245000 75000 149987 -12.906
240000 80000 149993 -7.21492
245000 80000 149990 -9.74509
245000 75000 149987 -12.906
250000 75000 149986 -14.2976
245000 80000 149990 -9.74509
250000 80000 149990 -10.4124
250000 70000 149989 -10.5788
255000 70000 149986 -14.181
250000 75000 149986 -14.2976
255000 75000 149986 -14.4493
255000 70000 149986 -14.181
260000 70000 149985 -14.5705
255000 75000 149986 -14.4493
260000 75000 149984 -16.29
250000 75000 149986 -14.2976
255000 75000 149986 -14.4493
250000 80000 149990 -10.4124
255000 80000 149987 -12.6091
255000 75000 149986 -14.4493
260000 75000 149984 -16.29
255000 80000 149987 -12.6091
260000 80000 149984 -16.1746
260000 70000 149985 -14.5705
265000 70000 149985 -15.4354
260000 75000 149984 -16.29
265000 75000 149983 -17.3351
265000 70000 149985 -15.4354
270000 70000 149982 -17.7584
265000 75000 149983 -17.3351
270000 75000 149984 -16.4605
260000 75000 149984 -16.29
265000 75000 149983 -17.3351
260000 80000 149984 -16.1746
265000 80000 149983 -16.7283
265000 75000 149983 -17.3351
270000 75000 149984 -16.4605
265000 80000 149983 -16.7283
270000 80000 149982 -17.9867
270000 70000 149982 -17.7584
275000 70000 149982 -18.4012
270000 75000 149984 -16.4605
275000 75000 149982 -17.8856
275000 70000 149982 -18.4012
280000 70000 149981 -18.6777
275000 75000 149982 -17.8856
280000 75000 149983 -17.0428
270000 75000 149984 -16.4605
275000 75000 149982 -17.8856
270000 80000 149982 -17.9867
275000 80000 149982 -17.9757
275000 75000 149982 -17.8856
280000 75000 149983 -17.0428
275000 80000 149982 -17.9757
280000 80000 149981 -18.634
280000 70000 149981 -18.6777
285000 70000 149982 -18.26
280000 75000 149983 -17.0428
285000 75000 149982 -18.3792
285000 70000 149982 -18.26
290000 70000 149980 -19.5911
285000 75000 149982 -18.3792
290000 75000 149981 -19.0022
280000 75000 149983 -17.0428
285000 75000 149982 -18.3792
280000 80000 149981 -18.634
285000 80000 149981 -19.1596
285000 75000 149982 -18.3792
290000 75000 149981 -19.0022
285000 80000 149981 -19.1596
290000 80000 149981 -18.7062
290000 70000 149980 -19.5911
295000 70000 149980 -19.5638
290000 75000 149981 -19.0022
295000 75000 149981 -19.4838
295000 70000 149980 -19.5638
300000 70000 149980 -20.1904
295000 75000 149981 -19.4838
300000 75000 149981 -19.3172
290000 75000 149981 -19.0022
295000 75000 149981 -19.4838
290000 80000 149981 -18.7062
295000 80000 149981 -19.1497
295000 75000 149981 -19.4838
300000 75000 149981 -19.3172
295000 80000 149981 -19.1497
300000 80000 149980 -20.0014
160000 80000 149919 -81.3355
165000 80000 149937 -63.4146
160000 85000 149936 -63.7827
165000 85000 149919 -81.4348
165000 80000 149937 -63.4146
170000 80000 149977 -22.9866
165000 85000 149919 -81.4348
170000 85000 149963 -37.1751
160000 85000 149936 -63.7827
165000 85000 149919 -81.4348
160000 90000 149963 -37.466
165000 90000 149926 -73.9311
165000 85000 149919 -81.4348
170000 85000 149963 -37.1751
165000 90000 149926 -73.9311
170000 90000 149939 -60.7589
170000 80000 149977 -22.9866
175000 80000 150010 9.69041
170000 85000 149963 -37.1751
175000 85000 149992 -8.24533
175000 80000 150010 9.69041
180000 80000 150024 24.4572
175000 85000 149992 -8.24533
180000 85000 150019 18.533
170000 85000 149963 -37.1751
175000 85000 149992 -8.24533
170000 90000 149939 -60.7589
175000 90000 149976 -23.8119
175000 85000 149992 -8.24533
180000 85000 150019 18.533
175000 90000 149976 -23.8119
180000 90000 150006 5.99264
180000 80000 150024 24.4572
185000 80000 150026 25.8091
180000 85000 150019 18.533
185000 85000 150027 27.3567
185000 80000 150026 25.8091
190000 80000 150026 26.1557
185000 85000 150027 27.3567
190000 85000 150025 24.8815
180000 85000 150019 18.533
185000 85000 150027 27.3567
180000 90000 150006 5.99264
185000 90000 150028 28.2958
185000 85000 150027 27.3567
190000 85000 150025 24.8815
185000 90000 150028 28.2958
190000 90000 150027 27.3771
190000 80000 150026 26.1557
195000 80000 150024 24.2977
190000 85000 150025 24.8815
195000 85000 150022 22.3912
195000 80000 150024 24.2977
200000 80000 150023 23.0199
195000 85000 150022 22.3912
200000 85000 150022 21.7406
190000 85000 150025 24.8815
195000 85000 150022 22.3912
190000 90000 150027 27.3771
195000 90000 150023 23.0581
195000 85000 150022 22.3912
200000 85000 150022 21.7406
195000 90000 150023 23.0581
200000 90000 150021 21.4718
200000 80000 150023 23.0199
205000 80000 150019 18.8509
200000 85000 150022 21.7406
205000 85000 150019 19.136
205000 80000 150019 18.8509
210000 80000 150015 15.1074
205000 85000 150019 19.136
210000 85000 150018 17.7362
200000 85000 150022 21.7406
205000 85000 150019 19.136
200000 90000 150021 21.4718
205000 90000 150019 19.3155
205000 85000 150019 19.136
210000 85000 150018 17.7362
205000 90000 150019 19.3155
210000 90000 150015 14.6345
210000 80000 150015 15.1074
215000 80000 150010 10.3822
210000 85000 150018 17.7362
215000 85000 150013 12.9102
215000 80000 150010 10.3822
220000 80000 150006 6.26926
215000 85000 150013 12.9102
220000 85000 150007 6.69998
210000 85000 150018 17.7362
215000 85000 150013 12.9102
210000 90000 150015 14.6345
215000 90000 150010 10.0334
215000 85000 150013 12.9102
220000 85000 150007 6.69998
215000 90000 150010 10.0334
220000 90000 150006 5.72501
220000 80000 150006 6.26926
225000 80000 150002 1.83724
220000 85000 150007 6.69998
225000 85000 150003 3.04815
225000 80000 150002 1.83724
230000 80000 149997 -3.0665
225000 85000 150003 3.04815
230000 85000 150000 0.422984
220000 85000 150007 6.69998
225000 85000 150003 3.04815
220000 90000 150006 5.72501
225000 90000 150004 4.43366
225000 85000 150003 3.04815
230000 85000 150000 0.422984
225000 90000 150004 4.43366
230000 90000 150000 -0.282472
230000 80000 149997 -3.0665
235000 80000 149995 -4.99373
230000 85000 150000 0.422984
235000 85000 149997 -3.20012
235000 80000 149995 -4.99373
240000 80000 149993 -7.21492
235000 85000 149997 -3.20012
240000 85000 149993 -7.41078
230000 85000 150000 0.422984
235000 85000 149997 -3.20012
230000 90000 150000 -0.282472
235000 90000 149995 -4.87887
235000 85000 149997 -3.20012
240000 85000 149993 -7.41078
235000 90000 149995 -4.87887
240000 90000 149992 -8.1031
240000 80000 149993 -7.21492
245000 80000 149990 -9.74509
240000 85000 149993 -7.41078
245000 85000 149989 -11.2151
245000 80000 149990 -9.74509
250000 80000 149990 -10.4124
245000 85000 149989 -11.2151
250000 85000 149989 -11.1582
240000 85000 149993 -7.41078
245000 85000 149989 -11.2151
240000 90000 149992 -8.1031
245000 90000 149990 -10.1129
245000 85000 149989 -11.2151
250000 85000 149989 -11.1582
245000 90000 149990 -10.1129
250000 90000 149987 -12.9748
250000 80000 149990 -10.4124
255000 80000 149987 -12.6091
250000 85000 149989 -11.1582
255000 85000 149985 -15.1812
255000 80000 149987 -12.6091
260000 80000 149984 -16.1746
255000 85000 149985 -15.1812
260000 85000 149984 -16.4085
250000 85000 149989 -11.1582
255000 85000 149985 -15.1812
250000 90000 149987 -12.9748
255000 90000 149986 -13.5863
255000 85000 149985 -15.1812
260000 85000 149984 -16.4085
255000 90000 149986 -13.5863
260000 90000 149985 -14.786
260000 80000 149984 -16.1746
265000 80000 149983 -16.7283
260000 85000 149984 -16.4085
265000 85000 149982 -17.6084
265000 80000 149983 -16.7283
270000 80000 149982 -17.9867
265000 85000 149982 -17.6084
270000 85000 149983 -16.837
260000 85000 149984 -16.4085
265000 85000 149982 -17.6084
260000 90000 149985 -14.786
265000 90000 149983 -16.5285
265000 85000 149982 -17.6084
270000 85000 149983 -16.837
265000 90000 149983 -16.5285
270000 90000 149982 -17.8328
270000 80000 149982 -17.9867
275000 80000 149982 -17.9757
270000 85000 149983 -16.837
275000 85000 149982 -18.3184
275000 80000 149982 -17.9757
280000 80000 149981 -18.634
275000 85000 149982 -18.3184
280000 85000 149982 -18.1526
270000 85000 149983 -16.837
275000 85000 149982 -18.3184
270000 90000 149982 -17.8328
275000 90000 149982 -17.8699
275000 85000 149982 -18.3184
280000 85000 149982 -18.1526
275000 90000 149982 -17.8699
280000 90000 149982 -18.2638
280000 80000 149981 -18.634
285000 80000 149981 -19.1596
280000 85000 149982 -18.1526
285000 85000 149981 -19.348
285000 80000 149981 -19.1596
290000 80000 149981 -18.7062
285000 85000 149981 -19.348
290000 85000 149980 -19.6114
280000 85000 149982 -18.1526
285000 85000 149981 -19.348
280000 90000 149982 -18.2638
285000 90000 149981 -18.7811
285000 85000 149981 -19.348
290000 85000 149980 -19.6114
285000 90000 149981 -18.7811
290000 90000 149980 -19.6886
290000 80000 149981 -18.7062
295000 80000 149981 -19.1497
290000 85000 149980 -19.6114
295000 85000 149980 -20.0092
295000 80000 149981 -19.1497
300000 80000 149980 -20.0014
295000 85000 149980 -20.0092
300000 85000 149980 -20.2606
290000 85000 149980 -19.6114
295000 85000 149980 -20.0092
290000 90000 149980 -19.6886
295000 90000 149980 -20.1487
295000 85000 149980 -20.0092
300000 85000 149980 -20.2606
295000 90000 149980 -20.1487
300000 90000 149980 -20.3299
160000 90000 149963 -37.466
165000 90000 149926 -73.9311
160000 95000 149977 -23.4817
165000 95000 149946 -53.8109
165000 90000 149926 -73.9311
170000 90000 149939 -60.7589
165000 95000 149946 -53.8109
170000 95000 149931 -68.6166
160000 95000 149977 -23.4817
165000 95000 149946 -53.8109
160000 100000 149983 -17.1131
165000 100000 149965 -35.2444
165000 95000 149946 -53.8109
170000 95000 149931 -68.6166
165000 100000 149965 -35.2444
170000 100000 149943 -57.1355
170000 90000 149939 -60.7589
175000 90000 149976 -23.8119
170000 95000 149931 -68.6166
175000 95000 149963 -36.7718
175000 90000 149976 -23.8119
180000 90000 150006 5.99264
175000 95000 149963 -36.7718
180000 95000 149992 -8.08693
170000 95000 149931 -68.6166
175000 95000 149963 -36.7718
170000 100000 149943 -57.1355
175000 100000 149952 -47.8979
175000 95000 149963 -36.7718
180000 95000 149992 -8.08693
175000 100000 149952 -47.8979
180000 100000 149978 -21.7445
180000 90000 150006 5.99264
185000 90000 150028 28.2958
180000 95000 149992 -8.08693
185000 95000 150021 21.051
185000 90000 150028 28.2958
190000 90000 150027 27.3771
185000 95000 150021 21.051
190000 95000 150027 27.0882
180000 95000 149992 -8.08693
185000 95000 150021 21.051
180000 100000 149978 -21.7445
185000 100000 150012 12.1409
185000 95000 150021 21.051
190000 95000 150027 27.0882
185000 100000 150012 12.1409
190000 100000 150025 25.3103
190000 90000 150027 27.3771
195000 90000 150023 23.0581
190000 95000 150027 27.0882
195000 95000 150025 24.7931
195000 90000 150023 23.0581
200000 90000 150021 21.4718
195000 95000 150025 24.7931
200000 95000 150021 21.1231
190000 95000 150027 27.0882
195000 95000 150025 24.7931
190000 100000 150025 25.3103
195000 100000 150024 23.9174
195000 95000 150025 24.7931
200000 95000 150021 21.1231
195000 100000 150024 23.9174
200000 100000 150020 20.3498
200000 90000 150021 21.4718
205000 90000 150019 19.3155
200000 95000 150021 21.1231
205000 95000 150019 18.6264
205000 90000 150019 19.3155
210000 90000 150015 14.6345
205000 95000 150019 18.6264
210000 95000 150018 17.5201
200000 95000 150021 21.1231
205000 95000 150019 18.6264
200000 100000 150020 20.3498
205000 100000 150018 18.315
205000 95000 150019 18.6264
210000 95000 150018 17.5201
205000 100000 150018 18.315
210000 100000 150014 14.2602
210000 90000 150015 14.6345
215000 90000 150010 10.0334
210000 95000 150018 17.5201
215000 95000 150011 11.208
215000 90000 150010 10.0334
220000 90000 150006 5.72501
215000 95000 150011 11.208
220000 95000 150006 6.37101
210000 95000 150018 17.5201
215000 95000 150011 11.208
210000 100000 150014 14.2602
215000 100000 150014 13.8204
215000 95000 150011 11.208
220000 95000 150006 6.37101
215000 100000 150014 13.8204
220000 100000 150008 8.23223
220000 90000 150006 5.72501
225000 90000 150004 4.43366
220000 95000 150006 6.37101
225000 95000 150004 3.85278
225000 90000 150004 4.43366
230000 90000 150000 -0.282472
225000 95000 150004 3.85278
230000 95000 149998 -1.59618
220000 95000 150006 6.37101
225000 95000 150004 3.85278
220000 100000 150008 8.23223
225000 100000 150004 4.11148
225000 95000 150004 3.85278
230000 95000 149998 -1.59618
225000 100000 150004 4.11148
230000 100000 150000 0.421641
230000 90000 150000 -0.282472
235000 90000 149995 -4.87887
230000 95000 149998 -1.59618
235000 95000 149995 -5.10151
235000 90000 149995 -4.87887
240000 90000 149992 -8.1031
235000 95000 149995 -5.10151
240000 95000 149994 -6.06796
230000 95000 149998 -1.59618
235000 95000 149995 -5.10151
230000 100000 150000 0.421641
235000 100000 149997 -3.21112
235000 95000 149995 -5.10151
240000 95000 149994 -6.06796
235000 100000 149997 -3.21112
240000 100000 149992 -8.3842
240000 90000 149992 -8.1031
245000 90000 149990 -10.1129
240000 95000 149994 -6.06796
245000 95000 149991 -8.90271
245000 90000 149990 -10.1129
250000 90000 149987 -12.9748
245000 95000 149991 -8.90271
250000 95000 149987 -13.1971
240000 95000 149994 -6.06796
245000 95000 149991 -8.90271
240000 100000 149992 -8.3842
245000 100000 149988 -11.5262
245000 95000 149991 -8.90271
250000 95000 149987 -13.1971
245000 100000 149988 -11.5262
250000 100000 149988 -12.2259
250000 90000 149987 -12.9748
255000 90000 149986 -13.5863
250000 95000 149987 -13.1971
255000 95000 149984 -15.7329
255000 90000 149986 -13.5863
260000 90000 149985 -14.786
255000 95000 149984 -15.7329
260000 95000 149984 -16.2339
250000 95000 149987 -13.1971
255000 95000 149984 -15.7329
250000 100000 149988 -12.2259
255000 100000 149985 -14.8059
255000 95000 149984 -15.7329
260000 95000 149984 -16.2339
255000 100000 149985 -14.8059
260000 100000 149983 -16.5716
260000 90000 149985 -14.786
265000 90000 149983 -16.5285
260000 95000 149984 -16.2339
265000 95000 149983 -16.6571
265000 90000 149983 -16.5285
270000 90000 149982 -17.8328
265000 95000 149983 -16.6571
270000 95000 149982 -17.9018
260000 95000 149984 -16.2339
265000 95000 149983 -16.6571
260000 100000 149983 -16.5716
265000 100000 149984 -15.8482
265000 95000 149983 -16.6571
270000 95000 149982 -17.9018
265000 100000 149984 -15.8482
270000 100000 149983 -16.8271
270000 90000 149982 -17.8328
275000 90000 149982 -17.8699
270000 95000 149982 -17.9018
275000 95000 149982 -17.6955
275000 90000 149982 -17.8699
280000 90000 149982 -18.2638
275000 95000 149982 -17.6955
280000 95000 149981 -18.9417
270000 95000 149982 -17.9018
275000 95000 149982 -17.6955
270000 100000 149983 -16.8271
275000 100000 149982 -18.1707
275000 95000 149982 -17.6955
280000 95000 149981 -18.9417
275000 100000 149982 -18.1707
280000 100000 149981 -18.7833
280000 90000 149982 -18.2638
285000 90000 149981 -18.7811
280000 95000 149981 -18.9417
285000 95000 149981 -19.0404
285000 90000 149981 -18.7811
290000 90000 149980 -19.6886
285000 95000 149981 -19.0404
290000 95000 149981 -19.1937
280000 95000 149981 -18.9417
285000 95000 149981 -19.0404
280000 100000 149981 -18.7833
285000 100000 149981 -18.5842
285000 95000 149981 -19.0404
290000 95000 149981 -19.1937
285000 100000 149981 -18.5842
290000 100000 149981 -18.9616
290000 90000 149980 -19.6886
295000 90000 149980 -20.1487
290000 95000 149981 -19.1937
295000 95000 149981 -19.1532
295000 90000 149980 -20.1487
300000 90000 149980 -20.3299
295000 95000 149981 -19.1532
300000 95000 149980 -20.3787
290000 95000 149981 -19.1937
295000 95000 149981 -19.1532
290000 100000 149981 -18.9616
295000 100000 149980 -19.6476
295000 95000 149981 -19.1532
300000 95000 149980 -20.3787
295000 100000 149980 -19.6476
300000 100000 149980 -20.4072
160000 100000 149983 -17.1131
165000 100000 149965 -35.2444
160000 105000 149987 -12.8118
165000 105000 149974 -25.5214
165000 100000 149965 -35.2444
170000 100000 149943 -57.1355
165000 105000 149974 -25.5214
170000 105000 149960 -40.2426
160000 105000 149987 -12.8118
165000 105000 149974 -25.5214
160000 110000 149991 -9.38896
165000 110000 149977 -22.953
165000 105000 149974 -25.5214
170000 105000 149960 -40.2426
165000 110000 149977 -22.953
170000 110000 149972 -28.257
170000 100000 149943 -57.1355
175000 100000 149952 -47.8979
170000 105000 149960 -40.2426
175000 105000 149963 -37.4969
175000 100000 149952 -47.8979
180000 100000 149978 -21.7445
175000 105000 149963 -37.4969
180000 105000 149977 -22.6291
170000 105000 149960 -40.2426
175000 105000 149963 -37.4969
170000 110000 149972 -28.257
175000 110000 149973 -27.2357
175000 105000 149963 -37.4969
180000 105000 149977 -22.6291
175000 110000 149973 -27.2357
180000 110000 149981 -19.2107
180000 100000 149978 -21.7445
185000 100000 150012 12.1409
180000 105000 149977 -22.6291
185000 105000 150002 2.45517
185000 100000 150012 12.1409
190000 100000 150025 25.3103
185000 105000 150002 2.45517
190000 105000 150018 18.051
180000 105000 149977 -22.6291
185000 105000 150002 2.45517
180000 110000 149981 -19.2107
185000 110000 149997 -3.12695
185000 105000 150002 2.45517
190000 105000 150018 18.051
185000 110000 149997 -3.12695
190000 110000 150010 10.3063
190000 100000 150025 25.3103
195000 100000 150024 23.9174
190000 105000 150018 18.051
195000 105000 150021 21.1872
195000 100000 150024 23.9174
200000 100000 150020 20.3498
195000 105000 150021 21.1872
200000 105000 150019 18.7075
190000 105000 150018 18.051
195000 105000 150021 21.1872
190000 110000 150010 10.3063
195000 110000 150016 16.3013
195000 105000 150021 21.1872
200000 105000 150019 18.7075
195000 110000 150016 16.3013
200000 110000 150016 16.3665
200000 100000 150020 20.3498
205000 100000 150018 18.315
200000 105000 150019 18.7075
205000 105000 150016 16.139
205000 100000 150018 18.315
210000 100000 150014 14.2602
205000 105000 150016 16.139
210000 105000 150014 13.8623
200000 105000 150019 18.7075
205000 105000 150016 16.139
200000 110000 150016 16.3665
205000 110000 150016 15.5414
205000 105000 150016 16.139
210000 105000 150014 13.8623
205000 110000 150016 15.5414
210000 110000 150013 12.8564
210000 100000 150014 14.2602
215000 100000 150014 13.8204
210000 105000 150014 13.8623
215000 105000 150011 10.7397
215000 100000 150014 13.8204
220000 100000 150008 8.23223
215000 105000 150011 10.7397
220000 105000 150009 8.83105
210000 105000 150014 13.8623
215000 105000 150011 10.7397
210000 110000 150013 12.8564
215000 110000 150009 8.98543
215000 105000 150011 10.7397
220000 105000 150009 8.83105
215000 110000 150009 8.98543
220000 110000 150006 5.67782
220000 100000 150008 8.23223
225000 100000 150004 4.11148
220000 105000 150009 8.83105
225000 105000 150006 6.24193
225000 100000 150004 4.11148
230000 100000 150000 0.421641
225000 105000 150006 6.24193
230000 105000 150000 0.430069
220000 105000 150009 8.83105
225000 105000 150006 6.24193
220000 110000 150006 5.67782
225000 110000 150003 2.86435
225000 105000 150006 6.24193
230000 105000 150000 0.430069
225000 110000 150003 2.86435
230000 110000 150000 -0.0931133
230000 100000 150000 0.421641
235000 100000 149997 -3.21112
230000 105000 150000 0.430069
235000 105000 149996 -4.48757
235000 100000 149997 -3.21112
240000 100000 149992 -8.3842
235000 105000 149996 -4.48757
240000 105000 149994 -6.30045
230000 105000 150000 0.430069
235000 105000 149996 -4.48757
230000 110000 150000 -0.0931133
235000 110000 149997 -3.2352
235000 105000 149996 -4.48757
240000 105000 149994 -6.30045
235000 110000 149997 -3.2352
240000 110000 149990 -9.6596
240000 100000 149992 -8.3842
245000 100000 149988 -11.5262
240000 105000 149994 -6.30045
245000 105000 149991 -8.8962
245000 100000 149988 -11.5262
250000 100000 149988 -12.2259
245000 105000 149991 -8.8962
250000 105000 149988 -12.0086
240000 105000 149994 -6.30045
245000 105000 149991 -8.8962
240000 110000 149990 -9.6596
245000 110000 149990 -10.0099
245000 105000 149991 -8.8962
250000 105000 149988 -12.0086
245000 110000 149990 -10.0099
250000 110000 149988 -12.0438
250000 100000 149988 -12.2259
255000 100000 149985 -14.8059
250000 105000 149988 -12.0086
255000 105000 149986 -13.9262
255000 100000 149985 -14.8059
260000 100000 149983 -16.5716
255000 105000 149986 -13.9262
260000 105000 149986 -14.3583
250000 105000 149988 -12.0086
255000 105000 149986 -13.9262
250000 110000 149988 -12.0438
255000 110000 149987 -13.4411
255000 105000 149986 -13.9262
260000 105000 149986 -14.3583
255000 110000 149987 -13.4411
260000 110000 149985 -14.9778
260000 100000 149983 -16.5716
265000 100000 149984 -15.8482
260000 105000 149986 -14.3583
265000 105000 149984 -15.7731
265000 100000 149984 -15.8482
270000 100000 149983 -16.8271
265000 105000 149984 -15.7731
270000 105000 149982 -17.8655
260000 105000 149986 -14.3583
265000 105000 149984 -15.7731
260000 110000 149985 -14.9778
265000 110000 149984 -15.8006
265000 105000 149984 -15.7731
270000 105000 149982 -17.8655
265000 110000 149984 -15.8006
270000 110000 149982 -17.9083
270000 100000 149983 -16.8271
275000 100000 149982 -18.1707
270000 105000 149982 -17.8655
275000 105000 149982 -17.5911
275000 100000 149982 -18.1707
280000 100000 149981 -18.7833
275000 105000 149982 -17.5911
280000 105000 149981 -18.8538
270000 105000 149982 -17.8655
275000 105000 149982 -17.5911
270000 110000 149982 -17.9083
275000 110000 149982 -18.3943
275000 105000 149982 -17.5911
280000 105000 149981 -18.8538
275000 110000 149982 -18.3943
280000 110000 149981 -18.574
280000 100000 149981 -18.7833
285000 100000 149981 -18.5842
280000 105000 149981 -18.8538
285000 105000 149981 -19.4158
285000 100000 149981 -18.5842
290000 100000 149981 -18.9616
285000 105000 149981 -19.4158
290000 105000 149981 -19.2132
280000 105000 149981 -18.8538
285000 105000 149981 -19.4158
280000 110000 149981 -18.574
285000 110000 149981 -18.7401
285000 105000 149981 -19.4158
290000 105000 149981 -19.2132
285000 110000 149981 -18.7401
290000 110000 149981 -18.8769
290000 100000 149981 -18.9616
295000 100000 149980 -19.6476
290000 105000 149981 -19.2132
295000 105000 149981 -19.4079
295000 100000 149980 -19.6476
300000 100000 149980 -20.4072
295000 105000 149981 -19.4079
300000 105000 149980 -20.359
290000 105000 149981 -19.2132
295000 105000 149981 -19.4079
290000 110000 149981 -18.8769
295000 110000 149980 -19.7391
295000 105000 149981 -19.4079
300000 105000 149980 -20.359
295000 110000 149980 -19.7391
300000 110000 149980 -19.9988
160000 110000 149991 -9.38896
165000 110000 149977 -22.953
160000 115000 149983 -17.0212
165000 115000 149978 -21.7445
165000 110000 149977 -22.953
170000 110000 149972 -28.257
165000 115000 149978 -21.7445
170000 115000 149976 -23.9878
160000 115000 149983 -17.0212
165000 115000 149978 -21.7445
160000 120000 149993 -7.38367
165000 120000 149985 -15.3312
165000 115000 149978 -21.7445
170000 115000 149976 -23.9878
165000 120000 149985 -15.3312
170000 120000 149979 -21.3474
170000 110000 149972 -28.257
175000 110000 149973 -27.2357
170000 115000 149976 -23.9878
175000 115000 149977 -22.7307
175000 110000 149973 -27.2357
180000 110000 149981 -19.2107
175000 115000 149977 -22.7307
180000 115000 149981 -18.9912
170000 115000 149976 -23.9878
175000 115000 149977 -22.7307
170000 120000 149979 -21.3474
175000 120000 149980 -20.1757
175000 115000 149977 -22.7307
180000 115000 149981 -18.9912
175000 120000 149980 -20.1757
180000 120000 149984 -15.72
180000 110000 149981 -19.2107
185000 110000 149997 -3.12695
180000 115000 149981 -18.9912
185000 115000 149992 -7.93961
185000 110000 149997 -3.12695
190000 110000 150010 10.3063
185000 115000 149992 -7.93961
190000 115000 150007 7.16586
180000 115000 149981 -18.9912
185000 115000 149992 -7.93961
180000 120000 149984 -15.72
185000 120000 149993 -6.98425
185000 115000 149992 -7.93961
190000 115000 150007 7.16586
185000 120000 149993 -6.98425
190000 120000 150004 3.60729
190000 110000 150010 10.3063
195000 110000 150016 16.3013
190000 115000 150007 7.16586
195000 115000 150010 10.4232
195000 110000 150016 16.3013
200000 110000 150016 16.3665
195000 115000 150010 10.4232
200000 115000 150015 14.963
190000 115000 150007 7.16586
195000 115000 150010 10.4232
190000 120000 150004 3.60729
195000 120000 150012 12.4691
195000 115000 150010 10.4232
200000 115000 150015 14.963
195000 120000 150012 12.4691
200000 120000 150016 15.5462
200000 110000 150016 16.3665
205000 110000 150016 15.5414
200000 115000 150015 14.963
205000 115000 150017 16.5426
205000 110000 150016 15.5414
210000 110000 150013 12.8564
205000 115000 150017 16.5426
210000 115000 150016 16.0057
200000 115000 150015 14.963
205000 115000 150017 16.5426
200000 120000 150016 15.5462
205000 120000 150017 16.7304
205000 115000 150017 16.5426
210000 115000 150016 16.0057
205000 120000 150017 16.7304
210000 120000 150015 15.4643
210000 110000 150013 12.8564
215000 110000 150009 8.98543
210000 115000 150016 16.0057
215000 115000 150011 10.785
215000 110000 150009 8.98543
220000 110000 150006 5.67782
215000 115000 150011 10.785
220000 115000 150009 8.50095
210000 115000 150016 16.0057
215000 115000 150011 10.785
210000 120000 150015 15.4643
215000 120000 150012 12.4783
215000 115000 150011 10.785
220000 115000 150009 8.50095
215000 120000 150012 12.4783
220000 120000 150009 8.52495
220000 110000 150006 5.67782
225000 110000 150003 2.86435
220000 115000 150009 8.50095
225000 115000 150003 2.87938
225000 110000 150003 2.86435
230000 110000 150000 -0.0931133
225000 115000 150003 2.87938
230000 115000 149996 -3.89803
220000 115000 150009 8.50095
225000 115000 150003 2.87938
220000 120000 150009 8.52495
225000 120000 150005 5.41542
225000 115000 150003 2.87938
230000 115000 149996 -3.89803
225000 120000 150005 5.41542
230000 120000 149999 -0.68433
230000 110000 150000 -0.0931133
235000 110000 149997 -3.2352
230000 115000 149996 -3.89803
235000 115000 149994 -6.34915
235000 110000 149997 -3.2352
240000 110000 149990 -9.6596
235000 115000 149994 -6.34915
240000 115000 149995 -4.76654
230000 115000 149996 -3.89803
235000 115000 149994 -6.34915
230000 120000 149999 -0.68433
235000 120000 149997 -2.50057
235000 115000 149994 -6.34915
240000 115000 149995 -4.76654
235000 120000 149997 -2.50057
240000 120000 149995 -4.82413
240000 110000 149990 -9.6596
245000 110000 149990 -10.0099
240000 115000 149995 -4.76654
245000 115000 149991 -8.59638
245000 110000 149990 -10.0099
250000 110000 149988 -12.0438
245000 115000 149991 -8.59638
250000 115000 149989 -10.532
240000 115000 149995 -4.76654
245000 115000 149991 -8.59638
240000 120000 149995 -4.82413
245000 120000 149992 -8.27272
245000 115000 149991 -8.59638
250000 115000 149989 -10.532
245000 120000 149992 -8.27272
250000 120000 149990 -10.3137
250000 110000 149988 -12.0438
255000 110000 149987 -13.4411
250000 115000 149989 -10.532
255000 115000 149986 -13.6765
255000 110000 149987 -13.4411
260000 110000 149985 -14.9778
255000 115000 149986 -13.6765
260000 115000 149984 -15.6281
250000 115000 149989 -10.532
255000 115000 149986 -13.6765
250000 120000 149990 -10.3137
255000 120000 149986 -14.2303
255000 115000 149986 -13.6765
260000 115000 149984 -15.6281
255000 120000 149986 -14.2303
260000 120000 149986 -13.9597
260000 110000 149985 -14.9778
265000 110000 149984 -15.8006
260000 115000 149984 -15.6281
265000 115000 149983 -16.8974
265000 110000 149984 -15.8006
270000 110000 149982 -17.9083
265000 115000 149983 -16.8974
270000 115000 149984 -16.2152
260000 115000 149984 -15.6281
265000 115000 149983 -16.8974
260000 120000 149986 -13.9597
265000 120000 149984 -16.1144
265000 115000 149983 -16.8974
270000 115000 149984 -16.2152
265000 120000 149984 -16.1144
270000 120000 149983 -17.0289
270000 110000 149982 -17.9083
275000 110000 149982 -18.3943
270000 115000 149984 -16.2152
275000 115000 149982 -17.7092
275000 110000 149982 -18.3943
280000 110000 149981 -18.574
275000 115000 149982 -17.7092
280000 115000 149981 -18.5732
270000 115000 149984 -16.2152
275000 115000 149982 -17.7092
270000 120000 149983 -17.0289
275000 120000 149982 -18.3121
275000 115000 149982 -17.7092
280000 115000 149981 -18.5732
275000 120000 149982 -18.3121
280000 120000 149982 -17.7931
280000 110000 149981 -18.574
285000 110000 149981 -18.7401
280000 115000 149981 -18.5732
285000 115000 149981 -19.4195
285000 110000 149981 -18.7401
290000 110000 149981 -18.8769
285000 115000 149981 -19.4195
290000 115000 149980 -19.5693
280000 115000 149981 -18.5732
285000 115000 149981 -19.4195
280000 120000 149982 -17.7931
285000 120000 149981 -19.4279
285000 115000 149981 -19.4195
290000 115000 149980 -19.5693
285000 120000 149981 -19.4279
290000 120000 149980 -20.1693
290000 110000 149981 -18.8769
295000 110000 149980 -19.7391
290000 115000 149980 -19.5693
295000 115000 149980 -20.1744
295000 110000 149980 -19.7391
300000 110000 149980 -19.9988
295000 115000 149980 -20.1744
300000 115000 149980 -19.6389
290000 115000 149980 -19.5693
295000 115000 149980 -20.1744
290000 120000 149980 -20.1693
295000 120000 149980 -20.4531
295000 115000 149980 -20.1744
300000 115000 149980 -19.6389
295000 120000 149980 -20.4531
300000 120000 149980 -19.9349
