# x y z topography
0 0 150007 6.96957
5000 0 150007 7.40491
0 5000 150007 6.87391
5000 5000 150008 7.52061
5000 0 150007 7.40491
10000 0 150008 8.05177
5000 5000 150008 7.52061
10000 5000 150008 7.9998
0 5000 150007 6.87391
5000 5000 150008 7.52061
0 10000 150007 7.4352
5000 10000 150008 7.84872
5000 5000 150008 7.52061
10000 5000 150008 7.9998
5000 10000 150008 7.84872
10000 10000 150008 8.16511
10000 0 150008 8.05177
15000 0 150008 7.9616
10000 5000 150008 7.9998
15000 5000 150008 8.47448
15000 0 150008 7.9616
20000 0 150008 8.02277
15000 5000 150008 8.47448
20000 5000 150008 7.83081
10000 5000 150008 7.9998
15000 5000 150008 8.47448
10000 10000 150008 8.16511
15000 10000 150008 7.92698
15000 5000 150008 8.47448
20000 5000 150008 7.83081
15000 10000 150008 7.92698
20000 10000 150008 7.95242
20000 0 150008 8.02277
25000 0 150008 7.98221
20000 5000 150008 7.83081
25000 5000 150008 7.79255
25000 0 150008 7.98221
30000 0 150008 7.91774
25000 5000 150008 7.79255
30000 5000 150008 7.96495
20000 5000 150008 7.83081
25000 5000 150008 7.79255
20000 10000 150008 7.95242
25000 10000 150008 7.72338
25000 5000 150008 7.79255
30000 5000 150008 7.96495
25000 10000 150008 7.72338
30000 10000 150008 8.12429
30000 0 150008 7.91774
35000 0 150009 8.79585
30000 5000 150008 7.96495
35000 5000 150008 8.10189
35000 0 150009 8.79585
40000 0 150008 8.39188
35000 5000 150008 8.10189
40000 5000 150008 8.28183
30000 5000 150008 7.96495
35000 5000 150008 8.10189
30000 10000 150008 8.12429
35000 10000 150008 8.13362
35000 5000 150008 8.10189
40000 5000 150008 8.28183
35000 10000 150008 8.13362
40000 10000 150008 8.26461
40000 0 150008 8.39188
45000 0 150009 8.66472
40000 5000 150008 8.28183
45000 5000 150008 8.36904
45000 0 150009 8.66472
50000 0 150011 10.6082
45000 5000 150008 8.36904
50000 5000 150010 10.006
40000 5000 150008 8.28183
45000 5000 150008 8.36904
40000 10000 150008 8.26461
45000 10000 150008 8.36094
45000 5000 150008 8.36904
50000 5000 150010 10.006
45000 10000 150008 8.36094
50000 10000 150009 8.55987
50000 0 150011 10.6082
55000 0 150014 13.5639
50000 5000 150010 10.006
55000 5000 150011 11.3579
55000 0 150014 13.5639
60000 0 150017 17.0004
55000 5000 150011 11.3579
60000 5000 150015 14.7163
50000 5000 150010 10.006
55000 5000 150011 11.3579
50000 10000 150009 8.55987
55000 10000 150009 9.22073
55000 5000 150011 11.3579
60000 5000 150015 14.7163
55000 10000 150009 9.22073
60000 10000 150011 10.8037
60000 0 150017 17.0004
65000 0 150020 19.6564
60000 5000 150015 14.7163
65000 5000 150020 19.8263
65000 0 150020 19.6564
70000 0 150023 23.274
65000 5000 150020 19.8263
70000 5000 150023 23.1052
60000 5000 150015 14.7163
65000 5000 150020 19.8263
60000 10000 150011 10.8037
65000 10000 150013 13.33
65000 5000 150020 19.8263
70000 5000 150023 23.1052
65000 10000 150013 13.33
70000 10000 150017 17.3446
70000 0 150023 23.274
75000 0 150027 26.5419
70000 5000 150023 23.1052
75000 5000 150026 25.8466
75000 0 150027 26.5419
80000 0 150031 31.3489
75000 5000 150026 25.8466
80000 5000 150031 30.529
70000 5000 150023 23.1052
75000 5000 150026 25.8466
70000 10000 150017 17.3446
75000 10000 150025 25.0198
75000 5000 150026 25.8466
80000 5000 150031 30.529
75000 10000 150025 25.0198
80000 10000 150028 28.0671
0 10000 150007 7.4352
5000 10000 150008 7.84872
0 15000 150007 7.34175
5000 15000 150008 7.86948
5000 10000 150008 7.84872
10000 10000 150008 8.16511
5000 15000 150008 7.86948
10000 15000 150008 7.97746
0 15000 150007 7.34175
5000 15000 150008 7.86948
0 20000 150008 7.56343
5000 20000 150008 7.73308
5000 15000 150008 7.86948
10000 15000 150008 7.97746
5000 20000 150008 7.73308
10000 20000 150008 7.67438
10000 10000 150008 8.16511
15000 10000 150008 7.92698
10000 15000 150008 7.97746
15000 15000 150008 7.71706
15000 10000 150008 7.92698
20000 10000 150008 7.95242
15000 15000 150008 7.71706
20000 15000 150008 7.75465
10000 15000 150008 7.97746
15000 15000 150008 7.71706
10000 20000 150008 7.67438
15000 20000 150008 7.69499
15000 15000 150008 7.71706
20000 15000 150008 7.75465
15000 20000 150008 7.69499
20000 20000 150008 7.89925
20000 10000 150008 7.95242
25000 10000 150008 7.72338
20000 15000 150008 7.75465
25000 15000 150008 7.53605
25000 10000 150008 7.72338
30000 10000 150008 8.12429
25000 15000 150008 7.53605
30000 15000 150008 7.71026
20000 15000 150008 7.75465
25000 15000 150008 7.53605
20000 20000 150008 7.89925
25000 20000 150007 7.47908
25000 15000 150008 7.53605
30000 15000 150008 7.71026
25000 20000 150007 7.47908
30000 20000 150008 7.51898
30000 10000 150008 8.12429
35000 10000 150008 8.13362
30000 15000 150008 7.71026
35000 15000 150009 8.7876
35000 10000 150008 8.13362
40000 10000 150008 8.26461
35000 15000 150009 8.7876
40000 15000 150008 8.33744
30000 15000 150008 7.71026
35000 15000 150009 8.7876
30000 20000 150008 7.51898
35000 20000 150008 8.24242
35000 15000 150009 8.7876
40000 15000 150008 8.33744
35000 20000 150008 8.24242
40000 20000 150009 8.94038
40000 10000 150008 8.26461
45000 10000 150008 8.36094
40000 15000 150008 8.33744
45000 15000 150009 8.5736
45000 10000 150008 8.36094
50000 10000 150009 8.55987
45000 15000 150009 8.5736
50000 15000 150010 10.2838
40000 15000 150008 8.33744
45000 15000 150009 8.5736
40000 20000 150009 8.94038
45000 20000 150008 8.41096
45000 15000 150009 8.5736
50000 15000 150010 10.2838
45000 20000 150008 8.41096
50000 20000 150009 8.5837
50000 10000 150009 8.55987
55000 10000 150009 9.22073
50000 15000 150010 10.2838
55000 15000 150012 11.7032
55000 10000 150009 9.22073
60000 10000 150011 10.8037
55000 15000 150012 11.7032
60000 15000 150015 14.895
50000 15000 150010 10.2838
55000 15000 150012 11.7032
50000 20000 150009 8.5837
55000 20000 150009 9.19921
55000 15000 150012 11.7032
60000 15000 150015 14.895
55000 20000 150009 9.19921
60000 20000 150012 11.9667
60000 10000 150011 10.8037
65000 10000 150013 13.33
60000 15000 150015 14.895
65000 15000 150018 17.5354
65000 10000 150013 13.33
70000 10000 150017 17.3446
65000 15000 150018 17.5354
70000 15000 150017 17.3928
60000 15000 150015 14.895
65000 15000 150018 17.5354
60000 20000 150012 11.9667
65000 20000 150018 17.6037
65000 15000 150018 17.5354
70000 15000 150017 17.3928
65000 20000 150018 17.6037
70000 20000 150022 22.0837
70000 10000 150017 17.3446
75000 10000 150025 25.0198
70000 15000 150017 17.3928
75000 15000 150025 24.8644
75000 10000 150025 25.0198
80000 10000 150028 28.0671
75000 15000 150025 24.8644
80000 15000 150028 27.96
70000 15000 150017 17.3928
75000 15000 150025 24.8644
70000 20000 150022 22.0837
75000 20000 150026 25.7811
75000 15000 150025 24.8644
80000 15000 150028 27.96
75000 20000 150026 25.7811
80000 20000 150031 30.5735
0 20000 150008 7.56343
5000 20000 150008 7.73308
0 25000 150007 7.30938
5000 25000 150008 7.68657
5000 20000 150008 7.73308
10000 20000 150008 7.67438
5000 25000 150008 7.68657
10000 25000 150008 8.04924
0 25000 150007 7.30938
5000 25000 150008 7.68657
0 30000 150008 7.58785
5000 30000 150008 7.63592
5000 25000 150008 7.68657
10000 25000 150008 8.04924
5000 30000 150008 7.63592
10000 30000 150008 7.59491
10000 20000 150008 7.67438
15000 20000 150008 7.69499
10000 25000 150008 8.04924
15000 25000 150008 7.8782
15000 20000 150008 7.69499
20000 20000 150008 7.89925
15000 25000 150008 7.8782
20000 25000 150007 7.39577
10000 25000 150008 8.04924
15000 25000 150008 7.8782
10000 30000 150008 7.59491
15000 30000 150007 7.39283
15000 25000 150008 7.8782
20000 25000 150007 7.39577
15000 30000 150007 7.39283
20000 30000 150008 7.7367
20000 20000 150008 7.89925
25000 20000 150007 7.47908
20000 25000 150007 7.39577
25000 25000 150007 7.40781
25000 20000 150007 7.47908
30000 20000 150008 7.51898
25000 25000 150007 7.40781
30000 25000 150008 7.52054
20000 25000 150007 7.39577
25000 25000 150007 7.40781
20000 30000 150008 7.7367
25000 30000 150008 7.58816
25000 25000 150007 7.40781
30000 25000 150008 7.52054
25000 30000 150008 7.58816
30000 30000 150007 7.31304
30000 20000 150008 7.51898
35000 20000 150008 8.24242
30000 25000 150008 7.52054
35000 25000 150008 8.02064
35000 20000 150008 8.24242
40000 20000 150009 8.94038
35000 25000 150008 8.02064
40000 25000 150009 9.0224
30000 25000 150008 7.52054
35000 25000 150008 8.02064
30000 30000 150007 7.31304
35000 30000 150008 7.67054
35000 25000 150008 8.02064
40000 25000 150009 9.0224
35000 30000 150008 7.67054
40000 30000 150009 8.83713
40000 20000 150009 8.94038
45000 20000 150008 8.41096
40000 25000 150009 9.0224
45000 25000 150010 9.82536
45000 20000 150008 8.41096
50000 20000 150009 8.5837
45000 25000 150010 9.82536
50000 25000 150010 10.4846
40000 25000 150009 9.0224
45000 25000 150010 9.82536
40000 30000 150009 8.83713
45000 30000 150009 9.24415
45000 25000 150010 9.82536
50000 25000 150010 10.4846
45000 30000 150009 9.24415
50000 30000 150011 10.5957
50000 20000 150009 8.5837
55000 20000 150009 9.19921
50000 25000 150010 10.4846
55000 25000 150012 11.8101
55000 20000 150009 9.19921
60000 20000 150012 11.9667
55000 25000 150012 11.8101
60000 25000 150014 13.5573
50000 25000 150010 10.4846
55000 25000 150012 11.8101
50000 30000 150011 10.5957
55000 30000 150012 11.8404
55000 25000 150012 11.8101
60000 25000 150014 13.5573
55000 30000 150012 11.8404
60000 30000 150014 13.8575
60000 20000 150012 11.9667
65000 20000 150018 17.6037
60000 25000 150014 13.5573
65000 25000 150016 16.2361
65000 20000 150018 17.6037
70000 20000 150022 22.0837
65000 25000 150016 16.2361
70000 25000 150018 18.1196
60000 25000 150014 13.5573
65000 25000 150016 16.2361
60000 30000 150014 13.8575
65000 30000 150014 14.4677
65000 25000 150016 16.2361
70000 25000 150018 18.1196
65000 30000 150014 14.4677
70000 30000 150018 18.2813
70000 20000 150022 22.0837
75000 20000 150026 25.7811
70000 25000 150018 18.1196
75000 25000 150023 23.1613
75000 20000 150026 25.7811
80000 20000 150031 30.5735
75000 25000 150023 23.1613
80000 25000 150029 28.9683
70000 25000 150018 18.1196
75000 25000 150023 23.1613
70000 30000 150018 18.2813
75000 30000 150023 22.7532
75000 25000 150023 23.1613
80000 25000 150029 28.9683
75000 30000 150023 22.7532
80000 30000 150027 26.6745
0 30000 150008 7.58785
5000 30000 150008 7.63592
0 35000 150008 7.63393
5000 35000 150007 7.48354
5000 30000 150008 7.63592
10000 30000 150008 7.59491
5000 35000 150007 7.48354
10000 35000 150007 7.2532
0 35000 150008 7.63393
5000 35000 150007 7.48354
0 40000 150007 7.4058
5000 40000 150007 7.00777
5000 35000 150007 7.48354
10000 35000 150007 7.2532
5000 40000 150007 7.00777
10000 40000 150007 7.34082
10000 30000 150008 7.59491
15000 30000 150007 7.39283
10000 35000 150007 7.2532
15000 35000 150007 7.28165
15000 30000 150007 7.39283
20000 30000 150008 7.7367
15000 35000 150007 7.28165
20000 35000 150007 7.3555
10000 35000 150007 7.2532
15000 35000 150007 7.28165
10000 40000 150007 7.34082
15000 40000 150007 7.16256
15000 35000 150007 7.28165
20000 35000 150007 7.3555
15000 40000 150007 7.16256
20000 40000 150007 7.41091
20000 30000 150008 7.7367
25000 30000 150008 7.58816
20000 35000 150007 7.3555
25000 35000 150008 7.53972
25000 30000 150008 7.58816
30000 30000 150007 7.31304
25000 35000 150008 7.53972
30000 35000 150007 7.20906
20000 35000 150007 7.3555
25000 35000 150008 7.53972
20000 40000 150007 7.41091
25000 40000 150007 7.0807
25000 35000 150008 7.53972
30000 35000 150007 7.20906
25000 40000 150007 7.0807
30000 40000 150007 7.10616
30000 30000 150007 7.31304
35000 30000 150008 7.67054
30000 35000 150007 7.20906
35000 35000 150007 7.27853
35000 30000 150008 7.67054
40000 30000 150009 8.83713
35000 35000 150007 7.27853
40000 35000 150008 8.1367
30000 35000 150007 7.20906
35000 35000 150007 7.27853
30000 40000 150007 7.10616
35000 40000 150007 7.15756
35000 35000 150007 7.27853
40000 35000 150008 8.1367
35000 40000 150007 7.15756
40000 40000 150008 8.03107
40000 30000 150009 8.83713
45000 30000 150009 9.24415
40000 35000 150008 8.1367
45000 35000 150009 9.23787
45000 30000 150009 9.24415
50000 30000 150011 10.5957
45000 35000 150009 9.23787
50000 35000 150009 9.29714
40000 35000 150008 8.1367
45000 35000 150009 9.23787
40000 40000 150008 8.03107
45000 40000 150008 8.39602
45000 35000 150009 9.23787
50000 35000 150009 9.29714
45000 40000 150008 8.39602
50000 40000 150009 9.16647
50000 30000 150011 10.5957
55000 30000 150012 11.8404
50000 35000 150009 9.29714
55000 35000 150011 10.7767
55000 30000 150012 11.8404
60000 30000 150014 13.8575
55000 35000 150011 10.7767
60000 35000 150013 13.0945
50000 35000 150009 9.29714
55000 35000 150011 10.7767
50000 40000 150009 9.16647
55000 40000 150010 10.1085
55000 35000 150011 10.7767
60000 35000 150013 13.0945
55000 40000 150010 10.1085
60000 40000 150012 12.2343
60000 30000 150014 13.8575
65000 30000 150014 14.4677
60000 35000 150013 13.0945
65000 35000 150017 16.6733
65000 30000 150014 14.4677
70000 30000 150018 18.2813
65000 35000 150017 16.6733
70000 35000 150017 17.166
60000 35000 150013 13.0945
65000 35000 150017 16.6733
60000 40000 150012 12.2343
65000 40000 150015 14.7338
65000 35000 150017 16.6733
70000 35000 150017 17.166
65000 40000 150015 14.7338
70000 40000 150017 17.4514
70000 30000 150018 18.2813
75000 30000 150023 22.7532
70000 35000 150017 17.166
75000 35000 150022 21.6574
75000 30000 150023 22.7532
80000 30000 150027 26.6745
75000 35000 150022 21.6574
80000 35000 150028 27.5065
70000 35000 150017 17.166
75000 35000 150022 21.6574
70000 40000 150017 17.4514
75000 40000 150022 22.3194
75000 35000 150022 21.6574
80000 35000 150028 27.5065
75000 40000 150022 22.3194
80000 40000 150022 22.4827
0 40000 150007 7.4058
5000 40000 150007 7.00777
0 45000 150007 6.71837
5000 45000 150007 7.3459
5000 40000 150007 7.00777
10000 40000 150007 7.34082
5000 45000 150007 7.3459
10000 45000 150007 7.16174
0 45000 150007 6.71837
5000 45000 150007 7.3459
0 50000 150007 6.66627
5000 50000 150007 6.83992
5000 45000 150007 7.3459
10000 45000 150007 7.16174
5000 50000 150007 6.83992
10000 50000 150007 6.64976
10000 40000 150007 7.34082
15000 40000 150007 7.16256
10000 45000 150007 7.16174
15000 45000 150007 6.9732
15000 40000 150007 7.16256
20000 40000 150007 7.41091
15000 45000 150007 6.9732
20000 45000 150007 6.83957
10000 45000 150007 7.16174
15000 45000 150007 6.9732
10000 50000 150007 6.64976
15000 50000 150007 6.95756
15000 45000 150007 6.9732
20000 45000 150007 6.83957
15000 50000 150007 6.95756
20000 50000 150007 6.73727
20000 40000 150007 7.41091
25000 40000 150007 7.0807
20000 45000 150007 6.83957
25000 45000 150007 7.29153
25000 40000 150007 7.0807
30000 40000 150007 7.10616
25000 45000 150007 7.29153
30000 45000 150007 7.07279
20000 45000 150007 6.83957
25000 45000 150007 7.29153
20000 50000 150007 6.73727
25000 50000 150007 6.93022
25000 45000 150007 7.29153
30000 45000 150007 7.07279
25000 50000 150007 6.93022
30000 50000 150007 7.06203
30000 40000 150007 7.10616
35000 40000 150007 7.15756
30000 45000 150007 7.07279
35000 45000 150007 7.08855
35000 40000 150007 7.15756
40000 40000 150008 8.03107
35000 45000 150007 7.08855
40000 45000 150007 7.16515
30000 45000 150007 7.07279
35000 45000 150007 7.08855
30000 50000 150007 7.06203
35000 50000 150007 7.29598
35000 45000 150007 7.08855
40000 45000 150007 7.16515
35000 50000 150007 7.29598
40000 50000 150008 7.72863
40000 40000 150008 8.03107
45000 40000 150008 8.39602
40000 45000 150007 7.16515
45000 45000 150008 8.19949
45000 40000 150008 8.39602
50000 40000 150009 9.16647
45000 45000 150008 8.19949
50000 45000 150009 8.52466
40000 45000 150007 7.16515
45000 45000 150008 8.19949
40000 50000 150008 7.72863
45000 50000 150009 9.27282
45000 45000 150008 8.19949
50000 45000 150009 8.52466
45000 50000 150009 9.27282
50000 50000 150009 9.46087
50000 40000 150009 9.16647
55000 40000 150010 10.1085
50000 45000 150009 8.52466
55000 45000 150011 10.8849
55000 40000 150010 10.1085
60000 40000 150012 12.2343
55000 45000 150011 10.8849
60000 45000 150011 11.0395
50000 45000 150009 8.52466
55000 45000 150011 10.8849
50000 50000 150009 9.46087
55000 50000 150010 10.3739
55000 45000 150011 10.8849
60000 45000 150011 11.0395
55000 50000 150010 10.3739
60000 50000 150012 12.3452
60000 40000 150012 12.2343
65000 40000 150015 14.7338
60000 45000 150011 11.0395
65000 45000 150014 14.4088
65000 40000 150015 14.7338
70000 40000 150017 17.4514
65000 45000 150014 14.4088
70000 45000 150018 18.2493
60000 45000 150011 11.0395
65000 45000 150014 14.4088
60000 50000 150012 12.3452
65000 50000 150015 15.178
65000 45000 150014 14.4088
70000 45000 150018 18.2493
65000 50000 150015 15.178
70000 50000 150017 17.0093
70000 40000 150017 17.4514
75000 40000 150022 22.3194
70000 45000 150018 18.2493
75000 45000 150021 20.9129
75000 40000 150022 22.3194
80000 40000 150022 22.4827
75000 45000 150021 20.9129
80000 45000 150025 24.5737
70000 45000 150018 18.2493
75000 45000 150021 20.9129
70000 50000 150017 17.0093
75000 50000 150019 18.7654
75000 45000 150021 20.9129
80000 45000 150025 24.5737
75000 50000 150019 18.7654
80000 50000 150023 22.8412
0 50000 150007 6.66627
5000 50000 150007 6.83992
0 55000 150007 6.80909
5000 55000 150007 6.80839
5000 50000 150007 6.83992
10000 50000 150007 6.64976
5000 55000 150007 6.80839
10000 55000 150007 6.60501
0 55000 150007 6.80909
5000 55000 150007 6.80839
0 60000 150007 6.97866
5000 60000 150008 7.84445
5000 55000 150007 6.80839
10000 55000 150007 6.60501
5000 60000 150008 7.84445
10000 60000 150008 7.61309
10000 50000 150007 6.64976
15000 50000 150007 6.95756
10000 55000 150007 6.60501
15000 55000 150006 6.49828
15000 50000 150007 6.95756
20000 50000 150007 6.73727
15000 55000 150006 6.49828
20000 55000 150006 6.34378
10000 55000 150007 6.60501
15000 55000 150006 6.49828
10000 60000 150008 7.61309
15000 60000 150007 6.7893
15000 55000 150006 6.49828
20000 55000 150006 6.34378
15000 60000 150007 6.7893
20000 60000 150007 6.5489
20000 50000 150007 6.73727
25000 50000 150007 6.93022
20000 55000 150006 6.34378
25000 55000 150006 6.37709
25000 50000 150007 6.93022
30000 50000 150007 7.06203
25000 55000 150006 6.37709
30000 55000 150007 6.69725
20000 55000 150006 6.34378
25000 55000 150006 6.37709
20000 60000 150007 6.5489
25000 60000 150006 5.98897
25000 55000 150006 6.37709
30000 55000 150007 6.69725
25000 60000 150006 5.98897
30000 60000 150006 6.0563
30000 50000 150007 7.06203
35000 50000 150007 7.29598
30000 55000 150007 6.69725
35000 55000 150007 7.34081
35000 50000 150007 7.29598
40000 50000 150008 7.72863
35000 55000 150007 7.34081
40000 55000 150008 7.88675
30000 55000 150007 6.69725
35000 55000 150007 7.34081
30000 60000 150006 6.0563
35000 60000 150006 6.25516
35000 55000 150007 7.34081
40000 55000 150008 7.88675
35000 60000 150006 6.25516
40000 60000 150007 6.50116
40000 50000 150008 7.72863
45000 50000 150009 9.27282
40000 55000 150008 7.88675
45000 55000 150008 8.38835
45000 50000 150009 9.27282
50000 50000 150009 9.46087
45000 55000 150008 8.38835
50000 55000 150009 8.617
40000 55000 150008 7.88675
45000 55000 150008 8.38835
40000 60000 150007 6.50116
45000 60000 150007 7.30664
45000 55000 150008 8.38835
50000 55000 150009 8.617
45000 60000 150007 7.30664
50000 60000 150007 7.2313
50000 50000 150009 9.46087
55000 50000 150010 10.3739
50000 55000 150009 8.617
55000 55000 150010 9.5932
55000 50000 150010 10.3739
60000 50000 150012 12.3452
55000 55000 150010 9.5932
60000 55000 150012 12.0617
50000 55000 150009 8.617
55000 55000 150010 9.5932
50000 60000 150007 7.2313
55000 60000 150009 9.15568
55000 55000 150010 9.5932
60000 55000 150012 12.0617
55000 60000 150009 9.15568
60000 60000 150010 9.97732
60000 50000 150012 12.3452
65000 50000 150015 15.178
60000 55000 150012 12.0617
65000 55000 150013 13.3709
65000 50000 150015 15.178
70000 50000 150017 17.0093
65000 55000 150013 13.3709
70000 55000 150013 12.8008
60000 55000 150012 12.0617
65000 55000 150013 13.3709
60000 60000 150010 9.97732
65000 60000 150010 10.1119
65000 55000 150013 13.3709
70000 55000 150013 12.8008
65000 60000 150010 10.1119
70000 60000 150014 13.9381
70000 50000 150017 17.0093
75000 50000 150019 18.7654
70000 55000 150013 12.8008
75000 55000 150019 18.5902
75000 50000 150019 18.7654
80000 50000 150023 22.8412
75000 55000 150019 18.5902
80000 55000 150019 19.3618
70000 55000 150013 12.8008
75000 55000 150019 18.5902
70000 60000 150014 13.9381
75000 60000 150017 17.2432
75000 55000 150019 18.5902
80000 55000 150019 19.3618
75000 60000 150017 17.2432
80000 60000 150021 20.8877
0 60000 150007 6.97866
5000 60000 150008 7.84445
0 65000 150007 7.09345
5000 65000 150007 7.29537
5000 60000 150008 7.84445
10000 60000 150008 7.61309
5000 65000 150007 7.29537
10000 65000 150007 6.827
0 65000 150007 7.09345
5000 65000 150007 7.29537
0 70000 150007 6.87448
5000 70000 150007 7.07831
5000 65000 150007 7.29537
10000 65000 150007 6.827
5000 70000 150007 7.07831
10000 70000 150007 6.66301
10000 60000 150008 7.61309
15000 60000 150007 6.7893
10000 65000 150007 6.827
15000 65000 150007 6.51998
15000 60000 150007 6.7893
20000 60000 150007 6.5489
15000 65000 150007 6.51998
20000 65000 150006 6.11984
10000 65000 150007 6.827
15000 65000 150007 6.51998
10000 70000 150007 6.66301
15000 70000 150006 6.2455
15000 65000 150007 6.51998
20000 65000 150006 6.11984
15000 70000 150006 6.2455
20000 70000 150006 6.39522
20000 60000 150007 6.5489
25000 60000 150006 5.98897
20000 65000 150006 6.11984
25000 65000 150006 5.88893
25000 60000 150006 5.98897
30000 60000 150006 6.0563
25000 65000 150006 5.88893
30000 65000 150006 5.9155
20000 65000 150006 6.11984
25000 65000 150006 5.88893
20000 70000 150006 6.39522
25000 70000 150006 5.84196
25000 65000 150006 5.88893
30000 65000 150006 5.9155
25000 70000 150006 5.84196
30000 70000 150006 5.79526
30000 60000 150006 6.0563
35000 60000 150006 6.25516
30000 65000 150006 5.9155
35000 65000 150006 6.1483
35000 60000 150006 6.25516
40000 60000 150007 6.50116
35000 65000 150006 6.1483
40000 65000 150006 6.39591
30000 65000 150006 5.9155
35000 65000 150006 6.1483
30000 70000 150006 5.79526
35000 70000 150006 6.1037
35000 65000 150006 6.1483
40000 65000 150006 6.39591
35000 70000 150006 6.1037
40000 70000 150007 6.71843
40000 60000 150007 6.50116
45000 60000 150007 7.30664
40000 65000 150006 6.39591
45000 65000 150007 6.62438
45000 60000 150007 7.30664
50000 60000 150007 7.2313
45000 65000 150007 6.62438
50000 65000 150007 7.4221
40000 65000 150006 6.39591
45000 65000 150007 6.62438
40000 70000 150007 6.71843
45000 70000 150007 6.82916
45000 65000 150007 6.62438
50000 65000 150007 7.4221
45000 70000 150007 6.82916
50000 70000 150007 7.4246
50000 60000 150007 7.2313
55000 60000 150009 9.15568
50000 65000 150007 7.4221
55000 65000 150009 8.91445
55000 60000 150009 9.15568
60000 60000 150010 9.97732
55000 65000 150009 8.91445
60000 65000 150010 9.83208
50000 65000 150007 7.4221
55000 65000 150009 8.91445
50000 70000 150007 7.4246
55000 70000 150008 8.1278
55000 65000 150009 8.91445
60000 65000 150010 9.83208
55000 70000 150008 8.1278
60000 70000 150011 10.9372
60000 60000 150010 9.97732
65000 60000 150010 10.1119
60000 65000 150010 9.83208
65000 65000 150011 11.223
65000 60000 150010 10.1119
70000 60000 150014 13.9381
65000 65000 150011 11.223
70000 65000 150012 11.7567
60000 65000 150010 9.83208
65000 65000 150011 11.223
60000 70000 150011 10.9372
65000 70000 150012 12.4806
65000 65000 150011 11.223
70000 65000 150012 11.7567
65000 70000 150012 12.4806
70000 70000 150014 14.0236
70000 60000 150014 13.9381
75000 60000 150017 17.2432
70000 65000 150012 11.7567
75000 65000 150015 15.4064
75000 60000 150017 17.2432
80000 60000 150021 20.8877
75000 65000 150015 15.4064
80000 65000 150019 19.115
70000 65000 150012 11.7567
75000 65000 150015 15.4064
70000 70000 150014 14.0236
75000 70000 150016 16.4967
75000 65000 150015 15.4064
80000 65000 150019 19.115
75000 70000 150016 16.4967
80000 70000 150019 19.2767
0 70000 150007 6.87448
5000 70000 150007 7.07831
0 75000 150006 6.38555
5000 75000 150006 6.40095
5000 70000 150007 7.07831
10000 70000 150007 6.66301
5000 75000 150006 6.40095
10000 75000 150006 6.29489
0 75000 150006 6.38555
5000 75000 150006 6.40095
0 80000 150007 6.53633
5000 80000 150006 6.25215
5000 75000 150006 6.40095
10000 75000 150006 6.29489
5000 80000 150006 6.25215
10000 80000 150006 5.66454
10000 70000 150007 6.66301
15000 70000 150006 6.2455
10000 75000 150006 6.29489
15000 75000 150006 5.95756
15000 70000 150006 6.2455
20000 70000 150006 6.39522
15000 75000 150006 5.95756
20000 75000 150006 5.78767
10000 75000 150006 6.29489
15000 75000 150006 5.95756
10000 80000 150006 5.66454
15000 80000 150006 5.94414
15000 75000 150006 5.95756
20000 75000 150006 5.78767
15000 80000 150006 5.94414
20000 80000 150006 5.81911
20000 70000 150006 6.39522
25000 70000 150006 5.84196
20000 75000 150006 5.78767
25000 75000 150006 5.75452
25000 70000 150006 5.84196
30000 70000 150006 5.79526
25000 75000 150006 5.75452
30000 75000 150006 5.82141
20000 75000 150006 5.78767
25000 75000 150006 5.75452
20000 80000 150006 5.81911
25000 80000 150006 5.7342
25000 75000 150006 5.75452
30000 75000 150006 5.82141
25000 80000 150006 5.7342
30000 80000 150006 5.88952
30000 70000 150006 5.79526
35000 70000 150006 6.1037
30000 75000 150006 5.82141
35000 75000 150006 6.22683
35000 70000 150006 6.1037
40000 70000 150007 6.71843
35000 75000 150006 6.22683
40000 75000 150006 6.24314
30000 75000 150006 5.82141
35000 75000 150006 6.22683
30000 80000 150006 5.88952
35000 80000 150006 5.94578
35000 75000 150006 6.22683
40000 75000 150006 6.24314
35000 80000 150006 5.94578
40000 80000 150006 6.38766
40000 70000 150007 6.71843
45000 70000 150007 6.82916
40000 75000 150006 6.24314
45000 75000 150006 6.41518
45000 70000 150007 6.82916
50000 70000 150007 7.4246
45000 75000 150006 6.41518
50000 75000 150007 6.57926
40000 75000 150006 6.24314
45000 75000 150006 6.41518
40000 80000 150006 6.38766
45000 80000 150006 6.22856
45000 75000 150006 6.41518
50000 75000 150007 6.57926
45000 80000 150006 6.22856
50000 80000 150006 6.22924
50000 70000 150007 7.4246
55000 70000 150008 8.1278
50000 75000 150007 6.57926
55000 75000 150008 7.68766
55000 70000 150008 8.1278
60000 70000 150011 10.9372
55000 75000 150008 7.68766
60000 75000 150009 9.10029
50000 75000 150007 6.57926
55000 75000 150008 7.68766
50000 80000 150006 6.22924
55000 80000 150007 7.30811
55000 75000 150008 7.68766
60000 75000 150009 9.10029
55000 80000 150007 7.30811
60000 80000 150007 7.45154
60000 70000 150011 10.9372
65000 70000 150012 12.4806
60000 75000 150009 9.10029
65000 75000 150010 10.3425
65000 70000 150012 12.4806
70000 70000 150014 14.0236
65000 75000 150010 10.3425
70000 75000 150012 12.3691
60000 75000 150009 9.10029
65000 75000 150010 10.3425
60000 80000 150007 7.45154
65000 80000 150007 7.41134
65000 75000 150010 10.3425
70000 75000 150012 12.3691
65000 80000 150007 7.41134
70000 80000 150010 9.59785
70000 70000 150014 14.0236
75000 70000 150016 16.4967
70000 75000 150012 12.3691
75000 75000 150013 13.3434
75000 70000 150016 16.4967
80000 70000 150019 19.2767
75000 75000 150013 13.3434
80000 75000 150015 14.9351
70000 75000 150012 12.3691
75000 75000 150013 13.3434
70000 80000 150010 9.59785
75000 80000 150012 12.1694
75000 75000 150013 13.3434
80000 75000 150015 14.9351
75000 80000 150012 12.1694
80000 80000 150018 18.4714
80000 0 150031 31.3489
85000 0 150034 33.5313
80000 5000 150031 30.529
85000 5000 150034 33.6517
85000 0 150034 33.5313
90000 0 150034 34.3229
85000 5000 150034 33.6517
90000 5000 150035 35.0155
80000 5000 150031 30.529
85000 5000 150034 33.6517
80000 10000 150028 28.0671
85000 10000 150032 31.6509
85000 5000 150034 33.6517
90000 5000 150035 35.0155
85000 10000 150032 31.6509
90000 10000 150034 33.5465
90000 0 150034 34.3229
95000 0 150033 32.6116
90000 5000 150035 35.0155
95000 5000 150033 33.2086
95000 0 150033 32.6116
100000 0 150028 27.8356
95000 5000 150033 33.2086
100000 5000 150028 28.0678
90000 5000 150035 35.0155
95000 5000 150033 33.2086
90000 10000 150034 33.5465
95000 10000 150033 33.312
95000 5000 150033 33.2086
100000 5000 150028 28.0678
95000 10000 150033 33.312
100000 10000 150029 29.2025
100000 0 150028 27.8356
105000 0 150018 18.3772
100000 5000 150028 28.0678
105000 5000 150015 14.8226
105000 0 150018 18.3772
110000 0 150003 3.37725
105000 5000 150015 14.8226
110000 5000 149996 -3.86012
100000 5000 150028 28.0678
105000 5000 150015 14.8226
100000 10000 150029 29.2025
105000 10000 150023 22.6671
105000 5000 150015 14.8226
110000 5000 149996 -3.86012
105000 10000 150023 22.6671
110000 10000 150011 10.8102
110000 0 150003 3.37725
115000 0 149984 -15.8352
110000 5000 149996 -3.86012
115000 5000 149976 -23.6211
115000 0 149984 -15.8352
120000 0 149969 -30.6008
115000 5000 149976 -23.6211
120000 5000 149963 -36.5902
110000 5000 149996 -3.86012
115000 5000 149976 -23.6211
110000 10000 150011 10.8102
115000 10000 149985 -14.6613
115000 5000 149976 -23.6211
120000 5000 149963 -36.5902
115000 10000 149985 -14.6613
120000 10000 149960 -40.0148
120000 0 149969 -30.6008
125000 0 149960 -39.7934
120000 5000 149963 -36.5902
125000 5000 149958 -41.6584
125000 0 149960 -39.7934
130000 0 149959 -41.1488
125000 5000 149958 -41.6584
130000 5000 149957 -42.6619
120000 5000 149963 -36.5902
125000 5000 149958 -41.6584
120000 10000 149960 -40.0148
125000 10000 149952 -47.746
125000 5000 149958 -41.6584
130000 5000 149957 -42.6619
125000 10000 149952 -47.746
130000 10000 149953 -47.3562
130000 0 149959 -41.1488
135000 0 149963 -37.3506
130000 5000 149957 -42.6619
135000 5000 149959 -41.0733
135000 0 149963 -37.3506
140000 0 149966 -34.1734
135000 5000 149959 -41.0733
140000 5000 149974 -26.0137
130000 5000 149957 -42.6619
135000 5000 149959 -41.0733
130000 10000 149953 -47.3562
135000 10000 149959 -41.4348
135000 5000 149959 -41.0733
140000 5000 149974 -26.0137
135000 10000 149959 -41.4348
140000 10000 149973 -27.0616
140000 0 149966 -34.1734
145000 0 149985 -15.0071
140000 5000 149974 -26.0137
145000 5000 149978 -21.6216
145000 0 149985 -15.0071
150000 0 149990 -10.3652
145000 5000 149978 -21.6216
150000 5000 149989 -11.4749
140000 5000 149974 -26.0137
145000 5000 149978 -21.6216
140000 10000 149973 -27.0616
145000 10000 149988 -12.0016
145000 5000 149978 -21.6216
150000 5000 149989 -11.4749
145000 10000 149988 -12.0016
150000 10000 149997 -3.39038
150000 0 149990 -10.3652
155000 0 149998 -2.2491
150000 5000 149989 -11.4749
155000 5000 150000 -0.183278
155000 0 149998 -2.2491
160000 0 150006 5.80516
155000 5000 150000 -0.183278
160000 5000 150006 6.17033
150000 5000 149989 -11.4749
155000 5000 150000 -0.183278
150000 10000 149997 -3.39038
155000 10000 150001 1.18171
155000 5000 150000 -0.183278
160000 5000 150006 6.17033
155000 10000 150001 1.18171
160000 10000 150009 9.00893
80000 10000 150028 28.0671
85000 10000 150032 31.6509
80000 15000 150028 27.96
85000 15000 150032 32.4779
85000 10000 150032 31.6509
90000 10000 150034 33.5465
85000 15000 150032 32.4779
90000 15000 150032 32.0825
80000 15000 150028 27.96
85000 15000 150032 32.4779
80000 20000 150031 30.5735
85000 20000 150035 34.9713
85000 15000 150032 32.4779
90000 15000 150032 32.0825
85000 20000 150035 34.9713
90000 20000 150035 35.4107
90000 10000 150034 33.5465
95000 10000 150033 33.312
90000 15000 150032 32.0825
95000 15000 150034 33.6837
95000 10000 150033 33.312
100000 10000 150029 29.2025
95000 15000 150034 33.6837
100000 15000 150033 33.1157
90000 15000 150032 32.0825
95000 15000 150034 33.6837
90000 20000 150035 35.4107
95000 20000 150035 34.8885
95000 15000 150034 33.6837
100000 15000 150033 33.1157
95000 20000 150035 34.8885
100000 20000 150033 33.0536
100000 10000 150029 29.2025
105000 10000 150023 22.6671
100000 15000 150033 33.1157
105000 15000 150032 32.3679
105000 10000 150023 22.6671
110000 10000 150011 10.8102
105000 15000 150032 32.3679
110000 15000 150023 22.5326
100000 15000 150033 33.1157
105000 15000 150032 32.3679
100000 20000 150033 33.0536
105000 20000 150036 35.7687
105000 15000 150032 32.3679
110000 15000 150023 22.5326
105000 20000 150036 35.7687
110000 20000 150033 32.9826
110000 10000 150011 10.8102
115000 10000 149985 -14.6613
110000 15000 150023 22.5326
115000 15000 149993 -6.90649
115000 10000 149985 -14.6613
120000 10000 149960 -40.0148
115000 15000 149993 -6.90649
120000 15000 149957 -43.1206
110000 15000 150023 22.5326
115000 15000 149993 -6.90649
110000 20000 150033 32.9826
115000 20000 150003 2.98754
115000 15000 149993 -6.90649
120000 15000 149957 -43.1206
115000 20000 150003 2.98754
120000 20000 149957 -42.644
120000 10000 149960 -40.0148
125000 10000 149952 -47.746
120000 15000 149957 -43.1206
125000 15000 149936 -63.8747
125000 10000 149952 -47.746
130000 10000 149953 -47.3562
125000 15000 149936 -63.8747
130000 15000 149939 -60.8069
120000 15000 149957 -43.1206
125000 15000 149936 -63.8747
120000 20000 149957 -42.644
125000 20000 149921 -78.8702
125000 15000 149936 -63.8747
130000 15000 149939 -60.8069
125000 20000 149921 -78.8702
130000 20000 149918 -82.3115
130000 10000 149953 -47.3562
135000 10000 149959 -41.4348
130000 15000 149939 -60.8069
135000 15000 149955 -45.3317
135000 10000 149959 -41.4348
140000 10000 149973 -27.0616
135000 15000 149955 -45.3317
140000 15000 149969 -31.2145
130000 15000 149939 -60.8069
135000 15000 149955 -45.3317
130000 20000 149918 -82.3115
135000 20000 149946 -54.1007
135000 15000 149955 -45.3317
140000 15000 149969 -31.2145
135000 20000 149946 -54.1007
140000 20000 149967 -33.0832
140000 10000 149973 -27.0616
145000 10000 149988 -12.0016
140000 15000 149969 -31.2145
145000 15000 149989 -11.2699
145000 10000 149988 -12.0016
150000 10000 149997 -3.39038
145000 15000 149989 -11.2699
150000 15000 149999 -1.17617
140000 15000 149969 -31.2145
145000 15000 149989 -11.2699
140000 20000 149967 -33.0832
145000 20000 149987 -13.3805
145000 15000 149989 -11.2699
150000 15000 149999 -1.17617
145000 20000 149987 -13.3805
150000 20000 149980 -20.3846
150000 10000 149997 -3.39038
155000 10000 150001 1.18171
150000 15000 149999 -1.17617
155000 15000 150005 4.62745
155000 10000 150001 1.18171
160000 10000 150009 9.00893
155000 15000 150005 4.62745
160000 15000 150010 10.1287
150000 15000 149999 -1.17617
155000 15000 150005 4.62745
150000 20000 149980 -20.3846
155000 20000 149994 -5.72543
155000 15000 150005 4.62745
160000 15000 150010 10.1287
155000 20000 149994 -5.72543
160000 20000 150006 6.30613
80000 20000 150031 30.5735
85000 20000 150035 34.9713
80000 25000 150029 28.9683
85000 25000 150034 34.1628
85000 20000 150035 34.9713
90000 20000 150035 35.4107
85000 25000 150034 34.1628
90000 25000 150035 35.4648
80000 25000 150029 28.9683
85000 25000 150034 34.1628
80000 30000 150027 26.6745
85000 30000 150031 31.4049
85000 25000 150034 34.1628
90000 25000 150035 35.4648
85000 30000 150031 31.4049
90000 30000 150036 35.5672
90000 20000 150035 35.4107
95000 20000 150035 34.8885
90000 25000 150035 35.4648
95000 25000 150036 36.3887
95000 20000 150035 34.8885
100000 20000 150033 33.0536
95000 25000 150036 36.3887
100000 25000 150036 36.0228
90000 25000 150035 35.4648
95000 25000 150036 36.3887
90000 30000 150036 35.5672
95000 30000 150036 36.4469
95000 25000 150036 36.3887
100000 25000 150036 36.0228
95000 30000 150036 36.4469
100000 30000 150037 36.8892
100000 20000 150033 33.0536
105000 20000 150036 35.7687
100000 25000 150036 36.0228
105000 25000 150038 37.5667
105000 20000 150036 35.7687
110000 20000 150033 32.9826
105000 25000 150038 37.5667
110000 25000 150039 38.9161
100000 25000 150036 36.0228
105000 25000 150038 37.5667
100000 30000 150037 36.8892
105000 30000 150037 36.7433
105000 25000 150038 37.5667
110000 25000 150039 38.9161
105000 30000 150037 36.7433
110000 30000 150038 38.2264
110000 20000 150033 32.9826
115000 20000 150003 2.98754
110000 25000 150039 38.9161
115000 25000 150020 19.7897
115000 20000 150003 2.98754
120000 20000 149957 -42.644
115000 25000 150020 19.7897
120000 25000 149973 -27.0383
110000 25000 150039 38.9161
115000 25000 150020 19.7897
110000 30000 150038 38.2264
115000 30000 150030 29.678
115000 25000 150020 19.7897
120000 25000 149973 -27.0383
115000 30000 150030 29.678
120000 30000 149992 -8.12432
120000 20000 149957 -42.644
125000 20000 149921 -78.8702
120000 25000 149973 -27.0383
125000 25000 149935 -65.4549
125000 20000 149921 -78.8702
130000 20000 149918 -82.3115
125000 25000 149935 -65.4549
130000 25000 149906 -93.6122
120000 25000 149973 -27.0383
125000 25000 149935 -65.4549
120000 30000 149992 -8.12432
125000 30000 149954 -45.7732
125000 25000 149935 -65.4549
130000 25000 149906 -93.6122
125000 30000 149954 -45.7732
130000 30000 149912 -88.3615
130000 20000 149918 -82.3115
135000 20000 149946 -54.1007
130000 25000 149906 -93.6122
135000 25000 149926 -73.538
135000 20000 149946 -54.1007
140000 20000 149967 -33.0832
135000 25000 149926 -73.538
140000 25000 149954 -45.7687
130000 25000 149906 -93.6122
135000 25000 149926 -73.538
130000 30000 149912 -88.3615
135000 30000 149905 -95.3567
135000 25000 149926 -73.538
140000 25000 149954 -45.7687
135000 30000 149905 -95.3567
140000 30000 149944 -55.6175
140000 20000 149967 -33.0832
145000 20000 149987 -13.3805
140000 25000 149954 -45.7687
145000 25000 149980 -19.86
145000 20000 149987 -13.3805
150000 20000 149980 -20.3846
145000 25000 149980 -19.86
150000 25000 149996 -3.54771
140000 25000 149954 -45.7687
145000 25000 149980 -19.86
140000 30000 149944 -55.6175
145000 30000 149968 -31.8741
145000 25000 149980 -19.86
150000 25000 149996 -3.54771
145000 30000 149968 -31.8741
150000 30000 149991 -8.59749
150000 20000 149980 -20.3846
155000 20000 149994 -5.72543
150000 25000 149996 -3.54771
155000 25000 150004 3.71178
155000 20000 149994 -5.72543
160000 20000 150006 6.30613
155000 25000 150004 3.71178
160000 25000 150004 3.95088
150000 25000 149996 -3.54771
155000 25000 150004 3.71178
150000 30000 149991 -8.59749
155000 30000 150004 4.39893
155000 25000 150004 3.71178
160000 25000 150004 3.95088
155000 30000 150004 4.39893
160000 30000 150011 10.8483
80000 30000 150027 26.6745
85000 30000 150031 31.4049
80000 35000 150028 27.5065
85000 35000 150030 30.2542
85000 30000 150031 31.4049
90000 30000 150036 35.5672
85000 35000 150030 30.2542
90000 35000 150031 31.2347
80000 35000 150028 27.5065
85000 35000 150030 30.2542
80000 40000 150022 22.4827
85000 40000 150030 29.5067
85000 35000 150030 30.2542
90000 35000 150031 31.2347
85000 40000 150030 29.5067
90000 40000 150034 34.1873
90000 30000 150036 35.5672
95000 30000 150036 36.4469
90000 35000 150031 31.2347
95000 35000 150036 36.0088
95000 30000 150036 36.4469
100000 30000 150037 36.8892
95000 35000 150036 36.0088
100000 35000 150037 37.2436
90000 35000 150031 31.2347
95000 35000 150036 36.0088
90000 40000 150034 34.1873
95000 40000 150037 36.5492
95000 35000 150036 36.0088
100000 35000 150037 37.2436
95000 40000 150037 36.5492
100000 40000 150038 38.0838
100000 30000 150037 36.8892
105000 30000 150037 36.7433
100000 35000 150037 37.2436
105000 35000 150037 37.1032
105000 30000 150037 36.7433
110000 30000 150038 38.2264
105000 35000 150037 37.1032
110000 35000 150038 37.8224
100000 35000 150037 37.2436
105000 35000 150037 37.1032
100000 40000 150038 38.0838
105000 40000 150037 37.1985
105000 35000 150037 37.1032
110000 35000 150038 37.8224
105000 40000 150037 37.1985
110000 40000 150036 35.682
110000 30000 150038 38.2264
115000 30000 150030 29.678
110000 35000 150038 37.8224
115000 35000 150035 35.4287
115000 30000 150030 29.678
120000 30000 149992 -8.12432
115000 35000 150035 35.4287
120000 35000 150013 12.9816
110000 35000 150038 37.8224
115000 35000 150035 35.4287
110000 40000 150036 35.682
115000 40000 150036 36.3538
115000 35000 150035 35.4287
120000 35000 150013 12.9816
115000 40000 150036 36.3538
120000 40000 150027 26.8022
120000 30000 149992 -8.12432
125000 30000 149954 -45.7732
120000 35000 150013 12.9816
125000 35000 149971 -28.6926
125000 30000 149954 -45.7732
130000 30000 149912 -88.3615
125000 35000 149971 -28.6926
130000 35000 149933 -66.9816
120000 35000 150013 12.9816
125000 35000 149971 -28.6926
120000 40000 150027 26.8022
125000 40000 149993 -6.61527
125000 35000 149971 -28.6926
130000 35000 149933 -66.9816
125000 40000 149993 -6.61527
130000 40000 149954 -45.8238
130000 30000 149912 -88.3615
135000 30000 149905 -95.3567
130000 35000 149933 -66.9816
135000 35000 149896 -104.448
135000 30000 149905 -95.3567
140000 30000 149944 -55.6175
135000 35000 149896 -104.448
140000 35000 149921 -79.2689
130000 35000 149933 -66.9816
135000 35000 149896 -104.448
130000 40000 149954 -45.8238
135000 40000 149907 -92.8896
135000 35000 149896 -104.448
140000 35000 149921 -79.2689
135000 40000 149907 -92.8896
140000 40000 149899 -101.476
140000 30000 149944 -55.6175
145000 30000 149968 -31.8741
140000 35000 149921 -79.2689
145000 35000 149954 -45.7687
145000 30000 149968 -31.8741
150000 30000 149991 -8.59749
145000 35000 149954 -45.7687
150000 35000 149975 -25.3346
140000 35000 149921 -79.2689
145000 35000 149954 -45.7687
140000 40000 149899 -101.476
145000 40000 149937 -63.3757
145000 35000 149954 -45.7687
150000 35000 149975 -25.3346
145000 40000 149937 -63.3757
150000 40000 149963 -36.9553
150000 30000 149991 -8.59749
155000 30000 150004 4.39893
150000 35000 149975 -25.3346
155000 35000 150001 1.38711
155000 30000 150004 4.39893
160000 30000 150011 10.8483
155000 35000 150001 1.38711
160000 35000 150013 13.0536
150000 35000 149975 -25.3346
155000 35000 150001 1.38711
150000 40000 149963 -36.9553
155000 40000 149995 -4.61251
155000 35000 150001 1.38711
160000 35000 150013 13.0536
155000 40000 149995 -4.61251
160000 40000 149992 -7.90808
80000 40000 150022 22.4827
85000 40000 150030 29.5067
80000 45000 150025 24.5737
85000 45000 150029 29.3098
85000 40000 150030 29.5067
90000 40000 150034 34.1873
85000 45000 150029 29.3098
90000 45000 150035 35.012
80000 45000 150025 24.5737
85000 45000 150029 29.3098
80000 50000 150023 22.8412
85000 50000 150027 26.6391
85000 45000 150029 29.3098
90000 45000 150035 35.012
85000 50000 150027 26.6391
90000 50000 150031 31.3406
90000 40000 150034 34.1873
95000 40000 150037 36.5492
90000 45000 150035 35.012
95000 45000 150036 36.2465
95000 40000 150037 36.5492
100000 40000 150038 38.0838
95000 45000 150036 36.2465
100000 45000 150036 36.3801
90000 45000 150035 35.012
95000 45000 150036 36.2465
90000 50000 150031 31.3406
95000 50000 150037 36.8628
95000 45000 150036 36.2465
100000 45000 150036 36.3801
95000 50000 150037 36.8628
100000 50000 150038 38.0447
100000 40000 150038 38.0838
105000 40000 150037 37.1985
100000 45000 150036 36.3801
105000 45000 150037 37.0269
105000 40000 150037 37.1985
110000 40000 150036 35.682
105000 45000 150037 37.0269
110000 45000 150035 35.32
100000 45000 150036 36.3801
105000 45000 150037 37.0269
100000 50000 150038 38.0447
105000 50000 150037 36.7728
105000 45000 150037 37.0269
110000 45000 150035 35.32
105000 50000 150037 36.7728
110000 50000 150036 36.1411
110000 40000 150036 35.682
115000 40000 150036 36.3538
110000 45000 150035 35.32
115000 45000 150032 31.8075
115000 40000 150036 36.3538
120000 40000 150027 26.8022
115000 45000 150032 31.8075
120000 45000 150028 27.841
110000 45000 150035 35.32
115000 45000 150032 31.8075
110000 50000 150036 36.1411
115000 50000 150032 32.0086
115000 45000 150032 31.8075
120000 45000 150028 27.841
115000 50000 150032 32.0086
120000 50000 150015 15.2286
120000 40000 150027 26.8022
125000 40000 149993 -6.61527
120000 45000 150028 27.841
125000 45000 149980 -19.6264
125000 40000 149993 -6.61527
130000 40000 149954 -45.8238
125000 45000 149980 -19.6264
130000 45000 149965 -34.8971
120000 45000 150028 27.841
125000 45000 149980 -19.6264
120000 50000 150015 15.2286
125000 50000 150020 20.3059
125000 45000 149980 -19.6264
130000 45000 149965 -34.8971
125000 50000 150020 20.3059
130000 50000 149994 -6.45055
130000 40000 149954 -45.8238
135000 40000 149907 -92.8896
130000 45000 149965 -34.8971
135000 45000 149936 -64.0709
135000 40000 149907 -92.8896
140000 40000 149899 -101.476
135000 45000 149936 -64.0709
140000 45000 149891 -108.7
130000 45000 149965 -34.8971
135000 45000 149936 -64.0709
130000 50000 149994 -6.45055
135000 50000 149955 -45.3568
135000 45000 149936 -64.0709
140000 45000 149891 -108.7
135000 50000 149955 -45.3568
140000 50000 149908 -92.0553
140000 40000 149899 -101.476
145000 40000 149937 -63.3757
140000 45000 149891 -108.7
145000 45000 149907 -93.4107
145000 40000 149937 -63.3757
150000 40000 149963 -36.9553
145000 45000 149907 -93.4107
150000 45000 149953 -46.8899
140000 45000 149891 -108.7
145000 45000 149907 -93.4107
140000 50000 149908 -92.0553
145000 50000 149885 -115.046
145000 45000 149907 -93.4107
150000 45000 149953 -46.8899
145000 50000 149885 -115.046
150000 50000 149930 -70.2515
150000 40000 149963 -36.9553
155000 40000 149995 -4.61251
150000 45000 149953 -46.8899
155000 45000 149964 -35.6917
155000 40000 149995 -4.61251
160000 40000 149992 -7.90808
155000 45000 149964 -35.6917
160000 45000 150006 5.85531
150000 45000 149953 -46.8899
155000 45000 149964 -35.6917
150000 50000 149930 -70.2515
155000 50000 149966 -33.9608
155000 45000 149964 -35.6917
160000 45000 150006 5.85531
155000 50000 149966 -33.9608
160000 50000 149981 -19.216
80000 50000 150023 22.8412
85000 50000 150027 26.6391
80000 55000 150019 19.3618
85000 55000 150023 23.1893
85000 50000 150027 26.6391
90000 50000 150031 31.3406
85000 55000 150023 23.1893
90000 55000 150028 27.9926
80000 55000 150019 19.3618
85000 55000 150023 23.1893
80000 60000 150021 20.8877
85000 60000 150024 24.2325
85000 55000 150023 23.1893
90000 55000 150028 27.9926
85000 60000 150024 24.2325
90000 60000 150027 26.7486
90000 50000 150031 31.3406
95000 50000 150037 36.8628
90000 55000 150028 27.9926
95000 55000 150033 33.0922
95000 50000 150037 36.8628
100000 50000 150038 38.0447
95000 55000 150033 33.0922
100000 55000 150037 36.527
90000 55000 150028 27.9926
95000 55000 150033 33.0922
90000 60000 150027 26.7486
95000 60000 150030 30.2704
95000 55000 150033 33.0922
100000 55000 150037 36.527
95000 60000 150030 30.2704
100000 60000 150034 34.3244
100000 50000 150038 38.0447
105000 50000 150037 36.7728
100000 55000 150037 36.527
105000 55000 150038 38.1361
105000 50000 150037 36.7728
110000 50000 150036 36.1411
105000 55000 150038 38.1361
110000 55000 150037 36.5199
100000 55000 150037 36.527
105000 55000 150038 38.1361
100000 60000 150034 34.3244
105000 60000 150037 37.2841
105000 55000 150038 38.1361
110000 55000 150037 36.5199
105000 60000 150037 37.2841
110000 60000 150036 36.4777
110000 50000 150036 36.1411
115000 50000 150032 32.0086
110000 55000 150037 36.5199
115000 55000 150033 33.3179
115000 50000 150032 32.0086
120000 50000 150015 15.2286
115000 55000 150033 33.3179
120000 55000 150032 31.7262
110000 55000 150037 36.5199
115000 55000 150033 33.3179
110000 60000 150036 36.4777
115000 60000 150035 34.7321
115000 55000 150033 33.3179
120000 55000 150032 31.7262
115000 60000 150035 34.7321
120000 60000 150032 32.2829
120000 50000 150015 15.2286
125000 50000 150020 20.3059
120000 55000 150032 31.7262
125000 55000 150030 29.6915
125000 50000 150020 20.3059
130000 50000 149994 -6.45055
125000 55000 150030 29.6915
130000 55000 150005 4.61477
120000 55000 150032 31.7262
125000 55000 150030 29.6915
120000 60000 150032 32.2829
125000 60000 150030 30.3454
125000 55000 150030 29.6915
130000 55000 150005 4.61477
125000 60000 150030 30.3454
130000 60000 150021 20.8884
130000 50000 149994 -6.45055
135000 50000 149955 -45.3568
130000 55000 150005 4.61477
135000 55000 149971 -29.3655
135000 50000 149955 -45.3568
140000 50000 149908 -92.0553
135000 55000 149971 -29.3655
140000 55000 149939 -60.9148
130000 55000 150005 4.61477
135000 55000 149971 -29.3655
130000 60000 150021 20.8884
135000 60000 149993 -7.43275
135000 55000 149971 -29.3655
140000 55000 149939 -60.9148
135000 60000 149993 -7.43275
140000 60000 149954 -45.7687
140000 50000 149908 -92.0553
145000 50000 149885 -115.046
140000 55000 149939 -60.9148
145000 55000 149889 -110.522
145000 50000 149885 -115.046
150000 50000 149930 -70.2515
145000 55000 149889 -110.522
150000 55000 149905 -94.6432
140000 55000 149939 -60.9148
145000 55000 149889 -110.522
140000 60000 149954 -45.7687
145000 60000 149915 -85.1948
145000 55000 149889 -110.522
150000 55000 149905 -94.6432
145000 60000 149915 -85.1948
150000 60000 149891 -109.377
150000 50000 149930 -70.2515
155000 50000 149966 -33.9608
150000 55000 149905 -94.6432
155000 55000 149951 -48.6927
155000 50000 149966 -33.9608
160000 50000 149981 -19.216
155000 55000 149951 -48.6927
160000 55000 149971 -28.8678
150000 55000 149905 -94.6432
155000 55000 149951 -48.6927
150000 60000 149891 -109.377
155000 60000 149923 -76.9166
155000 55000 149951 -48.6927
160000 55000 149971 -28.8678
155000 60000 149923 -76.9166
160000 60000 149954 -45.7686
80000 60000 150021 20.8877
85000 60000 150024 24.2325
80000 65000 150019 19.115
85000 65000 150022 22.1728
85000 60000 150024 24.2325
90000 60000 150027 26.7486
85000 65000 150022 22.1728
90000 65000 150028 27.59
80000 65000 150019 19.115
85000 65000 150022 22.1728
80000 70000 150019 19.2767
85000 70000 150022 21.6627
85000 65000 150022 22.1728
90000 65000 150028 27.59
85000 70000 150022 21.6627
90000 70000 150024 24.1962
90000 60000 150027 26.7486
95000 60000 150030 30.2704
90000 65000 150028 27.59
95000 65000 150031 30.5666
95000 60000 150030 30.2704
100000 60000 150034 34.3244
95000 65000 150031 30.5666
100000 65000 150033 33.1416
90000 65000 150028 27.59
95000 65000 150031 30.5666
90000 70000 150024 24.1962
95000 70000 150028 27.7896
95000 65000 150031 30.5666
100000 65000 150033 33.1416
95000 70000 150028 27.7896
100000 70000 150031 31.3086
100000 60000 150034 34.3244
105000 60000 150037 37.2841
100000 65000 150033 33.1416
105000 65000 150037 37.0291
105000 60000 150037 37.2841
110000 60000 150036 36.4777
105000 65000 150037 37.0291
110000 65000 150037 37.0289
100000 65000 150033 33.1416
105000 65000 150037 37.0291
100000 70000 150031 31.3086
105000 70000 150034 34.2506
105000 65000 150037 37.0291
110000 65000 150037 37.0289
105000 70000 150034 34.2506
110000 70000 150036 35.7197
110000 60000 150036 36.4777
115000 60000 150035 34.7321
110000 65000 150037 37.0289
115000 65000 150035 34.9153
115000 60000 150035 34.7321
120000 60000 150032 32.2829
115000 65000 150035 34.9153
120000 65000 150033 32.72
110000 65000 150037 37.0289
115000 65000 150035 34.9153
110000 70000 150036 35.7197
115000 70000 150036 36.4215
115000 65000 150035 34.9153
120000 65000 150033 32.72
115000 70000 150036 36.4215
120000 70000 150034 33.6022
120000 60000 150032 32.2829
125000 60000 150030 30.3454
120000 65000 150033 32.72
125000 65000 150030 30.2981
125000 60000 150030 30.3454
130000 60000 150021 20.8884
125000 65000 150030 30.2981
130000 65000 150019 18.8865
120000 65000 150033 32.72
125000 65000 150030 30.2981
120000 70000 150034 33.6022
125000 70000 150029 28.9491
125000 65000 150030 30.2981
130000 65000 150019 18.8865
125000 70000 150029 28.9491
130000 70000 150024 23.6277
130000 60000 150021 20.8884
135000 60000 149993 -7.43275
130000 65000 150019 18.8865
135000 65000 149993 -7.1414
135000 60000 149993 -7.43275
140000 60000 149954 -45.7687
135000 65000 149993 -7.1414
140000 65000 149972 -27.8286
130000 65000 150019 18.8865
135000 65000 149993 -7.1414
130000 70000 150024 23.6277
135000 70000 150015 15.2047
135000 65000 149993 -7.1414
140000 65000 149972 -27.8286
135000 70000 150015 15.2047
140000 70000 149985 -14.808
140000 60000 149954 -45.7687
145000 60000 149915 -85.1948
140000 65000 149972 -27.8286
145000 65000 149947 -52.8194
145000 60000 149915 -85.1948
150000 60000 149891 -109.377
145000 65000 149947 -52.8194
150000 65000 149900 -99.9102
140000 65000 149972 -27.8286
145000 65000 149947 -52.8194
140000 70000 149985 -14.808
145000 70000 149956 -44.4576
145000 65000 149947 -52.8194
150000 65000 149900 -99.9102
145000 70000 149956 -44.4576
150000 70000 149928 -71.9478
150000 60000 149891 -109.377
155000 60000 149923 -76.9166
150000 65000 149900 -99.9102
155000 65000 149895 -105.067
155000 60000 149923 -76.9166
160000 60000 149954 -45.7686
155000 65000 149895 -105.067
160000 65000 149942 -58.3794
150000 65000 149900 -99.9102
155000 65000 149895 -105.067
150000 70000 149928 -71.9478
155000 70000 149888 -112.156
155000 65000 149895 -105.067
160000 65000 149942 -58.3794
155000 70000 149888 -112.156
160000 70000 149909 -91.2088
80000 70000 150019 19.2767
85000 70000 150022 21.6627
80000 75000 150015 14.9351
85000 75000 150019 18.8039
85000 70000 150022 21.6627
90000 70000 150024 24.1962
85000 75000 150019 18.8039
90000 75000 150023 23.1038
80000 75000 150015 14.9351
85000 75000 150019 18.8039
80000 80000 150018 18.4714
85000 80000 150018 18.4728
85000 75000 150019 18.8039
90000 75000 150023 23.1038
85000 80000 150018 18.4728
90000 80000 150021 21.2264
90000 70000 150024 24.1962
95000 70000 150028 27.7896
90000 75000 150023 23.1038
95000 75000 150026 26.475
95000 70000 150028 27.7896
100000 70000 150031 31.3086
95000 75000 150026 26.475
100000 75000 150029 28.6169
90000 75000 150023 23.1038
95000 75000 150026 26.475
90000 80000 150021 21.2264
95000 80000 150025 24.7764
95000 75000 150026 26.475
100000 75000 150029 28.6169
95000 80000 150025 24.7764
100000 80000 150029 29.1905
100000 70000 150031 31.3086
105000 70000 150034 34.2506
100000 75000 150029 28.6169
105000 75000 150033 32.5193
105000 70000 150034 34.2506
110000 70000 150036 35.7197
105000 75000 150033 32.5193
110000 75000 150035 35.1154
100000 75000 150029 28.6169
105000 75000 150033 32.5193
100000 80000 150029 29.1905
105000 80000 150031 31.3709
105000 75000 150033 32.5193
110000 75000 150035 35.1154
105000 80000 150031 31.3709
110000 80000 150033 33.3905
110000 70000 150036 35.7197
115000 70000 150036 36.4215
110000 75000 150035 35.1154
115000 75000 150034 33.911
115000 70000 150036 36.4215
120000 70000 150034 33.6022
115000 75000 150034 33.911
120000 75000 150033 33.197
110000 75000 150035 35.1154
115000 75000 150034 33.911
110000 80000 150033 33.3905
115000 80000 150033 32.8689
115000 75000 150034 33.911
120000 75000 150033 33.197
115000 80000 150033 32.8689
120000 80000 150032 32.3372
120000 70000 150034 33.6022
125000 70000 150029 28.9491
120000 75000 150033 33.197
125000 75000 150029 29.3665
125000 70000 150029 28.9491
130000 70000 150024 23.6277
125000 75000 150029 29.3665
130000 75000 150024 23.5596
120000 75000 150033 33.197
125000 75000 150029 29.3665
120000 80000 150032 32.3372
125000 80000 150029 28.6012
125000 75000 150029 29.3665
130000 75000 150024 23.5596
125000 80000 150029 28.6012
130000 80000 150023 22.7071
130000 70000 150024 23.6277
135000 70000 150015 15.2047
130000 75000 150024 23.5596
135000 75000 150015 15.4164
135000 70000 150015 15.2047
140000 70000 149985 -14.808
135000 75000 150015 15.4164
140000 75000 149994 -5.82974
130000 75000 150024 23.5596
135000 75000 150015 15.4164
130000 80000 150023 22.7071
135000 80000 150015 15.3627
135000 75000 150015 15.4164
140000 75000 149994 -5.82974
135000 80000 150015 15.3627
140000 80000 150013 12.6369
140000 70000 149985 -14.808
145000 70000 149956 -44.4576
140000 75000 149994 -5.82974
145000 75000 149971 -29.3893
145000 70000 149956 -44.4576
150000 70000 149928 -71.9478
145000 75000 149971 -29.3893
150000 75000 149954 -46.2548
140000 75000 149994 -5.82974
145000 75000 149971 -29.3893
140000 80000 150013 12.6369
145000 80000 149999 -1.29161
145000 75000 149971 -29.3893
150000 75000 149954 -46.2548
145000 80000 149999 -1.29161
150000 80000 149964 -36.0205
150000 70000 149928 -71.9478
155000 70000 149888 -112.156
150000 75000 149954 -46.2548
155000 75000 149903 -96.5943
155000 70000 149888 -112.156
160000 70000 149909 -91.2088
155000 75000 149903 -96.5943
160000 75000 149884 -115.673
150000 75000 149954 -46.2548
155000 75000 149903 -96.5943
150000 80000 149964 -36.0205
155000 80000 149931 -68.9929
155000 75000 149903 -96.5943
160000 75000 149884 -115.673
155000 80000 149931 -68.9929
160000 80000 149883 -117.062
0 80000 150007 6.53633
5000 80000 150006 6.25215
0 85000 150005 5.48946
5000 85000 150005 5.33634
5000 80000 150006 6.25215
10000 80000 150006 5.66454
5000 85000 150005 5.33634
10000 85000 150006 6.43795
0 85000 150005 5.48946
5000 85000 150005 5.33634
0 90000 150005 5.31988
5000 90000 150006 6.0139
5000 85000 150005 5.33634
10000 85000 150006 6.43795
5000 90000 150006 6.0139
10000 90000 150006 6.35194
10000 80000 150006 5.66454
15000 80000 150006 5.94414
10000 85000 150006 6.43795
15000 85000 150007 6.62672
15000 80000 150006 5.94414
20000 80000 150006 5.81911
15000 85000 150007 6.62672
20000 85000 150006 6.31629
10000 85000 150006 6.43795
15000 85000 150007 6.62672
10000 90000 150006 6.35194
15000 90000 150006 5.9234
15000 85000 150007 6.62672
20000 85000 150006 6.31629
15000 90000 150006 5.9234
20000 90000 150005 5.32843
20000 80000 150006 5.81911
25000 80000 150006 5.7342
20000 85000 150006 6.31629
25000 85000 150006 5.68379
25000 80000 150006 5.7342
30000 80000 150006 5.88952
25000 85000 150006 5.68379
30000 85000 150006 5.6464
20000 85000 150006 6.31629
25000 85000 150006 5.68379
20000 90000 150005 5.32843
25000 90000 150006 5.57098
25000 85000 150006 5.68379
30000 85000 150006 5.6464
25000 90000 150006 5.57098
30000 90000 150006 5.742
30000 80000 150006 5.88952
35000 80000 150006 5.94578
30000 85000 150006 5.6464
35000 85000 150006 5.81175
35000 80000 150006 5.94578
40000 80000 150006 6.38766
35000 85000 150006 5.81175
40000 85000 150006 5.94093
30000 85000 150006 5.6464
35000 85000 150006 5.81175
30000 90000 150006 5.742
35000 90000 150006 5.88336
35000 85000 150006 5.81175
40000 85000 150006 5.94093
35000 90000 150006 5.88336
40000 90000 150006 6.45184
40000 80000 150006 6.38766
45000 80000 150006 6.22856
40000 85000 150006 5.94093
45000 85000 150006 6.05239
45000 80000 150006 6.22856
50000 80000 150006 6.22924
45000 85000 150006 6.05239
50000 85000 150006 6.14091
40000 85000 150006 5.94093
45000 85000 150006 6.05239
40000 90000 150006 6.45184
45000 90000 150006 6.37067
45000 85000 150006 6.05239
50000 85000 150006 6.14091
45000 90000 150006 6.37067
50000 90000 150006 6.30044
50000 80000 150006 6.22924
55000 80000 150007 7.30811
50000 85000 150006 6.14091
55000 85000 150006 6.19687
55000 80000 150007 7.30811
60000 80000 150007 7.45154
55000 85000 150006 6.19687
60000 85000 150007 6.5835
50000 85000 150006 6.14091
55000 85000 150006 6.19687
50000 90000 150006 6.30044
55000 90000 150006 6.36073
55000 85000 150006 6.19687
60000 85000 150007 6.5835
55000 90000 150006 6.36073
60000 90000 150007 7.23167
60000 80000 150007 7.45154
65000 80000 150007 7.41134
60000 85000 150007 6.5835
65000 85000 150009 8.709
65000 80000 150007 7.41134
70000 80000 150010 9.59785
65000 85000 150009 8.709
70000 85000 150010 10.4942
60000 85000 150007 6.5835
65000 85000 150009 8.709
60000 90000 150007 7.23167
65000 90000 150007 6.95694
65000 85000 150009 8.709
70000 85000 150010 10.4942
65000 90000 150007 6.95694
70000 90000 150011 10.5247
70000 80000 150010 9.59785
75000 80000 150012 12.1694
70000 85000 150010 10.4942
75000 85000 150014 13.798
75000 80000 150012 12.1694
80000 80000 150018 18.4714
75000 85000 150014 13.798
80000 85000 150015 14.5319
70000 85000 150010 10.4942
75000 85000 150014 13.798
70000 90000 150011 10.5247
75000 90000 150010 10.3087
75000 85000 150014 13.798
80000 85000 150015 14.5319
75000 90000 150010 10.3087
80000 90000 150016 15.5875
80000 80000 150018 18.4714
85000 80000 150018 18.4728
80000 85000 150015 14.5319
85000 85000 150019 18.6803
85000 80000 150018 18.4728
90000 80000 150021 21.2264
85000 85000 150019 18.6803
90000 85000 150019 19.1802
80000 85000 150015 14.5319
85000 85000 150019 18.6803
80000 90000 150016 15.5875
85000 90000 150019 18.5348
85000 85000 150019 18.6803
90000 85000 150019 19.1802
85000 90000 150019 18.5348
90000 90000 150019 19.0139
90000 80000 150021 21.2264
95000 80000 150025 24.7764
90000 85000 150019 19.1802
95000 85000 150023 23.1505
95000 80000 150025 24.7764
100000 80000 150029 29.1905
95000 85000 150023 23.1505
100000 85000 150025 25.2367
90000 85000 150019 19.1802
95000 85000 150023 23.1505
90000 90000 150019 19.0139
95000 90000 150022 21.7336
95000 85000 150023 23.1505
100000 85000 150025 25.2367
95000 90000 150022 21.7336
100000 90000 150025 24.7553
100000 80000 150029 29.1905
105000 80000 150031 31.3709
100000 85000 150025 25.2367
105000 85000 150029 28.8501
105000 80000 150031 31.3709
110000 80000 150033 33.3905
105000 85000 150029 28.8501
110000 85000 150030 29.9312
100000 85000 150025 25.2367
105000 85000 150029 28.8501
100000 90000 150025 24.7553
105000 90000 150027 27.1922
105000 85000 150029 28.8501
110000 85000 150030 29.9312
105000 90000 150027 27.1922
110000 90000 150029 28.7125
0 90000 150005 5.31988
5000 90000 150006 6.0139
0 95000 150005 5.43685
5000 95000 150005 5.28034
5000 90000 150006 6.0139
10000 90000 150006 6.35194
5000 95000 150005 5.28034
10000 95000 150005 5.15572
0 95000 150005 5.43685
5000 95000 150005 5.28034
0 100000 150005 5.35412
5000 100000 150005 5.20832
5000 95000 150005 5.28034
10000 95000 150005 5.15572
5000 100000 150005 5.20832
10000 100000 150005 5.19687
10000 90000 150006 6.35194
15000 90000 150006 5.9234
10000 95000 150005 5.15572
15000 95000 150005 5.08035
15000 90000 150006 5.9234
20000 90000 150005 5.32843
15000 95000 150005 5.08035
20000 95000 150005 5.47706
10000 95000 150005 5.15572
15000 95000 150005 5.08035
10000 100000 150005 5.19687
15000 100000 150005 5.1831
15000 95000 150005 5.08035
20000 95000 150005 5.47706
15000 100000 150005 5.1831
20000 100000 150005 5.33365
20000 90000 150005 5.32843
25000 90000 150006 5.57098
20000 95000 150005 5.47706
25000 95000 150005 5.15825
25000 90000 150006 5.57098
30000 90000 150006 5.742
25000 95000 150005 5.15825
30000 95000 150005 5.30772
20000 95000 150005 5.47706
25000 95000 150005 5.15825
20000 100000 150005 5.33365
25000 100000 150005 5.31589
25000 95000 150005 5.15825
30000 95000 150005 5.30772
25000 100000 150005 5.31589
30000 100000 150005 5.43732
30000 90000 150006 5.742
35000 90000 150006 5.88336
30000 95000 150005 5.30772
35000 95000 150006 5.544
35000 90000 150006 5.88336
40000 90000 150006 6.45184
35000 95000 150006 5.544
40000 95000 150006 5.78988
30000 95000 150005 5.30772
35000 95000 150006 5.544
30000 100000 150005 5.43732
35000 100000 150005 5.34346
35000 95000 150006 5.544
40000 95000 150006 5.78988
35000 100000 150005 5.34346
40000 100000 150005 5.26347
40000 90000 150006 6.45184
45000 90000 150006 6.37067
40000 95000 150006 5.78988
45000 95000 150005 5.44941
45000 90000 150006 6.37067
50000 90000 150006 6.30044
45000 95000 150005 5.44941
50000 95000 150006 5.54715
40000 95000 150006 5.78988
45000 95000 150005 5.44941
40000 100000 150005 5.26347
45000 100000 150005 5.46004
45000 95000 150005 5.44941
50000 95000 150006 5.54715
45000 100000 150005 5.46004
50000 100000 150006 5.61283
50000 90000 150006 6.30044
55000 90000 150006 6.36073
50000 95000 150006 5.54715
55000 95000 150006 5.84947
55000 90000 150006 6.36073
60000 90000 150007 7.23167
55000 95000 150006 5.84947
60000 95000 150007 7.4085
50000 95000 150006 5.54715
55000 95000 150006 5.84947
50000 100000 150006 5.61283
55000 100000 150006 5.72327
55000 95000 150006 5.84947
60000 95000 150007 7.4085
55000 100000 150006 5.72327
60000 100000 150006 6.35074
60000 90000 150007 7.23167
65000 90000 150007 6.95694
60000 95000 150007 7.4085
65000 95000 150008 8.40982
65000 90000 150007 6.95694
70000 90000 150011 10.5247
65000 95000 150008 8.40982
70000 95000 150010 10.2269
60000 95000 150007 7.4085
65000 95000 150008 8.40982
60000 100000 150006 6.35074
65000 100000 150006 6.26499
65000 95000 150008 8.40982
70000 95000 150010 10.2269
65000 100000 150006 6.26499
70000 100000 150007 6.80572
70000 90000 150011 10.5247
75000 90000 150010 10.3087
70000 95000 150010 10.2269
75000 95000 150012 11.5726
75000 90000 150010 10.3087
80000 90000 150016 15.5875
75000 95000 150012 11.5726
80000 95000 150015 15.167
70000 95000 150010 10.2269
75000 95000 150012 11.5726
70000 100000 150007 6.80572
75000 100000 150011 11.1949
75000 95000 150012 11.5726
80000 95000 150015 15.167
75000 100000 150011 11.1949
80000 100000 150011 10.5126
80000 90000 150016 15.5875
85000 90000 150019 18.5348
80000 95000 150015 15.167
85000 95000 150018 17.7016
85000 90000 150019 18.5348
90000 90000 150019 19.0139
85000 95000 150018 17.7016
90000 95000 150020 19.8564
80000 95000 150015 15.167
85000 95000 150018 17.7016
80000 100000 150011 10.5126
85000 100000 150015 15.2665
85000 95000 150018 17.7016
90000 95000 150020 19.8564
85000 100000 150015 15.2665
90000 100000 150015 15.1998
90000 90000 150019 19.0139
95000 90000 150022 21.7336
90000 95000 150020 19.8564
95000 95000 150021 21.4799
95000 90000 150022 21.7336
100000 90000 150025 24.7553
95000 95000 150021 21.4799
100000 95000 150023 22.9594
90000 95000 150020 19.8564
95000 95000 150021 21.4799
90000 100000 150015 15.1998
95000 100000 150018 17.9855
95000 95000 150021 21.4799
100000 95000 150023 22.9594
95000 100000 150018 17.9855
100000 100000 150023 23.1963
0 100000 150005 5.35412
5000 100000 150005 5.20832
0 105000 150005 5.34988
5000 105000 150005 5.02594
5000 100000 150005 5.20832
10000 100000 150005 5.19687
5000 105000 150005 5.02594
10000 105000 150005 4.92676
0 105000 150005 5.34988
5000 105000 150005 5.02594
0 110000 150005 5.17434
5000 110000 150005 5.11877
5000 105000 150005 5.02594
10000 105000 150005 4.92676
5000 110000 150005 5.11877
10000 110000 150004 4.24755
10000 100000 150005 5.19687
15000 100000 150005 5.1831
10000 105000 150005 4.92676
15000 105000 150004 4.40375
15000 100000 150005 5.1831
20000 100000 150005 5.33365
15000 105000 150004 4.40375
20000 105000 150005 5.14501
10000 105000 150005 4.92676
15000 105000 150004 4.40375
10000 110000 150004 4.24755
15000 110000 150004 4.10732
15000 105000 150004 4.40375
20000 105000 150005 5.14501
15000 110000 150004 4.10732
20000 110000 150004 4.38233
20000 100000 150005 5.33365
25000 100000 150005 5.31589
20000 105000 150005 5.14501
25000 105000 150005 4.88551
25000 100000 150005 5.31589
30000 100000 150005 5.43732
25000 105000 150005 4.88551
30000 105000 150005 4.93113
20000 105000 150005 5.14501
25000 105000 150005 4.88551
20000 110000 150004 4.38233
25000 110000 150005 4.97957
25000 105000 150005 4.88551
30000 105000 150005 4.93113
25000 110000 150005 4.97957
30000 110000 150006 5.80873
30000 100000 150005 5.43732
35000 100000 150005 5.34346
30000 105000 150005 4.93113
35000 105000 150005 5.06385
35000 100000 150005 5.34346
40000 100000 150005 5.26347
35000 105000 150005 5.06385
40000 105000 150005 5.34174
30000 105000 150005 4.93113
35000 105000 150005 5.06385
30000 110000 150006 5.80873
35000 110000 150005 5.22093
35000 105000 150005 5.06385
40000 105000 150005 5.34174
35000 110000 150005 5.22093
40000 110000 150005 5.49847
40000 100000 150005 5.26347
45000 100000 150005 5.46004
40000 105000 150005 5.34174
45000 105000 150005 5.39093
45000 100000 150005 5.46004
50000 100000 150006 5.61283
45000 105000 150005 5.39093
50000 105000 150006 5.51324
40000 105000 150005 5.34174
45000 105000 150005 5.39093
40000 110000 150005 5.49847
45000 110000 150005 5.31367
45000 105000 150005 5.39093
50000 105000 150006 5.51324
45000 110000 150005 5.31367
50000 110000 150005 5.42588
50000 100000 150006 5.61283
55000 100000 150006 5.72327
50000 105000 150006 5.51324
55000 105000 150006 5.69068
55000 100000 150006 5.72327
60000 100000 150006 6.35074
55000 105000 150006 5.69068
60000 105000 150007 6.7347
50000 105000 150006 5.51324
55000 105000 150006 5.69068
50000 110000 150005 5.42588
55000 110000 150006 5.65636
55000 105000 150006 5.69068
60000 105000 150007 6.7347
55000 110000 150006 5.65636
60000 110000 150007 6.67353
60000 100000 150006 6.35074
65000 100000 150006 6.26499
60000 105000 150007 6.7347
65000 105000 150007 7.41431
65000 100000 150006 6.26499
70000 100000 150007 6.80572
65000 105000 150007 7.41431
70000 105000 150010 9.91194
60000 105000 150007 6.7347
65000 105000 150007 7.41431
60000 110000 150007 6.67353
65000 110000 150007 6.73153
65000 105000 150007 7.41431
70000 105000 150010 9.91194
65000 110000 150007 6.73153
70000 110000 150010 9.57743
70000 100000 150007 6.80572
75000 100000 150011 11.1949
70000 105000 150010 9.91194
75000 105000 150013 12.7663
75000 100000 150011 11.1949
80000 100000 150011 10.5126
75000 105000 150013 12.7663
80000 105000 150016 15.8779
70000 105000 150010 9.91194
75000 105000 150013 12.7663
70000 110000 150010 9.57743
75000 110000 150012 12.376
75000 105000 150013 12.7663
80000 105000 150016 15.8779
75000 110000 150012 12.376
80000 110000 150014 14.2507
0 110000 150005 5.17434
5000 110000 150005 5.11877
0 115000 150006 5.91206
5000 115000 150005 4.77575
5000 110000 150005 5.11877
10000 110000 150004 4.24755
5000 115000 150005 4.77575
10000 115000 150004 4.39608
0 115000 150006 5.91206
5000 115000 150005 4.77575
0 120000 150005 5.2729
5000 120000 150005 4.52461
5000 115000 150005 4.77575
10000 115000 150004 4.39608
5000 120000 150005 4.52461
10000 120000 150003 3.43322
10000 110000 150004 4.24755
15000 110000 150004 4.10732
10000 115000 150004 4.39608
15000 115000 150005 5.00287
15000 110000 150004 4.10732
20000 110000 150004 4.38233
15000 115000 150005 5.00287
20000 115000 150005 5.01595
10000 115000 150004 4.39608
15000 115000 150005 5.00287
10000 120000 150003 3.43322
15000 120000 150004 3.90834
15000 115000 150005 5.00287
20000 115000 150005 5.01595
15000 120000 150004 3.90834
20000 120000 150005 4.97385
20000 110000 150004 4.38233
25000 110000 150005 4.97957
20000 115000 150005 5.01595
25000 115000 150006 5.59174
25000 110000 150005 4.97957
30000 110000 150006 5.80873
25000 115000 150006 5.59174
30000 115000 150005 5.49048
20000 115000 150005 5.01595
25000 115000 150006 5.59174
20000 120000 150005 4.97385
25000 120000 150006 5.95388
25000 115000 150006 5.59174
30000 115000 150005 5.49048
25000 120000 150006 5.95388
30000 120000 150006 6.17522
30000 110000 150006 5.80873
35000 110000 150005 5.22093
30000 115000 150005 5.49048
35000 115000 150005 5.4801
35000 110000 150005 5.22093
40000 110000 150005 5.49847
35000 115000 150005 5.4801
40000 115000 150005 5.41708
30000 115000 150005 5.49048
35000 115000 150005 5.4801
30000 120000 150006 6.17522
35000 120000 150006 5.89989
35000 115000 150005 5.4801
40000 115000 150005 5.41708
35000 120000 150006 5.89989
40000 120000 150005 5.11503
40000 110000 150005 5.49847
45000 110000 150005 5.31367
40000 115000 150005 5.41708
45000 115000 150005 5.24342
45000 110000 150005 5.31367
50000 110000 150005 5.42588
45000 115000 150005 5.24342
50000 115000 150005 5.35807
40000 115000 150005 5.41708
45000 115000 150005 5.24342
40000 120000 150005 5.11503
45000 120000 150005 5.12056
45000 115000 150005 5.24342
50000 115000 150005 5.35807
45000 120000 150005 5.12056
50000 120000 150005 5.30742
50000 110000 150005 5.42588
55000 110000 150006 5.65636
50000 115000 150005 5.35807
55000 115000 150006 5.53356
55000 110000 150006 5.65636
60000 110000 150007 6.67353
55000 115000 150006 5.53356
60000 115000 150006 5.9812
50000 115000 150005 5.35807
55000 115000 150006 5.53356
50000 120000 150005 5.30742
55000 120000 150005 5.44868
55000 115000 150006 5.53356
60000 115000 150006 5.9812
55000 120000 150005 5.44868
60000 120000 150006 6.17499
60000 110000 150007 6.67353
65000 110000 150007 6.73153
60000 115000 150006 5.9812
65000 115000 150007 7.44042
65000 110000 150007 6.73153
70000 110000 150010 9.57743
65000 115000 150007 7.44042
70000 115000 150008 8.3346
60000 115000 150006 5.9812
65000 115000 150007 7.44042
60000 120000 150006 6.17499
65000 120000 150008 8.09626
65000 115000 150007 7.44042
70000 115000 150008 8.3346
65000 120000 150008 8.09626
70000 120000 150011 11.023
70000 110000 150010 9.57743
75000 110000 150012 12.376
70000 115000 150008 8.3346
75000 115000 150011 10.9
75000 110000 150012 12.376
80000 110000 150014 14.2507
75000 115000 150011 10.9
80000 115000 150013 13.465
70000 115000 150008 8.3346
75000 115000 150011 10.9
70000 120000 150011 11.023
75000 120000 150013 13.3151
75000 115000 150011 10.9
80000 115000 150013 13.465
75000 120000 150013 13.3151
80000 120000 150013 13.4684
160000 0 150006 5.80516
165000 0 150012 11.5884
160000 5000 150006 6.17033
165000 5000 150012 11.5443
165000 0 150012 11.5884
170000 0 150017 17.0608
165000 5000 150012 11.5443
170000 5000 150017 17.2853
160000 5000 150006 6.17033
165000 5000 150012 11.5443
160000 10000 150009 9.00893
165000 10000 150014 13.9358
165000 5000 150012 11.5443
170000 5000 150017 17.2853
165000 10000 150014 13.9358
170000 10000 150018 17.9005
170000 0 150017 17.0608
175000 0 150017 17.1664
170000 5000 150017 17.2853
175000 5000 150018 17.8605
175000 0 150017 17.1664
180000 0 150017 17.4081
175000 5000 150018 17.8605
180000 5000 150018 17.8755
170000 5000 150017 17.2853
175000 5000 150018 17.8605
170000 10000 150018 17.9005
175000 10000 150020 19.6751
175000 5000 150018 17.8605
180000 5000 150018 17.8755
175000 10000 150020 19.6751
180000 10000 150017 17.1247
180000 0 150017 17.4081
185000 0 150015 15.4455
180000 5000 150018 17.8755
185000 5000 150016 15.7137
185000 0 150015 15.4455
190000 0 150014 13.8953
185000 5000 150016 15.7137
190000 5000 150012 11.9166
180000 5000 150018 17.8755
185000 5000 150016 15.7137
180000 10000 150017 17.1247
185000 10000 150016 16.4616
185000 5000 150016 15.7137
190000 5000 150012 11.9166
185000 10000 150016 16.4616
190000 10000 150014 14.4113
190000 0 150014 13.8953
195000 0 150012 12.4429
190000 5000 150012 11.9166
195000 5000 150011 11.0992
195000 0 150012 12.4429
200000 0 150010 9.92298
195000 5000 150011 11.0992
200000 5000 150008 8.05765
190000 5000 150012 11.9166
195000 5000 150011 11.0992
190000 10000 150014 14.4113
195000 10000 150009 9.11995
195000 5000 150011 11.0992
200000 5000 150008 8.05765
195000 10000 150009 9.11995
200000 10000 150008 8.42427
200000 0 150010 9.92298
205000 0 150005 5.24158
200000 5000 150008 8.05765
205000 5000 150004 4.2731
205000 0 150005 5.24158
210000 0 150002 1.82513
205000 5000 150004 4.2731
210000 5000 150001 1.00501
200000 5000 150008 8.05765
205000 5000 150004 4.2731
200000 10000 150008 8.42427
205000 10000 150005 4.56842
205000 5000 150004 4.2731
210000 5000 150001 1.00501
205000 10000 150005 4.56842
210000 10000 150000 -0.26259
210000 0 150002 1.82513
215000 0 149999 -1.23443
210000 5000 150001 1.00501
215000 5000 149997 -3.07537
215000 0 149999 -1.23443
220000 0 149996 -4.37772
215000 5000 149997 -3.07537
220000 5000 149993 -7.08803
210000 5000 150001 1.00501
215000 5000 149997 -3.07537
210000 10000 150000 -0.26259
215000 10000 149997 -3.48383
215000 5000 149997 -3.07537
220000 5000 149993 -7.08803
215000 10000 149997 -3.48383
220000 10000 149990 -9.61136
220000 0 149996 -4.37772
225000 0 149992 -8.17446
220000 5000 149993 -7.08803
225000 5000 149987 -12.5886
225000 0 149992 -8.17446
230000 0 149989 -10.6576
225000 5000 149987 -12.5886
230000 5000 149986 -14.2536
220000 5000 149993 -7.08803
225000 5000 149987 -12.5886
220000 10000 149990 -9.61136
225000 10000 149992 -8.16173
225000 5000 149987 -12.5886
230000 5000 149986 -14.2536
225000 10000 149992 -8.16173
230000 10000 149990 -10.0074
230000 0 149989 -10.6576
235000 0 149988 -12.0172
230000 5000 149986 -14.2536
235000 5000 149986 -13.7548
235000 0 149988 -12.0172
240000 0 149987 -13.2373
235000 5000 149986 -13.7548
240000 5000 149986 -14.0888
230000 5000 149986 -14.2536
235000 5000 149986 -13.7548
230000 10000 149990 -10.0074
235000 10000 149987 -12.6211
235000 5000 149986 -13.7548
240000 5000 149986 -14.0888
235000 10000 149987 -12.6211
240000 10000 149983 -17.0192
160000 10000 150009 9.00893
165000 10000 150014 13.9358
160000 15000 150010 10.1287
165000 15000 150015 14.5649
165000 10000 150014 13.9358
170000 10000 150018 17.9005
165000 15000 150015 14.5649
170000 15000 150019 18.5032
160000 15000 150010 10.1287
165000 15000 150015 14.5649
160000 20000 150006 6.30613
165000 20000 150012 12.4225
165000 15000 150015 14.5649
170000 15000 150019 18.5032
165000 20000 150012 12.4225
170000 20000 150017 16.6928
170000 10000 150018 17.9005
175000 10000 150020 19.6751
170000 15000 150019 18.5032
175000 15000 150020 19.7995
175000 10000 150020 19.6751
180000 10000 150017 17.1247
175000 15000 150020 19.7995
180000 15000 150020 19.5904
170000 15000 150019 18.5032
175000 15000 150020 19.7995
170000 20000 150017 16.6928
175000 20000 150020 20.0444
175000 15000 150020 19.7995
180000 15000 150020 19.5904
175000 20000 150020 20.0444
180000 20000 150021 20.8813
180000 10000 150017 17.1247
185000 10000 150016 16.4616
180000 15000 150020 19.5904
185000 15000 150018 18.2418
185000 10000 150016 16.4616
190000 10000 150014 14.4113
185000 15000 150018 18.2418
190000 15000 150015 14.7741
180000 15000 150020 19.5904
185000 15000 150018 18.2418
180000 20000 150021 20.8813
185000 20000 150021 20.5862
185000 15000 150018 18.2418
190000 15000 150015 14.7741
185000 20000 150021 20.5862
190000 20000 150018 17.8992
190000 10000 150014 14.4113
195000 10000 150009 9.11995
190000 15000 150015 14.7741
195000 15000 150013 12.9058
195000 10000 150009 9.11995
200000 10000 150008 8.42427
195000 15000 150013 12.9058
200000 15000 150008 7.74461
190000 15000 150015 14.7741
195000 15000 150013 12.9058
190000 20000 150018 17.8992
195000 20000 150013 12.9194
195000 15000 150013 12.9058
200000 15000 150008 7.74461
195000 20000 150013 12.9194
200000 20000 150007 6.5782
200000 10000 150008 8.42427
205000 10000 150005 4.56842
200000 15000 150008 7.74461
205000 15000 150004 4.00409
205000 10000 150005 4.56842
210000 10000 150000 -0.26259
205000 15000 150004 4.00409
210000 15000 150001 0.570077
200000 15000 150008 7.74461
205000 15000 150004 4.00409
200000 20000 150007 6.5782
205000 20000 150003 3.34652
205000 15000 150004 4.00409
210000 15000 150001 0.570077
205000 20000 150003 3.34652
210000 20000 150002 1.8303
210000 10000 150000 -0.26259
215000 10000 149997 -3.48383
210000 15000 150001 0.570077
215000 15000 149994 -5.53498
215000 10000 149997 -3.48383
220000 10000 149990 -9.61136
215000 15000 149994 -5.53498
220000 15000 149995 -5.06548
210000 15000 150001 0.570077
215000 15000 149994 -5.53498
210000 20000 150002 1.8303
215000 20000 150000 -0.436859
215000 15000 149994 -5.53498
220000 15000 149995 -5.06548
215000 20000 150000 -0.436859
220000 20000 149996 -3.80939
220000 10000 149990 -9.61136
225000 10000 149992 -8.16173
220000 15000 149995 -5.06548
225000 15000 149992 -8.07014
225000 10000 149992 -8.16173
230000 10000 149990 -10.0074
225000 15000 149992 -8.07014
230000 15000 149990 -10.3648
220000 15000 149995 -5.06548
225000 15000 149992 -8.07014
220000 20000 149996 -3.80939
225000 20000 149992 -7.63909
225000 15000 149992 -8.07014
230000 15000 149990 -10.3648
225000 20000 149992 -7.63909
230000 20000 149988 -11.5854
230000 10000 149990 -10.0074
235000 10000 149987 -12.6211
230000 15000 149990 -10.3648
235000 15000 149987 -12.7922
235000 10000 149987 -12.6211
240000 10000 149983 -17.0192
235000 15000 149987 -12.7922
240000 15000 149985 -15.3892
230000 15000 149990 -10.3648
235000 15000 149987 -12.7922
230000 20000 149988 -11.5854
235000 20000 149987 -13.0698
235000 15000 149987 -12.7922
240000 15000 149985 -15.3892
235000 20000 149987 -13.0698
240000 20000 149986 -14.3482
160000 20000 150006 6.30613
165000 20000 150012 12.4225
160000 25000 150004 3.95088
165000 25000 150010 9.5948
165000 20000 150012 12.4225
170000 20000 150017 16.6928
165000 25000 150010 9.5948
170000 25000 150015 15.3769
160000 25000 150004 3.95088
165000 25000 150010 9.5948
160000 30000 150011 10.8483
165000 30000 150015 15.414
165000 25000 150010 9.5948
170000 25000 150015 15.3769
165000 30000 150015 15.414
170000 30000 150019 18.583
170000 20000 150017 16.6928
175000 20000 150020 20.0444
170000 25000 150015 15.3769
175000 25000 150020 20.2915
175000 20000 150020 20.0444
180000 20000 150021 20.8813
175000 25000 150020 20.2915
180000 25000 150021 21.3338
170000 25000 150015 15.3769
175000 25000 150020 20.2915
170000 30000 150019 18.583
175000 30000 150021 20.8972
175000 25000 150020 20.2915
180000 25000 150021 21.3338
175000 30000 150021 20.8972
180000 30000 150022 22.1293
180000 20000 150021 20.8813
185000 20000 150021 20.5862
180000 25000 150021 21.3338
185000 25000 150022 21.5236
185000 20000 150021 20.5862
190000 20000 150018 17.8992
185000 25000 150022 21.5236
190000 25000 150018 17.5735
180000 25000 150021 21.3338
185000 25000 150022 21.5236
180000 30000 150022 22.1293
185000 30000 150023 23.4963
185000 25000 150022 21.5236
190000 25000 150018 17.5735
185000 30000 150023 23.4963
190000 30000 150020 19.8834
190000 20000 150018 17.8992
195000 20000 150013 12.9194
190000 25000 150018 17.5735
195000 25000 150013 12.9273
195000 20000 150013 12.9194
200000 20000 150007 6.5782
195000 25000 150013 12.9273
200000 25000 150010 10.1661
190000 25000 150018 17.5735
195000 25000 150013 12.9273
190000 30000 150020 19.8834
195000 30000 150015 15.1682
195000 25000 150013 12.9273
200000 25000 150010 10.1661
195000 30000 150015 15.1682
200000 30000 150011 11.034
200000 20000 150007 6.5782
205000 20000 150003 3.34652
200000 25000 150010 10.1661
205000 25000 150007 7.26928
205000 20000 150003 3.34652
210000 20000 150002 1.8303
205000 25000 150007 7.26928
210000 25000 150004 3.93553
200000 25000 150010 10.1661
205000 25000 150007 7.26928
200000 30000 150011 11.034
205000 30000 150006 5.99994
205000 25000 150007 7.26928
210000 25000 150004 3.93553
205000 30000 150006 5.99994
210000 30000 150002 1.62495
210000 20000 150002 1.8303
215000 20000 150000 -0.436859
210000 25000 150004 3.93553
215000 25000 150000 0.221567
215000 20000 150000 -0.436859
220000 20000 149996 -3.80939
215000 25000 150000 0.221567
220000 25000 149997 -2.84188
210000 25000 150004 3.93553
215000 25000 150000 0.221567
210000 30000 150002 1.62495
215000 30000 150000 -0.38616
215000 25000 150000 0.221567
220000 25000 149997 -2.84188
215000 30000 150000 -0.38616
220000 30000 149995 -4.64399
220000 20000 149996 -3.80939
225000 20000 149992 -7.63909
220000 25000 149997 -2.84188
225000 25000 149992 -7.93573
225000 20000 149992 -7.63909
230000 20000 149988 -11.5854
225000 25000 149992 -7.93573
230000 25000 149989 -10.9191
220000 25000 149997 -2.84188
225000 25000 149992 -7.93573
220000 30000 149995 -4.64399
225000 30000 149993 -6.73136
225000 25000 149992 -7.93573
230000 25000 149989 -10.9191
225000 30000 149993 -6.73136
230000 30000 149988 -11.8031
230000 20000 149988 -11.5854
235000 20000 149987 -13.0698
230000 25000 149989 -10.9191
235000 25000 149988 -12.2835
235000 20000 149987 -13.0698
240000 20000 149986 -14.3482
235000 25000 149988 -12.2835
240000 25000 149986 -14.343
230000 25000 149989 -10.9191
235000 25000 149988 -12.2835
230000 30000 149988 -11.8031
235000 30000 149988 -12.4661
235000 25000 149988 -12.2835
240000 25000 149986 -14.343
235000 30000 149988 -12.4661
240000 30000 149986 -14.0959
160000 30000 150011 10.8483
165000 30000 150015 15.414
160000 35000 150013 13.0536
165000 35000 150015 14.9508
165000 30000 150015 15.414
170000 30000 150019 18.583
165000 35000 150015 14.9508
170000 35000 150019 18.8397
160000 35000 150013 13.0536
165000 35000 150015 14.9508
160000 40000 149992 -7.90808
165000 40000 150008 8.14619
165000 35000 150015 14.9508
170000 35000 150019 18.8397
165000 40000 150008 8.14619
170000 40000 150018 17.6603
170000 30000 150019 18.583
175000 30000 150021 20.8972
170000 35000 150019 18.8397
175000 35000 150023 22.9639
175000 30000 150021 20.8972
180000 30000 150022 22.1293
175000 35000 150023 22.9639
180000 35000 150024 23.6295
170000 35000 150019 18.8397
175000 35000 150023 22.9639
170000 40000 150018 17.6603
175000 40000 150021 21.0044
175000 35000 150023 22.9639
180000 35000 150024 23.6295
175000 40000 150021 21.0044
180000 40000 150024 23.8233
180000 30000 150022 22.1293
185000 30000 150023 23.4963
180000 35000 150024 23.6295
185000 35000 150023 23.4637
185000 30000 150023 23.4963
190000 30000 150020 19.8834
185000 35000 150023 23.4637
190000 35000 150021 21.3885
180000 35000 150024 23.6295
185000 35000 150023 23.4637
180000 40000 150024 23.8233
185000 40000 150025 24.8864
185000 35000 150023 23.4637
190000 35000 150021 21.3885
185000 40000 150025 24.8864
190000 40000 150024 23.5425
190000 30000 150020 19.8834
195000 30000 150015 15.1682
190000 35000 150021 21.3885
195000 35000 150017 17.4777
195000 30000 150015 15.1682
200000 30000 150011 11.034
195000 35000 150017 17.4777
200000 35000 150012 12.049
190000 35000 150021 21.3885
195000 35000 150017 17.4777
190000 40000 150024 23.5425
195000 40000 150018 17.9639
195000 35000 150017 17.4777
200000 35000 150012 12.049
195000 40000 150018 17.9639
200000 40000 150016 15.5363
200000 30000 150011 11.034
205000 30000 150006 5.99994
200000 35000 150012 12.049
205000 35000 150010 9.78644
205000 30000 150006 5.99994
210000 30000 150002 1.62495
205000 35000 150010 9.78644
210000 35000 150002 1.93655
200000 35000 150012 12.049
205000 35000 150010 9.78644
200000 40000 150016 15.5363
205000 40000 150010 9.80134
205000 35000 150010 9.78644
210000 35000 150002 1.93655
205000 40000 150010 9.80134
210000 40000 150005 5.43287
210000 30000 150002 1.62495
215000 30000 150000 -0.38616
210000 35000 150002 1.93655
215000 35000 149998 -2.10487
215000 30000 150000 -0.38616
220000 30000 149995 -4.64399
215000 35000 149998 -2.10487
220000 35000 149997 -3.37528
210000 35000 150002 1.93655
215000 35000 149998 -2.10487
210000 40000 150005 5.43287
215000 40000 150001 1.09196
215000 35000 149998 -2.10487
220000 35000 149997 -3.37528
215000 40000 150001 1.09196
220000 40000 149996 -3.67508
220000 30000 149995 -4.64399
225000 30000 149993 -6.73136
220000 35000 149997 -3.37528
225000 35000 149994 -5.99337
225000 30000 149993 -6.73136
230000 30000 149988 -11.8031
225000 35000 149994 -5.99337
230000 35000 149992 -8.10814
220000 35000 149997 -3.37528
225000 35000 149994 -5.99337
220000 40000 149996 -3.67508
225000 40000 149993 -6.79877
225000 35000 149994 -5.99337
230000 35000 149992 -8.10814
225000 40000 149993 -6.79877
230000 40000 149991 -8.84259
230000 30000 149988 -11.8031
235000 30000 149988 -12.4661
230000 35000 149992 -8.10814
235000 35000 149989 -10.7305
235000 30000 149988 -12.4661
240000 30000 149986 -14.0959
235000 35000 149989 -10.7305
240000 35000 149986 -13.9871
230000 35000 149992 -8.10814
235000 35000 149989 -10.7305
230000 40000 149991 -8.84259
235000 40000 149988 -12.2719
235000 35000 149989 -10.7305
240000 35000 149986 -13.9871
235000 40000 149988 -12.2719
240000 40000 149986 -14.1925
160000 40000 149992 -7.90808
165000 40000 150008 8.14619
160000 45000 150006 5.85531
165000 45000 150015 15.0161
165000 40000 150008 8.14619
170000 40000 150018 17.6603
165000 45000 150015 15.0161
170000 45000 150017 16.7613
160000 45000 150006 5.85531
165000 45000 150015 15.0161
160000 50000 149981 -19.216
165000 50000 149997 -2.90069
165000 45000 150015 15.0161
170000 45000 150017 16.7613
165000 50000 149997 -2.90069
170000 50000 150014 13.8557
170000 40000 150018 17.6603
175000 40000 150021 21.0044
170000 45000 150017 16.7613
175000 45000 150020 20.3315
175000 40000 150021 21.0044
180000 40000 150024 23.8233
175000 45000 150020 20.3315
180000 45000 150023 23.323
170000 45000 150017 16.7613
175000 45000 150020 20.3315
170000 50000 150014 13.8557
175000 50000 150020 20.4906
175000 45000 150020 20.3315
180000 45000 150023 23.323
175000 50000 150020 20.4906
180000 50000 150024 24.039
180000 40000 150024 23.8233
185000 40000 150025 24.8864
180000 45000 150023 23.323
185000 45000 150026 25.5838
185000 40000 150025 24.8864
190000 40000 150024 23.5425
185000 45000 150026 25.5838
190000 45000 150023 23.0333
180000 45000 150023 23.323
185000 45000 150026 25.5838
180000 50000 150024 24.039
185000 50000 150026 25.6993
185000 45000 150026 25.5838
190000 45000 150023 23.0333
185000 50000 150026 25.6993
190000 50000 150025 25.2528
190000 40000 150024 23.5425
195000 40000 150018 17.9639
190000 45000 150023 23.0333
195000 45000 150021 21.3443
195000 40000 150018 17.9639
200000 40000 150016 15.5363
195000 45000 150021 21.3443
200000 45000 150016 16.3723
190000 45000 150023 23.0333
195000 45000 150021 21.3443
190000 50000 150025 25.2528
195000 50000 150023 22.7421
195000 45000 150021 21.3443
200000 45000 150016 16.3723
195000 50000 150023 22.7421
200000 50000 150019 19.3513
200000 40000 150016 15.5363
205000 40000 150010 9.80134
200000 45000 150016 16.3723
205000 45000 150011 10.5784
205000 40000 150010 9.80134
210000 40000 150005 5.43287
205000 45000 150011 10.5784
210000 45000 150006 5.62015
200000 45000 150016 16.3723
205000 45000 150011 10.5784
200000 50000 150019 19.3513
205000 50000 150015 14.9734
205000 45000 150011 10.5784
210000 45000 150006 5.62015
205000 50000 150015 14.9734
210000 50000 150008 8.12038
210000 40000 150005 5.43287
215000 40000 150001 1.09196
210000 45000 150006 5.62015
215000 45000 150002 1.71093
215000 40000 150001 1.09196
220000 40000 149996 -3.67508
215000 45000 150002 1.71093
220000 45000 150001 0.514477
210000 45000 150006 5.62015
215000 45000 150002 1.71093
210000 50000 150008 8.12038
215000 50000 150001 0.891252
215000 45000 150002 1.71093
220000 45000 150001 0.514477
215000 50000 150001 0.891252
220000 50000 149996 -3.87015
220000 40000 149996 -3.67508
225000 40000 149993 -6.79877
220000 45000 150001 0.514477
225000 45000 149996 -3.51199
225000 40000 149993 -6.79877
230000 40000 149991 -8.84259
225000 45000 149996 -3.51199
230000 45000 149991 -8.56125
220000 45000 150001 0.514477
225000 45000 149996 -3.51199
220000 50000 149996 -3.87015
225000 50000 149995 -4.50808
225000 45000 149996 -3.51199
230000 45000 149991 -8.56125
225000 50000 149995 -4.50808
230000 50000 149989 -11.1983
230000 40000 149991 -8.84259
235000 40000 149988 -12.2719
230000 45000 149991 -8.56125
235000 45000 149988 -12.243
235000 40000 149988 -12.2719
240000 40000 149986 -14.1925
235000 45000 149988 -12.243
240000 45000 149984 -15.6515
230000 45000 149991 -8.56125
235000 45000 149988 -12.243
230000 50000 149989 -11.1983
235000 50000 149988 -11.9463
235000 45000 149988 -12.243
240000 45000 149984 -15.6515
235000 50000 149988 -11.9463
240000 50000 149987 -13.2081
160000 50000 149981 -19.216
165000 50000 149997 -2.90069
160000 55000 149971 -28.8678
165000 55000 149996 -3.93841
165000 50000 149997 -2.90069
170000 50000 150014 13.8557
165000 55000 149996 -3.93841
170000 55000 150011 11.0415
160000 55000 149971 -28.8678
165000 55000 149996 -3.93841
160000 60000 149954 -45.7686
165000 60000 149989 -10.6079
165000 55000 149996 -3.93841
170000 55000 150011 11.0415
165000 60000 149989 -10.6079
170000 60000 150000 0.087434
170000 50000 150014 13.8557
175000 50000 150020 20.4906
170000 55000 150011 11.0415
175000 55000 150017 17.1938
175000 50000 150020 20.4906
180000 50000 150024 24.039
175000 55000 150017 17.1938
180000 55000 150022 22.4579
170000 55000 150011 11.0415
175000 55000 150017 17.1938
170000 60000 150000 0.087434
175000 60000 150021 21.2827
175000 55000 150017 17.1938
180000 55000 150022 22.4579
175000 60000 150021 21.2827
180000 60000 150024 24.352
180000 50000 150024 24.039
185000 50000 150026 25.6993
180000 55000 150022 22.4579
185000 55000 150026 25.9017
185000 50000 150026 25.6993
190000 50000 150025 25.2528
185000 55000 150026 25.9017
190000 55000 150027 27.0464
180000 55000 150022 22.4579
185000 55000 150026 25.9017
180000 60000 150024 24.352
185000 60000 150025 25.0396
185000 55000 150026 25.9017
190000 55000 150027 27.0464
185000 60000 150025 25.0396
190000 60000 150026 26.3148
190000 50000 150025 25.2528
195000 50000 150023 22.7421
190000 55000 150027 27.0464
195000 55000 150025 24.7396
195000 50000 150023 22.7421
200000 50000 150019 19.3513
195000 55000 150025 24.7396
200000 55000 150019 19.102
190000 55000 150027 27.0464
195000 55000 150025 24.7396
190000 60000 150026 26.3148
195000 60000 150024 24.361
195000 55000 150025 24.7396
200000 55000 150019 19.102
195000 60000 150024 24.361
200000 60000 150019 18.7562
200000 50000 150019 19.3513
205000 50000 150015 14.9734
200000 55000 150019 19.102
205000 55000 150013 12.9271
205000 50000 150015 14.9734
210000 50000 150008 8.12038
205000 55000 150013 12.9271
210000 55000 150006 6.27869
200000 55000 150019 19.102
205000 55000 150013 12.9271
200000 60000 150019 18.7562
205000 60000 150017 16.6317
205000 55000 150013 12.9271
210000 55000 150006 6.27869
205000 60000 150017 16.6317
210000 60000 150013 13.0181
210000 50000 150008 8.12038
215000 50000 150001 0.891252
210000 55000 150006 6.27869
215000 55000 150007 6.70338
215000 50000 150001 0.891252
220000 50000 149996 -3.87015
215000 55000 150007 6.70338
220000 55000 150002 2.08242
210000 55000 150006 6.27869
215000 55000 150007 6.70338
210000 60000 150013 13.0181
215000 60000 150009 8.61291
215000 55000 150007 6.70338
220000 55000 150002 2.08242
215000 60000 150009 8.61291
220000 60000 150002 2.2507
220000 50000 149996 -3.87015
225000 50000 149995 -4.50808
220000 55000 150002 2.08242
225000 55000 149995 -5.06741
225000 50000 149995 -4.50808
230000 50000 149989 -11.1983
225000 55000 149995 -5.06741
230000 55000 149993 -6.91669
220000 55000 150002 2.08242
225000 55000 149995 -5.06741
220000 60000 150002 2.2507
225000 60000 149998 -2.28572
225000 55000 149995 -5.06741
230000 55000 149993 -6.91669
225000 60000 149998 -2.28572
230000 60000 149994 -5.81739
230000 50000 149989 -11.1983
235000 50000 149988 -11.9463
230000 55000 149993 -6.91669
235000 55000 149990 -10.43
235000 50000 149988 -11.9463
240000 50000 149987 -13.2081
235000 55000 149990 -10.43
240000 55000 149986 -13.5487
230000 55000 149993 -6.91669
235000 55000 149990 -10.43
230000 60000 149994 -5.81739
235000 60000 149990 -9.71414
235000 55000 149990 -10.43
240000 55000 149986 -13.5487
235000 60000 149990 -9.71414
240000 60000 149987 -12.932
160000 60000 149954 -45.7686
165000 60000 149989 -10.6079
160000 65000 149942 -58.3794
165000 65000 149960 -39.8934
165000 60000 149989 -10.6079
170000 60000 150000 0.087434
165000 65000 149960 -39.8934
170000 65000 150003 3.37607
160000 65000 149942 -58.3794
165000 65000 149960 -39.8934
160000 70000 149909 -91.2088
165000 70000 149952 -47.6004
165000 65000 149960 -39.8934
170000 65000 150003 3.37607
165000 70000 149952 -47.6004
170000 70000 149989 -10.8026
170000 60000 150000 0.087434
175000 60000 150021 21.2827
170000 65000 150003 3.37607
175000 65000 150023 23.4079
175000 60000 150021 21.2827
180000 60000 150024 24.352
175000 65000 150023 23.4079
180000 65000 150026 25.7689
170000 65000 150003 3.37607
175000 65000 150023 23.4079
170000 70000 149989 -10.8026
175000 70000 150011 10.6485
175000 65000 150023 23.4079
180000 65000 150026 25.7689
175000 70000 150011 10.6485
180000 70000 150024 23.921
180000 60000 150024 24.352
185000 60000 150025 25.0396
180000 65000 150026 25.7689
185000 65000 150026 26.4259
185000 60000 150025 25.0396
190000 60000 150026 26.3148
185000 65000 150026 26.4259
190000 65000 150027 27.1681
180000 65000 150026 25.7689
185000 65000 150026 26.4259
180000 70000 150024 23.921
185000 70000 150028 27.9032
185000 65000 150026 26.4259
190000 65000 150027 27.1681
185000 70000 150028 27.9032
190000 70000 150028 28.0606
190000 60000 150026 26.3148
195000 60000 150024 24.361
190000 65000 150027 27.1681
195000 65000 150024 23.9495
195000 60000 150024 24.361
200000 60000 150019 18.7562
195000 65000 150024 23.9495
200000 65000 150023 22.9183
190000 65000 150027 27.1681
195000 65000 150024 23.9495
190000 70000 150028 28.0606
195000 70000 150028 27.8211
195000 65000 150024 23.9495
200000 65000 150023 22.9183
195000 70000 150028 27.8211
200000 70000 150025 25.4043
160000 70000 149909 -91.2088
165000 70000 149952 -47.6004
160000 75000 149884 -115.673
165000 75000 149935 -64.8376
165000 70000 149952 -47.6004
170000 70000 149989 -10.8026
165000 75000 149935 -64.8376
170000 75000 149963 -37.0185
160000 75000 149884 -115.673
165000 75000 149935 -64.8376
160000 80000 149883 -117.062
165000 80000 149904 -95.5919
165000 75000 149935 -64.8376
170000 75000 149963 -37.0185
165000 80000 149904 -95.5919
170000 80000 149953 -47.3518
170000 70000 149989 -10.8026
175000 70000 150011 10.6485
170000 75000 149963 -37.0185
175000 75000 150000 -0.0719801
175000 70000 150011 10.6485
180000 70000 150024 23.921
175000 75000 150000 -0.0719801
180000 75000 150025 24.8925
170000 75000 149963 -37.0185
175000 75000 150000 -0.0719801
170000 80000 149953 -47.3518
175000 80000 149993 -7.33179
175000 75000 150000 -0.0719801
180000 75000 150025 24.8925
175000 80000 149993 -7.33179
180000 80000 150022 21.9515
180000 70000 150024 23.921
185000 70000 150028 27.9032
180000 75000 150025 24.8925
185000 75000 150031 31.0043
185000 70000 150028 27.9032
190000 70000 150028 28.0606
185000 75000 150031 31.0043
190000 75000 150031 30.9144
180000 75000 150025 24.8925
185000 75000 150031 31.0043
180000 80000 150022 21.9515
185000 80000 150030 30.4067
185000 75000 150031 31.0043
190000 75000 150031 30.9144
185000 80000 150030 30.4067
190000 80000 150031 31.0512
190000 70000 150028 28.0606
195000 70000 150028 27.8211
190000 75000 150031 30.9144
195000 75000 150029 28.7765
195000 70000 150028 27.8211
200000 70000 150025 25.4043
195000 75000 150029 28.7765
200000 75000 150026 25.5226
190000 75000 150031 30.9144
195000 75000 150029 28.7765
190000 80000 150031 31.0512
195000 80000 150029 29.133
195000 75000 150029 28.7765
200000 75000 150026 25.5226
195000 80000 150029 29.133
200000 80000 150027 27.3093
110000 80000 150033 33.3905
115000 80000 150033 32.8689
110000 85000 150030 29.9312
115000 85000 150031 31.2955
115000 80000 150033 32.8689
120000 80000 150032 32.3372
115000 85000 150031 31.2955
120000 85000 150032 31.5934
110000 85000 150030 29.9312
115000 85000 150031 31.2955
110000 90000 150029 28.7125
115000 90000 150030 29.9291
115000 85000 150031 31.2955
120000 85000 150032 31.5934
115000 90000 150030 29.9291
120000 90000 150030 30.2582
120000 80000 150032 32.3372
125000 80000 150029 28.6012
120000 85000 150032 31.5934
125000 85000 150028 27.8515
125000 80000 150029 28.6012
130000 80000 150023 22.7071
125000 85000 150028 27.8515
130000 85000 150023 23.3929
120000 85000 150032 31.5934
125000 85000 150028 27.8515
120000 90000 150030 30.2582
125000 90000 150028 28.0213
125000 85000 150028 27.8515
130000 85000 150023 23.3929
125000 90000 150028 28.0213
130000 90000 150023 23.1356
130000 80000 150023 22.7071
135000 80000 150015 15.3627
130000 85000 150023 23.3929
135000 85000 150020 19.5635
135000 80000 150015 15.3627
140000 80000 150013 12.6369
135000 85000 150020 19.5635
140000 85000 150016 15.954
130000 85000 150023 23.3929
135000 85000 150020 19.5635
130000 90000 150023 23.1356
135000 90000 150017 17.0498
135000 85000 150020 19.5635
140000 85000 150016 15.954
135000 90000 150017 17.0498
140000 90000 150008 8.01568
140000 80000 150013 12.6369
145000 80000 149999 -1.29161
140000 85000 150016 15.954
145000 85000 150007 7.2925
145000 80000 149999 -1.29161
150000 80000 149964 -36.0205
145000 85000 150007 7.2925
150000 85000 149980 -19.5766
140000 85000 150016 15.954
145000 85000 150007 7.2925
140000 90000 150008 8.01568
145000 90000 149990 -9.69265
145000 85000 150007 7.2925
150000 85000 149980 -19.5766
145000 90000 149990 -9.69265
150000 90000 149992 -8.42169
150000 80000 149964 -36.0205
155000 80000 149931 -68.9929
150000 85000 149980 -19.5766
155000 85000 149953 -47.0559
155000 80000 149931 -68.9929
160000 80000 149883 -117.062
155000 85000 149953 -47.0559
160000 85000 149905 -95.122
150000 85000 149980 -19.5766
155000 85000 149953 -47.0559
150000 90000 149992 -8.42169
155000 90000 149966 -34.2931
155000 85000 149953 -47.0559
160000 85000 149905 -95.122
155000 90000 149966 -34.2931
160000 90000 149936 -64.0065
100000 90000 150025 24.7553
105000 90000 150027 27.1922
100000 95000 150023 22.9594
105000 95000 150026 26.3912
105000 90000 150027 27.1922
110000 90000 150029 28.7125
105000 95000 150026 26.3912
110000 95000 150029 28.9111
100000 95000 150023 22.9594
105000 95000 150026 26.3912
100000 100000 150023 23.1963
105000 100000 150025 25.3893
105000 95000 150026 26.3912
110000 95000 150029 28.9111
105000 100000 150025 25.3893
110000 100000 150025 25.2089
110000 90000 150029 28.7125
115000 90000 150030 29.9291
110000 95000 150029 28.9111
115000 95000 150028 27.8641
115000 90000 150030 29.9291
120000 90000 150030 30.2582
115000 95000 150028 27.8641
120000 95000 150028 28.439
110000 95000 150029 28.9111
115000 95000 150028 27.8641
110000 100000 150025 25.2089
115000 100000 150028 28.1322
115000 95000 150028 27.8641
120000 95000 150028 28.439
115000 100000 150028 28.1322
120000 100000 150028 27.6774
120000 90000 150030 30.2582
125000 90000 150028 28.0213
120000 95000 150028 28.439
125000 95000 150027 26.9219
125000 90000 150028 28.0213
130000 90000 150023 23.1356
125000 95000 150027 26.9219
130000 95000 150023 22.728
120000 95000 150028 28.439
125000 95000 150027 26.9219
120000 100000 150028 27.6774
125000 100000 150026 25.6813
125000 95000 150027 26.9219
130000 95000 150023 22.728
125000 100000 150026 25.6813
130000 100000 150022 22.0985
130000 90000 150023 23.1356
135000 90000 150017 17.0498
130000 95000 150023 22.728
135000 95000 150017 17.4384
135000 90000 150017 17.0498
140000 90000 150008 8.01568
135000 95000 150017 17.4384
140000 95000 150014 13.5431
130000 95000 150023 22.728
135000 95000 150017 17.4384
130000 100000 150022 22.0985
135000 100000 150017 17.2286
135000 95000 150017 17.4384
140000 95000 150014 13.5431
135000 100000 150017 17.2286
140000 100000 150013 12.6056
140000 90000 150008 8.01568
145000 90000 149990 -9.69265
140000 95000 150014 13.5431
145000 95000 150010 9.50284
145000 90000 149990 -9.69265
150000 90000 149992 -8.42169
145000 95000 150010 9.50284
150000 95000 149999 -0.860295
140000 95000 150014 13.5431
145000 95000 150010 9.50284
140000 100000 150013 12.6056
145000 100000 150007 7.26879
145000 95000 150010 9.50284
150000 95000 149999 -0.860295
145000 100000 150007 7.26879
150000 100000 150001 1.11349
150000 90000 149992 -8.42169
155000 90000 149966 -34.2931
150000 95000 149999 -0.860295
155000 95000 149975 -24.9055
155000 90000 149966 -34.2931
160000 90000 149936 -64.0065
155000 95000 149975 -24.9055
160000 95000 149953 -47.4577
150000 95000 149999 -0.860295
155000 95000 149975 -24.9055
150000 100000 150001 1.11349
155000 100000 149985 -15.3446
155000 95000 149975 -24.9055
160000 95000 149953 -47.4577
155000 100000 149985 -15.3446
160000 100000 149961 -39.2235
80000 100000 150011 10.5126
85000 100000 150015 15.2665
80000 105000 150016 15.8779
85000 105000 150017 16.6564
85000 100000 150015 15.2665
90000 100000 150015 15.1998
85000 105000 150017 16.6564
90000 105000 150018 17.8214
80000 105000 150016 15.8779
85000 105000 150017 16.6564
80000 110000 150014 14.2507
85000 110000 150014 13.9824
85000 105000 150017 16.6564
90000 105000 150018 17.8214
85000 110000 150014 13.9824
90000 110000 150017 16.6207
90000 100000 150015 15.1998
95000 100000 150018 17.9855
90000 105000 150018 17.8214
95000 105000 150019 18.8543
95000 100000 150018 17.9855
100000 100000 150023 23.1963
95000 105000 150019 18.8543
100000 105000 150021 20.8834
90000 105000 150018 17.8214
95000 105000 150019 18.8543
90000 110000 150017 16.6207
95000 110000 150020 20.3584
95000 105000 150019 18.8543
100000 105000 150021 20.8834
95000 110000 150020 20.3584
100000 110000 150022 22.4046
100000 100000 150023 23.1963
105000 100000 150025 25.3893
100000 105000 150021 20.8834
105000 105000 150024 23.6017
105000 100000 150025 25.3893
110000 100000 150025 25.2089
105000 105000 150024 23.6017
110000 105000 150026 25.971
100000 105000 150021 20.8834
105000 105000 150024 23.6017
100000 110000 150022 22.4046
105000 110000 150026 25.5703
105000 105000 150024 23.6017
110000 105000 150026 25.971
105000 110000 150026 25.5703
110000 110000 150025 25.267
110000 100000 150025 25.2089
115000 100000 150028 28.1322
110000 105000 150026 25.971
115000 105000 150027 26.5937
115000 100000 150028 28.1322
120000 100000 150028 27.6774
115000 105000 150027 26.5937
120000 105000 150026 26.4342
110000 105000 150026 25.971
115000 105000 150027 26.5937
110000 110000 150025 25.267
115000 110000 150024 24.0239
115000 105000 150027 26.5937
120000 105000 150026 26.4342
115000 110000 150024 24.0239
120000 110000 150024 24.2881
120000 100000 150028 27.6774
125000 100000 150026 25.6813
120000 105000 150026 26.4342
125000 105000 150026 25.6855
125000 100000 150026 25.6813
130000 100000 150022 22.0985
125000 105000 150026 25.6855
130000 105000 150024 24.0696
120000 105000 150026 26.4342
125000 105000 150026 25.6855
120000 110000 150024 24.2881
125000 110000 150025 24.976
125000 105000 150026 25.6855
130000 105000 150024 24.0696
125000 110000 150025 24.976
130000 110000 150022 21.943
130000 100000 150022 22.0985
135000 100000 150017 17.2286
130000 105000 150024 24.0696
135000 105000 150017 16.6228
135000 100000 150017 17.2286
140000 100000 150013 12.6056
135000 105000 150017 16.6228
140000 105000 150009 8.67139
130000 105000 150024 24.0696
135000 105000 150017 16.6228
130000 110000 150022 21.943
135000 110000 150018 18.0872
135000 105000 150017 16.6228
140000 105000 150009 8.67139
135000 110000 150018 18.0872
140000 110000 150010 9.94807
140000 100000 150013 12.6056
145000 100000 150007 7.26879
140000 105000 150009 8.67139
145000 105000 150000 0.24414
145000 100000 150007 7.26879
150000 100000 150001 1.11349
145000 105000 150000 0.24414
150000 105000 149996 -4.10858
140000 105000 150009 8.67139
145000 105000 150000 0.24414
140000 110000 150010 9.94807
145000 110000 150005 4.51544
145000 105000 150000 0.24414
150000 105000 149996 -4.10858
145000 110000 150005 4.51544
150000 110000 149992 -8.23383
150000 100000 150001 1.11349
155000 100000 149985 -15.3446
150000 105000 149996 -4.10858
155000 105000 149987 -13.1565
155000 100000 149985 -15.3446
160000 100000 149961 -39.2235
155000 105000 149987 -13.1565
160000 105000 149966 -33.7463
150000 105000 149996 -4.10858
155000 105000 149987 -13.1565
150000 110000 149992 -8.23383
155000 110000 149982 -17.8889
155000 105000 149987 -13.1565
160000 105000 149966 -33.7463
155000 110000 149982 -17.8889
160000 110000 149970 -29.8415
80000 110000 150014 14.2507
85000 110000 150014 13.9824
80000 115000 150013 13.465
85000 115000 150016 16.138
85000 110000 150014 13.9824
90000 110000 150017 16.6207
85000 115000 150016 16.138
90000 115000 150018 17.5198
80000 115000 150013 13.465
85000 115000 150016 16.138
80000 120000 150013 13.4684
85000 120000 150015 14.9094
85000 115000 150016 16.138
90000 115000 150018 17.5198
85000 120000 150015 14.9094
90000 120000 150016 16.3209
90000 110000 150017 16.6207
95000 110000 150020 20.3584
90000 115000 150018 17.5198
95000 115000 150020 20.3275
95000 110000 150020 20.3584
100000 110000 150022 22.4046
95000 115000 150020 20.3275
100000 115000 150023 22.7902
90000 115000 150018 17.5198
95000 115000 150020 20.3275
90000 120000 150016 16.3209
95000 120000 150018 17.5001
95000 115000 150020 20.3275
100000 115000 150023 22.7902
95000 120000 150018 17.5001
100000 120000 150019 18.7726
100000 110000 150022 22.4046
105000 110000 150026 25.5703
100000 115000 150023 22.7902
105000 115000 150023 23.1357
105000 110000 150026 25.5703
110000 110000 150025 25.267
105000 115000 150023 23.1357
110000 115000 150024 24.2266
100000 115000 150023 22.7902
105000 115000 150023 23.1357
100000 120000 150019 18.7726
105000 120000 150023 22.9168
105000 115000 150023 23.1357
110000 115000 150024 24.2266
105000 120000 150023 22.9168
110000 120000 150025 24.963
110000 110000 150025 25.267
115000 110000 150024 24.0239
110000 115000 150024 24.2266
115000 115000 150025 25.1618
115000 110000 150024 24.0239
120000 110000 150024 24.2881
115000 115000 150025 25.1618
120000 115000 150025 25.2411
110000 115000 150024 24.2266
115000 115000 150025 25.1618
110000 120000 150025 24.963
115000 120000 150024 23.7784
115000 115000 150025 25.1618
120000 115000 150025 25.2411
115000 120000 150024 23.7784
120000 120000 150025 25.3742
120000 110000 150024 24.2881
125000 110000 150025 24.976
120000 115000 150025 25.2411
125000 115000 150024 24.4617
125000 110000 150025 24.976
130000 110000 150022 21.943
125000 115000 150024 24.4617
130000 115000 150022 22.3895
120000 115000 150025 25.2411
125000 115000 150024 24.4617
120000 120000 150025 25.3742
125000 120000 150025 24.8137
125000 115000 150024 24.4617
130000 115000 150022 22.3895
125000 120000 150025 24.8137
130000 120000 150022 22.06
130000 110000 150022 21.943
135000 110000 150018 18.0872
130000 115000 150022 22.3895
135000 115000 150018 17.5207
135000 110000 150018 18.0872
140000 110000 150010 9.94807
135000 115000 150018 17.5207
140000 115000 150009 8.66145
130000 115000 150022 22.3895
135000 115000 150018 17.5207
130000 120000 150022 22.06
135000 120000 150018 17.759
135000 115000 150018 17.5207
140000 115000 150009 8.66145
135000 120000 150018 17.759
140000 120000 150013 12.5724
140000 110000 150010 9.94807
145000 110000 150005 4.51544
140000 115000 150009 8.66145
145000 115000 149998 -2.00027
145000 110000 150005 4.51544
150000 110000 149992 -8.23383
145000 115000 149998 -2.00027
150000 115000 149986 -14.0765
140000 115000 150009 8.66145
145000 115000 149998 -2.00027
140000 120000 150013 12.5724
145000 120000 150003 3.12446
145000 115000 149998 -2.00027
150000 115000 149986 -14.0765
145000 120000 150003 3.12446
150000 120000 149994 -5.85051
150000 110000 149992 -8.23383
155000 110000 149982 -17.8889
150000 115000 149986 -14.0765
155000 115000 149972 -28.2222
155000 110000 149982 -17.8889
160000 110000 149970 -29.8415
155000 115000 149972 -28.2222
160000 115000 149960 -40.128
150000 115000 149986 -14.0765
155000 115000 149972 -28.2222
150000 120000 149994 -5.85051
155000 120000 149985 -15.125
155000 115000 149972 -28.2222
160000 115000 149960 -40.128
155000 120000 149985 -15.125
160000 120000 149974 -26.0118
240000 0 149987 -13.2373
245000 0 149984 -15.7508
240000 5000 149986 -14.0888
245000 5000 149984 -15.9222
245000 0 149984 -15.7508
250000 0 149982 -17.9892
245000 5000 149984 -15.9222
250000 5000 149980 -19.9468
240000 5000 149986 -14.0888
245000 5000 149984 -15.9222
240000 10000 149983 -17.0192
245000 10000 149982 -18.3192
245000 5000 149984 -15.9222
250000 5000 149980 -19.9468
245000 10000 149982 -18.3192
250000 10000 149982 -17.8791
250000 0 149982 -17.9892
255000 0 149980 -19.9031
250000 5000 149980 -19.9468
255000 5000 149980 -19.9791
255000 0 149980 -19.9031
260000 0 149979 -21.0936
255000 5000 149980 -19.9791
260000 5000 149978 -22.1658
250000 5000 149980 -19.9468
255000 5000 149980 -19.9791
250000 10000 149982 -17.8791
255000 10000 149980 -20.1828
255000 5000 149980 -19.9791
260000 5000 149978 -22.1658
255000 10000 149980 -20.1828
260000 10000 149979 -21.2909
260000 0 149979 -21.0936
265000 0 149977 -22.9778
260000 5000 149978 -22.1658
265000 5000 149977 -22.5664
265000 0 149977 -22.9778
270000 0 149976 -23.5002
265000 5000 149977 -22.5664
270000 5000 149977 -23.0881
260000 5000 149978 -22.1658
265000 5000 149977 -22.5664
260000 10000 149979 -21.2909
265000 10000 149977 -22.8357
265000 5000 149977 -22.5664
270000 5000 149977 -23.0881
265000 10000 149977 -22.8357
270000 10000 149977 -23.319
270000 0 149976 -23.5002
275000 0 149976 -24.3906
270000 5000 149977 -23.0881
275000 5000 149976 -23.5011
275000 0 149976 -24.3906
280000 0 149975 -24.6599
275000 5000 149976 -23.5011
280000 5000 149976 -24.0837
270000 5000 149977 -23.0881
275000 5000 149976 -23.5011
270000 10000 149977 -23.319
275000 10000 149976 -23.8115
275000 5000 149976 -23.5011
280000 5000 149976 -24.0837
275000 10000 149976 -23.8115
280000 10000 149976 -24.1096
280000 0 149975 -24.6599
285000 0 149975 -24.7961
280000 5000 149976 -24.0837
285000 5000 149976 -24.3202
285000 0 149975 -24.7961
290000 0 149975 -24.5048
285000 5000 149976 -24.3202
290000 5000 149976 -23.8639
280000 5000 149976 -24.0837
285000 5000 149976 -24.3202
280000 10000 149976 -24.1096
285000 10000 149976 -24.3343
285000 5000 149976 -24.3202
290000 5000 149976 -23.8639
285000 10000 149976 -24.3343
290000 10000 149976 -24.4008
290000 0 149975 -24.5048
295000 0 149976 -24.0497
290000 5000 149976 -23.8639
295000 5000 149976 -24.0005
295000 0 149976 -24.0497
300000 0 149976 -23.5552
295000 5000 149976 -24.0005
300000 5000 149976 -24.1142
290000 5000 149976 -23.8639
295000 5000 149976 -24.0005
290000 10000 149976 -24.4008
295000 10000 149976 -24.005
295000 5000 149976 -24.0005
300000 5000 149976 -24.1142
295000 10000 149976 -24.005
300000 10000 149976 -24.155
240000 10000 149983 -17.0192
245000 10000 149982 -18.3192
240000 15000 149985 -15.3892
245000 15000 149984 -16.0237
245000 10000 149982 -18.3192
250000 10000 149982 -17.8791
245000 15000 149984 -16.0237
250000 15000 149983 -17.4954
240000 15000 149985 -15.3892
245000 15000 149984 -16.0237
240000 20000 149986 -14.3482
245000 20000 149983 -17.293
245000 15000 149984 -16.0237
250000 15000 149983 -17.4954
245000 20000 149983 -17.293
250000 20000 149982 -17.5779
250000 10000 149982 -17.8791
255000 10000 149980 -20.1828
250000 15000 149983 -17.4954
255000 15000 149981 -19.127
255000 10000 149980 -20.1828
260000 10000 149979 -21.2909
255000 15000 149981 -19.127
260000 15000 149979 -20.9861
250000 15000 149983 -17.4954
255000 15000 149981 -19.127
250000 20000 149982 -17.5779
255000 20000 149981 -18.7393
255000 15000 149981 -19.127
260000 15000 149979 -20.9861
255000 20000 149981 -18.7393
260000 20000 149980 -20.1755
260000 10000 149979 -21.2909
265000 10000 149977 -22.8357
260000 15000 149979 -20.9861
265000 15000 149978 -22.1243
265000 10000 149977 -22.8357
270000 10000 149977 -23.319
265000 15000 149978 -22.1243
270000 15000 149977 -23.3417
260000 15000 149979 -20.9861
265000 15000 149978 -22.1243
260000 20000 149980 -20.1755
265000 20000 149977 -22.5751
265000 15000 149978 -22.1243
270000 15000 149977 -23.3417
265000 20000 149977 -22.5751
270000 20000 149977 -22.6976
270000 10000 149977 -23.319
275000 10000 149976 -23.8115
270000 15000 149977 -23.3417
275000 15000 149976 -23.6923
275000 10000 149976 -23.8115
280000 10000 149976 -24.1096
275000 15000 149976 -23.6923
280000 15000 149976 -24.0209
270000 15000 149977 -23.3417
275000 15000 149976 -23.6923
270000 20000 149977 -22.6976
275000 20000 149976 -23.701
275000 15000 149976 -23.6923
280000 15000 149976 -24.0209
275000 20000 149976 -23.701
280000 20000 149976 -24.0969
280000 10000 149976 -24.1096
285000 10000 149976 -24.3343
280000 15000 149976 -24.0209
285000 15000 149976 -24.3438
285000 10000 149976 -24.3343
290000 10000 149976 -24.4008
285000 15000 149976 -24.3438
290000 15000 149976 -24.4008
280000 15000 149976 -24.0209
285000 15000 149976 -24.3438
280000 20000 149976 -24.0969
285000 20000 149976 -24.3311
285000 15000 149976 -24.3438
290000 15000 149976 -24.4008
285000 20000 149976 -24.3311
290000 20000 149976 -24.4062
290000 10000 149976 -24.4008
295000 10000 149976 -24.005
290000 15000 149976 -24.4008
295000 15000 149976 -24.389
295000 10000 149976 -24.005
300000 10000 149976 -24.155
295000 15000 149976 -24.389
300000 15000 149976 -24.3682
290000 15000 149976 -24.4008
295000 15000 149976 -24.389
290000 20000 149976 -24.4062
295000 20000 149976 -24.2791
295000 15000 149976 -24.389
300000 15000 149976 -24.3682
295000 20000 149976 -24.2791
300000 20000 149976 -24.4758
240000 20000 149986 -14.3482
245000 20000 149983 -17.293
240000 25000 149986 -14.343
245000 25000 149984 -15.8432
245000 20000 149983 -17.293
250000 20000 149982 -17.5779
245000 25000 149984 -15.8432
250000 25000 149981 -18.8817
240000 25000 149986 -14.343
245000 25000 149984 -15.8432
240000 30000 149986 -14.0959
245000 30000 149984 -16.1645
245000 25000 149984 -15.8432
250000 25000 149981 -18.8817
245000 30000 149984 -16.1645
250000 30000 149982 -18.2528
250000 20000 149982 -17.5779
255000 20000 149981 -18.7393
250000 25000 149981 -18.8817
255000 25000 149981 -19.3784
255000 20000 149981 -18.7393
260000 20000 149980 -20.1755
255000 25000 149981 -19.3784
260000 25000 149979 -21.3359
250000 25000 149981 -18.8817
255000 25000 149981 -19.3784
250000 30000 149982 -18.2528
255000 30000 149980 -19.6843
255000 25000 149981 -19.3784
260000 25000 149979 -21.3359
255000 30000 149980 -19.6843
260000 30000 149979 -20.6477
260000 20000 149980 -20.1755
265000 20000 149977 -22.5751
260000 25000 149979 -21.3359
265000 25000 149978 -21.7391
265000 20000 149977 -22.5751
270000 20000 149977 -22.6976
265000 25000 149978 -21.7391
270000 25000 149977 -22.6489
260000 25000 149979 -21.3359
265000 25000 149978 -21.7391
260000 30000 149979 -20.6477
265000 30000 149979 -21.1935
265000 25000 149978 -21.7391
270000 25000 149977 -22.6489
265000 30000 149979 -21.1935
270000 30000 149978 -21.9494
270000 20000 149977 -22.6976
275000 20000 149976 -23.701
270000 25000 149977 -22.6489
275000 25000 149977 -22.8466
275000 20000 149976 -23.701
280000 20000 149976 -24.0969
275000 25000 149977 -22.8466
280000 25000 149977 -23.3414
270000 25000 149977 -22.6489
275000 25000 149977 -22.8466
270000 30000 149978 -21.9494
275000 30000 149977 -22.7042
275000 25000 149977 -22.8466
280000 25000 149977 -23.3414
275000 30000 149977 -22.7042
280000 30000 149976 -23.5949
280000 20000 149976 -24.0969
285000 20000 149976 -24.3311
280000 25000 149977 -23.3414
285000 25000 149976 -24.4635
285000 20000 149976 -24.3311
290000 20000 149976 -24.4062
285000 25000 149976 -24.4635
290000 25000 149975 -24.617
280000 25000 149977 -23.3414
285000 25000 149976 -24.4635
280000 30000 149976 -23.5949
285000 30000 149976 -24.4609
285000 25000 149976 -24.4635
290000 25000 149975 -24.617
285000 30000 149976 -24.4609
290000 30000 149975 -24.6434
290000 20000 149976 -24.4062
295000 20000 149976 -24.2791
290000 25000 149975 -24.617
295000 25000 149976 -24.3944
295000 20000 149976 -24.2791
300000 20000 149976 -24.4758
295000 25000 149976 -24.3944
300000 25000 149975 -24.623
290000 25000 149975 -24.617
295000 25000 149976 -24.3944
290000 30000 149975 -24.6434
295000 30000 149975 -24.8967
295000 25000 149976 -24.3944
300000 25000 149975 -24.623
295000 30000 149975 -24.8967
300000 30000 149975 -25.0498
240000 30000 149986 -14.0959
245000 30000 149984 -16.1645
240000 35000 149986 -13.9871
245000 35000 149984 -15.7244
245000 30000 149984 -16.1645
250000 30000 149982 -18.2528
245000 35000 149984 -15.7244
250000 35000 149983 -17.0959
240000 35000 149986 -13.9871
245000 35000 149984 -15.7244
240000 40000 149986 -14.1925
245000 40000 149984 -15.9877
245000 35000 149984 -15.7244
250000 35000 149983 -17.0959
245000 40000 149984 -15.9877
250000 40000 149983 -16.6111
250000 30000 149982 -18.2528
255000 30000 149980 -19.6843
250000 35000 149983 -17.0959
255000 35000 149981 -19.4058
255000 30000 149980 -19.6843
260000 30000 149979 -20.6477
255000 35000 149981 -19.4058
260000 35000 149979 -21.0765
250000 35000 149983 -17.0959
255000 35000 149981 -19.4058
250000 40000 149983 -16.6111
255000 40000 149982 -18.0435
255000 35000 149981 -19.4058
260000 35000 149979 -21.0765
255000 40000 149982 -18.0435
260000 40000 149980 -19.6777
260000 30000 149979 -20.6477
265000 30000 149979 -21.1935
260000 35000 149979 -21.0765
265000 35000 149978 -22.1326
265000 30000 149979 -21.1935
270000 30000 149978 -21.9494
265000 35000 149978 -22.1326
270000 35000 149977 -22.9812
260000 35000 149979 -21.0765
265000 35000 149978 -22.1326
260000 40000 149980 -19.6777
265000 40000 149979 -21.4785
265000 35000 149978 -22.1326
270000 35000 149977 -22.9812
265000 40000 149979 -21.4785
270000 40000 149978 -22.0759
270000 30000 149978 -21.9494
275000 30000 149977 -22.7042
270000 35000 149977 -22.9812
275000 35000 149977 -22.9229
275000 30000 149977 -22.7042
280000 30000 149976 -23.5949
275000 35000 149977 -22.9229
280000 35000 149977 -23.1892
270000 35000 149977 -22.9812
275000 35000 149977 -22.9229
270000 40000 149978 -22.0759
275000 40000 149978 -21.9362
275000 35000 149977 -22.9229
280000 35000 149977 -23.1892
275000 40000 149978 -21.9362
280000 40000 149977 -22.866
280000 30000 149976 -23.5949
285000 30000 149976 -24.4609
280000 35000 149977 -23.1892
285000 35000 149976 -23.9883
285000 30000 149976 -24.4609
290000 30000 149975 -24.6434
285000 35000 149976 -23.9883
290000 35000 149976 -24.222
280000 35000 149977 -23.1892
285000 35000 149976 -23.9883
280000 40000 149977 -22.866
285000 40000 149977 -23.4127
285000 35000 149976 -23.9883
290000 35000 149976 -24.222
285000 40000 149977 -23.4127
290000 40000 149976 -23.5397
290000 30000 149975 -24.6434
295000 30000 149975 -24.8967
290000 35000 149976 -24.222
295000 35000 149976 -24.4465
295000 30000 149975 -24.8967
300000 30000 149975 -25.0498
295000 35000 149976 -24.4465
300000 35000 149975 -24.6105
290000 35000 149976 -24.222
295000 35000 149976 -24.4465
290000 40000 149976 -23.5397
295000 40000 149976 -24.0958
295000 35000 149976 -24.4465
300000 35000 149975 -24.6105
295000 40000 149976 -24.0958
300000 40000 149975 -25.0213
240000 40000 149986 -14.1925
245000 40000 149984 -15.9877
240000 45000 149984 -15.6515
245000 45000 149984 -15.8475
245000 40000 149984 -15.9877
250000 40000 149983 -16.6111
245000 45000 149984 -15.8475
250000 45000 149982 -18.4156
240000 45000 149984 -15.6515
245000 45000 149984 -15.8475
240000 50000 149987 -13.2081
245000 50000 149985 -15.1333
245000 45000 149984 -15.8475
250000 45000 149982 -18.4156
245000 50000 149985 -15.1333
250000 50000 149984 -16.389
250000 40000 149983 -16.6111
255000 40000 149982 -18.0435
250000 45000 149982 -18.4156
255000 45000 149981 -18.825
255000 40000 149982 -18.0435
260000 40000 149980 -19.6777
255000 45000 149981 -18.825
260000 45000 149979 -21.0493
250000 45000 149982 -18.4156
255000 45000 149981 -18.825
250000 50000 149984 -16.389
255000 50000 149982 -17.8837
255000 45000 149981 -18.825
260000 45000 149979 -21.0493
255000 50000 149982 -17.8837
260000 50000 149981 -19.4487
260000 40000 149980 -19.6777
265000 40000 149979 -21.4785
260000 45000 149979 -21.0493
265000 45000 149978 -21.7078
265000 40000 149979 -21.4785
270000 40000 149978 -22.0759
265000 45000 149978 -21.7078
270000 45000 149978 -22.1372
260000 45000 149979 -21.0493
265000 45000 149978 -21.7078
260000 50000 149981 -19.4487
265000 50000 149979 -20.7942
265000 45000 149978 -21.7078
270000 45000 149978 -22.1372
265000 50000 149979 -20.7942
270000 50000 149978 -21.7393
270000 40000 149978 -22.0759
275000 40000 149978 -21.9362
270000 45000 149978 -22.1372
275000 45000 149978 -21.8319
275000 40000 149978 -21.9362
280000 40000 149977 -22.866
275000 45000 149978 -21.8319
280000 45000 149977 -22.5341
270000 45000 149978 -22.1372
275000 45000 149978 -21.8319
270000 50000 149978 -21.7393
275000 50000 149977 -22.6976
275000 45000 149978 -21.8319
280000 45000 149977 -22.5341
275000 50000 149977 -22.6976
280000 50000 149977 -22.8223
280000 40000 149977 -22.866
285000 40000 149977 -23.4127
280000 45000 149977 -22.5341
285000 45000 149976 -23.6692
285000 40000 149977 -23.4127
290000 40000 149976 -23.5397
285000 45000 149976 -23.6692
290000 45000 149976 -24.3103
280000 45000 149977 -22.5341
285000 45000 149976 -23.6692
280000 50000 149977 -22.8223
285000 50000 149977 -23.3737
285000 45000 149976 -23.6692
290000 45000 149976 -24.3103
285000 50000 149977 -23.3737
290000 50000 149977 -23.3667
290000 40000 149976 -23.5397
295000 40000 149976 -24.0958
290000 45000 149976 -24.3103
295000 45000 149975 -24.6298
295000 40000 149976 -24.0958
300000 40000 149975 -25.0213
295000 45000 149975 -24.6298
300000 45000 149976 -24.2928
290000 45000 149976 -24.3103
295000 45000 149975 -24.6298
290000 50000 149977 -23.3667
295000 50000 149976 -23.8326
295000 45000 149975 -24.6298
300000 45000 149976 -24.2928
295000 50000 149976 -23.8326
300000 50000 149975 -24.7995
240000 50000 149987 -13.2081
245000 50000 149985 -15.1333
240000 55000 149986 -13.5487
245000 55000 149985 -14.8762
245000 50000 149985 -15.1333
250000 50000 149984 -16.389
245000 55000 149985 -14.8762
250000 55000 149982 -17.8955
240000 55000 149986 -13.5487
245000 55000 149985 -14.8762
240000 60000 149987 -12.932
245000 60000 149984 -16.1109
245000 55000 149985 -14.8762
250000 55000 149982 -17.8955
245000 60000 149984 -16.1109
250000 60000 149983 -16.8655
250000 50000 149984 -16.389
255000 50000 149982 -17.8837
250000 55000 149982 -17.8955
255000 55000 149980 -20.138
255000 50000 149982 -17.8837
260000 50000 149981 -19.4487
255000 55000 149980 -20.138
260000 55000 149979 -20.8837
250000 55000 149982 -17.8955
255000 55000 149980 -20.138
250000 60000 149983 -16.8655
255000 60000 149982 -17.5784
255000 55000 149980 -20.138
260000 55000 149979 -20.8837
255000 60000 149982 -17.5784
260000 60000 149981 -18.9621
260000 50000 149981 -19.4487
265000 50000 149979 -20.7942
260000 55000 149979 -20.8837
265000 55000 149978 -21.6039
265000 50000 149979 -20.7942
270000 50000 149978 -21.7393
265000 55000 149978 -21.6039
270000 55000 149979 -21.323
260000 55000 149979 -20.8837
265000 55000 149978 -21.6039
260000 60000 149981 -18.9621
265000 60000 149979 -20.5493
265000 55000 149978 -21.6039
270000 55000 149979 -21.323
265000 60000 149979 -20.5493
270000 60000 149979 -20.9656
270000 50000 149978 -21.7393
275000 50000 149977 -22.6976
270000 55000 149979 -21.323
275000 55000 149978 -22.3429
275000 50000 149977 -22.6976
280000 50000 149977 -22.8223
275000 55000 149978 -22.3429
280000 55000 149977 -23.3619
270000 55000 149979 -21.323
275000 55000 149978 -22.3429
270000 60000 149979 -20.9656
275000 60000 149978 -22.3923
275000 55000 149978 -22.3429
280000 55000 149977 -23.3619
275000 60000 149978 -22.3923
280000 60000 149977 -23.0845
280000 50000 149977 -22.8223
285000 50000 149977 -23.3737
280000 55000 149977 -23.3619
285000 55000 149977 -23.1292
285000 50000 149977 -23.3737
290000 50000 149977 -23.3667
285000 55000 149977 -23.1292
290000 55000 149976 -23.9992
280000 55000 149977 -23.3619
285000 55000 149977 -23.1292
280000 60000 149977 -23.0845
285000 60000 149976 -23.9336
285000 55000 149977 -23.1292
290000 55000 149976 -23.9992
285000 60000 149976 -23.9336
290000 60000 149976 -23.8931
290000 50000 149977 -23.3667
295000 50000 149976 -23.8326
290000 55000 149976 -23.9992
295000 55000 149976 -24.2621
295000 50000 149976 -23.8326
300000 50000 149975 -24.7995
295000 55000 149976 -24.2621
300000 55000 149976 -24.3829
290000 55000 149976 -23.9992
295000 55000 149976 -24.2621
290000 60000 149976 -23.8931
295000 60000 149975 -24.5586
295000 55000 149976 -24.2621
300000 55000 149976 -24.3829
295000 60000 149975 -24.5586
300000 60000 149975 -25.0936
200000 60000 150019 18.7562
205000 60000 150017 16.6317
200000 65000 150023 22.9183
205000 65000 150020 20.4763
205000 60000 150017 16.6317
210000 60000 150013 13.0181
205000 65000 150020 20.4763
210000 65000 150014 14.4418
200000 65000 150023 22.9183
205000 65000 150020 20.4763
200000 70000 150025 25.4043
205000 70000 150020 19.7219
205000 65000 150020 20.4763
210000 65000 150014 14.4418
205000 70000 150020 19.7219
210000 70000 150013 12.8727
210000 60000 150013 13.0181
215000 60000 150009 8.61291
210000 65000 150014 14.4418
215000 65000 150009 9.31819
215000 60000 150009 8.61291
220000 60000 150002 2.2507
215000 65000 150009 9.31819
220000 65000 150005 4.77368
210000 65000 150014 14.4418
215000 65000 150009 9.31819
210000 70000 150013 12.8727
215000 70000 150009 8.86246
215000 65000 150009 9.31819
220000 65000 150005 4.77368
215000 70000 150009 8.86246
220000 70000 150002 1.93098
220000 60000 150002 2.2507
225000 60000 149998 -2.28572
220000 65000 150005 4.77368
225000 65000 150000 -0.219942
225000 60000 149998 -2.28572
230000 60000 149994 -5.81739
225000 65000 150000 -0.219942
230000 65000 149996 -4.22482
220000 65000 150005 4.77368
225000 65000 150000 -0.219942
220000 70000 150002 1.93098
225000 70000 149999 -0.714439
225000 65000 150000 -0.219942
230000 65000 149996 -4.22482
225000 70000 149999 -0.714439
230000 70000 149993 -6.96532
230000 60000 149994 -5.81739
235000 60000 149990 -9.71414
230000 65000 149996 -4.22482
235000 65000 149991 -8.78275
235000 60000 149990 -9.71414
240000 60000 149987 -12.932
235000 65000 149991 -8.78275
240000 65000 149987 -12.96
230000 65000 149996 -4.22482
235000 65000 149991 -8.78275
230000 70000 149993 -6.96532
235000 70000 149989 -10.8358
235000 65000 149991 -8.78275
240000 65000 149987 -12.96
235000 70000 149989 -10.8358
240000 70000 149988 -12.0675
240000 60000 149987 -12.932
245000 60000 149984 -16.1109
240000 65000 149987 -12.96
245000 65000 149986 -14.401
245000 60000 149984 -16.1109
250000 60000 149983 -16.8655
245000 65000 149986 -14.401
250000 65000 149984 -15.802
240000 65000 149987 -12.96
245000 65000 149986 -14.401
240000 70000 149988 -12.0675
245000 70000 149985 -15.2256
245000 65000 149986 -14.401
250000 65000 149984 -15.802
245000 70000 149985 -15.2256
250000 70000 149984 -15.7042
250000 60000 149983 -16.8655
255000 60000 149982 -17.5784
250000 65000 149984 -15.802
255000 65000 149982 -18.1458
255000 60000 149982 -17.5784
260000 60000 149981 -18.9621
255000 65000 149982 -18.1458
260000 65000 149980 -20.033
250000 65000 149984 -15.802
255000 65000 149982 -18.1458
250000 70000 149984 -15.7042
255000 70000 149981 -18.5411
255000 65000 149982 -18.1458
260000 65000 149980 -20.033
255000 70000 149981 -18.5411
260000 70000 149981 -19.246
260000 60000 149981 -18.9621
265000 60000 149979 -20.5493
260000 65000 149980 -20.033
265000 65000 149978 -21.5079
265000 60000 149979 -20.5493
270000 60000 149979 -20.9656
265000 65000 149978 -21.5079
270000 65000 149978 -22.2372
260000 65000 149980 -20.033
265000 65000 149978 -21.5079
260000 70000 149981 -19.246
265000 70000 149980 -20.1567
265000 65000 149978 -21.5079
270000 65000 149978 -22.2372
265000 70000 149980 -20.1567
270000 70000 149978 -21.774
270000 60000 149979 -20.9656
275000 60000 149978 -22.3923
270000 65000 149978 -22.2372
275000 65000 149977 -22.7379
275000 60000 149978 -22.3923
280000 60000 149977 -23.0845
275000 65000 149977 -22.7379
280000 65000 149977 -22.7672
270000 65000 149978 -22.2372
275000 65000 149977 -22.7379
270000 70000 149978 -21.774
275000 70000 149978 -22.044
275000 65000 149977 -22.7379
280000 65000 149977 -22.7672
275000 70000 149978 -22.044
280000 70000 149978 -22.3659
280000 60000 149977 -23.0845
285000 60000 149976 -23.9336
280000 65000 149977 -22.7672
285000 65000 149977 -23.0303
285000 60000 149976 -23.9336
290000 60000 149976 -23.8931
285000 65000 149977 -23.0303
290000 65000 149976 -23.6894
280000 65000 149977 -22.7672
285000 65000 149977 -23.0303
280000 70000 149978 -22.3659
285000 70000 149978 -22.2679
285000 65000 149977 -23.0303
290000 65000 149976 -23.6894
285000 70000 149978 -22.2679
290000 70000 149976 -23.5317
290000 60000 149976 -23.8931
295000 60000 149975 -24.5586
290000 65000 149976 -23.6894
295000 65000 149975 -24.7212
295000 60000 149975 -24.5586
300000 60000 149975 -25.0936
295000 65000 149975 -24.7212
300000 65000 149975 -25.0859
290000 65000 149976 -23.6894
295000 65000 149975 -24.7212
290000 70000 149976 -23.5317
295000 70000 149976 -24.1818
295000 65000 149975 -24.7212
300000 65000 149975 -25.0859
295000 70000 149976 -24.1818
300000 70000 149975 -24.9998
200000 70000 150025 25.4043
205000 70000 150020 19.7219
200000 75000 150026 25.5226
205000 75000 150022 21.6881
205000 70000 150020 19.7219
210000 70000 150013 12.8727
205000 75000 150022 21.6881
210000 75000 150017 16.9517
200000 75000 150026 25.5226
205000 75000 150022 21.6881
200000 80000 150027 27.3093
205000 80000 150023 22.844
205000 75000 150022 21.6881
210000 75000 150017 16.9517
205000 80000 150023 22.844
210000 80000 150017 17.2898
210000 70000 150013 12.8727
215000 70000 150009 8.86246
210000 75000 150017 16.9517
215000 75000 150011 10.7582
215000 70000 150009 8.86246
220000 70000 150002 1.93098
215000 75000 150011 10.7582
220000 75000 150004 3.77053
210000 75000 150017 16.9517
215000 75000 150011 10.7582
210000 80000 150017 17.2898
215000 80000 150012 11.6611
215000 75000 150011 10.7582
220000 75000 150004 3.77053
215000 80000 150012 11.6611
220000 80000 150006 6.34156
220000 70000 150002 1.93098
225000 70000 149999 -0.714439
220000 75000 150004 3.77053
225000 75000 150000 0.156139
225000 70000 149999 -0.714439
230000 70000 149993 -6.96532
225000 75000 150000 0.156139
230000 75000 149995 -5.08801
220000 75000 150004 3.77053
225000 75000 150000 0.156139
220000 80000 150006 6.34156
225000 80000 150000 -0.286528
225000 75000 150000 0.156139
230000 75000 149995 -5.08801
225000 80000 150000 -0.286528
230000 80000 149994 -6.34373
230000 70000 149993 -6.96532
235000 70000 149989 -10.8358
230000 75000 149995 -5.08801
235000 75000 149988 -12.4454
235000 70000 149989 -10.8358
240000 70000 149988 -12.0675
235000 75000 149988 -12.4454
240000 75000 149985 -15.3917
230000 75000 149995 -5.08801
235000 75000 149988 -12.4454
230000 80000 149994 -6.34373
235000 80000 149991 -8.66558
235000 75000 149988 -12.4454
240000 75000 149985 -15.3917
235000 80000 149991 -8.66558
240000 80000 149989 -11.2769
240000 70000 149988 -12.0675
245000 70000 149985 -15.2256
240000 75000 149985 -15.3917
245000 75000 149983 -17.3152
245000 70000 149985 -15.2256
250000 70000 149984 -15.7042
245000 75000 149983 -17.3152
250000 75000 149982 -18.4651
240000 75000 149985 -15.3917
245000 75000 149983 -17.3152
240000 80000 149989 -11.2769
245000 80000 149986 -13.944
245000 75000 149983 -17.3152
250000 75000 149982 -18.4651
245000 80000 149986 -13.944
250000 80000 149985 -15.217
250000 70000 149984 -15.7042
255000 70000 149981 -18.5411
250000 75000 149982 -18.4651
255000 75000 149981 -18.8914
255000 70000 149981 -18.5411
260000 70000 149981 -19.246
255000 75000 149981 -18.8914
260000 75000 149980 -20.0107
250000 75000 149982 -18.4651
255000 75000 149981 -18.8914
250000 80000 149985 -15.217
255000 80000 149983 -17.3615
255000 75000 149981 -18.8914
260000 75000 149980 -20.0107
255000 80000 149983 -17.3615
260000 80000 149980 -19.9488
260000 70000 149981 -19.246
265000 70000 149980 -20.1567
260000 75000 149980 -20.0107
265000 75000 149979 -20.6872
265000 70000 149980 -20.1567
270000 70000 149978 -21.774
265000 75000 149979 -20.6872
270000 75000 149979 -20.7964
260000 75000 149980 -20.0107
265000 75000 149979 -20.6872
260000 80000 149980 -19.9488
265000 80000 149979 -20.6219
265000 75000 149979 -20.6872
270000 75000 149979 -20.7964
265000 80000 149979 -20.6219
270000 80000 149979 -21.0721
270000 70000 149978 -21.774
275000 70000 149978 -22.044
270000 75000 149979 -20.7964
275000 75000 149979 -21.3207
275000 70000 149978 -22.044
280000 70000 149978 -22.3659
275000 75000 149979 -21.3207
280000 75000 149979 -21.0346
270000 75000 149979 -20.7964
275000 75000 149979 -21.3207
270000 80000 149979 -21.0721
275000 80000 149979 -21.2827
275000 75000 149979 -21.3207
280000 75000 149979 -21.0346
275000 80000 149979 -21.2827
280000 80000 149978 -21.8322
280000 70000 149978 -22.3659
285000 70000 149978 -22.2679
280000 75000 149979 -21.0346
285000 75000 149978 -21.8566
285000 70000 149978 -22.2679
290000 70000 149976 -23.5317
285000 75000 149978 -21.8566
290000 75000 149977 -22.8537
280000 75000 149979 -21.0346
285000 75000 149978 -21.8566
280000 80000 149978 -21.8322
285000 80000 149978 -22.3768
285000 75000 149978 -21.8566
290000 75000 149977 -22.8537
285000 80000 149978 -22.3768
290000 80000 149977 -22.6231
290000 70000 149976 -23.5317
295000 70000 149976 -24.1818
290000 75000 149977 -22.8537
295000 75000 149976 -23.8146
295000 70000 149976 -24.1818
300000 70000 149975 -24.9998
295000 75000 149976 -23.8146
300000 75000 149976 -24.3117
290000 75000 149977 -22.8537
295000 75000 149976 -23.8146
290000 80000 149977 -22.6231
295000 80000 149976 -23.5266
295000 75000 149976 -23.8146
300000 75000 149976 -24.3117
295000 80000 149976 -23.5266
300000 80000 149975 -24.5194
160000 80000 149883 -117.062
165000 80000 149904 -95.5919
160000 85000 149905 -95.122
165000 85000 149883 -116.833
165000 80000 149904 -95.5919
170000 80000 149953 -47.3518
165000 85000 149883 -116.833
170000 85000 149936 -64.086
160000 85000 149905 -95.122
165000 85000 149883 -116.833
160000 90000 149936 -64.0065
165000 90000 149892 -108.394
165000 85000 149883 -116.833
170000 85000 149936 -64.086
165000 90000 149892 -108.394
170000 90000 149908 -92.0292
170000 80000 149953 -47.3518
175000 80000 149993 -7.33179
170000 85000 149936 -64.086
175000 85000 149968 -31.7642
175000 80000 149993 -7.33179
180000 80000 150022 21.9515
175000 85000 149968 -31.7642
180000 85000 150007 7.03675
170000 85000 149936 -64.086
175000 85000 149968 -31.7642
170000 90000 149908 -92.0292
175000 90000 149952 -47.9972
175000 85000 149968 -31.7642
180000 85000 150007 7.03675
175000 90000 149952 -47.9972
180000 90000 149991 -9.01528
180000 80000 150022 21.9515
185000 80000 150030 30.4067
180000 85000 150007 7.03675
185000 85000 150031 31.1616
185000 80000 150030 30.4067
190000 80000 150031 31.0512
185000 85000 150031 31.1616
190000 85000 150031 31.2306
180000 85000 150007 7.03675
185000 85000 150031 31.1616
180000 90000 149991 -9.01528
185000 90000 150028 28.361
185000 85000 150031 31.1616
190000 85000 150031 31.2306
185000 90000 150028 28.361
190000 90000 150034 33.9521
190000 80000 150031 31.0512
195000 80000 150029 29.133
190000 85000 150031 31.2306
195000 85000 150028 27.9159
195000 80000 150029 29.133
200000 80000 150027 27.3093
195000 85000 150028 27.9159
200000 85000 150027 26.5575
190000 85000 150031 31.2306
195000 85000 150028 27.9159
190000 90000 150034 33.9521
195000 90000 150029 28.5076
195000 85000 150028 27.9159
200000 85000 150027 26.5575
195000 90000 150029 28.5076
200000 90000 150026 25.8015
200000 80000 150027 27.3093
205000 80000 150023 22.844
200000 85000 150027 26.5575
205000 85000 150023 23.4943
205000 80000 150023 22.844
210000 80000 150017 17.2898
205000 85000 150023 23.4943
210000 85000 150020 20.4505
200000 85000 150027 26.5575
205000 85000 150023 23.4943
200000 90000 150026 25.8015
205000 90000 150023 22.9628
205000 85000 150023 23.4943
210000 85000 150020 20.4505
205000 90000 150023 22.9628
210000 90000 150017 17.2465
210000 80000 150017 17.2898
215000 80000 150012 11.6611
210000 85000 150020 20.4505
215000 85000 150014 14.2677
215000 80000 150012 11.6611
220000 80000 150006 6.34156
215000 85000 150014 14.2677
220000 85000 150007 7.25773
210000 85000 150020 20.4505
215000 85000 150014 14.2677
210000 90000 150017 17.2465
215000 90000 150011 11.4809
215000 85000 150014 14.2677
220000 85000 150007 7.25773
215000 90000 150011 11.4809
220000 90000 150006 5.7844
220000 80000 150006 6.34156
225000 80000 150000 -0.286528
220000 85000 150007 7.25773
225000 85000 150002 1.8077
225000 80000 150000 -0.286528
230000 80000 149994 -6.34373
225000 85000 150002 1.8077
230000 85000 149998 -2.06447
220000 85000 150007 7.25773
225000 85000 150002 1.8077
220000 90000 150006 5.7844
225000 90000 150002 2.4148
225000 85000 150002 1.8077
230000 85000 149998 -2.06447
225000 90000 150002 2.4148
230000 90000 149997 -2.66383
230000 80000 149994 -6.34373
235000 80000 149991 -8.66558
230000 85000 149998 -2.06447
235000 85000 149994 -6.43812
235000 80000 149991 -8.66558
240000 80000 149989 -11.2769
235000 85000 149994 -6.43812
240000 85000 149988 -11.559
230000 85000 149998 -2.06447
235000 85000 149994 -6.43812
230000 90000 149997 -2.66383
235000 90000 149991 -8.5236
235000 85000 149994 -6.43812
240000 85000 149988 -11.559
235000 90000 149991 -8.5236
240000 90000 149988 -12.4164
240000 80000 149989 -11.2769
245000 80000 149986 -13.944
240000 85000 149988 -11.559
245000 85000 149985 -15.3197
245000 80000 149986 -13.944
250000 80000 149985 -15.217
245000 85000 149985 -15.3197
250000 85000 149984 -16.2073
240000 85000 149988 -11.559
245000 85000 149985 -15.3197
240000 90000 149988 -12.4164
245000 90000 149986 -14.1444
245000 85000 149985 -15.3197
250000 85000 149984 -16.2073
245000 90000 149986 -14.1444
250000 90000 149983 -16.9553
250000 80000 149985 -15.217
255000 80000 149983 -17.3615
250000 85000 149984 -16.2073
255000 85000 149981 -19.1815
255000 80000 149983 -17.3615
260000 80000 149980 -19.9488
255000 85000 149981 -19.1815
260000 85000 149980 -19.986
250000 85000 149984 -16.2073
255000 85000 149981 -19.1815
250000 90000 149983 -16.9553
255000 90000 149982 -17.9838
255000 85000 149981 -19.1815
260000 85000 149980 -19.986
255000 90000 149982 -17.9838
260000 90000 149981 -19.3737
260000 80000 149980 -19.9488
265000 80000 149979 -20.6219
260000 85000 149980 -19.986
265000 85000 149979 -20.6188
265000 80000 149979 -20.6219
270000 80000 149979 -21.0721
265000 85000 149979 -20.6188
270000 85000 149979 -20.9365
260000 85000 149980 -19.986
265000 85000 149979 -20.6188
260000 90000 149981 -19.3737
265000 90000 149979 -20.6068
265000 85000 149979 -20.6188
270000 85000 149979 -20.9365
265000 90000 149979 -20.6068
270000 90000 149979 -21.139
270000 80000 149979 -21.0721
275000 80000 149979 -21.2827
270000 85000 149979 -20.9365
275000 85000 149979 -21.4761
275000 80000 149979 -21.2827
280000 80000 149978 -21.8322
275000 85000 149979 -21.4761
280000 85000 149978 -21.6394
270000 85000 149979 -20.9365
275000 85000 149979 -21.4761
270000 90000 149979 -21.139
275000 90000 149979 -21.4378
275000 85000 149979 -21.4761
280000 85000 149978 -21.6394
275000 90000 149979 -21.4378
280000 90000 149978 -21.6791
280000 80000 149978 -21.8322
285000 80000 149978 -22.3768
280000 85000 149978 -21.6394
285000 85000 149977 -22.6209
285000 80000 149978 -22.3768
290000 80000 149977 -22.6231
285000 85000 149977 -22.6209
290000 85000 149977 -23.3506
280000 85000 149978 -21.6394
285000 85000 149977 -22.6209
280000 90000 149978 -21.6791
285000 90000 149978 -22.0522
285000 85000 149977 -22.6209
290000 85000 149977 -23.3506
285000 90000 149978 -22.0522
290000 90000 149977 -23.234
290000 80000 149977 -22.6231
295000 80000 149976 -23.5266
290000 85000 149977 -23.3506
295000 85000 149976 -24.0974
295000 80000 149976 -23.5266
300000 80000 149975 -24.5194
295000 85000 149976 -24.0974
300000 85000 149976 -24.475
290000 85000 149977 -23.3506
295000 85000 149976 -24.0974
290000 90000 149977 -23.234
295000 90000 149976 -24.1383
295000 85000 149976 -24.0974
300000 85000 149976 -24.475
295000 90000 149976 -24.1383
300000 90000 149976 -24.4425
160000 90000 149936 -64.0065
165000 90000 149892 -108.394
160000 95000 149953 -47.4577
165000 95000 149917 -82.7366
165000 90000 149892 -108.394
170000 90000 149908 -92.0292
165000 95000 149917 -82.7366
170000 95000 149898 -102.054
160000 95000 149953 -47.4577
165000 95000 149917 -82.7366
160000 100000 149961 -39.2235
165000 100000 149939 -60.9159
165000 95000 149917 -82.7366
170000 95000 149898 -102.054
165000 100000 149939 -60.9159
170000 100000 149911 -88.6603
170000 90000 149908 -92.0292
175000 90000 149952 -47.9972
170000 95000 149898 -102.054
175000 95000 149936 -64.0053
175000 90000 149952 -47.9972
180000 90000 149991 -9.01528
175000 95000 149936 -64.0053
180000 95000 149971 -28.875
170000 95000 149898 -102.054
175000 95000 149936 -64.0053
170000 100000 149911 -88.6603
175000 100000 149922 -77.6076
175000 95000 149936 -64.0053
180000 95000 149971 -28.875
175000 100000 149922 -77.6076
180000 100000 149954 -45.7686
180000 90000 149991 -9.01528
185000 90000 150028 28.361
180000 95000 149971 -28.875
185000 95000 150015 14.8401
185000 90000 150028 28.361
190000 90000 150034 33.9521
185000 95000 150015 14.8401
190000 95000 150033 33.0527
180000 95000 149971 -28.875
185000 95000 150015 14.8401
180000 100000 149954 -45.7686
185000 100000 149999 -1.46031
185000 95000 150015 14.8401
190000 95000 150033 33.0527
185000 100000 149999 -1.46031
190000 100000 150027 27.4535
190000 90000 150034 33.9521
195000 90000 150029 28.5076
190000 95000 150033 33.0527
195000 95000 150030 29.8687
195000 90000 150029 28.5076
200000 90000 150026 25.8015
195000 95000 150030 29.8687
200000 95000 150025 25.123
190000 95000 150033 33.0527
195000 95000 150030 29.8687
190000 100000 150027 27.4535
195000 100000 150029 28.6044
195000 95000 150030 29.8687
200000 95000 150025 25.123
195000 100000 150029 28.6044
200000 100000 150024 24.1321
200000 90000 150026 25.8015
205000 90000 150023 22.9628
200000 95000 150025 25.123
205000 95000 150022 22.1729
205000 90000 150023 22.9628
210000 90000 150017 17.2465
205000 95000 150022 22.1729
210000 95000 150020 20.2756
200000 95000 150025 25.123
205000 95000 150022 22.1729
200000 100000 150024 24.1321
205000 100000 150022 21.7259
205000 95000 150022 22.1729
210000 95000 150020 20.2756
205000 100000 150022 21.7259
210000 100000 150017 16.7302
210000 90000 150017 17.2465
215000 90000 150011 11.4809
210000 95000 150020 20.2756
215000 95000 150014 13.6793
215000 90000 150011 11.4809
220000 90000 150006 5.7844
215000 95000 150014 13.6793
220000 95000 150007 7.12764
210000 95000 150020 20.2756
215000 95000 150014 13.6793
210000 100000 150017 16.7302
215000 100000 150016 16.0732
215000 95000 150014 13.6793
220000 95000 150007 7.12764
215000 100000 150016 16.0732
220000 100000 150010 9.80724
220000 90000 150006 5.7844
225000 90000 150002 2.4148
220000 95000 150007 7.12764
225000 95000 150002 2.06226
225000 90000 150002 2.4148
230000 90000 149997 -2.66383
225000 95000 150002 2.06226
230000 95000 149996 -4.36124
220000 95000 150007 7.12764
225000 95000 150002 2.06226
220000 100000 150010 9.80724
225000 100000 150004 3.92968
225000 95000 150002 2.06226
230000 95000 149996 -4.36124
225000 100000 150004 3.92968
230000 100000 149999 -0.941164
230000 90000 149997 -2.66383
235000 90000 149991 -8.5236
230000 95000 149996 -4.36124
235000 95000 149992 -8.18698
235000 90000 149991 -8.5236
240000 90000 149988 -12.4164
235000 95000 149992 -8.18698
240000 95000 149990 -9.80718
230000 95000 149996 -4.36124
235000 95000 149992 -8.18698
230000 100000 149999 -0.941164
235000 100000 149994 -6.22766
235000 95000 149992 -8.18698
240000 95000 149990 -9.80718
235000 100000 149994 -6.22766
240000 100000 149988 -11.6941
240000 90000 149988 -12.4164
245000 90000 149986 -14.1444
240000 95000 149990 -9.80718
245000 95000 149987 -12.7099
245000 90000 149986 -14.1444
250000 90000 149983 -16.9553
245000 95000 149987 -12.7099
250000 95000 149983 -17.2067
240000 95000 149990 -9.80718
245000 95000 149987 -12.7099
240000 100000 149988 -11.6941
245000 100000 149984 -15.6744
245000 95000 149987 -12.7099
250000 95000 149983 -17.2067
245000 100000 149984 -15.6744
250000 100000 149983 -16.6951
250000 90000 149983 -16.9553
255000 90000 149982 -17.9838
250000 95000 149983 -17.2067
255000 95000 149981 -19.3637
255000 90000 149982 -17.9838
260000 90000 149981 -19.3737
255000 95000 149981 -19.3637
260000 95000 149980 -20.062
250000 95000 149983 -17.2067
255000 95000 149981 -19.3637
250000 100000 149983 -16.6951
255000 100000 149981 -18.8831
255000 95000 149981 -19.3637
260000 95000 149980 -20.062
255000 100000 149981 -18.8831
260000 100000 149980 -19.9986
260000 90000 149981 -19.3737
265000 90000 149979 -20.6068
260000 95000 149980 -20.062
265000 95000 149979 -20.5485
265000 90000 149979 -20.6068
270000 90000 149979 -21.139
265000 95000 149979 -20.5485
270000 95000 149979 -21.2549
260000 95000 149980 -20.062
265000 95000 149979 -20.5485
260000 100000 149980 -19.9986
265000 100000 149980 -20.0821
265000 95000 149979 -20.5485
270000 95000 149979 -21.2549
265000 100000 149980 -20.0821
270000 100000 149979 -20.847
270000 90000 149979 -21.139
275000 90000 149979 -21.4378
270000 95000 149979 -21.2549
275000 95000 149979 -21.4604
275000 90000 149979 -21.4378
280000 90000 149978 -21.6791
275000 95000 149979 -21.4604
280000 95000 149978 -22.4523
270000 95000 149979 -21.2549
275000 95000 149979 -21.4604
270000 100000 149979 -20.847
275000 100000 149978 -21.5556
275000 95000 149979 -21.4604
280000 95000 149978 -22.4523
275000 100000 149978 -21.5556
280000 100000 149978 -22.0899
280000 90000 149978 -21.6791
285000 90000 149978 -22.0522
280000 95000 149978 -22.4523
285000 95000 149978 -22.2462
285000 90000 149978 -22.0522
290000 90000 149977 -23.234
285000 95000 149978 -22.2462
290000 95000 149977 -22.9435
280000 95000 149978 -22.4523
285000 95000 149978 -22.2462
280000 100000 149978 -22.0899
285000 100000 149977 -22.5422
285000 95000 149978 -22.2462
290000 95000 149977 -22.9435
285000 100000 149977 -22.5422
290000 100000 149977 -23.0035
290000 90000 149977 -23.234
295000 90000 149976 -24.1383
290000 95000 149977 -22.9435
295000 95000 149977 -23.4015
295000 90000 149976 -24.1383
300000 90000 149976 -24.4425
295000 95000 149977 -23.4015
300000 95000 149976 -24.4772
290000 95000 149977 -22.9435
295000 95000 149977 -23.4015
290000 100000 149977 -23.0035
295000 100000 149976 -24.1283
295000 95000 149977 -23.4015
300000 95000 149976 -24.4772
295000 100000 149976 -24.1283
300000 100000 149975 -24.6275
160000 100000 149961 -39.2235
165000 100000 149939 -60.9159
160000 105000 149966 -33.7463
165000 105000 149950 -50.0611
165000 100000 149939 -60.9159
170000 100000 149911 -88.6603
165000 105000 149950 -50.0611
170000 105000 149933 -66.5815
160000 105000 149966 -33.7463
165000 105000 149950 -50.0611
160000 110000 149970 -29.8415
165000 110000 149953 -46.7058
165000 105000 149950 -50.0611
170000 105000 149933 -66.5815
165000 110000 149953 -46.7058
170000 110000 149947 -52.7434
170000 100000 149911 -88.6603
175000 100000 149922 -77.6076
170000 105000 149933 -66.5815
175000 105000 149935 -65.0578
175000 100000 149922 -77.6076
180000 100000 149954 -45.7686
175000 105000 149935 -65.0578
180000 105000 149954 -46.354
170000 105000 149933 -66.5815
175000 105000 149935 -65.0578
170000 110000 149947 -52.7434
175000 110000 149948 -52.1603
175000 105000 149935 -65.0578
180000 105000 149954 -46.354
175000 110000 149948 -52.1603
180000 110000 149957 -42.6192
180000 100000 149954 -45.7686
185000 100000 149999 -1.46031
180000 105000 149954 -46.354
185000 105000 149986 -13.8722
185000 100000 149999 -1.46031
190000 100000 150027 27.4535
185000 105000 149986 -13.8722
190000 105000 150015 15.1491
180000 105000 149954 -46.354
185000 105000 149986 -13.8722
180000 110000 149957 -42.6192
185000 110000 149980 -20.0796
185000 105000 149986 -13.8722
190000 105000 150015 15.1491
185000 110000 149980 -20.0796
190000 110000 150002 2.49209
190000 100000 150027 27.4535
195000 100000 150029 28.6044
190000 105000 150015 15.1491
195000 105000 150024 23.5311
195000 100000 150029 28.6044
200000 100000 150024 24.1321
195000 105000 150024 23.5311
200000 105000 150022 21.5521
190000 105000 150015 15.1491
195000 105000 150024 23.5311
190000 110000 150002 2.49209
195000 110000 150015 15.3871
195000 105000 150024 23.5311
200000 105000 150022 21.5521
195000 110000 150015 15.3871
200000 110000 150018 18.2924
200000 100000 150024 24.1321
205000 100000 150022 21.7259
200000 105000 150022 21.5521
205000 105000 150020 19.7061
205000 100000 150022 21.7259
210000 100000 150017 16.7302
205000 105000 150020 19.7061
210000 105000 150017 16.6487
200000 105000 150022 21.5521
205000 105000 150020 19.7061
200000 110000 150018 18.2924
205000 110000 150019 18.8235
205000 105000 150020 19.7061
210000 105000 150017 16.6487
205000 110000 150019 18.8235
210000 110000 150015 15.3934
210000 100000 150017 16.7302
215000 100000 150016 16.0732
210000 105000 150017 16.6487
215000 105000 150010 10.2186
215000 100000 150016 16.0732
220000 100000 150010 9.80724
215000 105000 150010 10.2186
220000 105000 150010 9.50829
210000 105000 150017 16.6487
215000 105000 150010 10.2186
210000 110000 150015 15.3934
215000 110000 150010 10.1548
215000 105000 150010 10.2186
220000 105000 150010 9.50829
215000 110000 150010 10.1548
220000 110000 150003 3.04285
220000 100000 150010 9.80724
225000 100000 150004 3.92968
220000 105000 150010 9.50829
225000 105000 150006 6.01692
225000 100000 150004 3.92968
230000 100000 149999 -0.941164
225000 105000 150006 6.01692
230000 105000 149999 -0.857556
220000 105000 150010 9.50829
225000 105000 150006 6.01692
220000 110000 150003 3.04285
225000 110000 150002 2.31094
225000 105000 150006 6.01692
230000 105000 149999 -0.857556
225000 110000 150002 2.31094
230000 110000 149999 -1.10482
230000 100000 149999 -0.941164
235000 100000 149994 -6.22766
230000 105000 149999 -0.857556
235000 105000 149993 -6.59463
235000 100000 149994 -6.22766
240000 100000 149988 -11.6941
235000 105000 149993 -6.59463
240000 105000 149991 -9.26956
230000 105000 149999 -0.857556
235000 105000 149993 -6.59463
230000 110000 149999 -1.10482
235000 110000 149994 -6.35141
235000 105000 149993 -6.59463
240000 105000 149991 -9.26956
235000 110000 149994 -6.35141
240000 110000 149986 -13.9779
240000 100000 149988 -11.6941
245000 100000 149984 -15.6744
240000 105000 149991 -9.26956
245000 105000 149987 -13.0161
245000 100000 149984 -15.6744
250000 100000 149983 -16.6951
245000 105000 149987 -13.0161
250000 105000 149984 -16.2585
240000 105000 149991 -9.26956
245000 105000 149987 -13.0161
240000 110000 149986 -13.9779
245000 110000 149986 -14.3201
245000 105000 149987 -13.0161
250000 105000 149984 -16.2585
245000 110000 149986 -14.3201
250000 110000 149984 -15.9852
250000 100000 149983 -16.6951
255000 100000 149981 -18.8831
250000 105000 149984 -16.2585
255000 105000 149982 -18.4124
255000 100000 149981 -18.8831
260000 100000 149980 -19.9986
255000 105000 149982 -18.4124
260000 105000 149981 -18.7697
250000 105000 149984 -16.2585
255000 105000 149982 -18.4124
250000 110000 149984 -15.9852
255000 110000 149983 -17.1533
255000 105000 149982 -18.4124
260000 105000 149981 -18.7697
255000 110000 149983 -17.1533
260000 110000 149981 -19.2226
260000 100000 149980 -19.9986
265000 100000 149980 -20.0821
260000 105000 149981 -18.7697
265000 105000 149980 -19.893
265000 100000 149980 -20.0821
270000 100000 149979 -20.847
265000 105000 149980 -19.893
270000 105000 149979 -21.4464
260000 105000 149981 -18.7697
265000 105000 149980 -19.893
260000 110000 149981 -19.2226
265000 110000 149980 -20.2749
265000 105000 149980 -19.893
270000 105000 149979 -21.4464
265000 110000 149980 -20.2749
270000 110000 149978 -21.7052
270000 100000 149979 -20.847
275000 100000 149978 -21.5556
270000 105000 149979 -21.4464
275000 105000 149979 -21.4723
275000 100000 149978 -21.5556
280000 100000 149978 -22.0899
275000 105000 149979 -21.4723
280000 105000 149978 -22.1708
270000 105000 149979 -21.4464
275000 105000 149979 -21.4723
270000 110000 149978 -21.7052
275000 110000 149978 -22.0511
275000 105000 149979 -21.4723
280000 105000 149978 -22.1708
275000 110000 149978 -22.0511
280000 110000 149978 -22.2913
280000 100000 149978 -22.0899
285000 100000 149977 -22.5422
280000 105000 149978 -22.1708
285000 105000 149977 -23.1077
285000 100000 149977 -22.5422
290000 100000 149977 -23.0035
285000 105000 149977 -23.1077
290000 105000 149976 -23.5525
280000 105000 149978 -22.1708
285000 105000 149977 -23.1077
280000 110000 149978 -22.2913
285000 110000 149977 -22.6906
285000 105000 149977 -23.1077
290000 105000 149976 -23.5525
285000 110000 149977 -22.6906
290000 110000 149977 -23.149
290000 100000 149977 -23.0035
295000 100000 149976 -24.1283
290000 105000 149976 -23.5525
295000 105000 149976 -24.0554
295000 100000 149976 -24.1283
300000 100000 149975 -24.6275
295000 105000 149976 -24.0554
300000 105000 149975 -24.6231
290000 105000 149976 -23.5525
295000 105000 149976 -24.0554
290000 110000 149977 -23.149
295000 110000 149976 -23.9733
295000 105000 149976 -24.0554
300000 105000 149975 -24.6231
295000 110000 149976 -23.9733
300000 110000 149975 -24.5485
160000 110000 149970 -29.8415
165000 110000 149953 -46.7058
160000 115000 149960 -40.128
165000 115000 149955 -45.067
165000 110000 149953 -46.7058
170000 110000 149947 -52.7434
165000 115000 149955 -45.067
170000 115000 149952 -48.1263
160000 115000 149960 -40.128
165000 115000 149955 -45.067
160000 120000 149974 -26.0118
165000 120000 149962 -38.1051
165000 115000 149955 -45.067
170000 115000 149952 -48.1263
165000 120000 149962 -38.1051
170000 120000 149955 -45.3395
170000 110000 149947 -52.7434
175000 110000 149948 -52.1603
170000 115000 149952 -48.1263
175000 115000 149954 -46.3656
175000 110000 149948 -52.1603
180000 110000 149957 -42.6192
175000 115000 149954 -46.3656
180000 115000 149958 -41.8777
170000 115000 149952 -48.1263
175000 115000 149954 -46.3656
170000 120000 149955 -45.3395
175000 120000 149956 -43.6593
175000 115000 149954 -46.3656
180000 115000 149958 -41.8777
175000 120000 149956 -43.6593
180000 120000 149964 -35.8585
180000 110000 149957 -42.6192
185000 110000 149980 -20.0796
180000 115000 149958 -41.8777
185000 115000 149973 -27.4327
185000 110000 149980 -20.0796
190000 110000 150002 2.49209
185000 115000 149973 -27.4327
190000 115000 149993 -7.24002
180000 115000 149958 -41.8777
185000 115000 149973 -27.4327
180000 120000 149964 -35.8585
185000 120000 149977 -23.4338
185000 115000 149973 -27.4327
190000 115000 149993 -7.24002
185000 120000 149977 -23.4338
190000 120000 149992 -7.70176
190000 110000 150002 2.49209
195000 110000 150015 15.3871
190000 115000 149993 -7.24002
195000 115000 150005 4.66265
195000 110000 150015 15.3871
200000 110000 150018 18.2924
195000 115000 150005 4.66265
200000 115000 150016 16.2779
190000 115000 149993 -7.24002
195000 115000 150005 4.66265
190000 120000 149992 -7.70176
195000 120000 150009 9.22253
195000 115000 150005 4.66265
200000 115000 150016 16.2779
195000 120000 150009 9.22253
200000 120000 150018 17.7826
200000 110000 150018 18.2924
205000 110000 150019 18.8235
200000 115000 150016 16.2779
205000 115000 150020 19.5911
205000 110000 150019 18.8235
210000 110000 150015 15.3934
205000 115000 150020 19.5911
210000 115000 150018 18.3684
200000 115000 150016 16.2779
205000 115000 150020 19.5911
200000 120000 150018 17.7826
205000 120000 150020 19.9537
205000 115000 150020 19.5911
210000 115000 150018 18.3684
205000 120000 150020 19.9537
210000 120000 150018 18.332
210000 110000 150015 15.3934
215000 110000 150010 10.1548
210000 115000 150018 18.3684
215000 115000 150012 12.3216
215000 110000 150010 10.1548
220000 110000 150003 3.04285
215000 115000 150012 12.3216
220000 115000 150008 7.77265
210000 115000 150018 18.3684
215000 115000 150012 12.3216
210000 120000 150018 18.332
215000 120000 150015 14.7727
215000 115000 150012 12.3216
220000 115000 150008 7.77265
215000 120000 150015 14.7727
220000 120000 150010 10.0904
220000 110000 150003 3.04285
225000 110000 150002 2.31094
220000 115000 150008 7.77265
225000 115000 150001 1.2651
225000 110000 150002 2.31094
230000 110000 149999 -1.10482
225000 115000 150001 1.2651
230000 115000 149993 -6.92445
220000 115000 150008 7.77265
225000 115000 150001 1.2651
220000 120000 150010 10.0904
225000 120000 150005 5.02561
225000 115000 150001 1.2651
230000 115000 149993 -6.92445
225000 120000 150005 5.02561
230000 120000 149999 -1.26026
230000 110000 149999 -1.10482
235000 110000 149994 -6.35141
230000 115000 149993 -6.92445
235000 115000 149990 -10.0951
235000 110000 149994 -6.35141
240000 110000 149986 -13.9779
235000 115000 149990 -10.0951
240000 115000 149992 -8.42917
230000 115000 149993 -6.92445
235000 115000 149990 -10.0951
230000 120000 149999 -1.26026
235000 120000 149995 -4.59202
235000 115000 149990 -10.0951
240000 115000 149992 -8.42917
235000 120000 149995 -4.59202
240000 120000 149993 -7.39805
240000 110000 149986 -13.9779
245000 110000 149986 -14.3201
240000 115000 149992 -8.42917
245000 115000 149989 -11.4764
245000 110000 149986 -14.3201
250000 110000 149984 -15.9852
245000 115000 149989 -11.4764
250000 115000 149986 -14.1413
240000 115000 149992 -8.42917
245000 115000 149989 -11.4764
240000 120000 149993 -7.39805
245000 120000 149989 -11.1178
245000 115000 149989 -11.4764
250000 115000 149986 -14.1413
245000 120000 149989 -11.1178
250000 120000 149986 -14.2275
250000 110000 149984 -15.9852
255000 110000 149983 -17.1533
250000 115000 149986 -14.1413
255000 115000 149983 -17.1204
255000 110000 149983 -17.1533
260000 110000 149981 -19.2226
255000 115000 149983 -17.1204
260000 115000 149980 -19.6416
250000 115000 149986 -14.1413
255000 115000 149983 -17.1204
250000 120000 149986 -14.2275
255000 120000 149982 -17.535
255000 115000 149983 -17.1204
260000 115000 149980 -19.6416
255000 120000 149982 -17.535
260000 120000 149982 -18.3862
260000 110000 149981 -19.2226
265000 110000 149980 -20.2749
260000 115000 149980 -19.6416
265000 115000 149979 -21.0779
265000 110000 149980 -20.2749
270000 110000 149978 -21.7052
265000 115000 149979 -21.0779
270000 115000 149979 -20.7193
260000 115000 149980 -19.6416
265000 115000 149979 -21.0779
260000 120000 149982 -18.3862
265000 120000 149980 -20.0317
265000 115000 149979 -21.0779
270000 115000 149979 -20.7193
265000 120000 149980 -20.0317
270000 120000 149979 -20.9829
270000 110000 149978 -21.7052
275000 110000 149978 -22.0511
270000 115000 149979 -20.7193
275000 115000 149979 -21.4731
275000 110000 149978 -22.0511
280000 110000 149978 -22.2913
275000 115000 149979 -21.4731
280000 115000 149978 -22.173
270000 115000 149979 -20.7193
275000 115000 149979 -21.4731
270000 120000 149979 -20.9829
275000 120000 149978 -21.7776
275000 115000 149979 -21.4731
280000 115000 149978 -22.173
275000 120000 149978 -21.7776
280000 120000 149978 -21.7095
280000 110000 149978 -22.2913
285000 110000 149977 -22.6906
280000 115000 149978 -22.173
285000 115000 149977 -23.1497
285000 110000 149977 -22.6906
290000 110000 149977 -23.149
285000 115000 149977 -23.1497
290000 115000 149976 -23.7592
280000 115000 149978 -22.173
285000 115000 149977 -23.1497
280000 120000 149978 -21.7095
285000 120000 149977 -23.0485
285000 115000 149977 -23.1497
290000 115000 149976 -23.7592
285000 120000 149977 -23.0485
290000 120000 149976 -24.2472
290000 110000 149977 -23.149
295000 110000 149976 -23.9733
290000 115000 149976 -23.7592
295000 115000 149976 -24.2753
295000 110000 149976 -23.9733
300000 110000 149975 -24.5485
295000 115000 149976 -24.2753
300000 115000 149976 -24.3695
290000 115000 149976 -23.7592
295000 115000 149976 -24.2753
290000 120000 149976 -24.2472
295000 120000 149975 -24.6605
295000 115000 149976 -24.2753
300000 115000 149976 -24.3695
295000 120000 149975 -24.6605
300000 120000 149975 -24.5316
