# x y z topography
0 0 149991 -9.3221
5000 0 149991 -9.05907
0 5000 149991 -9.4937
5000 5000 149991 -8.86539
5000 0 149991 -9.05907
10000 0 149991 -8.57214
5000 5000 149991 -8.86539
10000 5000 149991 -8.7724
0 5000 149991 -9.4937
5000 5000 149991 -8.86539
0 10000 149991 -8.97885
5000 10000 149991 -8.52174
5000 5000 149991 -8.86539
10000 5000 149991 -8.7724
5000 10000 149991 -8.52174
10000 10000 149992 -8.47292
10000 0 149991 -8.57214
15000 0 149991 -8.7056
10000 5000 149991 -8.7724
15000 5000 149992 -7.87104
15000 0 149991 -8.7056
20000 0 149992 -8.26324
15000 5000 149992 -7.87104
20000 5000 149991 -8.71164
10000 5000 149991 -8.7724
15000 5000 149992 -7.87104
10000 10000 149992 -8.47292
15000 10000 149991 -8.69626
15000 5000 149992 -7.87104
20000 5000 149991 -8.71164
15000 10000 149991 -8.69626
20000 10000 149992 -8.16059
20000 0 149992 -8.26324
25000 0 149992 -8.10517
20000 5000 149991 -8.71164
25000 5000 149991 -8.71164
25000 0 149992 -8.10517
30000 0 149991 -8.71164
25000 5000 149991 -8.71164
30000 5000 149992 -8.38938
20000 5000 149991 -8.71164
25000 5000 149991 -8.71164
20000 10000 149992 -8.16059
25000 10000 149991 -8.52056
25000 5000 149991 -8.71164
30000 5000 149992 -8.38938
25000 10000 149991 -8.52056
30000 10000 149992 -7.89895
30000 0 149991 -8.71164
35000 0 149993 -6.94175
30000 5000 149992 -8.38938
35000 5000 149991 -8.71164
35000 0 149993 -6.94175
40000 0 149993 -7.3889
35000 5000 149991 -8.71164
40000 5000 149992 -8.44607
30000 5000 149992 -8.38938
35000 5000 149991 -8.71164
30000 10000 149992 -7.89895
35000 10000 149991 -8.66609
35000 5000 149991 -8.71164
40000 5000 149992 -8.44607
35000 10000 149991 -8.66609
40000 10000 149991 -8.71162
40000 0 149993 -7.3889
45000 0 149993 -6.69643
40000 5000 149992 -8.44607
45000 5000 149993 -7.05069
45000 0 149993 -6.69643
50000 0 149996 -4.32378
45000 5000 149993 -7.05069
50000 5000 149995 -5.10238
40000 5000 149992 -8.44607
45000 5000 149993 -7.05069
40000 10000 149991 -8.71162
45000 10000 149992 -8.28725
45000 5000 149993 -7.05069
50000 5000 149995 -5.10238
45000 10000 149992 -8.28725
50000 10000 149992 -7.75717
50000 0 149996 -4.32378
55000 0 149998 -1.8214
50000 5000 149995 -5.10238
55000 5000 149996 -3.56685
55000 0 149998 -1.8214
60000 0 150002 1.7707
55000 5000 149996 -3.56685
60000 5000 150000 -0.325679
50000 5000 149995 -5.10238
55000 5000 149996 -3.56685
50000 10000 149992 -7.75717
55000 10000 149994 -6.38409
55000 5000 149996 -3.56685
60000 5000 150000 -0.325679
55000 10000 149994 -6.38409
60000 10000 149996 -3.86422
60000 0 150002 1.7707
65000 0 150004 3.76056
60000 5000 150000 -0.325679
65000 5000 150005 4.94871
65000 0 150004 3.76056
70000 0 150008 7.60318
65000 5000 150005 4.94871
70000 5000 150008 7.68329
60000 5000 150000 -0.325679
65000 5000 150005 4.94871
60000 10000 149996 -3.86422
65000 10000 149999 -0.937347
65000 5000 150005 4.94871
70000 5000 150008 7.68329
65000 10000 149999 -0.937347
70000 10000 150003 2.98678
70000 0 150008 7.60318
75000 0 150010 9.99448
70000 5000 150008 7.68329
75000 5000 150011 10.5265
75000 0 150010 9.99448
80000 0 150016 15.5873
75000 5000 150011 10.5265
80000 5000 150015 14.6567
70000 5000 150008 7.68329
75000 5000 150011 10.5265
70000 10000 150003 2.98678
75000 10000 150010 10.0279
75000 5000 150011 10.5265
80000 5000 150015 14.6567
75000 10000 150010 10.0279
80000 10000 150013 13.0022
0 10000 149991 -8.97885
5000 10000 149991 -8.52174
0 15000 149991 -9.16945
5000 15000 149991 -8.65196
5000 10000 149991 -8.52174
10000 10000 149992 -8.47292
5000 15000 149991 -8.65196
10000 15000 149991 -8.57479
0 15000 149991 -9.16945
5000 15000 149991 -8.65196
0 20000 149991 -8.79951
5000 20000 149991 -8.70827
5000 15000 149991 -8.65196
10000 15000 149991 -8.57479
5000 20000 149991 -8.70827
10000 20000 149991 -8.94256
10000 10000 149992 -8.47292
15000 10000 149991 -8.69626
10000 15000 149991 -8.57479
15000 15000 149991 -8.865
15000 10000 149991 -8.69626
20000 10000 149992 -8.16059
15000 15000 149991 -8.865
20000 15000 149992 -8.4978
10000 15000 149991 -8.57479
15000 15000 149991 -8.865
10000 20000 149991 -8.94256
15000 20000 149991 -8.90039
15000 15000 149991 -8.865
20000 15000 149992 -8.4978
15000 20000 149991 -8.90039
20000 20000 149992 -7.9931
20000 10000 149992 -8.16059
25000 10000 149991 -8.52056
20000 15000 149992 -8.4978
25000 15000 149991 -9.14395
25000 10000 149991 -8.52056
30000 10000 149992 -7.89895
25000 15000 149991 -9.14395
30000 15000 149991 -8.78293
20000 15000 149992 -8.4978
25000 15000 149991 -9.14395
20000 20000 149992 -7.9931
25000 20000 149991 -9.16014
25000 15000 149991 -9.14395
30000 15000 149991 -8.78293
25000 20000 149991 -9.16014
30000 20000 149991 -8.82677
30000 10000 149992 -7.89895
35000 10000 149991 -8.66609
30000 15000 149991 -8.78293
35000 15000 149993 -6.87833
35000 10000 149991 -8.66609
40000 10000 149991 -8.71162
35000 15000 149993 -6.87833
40000 15000 149992 -8.01848
30000 15000 149991 -8.78293
35000 15000 149993 -6.87833
30000 20000 149991 -8.82677
35000 20000 149992 -7.51264
35000 15000 149993 -6.87833
40000 15000 149992 -8.01848
35000 20000 149992 -7.51264
40000 20000 149994 -6.36975
40000 10000 149991 -8.71162
45000 10000 149992 -8.28725
40000 15000 149992 -8.01848
45000 15000 149993 -6.89112
45000 10000 149992 -8.28725
50000 10000 149992 -7.75717
45000 15000 149993 -6.89112
50000 15000 149995 -4.83015
40000 15000 149992 -8.01848
45000 15000 149993 -6.89112
40000 20000 149994 -6.36975
45000 20000 149993 -7.24909
45000 15000 149993 -6.89112
50000 15000 149995 -4.83015
45000 20000 149993 -7.24909
50000 20000 149993 -6.67878
50000 10000 149992 -7.75717
55000 10000 149994 -6.38409
50000 15000 149995 -4.83015
55000 15000 149997 -3.23288
55000 10000 149994 -6.38409
60000 10000 149996 -3.86422
55000 15000 149997 -3.23288
60000 15000 150000 -0.0304019
50000 15000 149995 -4.83015
55000 15000 149997 -3.23288
50000 20000 149993 -6.67878
55000 20000 149994 -5.75284
55000 15000 149997 -3.23288
60000 15000 150000 -0.0304019
55000 20000 149994 -5.75284
60000 20000 149996 -3.53781
60000 10000 149996 -3.86422
65000 10000 149999 -0.937347
60000 15000 150000 -0.0304019
65000 15000 150002 2.45606
65000 10000 149999 -0.937347
70000 10000 150003 2.98678
65000 15000 150002 2.45606
70000 15000 150003 2.95216
60000 15000 150000 -0.0304019
65000 15000 150002 2.45606
60000 20000 149996 -3.53781
65000 20000 150003 2.69341
65000 15000 150002 2.45606
70000 15000 150003 2.95216
65000 20000 150003 2.69341
70000 20000 150007 6.6268
70000 10000 150003 2.98678
75000 10000 150010 10.0279
70000 15000 150003 2.95216
75000 15000 150010 10.1434
75000 10000 150010 10.0279
80000 10000 150013 13.0022
75000 15000 150010 10.1434
80000 15000 150013 12.5428
70000 15000 150003 2.95216
75000 15000 150010 10.1434
70000 20000 150007 6.6268
75000 20000 150010 10.4216
75000 15000 150010 10.1434
80000 15000 150013 12.5428
75000 20000 150010 10.4216
80000 20000 150015 14.5917
0 20000 149991 -8.79951
5000 20000 149991 -8.70827
0 25000 149991 -9.2671
5000 25000 149991 -8.85346
5000 20000 149991 -8.70827
10000 20000 149991 -8.94256
5000 25000 149991 -8.85346
10000 25000 149992 -8.4387
0 25000 149991 -9.2671
5000 25000 149991 -8.85346
0 30000 149991 -8.98258
5000 30000 149991 -8.89111
5000 25000 149991 -8.85346
10000 25000 149992 -8.4387
5000 30000 149991 -8.89111
10000 30000 149991 -8.82372
10000 20000 149991 -8.94256
15000 20000 149991 -8.90039
10000 25000 149992 -8.4387
15000 25000 149992 -8.25723
15000 20000 149991 -8.90039
20000 20000 149992 -7.9931
15000 25000 149992 -8.25723
20000 25000 149991 -9.12287
10000 25000 149992 -8.4387
15000 25000 149992 -8.25723
10000 30000 149991 -8.82372
15000 30000 149991 -9.09825
15000 25000 149992 -8.25723
20000 25000 149991 -9.12287
15000 30000 149991 -9.09825
20000 30000 149992 -8.28204
20000 20000 149992 -7.9931
25000 20000 149991 -9.16014
20000 25000 149991 -9.12287
25000 25000 149991 -9.1611
25000 20000 149991 -9.16014
30000 20000 149991 -8.82677
25000 25000 149991 -9.1611
30000 25000 149992 -8.49284
20000 25000 149991 -9.12287
25000 25000 149991 -9.1611
20000 30000 149992 -8.28204
25000 30000 149992 -8.24831
25000 25000 149991 -9.1611
30000 25000 149992 -8.49284
25000 30000 149992 -8.24831
30000 30000 149991 -8.95553
30000 20000 149991 -8.82677
35000 20000 149992 -7.51264
30000 25000 149992 -8.49284
35000 25000 149992 -7.6597
35000 20000 149992 -7.51264
40000 20000 149994 -6.36975
35000 25000 149992 -7.6597
40000 25000 149994 -6.13745
30000 25000 149992 -8.49284
35000 25000 149992 -7.6597
30000 30000 149991 -8.95553
35000 30000 149992 -8.31204
35000 25000 149992 -7.6597
40000 25000 149994 -6.13745
35000 30000 149992 -8.31204
40000 30000 149994 -6.26137
40000 20000 149994 -6.36975
45000 20000 149993 -7.24909
40000 25000 149994 -6.13745
45000 25000 149995 -5.26553
45000 20000 149993 -7.24909
50000 20000 149993 -6.67878
45000 25000 149995 -5.26553
50000 25000 149996 -4.14489
40000 25000 149994 -6.13745
45000 25000 149995 -5.26553
40000 30000 149994 -6.26137
45000 30000 149994 -6.03765
45000 25000 149995 -5.26553
50000 25000 149996 -4.14489
45000 30000 149994 -6.03765
50000 30000 149996 -4.35274
50000 20000 149993 -6.67878
55000 20000 149994 -5.75284
50000 25000 149996 -4.14489
55000 25000 149997 -2.93952
55000 20000 149994 -5.75284
60000 20000 149996 -3.53781
55000 25000 149997 -2.93952
60000 25000 149999 -0.701318
50000 25000 149996 -4.14489
55000 25000 149997 -2.93952
50000 30000 149996 -4.35274
55000 30000 149997 -3.17279
55000 25000 149997 -2.93952
60000 25000 149999 -0.701318
55000 30000 149997 -3.17279
60000 30000 149999 -1.42612
60000 20000 149996 -3.53781
65000 20000 150003 2.69341
60000 25000 149999 -0.701318
65000 25000 150002 2.02833
65000 20000 150003 2.69341
70000 20000 150007 6.6268
65000 25000 150002 2.02833
70000 25000 150003 3.1607
60000 25000 149999 -0.701318
65000 25000 150002 2.02833
60000 30000 149999 -1.42612
65000 30000 150000 0.226625
65000 25000 150002 2.02833
70000 25000 150003 3.1607
65000 30000 150000 0.226625
70000 30000 150004 3.90472
70000 20000 150007 6.6268
75000 20000 150010 10.4216
70000 25000 150003 3.1607
75000 25000 150009 8.60881
75000 20000 150010 10.4216
80000 20000 150015 14.5917
75000 25000 150009 8.60881
80000 25000 150014 13.8634
70000 25000 150003 3.1607
75000 25000 150009 8.60881
70000 30000 150004 3.90472
75000 30000 150008 7.86791
75000 25000 150009 8.60881
80000 25000 150014 13.8634
75000 30000 150008 7.86791
80000 30000 150011 11.2634
0 30000 149991 -8.98258
5000 30000 149991 -8.89111
0 35000 149991 -8.75795
5000 35000 149991 -8.84485
5000 30000 149991 -8.89111
10000 30000 149991 -8.82372
5000 35000 149991 -8.84485
10000 35000 149991 -9.19044
0 35000 149991 -8.75795
5000 35000 149991 -8.84485
0 40000 149991 -8.80696
5000 40000 149991 -9.4386
5000 35000 149991 -8.84485
10000 35000 149991 -9.19044
5000 40000 149991 -9.4386
10000 40000 149991 -8.92333
10000 30000 149991 -8.82372
15000 30000 149991 -9.09825
10000 35000 149991 -9.19044
15000 35000 149991 -9.15457
15000 30000 149991 -9.09825
20000 30000 149992 -8.28204
15000 35000 149991 -9.15457
20000 35000 149991 -8.99327
10000 35000 149991 -9.19044
15000 35000 149991 -9.15457
10000 40000 149991 -8.92333
15000 40000 149991 -9.10197
15000 35000 149991 -9.15457
20000 35000 149991 -8.99327
15000 40000 149991 -9.10197
20000 40000 149992 -8.39153
20000 30000 149992 -8.28204
25000 30000 149992 -8.24831
20000 35000 149991 -8.99327
25000 35000 149991 -8.50216
25000 30000 149992 -8.24831
30000 30000 149991 -8.95553
25000 35000 149991 -8.50216
30000 35000 149991 -8.79533
20000 35000 149991 -8.99327
25000 35000 149991 -8.50216
20000 40000 149992 -8.39153
25000 40000 149991 -9.12084
25000 35000 149991 -8.50216
30000 35000 149991 -8.79533
25000 40000 149991 -9.12084
30000 40000 149991 -8.70446
30000 30000 149991 -8.95553
35000 30000 149992 -8.31204
30000 35000 149991 -8.79533
35000 35000 149991 -8.71081
35000 30000 149992 -8.31204
40000 30000 149994 -6.26137
35000 35000 149991 -8.71081
40000 35000 149993 -7.20049
30000 35000 149991 -8.79533
35000 35000 149991 -8.71081
30000 40000 149991 -8.70446
35000 40000 149991 -9.12085
35000 35000 149991 -8.71081
40000 35000 149993 -7.20049
35000 40000 149991 -9.12085
40000 40000 149993 -7.23021
40000 30000 149994 -6.26137
45000 30000 149994 -6.03765
40000 35000 149993 -7.20049
45000 35000 149994 -6.08042
45000 30000 149994 -6.03765
50000 30000 149996 -4.35274
45000 35000 149994 -6.08042
50000 35000 149994 -5.80195
40000 35000 149993 -7.20049
45000 35000 149994 -6.08042
40000 40000 149993 -7.23021
45000 40000 149993 -6.74454
45000 35000 149994 -6.08042
50000 35000 149994 -5.80195
45000 40000 149993 -6.74454
50000 40000 149994 -5.95275
50000 30000 149996 -4.35274
55000 30000 149997 -3.17279
50000 35000 149994 -5.80195
55000 35000 149996 -3.94336
55000 30000 149997 -3.17279
60000 30000 149999 -1.42612
55000 35000 149996 -3.94336
60000 35000 149998 -1.8776
50000 35000 149994 -5.80195
55000 35000 149996 -3.94336
50000 40000 149994 -5.95275
55000 40000 149995 -4.78673
55000 35000 149996 -3.94336
60000 35000 149998 -1.8776
55000 40000 149995 -4.78673
60000 40000 149997 -2.54049
60000 30000 149999 -1.42612
65000 30000 150000 0.226625
60000 35000 149998 -1.8776
65000 35000 150002 1.66915
65000 30000 150000 0.226625
70000 30000 150004 3.90472
65000 35000 150002 1.66915
70000 35000 150002 2.48044
60000 35000 149998 -1.8776
65000 35000 150002 1.66915
60000 40000 149997 -2.54049
65000 40000 150000 0.175615
65000 35000 150002 1.66915
70000 35000 150002 2.48044
65000 40000 150000 0.175615
70000 40000 150002 2.34978
70000 30000 150004 3.90472
75000 30000 150008 7.86791
70000 35000 150002 2.48044
75000 35000 150007 6.93418
75000 30000 150008 7.86791
80000 30000 150011 11.2634
75000 35000 150007 6.93418
80000 35000 150012 12.3503
70000 35000 150002 2.48044
75000 35000 150007 6.93418
70000 40000 150002 2.34978
75000 40000 150008 7.8796
75000 35000 150007 6.93418
80000 35000 150012 12.3503
75000 40000 150008 7.8796
80000 40000 150008 8.0093
0 40000 149991 -8.80696
5000 40000 149991 -9.4386
0 45000 149990 -9.68386
5000 45000 149991 -8.95578
5000 40000 149991 -9.4386
10000 40000 149991 -8.92333
5000 45000 149991 -8.95578
10000 45000 149991 -8.86344
0 45000 149990 -9.68386
5000 45000 149991 -8.95578
0 50000 149990 -9.68901
5000 50000 149991 -9.34151
5000 45000 149991 -8.95578
10000 45000 149991 -8.86344
5000 50000 149991 -9.34151
10000 50000 149990 -9.60215
10000 40000 149991 -8.92333
15000 40000 149991 -9.10197
10000 45000 149991 -8.86344
15000 45000 149991 -9.0576
15000 40000 149991 -9.10197
20000 40000 149992 -8.39153
15000 45000 149991 -9.0576
20000 45000 149991 -9.12085
10000 45000 149991 -8.86344
15000 45000 149991 -9.0576
10000 50000 149990 -9.60215
15000 50000 149991 -8.80884
15000 45000 149991 -9.0576
20000 45000 149991 -9.12085
15000 50000 149991 -8.80884
20000 50000 149991 -9.12655
20000 40000 149992 -8.39153
25000 40000 149991 -9.12084
20000 45000 149991 -9.12085
25000 45000 149992 -8.4224
25000 40000 149991 -9.12084
30000 40000 149991 -8.70446
25000 45000 149992 -8.4224
30000 45000 149991 -8.72747
20000 45000 149991 -9.12085
25000 45000 149992 -8.4224
20000 50000 149991 -9.12655
25000 50000 149991 -8.68576
25000 45000 149992 -8.4224
30000 45000 149991 -8.72747
25000 50000 149991 -8.68576
30000 50000 149992 -8.31257
30000 40000 149991 -8.70446
35000 40000 149991 -9.12085
30000 45000 149991 -8.72747
35000 45000 149991 -9.12084
35000 40000 149991 -9.12085
40000 40000 149993 -7.23021
35000 45000 149991 -9.12084
40000 45000 149991 -9.12083
30000 45000 149991 -8.72747
35000 45000 149991 -9.12084
30000 50000 149992 -8.31257
35000 50000 149992 -7.81508
35000 45000 149991 -9.12084
40000 45000 149991 -9.12083
35000 50000 149992 -7.81508
40000 50000 149992 -7.60795
40000 40000 149993 -7.23021
45000 40000 149993 -6.74454
40000 45000 149991 -9.12083
45000 45000 149993 -6.70312
45000 40000 149993 -6.74454
50000 40000 149994 -5.95275
45000 45000 149993 -6.70312
50000 45000 149994 -6.3522
40000 45000 149991 -9.12083
45000 45000 149993 -6.70312
40000 50000 149992 -7.60795
45000 50000 149994 -5.55288
45000 45000 149993 -6.70312
50000 45000 149994 -6.3522
45000 50000 149994 -5.55288
50000 50000 149994 -5.59401
50000 40000 149994 -5.95275
55000 40000 149995 -4.78673
50000 45000 149994 -6.3522
55000 45000 149996 -3.5434
55000 40000 149995 -4.78673
60000 40000 149997 -2.54049
55000 45000 149996 -3.5434
60000 45000 149996 -3.78333
50000 45000 149994 -6.3522
55000 45000 149996 -3.5434
50000 50000 149994 -5.59401
55000 50000 149996 -4.18723
55000 45000 149996 -3.5434
60000 45000 149996 -3.78333
55000 50000 149996 -4.18723
60000 50000 149998 -2.01731
60000 40000 149997 -2.54049
65000 40000 150000 0.175615
60000 45000 149996 -3.78333
65000 45000 150000 0.304597
65000 40000 150000 0.175615
70000 40000 150002 2.34978
65000 45000 150000 0.304597
70000 45000 150004 3.97128
60000 45000 149996 -3.78333
65000 45000 150000 0.304597
60000 50000 149998 -2.01731
65000 50000 150001 0.521189
65000 45000 150000 0.304597
70000 45000 150004 3.97128
65000 50000 150001 0.521189
70000 50000 150003 2.87326
70000 40000 150002 2.34978
75000 40000 150008 7.8796
70000 45000 150004 3.97128
75000 45000 150006 5.92999
75000 40000 150008 7.8796
80000 40000 150008 8.0093
75000 45000 150006 5.92999
80000 45000 150010 9.6651
70000 45000 150004 3.97128
75000 45000 150006 5.92999
70000 50000 150003 2.87326
75000 50000 150005 4.9294
75000 45000 150006 5.92999
80000 45000 150010 9.6651
75000 50000 150005 4.9294
80000 50000 150009 9.48279
0 50000 149990 -9.68901
5000 50000 149991 -9.34151
0 55000 149991 -9.46544
5000 55000 149991 -9.37714
5000 50000 149991 -9.34151
10000 50000 149990 -9.60215
5000 55000 149991 -9.37714
10000 55000 149990 -9.63862
0 55000 149991 -9.46544
5000 55000 149991 -9.37714
0 60000 149991 -9.27791
5000 60000 149992 -8.11196
5000 55000 149991 -9.37714
10000 55000 149990 -9.63862
5000 60000 149992 -8.11196
10000 60000 149992 -8.08489
10000 50000 149990 -9.60215
15000 50000 149991 -8.80884
10000 55000 149990 -9.63862
15000 55000 149990 -9.63862
15000 50000 149991 -8.80884
20000 50000 149991 -9.12655
15000 55000 149990 -9.63862
20000 55000 149990 -9.63861
10000 55000 149990 -9.63862
15000 55000 149990 -9.63862
10000 60000 149992 -8.08489
15000 60000 149991 -9.21121
15000 55000 149990 -9.63862
20000 55000 149990 -9.63861
15000 60000 149991 -9.21121
20000 60000 149991 -8.77211
20000 50000 149991 -9.12655
25000 50000 149991 -8.68576
20000 55000 149990 -9.63861
25000 55000 149991 -9.37258
25000 50000 149991 -8.68576
30000 50000 149992 -8.31257
25000 55000 149991 -9.37258
30000 55000 149991 -8.65276
20000 55000 149990 -9.63861
25000 55000 149991 -9.37258
20000 60000 149991 -8.77211
25000 60000 149991 -9.12423
25000 55000 149991 -9.37258
30000 55000 149991 -8.65276
25000 60000 149991 -9.12423
30000 60000 149991 -9.49856
30000 50000 149992 -8.31257
35000 50000 149992 -7.81508
30000 55000 149991 -8.65276
35000 55000 149992 -7.6482
35000 50000 149992 -7.81508
40000 50000 149992 -7.60795
35000 55000 149992 -7.6482
40000 55000 149993 -6.81783
30000 55000 149991 -8.65276
35000 55000 149992 -7.6482
30000 60000 149991 -9.49856
35000 60000 149990 -9.53963
35000 55000 149992 -7.6482
40000 55000 149993 -6.81783
35000 60000 149990 -9.53963
40000 60000 149991 -8.74741
40000 50000 149992 -7.60795
45000 50000 149994 -5.55288
40000 55000 149993 -6.81783
45000 55000 149994 -6.27408
45000 50000 149994 -5.55288
50000 50000 149994 -5.59401
45000 55000 149994 -6.27408
50000 55000 149994 -5.92972
40000 55000 149993 -6.81783
45000 55000 149994 -6.27408
40000 60000 149991 -8.74741
45000 60000 149993 -7.28043
45000 55000 149994 -6.27408
50000 55000 149994 -5.92972
45000 60000 149993 -7.28043
50000 60000 149993 -7.47808
50000 50000 149994 -5.59401
55000 50000 149996 -4.18723
50000 55000 149994 -5.92972
55000 55000 149995 -4.7429
55000 50000 149996 -4.18723
60000 50000 149998 -2.01731
55000 55000 149995 -4.7429
60000 55000 149998 -2.32747
50000 55000 149994 -5.92972
55000 55000 149995 -4.7429
50000 60000 149993 -7.47808
55000 60000 149995 -5.43323
55000 55000 149995 -4.7429
60000 55000 149998 -2.32747
55000 60000 149995 -5.43323
60000 60000 149995 -4.60861
60000 50000 149998 -2.01731
65000 50000 150001 0.521189
60000 55000 149998 -2.32747
65000 55000 150000 -0.378908
65000 50000 150001 0.521189
70000 50000 150003 2.87326
65000 55000 150000 -0.378908
70000 55000 149999 -1.07517
60000 55000 149998 -2.32747
65000 55000 150000 -0.378908
60000 60000 149995 -4.60861
65000 60000 149996 -4.02835
65000 55000 150000 -0.378908
70000 55000 149999 -1.07517
65000 60000 149996 -4.02835
70000 60000 150000 -0.0321056
70000 50000 150003 2.87326
75000 50000 150005 4.9294
70000 55000 149999 -1.07517
75000 55000 150005 4.7699
75000 50000 150005 4.9294
80000 50000 150009 9.48279
75000 55000 150005 4.7699
80000 55000 150006 5.66217
70000 55000 149999 -1.07517
75000 55000 150005 4.7699
70000 60000 150000 -0.0321056
75000 60000 150004 3.67407
75000 55000 150005 4.7699
80000 55000 150006 5.66217
75000 60000 150004 3.67407
80000 60000 150008 7.84377
0 60000 149991 -9.27791
5000 60000 149992 -8.11196
0 65000 149991 -8.94505
5000 65000 149991 -8.68828
5000 60000 149992 -8.11196
10000 60000 149992 -8.08489
5000 65000 149991 -8.68828
10000 65000 149991 -9.25937
0 65000 149991 -8.94505
5000 65000 149991 -8.68828
0 70000 149991 -8.94248
5000 70000 149991 -8.7768
5000 65000 149991 -8.68828
10000 65000 149991 -9.25937
5000 70000 149991 -8.7768
10000 70000 149991 -9.13837
10000 60000 149992 -8.08489
15000 60000 149991 -9.21121
10000 65000 149991 -9.25937
15000 65000 149991 -9.33569
15000 60000 149991 -9.21121
20000 60000 149991 -8.77211
15000 65000 149991 -9.33569
20000 65000 149991 -9.42959
10000 65000 149991 -9.25937
15000 65000 149991 -9.33569
10000 70000 149991 -9.13837
15000 70000 149990 -9.60925
15000 65000 149991 -9.33569
20000 65000 149991 -9.42959
15000 70000 149990 -9.60925
20000 70000 149991 -8.87259
20000 60000 149991 -8.77211
25000 60000 149991 -9.12423
20000 65000 149991 -9.42959
25000 65000 149990 -9.53963
25000 60000 149991 -9.12423
30000 60000 149991 -9.49856
25000 65000 149990 -9.53963
30000 65000 149991 -9.35569
20000 65000 149991 -9.42959
25000 65000 149990 -9.53963
20000 70000 149991 -8.87259
25000 70000 149990 -9.53963
25000 65000 149990 -9.53963
30000 65000 149991 -9.35569
25000 70000 149990 -9.53963
30000 70000 149990 -9.53963
30000 60000 149991 -9.49856
35000 60000 149990 -9.53963
30000 65000 149991 -9.35569
35000 65000 149991 -9.48093
35000 60000 149990 -9.53963
40000 60000 149991 -8.74741
35000 65000 149991 -9.48093
40000 65000 149991 -8.53586
30000 65000 149991 -9.35569
35000 65000 149991 -9.48093
30000 70000 149990 -9.53963
35000 70000 149991 -9.12762
35000 65000 149991 -9.48093
40000 65000 149991 -8.53586
35000 70000 149991 -9.12762
40000 70000 149992 -8.1233
40000 60000 149991 -8.74741
45000 60000 149993 -7.28043
40000 65000 149991 -8.53586
45000 65000 149991 -8.87941
45000 60000 149993 -7.28043
50000 60000 149993 -7.47808
45000 65000 149991 -8.87941
50000 65000 149993 -6.87799
40000 65000 149991 -8.53586
45000 65000 149991 -8.87941
40000 70000 149992 -8.1233
45000 70000 149992 -7.91345
45000 65000 149991 -8.87941
50000 65000 149993 -6.87799
45000 70000 149992 -7.91345
50000 70000 149993 -6.77231
50000 60000 149993 -7.47808
55000 60000 149995 -5.43323
50000 65000 149993 -6.87799
55000 65000 149995 -5.01219
55000 60000 149995 -5.43323
60000 60000 149995 -4.60861
55000 65000 149995 -5.01219
60000 65000 149996 -4.38848
50000 65000 149993 -6.87799
55000 65000 149995 -5.01219
50000 70000 149993 -6.77231
55000 70000 149994 -6.20178
55000 65000 149995 -5.01219
60000 65000 149996 -4.38848
55000 70000 149994 -6.20178
60000 70000 149997 -2.87658
60000 60000 149995 -4.60861
65000 60000 149996 -4.02835
60000 65000 149996 -4.38848
65000 65000 149997 -2.5731
65000 60000 149996 -4.02835
70000 60000 150000 -0.0321056
65000 65000 149997 -2.5731
70000 65000 149998 -2.02504
60000 65000 149996 -4.38848
65000 65000 149997 -2.5731
60000 70000 149997 -2.87658
65000 70000 149998 -1.51924
65000 65000 149997 -2.5731
70000 65000 149998 -2.02504
65000 70000 149998 -1.51924
70000 70000 150000 -0.035473
70000 60000 150000 -0.0321056
75000 60000 150004 3.67407
70000 65000 149998 -2.02504
75000 65000 150003 2.65742
75000 60000 150004 3.67407
80000 60000 150008 7.84377
75000 65000 150003 2.65742
80000 65000 150006 6.31701
70000 65000 149998 -2.02504
75000 65000 150003 2.65742
70000 70000 150000 -0.035473
75000 70000 150003 3.22296
75000 65000 150003 2.65742
80000 65000 150006 6.31701
75000 70000 150003 3.22296
80000 70000 150006 6.34977
0 70000 149991 -8.94248
5000 70000 149991 -8.7768
0 75000 149991 -9.48238
5000 75000 149991 -9.48457
5000 70000 149991 -8.7768
10000 70000 149991 -9.13837
5000 75000 149991 -9.48457
10000 75000 149990 -9.59438
0 75000 149991 -9.48238
5000 75000 149991 -9.48457
0 80000 149991 -8.8827
5000 80000 149991 -9.2156
5000 75000 149991 -9.48457
10000 75000 149990 -9.59438
5000 80000 149991 -9.2156
10000 80000 149990 -9.94418
10000 70000 149991 -9.13837
15000 70000 149990 -9.60925
10000 75000 149990 -9.59438
15000 75000 149990 -9.77902
15000 70000 149990 -9.60925
20000 70000 149991 -8.87259
15000 75000 149990 -9.77902
20000 75000 149990 -9.83971
10000 75000 149990 -9.59438
15000 75000 149990 -9.77902
10000 80000 149990 -9.94418
15000 80000 149990 -9.77075
15000 75000 149990 -9.77902
20000 75000 149990 -9.83971
15000 80000 149990 -9.77075
20000 80000 149991 -9.49044
20000 70000 149991 -8.87259
25000 70000 149990 -9.53963
20000 75000 149990 -9.83971
25000 75000 149990 -9.83971
25000 70000 149990 -9.53963
30000 70000 149990 -9.53963
25000 75000 149990 -9.83971
30000 75000 149991 -9.16837
20000 75000 149990 -9.83971
25000 75000 149990 -9.83971
20000 80000 149991 -9.49044
25000 80000 149990 -9.83971
25000 75000 149990 -9.83971
30000 75000 149991 -9.16837
25000 80000 149990 -9.83971
30000 80000 149991 -8.98298
30000 70000 149990 -9.53963
35000 70000 149991 -9.12762
30000 75000 149991 -9.16837
35000 75000 149991 -8.68239
35000 70000 149991 -9.12762
40000 70000 149992 -8.1233
35000 75000 149991 -8.68239
40000 75000 149991 -8.92782
30000 75000 149991 -9.16837
35000 75000 149991 -8.68239
30000 80000 149991 -8.98298
35000 80000 149990 -9.56057
35000 75000 149991 -8.68239
40000 75000 149991 -8.92782
35000 80000 149990 -9.56057
40000 80000 149992 -8.15097
40000 70000 149992 -8.1233
45000 70000 149992 -7.91345
40000 75000 149991 -8.92782
45000 75000 149991 -8.55
45000 70000 149992 -7.91345
50000 70000 149993 -6.77231
45000 75000 149991 -8.55
50000 75000 149992 -8.11018
40000 75000 149991 -8.92782
45000 75000 149991 -8.55
40000 80000 149992 -8.15097
45000 80000 149992 -8.14727
45000 75000 149991 -8.55
50000 75000 149992 -8.11018
45000 80000 149992 -8.14727
50000 80000 149992 -8.22285
50000 70000 149993 -6.77231
55000 70000 149994 -6.20178
50000 75000 149992 -8.11018
55000 75000 149994 -6.26568
55000 70000 149994 -6.20178
60000 70000 149997 -2.87658
55000 75000 149994 -6.26568
60000 75000 149995 -4.64339
50000 75000 149992 -8.11018
55000 75000 149994 -6.26568
50000 80000 149992 -8.22285
55000 80000 149994 -6.12815
55000 75000 149994 -6.26568
60000 75000 149995 -4.64339
55000 80000 149994 -6.12815
60000 80000 149994 -5.90468
60000 70000 149997 -2.87658
65000 70000 149998 -1.51924
60000 75000 149995 -4.64339
65000 75000 149997 -3.14873
65000 70000 149998 -1.51924
70000 70000 150000 -0.035473
65000 75000 149997 -3.14873
70000 75000 150000 -0.24525
60000 75000 149995 -4.64339
65000 75000 149997 -3.14873
60000 80000 149994 -5.90468
65000 80000 149994 -6.09271
65000 75000 149997 -3.14873
70000 75000 150000 -0.24525
65000 80000 149994 -6.09271
70000 80000 149997 -3.32896
70000 70000 150000 -0.035473
75000 70000 150003 3.22296
70000 75000 150000 -0.24525
75000 75000 150001 0.936566
75000 70000 150003 3.22296
80000 70000 150006 6.34977
75000 75000 150001 0.936566
80000 75000 150003 3.18192
70000 75000 150000 -0.24525
75000 75000 150001 0.936566
70000 80000 149997 -3.32896
75000 80000 149999 -0.668973
75000 75000 150001 0.936566
80000 75000 150003 3.18192
75000 80000 149999 -0.668973
80000 80000 150006 6.15178
80000 0 150016 15.5873
85000 0 150018 17.7076
80000 5000 150015 14.6567
85000 5000 150018 17.7257
85000 0 150018 17.7076
90000 0 150019 18.5801
85000 5000 150018 17.7257
90000 5000 150019 19.4877
80000 5000 150015 14.6567
85000 5000 150018 17.7257
80000 10000 150013 13.0022
85000 10000 150017 16.5114
85000 5000 150018 17.7257
90000 5000 150019 19.4877
85000 10000 150017 16.5114
90000 10000 150019 18.6462
90000 0 150019 18.5801
95000 0 150018 18.2178
90000 5000 150019 19.4877
95000 5000 150019 19.0832
95000 0 150018 18.2178
100000 0 150016 16.3239
95000 5000 150019 19.0832
100000 5000 150017 17.1254
90000 5000 150019 19.4877
95000 5000 150019 19.0832
90000 10000 150019 18.6462
95000 10000 150019 19.376
95000 5000 150019 19.0832
100000 5000 150017 17.1254
95000 10000 150019 19.376
100000 10000 150018 17.6073
100000 0 150016 16.3239
105000 0 150012 11.8623
100000 5000 150017 17.1254
105000 5000 150010 10.4984
105000 0 150012 11.8623
110000 0 150002 2.43626
105000 5000 150010 10.4984
110000 5000 149999 -0.905836
100000 5000 150017 17.1254
105000 5000 150010 10.4984
100000 10000 150018 17.6073
105000 10000 150015 15.03
105000 5000 150010 10.4984
110000 5000 149999 -0.905836
105000 10000 150015 15.03
110000 10000 150008 7.91644
110000 0 150002 2.43626
115000 0 149987 -12.6543
110000 5000 149999 -0.905836
115000 5000 149983 -16.7074
115000 0 149987 -12.6543
120000 0 149976 -23.5023
115000 5000 149983 -16.7074
120000 5000 149972 -27.8328
110000 5000 149999 -0.905836
115000 5000 149983 -16.7074
110000 10000 150008 7.91644
115000 10000 149990 -9.71903
115000 5000 149983 -16.7074
120000 5000 149972 -27.8328
115000 10000 149990 -9.71903
120000 10000 149970 -30.4194
120000 0 149976 -23.5023
125000 0 149969 -30.9621
120000 5000 149972 -27.8328
125000 5000 149968 -32.3462
125000 0 149969 -30.9621
130000 0 149969 -30.6684
125000 5000 149968 -32.3462
130000 5000 149968 -32.2118
120000 5000 149972 -27.8328
125000 5000 149968 -32.3462
120000 10000 149970 -30.4194
125000 10000 149962 -37.921
125000 5000 149968 -32.3462
130000 5000 149968 -32.2118
125000 10000 149962 -37.921
130000 10000 149963 -36.5036
130000 0 149969 -30.6684
135000 0 149972 -27.8955
130000 5000 149968 -32.2118
135000 5000 149970 -30.4229
135000 0 149972 -27.8955
140000 0 149976 -23.7852
135000 5000 149970 -30.4229
140000 5000 149983 -16.9406
130000 5000 149968 -32.2118
135000 5000 149970 -30.4229
130000 10000 149963 -36.5036
135000 10000 149970 -30.3656
135000 5000 149970 -30.4229
140000 5000 149983 -16.9406
135000 10000 149970 -30.3656
140000 10000 149982 -17.6424
140000 0 149976 -23.7852
145000 0 149992 -7.63083
140000 5000 149983 -16.9406
145000 5000 149986 -13.6219
145000 0 149992 -7.63083
150000 0 149995 -4.64087
145000 5000 149986 -13.6219
150000 5000 149996 -3.53049
140000 5000 149983 -16.9406
145000 5000 149986 -13.6219
140000 10000 149982 -17.6424
145000 10000 149994 -6.28444
145000 5000 149986 -13.6219
150000 5000 149996 -3.53049
145000 10000 149994 -6.28444
150000 10000 150001 0.73982
150000 0 149995 -4.64087
155000 0 150001 1.37888
150000 5000 149996 -3.53049
155000 5000 150004 3.61205
155000 0 150001 1.37888
160000 0 150008 8.30048
155000 5000 150004 3.61205
160000 5000 150010 9.53667
150000 5000 149996 -3.53049
155000 5000 150004 3.61205
150000 10000 150001 0.73982
155000 10000 150004 4.1248
155000 5000 150004 3.61205
160000 5000 150010 9.53667
155000 10000 150004 4.1248
160000 10000 150011 11.2115
80000 10000 150013 13.0022
85000 10000 150017 16.5114
80000 15000 150013 12.5428
85000 15000 150017 16.9924
85000 10000 150017 16.5114
90000 10000 150019 18.6462
85000 15000 150017 16.9924
90000 15000 150017 16.9777
80000 15000 150013 12.5428
85000 15000 150017 16.9924
80000 20000 150015 14.5917
85000 20000 150019 19.2134
85000 15000 150017 16.9924
90000 15000 150017 16.9777
85000 20000 150019 19.2134
90000 20000 150020 19.7245
90000 10000 150019 18.6462
95000 10000 150019 19.376
90000 15000 150017 16.9777
95000 15000 150020 19.6927
95000 10000 150019 19.376
100000 10000 150018 17.6073
95000 15000 150020 19.6927
100000 15000 150020 20.0161
90000 15000 150017 16.9777
95000 15000 150020 19.6927
90000 20000 150020 19.7245
95000 20000 150020 20.1399
95000 15000 150020 19.6927
100000 15000 150020 20.0161
95000 20000 150020 20.1399
100000 20000 150019 19.0818
100000 10000 150018 17.6073
105000 10000 150015 15.03
100000 15000 150020 20.0161
105000 15000 150021 21.1231
105000 10000 150015 15.03
110000 10000 150008 7.91644
105000 15000 150021 21.1231
110000 15000 150016 15.9545
100000 15000 150020 20.0161
105000 15000 150021 21.1231
100000 20000 150019 19.0818
105000 20000 150022 22.32
105000 15000 150021 21.1231
110000 15000 150016 15.9545
105000 20000 150022 22.32
110000 20000 150023 23.2529
110000 10000 150008 7.91644
115000 10000 149990 -9.71903
110000 15000 150016 15.9545
115000 15000 149997 -3.09137
115000 10000 149990 -9.71903
120000 10000 149970 -30.4194
115000 15000 149997 -3.09137
120000 15000 149968 -31.8721
110000 15000 150016 15.9545
115000 15000 149997 -3.09137
110000 20000 150023 23.2529
115000 20000 150004 3.78958
115000 15000 149997 -3.09137
120000 15000 149968 -31.8721
115000 20000 150004 3.78958
120000 20000 149968 -31.8721
120000 10000 149970 -30.4194
125000 10000 149962 -37.921
120000 15000 149968 -31.8721
125000 15000 149947 -52.5007
125000 10000 149962 -37.921
130000 10000 149963 -36.5036
125000 15000 149947 -52.5007
130000 15000 149951 -48.6593
120000 15000 149968 -31.8721
125000 15000 149947 -52.5007
120000 20000 149968 -31.8721
125000 20000 149935 -65.2697
125000 15000 149947 -52.5007
130000 15000 149951 -48.6593
125000 20000 149935 -65.2697
130000 20000 149931 -69.0159
130000 10000 149963 -36.5036
135000 10000 149970 -30.3656
130000 15000 149951 -48.6593
135000 15000 149966 -33.9535
135000 10000 149970 -30.3656
140000 10000 149982 -17.6424
135000 15000 149966 -33.9535
140000 15000 149978 -21.6432
130000 15000 149951 -48.6593
135000 15000 149966 -33.9535
130000 20000 149931 -69.0159
135000 20000 149958 -42.3412
135000 15000 149966 -33.9535
140000 15000 149978 -21.6432
135000 20000 149958 -42.3412
140000 20000 149977 -23.1489
140000 10000 149982 -17.6424
145000 10000 149994 -6.28444
140000 15000 149978 -21.6432
145000 15000 149994 -5.57214
145000 10000 149994 -6.28444
150000 10000 150001 0.73982
145000 15000 149994 -5.57214
150000 15000 150001 1.3673
140000 15000 149978 -21.6432
145000 15000 149994 -5.57214
140000 20000 149977 -23.1489
145000 20000 149993 -6.50877
145000 15000 149994 -5.57214
150000 15000 150001 1.3673
145000 20000 149993 -6.50877
150000 20000 149990 -9.5491
150000 10000 150001 0.73982
155000 10000 150004 4.1248
150000 15000 150001 1.3673
155000 15000 150007 7.27995
155000 10000 150004 4.1248
160000 10000 150011 11.2115
155000 15000 150007 7.27995
160000 15000 150012 11.8
150000 15000 150001 1.3673
155000 15000 150007 7.27995
150000 20000 149990 -9.5491
155000 20000 150004 3.54113
155000 15000 150007 7.27995
160000 15000 150012 11.8
155000 20000 150004 3.54113
160000 20000 150011 10.5217
80000 20000 150015 14.5917
85000 20000 150019 19.2134
80000 25000 150014 13.8634
85000 25000 150019 18.6821
85000 20000 150019 19.2134
90000 20000 150020 19.7245
85000 25000 150019 18.6821
90000 25000 150019 19.4485
80000 25000 150014 13.8634
85000 25000 150019 18.6821
80000 30000 150011 11.2634
85000 30000 150016 15.7642
85000 25000 150019 18.6821
90000 25000 150019 19.4485
85000 30000 150016 15.7642
90000 30000 150020 19.9158
90000 20000 150020 19.7245
95000 20000 150020 20.1399
90000 25000 150019 19.4485
95000 25000 150021 21.4581
95000 20000 150020 20.1399
100000 20000 150019 19.0818
95000 25000 150021 21.4581
100000 25000 150023 22.5018
90000 25000 150019 19.4485
95000 25000 150021 21.4581
90000 30000 150020 19.9158
95000 30000 150021 21.0802
95000 25000 150021 21.4581
100000 25000 150023 22.5018
95000 30000 150021 21.0802
100000 30000 150023 22.6022
100000 20000 150019 19.0818
105000 20000 150022 22.32
100000 25000 150023 22.5018
105000 25000 150024 24.2473
105000 20000 150022 22.32
110000 20000 150023 23.2529
105000 25000 150024 24.2473
110000 25000 150027 26.5196
100000 25000 150023 22.5018
105000 25000 150024 24.2473
100000 30000 150023 22.6022
105000 30000 150023 22.7627
105000 25000 150024 24.2473
110000 25000 150027 26.5196
105000 30000 150023 22.7627
110000 30000 150024 24.4652
110000 20000 150023 23.2529
115000 20000 150004 3.78958
110000 25000 150027 26.5196
115000 25000 150017 16.9507
115000 20000 150004 3.78958
120000 20000 149968 -31.8721
115000 25000 150017 16.9507
120000 25000 149982 -18.2632
110000 25000 150027 26.5196
115000 25000 150017 16.9507
110000 30000 150024 24.4652
115000 30000 150023 22.7092
115000 25000 150017 16.9507
120000 25000 149982 -18.2632
115000 30000 150023 22.7092
120000 30000 149997 -2.98254
120000 20000 149968 -31.8721
125000 20000 149935 -65.2697
120000 25000 149982 -18.2632
125000 25000 149947 -53.431
125000 20000 149935 -65.2697
130000 20000 149931 -69.0159
125000 25000 149947 -53.431
130000 25000 149921 -78.5252
120000 25000 149982 -18.2632
125000 25000 149947 -53.431
120000 30000 149997 -2.98254
125000 30000 149967 -32.5254
125000 25000 149947 -53.431
130000 25000 149921 -78.5252
125000 30000 149967 -32.5254
130000 30000 149927 -73.0152
130000 20000 149931 -69.0159
135000 20000 149958 -42.3412
130000 25000 149921 -78.5252
135000 25000 149940 -59.6131
135000 20000 149958 -42.3412
140000 20000 149977 -23.1489
135000 25000 149940 -59.6131
140000 25000 149968 -32.3853
130000 25000 149921 -78.5252
135000 25000 149940 -59.6131
130000 30000 149927 -73.0152
135000 30000 149920 -79.9767
135000 25000 149940 -59.6131
140000 25000 149968 -32.3853
135000 30000 149920 -79.9767
140000 30000 149956 -43.5502
140000 20000 149977 -23.1489
145000 20000 149993 -6.50877
140000 25000 149968 -32.3853
145000 25000 149989 -11.25
145000 20000 149993 -6.50877
150000 20000 149990 -9.5491
145000 25000 149989 -11.25
150000 25000 150001 1.17073
140000 25000 149968 -32.3853
145000 25000 149989 -11.25
140000 30000 149956 -43.5502
145000 30000 149978 -21.6361
145000 25000 149989 -11.25
150000 25000 150001 1.17073
145000 30000 149978 -21.6361
150000 30000 149998 -1.75721
150000 20000 149990 -9.5491
155000 20000 150004 3.54113
150000 25000 150001 1.17073
155000 25000 150006 6.30578
155000 20000 150004 3.54113
160000 20000 150011 10.5217
155000 25000 150006 6.30578
160000 25000 150008 7.63359
150000 25000 150001 1.17073
155000 25000 150006 6.30578
150000 30000 149998 -1.75721
155000 30000 150007 7.22938
155000 25000 150006 6.30578
160000 25000 150008 7.63359
155000 30000 150007 7.22938
160000 30000 150012 11.5669
80000 30000 150011 11.2634
85000 30000 150016 15.7642
80000 35000 150012 12.3503
85000 35000 150015 15.3347
85000 30000 150016 15.7642
90000 30000 150020 19.9158
85000 35000 150015 15.3347
90000 35000 150016 16.3668
80000 35000 150012 12.3503
85000 35000 150015 15.3347
80000 40000 150008 8.0093
85000 40000 150015 15.0881
85000 35000 150015 15.3347
90000 35000 150016 16.3668
85000 40000 150015 15.0881
90000 40000 150020 19.6214
90000 30000 150020 19.9158
95000 30000 150021 21.0802
90000 35000 150016 16.3668
95000 35000 150021 21.1187
95000 30000 150021 21.0802
100000 30000 150023 22.6022
95000 35000 150021 21.1187
100000 35000 150023 22.8282
90000 35000 150016 16.3668
95000 35000 150021 21.1187
90000 40000 150020 19.6214
95000 40000 150022 22.1578
95000 35000 150021 21.1187
100000 35000 150023 22.8282
95000 40000 150022 22.1578
100000 40000 150024 24.0786
100000 30000 150023 22.6022
105000 30000 150023 22.7627
100000 35000 150023 22.8282
105000 35000 150023 23.3036
105000 30000 150023 22.7627
110000 30000 150024 24.4652
105000 35000 150023 23.3036
110000 35000 150024 24.468
100000 35000 150023 22.8282
105000 35000 150023 23.3036
100000 40000 150024 24.0786
105000 40000 150024 23.5525
105000 35000 150023 23.3036
110000 35000 150024 24.468
105000 40000 150024 23.5525
110000 40000 150023 22.8167
110000 30000 150024 24.4652
115000 30000 150023 22.7092
110000 35000 150024 24.468
115000 35000 150025 25.0605
115000 30000 150023 22.7092
120000 30000 149997 -2.98254
115000 35000 150025 25.0605
120000 35000 150012 12.1442
110000 35000 150024 24.468
115000 35000 150025 25.0605
110000 40000 150023 22.8167
115000 40000 150025 24.9638
115000 35000 150025 25.0605
120000 35000 150012 12.1442
115000 40000 150025 24.9638
120000 40000 150021 20.6276
120000 30000 149997 -2.98254
125000 30000 149967 -32.5254
120000 35000 150012 12.1442
125000 35000 149981 -18.558
125000 30000 149967 -32.5254
130000 30000 149927 -73.0152
125000 35000 149981 -18.558
130000 35000 149945 -54.5218
120000 35000 150012 12.1442
125000 35000 149981 -18.558
120000 40000 150021 20.6276
125000 40000 149998 -2.3912
125000 35000 149981 -18.558
130000 35000 149945 -54.5218
125000 40000 149998 -2.3912
130000 40000 149967 -32.8669
130000 30000 149927 -73.0152
135000 30000 149920 -79.9767
130000 35000 149945 -54.5218
135000 35000 149912 -87.9969
135000 30000 149920 -79.9767
140000 30000 149956 -43.5502
135000 35000 149912 -87.9969
140000 35000 149935 -64.6126
130000 35000 149945 -54.5218
135000 35000 149912 -87.9969
130000 40000 149967 -32.8669
135000 40000 149923 -77.4547
135000 35000 149912 -87.9969
140000 35000 149935 -64.6126
135000 40000 149923 -77.4547
140000 40000 149915 -84.7255
140000 30000 149956 -43.5502
145000 30000 149978 -21.6361
140000 35000 149935 -64.6126
145000 35000 149967 -32.6451
145000 30000 149978 -21.6361
150000 30000 149998 -1.75721
145000 35000 149967 -32.6451
150000 35000 149985 -14.8805
140000 35000 149935 -64.6126
145000 35000 149967 -32.6451
140000 40000 149915 -84.7255
145000 40000 149951 -49.4424
145000 35000 149967 -32.6451
150000 35000 149985 -14.8805
145000 40000 149951 -49.4424
150000 40000 149976 -24.3844
150000 30000 149998 -1.75721
155000 30000 150007 7.22938
150000 35000 149985 -14.8805
155000 35000 150006 5.97794
155000 30000 150007 7.22938
160000 30000 150012 11.5669
155000 35000 150006 5.97794
160000 35000 150014 14.0843
150000 35000 149985 -14.8805
155000 35000 150006 5.97794
150000 40000 149976 -24.3844
155000 40000 150003 2.96166
155000 35000 150006 5.97794
160000 35000 150014 14.0843
155000 40000 150003 2.96166
160000 40000 150002 1.72109
80000 40000 150008 8.0093
85000 40000 150015 15.0881
80000 45000 150010 9.6651
85000 45000 150014 14.4936
85000 40000 150015 15.0881
90000 40000 150020 19.6214
85000 45000 150014 14.4936
90000 45000 150020 20.4264
80000 45000 150010 9.6651
85000 45000 150014 14.4936
80000 50000 150009 9.48279
85000 50000 150012 12.3884
85000 45000 150014 14.4936
90000 45000 150020 20.4264
85000 50000 150012 12.3884
90000 50000 150017 16.7444
90000 40000 150020 19.6214
95000 40000 150022 22.1578
90000 45000 150020 20.4264
95000 45000 150021 21.1267
95000 40000 150022 22.1578
100000 40000 150024 24.0786
95000 45000 150021 21.1267
100000 45000 150022 21.6215
90000 45000 150020 20.4264
95000 45000 150021 21.1267
90000 50000 150017 16.7444
95000 50000 150023 22.5566
95000 45000 150021 21.1267
100000 45000 150022 21.6215
95000 50000 150023 22.5566
100000 50000 150024 23.5313
100000 40000 150024 24.0786
105000 40000 150024 23.5525
100000 45000 150022 21.6215
105000 45000 150024 23.5318
105000 40000 150024 23.5525
110000 40000 150023 22.8167
105000 45000 150024 23.5318
110000 45000 150023 23.1008
100000 45000 150022 21.6215
105000 45000 150024 23.5318
100000 50000 150024 23.5313
105000 50000 150023 22.9497
105000 45000 150024 23.5318
110000 45000 150023 23.1008
105000 50000 150023 22.9497
110000 50000 150024 24.1018
110000 40000 150023 22.8167
115000 40000 150025 24.9638
110000 45000 150023 23.1008
115000 45000 150022 21.9572
115000 40000 150025 24.9638
120000 40000 150021 20.6276
115000 45000 150022 21.9572
120000 45000 150022 21.9944
110000 45000 150023 23.1008
115000 45000 150022 21.9572
110000 50000 150024 24.1018
115000 50000 150023 22.7569
115000 45000 150022 21.9572
120000 45000 150022 21.9944
115000 50000 150023 22.7569
120000 50000 150016 16.1422
120000 40000 150021 20.6276
125000 40000 149998 -2.3912
120000 45000 150022 21.9944
125000 45000 149992 -8.17567
125000 40000 149998 -2.3912
130000 40000 149967 -32.8669
125000 45000 149992 -8.17567
130000 45000 149976 -24.2078
120000 45000 150022 21.9944
125000 45000 149992 -8.17567
120000 50000 150016 16.1422
125000 50000 150017 17.0407
125000 45000 149992 -8.17567
130000 45000 149976 -24.2078
125000 50000 150017 17.0407
130000 50000 149999 -0.988163
130000 40000 149967 -32.8669
135000 40000 149923 -77.4547
130000 45000 149976 -24.2078
135000 45000 149949 -50.9245
135000 40000 149923 -77.4547
140000 40000 149915 -84.7255
135000 45000 149949 -50.9245
140000 45000 149909 -90.553
130000 45000 149976 -24.2078
135000 45000 149949 -50.9245
130000 50000 149999 -0.988163
135000 50000 149968 -31.8893
135000 45000 149949 -50.9245
140000 45000 149909 -90.553
135000 50000 149968 -31.8893
140000 50000 149924 -76.0435
140000 40000 149915 -84.7255
145000 40000 149951 -49.4424
140000 45000 149909 -90.553
145000 45000 149923 -77.1674
145000 40000 149951 -49.4424
150000 40000 149976 -24.3844
145000 45000 149923 -77.1674
150000 45000 149965 -34.6656
140000 45000 149909 -90.553
145000 45000 149923 -77.1674
140000 50000 149924 -76.0435
145000 50000 149905 -94.5023
145000 45000 149923 -77.1674
150000 45000 149965 -34.6656
145000 50000 149905 -94.5023
150000 50000 149945 -55.4745
150000 40000 149976 -24.3844
155000 40000 150003 2.96166
150000 45000 149965 -34.6656
155000 45000 149978 -21.6744
155000 40000 150003 2.96166
160000 40000 150002 1.72109
155000 45000 149978 -21.6744
160000 45000 150010 10.4193
150000 45000 149965 -34.6656
155000 45000 149978 -21.6744
150000 50000 149945 -55.4745
155000 50000 149979 -20.8383
155000 45000 149978 -21.6744
160000 45000 150010 10.4193
155000 50000 149979 -20.8383
160000 50000 149992 -8.34555
80000 50000 150009 9.48279
85000 50000 150012 12.3884
80000 55000 150006 5.66217
85000 55000 150009 9.35543
85000 50000 150012 12.3884
90000 50000 150017 16.7444
85000 55000 150009 9.35543
90000 55000 150014 14.159
80000 55000 150006 5.66217
85000 55000 150009 9.35543
80000 60000 150008 7.84377
85000 60000 150011 11.1173
85000 55000 150009 9.35543
90000 55000 150014 14.159
85000 60000 150011 11.1173
90000 60000 150013 13.3272
90000 50000 150017 16.7444
95000 50000 150023 22.5566
90000 55000 150014 14.159
95000 55000 150019 19.0277
95000 50000 150023 22.5566
100000 50000 150024 23.5313
95000 55000 150019 19.0277
100000 55000 150022 22.3481
90000 55000 150014 14.159
95000 55000 150019 19.0277
90000 60000 150013 13.3272
95000 60000 150017 16.6461
95000 55000 150019 19.0277
100000 55000 150022 22.3481
95000 60000 150017 16.6461
100000 60000 150021 20.6062
100000 50000 150024 23.5313
105000 50000 150023 22.9497
100000 55000 150022 22.3481
105000 55000 150025 24.7462
105000 50000 150023 22.9497
110000 50000 150024 24.1018
105000 55000 150025 24.7462
110000 55000 150025 24.5825
100000 55000 150022 22.3481
105000 55000 150025 24.7462
100000 60000 150021 20.6062
105000 60000 150024 23.6594
105000 55000 150025 24.7462
110000 55000 150025 24.5825
105000 60000 150024 23.6594
110000 60000 150024 23.8529
110000 50000 150024 24.1018
115000 50000 150023 22.7569
110000 55000 150025 24.5825
115000 55000 150023 22.7106
115000 50000 150023 22.7569
120000 50000 150016 16.1422
115000 55000 150023 22.7106
120000 55000 150022 22.1751
110000 55000 150025 24.5825
115000 55000 150023 22.7106
110000 60000 150024 23.8529
115000 60000 150024 23.8981
115000 55000 150023 22.7106
120000 55000 150022 22.1751
115000 60000 150024 23.8981
120000 60000 150022 21.9785
120000 50000 150016 16.1422
125000 50000 150017 17.0407
120000 55000 150022 22.1751
125000 55000 150022 22.3531
125000 50000 150017 17.0407
130000 50000 149999 -0.988163
125000 55000 150022 22.3531
130000 55000 150010 10.2042
120000 55000 150022 22.1751
125000 55000 150022 22.3531
120000 60000 150022 21.9785
125000 60000 150023 22.5537
125000 55000 150022 22.3531
130000 55000 150010 10.2042
125000 60000 150023 22.5537
130000 60000 150018 17.6811
130000 50000 149999 -0.988163
135000 50000 149968 -31.8893
130000 55000 150010 10.2042
135000 55000 149982 -17.7344
135000 50000 149968 -31.8893
140000 50000 149924 -76.0435
135000 55000 149982 -17.7344
140000 55000 149953 -47.4466
130000 55000 150010 10.2042
135000 55000 149982 -17.7344
130000 60000 150018 17.6811
135000 60000 150000 -0.25216
135000 55000 149982 -17.7344
140000 55000 149953 -47.4466
135000 60000 150000 -0.25216
140000 60000 149968 -32.2183
140000 50000 149924 -76.0435
145000 50000 149905 -94.5023
140000 55000 149953 -47.4466
145000 55000 149909 -90.8256
145000 50000 149905 -94.5023
150000 50000 149945 -55.4745
145000 55000 149909 -90.8256
150000 55000 149924 -76.4293
140000 55000 149953 -47.4466
145000 55000 149909 -90.8256
140000 60000 149968 -32.2183
145000 60000 149931 -68.5133
145000 55000 149909 -90.8256
150000 55000 149924 -76.4293
145000 60000 149931 -68.5133
150000 60000 149911 -89.4337
150000 50000 149945 -55.4745
155000 50000 149979 -20.8383
150000 55000 149924 -76.4293
155000 55000 149965 -34.6948
155000 50000 149979 -20.8383
160000 50000 149992 -8.34555
155000 55000 149965 -34.6948
160000 55000 149986 -13.9335
150000 55000 149924 -76.4293
155000 55000 149965 -34.6948
150000 60000 149911 -89.4337
155000 60000 149940 -59.6837
155000 55000 149965 -34.6948
160000 55000 149986 -13.9335
155000 60000 149940 -59.6837
160000 60000 149969 -31.2233
80000 60000 150008 7.84377
85000 60000 150011 11.1173
80000 65000 150006 6.31701
85000 65000 150009 9.00818
85000 60000 150011 11.1173
90000 60000 150013 13.3272
85000 65000 150009 9.00818
90000 65000 150015 14.5935
80000 65000 150006 6.31701
85000 65000 150009 9.00818
80000 70000 150006 6.34977
85000 70000 150009 8.74916
85000 65000 150009 9.00818
90000 65000 150015 14.5935
85000 70000 150009 8.74916
90000 70000 150012 12.0853
90000 60000 150013 13.3272
95000 60000 150017 16.6461
90000 65000 150015 14.5935
95000 65000 150017 17.4889
95000 60000 150017 16.6461
100000 60000 150021 20.6062
95000 65000 150017 17.4889
100000 65000 150020 19.539
90000 65000 150015 14.5935
95000 65000 150017 17.4889
90000 70000 150012 12.0853
95000 70000 150016 15.5951
95000 65000 150017 17.4889
100000 65000 150020 19.539
95000 70000 150016 15.5951
100000 70000 150018 18.1636
100000 60000 150021 20.6062
105000 60000 150024 23.6594
100000 65000 150020 19.539
105000 65000 150024 24.0151
105000 60000 150024 23.6594
110000 60000 150024 23.8529
105000 65000 150024 24.0151
110000 65000 150024 24.4984
100000 65000 150020 19.539
105000 65000 150024 24.0151
100000 70000 150018 18.1636
105000 70000 150022 21.8918
105000 65000 150024 24.0151
110000 65000 150024 24.4984
105000 70000 150022 21.8918
110000 70000 150023 23.4185
110000 60000 150024 23.8529
115000 60000 150024 23.8981
110000 65000 150024 24.4984
115000 65000 150023 23.4708
115000 60000 150024 23.8981
120000 60000 150022 21.9785
115000 65000 150023 23.4708
120000 65000 150023 22.7823
110000 65000 150024 24.4984
115000 65000 150023 23.4708
110000 70000 150023 23.4185
115000 70000 150026 25.5779
115000 65000 150023 23.4708
120000 65000 150023 22.7823
115000 70000 150026 25.5779
120000 70000 150024 24.0538
120000 60000 150022 21.9785
125000 60000 150023 22.5537
120000 65000 150023 22.7823
125000 65000 150022 22.4964
125000 60000 150023 22.5537
130000 60000 150018 17.6811
125000 65000 150022 22.4964
130000 65000 150017 16.6269
120000 65000 150023 22.7823
125000 65000 150022 22.4964
120000 70000 150024 24.0538
125000 70000 150021 21.293
125000 65000 150022 22.4964
130000 65000 150017 16.6269
125000 70000 150021 21.293
130000 70000 150019 18.6402
130000 60000 150018 17.6811
135000 60000 150000 -0.25216
130000 65000 150017 16.6269
135000 65000 150001 0.551701
135000 60000 150000 -0.25216
140000 60000 149968 -32.2183
135000 65000 150001 0.551701
140000 65000 149983 -17.2801
130000 65000 150017 16.6269
135000 65000 150001 0.551701
130000 70000 150019 18.6402
135000 70000 150015 14.7934
135000 65000 150001 0.551701
140000 65000 149983 -17.2801
135000 70000 150015 14.7934
140000 70000 149993 -6.66533
140000 60000 149968 -32.2183
145000 60000 149931 -68.5133
140000 65000 149983 -17.2801
145000 65000 149960 -39.7401
145000 60000 149931 -68.5133
150000 60000 149911 -89.4337
145000 65000 149960 -39.7401
150000 65000 149918 -81.5021
140000 65000 149983 -17.2801
145000 65000 149960 -39.7401
140000 70000 149993 -6.66533
145000 70000 149968 -31.9519
145000 65000 149960 -39.7401
150000 65000 149918 -81.5021
145000 70000 149968 -31.9519
150000 70000 149943 -56.9967
150000 60000 149911 -89.4337
155000 60000 149940 -59.6837
150000 65000 149918 -81.5021
155000 65000 149915 -85.1494
155000 60000 149940 -59.6837
160000 60000 149969 -31.2233
155000 65000 149915 -85.1494
160000 65000 149958 -42.0755
150000 65000 149918 -81.5021
155000 65000 149915 -85.1494
150000 70000 149943 -56.9967
155000 70000 149909 -91.2922
155000 65000 149915 -85.1494
160000 65000 149958 -42.0755
155000 70000 149909 -91.2922
160000 70000 149929 -71.3215
80000 70000 150006 6.34977
85000 70000 150009 8.74916
80000 75000 150003 3.18192
85000 75000 150007 6.92822
85000 70000 150009 8.74916
90000 70000 150012 12.0853
85000 75000 150007 6.92822
90000 75000 150011 11.3461
80000 75000 150003 3.18192
85000 75000 150007 6.92822
80000 80000 150006 6.15178
85000 80000 150006 6.33203
85000 75000 150007 6.92822
90000 75000 150011 11.3461
85000 80000 150006 6.33203
90000 80000 150009 9.01752
90000 70000 150012 12.0853
95000 70000 150016 15.5951
90000 75000 150011 11.3461
95000 75000 150015 14.7512
95000 70000 150016 15.5951
100000 70000 150018 18.1636
95000 75000 150015 14.7512
100000 75000 150016 16.1421
90000 75000 150011 11.3461
95000 75000 150015 14.7512
90000 80000 150009 9.01752
95000 80000 150013 12.5677
95000 75000 150015 14.7512
100000 75000 150016 16.1421
95000 80000 150013 12.5677
100000 80000 150017 17.2035
100000 70000 150018 18.1636
105000 70000 150022 21.8918
100000 75000 150016 16.1421
105000 75000 150020 20.0246
105000 70000 150022 21.8918
110000 70000 150023 23.4185
105000 75000 150020 20.0246
110000 75000 150023 23.1999
100000 75000 150016 16.1421
105000 75000 150020 20.0246
100000 80000 150017 17.2035
105000 80000 150019 19.2816
105000 75000 150020 20.0246
110000 75000 150023 23.1999
105000 80000 150019 19.2816
110000 80000 150022 21.9194
110000 70000 150023 23.4185
115000 70000 150026 25.5779
110000 75000 150023 23.1999
115000 75000 150022 22.3547
115000 70000 150026 25.5779
120000 70000 150024 24.0538
115000 75000 150022 22.3547
120000 75000 150023 23.1521
110000 75000 150023 23.1999
115000 75000 150022 22.3547
110000 80000 150022 21.9194
115000 80000 150022 21.9274
115000 75000 150022 22.3547
120000 75000 150023 23.1521
115000 80000 150022 21.9274
120000 80000 150023 22.6749
120000 70000 150024 24.0538
125000 70000 150021 21.293
120000 75000 150023 23.1521
125000 75000 150021 21.3999
125000 70000 150021 21.293
130000 70000 150019 18.6402
125000 75000 150021 21.3999
130000 75000 150017 17.4006
120000 75000 150023 23.1521
125000 75000 150021 21.3999
120000 80000 150023 22.6749
125000 80000 150021 20.9801
125000 75000 150021 21.3999
130000 75000 150017 17.4006
125000 80000 150021 20.9801
130000 80000 150017 16.7402
130000 70000 150019 18.6402
135000 70000 150015 14.7934
130000 75000 150017 17.4006
135000 75000 150014 14.135
135000 70000 150015 14.7934
140000 70000 149993 -6.66533
135000 75000 150014 14.135
140000 75000 150004 4.01678
130000 75000 150017 17.4006
135000 75000 150014 14.135
130000 80000 150017 16.7402
135000 80000 150014 13.9591
135000 75000 150014 14.135
140000 75000 150004 4.01678
135000 80000 150014 13.9591
140000 80000 150013 12.6481
140000 70000 149993 -6.66533
145000 70000 149968 -31.9519
140000 75000 150004 4.01678
145000 75000 149983 -17.3286
145000 70000 149968 -31.9519
150000 70000 149943 -56.9967
145000 75000 149983 -17.3286
150000 75000 149967 -33.1763
140000 75000 150004 4.01678
145000 75000 149983 -17.3286
140000 80000 150013 12.6481
145000 80000 150003 3.19185
145000 75000 149983 -17.3286
150000 75000 149967 -33.1763
145000 80000 150003 3.19185
150000 80000 149976 -24.2701
150000 70000 149943 -56.9967
155000 70000 149909 -91.2922
150000 75000 149967 -33.1763
155000 75000 149921 -78.5192
155000 70000 149909 -91.2922
160000 70000 149929 -71.3215
155000 75000 149921 -78.5192
160000 75000 149906 -94.4392
150000 75000 149967 -33.1763
155000 75000 149921 -78.5192
150000 80000 149976 -24.2701
155000 80000 149946 -53.8255
155000 75000 149921 -78.5192
160000 75000 149906 -94.4392
155000 80000 149946 -53.8255
160000 80000 149905 -95.2997
0 80000 149991 -8.8827
5000 80000 149991 -9.2156
0 85000 149990 -10.1063
5000 85000 149990 -10.1918
5000 80000 149991 -9.2156
10000 80000 149990 -9.94418
5000 85000 149990 -10.1918
10000 85000 149991 -9.05228
0 85000 149990 -10.1063
5000 85000 149990 -10.1918
0 90000 149990 -10.339
5000 90000 149991 -9.45094
5000 85000 149990 -10.1918
10000 85000 149991 -9.05228
5000 90000 149991 -9.45094
10000 90000 149991 -9.01296
10000 80000 149990 -9.94418
15000 80000 149990 -9.77075
10000 85000 149991 -9.05228
15000 85000 149991 -8.66258
15000 80000 149990 -9.77075
20000 80000 149991 -9.49044
15000 85000 149991 -8.66258
20000 85000 149991 -8.65837
10000 85000 149991 -9.05228
15000 85000 149991 -8.66258
10000 90000 149991 -9.01296
15000 90000 149991 -9.39481
15000 85000 149991 -8.66258
20000 85000 149991 -8.65837
15000 90000 149991 -9.39481
20000 90000 149990 -9.62759
20000 80000 149991 -9.49044
25000 80000 149990 -9.83971
20000 85000 149991 -8.65837
25000 85000 149991 -9.19347
25000 80000 149990 -9.83971
30000 80000 149991 -8.98298
25000 85000 149991 -9.19347
30000 85000 149990 -9.83971
20000 85000 149991 -8.65837
25000 85000 149991 -9.19347
20000 90000 149990 -9.62759
25000 90000 149991 -9.40295
25000 85000 149991 -9.19347
30000 85000 149990 -9.83971
25000 90000 149991 -9.40295
30000 90000 149991 -8.97772
30000 80000 149991 -8.98298
35000 80000 149990 -9.56057
30000 85000 149990 -9.83971
35000 85000 149991 -9.39696
35000 80000 149990 -9.56057
40000 80000 149992 -8.15097
35000 85000 149991 -9.39696
40000 85000 149991 -8.95401
30000 85000 149990 -9.83971
35000 85000 149991 -9.39696
30000 90000 149991 -8.97772
35000 90000 149991 -8.91574
35000 85000 149991 -9.39696
40000 85000 149991 -8.95401
35000 90000 149991 -8.91574
40000 90000 149992 -8.13219
40000 80000 149992 -8.15097
45000 80000 149992 -8.14727
40000 85000 149991 -8.95401
45000 85000 149991 -8.69429
45000 80000 149992 -8.14727
50000 80000 149992 -8.22285
45000 85000 149991 -8.69429
50000 85000 149991 -9.08254
40000 85000 149991 -8.95401
45000 85000 149991 -8.69429
40000 90000 149992 -8.13219
45000 90000 149992 -7.7817
45000 85000 149991 -8.69429
50000 85000 149991 -9.08254
45000 90000 149992 -7.7817
50000 90000 149993 -7.22787
50000 80000 149992 -8.22285
55000 80000 149994 -6.12815
50000 85000 149991 -9.08254
55000 85000 149991 -8.63894
55000 80000 149994 -6.12815
60000 80000 149994 -5.90468
55000 85000 149991 -8.63894
60000 85000 149993 -7.41209
50000 85000 149991 -9.08254
55000 85000 149991 -8.63894
50000 90000 149993 -7.22787
55000 90000 149993 -7.0333
55000 85000 149991 -8.63894
60000 85000 149993 -7.41209
55000 90000 149993 -7.0333
60000 90000 149994 -5.62802
60000 80000 149994 -5.90468
65000 80000 149994 -6.09271
60000 85000 149993 -7.41209
65000 85000 149996 -4.04205
65000 80000 149994 -6.09271
70000 80000 149997 -3.32896
65000 85000 149996 -4.04205
70000 85000 149997 -2.77813
60000 85000 149993 -7.41209
65000 85000 149996 -4.04205
60000 90000 149994 -5.62802
65000 90000 149994 -6.1965
65000 85000 149996 -4.04205
70000 85000 149997 -2.77813
65000 90000 149994 -6.1965
70000 90000 149998 -2.21369
70000 80000 149997 -3.32896
75000 80000 149999 -0.668973
70000 85000 149997 -2.77813
75000 85000 150000 0.362055
75000 80000 149999 -0.668973
80000 80000 150006 6.15178
75000 85000 150000 0.362055
80000 85000 150002 2.30478
70000 85000 149997 -2.77813
75000 85000 150000 0.362055
70000 90000 149998 -2.21369
75000 90000 149998 -1.86292
75000 85000 150000 0.362055
80000 85000 150002 2.30478
75000 90000 149998 -1.86292
80000 90000 150004 3.64486
80000 80000 150006 6.15178
85000 80000 150006 6.33203
80000 85000 150002 2.30478
85000 85000 150007 7.15517
85000 80000 150006 6.33203
90000 80000 150009 9.01752
85000 85000 150007 7.15517
90000 85000 150007 7.47799
80000 85000 150002 2.30478
85000 85000 150007 7.15517
80000 90000 150004 3.64486
85000 90000 150007 6.83035
85000 85000 150007 7.15517
90000 85000 150007 7.47799
85000 90000 150007 6.83035
90000 90000 150008 7.74415
90000 80000 150009 9.01752
95000 80000 150013 12.5677
90000 85000 150007 7.47799
95000 85000 150011 11.4383
95000 80000 150013 12.5677
100000 80000 150017 17.2035
95000 85000 150011 11.4383
100000 85000 150013 13.141
90000 85000 150007 7.47799
95000 85000 150011 11.4383
90000 90000 150008 7.74415
95000 90000 150010 9.95333
95000 85000 150011 11.4383
100000 85000 150013 13.141
95000 90000 150010 9.95333
100000 90000 150014 13.6703
100000 80000 150017 17.2035
105000 80000 150019 19.2816
100000 85000 150013 13.141
105000 85000 150017 17.2288
105000 80000 150019 19.2816
110000 80000 150022 21.9194
105000 85000 150017 17.2288
110000 85000 150019 18.7595
100000 85000 150013 13.141
105000 85000 150017 17.2288
100000 90000 150014 13.6703
105000 90000 150016 15.824
105000 85000 150017 17.2288
110000 85000 150019 18.7595
105000 90000 150016 15.824
110000 90000 150018 17.6837
0 90000 149990 -10.339
5000 90000 149991 -9.45094
0 95000 149990 -10.1013
5000 95000 149990 -10.245
5000 90000 149991 -9.45094
10000 90000 149991 -9.01296
5000 95000 149990 -10.245
10000 95000 149990 -10.2605
0 95000 149990 -10.1013
5000 95000 149990 -10.245
0 100000 149990 -10.1576
5000 100000 149990 -10.3223
5000 95000 149990 -10.245
10000 95000 149990 -10.2605
5000 100000 149990 -10.3223
10000 100000 149990 -10.1306
10000 90000 149991 -9.01296
15000 90000 149991 -9.39481
10000 95000 149990 -10.2605
15000 95000 149990 -10.1676
15000 90000 149991 -9.39481
20000 90000 149990 -9.62759
15000 95000 149990 -10.1676
20000 95000 149991 -9.3466
10000 95000 149990 -10.2605
15000 95000 149990 -10.1676
10000 100000 149990 -10.1306
15000 100000 149990 -9.71541
15000 95000 149990 -10.1676
20000 95000 149991 -9.3466
15000 100000 149990 -9.71541
20000 100000 149990 -9.55558
20000 90000 149990 -9.62759
25000 90000 149991 -9.40295
20000 95000 149991 -9.3466
25000 95000 149990 -9.80269
25000 90000 149991 -9.40295
30000 90000 149991 -8.97772
25000 95000 149990 -9.80269
30000 95000 149990 -9.54434
20000 95000 149991 -9.3466
25000 95000 149990 -9.80269
20000 100000 149990 -9.55558
25000 100000 149990 -9.54457
25000 95000 149990 -9.80269
30000 95000 149990 -9.54434
25000 100000 149990 -9.54457
30000 100000 149991 -9.21044
30000 90000 149991 -8.97772
35000 90000 149991 -8.91574
30000 95000 149990 -9.54434
35000 95000 149991 -9.22099
35000 90000 149991 -8.91574
40000 90000 149992 -8.13219
35000 95000 149991 -9.22099
40000 95000 149991 -8.5082
30000 95000 149990 -9.54434
35000 95000 149991 -9.22099
30000 100000 149991 -9.21044
35000 100000 149991 -9.26525
35000 95000 149991 -9.22099
40000 95000 149991 -8.5082
35000 100000 149991 -9.26525
40000 100000 149990 -9.69398
40000 90000 149992 -8.13219
45000 90000 149992 -7.7817
40000 95000 149991 -8.5082
45000 95000 149991 -9.4171
45000 90000 149992 -7.7817
50000 90000 149993 -7.22787
45000 95000 149991 -9.4171
50000 95000 149991 -9.13997
40000 95000 149991 -8.5082
45000 95000 149991 -9.4171
40000 100000 149990 -9.69398
45000 100000 149991 -8.96899
45000 95000 149991 -9.4171
50000 95000 149991 -9.13997
45000 100000 149991 -8.96899
50000 100000 149992 -8.46191
50000 90000 149993 -7.22787
55000 90000 149993 -7.0333
50000 95000 149991 -9.13997
55000 95000 149992 -7.888
55000 90000 149993 -7.0333
60000 90000 149994 -5.62802
55000 95000 149992 -7.888
60000 95000 149995 -5.30444
50000 95000 149991 -9.13997
55000 95000 149992 -7.888
50000 100000 149992 -8.46191
55000 100000 149992 -7.67947
55000 95000 149992 -7.888
60000 95000 149995 -5.30444
55000 100000 149992 -7.67947
60000 100000 149994 -6.47632
60000 90000 149994 -5.62802
65000 90000 149994 -6.1965
60000 95000 149995 -5.30444
65000 95000 149995 -4.65405
65000 90000 149994 -6.1965
70000 90000 149998 -2.21369
65000 95000 149995 -4.65405
70000 95000 149998 -1.99993
60000 95000 149995 -5.30444
65000 95000 149995 -4.65405
60000 100000 149994 -6.47632
65000 100000 149993 -7.3709
65000 95000 149995 -4.65405
70000 95000 149998 -1.99993
65000 100000 149993 -7.3709
70000 100000 149994 -5.78043
70000 90000 149998 -2.21369
75000 90000 149998 -1.86292
70000 95000 149998 -1.99993
75000 95000 150000 -0.467129
75000 90000 149998 -1.86292
80000 90000 150004 3.64486
75000 95000 150000 -0.467129
80000 95000 150003 3.06198
70000 95000 149998 -1.99993
75000 95000 150000 -0.467129
70000 100000 149994 -5.78043
75000 100000 149999 -0.846987
75000 95000 150000 -0.467129
80000 95000 150003 3.06198
75000 100000 149999 -0.846987
80000 100000 149999 -0.929134
80000 90000 150004 3.64486
85000 90000 150007 6.83035
80000 95000 150003 3.06198
85000 95000 150006 6.07898
85000 90000 150007 6.83035
90000 90000 150008 7.74415
85000 95000 150006 6.07898
90000 95000 150008 8.49491
80000 95000 150003 3.06198
85000 95000 150006 6.07898
80000 100000 149999 -0.929134
85000 100000 150004 3.82851
85000 95000 150006 6.07898
90000 95000 150008 8.49491
85000 100000 150004 3.82851
90000 100000 150004 4.45828
90000 90000 150008 7.74415
95000 90000 150010 9.95333
90000 95000 150008 8.49491
95000 95000 150011 11.1007
95000 90000 150010 9.95333
100000 90000 150014 13.6703
95000 95000 150011 11.1007
100000 95000 150012 12.0491
90000 95000 150008 8.49491
95000 95000 150011 11.1007
90000 100000 150004 4.45828
95000 100000 150008 7.54817
95000 95000 150011 11.1007
100000 95000 150012 12.0491
95000 100000 150008 7.54817
100000 100000 150012 12.4831
0 100000 149990 -10.1576
5000 100000 149990 -10.3223
0 105000 149990 -10.2442
5000 105000 149989 -10.5348
5000 100000 149990 -10.3223
10000 100000 149990 -10.1306
5000 105000 149989 -10.5348
10000 105000 149990 -9.96838
0 105000 149990 -10.2442
5000 105000 149989 -10.5348
0 110000 149989 -10.6678
5000 110000 149990 -10.3061
5000 105000 149989 -10.5348
10000 105000 149990 -9.96838
5000 110000 149990 -10.3061
10000 110000 149989 -10.5937
10000 100000 149990 -10.1306
15000 100000 149990 -9.71541
10000 105000 149990 -9.96838
15000 105000 149990 -10.4478
15000 100000 149990 -9.71541
20000 100000 149990 -9.55558
15000 105000 149990 -10.4478
20000 105000 149990 -9.59583
10000 105000 149990 -9.96838
15000 105000 149990 -10.4478
10000 110000 149989 -10.5937
15000 110000 149989 -10.5983
15000 105000 149990 -10.4478
20000 105000 149990 -9.59583
15000 110000 149989 -10.5983
20000 110000 149989 -10.5076
20000 100000 149990 -9.55558
25000 100000 149990 -9.54457
20000 105000 149990 -9.59583
25000 105000 149990 -10.0388
25000 100000 149990 -9.54457
30000 100000 149991 -9.21044
25000 105000 149990 -10.0388
30000 105000 149990 -9.9032
20000 105000 149990 -9.59583
25000 105000 149990 -10.0388
20000 110000 149989 -10.5076
25000 110000 149990 -10.1008
25000 105000 149990 -10.0388
30000 105000 149990 -9.9032
25000 110000 149990 -10.1008
30000 110000 149991 -8.88673
30000 100000 149991 -9.21044
35000 100000 149991 -9.26525
30000 105000 149990 -9.9032
35000 105000 149990 -9.73901
35000 100000 149991 -9.26525
40000 100000 149990 -9.69398
35000 105000 149990 -9.73901
40000 105000 149991 -8.84206
30000 105000 149990 -9.9032
35000 105000 149990 -9.73901
30000 110000 149991 -8.88673
35000 110000 149991 -9.42559
35000 105000 149990 -9.73901
40000 105000 149991 -8.84206
35000 110000 149991 -9.42559
40000 110000 149991 -8.56318
40000 100000 149990 -9.69398
45000 100000 149991 -8.96899
40000 105000 149991 -8.84206
45000 105000 149990 -9.54733
45000 100000 149991 -8.96899
50000 100000 149992 -8.46191
45000 105000 149990 -9.54733
50000 105000 149991 -8.54905
40000 105000 149991 -8.84206
45000 105000 149990 -9.54733
40000 110000 149991 -8.56318
45000 110000 149991 -9.2639
45000 105000 149990 -9.54733
50000 105000 149991 -8.54905
45000 110000 149991 -9.2639
50000 110000 149991 -8.6924
50000 100000 149992 -8.46191
55000 100000 149992 -7.67947
50000 105000 149991 -8.54905
55000 105000 149992 -8.44007
55000 100000 149992 -7.67947
60000 100000 149994 -6.47632
55000 105000 149992 -8.44007
60000 105000 149994 -6.31666
50000 105000 149991 -8.54905
55000 105000 149992 -8.44007
50000 110000 149991 -8.6924
55000 110000 149992 -7.54463
55000 105000 149992 -8.44007
60000 105000 149994 -6.31666
55000 110000 149992 -7.54463
60000 110000 149994 -5.94734
60000 100000 149994 -6.47632
65000 100000 149993 -7.3709
60000 105000 149994 -6.31666
65000 105000 149995 -5.40452
65000 100000 149993 -7.3709
70000 100000 149994 -5.78043
65000 105000 149995 -5.40452
70000 105000 149998 -2.49
60000 105000 149994 -6.31666
65000 105000 149995 -5.40452
60000 110000 149994 -5.94734
65000 110000 149994 -6.04951
65000 105000 149995 -5.40452
70000 105000 149998 -2.49
65000 110000 149994 -6.04951
70000 110000 149997 -2.54779
70000 100000 149994 -5.78043
75000 100000 149999 -0.846987
70000 105000 149998 -2.49
75000 105000 150000 -0.118611
75000 100000 149999 -0.846987
80000 100000 149999 -0.929134
75000 105000 150000 -0.118611
80000 105000 150004 3.67925
70000 105000 149998 -2.49
75000 105000 150000 -0.118611
70000 110000 149997 -2.54779
75000 110000 150000 0.172095
75000 105000 150000 -0.118611
80000 105000 150004 3.67925
75000 110000 150000 0.172095
80000 110000 150002 2.20053
0 110000 149989 -10.6678
5000 110000 149990 -10.3061
0 115000 149991 -9.40579
5000 115000 149990 -10.3564
5000 110000 149990 -10.3061
10000 110000 149989 -10.5937
5000 115000 149990 -10.3564
10000 115000 149990 -10.4698
0 115000 149991 -9.40579
5000 115000 149990 -10.3564
0 120000 149990 -10.171
5000 120000 149989 -10.6319
5000 115000 149990 -10.3564
10000 115000 149990 -10.4698
5000 120000 149989 -10.6319
10000 120000 149989 -11.2628
10000 110000 149989 -10.5937
15000 110000 149989 -10.5983
10000 115000 149990 -10.4698
15000 115000 149991 -9.44229
15000 110000 149989 -10.5983
20000 110000 149989 -10.5076
15000 115000 149991 -9.44229
20000 115000 149990 -9.98831
10000 115000 149990 -10.4698
15000 115000 149991 -9.44229
10000 120000 149989 -11.2628
15000 120000 149989 -10.732
15000 115000 149991 -9.44229
20000 115000 149990 -9.98831
15000 120000 149989 -10.732
20000 120000 149990 -9.72839
20000 110000 149989 -10.5076
25000 110000 149990 -10.1008
20000 115000 149990 -9.98831
25000 115000 149990 -9.50559
25000 110000 149990 -10.1008
30000 110000 149991 -8.88673
25000 115000 149990 -9.50559
30000 115000 149990 -9.53754
20000 115000 149990 -9.98831
25000 115000 149990 -9.50559
20000 120000 149990 -9.72839
25000 120000 149991 -8.92211
25000 115000 149990 -9.50559
30000 115000 149990 -9.53754
25000 120000 149991 -8.92211
30000 120000 149991 -8.78503
30000 110000 149991 -8.88673
35000 110000 149991 -9.42559
30000 115000 149990 -9.53754
35000 115000 149991 -9.0127
35000 110000 149991 -9.42559
40000 110000 149991 -8.56318
35000 115000 149991 -9.0127
40000 115000 149991 -8.62769
30000 115000 149990 -9.53754
35000 115000 149991 -9.0127
30000 120000 149991 -8.78503
35000 120000 149992 -8.18937
35000 115000 149991 -9.0127
40000 115000 149991 -8.62769
35000 120000 149992 -8.18937
40000 120000 149991 -9.28277
40000 110000 149991 -8.56318
45000 110000 149991 -9.2639
40000 115000 149991 -8.62769
45000 115000 149991 -8.69268
45000 110000 149991 -9.2639
50000 110000 149991 -8.6924
45000 115000 149991 -8.69268
50000 115000 149991 -9.25947
40000 115000 149991 -8.62769
45000 115000 149991 -8.69268
40000 120000 149991 -9.28277
45000 120000 149991 -9.28276
45000 115000 149991 -8.69268
50000 115000 149991 -9.25947
45000 120000 149991 -9.28276
50000 120000 149991 -9.16095
50000 110000 149991 -8.6924
55000 110000 149992 -7.54463
50000 115000 149991 -9.25947
55000 115000 149991 -8.87319
55000 110000 149992 -7.54463
60000 110000 149994 -5.94734
55000 115000 149991 -8.87319
60000 115000 149993 -6.87386
50000 115000 149991 -9.25947
55000 115000 149991 -8.87319
50000 120000 149991 -9.16095
55000 120000 149992 -8.13751
55000 115000 149991 -8.87319
60000 115000 149993 -6.87386
55000 120000 149992 -8.13751
60000 120000 149993 -6.5137
60000 110000 149994 -5.94734
65000 110000 149994 -6.04951
60000 115000 149993 -6.87386
65000 115000 149995 -4.71509
65000 110000 149994 -6.04951
70000 110000 149997 -2.54779
65000 115000 149995 -4.71509
70000 115000 149998 -2.2425
60000 115000 149993 -6.87386
65000 115000 149995 -4.71509
60000 120000 149993 -6.5137
65000 120000 149996 -4.42435
65000 115000 149995 -4.71509
70000 115000 149998 -2.2425
65000 120000 149996 -4.42435
70000 120000 149999 -1.48705
70000 110000 149997 -2.54779
75000 110000 150000 0.172095
70000 115000 149998 -2.2425
75000 115000 149999 -0.645261
75000 110000 150000 0.172095
80000 110000 150002 2.20053
75000 115000 149999 -0.645261
80000 115000 150001 0.981598
70000 115000 149998 -2.2425
75000 115000 149999 -0.645261
70000 120000 149999 -1.48705
75000 120000 150001 0.94744
75000 115000 149999 -0.645261
80000 115000 150001 0.981598
75000 120000 150001 0.94744
80000 120000 150002 1.6788
160000 0 150008 8.30048
165000 0 150013 13.3065
160000 5000 150010 9.53667
165000 5000 150013 13.3742
165000 0 150013 13.3065
170000 0 150018 18.4575
165000 5000 150013 13.3742
170000 5000 150019 18.7138
160000 5000 150010 9.53667
165000 5000 150013 13.3742
160000 10000 150011 11.2115
165000 10000 150015 15.1871
165000 5000 150013 13.3742
170000 5000 150019 18.7138
165000 10000 150015 15.1871
170000 10000 150019 19.1902
170000 0 150018 18.4575
175000 0 150018 18.3782
170000 5000 150019 18.7138
175000 5000 150019 18.8489
175000 0 150018 18.3782
180000 0 150019 19.1117
175000 5000 150019 18.8489
180000 5000 150020 19.9
170000 5000 150019 18.7138
175000 5000 150019 18.8489
170000 10000 150019 19.1902
175000 10000 150021 20.93
175000 5000 150019 18.8489
180000 5000 150020 19.9
175000 10000 150021 20.93
180000 10000 150019 18.674
180000 0 150019 19.1117
185000 0 150018 17.8506
180000 5000 150020 19.9
185000 5000 150018 18.4268
185000 0 150018 17.8506
190000 0 150017 17.0783
185000 5000 150018 18.4268
190000 5000 150016 15.5052
180000 5000 150020 19.9
185000 5000 150018 18.4268
180000 10000 150019 18.674
185000 10000 150019 19.1782
185000 5000 150018 18.4268
190000 5000 150016 15.5052
185000 10000 150019 19.1782
190000 10000 150018 17.9978
190000 0 150017 17.0783
195000 0 150017 16.6677
190000 5000 150016 15.5052
195000 5000 150015 15.3735
195000 0 150017 16.6677
200000 0 150016 15.8317
195000 5000 150015 15.3735
200000 5000 150014 13.5993
190000 5000 150016 15.5052
195000 5000 150015 15.3735
190000 10000 150018 17.9978
195000 10000 150014 14.0768
195000 5000 150015 15.3735
200000 5000 150014 13.5993
195000 10000 150014 14.0768
200000 10000 150014 14.3555
200000 0 150016 15.8317
205000 0 150012 11.9709
200000 5000 150014 13.5993
205000 5000 150011 11.0939
205000 0 150012 11.9709
210000 0 150010 9.9842
205000 5000 150011 11.0939
210000 5000 150009 9.12906
200000 5000 150014 13.5993
205000 5000 150011 11.0939
200000 10000 150014 14.3555
205000 10000 150011 11.1478
205000 5000 150011 11.0939
210000 5000 150009 9.12906
205000 10000 150011 11.1478
210000 10000 150008 7.88644
210000 0 150010 9.9842
215000 0 150008 8.00179
210000 5000 150009 9.12906
215000 5000 150006 6.44697
215000 0 150008 8.00179
220000 0 150006 5.8646
215000 5000 150006 6.44697
220000 5000 150004 4.40823
210000 5000 150009 9.12906
215000 5000 150006 6.44697
210000 10000 150008 7.88644
215000 10000 150007 6.50862
215000 5000 150006 6.44697
220000 5000 150004 4.40823
215000 10000 150007 6.50862
220000 10000 150002 1.78291
220000 0 150006 5.8646
225000 0 150003 2.87485
220000 5000 150004 4.40823
225000 5000 149999 -0.688017
225000 0 150003 2.87485
230000 0 150002 1.70755
225000 5000 149999 -0.688017
230000 5000 149998 -1.8875
220000 5000 150004 4.40823
225000 5000 149999 -0.688017
220000 10000 150002 1.78291
225000 10000 150003 3.22564
225000 5000 149999 -0.688017
230000 5000 149998 -1.8875
225000 10000 150003 3.22564
230000 10000 150002 2.10332
230000 0 150002 1.70755
235000 0 150001 0.74945
230000 5000 149998 -1.8875
235000 5000 150000 -0.259818
235000 0 150001 0.74945
240000 0 150000 0.0696642
235000 5000 150000 -0.259818
240000 5000 149999 -0.582114
230000 5000 149998 -1.8875
235000 5000 150000 -0.259818
230000 10000 150002 2.10332
235000 10000 150001 0.695881
235000 5000 150000 -0.259818
240000 5000 149999 -0.582114
235000 10000 150001 0.695881
240000 10000 149996 -3.6074
160000 10000 150011 11.2115
165000 10000 150015 15.1871
160000 15000 150012 11.8
165000 15000 150016 15.7695
165000 10000 150015 15.1871
170000 10000 150019 19.1902
165000 15000 150016 15.7695
170000 15000 150020 19.7764
160000 15000 150012 11.8
165000 15000 150016 15.7695
160000 20000 150011 10.5217
165000 20000 150014 13.6536
165000 15000 150016 15.7695
170000 15000 150020 19.7764
165000 20000 150014 13.6536
170000 20000 150018 17.8042
170000 10000 150019 19.1902
175000 10000 150021 20.93
170000 15000 150020 19.7764
175000 15000 150021 20.7033
175000 10000 150021 20.93
180000 10000 150019 18.674
175000 15000 150021 20.7033
180000 15000 150021 21.3484
170000 15000 150020 19.7764
175000 15000 150021 20.7033
170000 20000 150018 17.8042
175000 20000 150021 20.6573
175000 15000 150021 20.7033
180000 15000 150021 21.3484
175000 20000 150021 20.6573
180000 20000 150022 21.636
180000 10000 150019 18.674
185000 10000 150019 19.1782
180000 15000 150021 21.3484
185000 15000 150021 20.621
185000 10000 150019 19.1782
190000 10000 150018 17.9978
185000 15000 150021 20.621
190000 15000 150018 17.9329
180000 15000 150021 21.3484
185000 15000 150021 20.621
180000 20000 150022 21.636
185000 20000 150023 22.5109
185000 15000 150021 20.621
190000 15000 150018 17.9329
185000 20000 150023 22.5109
190000 20000 150021 21.1315
190000 10000 150018 17.9978
195000 10000 150014 14.0768
190000 15000 150018 17.9329
195000 15000 150017 17.4525
195000 10000 150014 14.0768
200000 10000 150014 14.3555
195000 15000 150017 17.4525
200000 15000 150014 13.7324
190000 15000 150018 17.9329
195000 15000 150017 17.4525
190000 20000 150021 21.1315
195000 20000 150018 17.6943
195000 15000 150017 17.4525
200000 15000 150014 13.7324
195000 20000 150018 17.6943
200000 20000 150013 12.6221
200000 10000 150014 14.3555
205000 10000 150011 11.1478
200000 15000 150014 13.7324
205000 15000 150011 11.2415
205000 10000 150011 11.1478
210000 10000 150008 7.88644
205000 15000 150011 11.2415
210000 15000 150009 9.06045
200000 15000 150014 13.7324
205000 15000 150011 11.2415
200000 20000 150013 12.6221
205000 20000 150011 10.9292
205000 15000 150011 11.2415
210000 15000 150009 9.06045
205000 20000 150011 10.9292
210000 20000 150010 10.0458
210000 10000 150008 7.88644
215000 10000 150007 6.50862
210000 15000 150009 9.06045
215000 15000 150005 4.76285
215000 10000 150007 6.50862
220000 10000 150002 1.78291
215000 15000 150005 4.76285
220000 15000 150005 5.07779
210000 15000 150009 9.06045
215000 15000 150005 4.76285
210000 20000 150010 10.0458
215000 20000 150008 8.33507
215000 15000 150005 4.76285
220000 15000 150005 5.07779
215000 20000 150008 8.33507
220000 20000 150006 6.46434
220000 10000 150002 1.78291
225000 10000 150003 3.22564
220000 15000 150005 5.07779
225000 15000 150003 3.41384
225000 10000 150003 3.22564
230000 10000 150002 2.10332
225000 15000 150003 3.41384
230000 15000 150002 1.74217
220000 15000 150005 5.07779
225000 15000 150003 3.41384
220000 20000 150006 6.46434
225000 20000 150004 3.67937
225000 15000 150003 3.41384
230000 15000 150002 1.74217
225000 20000 150004 3.67937
230000 20000 150000 0.231926
230000 10000 150002 2.10332
235000 10000 150001 0.695881
230000 15000 150002 1.74217
235000 15000 150000 -0.178468
235000 10000 150001 0.695881
240000 10000 149996 -3.6074
235000 15000 150000 -0.178468
240000 15000 149998 -2.24998
230000 15000 150002 1.74217
235000 15000 150000 -0.178468
230000 20000 150000 0.231926
235000 20000 149999 -0.650999
235000 15000 150000 -0.178468
240000 15000 149998 -2.24998
235000 20000 149999 -0.650999
240000 20000 149999 -1.22659
160000 20000 150011 10.5217
165000 20000 150014 13.6536
160000 25000 150008 7.63359
165000 25000 150012 11.8754
165000 20000 150014 13.6536
170000 20000 150018 17.8042
165000 25000 150012 11.8754
170000 25000 150017 16.7642
160000 25000 150008 7.63359
165000 25000 150012 11.8754
160000 30000 150012 11.5669
165000 30000 150016 16.4015
165000 25000 150012 11.8754
170000 25000 150017 16.7642
165000 30000 150016 16.4015
170000 30000 150019 19.3981
170000 20000 150018 17.8042
175000 20000 150021 20.6573
170000 25000 150017 16.7642
175000 25000 150021 21.4855
175000 20000 150021 20.6573
180000 20000 150022 21.636
175000 25000 150021 21.4855
180000 25000 150022 21.8222
170000 25000 150017 16.7642
175000 25000 150021 21.4855
170000 30000 150019 19.3981
175000 30000 150021 21.2768
175000 25000 150021 21.4855
180000 25000 150022 21.8222
175000 30000 150021 21.2768
180000 30000 150022 22.4334
180000 20000 150022 21.636
185000 20000 150023 22.5109
180000 25000 150022 21.8222
185000 25000 150023 23.0843
185000 20000 150023 22.5109
190000 20000 150021 21.1315
185000 25000 150023 23.0843
190000 25000 150021 20.5027
180000 25000 150022 21.8222
185000 25000 150023 23.0843
180000 30000 150022 22.4334
185000 30000 150025 24.7666
185000 25000 150023 23.0843
190000 25000 150021 20.5027
185000 30000 150025 24.7666
190000 30000 150022 22.3416
190000 20000 150021 21.1315
195000 20000 150018 17.6943
190000 25000 150021 20.5027
195000 25000 150017 16.7284
195000 20000 150018 17.6943
200000 20000 150013 12.6221
195000 25000 150017 16.7284
200000 25000 150015 15.2633
190000 25000 150021 20.5027
195000 25000 150017 16.7284
190000 30000 150022 22.3416
195000 30000 150019 18.6846
195000 25000 150017 16.7284
200000 25000 150015 15.2633
195000 30000 150019 18.6846
200000 30000 150016 16.3346
200000 20000 150013 12.6221
205000 20000 150011 10.9292
200000 25000 150015 15.2633
205000 25000 150014 13.5129
205000 20000 150011 10.9292
210000 20000 150010 10.0458
205000 25000 150014 13.5129
210000 25000 150011 11.2216
200000 25000 150015 15.2633
205000 25000 150014 13.5129
200000 30000 150016 16.3346
205000 30000 150012 12.3898
205000 25000 150014 13.5129
210000 25000 150011 11.2216
205000 30000 150012 12.3898
210000 30000 150009 9.174
210000 20000 150010 10.0458
215000 20000 150008 8.33507
210000 25000 150011 11.2216
215000 25000 150009 8.56173
215000 20000 150008 8.33507
220000 20000 150006 6.46434
215000 25000 150009 8.56173
220000 25000 150007 7.03379
210000 25000 150011 11.2216
215000 25000 150009 8.56173
210000 30000 150009 9.174
215000 30000 150008 8.35701
215000 25000 150009 8.56173
220000 25000 150007 7.03379
215000 30000 150008 8.35701
220000 30000 150005 5.21467
220000 20000 150006 6.46434
225000 20000 150004 3.67937
220000 25000 150007 7.03379
225000 25000 150003 2.71443
225000 20000 150004 3.67937
230000 20000 150000 0.231926
225000 25000 150003 2.71443
230000 25000 150001 0.649595
220000 25000 150007 7.03379
225000 25000 150003 2.71443
220000 30000 150005 5.21467
225000 30000 150005 4.69849
225000 25000 150003 2.71443
230000 25000 150001 0.649595
225000 30000 150005 4.69849
230000 30000 150000 -0.0326999
230000 20000 150000 0.231926
235000 20000 149999 -0.650999
230000 25000 150001 0.649595
235000 25000 150001 0.611578
235000 20000 149999 -0.650999
240000 20000 149999 -1.22659
235000 25000 150001 0.611578
240000 25000 149999 -0.914571
230000 25000 150001 0.649595
235000 25000 150001 0.611578
230000 30000 150000 -0.0326999
235000 30000 150000 0.0728252
235000 25000 150001 0.611578
240000 25000 149999 -0.914571
235000 30000 150000 0.0728252
240000 30000 149999 -1.0511
160000 30000 150012 11.5669
165000 30000 150016 16.4015
160000 35000 150014 14.0843
165000 35000 150016 15.9572
165000 30000 150016 16.4015
170000 30000 150019 19.3981
165000 35000 150016 15.9572
170000 35000 150020 19.9932
160000 35000 150014 14.0843
165000 35000 150016 15.9572
160000 40000 150002 1.72109
165000 40000 150013 12.5143
165000 35000 150016 15.9572
170000 35000 150020 19.9932
165000 40000 150013 12.5143
170000 40000 150019 19.4263
170000 30000 150019 19.3981
175000 30000 150021 21.2768
170000 35000 150020 19.9932
175000 35000 150023 23.401
175000 30000 150021 21.2768
180000 30000 150022 22.4334
175000 35000 150023 23.401
180000 35000 150023 23.4328
170000 35000 150020 19.9932
175000 35000 150023 23.401
170000 40000 150019 19.4263
175000 40000 150021 21.2821
175000 35000 150023 23.401
180000 35000 150023 23.4328
175000 40000 150021 21.2821
180000 40000 150024 23.7416
180000 30000 150022 22.4334
185000 30000 150025 24.7666
180000 35000 150023 23.4328
185000 35000 150024 24.0312
185000 30000 150025 24.7666
190000 30000 150022 22.3416
185000 35000 150024 24.0312
190000 35000 150023 23.3554
180000 35000 150023 23.4328
185000 35000 150024 24.0312
180000 40000 150024 23.7416
185000 40000 150025 24.7231
185000 35000 150024 24.0312
190000 35000 150023 23.3554
185000 40000 150025 24.7231
190000 40000 150025 24.7786
190000 30000 150022 22.3416
195000 30000 150019 18.6846
190000 35000 150023 23.3554
195000 35000 150021 20.6433
195000 30000 150019 18.6846
200000 30000 150016 16.3346
195000 35000 150021 20.6433
200000 35000 150017 16.7721
190000 35000 150023 23.3554
195000 35000 150021 20.6433
190000 40000 150025 24.7786
195000 40000 150021 20.7619
195000 35000 150021 20.6433
200000 35000 150017 16.7721
195000 40000 150021 20.7619
200000 40000 150020 20.1648
200000 30000 150016 16.3346
205000 30000 150012 12.3898
200000 35000 150017 16.7721
205000 35000 150016 16.1141
205000 30000 150012 12.3898
210000 30000 150009 9.174
205000 35000 150016 16.1141
210000 35000 150010 9.60019
200000 35000 150017 16.7721
205000 35000 150016 16.1141
200000 40000 150020 20.1648
205000 40000 150016 16.0009
205000 35000 150016 16.1141
210000 35000 150010 9.60019
205000 40000 150016 16.0009
210000 40000 150013 12.565
210000 30000 150009 9.174
215000 30000 150008 8.35701
210000 35000 150010 9.60019
215000 35000 150007 7.46885
215000 30000 150008 8.35701
220000 30000 150005 5.21467
215000 35000 150007 7.46885
220000 35000 150007 6.76548
210000 35000 150010 9.60019
215000 35000 150007 7.46885
210000 40000 150013 12.565
215000 40000 150009 9.28202
215000 35000 150007 7.46885
220000 35000 150007 6.76548
215000 40000 150009 9.28202
220000 40000 150006 5.66777
220000 30000 150005 5.21467
225000 30000 150005 4.69849
220000 35000 150007 6.76548
225000 35000 150005 5.02779
225000 30000 150005 4.69849
230000 30000 150000 -0.0326999
225000 35000 150005 5.02779
230000 35000 150004 3.71104
220000 35000 150007 6.76548
225000 35000 150005 5.02779
220000 40000 150006 5.66777
225000 40000 150004 3.56813
225000 35000 150005 5.02779
230000 35000 150004 3.71104
225000 40000 150004 3.56813
230000 40000 150003 2.97791
230000 30000 150000 -0.0326999
235000 30000 150000 0.0728252
230000 35000 150004 3.71104
235000 35000 150002 1.7385
235000 30000 150000 0.0728252
240000 30000 149999 -1.0511
235000 35000 150002 1.7385
240000 35000 149999 -1.23854
230000 35000 150004 3.71104
235000 35000 150002 1.7385
230000 40000 150003 2.97791
235000 40000 150000 0.249779
235000 35000 150002 1.7385
240000 35000 149999 -1.23854
235000 40000 150000 0.249779
240000 40000 149999 -1.07585
160000 40000 150002 1.72109
165000 40000 150013 12.5143
160000 45000 150010 10.4193
165000 45000 150017 16.8648
165000 40000 150013 12.5143
170000 40000 150019 19.4263
165000 45000 150017 16.8648
170000 45000 150018 18.3876
160000 45000 150010 10.4193
165000 45000 150017 16.8648
160000 50000 149992 -8.34555
165000 50000 150006 5.8306
165000 45000 150017 16.8648
170000 45000 150018 18.3876
165000 50000 150006 5.8306
170000 50000 150017 16.992
170000 40000 150019 19.4263
175000 40000 150021 21.2821
170000 45000 150018 18.3876
175000 45000 150021 20.6526
175000 40000 150021 21.2821
180000 40000 150024 23.7416
175000 45000 150021 20.6526
180000 45000 150023 23.2675
170000 45000 150018 18.3876
175000 45000 150021 20.6526
170000 50000 150017 16.992
175000 50000 150021 20.8026
175000 45000 150021 20.6526
180000 45000 150023 23.2675
175000 50000 150021 20.8026
180000 50000 150024 24.0409
180000 40000 150024 23.7416
185000 40000 150025 24.7231
180000 45000 150023 23.2675
185000 45000 150026 25.6102
185000 40000 150025 24.7231
190000 40000 150025 24.7786
185000 45000 150026 25.6102
190000 45000 150024 23.8066
180000 45000 150023 23.2675
185000 45000 150026 25.6102
180000 50000 150024 24.0409
185000 50000 150025 25.142
185000 45000 150026 25.6102
190000 45000 150024 23.8066
185000 50000 150025 25.142
190000 50000 150025 25.3776
190000 40000 150025 24.7786
195000 40000 150021 20.7619
190000 45000 150024 23.8066
195000 45000 150023 23.2277
195000 40000 150021 20.7619
200000 40000 150020 20.1648
195000 45000 150023 23.2277
200000 45000 150021 20.6834
190000 45000 150024 23.8066
195000 45000 150023 23.2277
190000 50000 150025 25.3776
195000 50000 150024 24.1499
195000 45000 150023 23.2277
200000 45000 150021 20.6834
195000 50000 150024 24.1499
200000 50000 150023 22.5688
200000 40000 150020 20.1648
205000 40000 150016 16.0009
200000 45000 150021 20.6834
205000 45000 150016 16.0378
205000 40000 150016 16.0009
210000 40000 150013 12.565
205000 45000 150016 16.0378
210000 45000 150012 12.2263
200000 45000 150021 20.6834
205000 45000 150016 16.0378
200000 50000 150023 22.5688
205000 50000 150020 19.8059
205000 45000 150016 16.0378
210000 45000 150012 12.2263
205000 50000 150020 19.8059
210000 50000 150015 14.6259
210000 40000 150013 12.565
215000 40000 150009 9.28202
210000 45000 150012 12.2263
215000 45000 150009 9.43161
215000 40000 150009 9.28202
220000 40000 150006 5.66777
215000 45000 150009 9.43161
220000 45000 150010 9.61433
210000 45000 150012 12.2263
215000 45000 150009 9.43161
210000 50000 150015 14.6259
215000 50000 150009 9.01563
215000 45000 150009 9.43161
220000 45000 150010 9.61433
215000 50000 150009 9.01563
220000 50000 150006 5.83337
220000 40000 150006 5.66777
225000 40000 150004 3.56813
220000 45000 150010 9.61433
225000 45000 150007 6.65416
225000 40000 150004 3.56813
230000 40000 150003 2.97791
225000 45000 150007 6.65416
230000 45000 150003 2.74523
220000 45000 150010 9.61433
225000 45000 150007 6.65416
220000 50000 150006 5.83337
225000 50000 150006 6.13883
225000 45000 150007 6.65416
230000 45000 150003 2.74523
225000 50000 150006 6.13883
230000 50000 150000 0.379535
230000 40000 150003 2.97791
235000 40000 150000 0.249779
230000 45000 150003 2.74523
235000 45000 150000 0.343818
235000 40000 150000 0.249779
240000 40000 149999 -1.07585
235000 45000 150000 0.343818
240000 45000 149997 -2.51121
230000 45000 150003 2.74523
235000 45000 150000 0.343818
230000 50000 150000 0.379535
235000 50000 150000 0.462664
235000 45000 150000 0.343818
240000 45000 149997 -2.51121
235000 50000 150000 0.462664
240000 50000 150000 -0.0736043
160000 50000 149992 -8.34555
165000 50000 150006 5.8306
160000 55000 149986 -13.9335
165000 55000 150008 8.40603
165000 50000 150006 5.8306
170000 50000 150017 16.992
165000 55000 150008 8.40603
170000 55000 150015 14.9665
160000 55000 149986 -13.9335
165000 55000 150008 8.40603
160000 60000 149969 -31.2233
165000 60000 150001 1.16969
165000 55000 150008 8.40603
170000 55000 150015 14.9665
165000 60000 150001 1.16969
170000 60000 150012 11.8488
170000 50000 150017 16.992
175000 50000 150021 20.8026
170000 55000 150015 14.9665
175000 55000 150019 19.0211
175000 50000 150021 20.8026
180000 50000 150024 24.0409
175000 55000 150019 19.0211
180000 55000 150023 22.9892
170000 55000 150015 14.9665
175000 55000 150019 19.0211
170000 60000 150012 11.8488
175000 60000 150023 22.7136
175000 55000 150019 19.0211
180000 55000 150023 22.9892
175000 60000 150023 22.7136
180000 60000 150024 24.3341
180000 50000 150024 24.0409
185000 50000 150025 25.142
180000 55000 150023 22.9892
185000 55000 150026 25.8449
185000 50000 150025 25.142
190000 50000 150025 25.3776
185000 55000 150026 25.8449
190000 55000 150027 27.2265
180000 55000 150023 22.9892
185000 55000 150026 25.8449
180000 60000 150024 24.3341
185000 60000 150025 24.7777
185000 55000 150026 25.8449
190000 55000 150027 27.2265
185000 60000 150025 24.7777
190000 60000 150026 25.8948
190000 50000 150025 25.3776
195000 50000 150024 24.1499
190000 55000 150027 27.2265
195000 55000 150026 25.7992
195000 50000 150024 24.1499
200000 50000 150023 22.5688
195000 55000 150026 25.7992
200000 55000 150022 21.6945
190000 55000 150027 27.2265
195000 55000 150026 25.7992
190000 60000 150026 25.8948
195000 60000 150025 25.2012
195000 55000 150026 25.7992
200000 55000 150022 21.6945
195000 60000 150025 25.2012
200000 60000 150022 22.0006
200000 50000 150023 22.5688
205000 50000 150020 19.8059
200000 55000 150022 21.6945
205000 55000 150018 17.661
205000 50000 150020 19.8059
210000 50000 150015 14.6259
205000 55000 150018 17.661
210000 55000 150013 12.7125
200000 55000 150022 21.6945
205000 55000 150018 17.661
200000 60000 150022 22.0006
205000 60000 150021 21.3753
205000 55000 150018 17.661
210000 55000 150013 12.7125
205000 60000 150021 21.3753
210000 60000 150018 18.2092
210000 50000 150015 14.6259
215000 50000 150009 9.01563
210000 55000 150013 12.7125
215000 55000 150014 13.6958
215000 50000 150009 9.01563
220000 50000 150006 5.83337
215000 55000 150014 13.6958
220000 55000 150010 10.3817
210000 55000 150013 12.7125
215000 55000 150014 13.6958
210000 60000 150018 18.2092
215000 60000 150015 15.2836
215000 55000 150014 13.6958
220000 55000 150010 10.3817
215000 60000 150015 15.2836
220000 60000 150010 10.2204
220000 50000 150006 5.83337
225000 50000 150006 6.13883
220000 55000 150010 10.3817
225000 55000 150006 5.68818
225000 50000 150006 6.13883
230000 50000 150000 0.379535
225000 55000 150006 5.68818
230000 55000 150005 4.51978
220000 55000 150010 10.3817
225000 55000 150006 5.68818
220000 60000 150010 10.2204
225000 60000 150007 7.27056
225000 55000 150006 5.68818
230000 55000 150005 4.51978
225000 60000 150007 7.27056
230000 60000 150005 4.93801
230000 50000 150000 0.379535
235000 50000 150000 0.462664
230000 55000 150005 4.51978
235000 55000 150002 1.67686
235000 50000 150000 0.462664
240000 50000 150000 -0.0736043
235000 55000 150002 1.67686
240000 55000 149999 -0.748143
230000 55000 150005 4.51978
235000 55000 150002 1.67686
230000 60000 150005 4.93801
235000 60000 150002 2.24517
235000 55000 150002 1.67686
240000 55000 149999 -0.748143
235000 60000 150002 2.24517
240000 60000 150000 -0.0872943
160000 60000 149969 -31.2233
165000 60000 150001 1.16969
160000 65000 149958 -42.0755
165000 65000 149978 -21.9293
165000 60000 150001 1.16969
170000 60000 150012 11.8488
165000 65000 149978 -21.9293
170000 65000 150011 10.9946
160000 65000 149958 -42.0755
165000 65000 149978 -21.9293
160000 70000 149929 -71.3215
165000 70000 149967 -32.8366
165000 65000 149978 -21.9293
170000 65000 150011 10.9946
165000 70000 149967 -32.8366
170000 70000 150001 1.4795
170000 60000 150012 11.8488
175000 60000 150023 22.7136
170000 65000 150011 10.9946
175000 65000 150024 24.1558
175000 60000 150023 22.7136
180000 60000 150024 24.3341
175000 65000 150024 24.1558
180000 65000 150025 25.0814
170000 65000 150011 10.9946
175000 65000 150024 24.1558
170000 70000 150001 1.4795
175000 70000 150018 17.7872
175000 65000 150024 24.1558
180000 65000 150025 25.0814
175000 70000 150018 17.7872
180000 70000 150024 24.3214
180000 60000 150024 24.3341
185000 60000 150025 24.7777
180000 65000 150025 25.0814
185000 65000 150026 25.8001
185000 60000 150025 24.7777
190000 60000 150026 25.8948
185000 65000 150026 25.8001
190000 65000 150027 26.9239
180000 65000 150025 25.0814
185000 65000 150026 25.8001
180000 70000 150024 24.3214
185000 70000 150027 26.8599
185000 65000 150026 25.8001
190000 65000 150027 26.9239
185000 70000 150027 26.8599
190000 70000 150028 27.6602
190000 60000 150026 25.8948
195000 60000 150025 25.2012
190000 65000 150027 26.9239
195000 65000 150025 24.6345
195000 60000 150025 25.2012
200000 60000 150022 22.0006
195000 65000 150025 24.6345
200000 65000 150025 25.373
190000 65000 150027 26.9239
195000 65000 150025 24.6345
190000 70000 150028 27.6602
195000 70000 150028 28.3898
195000 65000 150025 24.6345
200000 65000 150025 25.373
195000 70000 150028 28.3898
200000 70000 150027 26.6483
160000 70000 149929 -71.3215
165000 70000 149967 -32.8366
160000 75000 149906 -94.4392
165000 75000 149953 -47.0369
165000 70000 149967 -32.8366
170000 70000 150001 1.4795
165000 75000 149953 -47.0369
170000 75000 149980 -20.2767
160000 75000 149906 -94.4392
165000 75000 149953 -47.0369
160000 80000 149905 -95.2997
165000 80000 149925 -75.1891
165000 75000 149953 -47.0369
170000 75000 149980 -20.2767
165000 80000 149925 -75.1891
170000 80000 149968 -32.4328
170000 70000 150001 1.4795
175000 70000 150018 17.7872
170000 75000 149980 -20.2767
175000 75000 150010 9.69934
175000 70000 150018 17.7872
180000 70000 150024 24.3214
175000 75000 150010 9.69934
180000 75000 150026 25.868
170000 75000 149980 -20.2767
175000 75000 150010 9.69934
170000 80000 149968 -32.4328
175000 80000 150005 5.43191
175000 75000 150010 9.69934
180000 75000 150026 25.868
175000 80000 150005 5.43191
180000 80000 150026 25.5192
180000 70000 150024 24.3214
185000 70000 150027 26.8599
180000 75000 150026 25.868
185000 75000 150030 29.9738
185000 70000 150027 26.8599
190000 70000 150028 27.6602
185000 75000 150030 29.9738
190000 75000 150031 30.5001
180000 75000 150026 25.868
185000 75000 150030 29.9738
180000 80000 150026 25.5192
185000 80000 150029 29.3511
185000 75000 150030 29.9738
190000 75000 150031 30.5001
185000 80000 150029 29.3511
190000 80000 150030 30.3263
190000 70000 150028 27.6602
195000 70000 150028 28.3898
190000 75000 150031 30.5001
195000 75000 150029 28.6968
195000 70000 150028 28.3898
200000 70000 150027 26.6483
195000 75000 150029 28.6968
200000 75000 150027 26.6636
190000 75000 150031 30.5001
195000 75000 150029 28.6968
190000 80000 150030 30.3263
195000 80000 150029 29.2951
195000 75000 150029 28.6968
200000 75000 150027 26.6636
195000 80000 150029 29.2951
200000 80000 150029 28.6285
110000 80000 150022 21.9194
115000 80000 150022 21.9274
110000 85000 150019 18.7595
115000 85000 150021 20.6227
115000 80000 150022 21.9274
120000 80000 150023 22.6749
115000 85000 150021 20.6227
120000 85000 150022 22.2402
110000 85000 150019 18.7595
115000 85000 150021 20.6227
110000 90000 150018 17.6837
115000 90000 150020 19.6065
115000 85000 150021 20.6227
120000 85000 150022 22.2402
115000 90000 150020 19.6065
120000 90000 150021 20.7939
120000 80000 150023 22.6749
125000 80000 150021 20.9801
120000 85000 150022 22.2402
125000 85000 150020 19.8407
125000 80000 150021 20.9801
130000 80000 150017 16.7402
125000 85000 150020 19.8407
130000 85000 150018 18.0301
120000 85000 150022 22.2402
125000 85000 150020 19.8407
120000 90000 150021 20.7939
125000 90000 150020 20.0235
125000 85000 150020 19.8407
130000 85000 150018 18.0301
125000 90000 150020 20.0235
130000 90000 150018 17.6923
130000 80000 150017 16.7402
135000 80000 150014 13.9591
130000 85000 150018 18.0301
135000 85000 150016 15.7379
135000 80000 150014 13.9591
140000 80000 150013 12.6481
135000 85000 150016 15.7379
140000 85000 150014 13.5959
130000 85000 150018 18.0301
135000 85000 150016 15.7379
130000 90000 150018 17.6923
135000 90000 150014 14.0755
135000 85000 150016 15.7379
140000 85000 150014 13.5959
135000 90000 150014 14.0755
140000 90000 150009 9.26194
140000 80000 150013 12.6481
145000 80000 150003 3.19185
140000 85000 150014 13.5959
145000 85000 150009 8.50593
145000 80000 150003 3.19185
150000 80000 149976 -24.2701
145000 85000 150009 8.50593
150000 85000 149991 -9.47012
140000 85000 150014 13.5959
145000 85000 150009 8.50593
140000 90000 150009 9.26194
145000 90000 149999 -0.705188
145000 85000 150009 8.50593
150000 85000 149991 -9.47012
145000 90000 149999 -0.705188
150000 90000 149999 -1.04914
150000 80000 149976 -24.2701
155000 80000 149946 -53.8255
150000 85000 149991 -9.47012
155000 85000 149967 -33.3461
155000 80000 149946 -53.8255
160000 80000 149905 -95.2997
155000 85000 149967 -33.3461
160000 85000 149924 -76.1718
150000 85000 149991 -9.47012
155000 85000 149967 -33.3461
150000 90000 149999 -1.04914
155000 90000 149978 -22.0884
155000 85000 149967 -33.3461
160000 85000 149924 -76.1718
155000 90000 149978 -22.0884
160000 90000 149952 -47.7433
100000 90000 150014 13.6703
105000 90000 150016 15.824
100000 95000 150012 12.0491
105000 95000 150015 15.413
105000 90000 150016 15.824
110000 90000 150018 17.6837
105000 95000 150015 15.413
110000 95000 150019 18.6182
100000 95000 150012 12.0491
105000 95000 150015 15.413
100000 100000 150012 12.4831
105000 100000 150015 14.8909
105000 95000 150015 15.413
110000 95000 150019 18.6182
105000 100000 150015 14.8909
110000 100000 150015 15.0867
110000 90000 150018 17.6837
115000 90000 150020 19.6065
110000 95000 150019 18.6182
115000 95000 150018 18.0985
115000 90000 150020 19.6065
120000 90000 150021 20.7939
115000 95000 150018 18.0985
120000 95000 150019 19.398
110000 95000 150019 18.6182
115000 95000 150018 18.0985
110000 100000 150015 15.0867
115000 100000 150019 19.1468
115000 95000 150018 18.0985
120000 95000 150019 19.398
115000 100000 150019 19.1468
120000 100000 150019 19.0239
120000 90000 150021 20.7939
125000 90000 150020 20.0235
120000 95000 150019 19.398
125000 95000 150019 19.3545
125000 90000 150020 20.0235
130000 90000 150018 17.6923
125000 95000 150019 19.3545
130000 95000 150017 17.3771
120000 95000 150019 19.398
125000 95000 150019 19.3545
120000 100000 150019 19.0239
125000 100000 150018 18.3675
125000 95000 150019 19.3545
130000 95000 150017 17.3771
125000 100000 150018 18.3675
130000 100000 150017 16.9267
130000 90000 150018 17.6923
135000 90000 150014 14.0755
130000 95000 150017 17.3771
135000 95000 150014 13.7836
135000 90000 150014 14.0755
140000 90000 150009 9.26194
135000 95000 150014 13.7836
140000 95000 150013 13.0677
130000 95000 150017 17.3771
135000 95000 150014 13.7836
130000 100000 150017 16.9267
135000 100000 150014 13.8607
135000 95000 150014 13.7836
140000 95000 150013 13.0677
135000 100000 150014 13.8607
140000 100000 150012 11.79
140000 90000 150009 9.26194
145000 90000 149999 -0.705188
140000 95000 150013 13.0677
145000 95000 150010 10.3824
145000 90000 149999 -0.705188
150000 90000 149999 -1.04914
145000 95000 150010 10.3824
150000 95000 150003 2.90729
140000 95000 150013 13.0677
145000 95000 150010 10.3824
140000 100000 150012 11.79
145000 100000 150008 8.01954
145000 95000 150010 10.3824
150000 95000 150003 2.90729
145000 100000 150008 8.01954
150000 100000 150005 4.64631
150000 90000 149999 -1.04914
155000 90000 149978 -22.0884
150000 95000 150003 2.90729
155000 95000 149986 -13.7223
155000 90000 149978 -22.0884
160000 90000 149952 -47.7433
155000 95000 149986 -13.7223
160000 95000 149967 -33.3377
150000 95000 150003 2.90729
155000 95000 149986 -13.7223
150000 100000 150005 4.64631
155000 100000 149993 -7.11647
155000 95000 149986 -13.7223
160000 95000 149967 -33.3377
155000 100000 149993 -7.11647
160000 100000 149975 -25.2605
80000 100000 149999 -0.929134
85000 100000 150004 3.82851
80000 105000 150004 3.67925
85000 105000 150004 4.40369
85000 100000 150004 3.82851
90000 100000 150004 4.45828
85000 105000 150004 4.40369
90000 105000 150006 6.2061
80000 105000 150004 3.67925
85000 105000 150004 4.40369
80000 110000 150002 2.20053
85000 110000 150002 1.89911
85000 105000 150004 4.40369
90000 105000 150006 6.2061
85000 110000 150002 1.89911
90000 110000 150006 5.6497
90000 100000 150004 4.45828
95000 100000 150008 7.54817
90000 105000 150006 6.2061
95000 105000 150008 7.87536
95000 100000 150008 7.54817
100000 100000 150012 12.4831
95000 105000 150008 7.87536
100000 105000 150010 10.1763
90000 105000 150006 6.2061
95000 105000 150008 7.87536
90000 110000 150006 5.6497
95000 110000 150010 9.64936
95000 105000 150008 7.87536
100000 105000 150010 10.1763
95000 110000 150010 9.64936
100000 110000 150011 11.212
100000 100000 150012 12.4831
105000 100000 150015 14.8909
100000 105000 150010 10.1763
105000 105000 150013 13.1116
105000 100000 150015 14.8909
110000 100000 150015 15.0867
105000 105000 150013 13.1116
110000 105000 150016 15.7617
100000 105000 150010 10.1763
105000 105000 150013 13.1116
100000 110000 150011 11.212
105000 110000 150015 15.3295
105000 105000 150013 13.1116
110000 105000 150016 15.7617
105000 110000 150015 15.3295
110000 110000 150016 15.925
110000 100000 150015 15.0867
115000 100000 150019 19.1468
110000 105000 150016 15.7617
115000 105000 150018 17.6498
115000 100000 150019 19.1468
120000 100000 150019 19.0239
115000 105000 150018 17.6498
120000 105000 150018 18.4288
110000 105000 150016 15.7617
115000 105000 150018 17.6498
110000 110000 150016 15.925
115000 110000 150015 15.1512
115000 105000 150018 17.6498
120000 105000 150018 18.4288
115000 110000 150015 15.1512
120000 110000 150016 16.2464
120000 100000 150019 19.0239
125000 100000 150018 18.3675
120000 105000 150018 18.4288
125000 105000 150018 18.3083
125000 100000 150018 18.3675
130000 100000 150017 16.9267
125000 105000 150018 18.3083
130000 105000 150019 19.0822
120000 105000 150018 18.4288
125000 105000 150018 18.3083
120000 110000 150016 16.2464
125000 110000 150018 17.8297
125000 105000 150018 18.3083
130000 105000 150019 19.0822
125000 110000 150018 17.8297
130000 110000 150016 16.2902
130000 100000 150017 16.9267
135000 100000 150014 13.8607
130000 105000 150019 19.0822
135000 105000 150014 13.8148
135000 100000 150014 13.8607
140000 100000 150012 11.79
135000 105000 150014 13.8148
140000 105000 150009 8.95307
130000 105000 150019 19.0822
135000 105000 150014 13.8148
130000 110000 150016 16.2902
135000 110000 150015 15.422
135000 105000 150014 13.8148
140000 105000 150009 8.95307
135000 110000 150015 15.422
140000 110000 150010 9.87861
140000 100000 150012 11.79
145000 100000 150008 8.01954
140000 105000 150009 8.95307
145000 105000 150004 3.54575
145000 100000 150008 8.01954
150000 100000 150005 4.64631
145000 105000 150004 3.54575
150000 105000 150000 0.413362
140000 105000 150009 8.95307
145000 105000 150004 3.54575
140000 110000 150010 9.87861
145000 110000 150006 6.44942
145000 105000 150004 3.54575
150000 105000 150000 0.413362
145000 110000 150006 6.44942
150000 110000 149999 -1.4672
150000 100000 150005 4.64631
155000 100000 149993 -7.11647
150000 105000 150000 0.413362
155000 105000 149994 -5.65754
155000 100000 149993 -7.11647
160000 100000 149975 -25.2605
155000 105000 149994 -5.65754
160000 105000 149979 -20.5911
150000 105000 150000 0.413362
155000 105000 149994 -5.65754
150000 110000 149999 -1.4672
155000 110000 149992 -8.1712
155000 105000 149994 -5.65754
160000 105000 149979 -20.5911
155000 110000 149992 -8.1712
160000 110000 149983 -17.0492
80000 110000 150002 2.20053
85000 110000 150002 1.89911
80000 115000 150001 0.981598
85000 115000 150004 4.3067
85000 110000 150002 1.89911
90000 110000 150006 5.6497
85000 115000 150004 4.3067
90000 115000 150006 6.01854
80000 115000 150001 0.981598
85000 115000 150004 4.3067
80000 120000 150002 1.6788
85000 120000 150004 3.86414
85000 115000 150004 4.3067
90000 115000 150006 6.01854
85000 120000 150004 3.86414
90000 120000 150006 5.52599
90000 110000 150006 5.6497
95000 110000 150010 9.64936
90000 115000 150006 6.01854
95000 115000 150009 9.16656
95000 110000 150010 9.64936
100000 110000 150011 11.212
95000 115000 150009 9.16656
100000 115000 150012 12.0968
90000 115000 150006 6.01854
95000 115000 150009 9.16656
90000 120000 150006 5.52599
95000 120000 150007 6.68621
95000 115000 150009 9.16656
100000 115000 150012 12.0968
95000 120000 150007 6.68621
100000 120000 150008 8.32296
100000 110000 150011 11.212
105000 110000 150015 15.3295
100000 115000 150012 12.0968
105000 115000 150013 13.2474
105000 110000 150015 15.3295
110000 110000 150016 15.925
105000 115000 150013 13.2474
110000 115000 150015 14.9364
100000 115000 150012 12.0968
105000 115000 150013 13.2474
100000 120000 150008 8.32296
105000 120000 150013 12.6438
105000 115000 150013 13.2474
110000 115000 150015 14.9364
105000 120000 150013 12.6438
110000 120000 150016 15.7803
110000 110000 150016 15.925
115000 110000 150015 15.1512
110000 115000 150015 14.9364
115000 115000 150017 16.7541
115000 110000 150015 15.1512
120000 110000 150016 16.2464
115000 115000 150017 16.7541
120000 115000 150018 17.8548
110000 115000 150015 14.9364
115000 115000 150017 16.7541
110000 120000 150016 15.7803
115000 120000 150015 14.9261
115000 115000 150017 16.7541
120000 115000 150018 17.8548
115000 120000 150015 14.9261
120000 120000 150018 18.1053
120000 110000 150016 16.2464
125000 110000 150018 17.8297
120000 115000 150018 17.8548
125000 115000 150017 17.4672
125000 110000 150018 17.8297
130000 110000 150016 16.2902
125000 115000 150017 17.4672
130000 115000 150017 16.8775
120000 115000 150018 17.8548
125000 115000 150017 17.4672
120000 120000 150018 18.1053
125000 120000 150018 18.1375
125000 115000 150017 17.4672
130000 115000 150017 16.8775
125000 120000 150018 18.1375
130000 120000 150016 16.4892
130000 110000 150016 16.2902
135000 110000 150015 15.422
130000 115000 150017 16.8775
135000 115000 150015 14.9803
135000 110000 150015 15.422
140000 110000 150010 9.87861
135000 115000 150015 14.9803
140000 115000 150009 8.6398
130000 115000 150017 16.8775
135000 115000 150015 14.9803
130000 120000 150016 16.4892
135000 120000 150014 14.2327
135000 115000 150015 14.9803
140000 115000 150009 8.6398
135000 120000 150014 14.2327
140000 120000 150012 11.7768
140000 110000 150010 9.87861
145000 110000 150006 6.44942
140000 115000 150009 8.6398
145000 115000 150002 2.28032
145000 110000 150006 6.44942
150000 110000 149999 -1.4672
145000 115000 150002 2.28032
150000 115000 149995 -5.37822
140000 115000 150009 8.6398
145000 115000 150002 2.28032
140000 120000 150012 11.7768
145000 120000 150005 4.82358
145000 115000 150002 2.28032
150000 115000 149995 -5.37822
145000 120000 150005 4.82358
150000 120000 150000 -0.464012
150000 110000 149999 -1.4672
155000 110000 149992 -8.1712
150000 115000 149995 -5.37822
155000 115000 149984 -15.9986
155000 110000 149992 -8.1712
160000 110000 149983 -17.0492
155000 115000 149984 -15.9986
160000 115000 149975 -25.3184
150000 115000 149995 -5.37822
155000 115000 149984 -15.9986
150000 120000 150000 -0.464012
155000 120000 149993 -6.99839
155000 115000 149984 -15.9986
160000 115000 149975 -25.3184
155000 120000 149993 -6.99839
160000 120000 149986 -14.4585
240000 0 150000 0.0696642
245000 0 149998 -2.28757
240000 5000 149999 -0.582114
245000 5000 149998 -2.12302
245000 0 149998 -2.28757
250000 0 149997 -3.45049
245000 5000 149998 -2.12302
250000 5000 149995 -5.21757
240000 5000 149999 -0.582114
245000 5000 149998 -2.12302
240000 10000 149996 -3.6074
245000 10000 149996 -4.26008
245000 5000 149998 -2.12302
250000 5000 149995 -5.21757
245000 10000 149996 -4.26008
250000 10000 149996 -3.54409
250000 0 149997 -3.45049
255000 0 149995 -4.82241
250000 5000 149995 -5.21757
255000 5000 149995 -4.57702
255000 0 149995 -4.82241
260000 0 149995 -5.30169
255000 5000 149995 -4.57702
260000 5000 149993 -6.80521
250000 5000 149995 -5.21757
255000 5000 149995 -4.57702
250000 10000 149996 -3.54409
255000 10000 149995 -5.22593
255000 5000 149995 -4.57702
260000 5000 149993 -6.80521
255000 10000 149995 -5.22593
260000 10000 149995 -5.24796
260000 0 149995 -5.30169
265000 0 149993 -7.1974
260000 5000 149993 -6.80521
265000 5000 149994 -6.4176
265000 0 149993 -7.1974
270000 0 149993 -6.98714
265000 5000 149994 -6.4176
270000 5000 149993 -6.63437
260000 5000 149993 -6.80521
265000 5000 149994 -6.4176
260000 10000 149995 -5.24796
265000 10000 149993 -7.36984
265000 5000 149994 -6.4176
270000 5000 149993 -6.63437
265000 10000 149993 -7.36984
270000 10000 149993 -6.99832
270000 0 149993 -6.98714
275000 0 149992 -8.08971
270000 5000 149993 -6.63437
275000 5000 149993 -6.6278
275000 0 149992 -8.08971
280000 0 149992 -8.20101
275000 5000 149993 -6.6278
280000 5000 149992 -7.73646
270000 5000 149993 -6.63437
275000 5000 149993 -6.6278
270000 10000 149993 -6.99832
275000 10000 149993 -7.49439
275000 5000 149993 -6.6278
280000 5000 149992 -7.73646
275000 10000 149993 -7.49439
280000 10000 149992 -7.52942
280000 0 149992 -8.20101
285000 0 149992 -8.18064
280000 5000 149992 -7.73646
285000 5000 149992 -8.05692
285000 0 149992 -8.18064
290000 0 149992 -7.76899
285000 5000 149992 -8.05692
290000 5000 149993 -7.0131
280000 5000 149992 -7.73646
285000 5000 149992 -8.05692
280000 10000 149992 -7.52942
285000 10000 149992 -8.047
285000 5000 149992 -8.05692
290000 5000 149993 -7.0131
285000 10000 149992 -8.047
290000 10000 149992 -8.17465
290000 0 149992 -7.76899
295000 0 149992 -7.91994
290000 5000 149993 -7.0131
295000 5000 149992 -7.96687
295000 0 149992 -7.91994
300000 0 149992 -7.6257
295000 5000 149992 -7.96687
300000 5000 149992 -8.20059
290000 5000 149993 -7.0131
295000 5000 149992 -7.96687
290000 10000 149992 -8.17465
295000 10000 149992 -7.67074
295000 5000 149992 -7.96687
300000 5000 149992 -8.20059
295000 10000 149992 -7.67074
300000 10000 149992 -8.01734
240000 10000 149996 -3.6074
245000 10000 149996 -4.26008
240000 15000 149998 -2.24998
245000 15000 149998 -2.21353
245000 10000 149996 -4.26008
250000 10000 149996 -3.54409
245000 15000 149998 -2.21353
250000 15000 149997 -3.15281
240000 15000 149998 -2.24998
245000 15000 149998 -2.21353
240000 20000 149999 -1.22659
245000 20000 149996 -3.59611
245000 15000 149998 -2.21353
250000 15000 149997 -3.15281
245000 20000 149996 -3.59611
250000 20000 149996 -3.57549
250000 10000 149996 -3.54409
255000 10000 149995 -5.22593
250000 15000 149997 -3.15281
255000 15000 149996 -4.15212
255000 10000 149995 -5.22593
260000 10000 149995 -5.24796
255000 15000 149996 -4.15212
260000 15000 149995 -5.49762
250000 15000 149997 -3.15281
255000 15000 149996 -4.15212
250000 20000 149996 -3.57549
255000 20000 149996 -3.96657
255000 15000 149996 -4.15212
260000 15000 149995 -5.49762
255000 20000 149996 -3.96657
260000 20000 149995 -4.56871
260000 10000 149995 -5.24796
265000 10000 149993 -7.36984
260000 15000 149995 -5.49762
265000 15000 149994 -5.82102
265000 10000 149993 -7.36984
270000 10000 149993 -6.99832
265000 15000 149994 -5.82102
270000 15000 149992 -7.75583
260000 15000 149995 -5.49762
265000 15000 149994 -5.82102
260000 20000 149995 -4.56871
265000 20000 149993 -6.74098
265000 15000 149994 -5.82102
270000 15000 149992 -7.75583
265000 20000 149993 -6.74098
270000 20000 149994 -6.30936
270000 10000 149993 -6.99832
275000 10000 149993 -7.49439
270000 15000 149992 -7.75583
275000 15000 149993 -7.24846
275000 10000 149993 -7.49439
280000 10000 149992 -7.52942
275000 15000 149993 -7.24846
280000 15000 149993 -7.41479
270000 15000 149992 -7.75583
275000 15000 149993 -7.24846
270000 20000 149994 -6.30936
275000 20000 149992 -7.69377
275000 15000 149993 -7.24846
280000 15000 149993 -7.41479
275000 20000 149992 -7.69377
280000 20000 149992 -8.01447
280000 10000 149992 -7.52942
285000 10000 149992 -8.047
280000 15000 149993 -7.41479
285000 15000 149992 -8.04754
285000 10000 149992 -8.047
290000 10000 149992 -8.17465
285000 15000 149992 -8.04754
290000 15000 149992 -8.09415
280000 15000 149993 -7.41479
285000 15000 149992 -8.04754
280000 20000 149992 -8.01447
285000 20000 149992 -8.05858
285000 15000 149992 -8.04754
290000 15000 149992 -8.09415
285000 20000 149992 -8.05858
290000 20000 149992 -8.1203
290000 10000 149992 -8.17465
295000 10000 149992 -7.67074
290000 15000 149992 -8.09415
295000 15000 149992 -8.25642
295000 10000 149992 -7.67074
300000 10000 149992 -8.01734
295000 15000 149992 -8.25642
300000 15000 149992 -8.25512
290000 15000 149992 -8.09415
295000 15000 149992 -8.25642
290000 20000 149992 -8.1203
295000 20000 149992 -8.05897
295000 15000 149992 -8.25642
300000 15000 149992 -8.25512
295000 20000 149992 -8.05897
300000 20000 149992 -8.33105
240000 20000 149999 -1.22659
245000 20000 149996 -3.59611
240000 25000 149999 -0.914571
245000 25000 149998 -2.06969
245000 20000 149996 -3.59611
250000 20000 149996 -3.57549
245000 25000 149998 -2.06969
250000 25000 149995 -4.56742
240000 25000 149999 -0.914571
245000 25000 149998 -2.06969
240000 30000 149999 -1.0511
245000 30000 149997 -2.66341
245000 25000 149998 -2.06969
250000 25000 149995 -4.56742
245000 30000 149997 -2.66341
250000 30000 149996 -3.65126
250000 20000 149996 -3.57549
255000 20000 149996 -3.96657
250000 25000 149995 -4.56742
255000 25000 149996 -4.42301
255000 20000 149996 -3.96657
260000 20000 149995 -4.56871
255000 25000 149996 -4.42301
260000 25000 149994 -6.00907
250000 25000 149995 -4.56742
255000 25000 149996 -4.42301
250000 30000 149996 -3.65126
255000 30000 149995 -4.78224
255000 25000 149996 -4.42301
260000 25000 149994 -6.00907
255000 30000 149995 -4.78224
260000 30000 149995 -5.38424
260000 20000 149995 -4.56871
265000 20000 149993 -6.74098
260000 25000 149994 -6.00907
265000 25000 149994 -5.96115
265000 20000 149993 -6.74098
270000 20000 149994 -6.30936
265000 25000 149994 -5.96115
270000 25000 149993 -6.63325
260000 25000 149994 -6.00907
265000 25000 149994 -5.96115
260000 30000 149995 -5.38424
265000 30000 149995 -5.27351
265000 25000 149994 -5.96115
270000 25000 149993 -6.63325
265000 30000 149995 -5.27351
270000 30000 149994 -5.84766
270000 20000 149994 -6.30936
275000 20000 149992 -7.69377
270000 25000 149993 -6.63325
275000 25000 149994 -6.44449
275000 20000 149992 -7.69377
280000 20000 149992 -8.01447
275000 25000 149994 -6.44449
280000 25000 149993 -6.74368
270000 25000 149993 -6.63325
275000 25000 149994 -6.44449
270000 30000 149994 -5.84766
275000 30000 149994 -6.40225
275000 25000 149994 -6.44449
280000 25000 149993 -6.74368
275000 30000 149994 -6.40225
280000 30000 149993 -7.18389
280000 20000 149992 -8.01447
285000 20000 149992 -8.05858
280000 25000 149993 -6.74368
285000 25000 149992 -8.06752
285000 20000 149992 -8.05858
290000 20000 149992 -8.1203
285000 25000 149992 -8.06752
290000 25000 149992 -7.94823
280000 25000 149993 -6.74368
285000 25000 149992 -8.06752
280000 30000 149993 -7.18389
285000 30000 149992 -8.09763
285000 25000 149992 -8.06752
290000 25000 149992 -7.94823
285000 30000 149992 -8.09763
290000 30000 149992 -8.16305
290000 20000 149992 -8.1203
295000 20000 149992 -8.05897
290000 25000 149992 -7.94823
295000 25000 149992 -7.94864
295000 20000 149992 -8.05897
300000 20000 149992 -8.33105
295000 25000 149992 -7.94864
300000 25000 149992 -8.27426
290000 25000 149992 -7.94823
295000 25000 149992 -7.94864
290000 30000 149992 -8.16305
295000 30000 149992 -8.41128
295000 25000 149992 -7.94864
300000 25000 149992 -8.27426
295000 30000 149992 -8.41128
300000 30000 149991 -8.5994
240000 30000 149999 -1.0511
245000 30000 149997 -2.66341
240000 35000 149999 -1.23854
245000 35000 149998 -2.2031
245000 30000 149997 -2.66341
250000 30000 149996 -3.65126
245000 35000 149998 -2.2031
250000 35000 149997 -2.86065
240000 35000 149999 -1.23854
245000 35000 149998 -2.2031
240000 40000 149999 -1.07585
245000 40000 149997 -2.50438
245000 35000 149998 -2.2031
250000 35000 149997 -2.86065
245000 40000 149997 -2.50438
250000 40000 149997 -2.50785
250000 30000 149996 -3.65126
255000 30000 149995 -4.78224
250000 35000 149997 -2.86065
255000 35000 149996 -4.38317
255000 30000 149995 -4.78224
260000 30000 149995 -5.38424
255000 35000 149996 -4.38317
260000 35000 149994 -5.91183
250000 35000 149997 -2.86065
255000 35000 149996 -4.38317
250000 40000 149997 -2.50785
255000 40000 149997 -3.393
255000 35000 149996 -4.38317
260000 35000 149994 -5.91183
255000 40000 149997 -3.393
260000 40000 149996 -4.32915
260000 30000 149995 -5.38424
265000 30000 149995 -5.27351
260000 35000 149994 -5.91183
265000 35000 149994 -6.30604
265000 30000 149995 -5.27351
270000 30000 149994 -5.84766
265000 35000 149994 -6.30604
270000 35000 149993 -7.17371
260000 35000 149994 -5.91183
265000 35000 149994 -6.30604
260000 40000 149996 -4.32915
265000 40000 149994 -5.85588
265000 35000 149994 -6.30604
270000 35000 149993 -7.17371
265000 40000 149994 -5.85588
270000 40000 149994 -6.22013
270000 30000 149994 -5.84766
275000 30000 149994 -6.40225
270000 35000 149993 -7.17371
275000 35000 149993 -6.68351
275000 30000 149994 -6.40225
280000 30000 149993 -7.18389
275000 35000 149993 -6.68351
280000 35000 149993 -6.85912
270000 35000 149993 -7.17371
275000 35000 149993 -6.68351
270000 40000 149994 -6.22013
275000 40000 149994 -5.92057
275000 35000 149993 -6.68351
280000 35000 149993 -6.85912
275000 40000 149994 -5.92057
280000 40000 149993 -6.90823
280000 30000 149993 -7.18389
285000 30000 149992 -8.09763
280000 35000 149993 -6.85912
285000 35000 149992 -7.58146
285000 30000 149992 -8.09763
290000 30000 149992 -8.16305
285000 35000 149992 -7.58146
290000 35000 149992 -7.58745
280000 35000 149993 -6.85912
285000 35000 149992 -7.58146
280000 40000 149993 -6.90823
285000 40000 149993 -7.14195
285000 35000 149992 -7.58146
290000 35000 149992 -7.58745
285000 40000 149993 -7.14195
290000 40000 149993 -6.85894
290000 30000 149992 -8.16305
295000 30000 149992 -8.41128
290000 35000 149992 -7.58745
295000 35000 149992 -7.74303
295000 30000 149992 -8.41128
300000 30000 149991 -8.5994
295000 35000 149992 -7.74303
300000 35000 149992 -7.87784
290000 35000 149992 -7.58745
295000 35000 149992 -7.74303
290000 40000 149993 -6.85894
295000 40000 149993 -7.49052
295000 35000 149992 -7.74303
300000 35000 149992 -7.87784
295000 40000 149993 -7.49052
300000 40000 149992 -8.42576
240000 40000 149999 -1.07585
245000 40000 149997 -2.50438
240000 45000 149997 -2.51121
245000 45000 149998 -2.12212
245000 40000 149997 -2.50438
250000 40000 149997 -2.50785
245000 45000 149998 -2.12212
250000 45000 149996 -4.12469
240000 45000 149997 -2.51121
245000 45000 149998 -2.12212
240000 50000 150000 -0.0736043
245000 50000 149998 -1.88165
245000 45000 149998 -2.12212
250000 45000 149996 -4.12469
245000 50000 149998 -1.88165
250000 50000 149998 -2.1477
250000 40000 149997 -2.50785
255000 40000 149997 -3.393
250000 45000 149996 -4.12469
255000 45000 149996 -4.0813
255000 40000 149997 -3.393
260000 40000 149996 -4.32915
255000 45000 149996 -4.0813
260000 45000 149994 -5.82501
250000 45000 149996 -4.12469
255000 45000 149996 -4.0813
250000 50000 149998 -2.1477
255000 50000 149997 -2.93854
255000 45000 149996 -4.0813
260000 45000 149994 -5.82501
255000 50000 149997 -2.93854
260000 50000 149996 -4.15552
260000 40000 149996 -4.32915
265000 40000 149994 -5.85588
260000 45000 149994 -5.82501
265000 45000 149994 -6.43508
265000 40000 149994 -5.85588
270000 40000 149994 -6.22013
265000 45000 149994 -6.43508
270000 45000 149993 -6.83134
260000 45000 149994 -5.82501
265000 45000 149994 -6.43508
260000 50000 149996 -4.15552
265000 50000 149995 -5.23165
265000 45000 149994 -6.43508
270000 45000 149993 -6.83134
265000 50000 149995 -5.23165
270000 50000 149994 -5.81687
270000 40000 149994 -6.22013
275000 40000 149994 -5.92057
270000 45000 149993 -6.83134
275000 45000 149994 -5.73807
275000 40000 149994 -5.92057
280000 40000 149993 -6.90823
275000 45000 149994 -5.73807
280000 45000 149993 -6.5812
270000 45000 149993 -6.83134
275000 45000 149994 -5.73807
270000 50000 149994 -5.81687
275000 50000 149993 -7.00841
275000 45000 149994 -5.73807
280000 45000 149993 -6.5812
275000 50000 149993 -7.00841
280000 50000 149993 -6.84811
280000 40000 149993 -6.90823
285000 40000 149993 -7.14195
280000 45000 149993 -6.5812
285000 45000 149992 -7.52039
285000 40000 149993 -7.14195
290000 40000 149993 -6.85894
285000 45000 149992 -7.52039
290000 45000 149992 -7.86969
280000 45000 149993 -6.5812
285000 45000 149992 -7.52039
280000 50000 149993 -6.84811
285000 50000 149993 -7.3279
285000 45000 149992 -7.52039
290000 45000 149992 -7.86969
285000 50000 149993 -7.3279
290000 50000 149993 -6.65175
290000 40000 149993 -6.85894
295000 40000 149993 -7.49052
290000 45000 149992 -7.86969
295000 45000 149992 -8.05411
295000 40000 149993 -7.49052
300000 40000 149992 -8.42576
295000 45000 149992 -8.05411
300000 45000 149993 -7.27719
290000 45000 149992 -7.86969
295000 45000 149992 -8.05411
290000 50000 149993 -6.65175
295000 50000 149993 -7.10802
295000 45000 149992 -8.05411
300000 45000 149993 -7.27719
295000 50000 149993 -7.10802
300000 50000 149992 -8.15321
240000 50000 150000 -0.0736043
245000 50000 149998 -1.88165
240000 55000 149999 -0.748143
245000 55000 149999 -1.14932
245000 50000 149998 -1.88165
250000 50000 149998 -2.1477
245000 55000 149999 -1.14932
250000 55000 149996 -3.60905
240000 55000 149999 -0.748143
245000 55000 149999 -1.14932
240000 60000 150000 -0.0872943
245000 60000 149997 -2.52756
245000 55000 149999 -1.14932
250000 55000 149996 -3.60905
245000 60000 149997 -2.52756
250000 60000 149998 -2.35351
250000 50000 149998 -2.1477
255000 50000 149997 -2.93854
250000 55000 149996 -3.60905
255000 55000 149994 -5.51484
255000 50000 149997 -2.93854
260000 50000 149996 -4.15552
255000 55000 149994 -5.51484
260000 55000 149994 -5.96111
250000 55000 149996 -3.60905
255000 55000 149994 -5.51484
250000 60000 149998 -2.35351
255000 60000 149997 -2.64938
255000 55000 149994 -5.51484
260000 55000 149994 -5.96111
255000 60000 149997 -2.64938
260000 60000 149996 -3.67073
260000 50000 149996 -4.15552
265000 50000 149995 -5.23165
260000 55000 149994 -5.96111
265000 55000 149994 -6.42766
265000 50000 149995 -5.23165
270000 50000 149994 -5.81687
265000 55000 149994 -6.42766
270000 55000 149994 -5.66992
260000 55000 149994 -5.96111
265000 55000 149994 -6.42766
260000 60000 149996 -3.67073
265000 60000 149995 -5.14687
265000 55000 149994 -6.42766
270000 55000 149994 -5.66992
265000 60000 149995 -5.14687
270000 60000 149995 -5.35979
270000 50000 149994 -5.81687
275000 50000 149993 -7.00841
270000 55000 149994 -5.66992
275000 55000 149993 -6.69273
275000 50000 149993 -7.00841
280000 50000 149993 -6.84811
275000 55000 149993 -6.69273
280000 55000 149993 -7.22196
270000 55000 149994 -5.66992
275000 55000 149993 -6.69273
270000 60000 149995 -5.35979
275000 60000 149993 -6.69853
275000 55000 149993 -6.69273
280000 55000 149993 -7.22196
275000 60000 149993 -6.69853
280000 60000 149993 -7.09555
280000 50000 149993 -6.84811
285000 50000 149993 -7.3279
280000 55000 149993 -7.22196
285000 55000 149993 -6.80305
285000 50000 149993 -7.3279
290000 50000 149993 -6.65175
285000 55000 149993 -6.80305
290000 55000 149992 -7.56388
280000 55000 149993 -7.22196
285000 55000 149993 -6.80305
280000 60000 149993 -7.09555
285000 60000 149993 -7.47952
285000 55000 149993 -6.80305
290000 55000 149992 -7.56388
285000 60000 149993 -7.47952
290000 60000 149993 -7.20966
290000 50000 149993 -6.65175
295000 50000 149993 -7.10802
290000 55000 149992 -7.56388
295000 55000 149993 -7.27493
295000 50000 149993 -7.10802
300000 50000 149992 -8.15321
295000 55000 149993 -7.27493
300000 55000 149993 -7.25417
290000 55000 149992 -7.56388
295000 55000 149993 -7.27493
290000 60000 149993 -7.20966
295000 60000 149992 -7.70015
295000 55000 149993 -7.27493
300000 55000 149993 -7.25417
295000 60000 149992 -7.70015
300000 60000 149992 -8.25422
200000 60000 150022 22.0006
205000 60000 150021 21.3753
200000 65000 150025 25.373
205000 65000 150024 23.9825
205000 60000 150021 21.3753
210000 60000 150018 18.2092
205000 65000 150024 23.9825
210000 65000 150019 19.379
200000 65000 150025 25.373
205000 65000 150024 23.9825
200000 70000 150027 26.6483
205000 70000 150023 22.7535
205000 65000 150024 23.9825
210000 65000 150019 19.379
205000 70000 150023 22.7535
210000 70000 150018 17.6509
210000 60000 150018 18.2092
215000 60000 150015 15.2836
210000 65000 150019 19.379
215000 65000 150016 15.9541
215000 60000 150015 15.2836
220000 60000 150010 10.2204
215000 65000 150016 15.9541
220000 65000 150012 12.3308
210000 65000 150019 19.379
215000 65000 150016 15.9541
210000 70000 150018 17.6509
215000 70000 150016 15.5592
215000 65000 150016 15.9541
220000 65000 150012 12.3308
215000 70000 150016 15.5592
220000 70000 150010 10.0753
220000 60000 150010 10.2204
225000 60000 150007 7.27056
220000 65000 150012 12.3308
225000 65000 150009 8.79089
225000 60000 150007 7.27056
230000 60000 150005 4.93801
225000 65000 150009 8.79089
230000 65000 150007 6.94314
220000 65000 150012 12.3308
225000 65000 150009 8.79089
220000 70000 150010 10.0753
225000 70000 150009 9.27407
225000 65000 150009 8.79089
230000 65000 150007 6.94314
225000 70000 150009 9.27407
230000 70000 150005 4.52341
230000 60000 150005 4.93801
235000 60000 150002 2.24517
230000 65000 150007 6.94314
235000 65000 150003 3.40649
235000 60000 150002 2.24517
240000 60000 150000 -0.0872943
235000 65000 150003 3.40649
240000 65000 150000 -0.425227
230000 65000 150007 6.94314
235000 65000 150003 3.40649
230000 70000 150005 4.52341
235000 70000 150002 1.96712
235000 65000 150003 3.40649
240000 65000 150000 -0.425227
235000 70000 150002 1.96712
240000 70000 150001 1.01803
240000 60000 150000 -0.0872943
245000 60000 149997 -2.52756
240000 65000 150000 -0.425227
245000 65000 149999 -0.970524
245000 60000 149997 -2.52756
250000 60000 149998 -2.35351
245000 65000 149999 -0.970524
250000 65000 149998 -1.73637
240000 65000 150000 -0.425227
245000 65000 149999 -0.970524
240000 70000 150001 1.01803
245000 70000 149998 -1.86163
245000 65000 149999 -0.970524
250000 65000 149998 -1.73637
245000 70000 149998 -1.86163
250000 70000 149999 -1.30977
250000 60000 149998 -2.35351
255000 60000 149997 -2.64938
250000 65000 149998 -1.73637
255000 65000 149996 -3.73252
255000 60000 149997 -2.64938
260000 60000 149996 -3.67073
255000 65000 149996 -3.73252
260000 65000 149995 -5.03232
250000 65000 149998 -1.73637
255000 65000 149996 -3.73252
250000 70000 149999 -1.30977
255000 70000 149996 -4.16367
255000 65000 149996 -3.73252
260000 65000 149995 -5.03232
255000 70000 149996 -4.16367
260000 70000 149996 -4.19473
260000 60000 149996 -3.67073
265000 60000 149995 -5.14687
260000 65000 149995 -5.03232
265000 65000 149994 -6.27972
265000 60000 149995 -5.14687
270000 60000 149995 -5.35979
265000 65000 149994 -6.27972
270000 65000 149993 -7.11663
260000 65000 149995 -5.03232
265000 65000 149994 -6.27972
260000 70000 149996 -4.19473
265000 70000 149995 -4.66532
265000 65000 149994 -6.27972
270000 65000 149993 -7.11663
265000 70000 149995 -4.66532
270000 70000 149994 -6.30747
270000 60000 149995 -5.35979
275000 60000 149993 -6.69853
270000 65000 149993 -7.11663
275000 65000 149993 -7.21035
275000 60000 149993 -6.69853
280000 60000 149993 -7.09555
275000 65000 149993 -7.21035
280000 65000 149993 -6.67251
270000 65000 149993 -7.11663
275000 65000 149993 -7.21035
270000 70000 149994 -6.30747
275000 70000 149993 -6.5345
275000 65000 149993 -7.21035
280000 65000 149993 -6.67251
275000 70000 149993 -6.5345
280000 70000 149993 -6.56888
280000 60000 149993 -7.09555
285000 60000 149993 -7.47952
280000 65000 149993 -6.67251
285000 65000 149993 -6.92175
285000 60000 149993 -7.47952
290000 60000 149993 -7.20966
285000 65000 149993 -6.92175
290000 65000 149993 -7.15679
280000 65000 149993 -6.67251
285000 65000 149993 -6.92175
280000 70000 149993 -6.56888
285000 70000 149994 -6.08863
285000 65000 149993 -6.92175
290000 65000 149993 -7.15679
285000 70000 149994 -6.08863
290000 70000 149993 -7.2022
290000 60000 149993 -7.20966
295000 60000 149992 -7.70015
290000 65000 149993 -7.15679
295000 65000 149992 -7.97042
295000 60000 149992 -7.70015
300000 60000 149992 -8.25422
295000 65000 149992 -7.97042
300000 65000 149992 -8.0758
290000 65000 149993 -7.15679
295000 65000 149992 -7.97042
290000 70000 149993 -7.2022
295000 70000 149993 -7.29962
295000 65000 149992 -7.97042
300000 65000 149992 -8.0758
295000 70000 149993 -7.29962
300000 70000 149992 -7.95421
200000 70000 150027 26.6483
205000 70000 150023 22.7535
200000 75000 150027 26.6636
205000 75000 150025 24.8034
205000 70000 150023 22.7535
210000 70000 150018 17.6509
205000 75000 150025 24.8034
210000 75000 150022 21.6427
200000 75000 150027 26.6636
205000 75000 150025 24.8034
200000 80000 150029 28.6285
205000 80000 150025 25.1794
205000 75000 150025 24.8034
210000 75000 150022 21.6427
205000 80000 150025 25.1794
210000 80000 150022 21.5108
210000 70000 150018 17.6509
215000 70000 150016 15.5592
210000 75000 150022 21.6427
215000 75000 150017 17.0285
215000 70000 150016 15.5592
220000 70000 150010 10.0753
215000 75000 150017 17.0285
220000 75000 150012 11.7103
210000 75000 150022 21.6427
215000 75000 150017 17.0285
210000 80000 150022 21.5108
215000 80000 150017 17.3072
215000 75000 150017 17.0285
220000 75000 150012 11.7103
215000 80000 150017 17.3072
220000 80000 150014 13.5252
220000 70000 150010 10.0753
225000 70000 150009 9.27407
220000 75000 150012 11.7103
225000 75000 150009 9.3653
225000 70000 150009 9.27407
230000 70000 150005 4.52341
225000 75000 150009 9.3653
230000 75000 150006 6.24324
220000 75000 150012 11.7103
225000 75000 150009 9.3653
220000 80000 150014 13.5252
225000 80000 150009 9.09121
225000 75000 150009 9.3653
230000 75000 150006 6.24324
225000 80000 150009 9.09121
230000 80000 150005 4.53312
230000 70000 150005 4.52341
235000 70000 150002 1.96712
230000 75000 150006 6.24324
235000 75000 150000 0.0659632
235000 70000 150002 1.96712
240000 70000 150001 1.01803
235000 75000 150000 0.0659632
240000 75000 149998 -2.00024
230000 75000 150006 6.24324
235000 75000 150000 0.0659632
230000 80000 150005 4.53312
235000 80000 150003 3.099
235000 75000 150000 0.0659632
240000 75000 149998 -2.00024
235000 80000 150003 3.099
240000 80000 150001 1.28584
240000 70000 150001 1.01803
245000 70000 149998 -1.86163
240000 75000 149998 -2.00024
245000 75000 149996 -4.03731
245000 70000 149998 -1.86163
250000 70000 149999 -1.30977
245000 75000 149996 -4.03731
250000 75000 149995 -4.7626
240000 75000 149998 -2.00024
245000 75000 149996 -4.03731
240000 80000 150001 1.28584
245000 80000 149999 -0.687129
245000 75000 149996 -4.03731
250000 75000 149995 -4.7626
245000 80000 149999 -0.687129
250000 80000 149999 -1.04275
250000 70000 149999 -1.30977
255000 70000 149996 -4.16367
250000 75000 149995 -4.7626
255000 75000 149996 -4.48125
255000 70000 149996 -4.16367
260000 70000 149996 -4.19473
255000 75000 149996 -4.48125
260000 75000 149994 -5.72549
250000 75000 149995 -4.7626
255000 75000 149996 -4.48125
250000 80000 149999 -1.04275
255000 80000 149997 -2.76146
255000 75000 149996 -4.48125
260000 75000 149994 -5.72549
255000 80000 149997 -2.76146
260000 80000 149994 -5.55119
260000 70000 149996 -4.19473
265000 70000 149995 -4.66532
260000 75000 149994 -5.72549
265000 75000 149994 -6.14914
265000 70000 149995 -4.66532
270000 70000 149994 -6.30747
265000 75000 149994 -6.14914
270000 75000 149995 -5.1996
260000 75000 149994 -5.72549
265000 75000 149994 -6.14914
260000 80000 149994 -5.55119
265000 80000 149994 -5.73346
265000 75000 149994 -6.14914
270000 75000 149995 -5.1996
265000 80000 149994 -5.73346
270000 80000 149994 -6.21743
270000 70000 149994 -6.30747
275000 70000 149993 -6.5345
270000 75000 149995 -5.1996
275000 75000 149994 -5.94828
275000 70000 149993 -6.5345
280000 70000 149993 -6.56888
275000 75000 149994 -5.94828
280000 75000 149995 -5.06866
270000 75000 149995 -5.1996
275000 75000 149994 -5.94828
270000 80000 149994 -6.21743
275000 80000 149994 -6.06368
275000 75000 149994 -5.94828
280000 75000 149995 -5.06866
275000 80000 149994 -6.06368
280000 80000 149994 -6.34762
280000 70000 149993 -6.56888
285000 70000 149994 -6.08863
280000 75000 149995 -5.06866
285000 75000 149994 -6.00931
285000 70000 149994 -6.08863
290000 70000 149993 -7.2022
285000 75000 149994 -6.00931
290000 75000 149993 -6.60231
280000 75000 149995 -5.06866
285000 75000 149994 -6.00931
280000 80000 149994 -6.34762
285000 80000 149993 -6.72897
285000 75000 149994 -6.00931
290000 75000 149993 -6.60231
285000 80000 149993 -6.72897
290000 80000 149994 -6.37548
290000 70000 149993 -7.2022
295000 70000 149993 -7.29962
290000 75000 149993 -6.60231
295000 75000 149993 -7.13272
295000 70000 149993 -7.29962
300000 70000 149992 -7.95421
295000 75000 149993 -7.13272
300000 75000 149993 -7.16806
290000 75000 149993 -6.60231
295000 75000 149993 -7.13272
290000 80000 149994 -6.37548
295000 80000 149993 -6.84238
295000 75000 149993 -7.13272
300000 75000 149993 -7.16806
295000 80000 149993 -6.84238
300000 80000 149992 -7.69587
160000 80000 149905 -95.2997
165000 80000 149925 -75.1891
160000 85000 149924 -76.1718
165000 85000 149905 -94.5474
165000 80000 149925 -75.1891
170000 80000 149968 -32.4328
165000 85000 149905 -94.5474
170000 85000 149954 -45.8957
160000 85000 149924 -76.1718
165000 85000 149905 -94.5474
160000 90000 149952 -47.7433
165000 90000 149913 -86.5733
165000 85000 149905 -94.5474
170000 85000 149954 -45.8957
165000 90000 149913 -86.5733
170000 90000 149928 -71.5035
170000 80000 149968 -32.4328
175000 80000 150005 5.43191
170000 85000 149954 -45.8957
175000 85000 149985 -14.9667
175000 80000 150005 5.43191
180000 80000 150026 25.5192
175000 85000 149985 -14.9667
180000 85000 150017 16.7689
170000 85000 149954 -45.8957
175000 85000 149985 -14.9667
170000 90000 149928 -71.5035
175000 90000 149967 -32.577
175000 85000 149985 -14.9667
180000 85000 150017 16.7689
175000 90000 149967 -32.577
180000 90000 150003 2.99276
180000 80000 150026 25.5192
185000 80000 150029 29.3511
180000 85000 150017 16.7689
185000 85000 150031 30.7131
185000 80000 150029 29.3511
190000 80000 150030 30.3263
185000 85000 150031 30.7131
190000 85000 150030 29.5557
180000 85000 150017 16.7689
185000 85000 150031 30.7131
180000 90000 150003 2.99276
185000 90000 150031 30.7053
185000 85000 150031 30.7131
190000 85000 150030 29.5557
185000 90000 150031 30.7053
190000 90000 150032 32.1253
190000 80000 150030 30.3263
195000 80000 150029 29.2951
190000 85000 150030 29.5557
195000 85000 150028 27.6474
195000 80000 150029 29.2951
200000 80000 150029 28.6285
195000 85000 150028 27.6474
200000 85000 150028 27.5698
190000 85000 150030 29.5557
195000 85000 150028 27.6474
190000 90000 150032 32.1253
195000 90000 150028 28.2668
195000 85000 150028 27.6474
200000 85000 150028 27.5698
195000 90000 150028 28.2668
200000 90000 150027 27.1201
200000 80000 150029 28.6285
205000 80000 150025 25.1794
200000 85000 150028 27.5698
205000 85000 150026 25.5819
205000 80000 150025 25.1794
210000 80000 150022 21.5108
205000 85000 150026 25.5819
210000 85000 150024 24.3516
200000 85000 150028 27.5698
205000 85000 150026 25.5819
200000 90000 150027 27.1201
205000 90000 150026 25.5209
205000 85000 150026 25.5819
210000 85000 150024 24.3516
205000 90000 150026 25.5209
210000 90000 150021 21.285
210000 80000 150022 21.5108
215000 80000 150017 17.3072
210000 85000 150024 24.3516
215000 85000 150020 19.811
215000 80000 150017 17.3072
220000 80000 150014 13.5252
215000 85000 150020 19.811
220000 85000 150014 14.1166
210000 85000 150024 24.3516
215000 85000 150020 19.811
210000 90000 150021 21.285
215000 90000 150017 17.0439
215000 85000 150020 19.811
220000 85000 150014 14.1166
215000 90000 150017 17.0439
220000 90000 150013 13.0208
220000 80000 150014 13.5252
225000 80000 150009 9.09121
220000 85000 150014 14.1166
225000 85000 150011 10.629
225000 80000 150009 9.09121
230000 80000 150005 4.53312
225000 85000 150011 10.629
230000 85000 150008 8.16237
220000 85000 150014 14.1166
225000 85000 150011 10.629
220000 90000 150013 13.0208
225000 90000 150012 11.7373
225000 85000 150011 10.629
230000 85000 150008 8.16237
225000 90000 150012 11.7373
230000 90000 150008 7.54472
230000 80000 150005 4.53312
235000 80000 150003 3.099
230000 85000 150008 8.16237
235000 85000 150005 4.97913
235000 80000 150003 3.099
240000 80000 150001 1.28584
235000 85000 150005 4.97913
240000 85000 150001 1.04223
230000 85000 150008 8.16237
235000 85000 150005 4.97913
230000 90000 150008 7.54472
235000 90000 150003 3.17973
235000 85000 150005 4.97913
240000 85000 150001 1.04223
235000 90000 150003 3.17973
240000 90000 150000 0.299491
240000 80000 150001 1.28584
245000 80000 149999 -0.687129
240000 85000 150001 1.04223
245000 85000 149998 -2.1799
245000 80000 149999 -0.687129
250000 80000 149999 -1.04275
245000 85000 149998 -2.1799
250000 85000 149998 -1.9421
240000 85000 150001 1.04223
245000 85000 149998 -2.1799
240000 90000 150000 0.299491
245000 90000 149999 -1.04543
245000 85000 149998 -2.1799
250000 85000 149998 -1.9421
245000 90000 149999 -1.04543
250000 90000 149997 -3.38581
250000 80000 149999 -1.04275
255000 80000 149997 -2.76146
250000 85000 149998 -1.9421
255000 85000 149995 -5.24018
255000 80000 149997 -2.76146
260000 80000 149994 -5.55119
255000 85000 149995 -5.24018
260000 85000 149994 -5.83825
250000 85000 149998 -1.9421
255000 85000 149995 -5.24018
250000 90000 149997 -3.38581
255000 90000 149996 -3.63622
255000 85000 149995 -5.24018
260000 85000 149994 -5.83825
255000 90000 149996 -3.63622
260000 90000 149996 -4.49008
260000 80000 149994 -5.55119
265000 80000 149994 -5.73346
260000 85000 149994 -5.83825
265000 85000 149994 -6.35055
265000 80000 149994 -5.73346
270000 80000 149994 -6.21743
265000 85000 149994 -6.35055
270000 85000 149994 -5.53635
260000 85000 149994 -5.83825
265000 85000 149994 -6.35055
260000 90000 149996 -4.49008
265000 90000 149994 -5.6201
265000 85000 149994 -6.35055
270000 85000 149994 -5.53635
265000 90000 149994 -5.6201
270000 90000 149994 -6.27892
270000 80000 149994 -6.21743
275000 80000 149994 -6.06368
270000 85000 149994 -5.53635
275000 85000 149994 -6.28307
275000 80000 149994 -6.06368
280000 80000 149994 -6.34762
275000 85000 149994 -6.28307
280000 85000 149994 -6.02867
270000 85000 149994 -5.53635
275000 85000 149994 -6.28307
270000 90000 149994 -6.27892
275000 90000 149994 -6.00044
275000 85000 149994 -6.28307
280000 85000 149994 -6.02867
275000 90000 149994 -6.00044
280000 90000 149994 -6.0921
280000 80000 149994 -6.34762
285000 80000 149993 -6.72897
280000 85000 149994 -6.02867
285000 85000 149993 -6.91929
285000 80000 149993 -6.72897
290000 80000 149994 -6.37548
285000 85000 149993 -6.91929
290000 85000 149993 -7.17773
280000 85000 149994 -6.02867
285000 85000 149993 -6.91929
280000 90000 149994 -6.0921
285000 90000 149994 -6.37401
285000 85000 149993 -6.91929
290000 85000 149993 -7.17773
285000 90000 149994 -6.37401
290000 90000 149993 -7.22058
290000 80000 149994 -6.37548
295000 80000 149993 -6.84238
290000 85000 149993 -7.17773
295000 85000 149992 -7.59184
295000 80000 149993 -6.84238
300000 80000 149992 -7.69587
295000 85000 149992 -7.59184
300000 85000 149992 -7.86652
290000 85000 149993 -7.17773
295000 85000 149992 -7.59184
290000 90000 149993 -7.22058
295000 90000 149992 -7.73222
295000 85000 149992 -7.59184
300000 85000 149992 -7.86652
295000 90000 149992 -7.73222
300000 90000 149992 -7.9184
160000 90000 149952 -47.7433
165000 90000 149913 -86.5733
160000 95000 149967 -33.3377
165000 95000 149936 -64.3494
165000 90000 149913 -86.5733
170000 90000 149928 -71.5035
165000 95000 149936 -64.3494
170000 95000 149920 -80.3955
160000 95000 149967 -33.3377
165000 95000 149936 -64.3494
160000 100000 149975 -25.2605
165000 100000 149956 -44.312
165000 95000 149936 -64.3494
170000 95000 149920 -80.3955
165000 100000 149956 -44.312
170000 100000 149932 -67.9755
170000 90000 149928 -71.5035
175000 90000 149967 -32.577
170000 95000 149920 -80.3955
175000 95000 149955 -45.1823
175000 90000 149967 -32.577
180000 90000 150003 2.99276
175000 95000 149955 -45.1823
180000 95000 149987 -13.1683
170000 95000 149920 -80.3955
175000 95000 149955 -45.1823
170000 100000 149932 -67.9755
175000 100000 149943 -57.4724
175000 95000 149955 -45.1823
180000 95000 149987 -13.1683
175000 100000 149943 -57.4724
180000 100000 149971 -28.9071
180000 90000 150003 2.99276
185000 90000 150031 30.7053
180000 95000 149987 -13.1683
185000 95000 150022 21.5681
185000 90000 150031 30.7053
190000 90000 150032 32.1253
185000 95000 150022 21.5681
190000 95000 150032 31.8486
180000 95000 149987 -13.1683
185000 95000 150022 21.5681
180000 100000 149971 -28.9071
185000 100000 150010 10.2915
185000 95000 150022 21.5681
190000 95000 150032 31.8486
185000 100000 150010 10.2915
190000 100000 150029 29.0139
190000 90000 150032 32.1253
195000 90000 150028 28.2668
190000 95000 150032 31.8486
195000 95000 150030 29.8258
195000 90000 150028 28.2668
200000 90000 150027 27.1201
195000 95000 150030 29.8258
200000 95000 150027 26.6729
190000 95000 150032 31.8486
195000 95000 150030 29.8258
190000 100000 150029 29.0139
195000 100000 150029 28.8521
195000 95000 150030 29.8258
200000 95000 150027 26.6729
195000 100000 150029 28.8521
200000 100000 150026 25.7612
200000 90000 150027 27.1201
205000 90000 150026 25.5209
200000 95000 150027 26.6729
205000 95000 150025 24.7804
205000 90000 150026 25.5209
210000 90000 150021 21.285
205000 95000 150025 24.7804
210000 95000 150024 24.1124
200000 95000 150027 26.6729
205000 95000 150025 24.7804
200000 100000 150026 25.7612
205000 100000 150024 24.4312
205000 95000 150025 24.7804
210000 95000 150024 24.1124
205000 100000 150024 24.4312
210000 100000 150021 20.8739
210000 90000 150021 21.285
215000 90000 150017 17.0439
210000 95000 150024 24.1124
215000 95000 150018 18.4829
215000 90000 150017 17.0439
220000 90000 150013 13.0208
215000 95000 150018 18.4829
220000 95000 150014 13.8645
210000 95000 150024 24.1124
215000 95000 150018 18.4829
210000 100000 150021 20.8739
215000 100000 150021 21.0478
215000 95000 150018 18.4829
220000 95000 150014 13.8645
215000 100000 150021 21.0478
220000 100000 150016 15.9644
220000 90000 150013 13.0208
225000 90000 150012 11.7373
220000 95000 150014 13.8645
225000 95000 150011 11.2107
225000 90000 150012 11.7373
230000 90000 150008 7.54472
225000 95000 150011 11.2107
230000 95000 150006 6.13481
220000 95000 150014 13.8645
225000 95000 150011 11.2107
220000 100000 150016 15.9644
225000 100000 150012 11.9577
225000 95000 150011 11.2107
230000 95000 150006 6.13481
225000 100000 150012 11.9577
230000 100000 150009 8.55169
230000 90000 150008 7.54472
235000 90000 150003 3.17973
230000 95000 150006 6.13481
235000 95000 150003 3.12237
235000 90000 150003 3.17973
240000 90000 150000 0.299491
235000 95000 150003 3.12237
240000 95000 150003 2.50298
230000 95000 150006 6.13481
235000 95000 150003 3.12237
230000 100000 150009 8.55169
235000 100000 150005 4.96824
235000 95000 150003 3.12237
240000 95000 150003 2.50298
235000 100000 150005 4.96824
240000 100000 150000 0.382691
240000 90000 150000 0.299491
245000 90000 149999 -1.04543
240000 95000 150003 2.50298
245000 95000 150000 0.24686
245000 90000 149999 -1.04543
250000 90000 149997 -3.38581
245000 95000 150000 0.24686
250000 95000 149996 -3.63667
240000 95000 150003 2.50298
245000 95000 150000 0.24686
240000 100000 150000 0.382691
245000 100000 149997 -2.53568
245000 95000 150000 0.24686
250000 95000 149996 -3.63667
245000 100000 149997 -2.53568
250000 100000 149997 -2.83392
250000 90000 149997 -3.38581
255000 90000 149996 -3.63622
250000 95000 149996 -3.63667
255000 95000 149994 -5.6414
255000 90000 149996 -3.63622
260000 90000 149996 -4.49008
255000 95000 149994 -5.6414
260000 95000 149994 -5.8079
250000 95000 149996 -3.63667
255000 95000 149994 -5.6414
250000 100000 149997 -2.83392
255000 100000 149995 -4.85148
255000 95000 149994 -5.6414
260000 95000 149994 -5.8079
255000 100000 149995 -4.85148
260000 100000 149994 -6.0725
260000 90000 149996 -4.49008
265000 90000 149994 -5.6201
260000 95000 149994 -5.8079
265000 95000 149994 -5.66463
265000 90000 149994 -5.6201
270000 90000 149994 -6.27892
265000 95000 149994 -5.66463
270000 95000 149994 -6.34674
260000 95000 149994 -5.8079
265000 95000 149994 -5.66463
260000 100000 149994 -6.0725
265000 100000 149995 -5.00058
265000 95000 149994 -5.66463
270000 95000 149994 -6.34674
265000 100000 149995 -5.00058
270000 100000 149995 -5.44369
270000 90000 149994 -6.27892
275000 90000 149994 -6.00044
270000 95000 149994 -6.34674
275000 95000 149994 -5.89383
275000 90000 149994 -6.00044
280000 90000 149994 -6.0921
275000 95000 149994 -5.89383
280000 95000 149993 -6.74573
270000 95000 149994 -6.34674
275000 95000 149994 -5.89383
270000 100000 149995 -5.44369
275000 100000 149994 -6.22869
275000 95000 149994 -5.89383
280000 95000 149993 -6.74573
275000 100000 149994 -6.22869
280000 100000 149993 -6.50116
280000 90000 149994 -6.0921
285000 90000 149994 -6.37401
280000 95000 149993 -6.74573
285000 95000 149993 -6.57677
285000 90000 149994 -6.37401
290000 90000 149993 -7.22058
285000 95000 149993 -6.57677
290000 95000 149993 -6.8163
280000 95000 149993 -6.74573
285000 95000 149993 -6.57677
280000 100000 149993 -6.50116
285000 100000 149994 -6.40882
285000 95000 149993 -6.57677
290000 95000 149993 -6.8163
285000 100000 149994 -6.40882
290000 100000 149993 -6.67644
290000 90000 149993 -7.22058
295000 90000 149992 -7.73222
290000 95000 149993 -6.8163
295000 95000 149993 -6.83466
295000 90000 149992 -7.73222
300000 90000 149992 -7.9184
295000 95000 149993 -6.83466
300000 95000 149992 -7.96875
290000 95000 149993 -6.8163
295000 95000 149993 -6.83466
290000 100000 149993 -6.67644
295000 100000 149993 -7.3955
295000 95000 149993 -6.83466
300000 95000 149992 -7.96875
295000 100000 149993 -7.3955
300000 100000 149992 -8.03745
160000 100000 149975 -25.2605
165000 100000 149956 -44.312
160000 105000 149979 -20.5911
165000 105000 149966 -34.0515
165000 100000 149956 -44.312
170000 100000 149932 -67.9755
165000 105000 149966 -34.0515
170000 105000 149951 -49.0938
160000 105000 149979 -20.5911
165000 105000 149966 -34.0515
160000 110000 149983 -17.0492
165000 110000 149968 -31.8721
165000 105000 149966 -34.0515
170000 105000 149951 -49.0938
165000 110000 149968 -31.8721
170000 110000 149964 -36.258
170000 100000 149932 -67.9755
175000 100000 149943 -57.4724
170000 105000 149951 -49.0938
175000 105000 149954 -46.2066
175000 100000 149943 -57.4724
180000 100000 149971 -28.9071
175000 105000 149954 -46.2066
180000 105000 149970 -29.8119
170000 105000 149951 -49.0938
175000 105000 149954 -46.2066
170000 110000 149964 -36.258
175000 110000 149965 -34.6427
175000 105000 149954 -46.2066
180000 105000 149970 -29.8119
175000 110000 149965 -34.6427
180000 110000 149975 -25.3726
180000 100000 149971 -28.9071
185000 100000 150010 10.2915
180000 105000 149970 -29.8119
185000 105000 150000 -0.421405
185000 100000 150010 10.2915
190000 100000 150029 29.0139
185000 105000 150000 -0.421405
190000 105000 150020 20.2176
180000 105000 149970 -29.8119
185000 105000 150000 -0.421405
180000 110000 149975 -25.3726
185000 110000 149994 -6.1739
185000 105000 150000 -0.421405
190000 105000 150020 20.2176
185000 110000 149994 -6.1739
190000 110000 150011 10.9728
190000 100000 150029 29.0139
195000 100000 150029 28.8521
190000 105000 150020 20.2176
195000 105000 150025 25.4536
195000 100000 150029 28.8521
200000 100000 150026 25.7612
195000 105000 150025 25.4536
200000 105000 150024 23.8649
190000 105000 150020 20.2176
195000 105000 150025 25.4536
190000 110000 150011 10.9728
195000 110000 150020 19.889
195000 105000 150025 25.4536
200000 105000 150024 23.8649
195000 110000 150020 19.889
200000 110000 150021 21.4503
200000 100000 150026 25.7612
205000 100000 150024 24.4312
200000 105000 150024 23.8649
205000 105000 150022 22.3007
205000 100000 150024 24.4312
210000 100000 150021 20.8739
205000 105000 150022 22.3007
210000 105000 150021 20.5669
200000 105000 150024 23.8649
205000 105000 150022 22.3007
200000 110000 150021 21.4503
205000 110000 150022 21.5831
205000 105000 150022 22.3007
210000 105000 150021 20.5669
205000 110000 150022 21.5831
210000 110000 150019 19.4234
210000 100000 150021 20.8739
215000 100000 150021 21.0478
210000 105000 150021 20.5669
215000 105000 150017 17.2512
215000 100000 150021 21.0478
220000 100000 150016 15.9644
215000 105000 150017 17.2512
220000 105000 150016 16.2894
210000 105000 150021 20.5669
215000 105000 150017 17.2512
210000 110000 150019 19.4234
215000 110000 150016 15.8606
215000 105000 150017 17.2512
220000 105000 150016 16.2894
215000 110000 150016 15.8606
220000 110000 150012 11.8083
220000 100000 150016 15.9644
225000 100000 150012 11.9577
220000 105000 150016 16.2894
225000 105000 150014 14.019
225000 100000 150012 11.9577
230000 100000 150009 8.55169
225000 105000 150014 14.019
230000 105000 150009 8.53778
220000 105000 150016 16.2894
225000 105000 150014 14.019
220000 110000 150012 11.8083
225000 110000 150011 10.6646
225000 105000 150014 14.019
230000 105000 150009 8.53778
225000 110000 150011 10.6646
230000 110000 150008 8.12452
230000 100000 150009 8.55169
235000 100000 150005 4.96824
230000 105000 150009 8.53778
235000 105000 150004 4.03395
235000 100000 150005 4.96824
240000 100000 150000 0.382691
235000 105000 150004 4.03395
240000 105000 150003 2.61179
230000 105000 150009 8.53778
235000 105000 150004 4.03395
230000 110000 150008 8.12452
235000 110000 150005 4.97548
235000 105000 150004 4.03395
240000 105000 150003 2.61179
235000 110000 150005 4.97548
240000 110000 149999 -1.31953
240000 100000 150000 0.382691
245000 100000 149997 -2.53568
240000 105000 150003 2.61179
245000 105000 150000 0.140422
245000 100000 149997 -2.53568
250000 100000 149997 -2.83392
245000 105000 150000 0.140422
250000 105000 149997 -2.55809
240000 105000 150003 2.61179
245000 105000 150000 0.140422
240000 110000 149999 -1.31953
245000 110000 149999 -1.03975
245000 105000 150000 0.140422
250000 105000 149997 -2.55809
245000 110000 149999 -1.03975
250000 110000 149998 -2.44282
250000 100000 149997 -2.83392
255000 100000 149995 -4.85148
250000 105000 149997 -2.55809
255000 105000 149996 -4.10462
255000 100000 149995 -4.85148
260000 100000 149994 -6.0725
255000 105000 149996 -4.10462
260000 105000 149996 -4.00423
250000 105000 149997 -2.55809
255000 105000 149996 -4.10462
250000 110000 149998 -2.44282
255000 110000 149997 -3.29782
255000 105000 149996 -4.10462
260000 105000 149996 -4.00423
255000 110000 149997 -3.29782
260000 110000 149995 -4.58227
260000 100000 149994 -6.0725
265000 100000 149995 -5.00058
260000 105000 149996 -4.00423
265000 105000 149995 -4.83566
265000 100000 149995 -5.00058
270000 100000 149995 -5.44369
265000 105000 149995 -4.83566
270000 105000 149994 -6.2671
260000 105000 149996 -4.00423
265000 105000 149995 -4.83566
260000 110000 149995 -4.58227
265000 110000 149995 -4.98077
265000 105000 149995 -4.83566
270000 105000 149994 -6.2671
265000 110000 149995 -4.98077
270000 110000 149994 -6.41133
270000 100000 149995 -5.44369
275000 100000 149994 -6.22869
270000 105000 149994 -6.2671
275000 105000 149994 -5.7735
275000 100000 149994 -6.22869
280000 100000 149993 -6.50116
275000 105000 149994 -5.7735
280000 105000 149993 -6.56209
270000 105000 149994 -6.2671
275000 105000 149994 -5.7735
270000 110000 149994 -6.41133
275000 110000 149994 -6.49287
275000 105000 149994 -5.7735
280000 105000 149993 -6.56209
275000 110000 149994 -6.49287
280000 110000 149994 -6.44989
280000 100000 149993 -6.50116
285000 100000 149994 -6.40882
280000 105000 149993 -6.56209
285000 105000 149993 -7.11955
285000 100000 149994 -6.40882
290000 100000 149993 -6.67644
285000 105000 149993 -7.11955
290000 105000 149993 -7.03144
280000 105000 149993 -6.56209
285000 105000 149993 -7.11955
280000 110000 149994 -6.44989
285000 110000 149993 -6.51923
285000 105000 149993 -7.11955
290000 105000 149993 -7.03144
285000 110000 149993 -6.51923
290000 110000 149993 -6.64041
290000 100000 149993 -6.67644
295000 100000 149993 -7.3955
290000 105000 149993 -7.03144
295000 105000 149993 -7.25984
295000 100000 149993 -7.3955
300000 100000 149992 -8.03745
295000 105000 149993 -7.25984
300000 105000 149992 -8.00898
290000 105000 149993 -7.03144
295000 105000 149993 -7.25984
290000 110000 149993 -6.64041
295000 110000 149993 -7.42718
295000 105000 149993 -7.25984
300000 105000 149992 -8.00898
295000 110000 149993 -7.42718
300000 110000 149992 -7.78237
160000 110000 149983 -17.0492
165000 110000 149968 -31.8721
160000 115000 149975 -25.3184
165000 115000 149970 -29.775
165000 110000 149968 -31.8721
170000 110000 149964 -36.258
165000 115000 149970 -29.775
170000 115000 149968 -31.8721
160000 115000 149975 -25.3184
165000 115000 149970 -29.775
160000 120000 149986 -14.4585
165000 120000 149977 -23.1288
165000 115000 149970 -29.775
170000 115000 149968 -31.8721
165000 120000 149977 -23.1288
170000 120000 149971 -28.9105
170000 110000 149964 -36.258
175000 110000 149965 -34.6427
170000 115000 149968 -31.8721
175000 115000 149970 -29.9547
175000 110000 149965 -34.6427
180000 110000 149975 -25.3726
175000 115000 149970 -29.9547
180000 115000 149975 -24.9428
170000 115000 149968 -31.8721
175000 115000 149970 -29.9547
170000 120000 149971 -28.9105
175000 120000 149973 -27.0216
175000 115000 149970 -29.9547
180000 115000 149975 -24.9428
175000 120000 149973 -27.0216
180000 120000 149979 -20.7878
180000 110000 149975 -25.3726
185000 110000 149994 -6.1739
180000 115000 149975 -24.9428
185000 115000 149988 -11.72
185000 110000 149994 -6.1739
190000 110000 150011 10.9728
185000 115000 149988 -11.72
190000 115000 150006 6.14606
180000 115000 149975 -24.9428
185000 115000 149988 -11.72
180000 120000 149979 -20.7878
185000 120000 149990 -10.0772
185000 115000 149988 -11.72
190000 115000 150006 6.14606
185000 120000 149990 -10.0772
190000 120000 150003 2.9266
190000 110000 150011 10.9728
195000 110000 150020 19.889
190000 115000 150006 6.14606
195000 115000 150012 12.473
195000 110000 150020 19.889
200000 110000 150021 21.4503
195000 115000 150012 12.473
200000 115000 150020 19.8555
190000 115000 150006 6.14606
195000 115000 150012 12.473
190000 120000 150003 2.9266
195000 120000 150015 15.2442
195000 115000 150012 12.473
200000 115000 150020 19.8555
195000 120000 150015 15.2442
200000 120000 150021 20.6912
200000 110000 150021 21.4503
205000 110000 150022 21.5831
200000 115000 150020 19.8555
205000 115000 150023 22.5172
205000 110000 150022 21.5831
210000 110000 150019 19.4234
205000 115000 150023 22.5172
210000 115000 150022 22.4781
200000 115000 150020 19.8555
205000 115000 150023 22.5172
200000 120000 150021 20.6912
205000 120000 150023 22.7873
205000 115000 150023 22.5172
210000 115000 150022 22.4781
205000 120000 150023 22.7873
210000 120000 150022 22.1376
210000 110000 150019 19.4234
215000 110000 150016 15.8606
210000 115000 150022 22.4781
215000 115000 150018 17.8643
215000 110000 150016 15.8606
220000 110000 150012 11.8083
215000 115000 150018 17.8643
220000 115000 150016 15.5604
210000 115000 150022 22.4781
215000 115000 150018 17.8643
210000 120000 150022 22.1376
215000 120000 150020 19.7134
215000 115000 150018 17.8643
220000 115000 150016 15.5604
215000 120000 150020 19.7134
220000 120000 150016 16.2962
220000 110000 150012 11.8083
225000 110000 150011 10.6646
220000 115000 150016 15.5604
225000 115000 150010 10.277
225000 110000 150011 10.6646
230000 110000 150008 8.12452
225000 115000 150010 10.277
230000 115000 150004 3.72472
220000 115000 150016 15.5604
225000 115000 150010 10.277
220000 120000 150016 16.2962
225000 120000 150013 13.1612
225000 115000 150010 10.277
230000 115000 150004 3.72472
225000 120000 150013 13.1612
230000 120000 150008 7.6645
230000 110000 150008 8.12452
235000 110000 150005 4.97548
230000 115000 150004 3.72472
235000 115000 150002 1.67103
235000 110000 150005 4.97548
240000 110000 149999 -1.31953
235000 115000 150002 1.67103
240000 115000 150004 3.88365
230000 115000 150004 3.72472
235000 115000 150002 1.67103
230000 120000 150008 7.6645
235000 120000 150006 5.98166
235000 115000 150002 1.67103
240000 115000 150004 3.88365
235000 120000 150006 5.98166
240000 120000 150004 4.14771
240000 110000 149999 -1.31953
245000 110000 149999 -1.03975
240000 115000 150004 3.88365
245000 115000 150001 0.887049
245000 110000 149999 -1.03975
250000 110000 149998 -2.44282
245000 115000 150001 0.887049
250000 115000 149999 -0.839108
240000 115000 150004 3.88365
245000 115000 150001 0.887049
240000 120000 150004 4.14771
245000 120000 150001 1.21976
245000 115000 150001 0.887049
250000 115000 149999 -0.839108
245000 120000 150001 1.21976
250000 120000 149999 -0.760709
250000 110000 149998 -2.44282
255000 110000 149997 -3.29782
250000 115000 149999 -0.839108
255000 115000 149997 -3.42261
255000 110000 149997 -3.29782
260000 110000 149995 -4.58227
255000 115000 149997 -3.42261
260000 115000 149995 -5.13317
250000 115000 149999 -0.839108
255000 115000 149997 -3.42261
250000 120000 149999 -0.760709
255000 120000 149996 -3.97786
255000 115000 149997 -3.42261
260000 115000 149995 -5.13317
255000 120000 149996 -3.97786
260000 120000 149996 -3.64446
260000 110000 149995 -4.58227
265000 110000 149995 -4.98077
260000 115000 149995 -5.13317
265000 115000 149994 -5.97232
265000 110000 149995 -4.98077
270000 110000 149994 -6.41133
265000 115000 149994 -5.97232
270000 115000 149995 -4.93664
260000 115000 149995 -5.13317
265000 115000 149994 -5.97232
260000 120000 149996 -3.64446
265000 120000 149995 -5.04142
265000 115000 149994 -5.97232
270000 115000 149995 -4.93664
265000 120000 149995 -5.04142
270000 120000 149994 -5.53593
270000 110000 149994 -6.41133
275000 110000 149994 -6.49287
270000 115000 149995 -4.93664
275000 115000 149994 -5.841
275000 110000 149994 -6.49287
280000 110000 149994 -6.44989
275000 115000 149994 -5.841
280000 115000 149994 -6.38611
270000 115000 149995 -4.93664
275000 115000 149994 -5.841
270000 120000 149994 -5.53593
275000 120000 149994 -6.31105
275000 115000 149994 -5.841
280000 115000 149994 -6.38611
275000 120000 149994 -6.31105
280000 120000 149994 -5.72989
280000 110000 149994 -6.44989
285000 110000 149993 -6.51923
280000 115000 149994 -6.38611
285000 115000 149993 -7.08722
285000 110000 149993 -6.51923
290000 110000 149993 -6.64041
285000 115000 149993 -7.08722
290000 115000 149993 -7.29102
280000 115000 149994 -6.38611
285000 115000 149993 -7.08722
280000 120000 149994 -5.72989
285000 120000 149993 -7.06153
285000 115000 149993 -7.08722
290000 115000 149993 -7.29102
285000 120000 149993 -7.06153
290000 120000 149992 -7.87367
290000 110000 149993 -6.64041
295000 110000 149993 -7.42718
290000 115000 149993 -7.29102
295000 115000 149992 -7.80379
295000 110000 149993 -7.42718
300000 110000 149992 -7.78237
295000 115000 149992 -7.80379
300000 115000 149992 -7.5066
290000 115000 149993 -7.29102
295000 115000 149992 -7.80379
290000 120000 149992 -7.87367
295000 120000 149992 -8.12921
295000 115000 149992 -7.80379
300000 115000 149992 -7.5066
295000 120000 149992 -8.12921
300000 120000 149992 -7.74315
