# x y z topography
0 0 149985 -15.0884
5000 0 149985 -14.6941
0 5000 149985 -15.2083
5000 5000 149985 -14.5486
5000 0 149985 -14.6941
10000 0 149986 -14.0386
5000 5000 149985 -14.5486
10000 5000 149986 -14.1264
0 5000 149985 -15.2083
5000 5000 149985 -14.5486
0 10000 149985 -14.6525
5000 10000 149986 -14.2248
5000 5000 149985 -14.5486
10000 5000 149986 -14.1264
5000 10000 149986 -14.2248
10000 10000 149986 -13.9256
10000 0 149986 -14.0386
15000 0 149986 -14.0376
10000 5000 149986 -14.1264
15000 5000 149987 -13.4253
15000 0 149986 -14.0376
20000 0 149986 -13.7353
15000 5000 149987 -13.4253
20000 5000 149986 -13.9995
10000 5000 149986 -14.1264
15000 5000 149987 -13.4253
10000 10000 149986 -13.9256
15000 10000 149986 -14.0572
15000 5000 149987 -13.4253
20000 5000 149986 -13.9995
15000 10000 149986 -14.0572
20000 10000 149986 -13.7485
20000 0 149986 -13.7353
25000 0 149986 -13.5638
20000 5000 149986 -13.9995
25000 5000 149986 -13.8526
25000 0 149986 -13.5638
30000 0 149986 -13.518
25000 5000 149986 -13.8526
30000 5000 149986 -13.51
20000 5000 149986 -13.9995
25000 5000 149986 -13.8526
20000 10000 149986 -13.7485
25000 10000 149986 -13.877
25000 5000 149986 -13.8526
30000 5000 149986 -13.51
25000 10000 149986 -13.877
30000 10000 149987 -13.2133
30000 0 149986 -13.518
35000 0 149988 -12.2748
30000 5000 149986 -13.51
35000 5000 149987 -13.137
35000 0 149988 -12.2748
40000 0 149988 -12.4667
35000 5000 149987 -13.137
40000 5000 149987 -12.7114
30000 5000 149986 -13.51
35000 5000 149987 -13.137
30000 10000 149987 -13.2133
35000 10000 149987 -13.1237
35000 5000 149987 -13.137
40000 5000 149987 -12.7114
35000 10000 149987 -13.1237
40000 10000 149987 -12.7139
40000 0 149988 -12.4667
45000 0 149988 -11.7649
40000 5000 149987 -12.7114
45000 5000 149988 -12.0911
45000 0 149988 -11.7649
50000 0 149991 -9.33694
45000 5000 149988 -12.0911
50000 5000 149990 -9.98932
40000 5000 149987 -12.7114
45000 5000 149988 -12.0911
40000 10000 149987 -12.7139
45000 10000 149988 -12.2512
45000 5000 149988 -12.0911
50000 5000 149990 -9.98932
45000 10000 149988 -12.2512
50000 10000 149988 -11.6255
50000 0 149991 -9.33694
55000 0 149994 -6.16485
50000 5000 149990 -9.98932
55000 5000 149992 -8.23165
55000 0 149994 -6.16485
60000 0 149998 -2.29761
55000 5000 149992 -8.23165
60000 5000 149995 -4.50078
50000 5000 149990 -9.98932
55000 5000 149992 -8.23165
50000 10000 149988 -11.6255
55000 10000 149989 -10.6056
55000 5000 149992 -8.23165
60000 5000 149995 -4.50078
55000 10000 149989 -10.6056
60000 10000 149992 -8.37528
60000 0 149998 -2.29761
65000 0 150001 0.60458
60000 5000 149995 -4.50078
65000 5000 150001 1.14034
65000 0 150001 0.60458
70000 0 150005 4.73817
65000 5000 150001 1.14034
70000 5000 150005 4.72385
60000 5000 149995 -4.50078
65000 5000 150001 1.14034
60000 10000 149992 -8.37528
65000 10000 149995 -5.20745
65000 5000 150001 1.14034
70000 5000 150005 4.72385
65000 10000 149995 -5.20745
70000 10000 149999 -0.682204
70000 0 150005 4.73817
75000 0 150008 8.27655
70000 5000 150005 4.72385
75000 5000 150008 8.05219
75000 0 150008 8.27655
80000 0 150014 13.8912
75000 5000 150008 8.05219
80000 5000 150013 13.0517
70000 5000 150005 4.72385
75000 5000 150008 8.05219
70000 10000 149999 -0.682204
75000 10000 150007 7.32423
75000 5000 150008 8.05219
80000 5000 150013 13.0517
75000 10000 150007 7.32423
80000 10000 150011 10.8899
0 10000 149985 -14.6525
5000 10000 149986 -14.2248
0 15000 149985 -14.7999
5000 15000 149986 -14.242
5000 10000 149986 -14.2248
10000 10000 149986 -13.9256
5000 15000 149986 -14.242
10000 15000 149986 -14.0932
0 15000 149985 -14.7999
5000 15000 149986 -14.242
0 20000 149985 -14.5258
5000 20000 149986 -14.3659
5000 15000 149986 -14.242
10000 15000 149986 -14.0932
5000 20000 149986 -14.3659
10000 20000 149986 -14.4161
10000 10000 149986 -13.9256
15000 10000 149986 -14.0572
10000 15000 149986 -14.0932
15000 15000 149986 -14.2367
15000 10000 149986 -14.0572
20000 10000 149986 -13.7485
15000 15000 149986 -14.2367
20000 15000 149986 -13.9704
10000 15000 149986 -14.0932
15000 15000 149986 -14.2367
10000 20000 149986 -14.4161
15000 20000 149986 -14.2498
15000 15000 149986 -14.2367
20000 15000 149986 -13.9704
15000 20000 149986 -14.2498
20000 20000 149986 -13.7401
20000 10000 149986 -13.7485
25000 10000 149986 -13.877
20000 15000 149986 -13.9704
25000 15000 149986 -14.1552
25000 10000 149986 -13.877
30000 10000 149987 -13.2133
25000 15000 149986 -14.1552
30000 15000 149986 -13.7865
20000 15000 149986 -13.9704
25000 15000 149986 -14.1552
20000 20000 149986 -13.7401
25000 20000 149986 -14.1777
25000 15000 149986 -14.1552
30000 15000 149986 -13.7865
25000 20000 149986 -14.1777
30000 20000 149986 -13.9208
30000 10000 149987 -13.2133
35000 10000 149987 -13.1237
30000 15000 149986 -13.7865
35000 15000 149988 -12.2575
35000 10000 149987 -13.1237
40000 10000 149987 -12.7139
35000 15000 149988 -12.2575
40000 15000 149987 -12.611
30000 15000 149986 -13.7865
35000 15000 149988 -12.2575
30000 20000 149986 -13.9208
35000 20000 149987 -12.8327
35000 15000 149988 -12.2575
40000 15000 149987 -12.611
35000 20000 149987 -12.8327
40000 20000 149988 -11.7662
40000 10000 149987 -12.7139
45000 10000 149988 -12.2512
40000 15000 149987 -12.611
45000 15000 149988 -11.904
45000 10000 149988 -12.2512
50000 10000 149988 -11.6255
45000 15000 149988 -11.904
50000 15000 149990 -9.71645
40000 15000 149987 -12.611
45000 15000 149988 -11.904
40000 20000 149988 -11.7662
45000 20000 149988 -12.1838
45000 15000 149988 -11.904
50000 15000 149990 -9.71645
45000 20000 149988 -12.1838
50000 20000 149989 -11.4955
50000 10000 149988 -11.6255
55000 10000 149989 -10.6056
50000 15000 149990 -9.71645
55000 15000 149992 -7.88655
55000 10000 149989 -10.6056
60000 10000 149992 -8.37528
55000 15000 149992 -7.88655
60000 15000 149996 -4.28888
50000 15000 149990 -9.71645
55000 15000 149992 -7.88655
50000 20000 149989 -11.4955
55000 20000 149990 -10.3809
55000 15000 149992 -7.88655
60000 15000 149996 -4.28888
55000 20000 149990 -10.3809
60000 20000 149993 -7.34162
60000 10000 149992 -8.37528
65000 10000 149995 -5.20745
60000 15000 149996 -4.28888
65000 15000 149999 -1.20136
65000 10000 149995 -5.20745
70000 10000 149999 -0.682204
65000 15000 149999 -1.20136
70000 15000 149999 -0.671779
60000 15000 149996 -4.28888
65000 15000 149999 -1.20136
60000 20000 149993 -7.34162
65000 20000 149999 -1.11874
65000 15000 149999 -1.20136
70000 15000 149999 -0.671779
65000 20000 149999 -1.11874
70000 20000 150004 3.6854
70000 10000 149999 -0.682204
75000 10000 150007 7.32423
70000 15000 149999 -0.671779
75000 15000 150007 7.24954
75000 10000 150007 7.32423
80000 10000 150011 10.8899
75000 15000 150007 7.24954
80000 15000 150011 10.6769
70000 15000 149999 -0.671779
75000 15000 150007 7.24954
70000 20000 150004 3.6854
75000 20000 150008 7.9305
75000 15000 150007 7.24954
80000 15000 150011 10.6769
75000 20000 150008 7.9305
80000 20000 150013 13.0777
0 20000 149985 -14.5258
5000 20000 149986 -14.3659
0 25000 149985 -14.8577
5000 25000 149986 -14.4445
5000 20000 149986 -14.3659
10000 20000 149986 -14.4161
5000 25000 149986 -14.4445
10000 25000 149986 -14.0009
0 25000 149985 -14.8577
5000 25000 149986 -14.4445
0 30000 149985 -14.5699
5000 30000 149986 -14.4888
5000 25000 149986 -14.4445
10000 25000 149986 -14.0009
5000 30000 149986 -14.4888
10000 30000 149986 -14.4374
10000 20000 149986 -14.4161
15000 20000 149986 -14.2498
10000 25000 149986 -14.0009
15000 25000 149986 -13.9634
15000 20000 149986 -14.2498
20000 20000 149986 -13.7401
15000 25000 149986 -13.9634
20000 25000 149986 -14.3866
10000 25000 149986 -14.0009
15000 25000 149986 -13.9634
10000 30000 149986 -14.4374
15000 30000 149985 -14.5454
15000 25000 149986 -13.9634
20000 25000 149986 -14.3866
15000 30000 149985 -14.5454
20000 30000 149986 -13.9365
20000 20000 149986 -13.7401
25000 20000 149986 -14.1777
20000 25000 149986 -14.3866
25000 25000 149986 -14.2225
25000 20000 149986 -14.1777
30000 20000 149986 -13.9208
25000 25000 149986 -14.2225
30000 25000 149986 -13.8251
20000 25000 149986 -14.3866
25000 25000 149986 -14.2225
20000 30000 149986 -13.9365
25000 30000 149986 -13.8846
25000 25000 149986 -14.2225
30000 25000 149986 -13.8251
25000 30000 149986 -13.8846
30000 30000 149986 -14.0795
30000 20000 149986 -13.9208
35000 20000 149987 -12.8327
30000 25000 149986 -13.8251
35000 25000 149987 -13.035
35000 20000 149987 -12.8327
40000 20000 149988 -11.7662
35000 25000 149987 -13.035
40000 25000 149988 -11.6284
30000 25000 149986 -13.8251
35000 25000 149987 -13.035
30000 30000 149986 -14.0795
35000 30000 149987 -13.4629
35000 25000 149987 -13.035
40000 25000 149988 -11.6284
35000 30000 149987 -13.4629
40000 30000 149988 -11.7836
40000 20000 149988 -11.7662
45000 20000 149988 -12.1838
40000 25000 149988 -11.6284
45000 25000 149990 -10.4985
45000 20000 149988 -12.1838
50000 20000 149989 -11.4955
45000 25000 149990 -10.4985
50000 25000 149991 -9.35564
40000 25000 149988 -11.6284
45000 25000 149990 -10.4985
40000 30000 149988 -11.7836
45000 30000 149989 -11.1326
45000 25000 149990 -10.4985
50000 25000 149991 -9.35564
45000 30000 149989 -11.1326
50000 30000 149991 -9.33779
50000 20000 149989 -11.4955
55000 20000 149990 -10.3809
50000 25000 149991 -9.35564
55000 25000 149992 -7.69325
55000 20000 149990 -10.3809
60000 20000 149993 -7.34162
55000 25000 149992 -7.69325
60000 25000 149995 -5.37308
50000 25000 149991 -9.35564
55000 25000 149992 -7.69325
50000 30000 149991 -9.33779
55000 30000 149992 -7.75406
55000 25000 149992 -7.69325
60000 25000 149995 -5.37308
55000 30000 149992 -7.75406
60000 30000 149995 -5.41412
60000 20000 149993 -7.34162
65000 20000 149999 -1.11874
60000 25000 149995 -5.37308
65000 25000 149998 -2.20509
65000 20000 149999 -1.11874
70000 20000 150004 3.6854
65000 25000 149998 -2.20509
70000 25000 150000 -0.080444
60000 25000 149995 -5.37308
65000 25000 149998 -2.20509
60000 30000 149995 -5.41412
65000 30000 149996 -3.95263
65000 25000 149998 -2.20509
70000 25000 150000 -0.080444
65000 30000 149996 -3.95263
70000 30000 150000 0.295568
70000 20000 150004 3.6854
75000 20000 150008 7.9305
70000 25000 150000 -0.080444
75000 25000 150006 5.58446
75000 20000 150008 7.9305
80000 20000 150013 13.0777
75000 25000 150006 5.58446
80000 25000 150012 11.7578
70000 25000 150000 -0.080444
75000 25000 150006 5.58446
70000 30000 150000 0.295568
75000 30000 150005 5.10346
75000 25000 150006 5.58446
80000 25000 150012 11.7578
75000 30000 150005 5.10346
80000 30000 150009 9.38516
0 30000 149985 -14.5699
5000 30000 149986 -14.4888
0 35000 149986 -14.4697
5000 35000 149985 -14.5777
5000 30000 149986 -14.4888
10000 30000 149986 -14.4374
5000 35000 149985 -14.5777
10000 35000 149985 -14.775
0 35000 149986 -14.4697
5000 35000 149985 -14.5777
0 40000 149985 -14.6431
5000 40000 149985 -15.0761
5000 35000 149985 -14.5777
10000 35000 149985 -14.775
5000 40000 149985 -15.0761
10000 40000 149985 -14.6242
10000 30000 149986 -14.4374
15000 30000 149985 -14.5454
10000 35000 149985 -14.775
15000 35000 149985 -14.6329
15000 30000 149985 -14.5454
20000 30000 149986 -13.9365
15000 35000 149985 -14.6329
20000 35000 149986 -14.3938
10000 35000 149985 -14.775
15000 35000 149985 -14.6329
10000 40000 149985 -14.6242
15000 40000 149985 -14.6975
15000 35000 149985 -14.6329
20000 35000 149986 -14.3938
15000 40000 149985 -14.6975
20000 40000 149986 -14.1893
20000 30000 149986 -13.9365
25000 30000 149986 -13.8846
20000 35000 149986 -14.3938
25000 35000 149986 -13.9766
25000 30000 149986 -13.8846
30000 30000 149986 -14.0795
25000 35000 149986 -13.9766
30000 35000 149986 -14.1109
20000 35000 149986 -14.3938
25000 35000 149986 -13.9766
20000 40000 149986 -14.1893
25000 40000 149986 -14.4567
25000 35000 149986 -13.9766
30000 35000 149986 -14.1109
25000 40000 149986 -14.4567
30000 40000 149986 -14.1932
30000 30000 149986 -14.0795
35000 30000 149987 -13.4629
30000 35000 149986 -14.1109
35000 35000 149986 -13.795
35000 30000 149987 -13.4629
40000 30000 149988 -11.7836
35000 35000 149986 -13.795
40000 35000 149987 -12.572
30000 35000 149986 -14.1109
35000 35000 149986 -13.795
30000 40000 149986 -14.1932
35000 40000 149986 -13.8676
35000 35000 149986 -13.795
40000 35000 149987 -12.572
35000 40000 149986 -13.8676
40000 40000 149987 -12.6235
40000 30000 149988 -11.7836
45000 30000 149989 -11.1326
40000 35000 149987 -12.572
45000 35000 149989 -11.1566
45000 30000 149989 -11.1326
50000 30000 149991 -9.33779
45000 35000 149989 -11.1566
50000 35000 149989 -10.6787
40000 35000 149987 -12.572
45000 35000 149989 -11.1566
40000 40000 149987 -12.6235
45000 40000 149988 -11.9347
45000 35000 149989 -11.1566
50000 35000 149989 -10.6787
45000 40000 149988 -11.9347
50000 40000 149989 -10.8044
50000 30000 149991 -9.33779
55000 30000 149992 -7.75406
50000 35000 149989 -10.6787
55000 35000 149991 -8.70547
55000 30000 149992 -7.75406
60000 30000 149995 -5.41412
55000 35000 149991 -8.70547
60000 35000 149994 -6.07334
50000 35000 149989 -10.6787
55000 35000 149991 -8.70547
50000 40000 149989 -10.8044
55000 40000 149991 -9.43021
55000 35000 149991 -8.70547
60000 35000 149994 -6.07334
55000 40000 149991 -9.43021
60000 40000 149993 -6.85796
60000 30000 149995 -5.41412
65000 30000 149996 -3.95263
60000 35000 149994 -6.07334
65000 35000 149998 -2.05131
65000 30000 149996 -3.95263
70000 30000 150000 0.295568
65000 35000 149998 -2.05131
70000 35000 149999 -0.930079
60000 35000 149994 -6.07334
65000 35000 149998 -2.05131
60000 40000 149993 -6.85796
65000 40000 149996 -3.83668
65000 35000 149998 -2.05131
70000 35000 149999 -0.930079
65000 40000 149996 -3.83668
70000 40000 149999 -0.853275
70000 30000 150000 0.295568
75000 30000 150005 5.10346
70000 35000 149999 -0.930079
75000 35000 150004 4.05446
75000 30000 150005 5.10346
80000 30000 150009 9.38516
75000 35000 150004 4.05446
80000 35000 150010 10.3042
70000 35000 149999 -0.930079
75000 35000 150004 4.05446
70000 40000 149999 -0.853275
75000 40000 150005 4.76762
75000 35000 150004 4.05446
80000 35000 150010 10.3042
75000 40000 150005 4.76762
80000 40000 150005 5.47318
0 40000 149985 -14.6431
5000 40000 149985 -15.0761
0 45000 149985 -15.3859
5000 45000 149985 -14.6866
5000 40000 149985 -15.0761
10000 40000 149985 -14.6242
5000 45000 149985 -14.6866
10000 45000 149985 -14.7143
0 45000 149985 -15.3859
5000 45000 149985 -14.6866
0 50000 149985 -15.4343
5000 50000 149985 -15.164
5000 45000 149985 -14.6866
10000 45000 149985 -14.7143
5000 50000 149985 -15.164
10000 50000 149985 -15.2846
10000 40000 149985 -14.6242
15000 40000 149985 -14.6975
10000 45000 149985 -14.7143
15000 45000 149985 -14.8079
15000 40000 149985 -14.6975
20000 40000 149986 -14.1893
15000 45000 149985 -14.8079
20000 45000 149985 -14.7406
10000 45000 149985 -14.7143
15000 45000 149985 -14.8079
10000 50000 149985 -15.2846
15000 50000 149985 -14.7391
15000 45000 149985 -14.8079
20000 45000 149985 -14.7406
15000 50000 149985 -14.7391
20000 50000 149985 -14.8844
20000 40000 149986 -14.1893
25000 40000 149986 -14.4567
20000 45000 149985 -14.7406
25000 45000 149986 -14.1299
25000 40000 149986 -14.4567
30000 40000 149986 -14.1932
25000 45000 149986 -14.1299
30000 45000 149986 -14.2052
20000 45000 149985 -14.7406
25000 45000 149986 -14.1299
20000 50000 149985 -14.8844
25000 50000 149986 -14.463
25000 45000 149986 -14.1299
30000 45000 149986 -14.2052
25000 50000 149986 -14.463
30000 50000 149986 -14.0593
30000 40000 149986 -14.1932
35000 40000 149986 -13.8676
30000 45000 149986 -14.2052
35000 45000 149986 -13.8979
35000 40000 149986 -13.8676
40000 40000 149987 -12.6235
35000 45000 149986 -13.8979
40000 45000 149987 -13.4829
30000 45000 149986 -14.2052
35000 45000 149986 -13.8979
30000 50000 149986 -14.0593
35000 50000 149986 -13.5314
35000 45000 149986 -13.8979
40000 45000 149987 -13.4829
35000 50000 149986 -13.5314
40000 50000 149987 -12.905
40000 40000 149987 -12.6235
45000 40000 149988 -11.9347
40000 45000 149987 -13.4829
45000 45000 149988 -12.0676
45000 40000 149988 -11.9347
50000 40000 149989 -10.8044
45000 45000 149988 -12.0676
50000 45000 149989 -11.3987
40000 45000 149987 -13.4829
45000 45000 149988 -12.0676
40000 50000 149987 -12.905
45000 50000 149989 -10.9353
45000 45000 149988 -12.0676
50000 45000 149989 -11.3987
45000 50000 149989 -10.9353
50000 50000 149989 -10.5067
50000 40000 149989 -10.8044
55000 40000 149991 -9.43021
50000 45000 149989 -11.3987
55000 45000 149991 -8.51298
55000 40000 149991 -9.43021
60000 40000 149993 -6.85796
55000 45000 149991 -8.51298
60000 45000 149992 -8.06812
50000 45000 149989 -11.3987
55000 45000 149991 -8.51298
50000 50000 149989 -10.5067
55000 50000 149991 -9.0724
55000 45000 149991 -8.51298
60000 45000 149992 -8.06812
55000 50000 149991 -9.0724
60000 50000 149993 -6.62863
60000 40000 149993 -6.85796
65000 40000 149996 -3.83668
60000 45000 149992 -8.06812
65000 45000 149996 -4.02581
65000 40000 149996 -3.83668
70000 40000 149999 -0.853275
65000 45000 149996 -4.02581
70000 45000 150000 0.229264
60000 45000 149992 -8.06812
65000 45000 149996 -4.02581
60000 50000 149993 -6.62863
65000 50000 149997 -3.4205
65000 45000 149996 -4.02581
70000 45000 150000 0.229264
65000 50000 149997 -3.4205
70000 50000 149999 -0.932323
70000 40000 149999 -0.853275
75000 40000 150005 4.76762
70000 45000 150000 0.229264
75000 45000 150003 3.16224
75000 40000 150005 4.76762
80000 40000 150005 5.47318
75000 45000 150003 3.16224
80000 45000 150007 7.41136
70000 45000 150000 0.229264
75000 45000 150003 3.16224
70000 50000 149999 -0.932323
75000 50000 150001 1.45352
75000 45000 150003 3.16224
80000 45000 150007 7.41136
75000 50000 150001 1.45352
80000 50000 150006 6.23199
0 50000 149985 -15.4343
5000 50000 149985 -15.164
0 55000 149985 -15.2475
5000 55000 149985 -15.1909
5000 50000 149985 -15.164
10000 50000 149985 -15.2846
5000 55000 149985 -15.1909
10000 55000 149985 -15.3128
0 55000 149985 -15.2475
5000 55000 149985 -15.1909
0 60000 149985 -15.0651
5000 60000 149986 -14.0702
5000 55000 149985 -15.1909
10000 55000 149985 -15.3128
5000 60000 149986 -14.0702
10000 60000 149986 -14.1491
10000 50000 149985 -15.2846
15000 50000 149985 -14.7391
10000 55000 149985 -15.3128
15000 55000 149985 -15.2404
15000 50000 149985 -14.7391
20000 50000 149985 -14.8844
15000 55000 149985 -15.2404
20000 55000 149985 -15.1383
10000 55000 149985 -15.3128
15000 55000 149985 -15.2404
10000 60000 149986 -14.1491
15000 60000 149985 -14.9394
15000 55000 149985 -15.2404
20000 55000 149985 -15.1383
15000 60000 149985 -14.9394
20000 60000 149985 -14.8628
20000 50000 149985 -14.8844
25000 50000 149986 -14.463
20000 55000 149985 -15.1383
25000 55000 149985 -14.9609
25000 50000 149986 -14.463
30000 50000 149986 -14.0593
25000 55000 149985 -14.9609
30000 55000 149986 -14.3929
20000 55000 149985 -15.1383
25000 55000 149985 -14.9609
20000 60000 149985 -14.8628
25000 60000 149985 -15.2873
25000 55000 149985 -14.9609
30000 55000 149986 -14.3929
25000 60000 149985 -15.2873
30000 60000 149985 -15.0032
30000 50000 149986 -14.0593
35000 50000 149986 -13.5314
30000 55000 149986 -14.3929
35000 55000 149987 -13.4119
35000 50000 149986 -13.5314
40000 50000 149987 -12.905
35000 55000 149987 -13.4119
40000 55000 149987 -12.5319
30000 55000 149986 -14.3929
35000 55000 149987 -13.4119
30000 60000 149985 -15.0032
35000 60000 149985 -14.5391
35000 55000 149987 -13.4119
40000 55000 149987 -12.5319
35000 60000 149985 -14.5391
40000 60000 149986 -14.0261
40000 50000 149987 -12.905
45000 50000 149989 -10.9353
40000 55000 149987 -12.5319
45000 55000 149988 -11.7463
45000 50000 149989 -10.9353
50000 50000 149989 -10.5067
45000 55000 149988 -11.7463
50000 55000 149989 -11.1871
40000 55000 149987 -12.5319
45000 55000 149988 -11.7463
40000 60000 149986 -14.0261
45000 60000 149987 -12.7993
45000 55000 149988 -11.7463
50000 55000 149989 -11.1871
45000 60000 149987 -12.7993
50000 60000 149987 -12.6406
50000 50000 149989 -10.5067
55000 50000 149991 -9.0724
50000 55000 149989 -11.1871
55000 55000 149990 -9.78009
55000 50000 149991 -9.0724
60000 50000 149993 -6.62863
55000 55000 149990 -9.78009
60000 55000 149993 -6.90215
50000 55000 149989 -11.1871
55000 55000 149990 -9.78009
50000 60000 149987 -12.6406
55000 60000 149990 -10.2867
55000 55000 149990 -9.78009
60000 55000 149993 -6.90215
55000 60000 149990 -10.2867
60000 60000 149991 -9.03858
60000 50000 149993 -6.62863
65000 50000 149997 -3.4205
60000 55000 149993 -6.90215
65000 55000 149995 -4.94062
65000 50000 149997 -3.4205
70000 50000 149999 -0.932323
65000 55000 149995 -4.94062
70000 55000 149995 -5.09057
60000 55000 149993 -6.90215
65000 55000 149995 -4.94062
60000 60000 149991 -9.03858
65000 60000 149992 -8.3162
65000 55000 149995 -4.94062
70000 55000 149995 -5.09057
65000 60000 149992 -8.3162
70000 60000 149996 -4.00089
70000 50000 149999 -0.932323
75000 50000 150001 1.45352
70000 55000 149995 -5.09057
75000 55000 150001 1.23366
75000 50000 150001 1.45352
80000 50000 150006 6.23199
75000 55000 150001 1.23366
80000 55000 150003 2.59682
70000 55000 149995 -5.09057
75000 55000 150001 1.23366
70000 60000 149996 -4.00089
75000 60000 150000 -0.0787264
75000 55000 150001 1.23366
80000 55000 150003 2.59682
75000 60000 150000 -0.0787264
80000 60000 150004 4.42103
0 60000 149985 -15.0651
5000 60000 149986 -14.0702
0 65000 149985 -14.8729
5000 65000 149985 -14.6231
5000 60000 149986 -14.0702
10000 60000 149986 -14.1491
5000 65000 149985 -14.6231
10000 65000 149985 -15.0432
0 65000 149985 -14.8729
5000 65000 149985 -14.6231
0 70000 149985 -15.0349
5000 70000 149985 -14.8049
5000 65000 149985 -14.6231
10000 65000 149985 -15.0432
5000 70000 149985 -14.8049
10000 70000 149985 -15.1171
10000 60000 149986 -14.1491
15000 60000 149985 -14.9394
10000 65000 149985 -15.0432
15000 65000 149985 -15.1673
15000 60000 149985 -14.9394
20000 60000 149985 -14.8628
15000 65000 149985 -15.1673
20000 65000 149985 -15.3396
10000 65000 149985 -15.0432
15000 65000 149985 -15.1673
10000 70000 149985 -15.1171
15000 70000 149985 -15.4211
15000 65000 149985 -15.1673
20000 65000 149985 -15.3396
15000 70000 149985 -15.4211
20000 70000 149985 -14.9733
20000 60000 149985 -14.8628
25000 60000 149985 -15.2873
20000 65000 149985 -15.3396
25000 65000 149985 -15.3327
25000 60000 149985 -15.2873
30000 60000 149985 -15.0032
25000 65000 149985 -15.3327
30000 65000 149985 -15.0783
20000 65000 149985 -15.3396
25000 65000 149985 -15.3327
20000 70000 149985 -14.9733
25000 70000 149985 -15.3478
25000 65000 149985 -15.3327
30000 65000 149985 -15.0783
25000 70000 149985 -15.3478
30000 70000 149985 -15.1614
30000 60000 149985 -15.0032
35000 60000 149985 -14.5391
30000 65000 149985 -15.0783
35000 65000 149985 -14.5824
35000 60000 149985 -14.5391
40000 60000 149986 -14.0261
35000 65000 149985 -14.5824
40000 65000 149986 -14.0498
30000 65000 149985 -15.0783
35000 65000 149985 -14.5824
30000 70000 149985 -15.1614
35000 70000 149985 -14.6123
35000 65000 149985 -14.5824
40000 65000 149986 -14.0498
35000 70000 149985 -14.6123
40000 70000 149986 -13.6795
40000 60000 149986 -14.0261
45000 60000 149987 -12.7993
40000 65000 149986 -14.0498
45000 65000 149986 -13.5494
45000 60000 149987 -12.7993
50000 60000 149987 -12.6406
45000 65000 149986 -13.5494
50000 65000 149988 -12.2893
40000 65000 149986 -14.0498
45000 65000 149986 -13.5494
40000 70000 149986 -13.6795
45000 70000 149987 -13.2844
45000 65000 149986 -13.5494
50000 65000 149988 -12.2893
45000 70000 149987 -13.2844
50000 70000 149988 -12.2359
50000 60000 149987 -12.6406
55000 60000 149990 -10.2867
50000 65000 149988 -12.2893
55000 65000 149990 -10.3196
55000 60000 149990 -10.2867
60000 60000 149991 -9.03858
55000 65000 149990 -10.3196
60000 65000 149991 -9.0671
50000 65000 149988 -12.2893
55000 65000 149990 -10.3196
50000 70000 149988 -12.2359
55000 70000 149989 -11.2092
55000 65000 149990 -10.3196
60000 65000 149991 -9.0671
55000 70000 149989 -11.2092
60000 70000 149992 -7.82476
60000 60000 149991 -9.03858
65000 60000 149992 -8.3162
60000 65000 149991 -9.0671
65000 65000 149993 -7.12291
65000 60000 149992 -8.3162
70000 60000 149996 -4.00089
65000 65000 149993 -7.12291
70000 65000 149994 -6.11235
60000 65000 149991 -9.0671
65000 65000 149993 -7.12291
60000 70000 149992 -7.82476
65000 70000 149994 -5.91237
65000 65000 149993 -7.12291
70000 65000 149994 -6.11235
65000 70000 149994 -5.91237
70000 70000 149996 -3.93234
70000 60000 149996 -4.00089
75000 60000 150000 -0.0787264
70000 65000 149994 -6.11235
75000 65000 149998 -1.62023
75000 60000 150000 -0.0787264
80000 60000 150004 4.42103
75000 65000 149998 -1.62023
80000 65000 150003 2.67869
70000 65000 149994 -6.11235
75000 65000 149998 -1.62023
70000 70000 149996 -3.93234
75000 70000 149999 -0.706295
75000 65000 149998 -1.62023
80000 65000 150003 2.67869
75000 70000 149999 -0.706295
80000 70000 150003 2.75645
0 70000 149985 -15.0349
5000 70000 149985 -14.8049
0 75000 149984 -15.5357
5000 75000 149985 -15.4906
5000 70000 149985 -14.8049
10000 70000 149985 -15.1171
5000 75000 149985 -15.4906
10000 75000 149984 -15.5018
0 75000 149984 -15.5357
5000 75000 149985 -15.4906
0 80000 149985 -15.2561
5000 80000 149984 -15.5151
5000 75000 149985 -15.4906
10000 75000 149984 -15.5018
5000 80000 149984 -15.5151
10000 80000 149984 -16.0039
10000 70000 149985 -15.1171
15000 70000 149985 -15.4211
10000 75000 149984 -15.5018
15000 75000 149984 -15.6533
15000 70000 149985 -15.4211
20000 70000 149985 -14.9733
15000 75000 149984 -15.6533
20000 75000 149984 -15.6145
10000 75000 149984 -15.5018
15000 75000 149984 -15.6533
10000 80000 149984 -16.0039
15000 80000 149984 -15.6589
15000 75000 149984 -15.6533
20000 75000 149984 -15.6145
15000 80000 149984 -15.6589
20000 80000 149984 -15.5386
20000 70000 149985 -14.9733
25000 70000 149985 -15.3478
20000 75000 149984 -15.6145
25000 75000 149984 -15.5071
25000 70000 149985 -15.3478
30000 70000 149985 -15.1614
25000 75000 149984 -15.5071
30000 75000 149985 -15.1103
20000 75000 149984 -15.6145
25000 75000 149984 -15.5071
20000 80000 149984 -15.5386
25000 80000 149985 -15.458
25000 75000 149984 -15.5071
30000 75000 149985 -15.1103
25000 80000 149985 -15.458
30000 80000 149985 -15.0096
30000 70000 149985 -15.1614
35000 70000 149985 -14.6123
30000 75000 149985 -15.1103
35000 75000 149986 -14.4553
35000 70000 149985 -14.6123
40000 70000 149986 -13.6795
35000 75000 149986 -14.4553
40000 75000 149986 -14.1819
30000 75000 149985 -15.1103
35000 75000 149986 -14.4553
30000 80000 149985 -15.0096
35000 80000 149985 -14.7315
35000 75000 149986 -14.4553
40000 75000 149986 -14.1819
35000 80000 149985 -14.7315
40000 80000 149986 -13.8978
40000 70000 149986 -13.6795
45000 70000 149987 -13.2844
40000 75000 149986 -14.1819
45000 75000 149986 -13.6891
45000 70000 149987 -13.2844
50000 70000 149988 -12.2359
45000 75000 149986 -13.6891
50000 75000 149987 -13.1468
40000 75000 149986 -14.1819
45000 75000 149986 -13.6891
40000 80000 149986 -13.8978
45000 80000 149986 -13.7649
45000 75000 149986 -13.6891
50000 75000 149987 -13.1468
45000 80000 149986 -13.7649
50000 80000 149987 -13.394
50000 70000 149988 -12.2359
55000 70000 149989 -11.2092
50000 75000 149987 -13.1468
55000 75000 149988 -11.5324
55000 70000 149989 -11.2092
60000 70000 149992 -7.82476
55000 75000 149988 -11.5324
60000 75000 149990 -9.64302
50000 75000 149987 -13.1468
55000 75000 149988 -11.5324
50000 80000 149987 -13.394
55000 80000 149988 -11.7538
55000 75000 149988 -11.5324
60000 75000 149990 -9.64302
55000 80000 149988 -11.7538
60000 80000 149989 -11.1901
60000 70000 149992 -7.82476
65000 70000 149994 -5.91237
60000 75000 149990 -9.64302
65000 75000 149992 -7.86317
65000 70000 149994 -5.91237
70000 70000 149996 -3.93234
65000 75000 149992 -7.86317
70000 75000 149995 -5.104
60000 75000 149990 -9.64302
65000 75000 149992 -7.86317
60000 80000 149989 -11.1901
65000 80000 149989 -10.8382
65000 75000 149992 -7.86317
70000 75000 149995 -5.104
65000 80000 149989 -10.8382
70000 80000 149992 -7.96279
70000 70000 149996 -3.93234
75000 70000 149999 -0.706295
70000 75000 149995 -5.104
75000 75000 149996 -3.56423
75000 70000 149999 -0.706295
80000 70000 150003 2.75645
75000 75000 149996 -3.56423
80000 75000 149999 -1.17699
70000 75000 149995 -5.104
75000 75000 149996 -3.56423
70000 80000 149992 -7.96279
75000 80000 149995 -4.8893
75000 75000 149996 -3.56423
80000 75000 149999 -1.17699
75000 80000 149995 -4.8893
80000 80000 150002 2.17584
80000 0 150014 13.8912
85000 0 150017 16.6557
80000 5000 150013 13.0517
85000 5000 150017 16.7504
85000 0 150017 16.6557
90000 0 150018 18.1029
85000 5000 150017 16.7504
90000 5000 150019 18.865
80000 5000 150013 13.0517
85000 5000 150017 16.7504
80000 10000 150011 10.8899
85000 10000 150015 15.0331
85000 5000 150017 16.7504
90000 5000 150019 18.865
85000 10000 150015 15.0331
90000 10000 150018 17.6289
90000 0 150018 18.1029
95000 0 150018 17.6067
90000 5000 150019 18.865
95000 5000 150018 18.2805
95000 0 150018 17.6067
100000 0 150015 14.6553
95000 5000 150018 18.2805
100000 5000 150015 15.1397
90000 5000 150019 18.865
95000 5000 150018 18.2805
90000 10000 150018 17.6289
95000 10000 150018 18.3878
95000 5000 150018 18.2805
100000 5000 150015 15.1397
95000 10000 150018 18.3878
100000 10000 150016 16.1438
100000 0 150015 14.6553
105000 0 150008 7.76879
100000 5000 150015 15.1397
105000 5000 150005 5.4268
105000 0 150008 7.76879
110000 0 149996 -4.47512
105000 5000 150005 5.4268
110000 5000 149990 -9.80082
100000 5000 150015 15.1397
105000 5000 150005 5.4268
100000 10000 150016 16.1438
105000 10000 150012 12.0784
105000 5000 150005 5.4268
110000 5000 149990 -9.80082
105000 10000 150012 12.0784
110000 10000 150002 2.42546
110000 0 149996 -4.47512
115000 0 149979 -21.4645
110000 5000 149990 -9.80082
115000 5000 149972 -27.612
115000 0 149979 -21.4645
120000 0 149966 -34.1845
115000 5000 149972 -27.612
120000 5000 149961 -39.4929
110000 5000 149990 -9.80082
115000 5000 149972 -27.612
110000 10000 150002 2.42546
115000 10000 149980 -19.5459
115000 5000 149972 -27.612
120000 5000 149961 -39.4929
115000 10000 149980 -19.5459
120000 10000 149957 -42.5615
120000 0 149966 -34.1845
125000 0 149958 -41.9623
120000 5000 149961 -39.4929
125000 5000 149957 -43.495
125000 0 149958 -41.9623
130000 0 149958 -41.9497
125000 5000 149957 -43.495
130000 5000 149957 -43.3446
120000 5000 149961 -39.4929
125000 5000 149957 -43.495
120000 10000 149957 -42.5615
125000 10000 149950 -49.5
125000 5000 149957 -43.495
130000 5000 149957 -43.3446
125000 10000 149950 -49.5
130000 10000 149952 -47.9808
130000 0 149958 -41.9497
135000 0 149962 -37.6038
130000 5000 149957 -43.3446
135000 5000 149959 -40.9834
135000 0 149962 -37.6038
140000 0 149967 -33.2629
135000 5000 149959 -40.9834
140000 5000 149974 -25.5852
130000 5000 149957 -43.3446
135000 5000 149959 -40.9834
130000 10000 149952 -47.9808
135000 10000 149959 -41.1878
135000 5000 149959 -40.9834
140000 5000 149974 -25.5852
135000 10000 149959 -41.1878
140000 10000 149973 -26.5303
140000 0 149967 -33.2629
145000 0 149986 -14.3244
140000 5000 149974 -25.5852
145000 5000 149979 -20.6427
145000 0 149986 -14.3244
150000 0 149991 -9.40562
145000 5000 149979 -20.6427
150000 5000 149990 -9.5777
140000 5000 149974 -25.5852
145000 5000 149979 -20.6427
140000 10000 149973 -26.5303
145000 10000 149988 -11.9407
145000 5000 149979 -20.6427
150000 5000 149990 -9.5777
145000 10000 149988 -11.9407
150000 10000 149997 -3.03224
150000 0 149991 -9.40562
155000 0 149999 -1.1341
150000 5000 149990 -9.5777
155000 5000 150001 1.09805
155000 0 149999 -1.1341
160000 0 150007 7.3354
155000 5000 150001 1.09805
160000 5000 150008 7.97407
150000 5000 149990 -9.5777
155000 5000 150001 1.09805
150000 10000 149997 -3.03224
155000 10000 150002 2.02189
155000 5000 150001 1.09805
160000 5000 150008 7.97407
155000 10000 150002 2.02189
160000 10000 150010 10.4384
80000 10000 150011 10.8899
85000 10000 150015 15.0331
80000 15000 150011 10.6769
85000 15000 150016 15.7579
85000 10000 150015 15.0331
90000 10000 150018 17.6289
85000 15000 150016 15.7579
90000 15000 150016 16.0632
80000 15000 150011 10.6769
85000 15000 150016 15.7579
80000 20000 150013 13.0777
85000 20000 150018 18.1094
85000 15000 150016 15.7579
90000 15000 150016 16.0632
85000 20000 150018 18.1094
90000 20000 150019 19.2047
90000 10000 150018 17.6289
95000 10000 150018 18.3878
90000 15000 150016 16.0632
95000 15000 150019 18.7386
95000 10000 150018 18.3878
100000 10000 150016 16.1438
95000 15000 150019 18.7386
100000 15000 150019 19.2116
90000 15000 150016 16.0632
95000 15000 150019 18.7386
90000 20000 150019 19.2047
95000 20000 150020 19.7136
95000 15000 150019 18.7386
100000 15000 150019 19.2116
95000 20000 150020 19.7136
100000 20000 150019 18.8187
100000 10000 150016 16.1438
105000 10000 150012 12.0784
100000 15000 150019 19.2116
105000 15000 150020 19.936
105000 10000 150012 12.0784
110000 10000 150002 2.42546
105000 15000 150020 19.936
110000 15000 150013 12.6942
100000 15000 150019 19.2116
105000 15000 150020 19.936
100000 20000 150019 18.8187
105000 20000 150022 22.4265
105000 15000 150020 19.936
110000 15000 150013 12.6942
105000 20000 150022 22.4265
110000 20000 150022 21.9026
110000 10000 150002 2.42546
115000 10000 149980 -19.5459
110000 15000 150013 12.6942
115000 15000 149988 -12.2761
115000 10000 149980 -19.5459
120000 10000 149957 -42.5615
115000 15000 149988 -12.2761
120000 15000 149955 -44.6634
110000 15000 150013 12.6942
115000 15000 149988 -12.2761
110000 20000 150022 21.9026
115000 20000 149997 -3.41684
115000 15000 149988 -12.2761
120000 15000 149955 -44.6634
115000 20000 149997 -3.41684
120000 20000 149957 -43.1884
120000 10000 149957 -42.5615
125000 10000 149950 -49.5
120000 15000 149955 -44.6634
125000 15000 149935 -65.1393
125000 10000 149950 -49.5
130000 10000 149952 -47.9808
125000 15000 149935 -65.1393
130000 15000 149939 -61.073
120000 15000 149955 -44.6634
125000 15000 149935 -65.1393
120000 20000 149957 -43.1884
125000 20000 149921 -79.358
125000 15000 149935 -65.1393
130000 15000 149939 -61.073
125000 20000 149921 -79.358
130000 20000 149918 -82.234
130000 10000 149952 -47.9808
135000 10000 149959 -41.1878
130000 15000 149939 -61.073
135000 15000 149956 -44.1748
135000 10000 149959 -41.1878
140000 10000 149973 -26.5303
135000 15000 149956 -44.1748
140000 15000 149969 -30.6289
130000 15000 149939 -61.073
135000 15000 149956 -44.1748
130000 20000 149918 -82.234
135000 20000 149946 -53.6429
135000 15000 149956 -44.1748
140000 15000 149969 -30.6289
135000 20000 149946 -53.6429
140000 20000 149968 -32.3802
140000 10000 149973 -26.5303
145000 10000 149988 -11.9407
140000 15000 149969 -30.6289
145000 15000 149989 -11.2171
145000 10000 149988 -11.9407
150000 10000 149997 -3.03224
145000 15000 149989 -11.2171
150000 15000 149999 -1.36912
140000 15000 149969 -30.6289
145000 15000 149989 -11.2171
140000 20000 149968 -32.3802
145000 20000 149987 -12.8431
145000 15000 149989 -11.2171
150000 15000 149999 -1.36912
145000 20000 149987 -12.8431
150000 20000 149982 -17.6495
150000 10000 149997 -3.03224
155000 10000 150002 2.02189
150000 15000 149999 -1.36912
155000 15000 150005 5.37195
155000 10000 150002 2.02189
160000 10000 150010 10.4384
155000 15000 150005 5.37195
160000 15000 150011 11.3913
150000 15000 149999 -1.36912
155000 15000 150005 5.37195
150000 20000 149982 -17.6495
155000 20000 149998 -2.25727
155000 15000 150005 5.37195
160000 15000 150011 11.3913
155000 20000 149998 -2.25727
160000 20000 150009 8.74038
80000 20000 150013 13.0777
85000 20000 150018 18.1094
80000 25000 150012 11.7578
85000 25000 150017 17.4173
85000 20000 150018 18.1094
90000 20000 150019 19.2047
85000 25000 150017 17.4173
90000 25000 150019 19.1564
80000 25000 150012 11.7578
85000 25000 150017 17.4173
80000 30000 150009 9.38516
85000 30000 150015 14.5942
85000 25000 150017 17.4173
90000 25000 150019 19.1564
85000 30000 150015 14.5942
90000 30000 150019 19.4071
90000 20000 150019 19.2047
95000 20000 150020 19.7136
90000 25000 150019 19.1564
95000 25000 150021 21.1129
95000 20000 150020 19.7136
100000 20000 150019 18.8187
95000 25000 150021 21.1129
100000 25000 150022 21.9263
90000 25000 150019 19.1564
95000 25000 150021 21.1129
90000 30000 150019 19.4071
95000 30000 150021 21.0354
95000 25000 150021 21.1129
100000 25000 150022 21.9263
95000 30000 150021 21.0354
100000 30000 150023 22.5397
100000 20000 150019 18.8187
105000 20000 150022 22.4265
100000 25000 150022 21.9263
105000 25000 150024 24.2309
105000 20000 150022 22.4265
110000 20000 150022 21.9026
105000 25000 150024 24.2309
110000 25000 150027 26.745
100000 25000 150022 21.9263
105000 25000 150024 24.2309
100000 30000 150023 22.5397
105000 30000 150023 23.1914
105000 25000 150024 24.2309
110000 25000 150027 26.745
105000 30000 150023 23.1914
110000 30000 150025 25.4843
110000 20000 150022 21.9026
115000 20000 149997 -3.41684
110000 25000 150027 26.745
115000 25000 150012 12.1107
115000 20000 149997 -3.41684
120000 20000 149957 -43.1884
115000 25000 150012 12.1107
120000 25000 149970 -29.9335
110000 25000 150027 26.745
115000 25000 150012 12.1107
110000 30000 150025 25.4843
115000 30000 150020 20.4128
115000 25000 150012 12.1107
120000 25000 149970 -29.9335
115000 30000 150020 20.4128
120000 30000 149988 -12.2729
120000 20000 149957 -43.1884
125000 20000 149921 -79.358
120000 25000 149970 -29.9335
125000 25000 149934 -66.4798
125000 20000 149921 -79.358
130000 20000 149918 -82.234
125000 25000 149934 -66.4798
130000 25000 149907 -92.9297
120000 25000 149970 -29.9335
125000 25000 149934 -66.4798
120000 30000 149988 -12.2729
125000 30000 149955 -45.1446
125000 25000 149934 -66.4798
130000 25000 149907 -92.9297
125000 30000 149955 -45.1446
130000 30000 149912 -87.6073
130000 20000 149918 -82.234
135000 20000 149946 -53.6429
130000 25000 149907 -92.9297
135000 25000 149928 -72.4265
135000 20000 149946 -53.6429
140000 20000 149968 -32.3802
135000 25000 149928 -72.4265
140000 25000 149957 -43.11
130000 25000 149907 -92.9297
135000 25000 149928 -72.4265
130000 30000 149912 -87.6073
135000 30000 149906 -93.9038
135000 25000 149928 -72.4265
140000 25000 149957 -43.11
135000 30000 149906 -93.9038
140000 30000 149946 -54.1733
140000 20000 149968 -32.3802
145000 20000 149987 -12.8431
140000 25000 149957 -43.11
145000 25000 149981 -18.7276
145000 20000 149987 -12.8431
150000 20000 149982 -17.6495
145000 25000 149981 -18.7276
150000 25000 149997 -2.93167
140000 25000 149957 -43.11
145000 25000 149981 -18.7276
140000 30000 149946 -54.1733
145000 30000 149970 -30.2539
145000 25000 149981 -18.7276
150000 25000 149997 -2.93167
145000 30000 149970 -30.2539
150000 30000 149993 -7.23291
150000 20000 149982 -17.6495
155000 20000 149998 -2.25727
150000 25000 149997 -2.93167
155000 25000 150004 4.46651
155000 20000 149998 -2.25727
160000 20000 150009 8.74038
155000 25000 150004 4.46651
160000 25000 150006 6.03698
150000 25000 149997 -2.93167
155000 25000 150004 4.46651
150000 30000 149993 -7.23291
155000 30000 150005 5.21151
155000 25000 150004 4.46651
160000 25000 150006 6.03698
155000 30000 150005 5.21151
160000 30000 150012 11.7329
80000 30000 150009 9.38516
85000 30000 150015 14.5942
80000 35000 150010 10.3042
85000 35000 150014 13.7156
85000 30000 150015 14.5942
90000 30000 150019 19.4071
85000 35000 150014 13.7156
90000 35000 150015 15.3515
80000 35000 150010 10.3042
85000 35000 150014 13.7156
80000 40000 150005 5.47318
85000 40000 150013 13.1403
85000 35000 150014 13.7156
90000 35000 150015 15.3515
85000 40000 150013 13.1403
90000 40000 150018 18.3872
90000 30000 150019 19.4071
95000 30000 150021 21.0354
90000 35000 150015 15.3515
95000 35000 150021 20.7729
95000 30000 150021 21.0354
100000 30000 150023 22.5397
95000 35000 150021 20.7729
100000 35000 150023 22.8502
90000 35000 150015 15.3515
95000 35000 150021 20.7729
90000 40000 150018 18.3872
95000 40000 150021 21.4603
95000 35000 150021 20.7729
100000 35000 150023 22.8502
95000 40000 150021 21.4603
100000 40000 150024 23.8156
100000 30000 150023 22.5397
105000 30000 150023 23.1914
100000 35000 150023 22.8502
105000 35000 150024 23.6202
105000 30000 150023 23.1914
110000 30000 150025 25.4843
105000 35000 150024 23.6202
110000 35000 150025 25.2091
100000 35000 150023 22.8502
105000 35000 150024 23.6202
100000 40000 150024 23.8156
105000 40000 150024 23.7752
105000 35000 150024 23.6202
110000 35000 150025 25.2091
105000 40000 150024 23.7752
110000 40000 150023 23.2631
110000 30000 150025 25.4843
115000 30000 150020 20.4128
110000 35000 150025 25.2091
115000 35000 150025 24.8243
115000 30000 150020 20.4128
120000 30000 149988 -12.2729
115000 35000 150025 24.8243
120000 35000 150007 6.78374
110000 35000 150025 25.2091
115000 35000 150025 24.8243
110000 40000 150023 23.2631
115000 40000 150025 25.2047
115000 35000 150025 24.8243
120000 35000 150007 6.78374
115000 40000 150025 25.2047
120000 40000 150019 18.5432
120000 30000 149988 -12.2729
125000 30000 149955 -45.1446
120000 35000 150007 6.78374
125000 35000 149970 -30.3402
125000 30000 149955 -45.1446
130000 30000 149912 -87.6073
125000 35000 149970 -30.3402
130000 35000 149933 -67.1003
120000 35000 150007 6.78374
125000 35000 149970 -30.3402
120000 40000 150019 18.5432
125000 40000 149990 -10.3309
125000 35000 149970 -30.3402
130000 35000 149933 -67.1003
125000 40000 149990 -10.3309
130000 40000 149955 -44.5097
130000 30000 149912 -87.6073
135000 30000 149906 -93.9038
130000 35000 149933 -67.1003
135000 35000 149897 -102.637
135000 30000 149906 -93.9038
140000 30000 149946 -54.1733
135000 35000 149897 -102.637
140000 35000 149923 -77.1191
130000 35000 149933 -67.1003
135000 35000 149897 -102.637
130000 40000 149955 -44.5097
135000 40000 149909 -91.4192
135000 35000 149897 -102.637
140000 35000 149923 -77.1191
135000 40000 149909 -91.4192
140000 40000 149901 -98.5627
140000 30000 149946 -54.1733
145000 30000 149970 -30.2539
140000 35000 149923 -77.1191
145000 35000 149957 -43.11
145000 30000 149970 -30.2539
150000 30000 149993 -7.23291
145000 35000 149957 -43.11
150000 35000 149977 -22.6461
140000 35000 149923 -77.1191
145000 35000 149957 -43.11
140000 40000 149901 -98.5627
145000 40000 149940 -60.4132
145000 35000 149957 -43.11
150000 35000 149977 -22.6461
145000 40000 149940 -60.4132
150000 40000 149966 -33.5524
150000 30000 149993 -7.23291
155000 30000 150005 5.21151
150000 35000 149977 -22.6461
155000 35000 150003 2.88736
155000 30000 150005 5.21151
160000 30000 150012 11.7329
155000 35000 150003 2.88736
160000 35000 150014 14.1162
150000 35000 149977 -22.6461
155000 35000 150003 2.88736
150000 40000 149966 -33.5524
155000 40000 149998 -2.03394
155000 35000 150003 2.88736
160000 35000 150014 14.1162
155000 40000 149998 -2.03394
160000 40000 149996 -3.71945
80000 40000 150005 5.47318
85000 40000 150013 13.1403
80000 45000 150007 7.41136
85000 45000 150013 12.809
85000 40000 150013 13.1403
90000 40000 150018 18.3872
85000 45000 150013 12.809
90000 45000 150019 19.2174
80000 45000 150007 7.41136
85000 45000 150013 12.809
80000 50000 150006 6.23199
85000 50000 150010 10.3443
85000 45000 150013 12.809
90000 45000 150019 19.2174
85000 50000 150010 10.3443
90000 50000 150016 15.5764
90000 40000 150018 18.3872
95000 40000 150021 21.4603
90000 45000 150019 19.2174
95000 45000 150021 20.9273
95000 40000 150021 21.4603
100000 40000 150024 23.8156
95000 45000 150021 20.9273
100000 45000 150022 21.8372
90000 45000 150019 19.2174
95000 45000 150021 20.9273
90000 50000 150016 15.5764
95000 50000 150022 21.841
95000 45000 150021 20.9273
100000 45000 150022 21.8372
95000 50000 150022 21.841
100000 50000 150024 23.6197
100000 40000 150024 23.8156
105000 40000 150024 23.7752
100000 45000 150022 21.8372
105000 45000 150024 23.646
105000 40000 150024 23.7752
110000 40000 150023 23.2631
105000 45000 150024 23.646
110000 45000 150023 23.1974
100000 45000 150022 21.8372
105000 45000 150024 23.646
100000 50000 150024 23.6197
105000 50000 150023 23.288
105000 45000 150024 23.646
110000 45000 150023 23.1974
105000 50000 150023 23.288
110000 50000 150024 24.0228
110000 40000 150023 23.2631
115000 40000 150025 25.2047
110000 45000 150023 23.1974
115000 45000 150022 21.5423
115000 40000 150025 25.2047
120000 40000 150019 18.5432
115000 45000 150022 21.5423
120000 45000 150020 19.9711
110000 45000 150023 23.1974
115000 45000 150022 21.5423
110000 50000 150024 24.0228
115000 50000 150022 22.0271
115000 45000 150022 21.5423
120000 45000 150020 19.9711
115000 50000 150022 22.0271
120000 50000 150010 9.88236
120000 40000 150019 18.5432
125000 40000 149990 -10.3309
120000 45000 150020 19.9711
125000 45000 149979 -21.0744
125000 40000 149990 -10.3309
130000 40000 149955 -44.5097
125000 45000 149979 -21.0744
130000 45000 149964 -35.6619
120000 45000 150020 19.9711
125000 45000 149979 -21.0744
120000 50000 150010 9.88236
125000 50000 150014 13.8369
125000 45000 149979 -21.0744
130000 45000 149964 -35.6619
125000 50000 150014 13.8369
130000 50000 149991 -9.11329
130000 40000 149955 -44.5097
135000 40000 149909 -91.4192
130000 45000 149964 -35.6619
135000 45000 149937 -63.2467
135000 40000 149909 -91.4192
140000 40000 149901 -98.5627
135000 45000 149937 -63.2467
140000 45000 149894 -105.537
130000 45000 149964 -35.6619
135000 45000 149937 -63.2467
130000 50000 149991 -9.11329
135000 50000 149957 -43.1101
135000 45000 149937 -63.2467
140000 45000 149894 -105.537
135000 50000 149957 -43.1101
140000 50000 149910 -89.5261
140000 40000 149901 -98.5627
145000 40000 149940 -60.4132
140000 45000 149894 -105.537
145000 45000 149910 -89.8764
145000 40000 149940 -60.4132
150000 40000 149966 -33.5524
145000 45000 149910 -89.8764
150000 45000 149956 -43.5722
140000 45000 149894 -105.537
145000 45000 149910 -89.8764
140000 50000 149910 -89.5261
145000 50000 149890 -110.334
145000 45000 149910 -89.8764
150000 45000 149956 -43.5722
145000 50000 149890 -110.334
150000 50000 149934 -66.1569
150000 40000 149966 -33.5524
155000 40000 149998 -2.03394
150000 45000 149956 -43.5722
155000 45000 149969 -31.0031
155000 40000 149998 -2.03394
160000 40000 149996 -3.71945
155000 45000 149969 -31.0031
160000 45000 150008 8.26586
150000 45000 149956 -43.5722
155000 45000 149969 -31.0031
150000 50000 149934 -66.1569
155000 50000 149971 -29.4642
155000 45000 149969 -31.0031
160000 45000 150008 8.26586
155000 50000 149971 -29.4642
160000 50000 149985 -14.8274
80000 50000 150006 6.23199
85000 50000 150010 10.3443
80000 55000 150003 2.59682
85000 55000 150007 7.01545
85000 50000 150010 10.3443
90000 50000 150016 15.5764
85000 55000 150007 7.01545
90000 55000 150012 12.4774
80000 55000 150003 2.59682
85000 55000 150007 7.01545
80000 60000 150004 4.42103
85000 60000 150008 8.34092
85000 55000 150007 7.01545
90000 55000 150012 12.4774
85000 60000 150008 8.34092
90000 60000 150011 11.3931
90000 50000 150016 15.5764
95000 50000 150022 21.841
90000 55000 150012 12.4774
95000 55000 150018 18.1741
95000 50000 150022 21.841
100000 50000 150024 23.6197
95000 55000 150018 18.1741
100000 55000 150022 22.2418
90000 55000 150012 12.4774
95000 55000 150018 18.1741
90000 60000 150011 11.3931
95000 60000 150016 15.5021
95000 55000 150018 18.1741
100000 55000 150022 22.2418
95000 60000 150016 15.5021
100000 60000 150020 20.1926
100000 50000 150024 23.6197
105000 50000 150023 23.288
100000 55000 150022 22.2418
105000 55000 150025 24.7914
105000 50000 150023 23.288
110000 50000 150024 24.0228
105000 55000 150025 24.7914
110000 55000 150024 24.4414
100000 55000 150022 22.2418
105000 55000 150025 24.7914
100000 60000 150020 20.1926
105000 60000 150024 23.886
105000 55000 150025 24.7914
110000 55000 150024 24.4414
105000 60000 150024 23.886
110000 60000 150024 24.1651
110000 50000 150024 24.0228
115000 50000 150022 22.0271
110000 55000 150024 24.4414
115000 55000 150023 22.561
115000 50000 150022 22.0271
120000 50000 150010 9.88236
115000 55000 150023 22.561
120000 55000 150022 22.234
110000 55000 150024 24.4414
115000 55000 150023 22.561
110000 60000 150024 24.1651
115000 60000 150024 23.8102
115000 55000 150023 22.561
120000 55000 150022 22.234
115000 60000 150024 23.8102
120000 60000 150022 22.3795
120000 50000 150010 9.88236
125000 50000 150014 13.8369
120000 55000 150022 22.234
125000 55000 150022 21.8673
125000 50000 150014 13.8369
130000 50000 149991 -9.11329
125000 55000 150022 21.8673
130000 55000 150002 2.34807
120000 55000 150022 22.234
125000 55000 150022 21.8673
120000 60000 150022 22.3795
125000 60000 150022 22.3505
125000 55000 150022 21.8673
130000 55000 150002 2.34807
125000 60000 150022 22.3505
130000 60000 150015 15.3358
130000 50000 149991 -9.11329
135000 50000 149957 -43.1101
130000 55000 150002 2.34807
135000 55000 149971 -28.9977
135000 50000 149957 -43.1101
140000 50000 149910 -89.5261
135000 55000 149971 -28.9977
140000 55000 149941 -59.067
130000 55000 150002 2.34807
135000 55000 149971 -28.9977
130000 60000 150015 15.3358
135000 60000 149991 -8.50625
135000 55000 149971 -28.9977
140000 55000 149941 -59.067
135000 60000 149991 -8.50625
140000 60000 149957 -43.11
140000 50000 149910 -89.5261
145000 50000 149890 -110.334
140000 55000 149941 -59.067
145000 55000 149894 -105.963
145000 50000 149890 -110.334
150000 50000 149934 -66.1569
145000 55000 149894 -105.963
150000 55000 149911 -89.485
140000 55000 149941 -59.067
145000 55000 149894 -105.963
140000 60000 149957 -43.11
145000 60000 149918 -81.6549
145000 55000 149894 -105.963
150000 55000 149911 -89.485
145000 60000 149918 -81.6549
150000 60000 149896 -103.84
150000 50000 149934 -66.1569
155000 50000 149971 -29.4642
150000 55000 149911 -89.485
155000 55000 149956 -43.8482
155000 50000 149971 -29.4642
160000 50000 149985 -14.8274
155000 55000 149956 -43.8482
160000 55000 149977 -22.9775
150000 55000 149911 -89.485
155000 55000 149956 -43.8482
150000 60000 149896 -103.84
155000 60000 149929 -71.0016
155000 55000 149956 -43.8482
160000 55000 149977 -22.9775
155000 60000 149929 -71.0016
160000 60000 149960 -39.8097
80000 60000 150004 4.42103
85000 60000 150008 8.34092
80000 65000 150003 2.67869
85000 65000 150006 6.24524
85000 60000 150008 8.34092
90000 60000 150011 11.3931
85000 65000 150006 6.24524
90000 65000 150012 12.392
80000 65000 150003 2.67869
85000 65000 150006 6.24524
80000 70000 150003 2.75645
85000 70000 150006 5.83543
85000 65000 150006 6.24524
90000 65000 150012 12.392
85000 70000 150006 5.83543
90000 70000 150009 9.27915
90000 60000 150011 11.3931
95000 60000 150016 15.5021
90000 65000 150012 12.392
95000 65000 150016 15.9847
95000 60000 150016 15.5021
100000 60000 150020 20.1926
95000 65000 150016 15.9847
100000 65000 150019 19.0674
90000 65000 150012 12.392
95000 65000 150016 15.9847
90000 70000 150009 9.27915
95000 70000 150014 13.518
95000 65000 150016 15.9847
100000 65000 150019 19.0674
95000 70000 150014 13.518
100000 70000 150017 17.4094
100000 60000 150020 20.1926
105000 60000 150024 23.886
100000 65000 150019 19.0674
105000 65000 150024 23.8409
105000 60000 150024 23.886
110000 60000 150024 24.1651
105000 65000 150024 23.8409
110000 65000 150025 24.7606
100000 65000 150019 19.0674
105000 65000 150024 23.8409
100000 70000 150017 17.4094
105000 70000 150021 21.3118
105000 65000 150024 23.8409
110000 65000 150025 24.7606
105000 70000 150021 21.3118
110000 70000 150024 23.5235
110000 60000 150024 24.1651
115000 60000 150024 23.8102
110000 65000 150025 24.7606
115000 65000 150024 23.8185
115000 60000 150024 23.8102
120000 60000 150022 22.3795
115000 65000 150024 23.8185
120000 65000 150023 22.944
110000 65000 150025 24.7606
115000 65000 150024 23.8185
110000 70000 150024 23.5235
115000 70000 150025 25.4975
115000 65000 150024 23.8185
120000 65000 150023 22.944
115000 70000 150025 25.4975
120000 70000 150024 23.9416
120000 60000 150022 22.3795
125000 60000 150022 22.3505
120000 65000 150023 22.944
125000 65000 150022 22.1283
125000 60000 150022 22.3505
130000 60000 150015 15.3358
125000 65000 150022 22.1283
130000 65000 150014 13.9966
120000 65000 150023 22.944
125000 65000 150022 22.1283
120000 70000 150024 23.9416
125000 70000 150021 20.8427
125000 65000 150022 22.1283
130000 65000 150014 13.9966
125000 70000 150021 20.8427
130000 70000 150017 17.4269
130000 60000 150015 15.3358
135000 60000 149991 -8.50625
130000 65000 150014 13.9966
135000 65000 149992 -7.71571
135000 60000 149991 -8.50625
140000 60000 149957 -43.11
135000 65000 149992 -7.71571
140000 65000 149973 -26.881
130000 65000 150014 13.9966
135000 65000 149992 -7.71571
130000 70000 150017 17.4269
135000 70000 150011 11.4952
135000 65000 149992 -7.71571
140000 65000 149973 -26.881
135000 70000 150011 11.4952
140000 70000 149985 -14.8254
140000 60000 149957 -43.11
145000 60000 149918 -81.6549
140000 65000 149973 -26.881
145000 65000 149950 -50.2987
145000 60000 149918 -81.6549
150000 60000 149896 -103.84
145000 65000 149950 -50.2987
150000 65000 149905 -94.8314
140000 65000 149973 -26.881
145000 65000 149950 -50.2987
140000 70000 149985 -14.8254
145000 70000 149958 -41.8983
145000 65000 149950 -50.2987
150000 65000 149905 -94.8314
145000 70000 149958 -41.8983
150000 70000 149932 -67.8692
150000 60000 149896 -103.84
155000 60000 149929 -71.0016
150000 65000 149905 -94.8314
155000 65000 149902 -98.4186
155000 60000 149929 -71.0016
160000 60000 149960 -39.8097
155000 65000 149902 -98.4186
160000 65000 149948 -51.7883
150000 65000 149905 -94.8314
155000 65000 149902 -98.4186
150000 70000 149932 -67.8692
155000 70000 149895 -105.318
155000 65000 149902 -98.4186
160000 65000 149948 -51.7883
155000 70000 149895 -105.318
160000 70000 149916 -83.6293
80000 70000 150003 2.75645
85000 70000 150006 5.83543
80000 75000 149999 -1.17699
85000 75000 150003 3.34222
85000 70000 150006 5.83543
90000 70000 150009 9.27915
85000 75000 150003 3.34222
90000 75000 150008 8.32964
80000 75000 149999 -1.17699
85000 75000 150003 3.34222
80000 80000 150002 2.17584
85000 80000 150003 2.86116
85000 75000 150003 3.34222
90000 75000 150008 8.32964
85000 80000 150003 2.86116
90000 80000 150006 6.28105
90000 70000 150009 9.27915
95000 70000 150014 13.518
90000 75000 150008 8.32964
95000 75000 150012 12.4399
95000 70000 150014 13.518
100000 70000 150017 17.4094
95000 75000 150012 12.4399
100000 75000 150015 14.9544
90000 75000 150008 8.32964
95000 75000 150012 12.4399
90000 80000 150006 6.28105
95000 80000 150011 10.5188
95000 75000 150012 12.4399
100000 75000 150015 14.9544
95000 80000 150011 10.5188
100000 80000 150016 15.6828
100000 70000 150017 17.4094
105000 70000 150021 21.3118
100000 75000 150015 14.9544
105000 75000 150020 19.5431
105000 70000 150021 21.3118
110000 70000 150024 23.5235
105000 75000 150020 19.5431
110000 75000 150023 23.058
100000 75000 150015 14.9544
105000 75000 150020 19.5431
100000 80000 150016 15.6828
105000 80000 150019 18.5291
105000 75000 150020 19.5431
110000 75000 150023 23.058
105000 80000 150019 18.5291
110000 80000 150022 21.5018
110000 70000 150024 23.5235
115000 70000 150025 25.4975
110000 75000 150023 23.058
115000 75000 150023 22.7613
115000 70000 150025 25.4975
120000 70000 150024 23.9416
115000 75000 150023 22.7613
120000 75000 150023 23.3928
110000 75000 150023 23.058
115000 75000 150023 22.7613
110000 80000 150022 21.5018
115000 80000 150022 21.921
115000 75000 150023 22.7613
120000 75000 150023 23.3928
115000 80000 150022 21.921
120000 80000 150023 22.661
120000 70000 150024 23.9416
125000 70000 150021 20.8427
120000 75000 150023 23.3928
125000 75000 150021 21.1149
125000 70000 150021 20.8427
130000 70000 150017 17.4269
125000 75000 150021 21.1149
130000 75000 150017 16.8496
120000 75000 150023 23.3928
125000 75000 150021 21.1149
120000 80000 150023 22.661
125000 80000 150020 20.4851
125000 75000 150021 21.1149
130000 75000 150017 16.8496
125000 80000 150020 20.4851
130000 80000 150016 16.0758
130000 70000 150017 17.4269
135000 70000 150011 11.4952
130000 75000 150017 16.8496
135000 75000 150012 11.547
135000 70000 150011 11.4952
140000 70000 149985 -14.8254
135000 75000 150012 11.547
140000 75000 149995 -4.52535
130000 75000 150017 16.8496
135000 75000 150012 11.547
130000 80000 150016 16.0758
135000 80000 150012 11.5007
135000 75000 150012 11.547
140000 75000 149995 -4.52535
135000 80000 150012 11.5007
140000 80000 150010 9.9372
140000 70000 149985 -14.8254
145000 70000 149958 -41.8983
140000 75000 149995 -4.52535
145000 75000 149973 -27.0816
145000 70000 149958 -41.8983
150000 70000 149932 -67.8692
145000 75000 149973 -27.0816
150000 75000 149957 -43.1102
140000 75000 149995 -4.52535
145000 75000 149973 -27.0816
140000 80000 150010 9.9372
145000 80000 149998 -1.65359
145000 75000 149973 -27.0816
150000 75000 149957 -43.1102
145000 80000 149998 -1.65359
150000 80000 149967 -32.7907
150000 70000 149932 -67.8692
155000 70000 149895 -105.318
150000 75000 149957 -43.1102
155000 75000 149910 -90.3537
155000 70000 149895 -105.318
160000 70000 149916 -83.6293
155000 75000 149910 -90.3537
160000 75000 149892 -107.943
150000 75000 149957 -43.1102
155000 75000 149910 -90.3537
150000 80000 149967 -32.7907
155000 80000 149936 -63.7997
155000 75000 149910 -90.3537
160000 75000 149892 -107.943
155000 80000 149936 -63.7997
160000 80000 149891 -108.991
0 80000 149985 -15.2561
5000 80000 149984 -15.5151
0 85000 149984 -16.3604
5000 85000 149984 -16.4547
5000 80000 149984 -15.5151
10000 80000 149984 -16.0039
5000 85000 149984 -16.4547
10000 85000 149985 -15.2343
0 85000 149984 -16.3604
5000 85000 149984 -16.4547
0 90000 149983 -16.5623
5000 90000 149984 -15.7589
5000 85000 149984 -16.4547
10000 85000 149985 -15.2343
5000 90000 149984 -15.7589
10000 90000 149985 -15.2784
10000 80000 149984 -16.0039
15000 80000 149984 -15.6589
10000 85000 149985 -15.2343
15000 85000 149985 -14.8477
15000 80000 149984 -15.6589
20000 80000 149984 -15.5386
15000 85000 149985 -14.8477
20000 85000 149985 -14.9171
10000 85000 149985 -15.2343
15000 85000 149985 -14.8477
10000 90000 149985 -15.2784
15000 90000 149984 -15.5383
15000 85000 149985 -14.8477
20000 85000 149985 -14.9171
15000 90000 149984 -15.5383
20000 90000 149984 -15.851
20000 80000 149984 -15.5386
25000 80000 149985 -15.458
20000 85000 149985 -14.9171
25000 85000 149985 -15.3876
25000 80000 149985 -15.458
30000 80000 149985 -15.0096
25000 85000 149985 -15.3876
30000 85000 149985 -15.219
20000 85000 149985 -14.9171
25000 85000 149985 -15.3876
20000 90000 149984 -15.851
25000 90000 149984 -15.5109
25000 85000 149985 -15.3876
30000 85000 149985 -15.219
25000 90000 149984 -15.5109
30000 90000 149985 -15.0986
30000 80000 149985 -15.0096
35000 80000 149985 -14.7315
30000 85000 149985 -15.219
35000 85000 149985 -14.8042
35000 80000 149985 -14.7315
40000 80000 149986 -13.8978
35000 85000 149985 -14.8042
40000 85000 149986 -14.3563
30000 85000 149985 -15.219
35000 85000 149985 -14.8042
30000 90000 149985 -15.0986
35000 90000 149985 -14.7458
35000 85000 149985 -14.8042
40000 85000 149986 -14.3563
35000 90000 149985 -14.7458
40000 90000 149986 -13.8361
40000 80000 149986 -13.8978
45000 80000 149986 -13.7649
40000 85000 149986 -14.3563
45000 85000 149986 -13.9044
45000 80000 149986 -13.7649
50000 80000 149987 -13.394
45000 85000 149986 -13.9044
50000 85000 149987 -13.4516
40000 85000 149986 -14.3563
45000 85000 149986 -13.9044
40000 90000 149986 -13.8361
45000 90000 149986 -13.507
45000 85000 149986 -13.9044
50000 85000 149987 -13.4516
45000 90000 149986 -13.507
50000 90000 149987 -13.0963
50000 80000 149987 -13.394
55000 80000 149988 -11.7538
50000 85000 149987 -13.4516
55000 85000 149987 -12.9372
55000 80000 149988 -11.7538
60000 80000 149989 -11.1901
55000 85000 149987 -12.9372
60000 85000 149988 -12.0707
50000 85000 149987 -13.4516
55000 85000 149987 -12.9372
50000 90000 149987 -13.0963
55000 90000 149987 -12.6529
55000 85000 149987 -12.9372
60000 85000 149988 -12.0707
55000 90000 149987 -12.6529
60000 90000 149989 -11.2226
60000 80000 149989 -11.1901
65000 80000 149989 -10.8382
60000 85000 149988 -12.0707
65000 85000 149991 -9.26283
65000 80000 149989 -10.8382
70000 80000 149992 -7.96279
65000 85000 149991 -9.26283
70000 85000 149993 -7.1887
60000 85000 149988 -12.0707
65000 85000 149991 -9.26283
60000 90000 149989 -11.2226
65000 90000 149989 -11.1725
65000 85000 149991 -9.26283
70000 85000 149993 -7.1887
65000 90000 149989 -11.1725
70000 90000 149993 -6.95273
70000 80000 149992 -7.96279
75000 80000 149995 -4.8893
70000 85000 149993 -7.1887
75000 85000 149997 -3.44163
75000 80000 149995 -4.8893
80000 80000 150002 2.17584
75000 85000 149997 -3.44163
80000 85000 149998 -1.71871
70000 85000 149993 -7.1887
75000 85000 149997 -3.44163
70000 90000 149993 -6.95273
75000 90000 149994 -6.48736
75000 85000 149997 -3.44163
80000 85000 149998 -1.71871
75000 90000 149994 -6.48736
80000 90000 149999 -0.554153
80000 80000 150002 2.17584
85000 80000 150003 2.86116
80000 85000 149998 -1.71871
85000 85000 150003 3.29039
85000 80000 150003 2.86116
90000 80000 150006 6.28105
85000 85000 150003 3.29039
90000 85000 150004 4.37606
80000 85000 149998 -1.71871
85000 85000 150003 3.29039
80000 90000 149999 -0.554153
85000 90000 150003 3.0908
85000 85000 150003 3.29039
90000 85000 150004 4.37606
85000 90000 150003 3.0908
90000 90000 150004 4.35836
90000 80000 150006 6.28105
95000 80000 150011 10.5188
90000 85000 150004 4.37606
95000 85000 150009 9.05389
95000 80000 150011 10.5188
100000 80000 150016 15.6828
95000 85000 150009 9.05389
100000 85000 150012 11.669
90000 85000 150004 4.37606
95000 85000 150009 9.05389
90000 90000 150004 4.35836
95000 90000 150008 7.57638
95000 85000 150009 9.05389
100000 85000 150012 11.669
95000 90000 150008 7.57638
100000 90000 150011 11.4825
100000 80000 150016 15.6828
105000 80000 150019 18.5291
100000 85000 150012 11.669
105000 85000 150016 16.1715
105000 80000 150019 18.5291
110000 80000 150022 21.5018
105000 85000 150016 16.1715
110000 85000 150018 18.1316
100000 85000 150012 11.669
105000 85000 150016 16.1715
100000 90000 150011 11.4825
105000 90000 150015 14.6306
105000 85000 150016 16.1715
110000 85000 150018 18.1316
105000 90000 150015 14.6306
110000 90000 150017 16.9672
0 90000 149983 -16.5623
5000 90000 149984 -15.7589
0 95000 149984 -16.4084
5000 95000 149983 -16.5209
5000 90000 149984 -15.7589
10000 90000 149985 -15.2784
5000 95000 149983 -16.5209
10000 95000 149983 -16.5078
0 95000 149984 -16.4084
5000 95000 149983 -16.5209
0 100000 149984 -16.4963
5000 100000 149983 -16.5972
5000 95000 149983 -16.5209
10000 95000 149983 -16.5078
5000 100000 149983 -16.5972
10000 100000 149984 -16.4142
10000 90000 149985 -15.2784
15000 90000 149984 -15.5383
10000 95000 149983 -16.5078
15000 95000 149984 -16.3222
15000 90000 149984 -15.5383
20000 90000 149984 -15.851
15000 95000 149984 -16.3222
20000 95000 149984 -15.716
10000 95000 149983 -16.5078
15000 95000 149984 -16.3222
10000 100000 149984 -16.4142
15000 100000 149984 -16.1577
15000 95000 149984 -16.3222
20000 95000 149984 -15.716
15000 100000 149984 -16.1577
20000 100000 149984 -15.8665
20000 90000 149984 -15.851
25000 90000 149984 -15.5109
20000 95000 149984 -15.716
25000 95000 149984 -15.9239
25000 90000 149984 -15.5109
30000 90000 149985 -15.0986
25000 95000 149984 -15.9239
30000 95000 149984 -15.5654
20000 95000 149984 -15.716
25000 95000 149984 -15.9239
20000 100000 149984 -15.8665
25000 100000 149984 -15.7414
25000 95000 149984 -15.9239
30000 95000 149984 -15.5654
25000 100000 149984 -15.7414
30000 100000 149985 -15.3802
30000 90000 149985 -15.0986
35000 90000 149985 -14.7458
30000 95000 149984 -15.5654
35000 95000 149985 -15.0734
35000 90000 149985 -14.7458
40000 90000 149986 -13.8361
35000 95000 149985 -15.0734
40000 95000 149986 -14.4286
30000 95000 149984 -15.5654
35000 95000 149985 -15.0734
30000 100000 149985 -15.3802
35000 100000 149985 -15.2307
35000 95000 149985 -15.0734
40000 95000 149986 -14.4286
35000 100000 149985 -15.2307
40000 100000 149985 -15.0047
40000 90000 149986 -13.8361
45000 90000 149986 -13.507
40000 95000 149986 -14.4286
45000 95000 149986 -14.4913
45000 90000 149986 -13.507
50000 90000 149987 -13.0963
45000 95000 149986 -14.4913
50000 95000 149986 -13.9749
40000 95000 149986 -14.4286
45000 95000 149986 -14.4913
40000 100000 149985 -15.0047
45000 100000 149986 -14.4799
45000 95000 149986 -14.4913
50000 95000 149986 -13.9749
45000 100000 149986 -14.4799
50000 100000 149986 -13.9443
50000 90000 149987 -13.0963
55000 90000 149987 -12.6529
50000 95000 149986 -13.9749
55000 95000 149987 -13.2748
55000 90000 149987 -12.6529
60000 90000 149989 -11.2226
55000 95000 149987 -13.2748
60000 95000 149989 -10.9824
50000 95000 149986 -13.9749
55000 95000 149987 -13.2748
50000 100000 149986 -13.9443
55000 100000 149987 -13.3622
55000 95000 149987 -13.2748
60000 95000 149989 -10.9824
55000 100000 149987 -13.3622
60000 100000 149988 -12.1068
60000 90000 149989 -11.2226
65000 90000 149989 -11.1725
60000 95000 149989 -10.9824
65000 95000 149990 -9.63481
65000 90000 149989 -11.1725
70000 90000 149993 -6.95273
65000 95000 149990 -9.63481
70000 95000 149993 -7.09713
60000 95000 149989 -10.9824
65000 95000 149990 -9.63481
60000 100000 149988 -12.1068
65000 100000 149988 -11.866
65000 95000 149990 -9.63481
70000 95000 149993 -7.09713
65000 100000 149988 -11.866
70000 100000 149989 -10.7089
70000 90000 149993 -6.95273
75000 90000 149994 -6.48736
70000 95000 149993 -7.09713
75000 95000 149995 -5.1604
75000 90000 149994 -6.48736
80000 90000 149999 -0.554153
75000 95000 149995 -5.1604
80000 95000 149999 -1.00687
70000 95000 149993 -7.09713
75000 95000 149995 -5.1604
70000 100000 149989 -10.7089
75000 100000 149994 -5.51862
75000 95000 149995 -5.1604
80000 95000 149999 -1.00687
75000 100000 149994 -5.51862
80000 100000 149995 -5.41589
80000 90000 149999 -0.554153
85000 90000 150003 3.0908
80000 95000 149999 -1.00687
85000 95000 150002 2.31528
85000 90000 150003 3.0908
90000 90000 150004 4.35836
85000 95000 150002 2.31528
90000 95000 150005 5.1986
80000 95000 149999 -1.00687
85000 95000 150002 2.31528
80000 100000 149995 -5.41589
85000 100000 150000 -0.0406843
85000 95000 150002 2.31528
90000 95000 150005 5.1986
85000 100000 150000 -0.0406843
90000 100000 150001 0.770175
90000 90000 150004 4.35836
95000 90000 150008 7.57638
90000 95000 150005 5.1986
95000 95000 150008 7.80875
95000 90000 150008 7.57638
100000 90000 150011 11.4825
95000 95000 150008 7.80875
100000 95000 150010 9.83521
90000 95000 150005 5.1986
95000 95000 150008 7.80875
90000 100000 150001 0.770175
95000 100000 150004 4.3188
95000 95000 150008 7.80875
100000 95000 150010 9.83521
95000 100000 150004 4.3188
100000 100000 150010 10.1352
0 100000 149984 -16.4963
5000 100000 149983 -16.5972
0 105000 149983 -16.5292
5000 105000 149983 -16.7763
5000 100000 149983 -16.5972
10000 100000 149984 -16.4142
5000 105000 149983 -16.7763
10000 105000 149983 -16.5442
0 105000 149983 -16.5292
5000 105000 149983 -16.7763
0 110000 149983 -16.7826
5000 110000 149983 -16.6284
5000 105000 149983 -16.7763
10000 105000 149983 -16.5442
5000 110000 149983 -16.6284
10000 110000 149983 -17.1454
10000 100000 149984 -16.4142
15000 100000 149984 -16.1577
10000 105000 149983 -16.5442
15000 105000 149983 -16.7964
15000 100000 149984 -16.1577
20000 100000 149984 -15.8665
15000 105000 149983 -16.7964
20000 105000 149984 -16.0111
10000 105000 149983 -16.5442
15000 105000 149983 -16.7964
10000 110000 149983 -17.1454
15000 110000 149983 -17.1234
15000 105000 149983 -16.7964
20000 105000 149984 -16.0111
15000 110000 149983 -17.1234
20000 110000 149983 -16.7322
20000 100000 149984 -15.8665
25000 100000 149984 -15.7414
20000 105000 149984 -16.0111
25000 105000 149984 -16.1767
25000 100000 149984 -15.7414
30000 100000 149985 -15.3802
25000 105000 149984 -16.1767
30000 105000 149984 -15.9279
20000 105000 149984 -16.0111
25000 105000 149984 -16.1767
20000 110000 149983 -16.7322
25000 110000 149984 -16.1236
25000 105000 149984 -16.1767
30000 105000 149984 -15.9279
25000 110000 149984 -16.1236
30000 110000 149985 -14.9963
30000 100000 149985 -15.3802
35000 100000 149985 -15.2307
30000 105000 149984 -15.9279
35000 105000 149985 -15.4897
35000 100000 149985 -15.2307
40000 100000 149985 -15.0047
35000 105000 149985 -15.4897
40000 105000 149985 -14.8298
30000 105000 149984 -15.9279
35000 105000 149985 -15.4897
30000 110000 149985 -14.9963
35000 110000 149985 -15.3446
35000 105000 149985 -15.4897
40000 105000 149985 -14.8298
35000 110000 149985 -15.3446
40000 110000 149985 -14.6225
40000 100000 149985 -15.0047
45000 100000 149986 -14.4799
40000 105000 149985 -14.8298
45000 105000 149985 -14.5304
45000 100000 149986 -14.4799
50000 100000 149986 -13.9443
45000 105000 149985 -14.5304
50000 105000 149986 -14.0028
40000 105000 149985 -14.8298
45000 105000 149985 -14.5304
40000 110000 149985 -14.6225
45000 110000 149985 -14.5662
45000 105000 149985 -14.5304
50000 105000 149986 -14.0028
45000 110000 149985 -14.5662
50000 110000 149986 -14.0445
50000 100000 149986 -13.9443
55000 100000 149987 -13.3622
50000 105000 149986 -14.0028
55000 105000 149987 -13.3896
55000 100000 149987 -13.3622
60000 100000 149988 -12.1068
55000 105000 149987 -13.3896
60000 105000 149988 -11.7505
50000 105000 149986 -14.0028
55000 105000 149987 -13.3896
50000 110000 149986 -14.0445
55000 110000 149987 -13.3177
55000 105000 149987 -13.3896
60000 105000 149988 -11.7505
55000 110000 149987 -13.3177
60000 110000 149988 -11.6966
60000 100000 149988 -12.1068
65000 100000 149988 -11.866
60000 105000 149988 -11.7505
65000 105000 149989 -10.5887
65000 100000 149988 -11.866
70000 100000 149989 -10.7089
65000 105000 149989 -10.5887
70000 105000 149993 -7.46857
60000 105000 149988 -11.7505
65000 105000 149989 -10.5887
60000 110000 149988 -11.6966
65000 110000 149989 -11.2943
65000 105000 149989 -10.5887
70000 105000 149993 -7.46857
65000 110000 149989 -11.2943
70000 110000 149992 -7.67444
70000 100000 149989 -10.7089
75000 100000 149994 -5.51862
70000 105000 149993 -7.46857
75000 105000 149996 -4.22519
75000 100000 149994 -5.51862
80000 100000 149995 -5.41589
75000 105000 149996 -4.22519
80000 105000 150000 -0.323498
70000 105000 149993 -7.46857
75000 105000 149996 -4.22519
70000 110000 149992 -7.67444
75000 110000 149996 -4.36335
75000 105000 149996 -4.22519
80000 105000 150000 -0.323498
75000 110000 149996 -4.36335
80000 110000 149998 -1.89157
0 110000 149983 -16.7826
5000 110000 149983 -16.6284
0 115000 149984 -15.8798
5000 115000 149983 -16.856
5000 110000 149983 -16.6284
10000 110000 149983 -17.1454
5000 115000 149983 -16.856
10000 115000 149983 -17.0319
0 115000 149984 -15.8798
5000 115000 149983 -16.856
0 120000 149983 -16.5634
5000 120000 149983 -17.1355
5000 115000 149983 -16.856
10000 115000 149983 -17.0319
5000 120000 149983 -17.1355
10000 120000 149982 -17.9378
10000 110000 149983 -17.1454
15000 110000 149983 -17.1234
10000 115000 149983 -17.0319
15000 115000 149984 -16.1853
15000 110000 149983 -17.1234
20000 110000 149983 -16.7322
15000 115000 149984 -16.1853
20000 115000 149984 -16.2263
10000 115000 149983 -17.0319
15000 115000 149984 -16.1853
10000 120000 149982 -17.9378
15000 120000 149983 -17.3268
15000 115000 149984 -16.1853
20000 115000 149984 -16.2263
15000 120000 149983 -17.3268
20000 120000 149984 -16.1689
20000 110000 149983 -16.7322
25000 110000 149984 -16.1236
20000 115000 149984 -16.2263
25000 115000 149984 -15.5237
25000 110000 149984 -16.1236
30000 110000 149985 -14.9963
25000 115000 149984 -15.5237
30000 115000 149985 -15.4146
20000 115000 149984 -16.2263
25000 115000 149984 -15.5237
20000 120000 149984 -16.1689
25000 120000 149985 -15.1013
25000 115000 149984 -15.5237
30000 115000 149985 -15.4146
25000 120000 149985 -15.1013
30000 120000 149985 -14.6933
30000 110000 149985 -14.9963
35000 110000 149985 -15.3446
30000 115000 149985 -15.4146
35000 115000 149985 -15.0269
35000 110000 149985 -15.3446
40000 110000 149985 -14.6225
35000 115000 149985 -15.0269
40000 115000 149985 -14.6822
30000 115000 149985 -15.4146
35000 115000 149985 -15.0269
30000 120000 149985 -14.6933
35000 120000 149986 -14.4752
35000 115000 149985 -15.0269
40000 115000 149985 -14.6822
35000 120000 149986 -14.4752
40000 120000 149985 -15.0211
40000 110000 149985 -14.6225
45000 110000 149985 -14.5662
40000 115000 149985 -14.6822
45000 115000 149985 -14.5568
45000 110000 149985 -14.5662
50000 110000 149986 -14.0445
45000 115000 149985 -14.5568
50000 115000 149986 -14.0812
40000 115000 149985 -14.6822
45000 115000 149985 -14.5568
40000 120000 149985 -15.0211
45000 120000 149985 -14.6524
45000 115000 149985 -14.5568
50000 115000 149986 -14.0812
45000 120000 149985 -14.6524
50000 120000 149986 -14.1151
50000 110000 149986 -14.0445
55000 110000 149987 -13.3177
50000 115000 149986 -14.0812
55000 115000 149987 -13.4748
55000 110000 149987 -13.3177
60000 110000 149988 -11.6966
55000 115000 149987 -13.4748
60000 115000 149988 -12.466
50000 115000 149986 -14.0812
55000 115000 149987 -13.4748
50000 120000 149986 -14.1151
55000 120000 149986 -13.5276
55000 115000 149987 -13.4748
60000 115000 149988 -12.466
55000 120000 149986 -13.5276
60000 120000 149988 -12.2137
60000 110000 149988 -11.6966
65000 110000 149989 -11.2943
60000 115000 149988 -12.466
65000 115000 149990 -10.342
65000 110000 149989 -11.2943
70000 110000 149992 -7.67444
65000 115000 149990 -10.342
70000 115000 149992 -8.32759
60000 115000 149988 -12.466
65000 115000 149990 -10.342
60000 120000 149988 -12.2137
65000 120000 149990 -9.78068
65000 115000 149990 -10.342
70000 115000 149992 -8.32759
65000 120000 149990 -9.78068
70000 120000 149994 -6.38247
70000 110000 149992 -7.67444
75000 110000 149996 -4.36335
70000 115000 149992 -8.32759
75000 115000 149994 -5.56316
75000 110000 149996 -4.36335
80000 110000 149998 -1.89157
75000 115000 149994 -5.56316
80000 115000 149997 -2.80728
70000 115000 149992 -8.32759
75000 115000 149994 -5.56316
70000 120000 149994 -6.38247
75000 120000 149997 -3.45899
75000 115000 149994 -5.56316
80000 115000 149997 -2.80728
75000 120000 149997 -3.45899
80000 120000 149997 -2.50219
160000 0 150007 7.3354
165000 0 150014 13.7613
160000 5000 150008 7.97407
165000 5000 150014 13.788
165000 0 150014 13.7613
170000 0 150020 20.0805
165000 5000 150014 13.788
170000 5000 150020 20.3291
160000 5000 150008 7.97407
165000 5000 150014 13.788
160000 10000 150010 10.4384
165000 10000 150016 15.9472
165000 5000 150014 13.788
170000 5000 150020 20.3291
165000 10000 150016 15.9472
170000 10000 150021 20.8522
170000 0 150020 20.0805
175000 0 150021 21.0783
170000 5000 150020 20.3291
175000 5000 150022 21.7052
175000 0 150021 21.0783
180000 0 150022 22.465
175000 5000 150022 21.7052
180000 5000 150023 23.0356
170000 5000 150020 20.3291
175000 5000 150022 21.7052
170000 10000 150021 20.8522
175000 10000 150024 23.593
175000 5000 150022 21.7052
180000 5000 150023 23.0356
175000 10000 150024 23.593
180000 10000 150022 22.1456
180000 0 150022 22.465
185000 0 150022 21.7114
180000 5000 150023 23.0356
185000 5000 150022 22.0919
185000 0 150022 21.7114
190000 0 150021 21.3391
185000 5000 150022 22.0919
190000 5000 150020 19.5457
180000 5000 150023 23.0356
185000 5000 150022 22.0919
180000 10000 150022 22.1456
185000 10000 150023 22.8454
185000 5000 150022 22.0919
190000 5000 150020 19.5457
185000 10000 150023 22.8454
190000 10000 150022 22.0228
190000 0 150021 21.3391
195000 0 150021 21.1723
190000 5000 150020 19.5457
195000 5000 150020 19.8542
195000 0 150021 21.1723
200000 0 150020 20.1596
195000 5000 150020 19.8542
200000 5000 150018 18.186
190000 5000 150020 19.5457
195000 5000 150020 19.8542
190000 10000 150022 22.0228
195000 10000 150018 18.1785
195000 5000 150020 19.8542
200000 5000 150018 18.186
195000 10000 150018 18.1785
200000 10000 150019 18.6888
200000 0 150020 20.1596
205000 0 150017 16.7156
200000 5000 150018 18.186
205000 5000 150016 15.7889
205000 0 150017 16.7156
210000 0 150015 14.6942
205000 5000 150016 15.7889
210000 5000 150014 13.8925
200000 5000 150018 18.186
205000 5000 150016 15.7889
200000 10000 150019 18.6888
205000 10000 150016 15.9903
205000 5000 150016 15.7889
210000 5000 150014 13.8925
205000 10000 150016 15.9903
210000 10000 150013 12.5964
210000 0 150015 14.6942
215000 0 150013 12.8553
210000 5000 150014 13.8925
215000 5000 150011 11.1397
215000 0 150013 12.8553
220000 0 150011 10.833
215000 5000 150011 11.1397
220000 5000 150009 8.56178
210000 5000 150014 13.8925
215000 5000 150011 11.1397
210000 10000 150013 12.5964
215000 10000 150011 10.9344
215000 5000 150011 11.1397
220000 5000 150009 8.56178
215000 10000 150011 10.9344
220000 10000 150006 6.00383
220000 0 150011 10.833
225000 0 150008 8.07875
220000 5000 150009 8.56178
225000 5000 150004 3.9863
225000 0 150008 8.07875
230000 0 150007 6.75365
225000 5000 150004 3.9863
230000 5000 150003 3.22901
220000 5000 150009 8.56178
225000 5000 150004 3.9863
220000 10000 150006 6.00383
225000 10000 150008 8.19855
225000 5000 150004 3.9863
230000 5000 150003 3.22901
225000 10000 150008 8.19855
230000 10000 150007 7.36564
230000 0 150007 6.75365
235000 0 150006 6.25257
230000 5000 150003 3.22901
235000 5000 150005 4.74544
235000 0 150006 6.25257
240000 0 150006 5.87494
235000 5000 150005 4.74544
240000 5000 150005 5.10587
230000 5000 150003 3.22901
235000 5000 150005 4.74544
230000 10000 150007 7.36564
235000 10000 150006 5.84087
235000 5000 150005 4.74544
240000 5000 150005 5.10587
235000 10000 150006 5.84087
240000 10000 150002 2.25767
160000 10000 150010 10.4384
165000 10000 150016 15.9472
160000 15000 150011 11.3913
165000 15000 150017 16.5566
165000 10000 150016 15.9472
170000 10000 150021 20.8522
165000 15000 150017 16.5566
170000 15000 150021 21.4627
160000 15000 150011 11.3913
165000 15000 150017 16.5566
160000 20000 150009 8.74038
165000 20000 150014 14.4848
165000 15000 150017 16.5566
170000 15000 150021 21.4627
165000 20000 150014 14.4848
170000 20000 150020 19.6056
170000 10000 150021 20.8522
175000 10000 150024 23.593
170000 15000 150021 21.4627
175000 15000 150024 23.6031
175000 10000 150024 23.593
180000 10000 150022 22.1456
175000 15000 150024 23.6031
180000 15000 150025 24.6662
170000 15000 150021 21.4627
175000 15000 150024 23.6031
170000 20000 150020 19.6056
175000 20000 150024 23.7766
175000 15000 150024 23.6031
180000 15000 150025 24.6662
175000 20000 150024 23.7766
180000 20000 150026 25.6395
180000 10000 150022 22.1456
185000 10000 150023 22.8454
180000 15000 150025 24.6662
185000 15000 150024 24.4932
185000 10000 150023 22.8454
190000 10000 150022 22.0228
185000 15000 150024 24.4932
190000 15000 150022 22.2418
180000 15000 150025 24.6662
185000 15000 150024 24.4932
180000 20000 150026 25.6395
185000 20000 150027 26.7127
185000 15000 150024 24.4932
190000 15000 150022 22.2418
185000 20000 150027 26.7127
190000 20000 150025 25.4053
190000 10000 150022 22.0228
195000 10000 150018 18.1785
190000 15000 150022 22.2418
195000 15000 150022 21.7689
195000 10000 150018 18.1785
200000 10000 150019 18.6888
195000 15000 150022 21.7689
200000 15000 150018 18.0731
190000 15000 150022 22.2418
195000 15000 150022 21.7689
190000 20000 150025 25.4053
195000 20000 150022 21.8931
195000 15000 150022 21.7689
200000 15000 150018 18.0731
195000 20000 150022 21.8931
200000 20000 150017 16.9449
200000 10000 150019 18.6888
205000 10000 150016 15.9903
200000 15000 150018 18.0731
205000 15000 150016 15.6718
205000 10000 150016 15.9903
210000 10000 150013 12.5964
205000 15000 150016 15.6718
210000 15000 150014 13.5537
200000 15000 150018 18.0731
205000 15000 150016 15.6718
200000 20000 150017 16.9449
205000 20000 150015 15.1677
205000 15000 150016 15.6718
210000 15000 150014 13.5537
205000 20000 150015 15.1677
210000 20000 150015 14.7076
210000 10000 150013 12.5964
215000 10000 150011 10.9344
210000 15000 150014 13.5537
215000 15000 150009 8.96684
215000 10000 150011 10.9344
220000 10000 150006 6.00383
215000 15000 150009 8.96684
220000 15000 150010 10.0988
210000 15000 150014 13.5537
215000 15000 150009 8.96684
210000 20000 150015 14.7076
215000 20000 150013 13.4358
215000 15000 150009 8.96684
220000 15000 150010 10.0988
215000 20000 150013 13.4358
220000 20000 150011 11.4212
220000 10000 150006 6.00383
225000 10000 150008 8.19855
220000 15000 150010 10.0988
225000 15000 150008 8.33802
225000 10000 150008 8.19855
230000 10000 150007 7.36564
225000 15000 150008 8.33802
230000 15000 150007 6.98624
220000 15000 150010 10.0988
225000 15000 150008 8.33802
220000 20000 150011 11.4212
225000 20000 150009 8.7074
225000 15000 150008 8.33802
230000 15000 150007 6.98624
225000 20000 150009 8.7074
230000 20000 150006 5.66741
230000 10000 150007 7.36564
235000 10000 150006 5.84087
230000 15000 150007 6.98624
235000 15000 150005 5.46699
235000 10000 150006 5.84087
240000 10000 150002 2.25767
235000 15000 150005 5.46699
240000 15000 150004 3.71549
230000 15000 150007 6.98624
235000 15000 150005 5.46699
230000 20000 150006 5.66741
235000 20000 150005 5.11042
235000 15000 150005 5.46699
240000 15000 150004 3.71549
235000 20000 150005 5.11042
240000 20000 150005 4.74593
160000 20000 150009 8.74038
165000 20000 150014 14.4848
160000 25000 150006 6.03698
165000 25000 150012 12.037
165000 20000 150014 14.4848
170000 20000 150020 19.6056
165000 25000 150012 12.037
170000 25000 150018 18.3829
160000 25000 150006 6.03698
165000 25000 150012 12.037
160000 30000 150012 11.7329
165000 30000 150017 17.3063
165000 25000 150012 12.037
170000 25000 150018 18.3829
165000 30000 150017 17.3063
170000 30000 150021 21.383
170000 20000 150020 19.6056
175000 20000 150024 23.7766
170000 25000 150018 18.3829
175000 25000 150024 24.2633
175000 20000 150024 23.7766
180000 20000 150026 25.6395
175000 25000 150024 24.2633
180000 25000 150026 25.9882
170000 25000 150018 18.3829
175000 25000 150024 24.2633
170000 30000 150021 21.383
175000 30000 150025 24.5399
175000 25000 150024 24.2633
180000 25000 150026 25.9882
175000 30000 150025 24.5399
180000 30000 150027 26.7194
180000 20000 150026 25.6395
185000 20000 150027 26.7127
180000 25000 150026 25.9882
185000 25000 150028 27.5023
185000 20000 150027 26.7127
190000 20000 150025 25.4053
185000 25000 150028 27.5023
190000 25000 150025 24.9643
180000 25000 150026 25.9882
185000 25000 150028 27.5023
180000 30000 150027 26.7194
185000 30000 150029 29.3456
185000 25000 150028 27.5023
190000 25000 150025 24.9643
185000 30000 150029 29.3456
190000 30000 150027 27.1059
190000 20000 150025 25.4053
195000 20000 150022 21.8931
190000 25000 150025 24.9643
195000 25000 150022 21.5534
195000 20000 150022 21.8931
200000 20000 150017 16.9449
195000 25000 150022 21.5534
200000 25000 150020 20.1922
190000 25000 150025 24.9643
195000 25000 150022 21.5534
190000 30000 150027 27.1059
195000 30000 150024 23.7114
195000 25000 150022 21.5534
200000 25000 150020 20.1922
195000 30000 150024 23.7114
200000 30000 150021 21.0894
200000 20000 150017 16.9449
205000 20000 150015 15.1677
200000 25000 150020 20.1922
205000 25000 150019 18.5507
205000 20000 150015 15.1677
210000 20000 150015 14.7076
205000 25000 150019 18.5507
210000 25000 150016 16.4343
200000 25000 150020 20.1922
205000 25000 150019 18.5507
200000 30000 150021 21.0894
205000 30000 150017 17.3494
205000 25000 150019 18.5507
210000 25000 150016 16.4343
205000 30000 150017 17.3494
210000 30000 150014 14.255
210000 20000 150015 14.7076
215000 20000 150013 13.4358
210000 25000 150016 16.4343
215000 25000 150014 13.9463
215000 20000 150013 13.4358
220000 20000 150011 11.4212
215000 25000 150014 13.9463
220000 25000 150012 12.2329
210000 25000 150016 16.4343
215000 25000 150014 13.9463
210000 30000 150014 14.255
215000 30000 150013 13.488
215000 25000 150014 13.9463
220000 25000 150012 12.2329
215000 30000 150013 13.488
220000 30000 150010 10.3542
220000 20000 150011 11.4212
225000 20000 150009 8.7074
220000 25000 150012 12.2329
225000 25000 150008 8.18268
225000 20000 150009 8.7074
230000 20000 150006 5.66741
225000 25000 150008 8.18268
230000 25000 150006 6.25936
220000 25000 150012 12.2329
225000 25000 150008 8.18268
220000 30000 150010 10.3542
225000 30000 150010 9.62456
225000 25000 150008 8.18268
230000 25000 150006 6.25936
225000 30000 150010 9.62456
230000 30000 150005 5.481
230000 20000 150006 5.66741
235000 20000 150005 5.11042
230000 25000 150006 6.25936
235000 25000 150006 6.02958
235000 20000 150005 5.11042
240000 20000 150005 4.74593
235000 25000 150006 6.02958
240000 25000 150005 4.82471
230000 25000 150006 6.25936
235000 25000 150006 6.02958
230000 30000 150005 5.481
235000 30000 150006 5.73163
235000 25000 150006 6.02958
240000 25000 150005 4.82471
235000 30000 150006 5.73163
240000 30000 150005 4.93678
160000 30000 150012 11.7329
165000 30000 150017 17.3063
160000 35000 150014 14.1162
165000 35000 150017 16.9194
165000 30000 150017 17.3063
170000 30000 150021 21.383
165000 35000 150017 16.9194
170000 35000 150022 21.7571
160000 35000 150014 14.1162
165000 35000 150017 16.9194
160000 40000 149996 -3.71945
165000 40000 150012 11.5341
165000 35000 150017 16.9194
170000 35000 150022 21.7571
165000 40000 150012 11.5341
170000 40000 150021 20.8737
170000 30000 150021 21.383
175000 30000 150025 24.5399
170000 35000 150022 21.7571
175000 35000 150027 26.6092
175000 30000 150025 24.5399
180000 30000 150027 26.7194
175000 35000 150027 26.6092
180000 35000 150028 28.0227
170000 35000 150022 21.7571
175000 35000 150027 26.6092
170000 40000 150021 20.8737
175000 40000 150025 24.6087
175000 35000 150027 26.6092
180000 35000 150028 28.0227
175000 40000 150025 24.6087
180000 40000 150028 28.2484
180000 30000 150027 26.7194
185000 30000 150029 29.3456
180000 35000 150028 28.0227
185000 35000 150029 29.0633
185000 30000 150029 29.3456
190000 30000 150027 27.1059
185000 35000 150029 29.0633
190000 35000 150028 28.4147
180000 35000 150028 28.0227
185000 35000 150029 29.0633
180000 40000 150028 28.2484
185000 40000 150030 30.2315
185000 35000 150029 29.0633
190000 35000 150028 28.4147
185000 40000 150030 30.2315
190000 40000 150030 30.3226
190000 30000 150027 27.1059
195000 30000 150024 23.7114
190000 35000 150028 28.4147
195000 35000 150026 25.875
195000 30000 150024 23.7114
200000 30000 150021 21.0894
195000 35000 150026 25.875
200000 35000 150022 21.8681
190000 35000 150028 28.4147
195000 35000 150026 25.875
190000 40000 150030 30.3226
195000 40000 150026 26.2071
195000 35000 150026 25.875
200000 35000 150022 21.8681
195000 40000 150026 26.2071
200000 40000 150025 25.3734
200000 30000 150021 21.0894
205000 30000 150017 17.3494
200000 35000 150022 21.8681
205000 35000 150021 21.0766
205000 30000 150017 17.3494
210000 30000 150014 14.255
205000 35000 150021 21.0766
210000 35000 150015 14.6046
200000 35000 150022 21.8681
205000 35000 150021 21.0766
200000 40000 150025 25.3734
205000 40000 150021 21.0342
205000 35000 150021 21.0766
210000 35000 150015 14.6046
205000 40000 150021 21.0342
210000 40000 150018 17.8585
210000 30000 150014 14.255
215000 30000 150013 13.488
210000 35000 150015 14.6046
215000 35000 150012 12.0746
215000 30000 150013 13.488
220000 30000 150010 10.3542
215000 35000 150012 12.0746
220000 35000 150012 11.7456
210000 35000 150015 14.6046
215000 35000 150012 12.0746
210000 40000 150018 17.8585
215000 40000 150015 14.7208
215000 35000 150012 12.0746
220000 35000 150012 11.7456
215000 40000 150015 14.7208
220000 40000 150011 11.17
220000 30000 150010 10.3542
225000 30000 150010 9.62456
220000 35000 150012 11.7456
225000 35000 150010 10.2393
225000 30000 150010 9.62456
230000 30000 150005 5.481
225000 35000 150010 10.2393
230000 35000 150009 9.12496
220000 35000 150012 11.7456
225000 35000 150010 10.2393
220000 40000 150011 11.17
225000 40000 150009 9.19843
225000 35000 150010 10.2393
230000 35000 150009 9.12496
225000 40000 150009 9.19843
230000 40000 150008 8.44345
230000 30000 150005 5.481
235000 30000 150006 5.73163
230000 35000 150009 9.12496
235000 35000 150007 7.44265
235000 30000 150006 5.73163
240000 30000 150005 4.93678
235000 35000 150007 7.44265
240000 35000 150005 4.96571
230000 35000 150009 9.12496
235000 35000 150007 7.44265
230000 40000 150008 8.44345
235000 40000 150006 5.95204
235000 35000 150007 7.44265
240000 35000 150005 4.96571
235000 40000 150006 5.95204
240000 40000 150005 4.89334
160000 40000 149996 -3.71945
165000 40000 150012 11.5341
160000 45000 150008 8.26586
165000 45000 150017 17.3408
165000 40000 150012 11.5341
170000 40000 150021 20.8737
165000 45000 150017 17.3408
170000 45000 150020 19.9857
160000 45000 150008 8.26586
165000 45000 150017 17.3408
160000 50000 149985 -14.8274
165000 50000 150002 1.90654
165000 45000 150017 17.3408
170000 45000 150020 19.9857
165000 50000 150002 1.90654
170000 50000 150018 17.6794
170000 40000 150021 20.8737
175000 40000 150025 24.6087
170000 45000 150020 19.9857
175000 45000 150024 23.9542
175000 40000 150025 24.6087
180000 40000 150028 28.2484
175000 45000 150024 23.9542
180000 45000 150028 27.7471
170000 45000 150020 19.9857
175000 45000 150024 23.9542
170000 50000 150018 17.6794
175000 50000 150024 24.1165
175000 45000 150024 23.9542
180000 45000 150028 27.7471
175000 50000 150024 24.1165
180000 50000 150028 28.4789
180000 40000 150028 28.2484
185000 40000 150030 30.2315
180000 45000 150028 27.7471
185000 45000 150031 30.9586
185000 40000 150030 30.2315
190000 40000 150030 30.3226
185000 45000 150031 30.9586
190000 45000 150030 29.626
180000 45000 150028 27.7471
185000 45000 150031 30.9586
180000 50000 150028 28.4789
185000 50000 150031 30.8849
185000 45000 150031 30.9586
190000 45000 150030 29.626
185000 50000 150031 30.8849
190000 50000 150032 31.6193
190000 40000 150030 30.3226
195000 40000 150026 26.2071
190000 45000 150030 29.626
195000 45000 150029 29.2994
195000 40000 150026 26.2071
200000 40000 150025 25.3734
195000 45000 150029 29.2994
200000 45000 150026 26.033
190000 45000 150030 29.626
195000 45000 150029 29.2994
190000 50000 150032 31.6193
195000 50000 150030 30.497
195000 45000 150029 29.2994
200000 45000 150026 26.033
195000 50000 150030 30.497
200000 50000 150029 28.6417
200000 40000 150025 25.3734
205000 40000 150021 21.0342
200000 45000 150026 26.033
205000 45000 150022 21.5356
205000 40000 150021 21.0342
210000 40000 150018 17.8585
205000 45000 150022 21.5356
210000 45000 150018 17.8357
200000 45000 150026 26.033
205000 45000 150022 21.5356
200000 50000 150029 28.6417
205000 50000 150026 25.7194
205000 45000 150022 21.5356
210000 45000 150018 17.8357
205000 50000 150026 25.7194
210000 50000 150020 20.2888
210000 40000 150018 17.8585
215000 40000 150015 14.7208
210000 45000 150018 17.8357
215000 45000 150015 15.1759
215000 40000 150015 14.7208
220000 40000 150011 11.17
215000 45000 150015 15.1759
220000 45000 150015 15.2402
210000 45000 150018 17.8357
215000 45000 150015 15.1759
210000 50000 150020 20.2888
215000 50000 150015 14.5206
215000 45000 150015 15.1759
220000 45000 150015 15.2402
215000 50000 150015 14.5206
220000 50000 150011 11.1381
220000 40000 150011 11.17
225000 40000 150009 9.19843
220000 45000 150015 15.2402
225000 45000 150012 12.371
225000 40000 150009 9.19843
230000 40000 150008 8.44345
225000 45000 150012 12.371
230000 45000 150009 8.50817
220000 45000 150015 15.2402
225000 45000 150012 12.371
220000 50000 150011 11.1381
225000 50000 150012 11.5446
225000 45000 150012 12.371
230000 45000 150009 8.50817
225000 50000 150012 11.5446
230000 50000 150006 5.95979
230000 40000 150008 8.44345
235000 40000 150006 5.95204
230000 45000 150009 8.50817
235000 45000 150006 5.96943
235000 40000 150006 5.95204
240000 40000 150005 4.89334
235000 45000 150006 5.96943
240000 45000 150004 3.51111
230000 45000 150009 8.50817
235000 45000 150006 5.96943
230000 50000 150006 5.95979
235000 50000 150006 6.20535
235000 45000 150006 5.96943
240000 45000 150004 3.51111
235000 50000 150006 6.20535
240000 50000 150006 5.8743
160000 50000 149985 -14.8274
165000 50000 150002 1.90654
160000 55000 149977 -22.9775
165000 55000 150002 2.1071
165000 50000 150002 1.90654
170000 50000 150018 17.6794
165000 55000 150002 2.1071
170000 55000 150015 15.024
160000 55000 149977 -22.9775
165000 55000 150002 2.1071
160000 60000 149960 -39.8097
165000 60000 149995 -4.59743
165000 55000 150002 2.1071
170000 55000 150015 15.024
165000 60000 149995 -4.59743
170000 60000 150008 7.63156
170000 50000 150018 17.6794
175000 50000 150024 24.1165
170000 55000 150015 15.024
175000 55000 150021 21.4637
175000 50000 150024 24.1165
180000 50000 150028 28.4789
175000 55000 150021 21.4637
180000 55000 150027 27.126
170000 55000 150015 15.024
175000 55000 150021 21.4637
170000 60000 150008 7.63156
175000 60000 150025 25.3815
175000 55000 150021 21.4637
180000 55000 150027 27.126
175000 60000 150025 25.3815
180000 60000 150029 28.8245
180000 50000 150028 28.4789
185000 50000 150031 30.8849
180000 55000 150027 27.126
185000 55000 150031 31.2601
185000 50000 150031 30.8849
190000 50000 150032 31.6193
185000 55000 150031 31.2601
190000 55000 150033 33.3971
180000 55000 150027 27.126
185000 55000 150031 31.2601
180000 60000 150029 28.8245
185000 60000 150030 30.3134
185000 55000 150031 31.2601
190000 55000 150033 33.3971
185000 60000 150030 30.3134
190000 60000 150032 32.4624
190000 50000 150032 31.6193
195000 50000 150030 30.497
190000 55000 150033 33.3971
195000 55000 150032 32.3521
195000 50000 150030 30.497
200000 50000 150029 28.6417
195000 55000 150032 32.3521
200000 55000 150028 28.1791
190000 55000 150033 33.3971
195000 55000 150032 32.3521
190000 60000 150032 32.4624
195000 60000 150032 31.8959
195000 55000 150032 32.3521
200000 55000 150028 28.1791
195000 60000 150032 31.8959
200000 60000 150028 28.0674
200000 50000 150029 28.6417
205000 50000 150026 25.7194
200000 55000 150028 28.1791
205000 55000 150024 23.6205
205000 50000 150026 25.7194
210000 50000 150020 20.2888
205000 55000 150024 23.6205
210000 55000 150018 18.4601
200000 55000 150028 28.1791
205000 55000 150024 23.6205
200000 60000 150028 28.0674
205000 60000 150027 27.3207
205000 55000 150024 23.6205
210000 55000 150018 18.4601
205000 60000 150027 27.3207
210000 60000 150025 24.7079
210000 50000 150020 20.2888
215000 50000 150015 14.5206
210000 55000 150018 18.4601
215000 55000 150020 19.9012
215000 50000 150015 14.5206
220000 50000 150011 11.1381
215000 55000 150020 19.9012
220000 55000 150017 16.5848
210000 55000 150018 18.4601
215000 55000 150020 19.9012
210000 60000 150025 24.7079
215000 60000 150022 21.6762
215000 55000 150020 19.9012
220000 55000 150017 16.5848
215000 60000 150022 21.6762
220000 60000 150017 16.6014
220000 50000 150011 11.1381
225000 50000 150012 11.5446
220000 55000 150017 16.5848
225000 55000 150011 11.017
225000 50000 150012 11.5446
230000 50000 150006 5.95979
225000 55000 150011 11.017
230000 55000 150010 10.1651
220000 55000 150017 16.5848
225000 55000 150011 11.017
220000 60000 150017 16.6014
225000 60000 150013 13.4044
225000 55000 150011 11.017
230000 55000 150010 10.1651
225000 60000 150013 13.4044
230000 60000 150011 11.0409
230000 50000 150006 5.95979
235000 50000 150006 6.20535
230000 55000 150010 10.1651
235000 55000 150008 7.60758
235000 50000 150006 6.20535
240000 50000 150006 5.8743
235000 55000 150008 7.60758
240000 55000 150005 5.44299
230000 55000 150010 10.1651
235000 55000 150008 7.60758
230000 60000 150011 11.0409
235000 60000 150008 8.28647
235000 55000 150008 7.60758
240000 55000 150005 5.44299
235000 60000 150008 8.28647
240000 60000 150006 6.08705
160000 60000 149960 -39.8097
165000 60000 149995 -4.59743
160000 65000 149948 -51.7883
165000 65000 149968 -31.7344
165000 60000 149995 -4.59743
170000 60000 150008 7.63156
165000 65000 149968 -31.7344
170000 65000 150009 8.87825
160000 65000 149948 -51.7883
165000 65000 149968 -31.7344
160000 70000 149916 -83.6293
165000 70000 149958 -41.6765
165000 65000 149968 -31.7344
170000 65000 150009 8.87825
165000 70000 149958 -41.6765
170000 70000 149996 -3.78519
170000 60000 150008 7.63156
175000 60000 150025 25.3815
170000 65000 150009 8.87825
175000 65000 150027 27.218
175000 60000 150025 25.3815
180000 60000 150029 28.8245
175000 65000 150027 27.218
180000 65000 150030 29.9433
170000 65000 150009 8.87825
175000 65000 150027 27.218
170000 70000 149996 -3.78519
175000 70000 150017 17.188
175000 65000 150027 27.218
180000 65000 150030 29.9433
175000 70000 150017 17.188
180000 70000 150029 28.7075
180000 60000 150029 28.8245
185000 60000 150030 30.3134
180000 65000 150030 29.9433
185000 65000 150032 31.5481
185000 60000 150030 30.3134
190000 60000 150032 32.4624
185000 65000 150032 31.5481
190000 65000 150033 33.3486
180000 65000 150030 29.9433
185000 65000 150032 31.5481
180000 70000 150029 28.7075
185000 70000 150033 32.8868
185000 65000 150032 31.5481
190000 65000 150033 33.3486
185000 70000 150033 32.8868
190000 70000 150034 34.1698
190000 60000 150032 32.4624
195000 60000 150032 31.8959
190000 65000 150033 33.3486
195000 65000 150031 31.4091
195000 60000 150032 31.8959
200000 60000 150028 28.0674
195000 65000 150031 31.4091
200000 65000 150032 31.8923
190000 65000 150033 33.3486
195000 65000 150031 31.4091
190000 70000 150034 34.1698
195000 70000 150035 35.1823
195000 65000 150031 31.4091
200000 65000 150032 31.8923
195000 70000 150035 35.1823
200000 70000 150034 33.9618
160000 70000 149916 -83.6293
165000 70000 149958 -41.6765
160000 75000 149892 -107.943
165000 75000 149943 -56.8208
165000 70000 149958 -41.6765
170000 70000 149996 -3.78519
165000 75000 149943 -56.8208
170000 75000 149972 -28.2991
160000 75000 149892 -107.943
165000 75000 149943 -56.8208
160000 80000 149891 -108.991
165000 80000 149913 -86.9487
165000 75000 149943 -56.8208
170000 75000 149972 -28.2991
165000 80000 149913 -86.9487
170000 80000 149960 -40.3453
170000 70000 149996 -3.78519
175000 70000 150017 17.188
170000 75000 149972 -28.2991
175000 75000 150007 7.25184
175000 70000 150017 17.188
180000 70000 150029 28.7075
175000 75000 150007 7.25184
180000 75000 150030 29.8332
170000 75000 149972 -28.2991
175000 75000 150007 7.25184
170000 80000 149960 -40.3453
175000 80000 150001 0.922039
175000 75000 150007 7.25184
180000 75000 150030 29.8332
175000 80000 150001 0.922039
180000 80000 150028 27.9238
180000 70000 150029 28.7075
185000 70000 150033 32.8868
180000 75000 150030 29.8332
185000 75000 150036 35.9784
185000 70000 150033 32.8868
190000 70000 150034 34.1698
185000 75000 150036 35.9784
190000 75000 150037 37.0068
180000 75000 150030 29.8332
185000 75000 150036 35.9784
180000 80000 150028 27.9238
185000 80000 150035 35.4722
185000 75000 150036 35.9784
190000 75000 150037 37.0068
185000 80000 150035 35.4722
190000 80000 150037 37.0133
190000 70000 150034 34.1698
195000 70000 150035 35.1823
190000 75000 150037 37.0068
195000 75000 150036 35.9258
195000 70000 150035 35.1823
200000 70000 150034 33.9618
195000 75000 150036 35.9258
200000 75000 150034 34.0413
190000 75000 150037 37.0068
195000 75000 150036 35.9258
190000 80000 150037 37.0133
195000 80000 150036 36.3349
195000 75000 150036 35.9258
200000 75000 150034 34.0413
195000 80000 150036 36.3349
200000 80000 150036 35.8514
110000 80000 150022 21.5018
115000 80000 150022 21.921
110000 85000 150018 18.1316
115000 85000 150020 20.4383
115000 80000 150022 21.921
120000 80000 150023 22.661
115000 85000 150020 20.4383
120000 85000 150022 21.9987
110000 85000 150018 18.1316
115000 85000 150020 20.4383
110000 90000 150017 16.9672
115000 90000 150019 19.1926
115000 85000 150020 20.4383
120000 85000 150022 21.9987
115000 90000 150019 19.1926
120000 90000 150021 20.6545
120000 80000 150023 22.661
125000 80000 150020 20.4851
120000 85000 150022 21.9987
125000 85000 150020 19.6196
125000 80000 150020 20.4851
130000 80000 150016 16.0758
125000 85000 150020 19.6196
130000 85000 150017 16.9082
120000 85000 150022 21.9987
125000 85000 150020 19.6196
120000 90000 150021 20.6545
125000 90000 150020 19.8047
125000 85000 150020 19.6196
130000 85000 150017 16.9082
125000 90000 150020 19.8047
130000 90000 150017 16.664
130000 80000 150016 16.0758
135000 80000 150012 11.5007
130000 85000 150017 16.9082
135000 85000 150014 14.491
135000 80000 150012 11.5007
140000 80000 150010 9.9372
135000 85000 150014 14.491
140000 85000 150012 12.2454
130000 85000 150017 16.9082
135000 85000 150014 14.491
130000 90000 150017 16.664
135000 90000 150012 12.3978
135000 85000 150014 14.491
140000 85000 150012 12.2454
135000 90000 150012 12.3978
140000 90000 150006 5.8918
140000 80000 150010 9.9372
145000 80000 149998 -1.65359
140000 85000 150012 12.2454
145000 85000 150006 5.78135
145000 80000 149998 -1.65359
150000 80000 149967 -32.7907
145000 85000 150006 5.78135
150000 85000 149983 -16.9843
140000 85000 150012 12.2454
145000 85000 150006 5.78135
140000 90000 150006 5.8918
145000 90000 149992 -8.29141
145000 85000 150006 5.78135
150000 85000 149983 -16.9843
145000 90000 149992 -8.29141
150000 90000 149993 -6.76952
150000 80000 149967 -32.7907
155000 80000 149936 -63.7997
150000 85000 149983 -16.9843
155000 85000 149957 -43.1102
155000 80000 149936 -63.7997
160000 80000 149891 -108.991
155000 85000 149957 -43.1102
160000 85000 149912 -88.1124
150000 85000 149983 -16.9843
155000 85000 149957 -43.1102
150000 90000 149993 -6.76952
155000 90000 149970 -30.0388
155000 85000 149957 -43.1102
160000 85000 149912 -88.1124
155000 90000 149970 -30.0388
160000 90000 149942 -57.6817
100000 90000 150011 11.4825
105000 90000 150015 14.6306
100000 95000 150010 9.83521
105000 95000 150014 13.934
105000 90000 150015 14.6306
110000 90000 150017 16.9672
105000 95000 150014 13.934
110000 95000 150017 17.4155
100000 95000 150010 9.83521
105000 95000 150014 13.934
100000 100000 150010 10.1352
105000 100000 150013 13.089
105000 95000 150014 13.934
110000 95000 150017 17.4155
105000 100000 150013 13.089
110000 100000 150014 13.7658
110000 90000 150017 16.9672
115000 90000 150019 19.1926
110000 95000 150017 17.4155
115000 95000 150017 17.3291
115000 90000 150019 19.1926
120000 90000 150021 20.6545
115000 95000 150017 17.3291
120000 95000 150019 18.9755
110000 95000 150017 17.4155
115000 95000 150017 17.3291
110000 100000 150014 13.7658
115000 100000 150018 17.8427
115000 95000 150017 17.3291
120000 95000 150019 18.9755
115000 100000 150018 17.8427
120000 100000 150018 18.3636
120000 90000 150021 20.6545
125000 90000 150020 19.8047
120000 95000 150019 18.9755
125000 95000 150019 18.882
125000 90000 150020 19.8047
130000 90000 150017 16.664
125000 95000 150019 18.882
130000 95000 150016 16.3196
120000 95000 150019 18.9755
125000 95000 150019 18.882
120000 100000 150018 18.3636
125000 100000 150018 17.7291
125000 95000 150019 18.882
130000 95000 150016 16.3196
125000 100000 150018 17.7291
130000 100000 150016 15.7536
130000 90000 150017 16.664
135000 90000 150012 12.3978
130000 95000 150016 16.3196
135000 95000 150012 12.4909
135000 90000 150012 12.3978
140000 90000 150006 5.8918
135000 95000 150012 12.4909
140000 95000 150011 10.6864
130000 95000 150016 16.3196
135000 95000 150012 12.4909
130000 100000 150016 15.7536
135000 100000 150012 12.4209
135000 95000 150012 12.4909
140000 95000 150011 10.6864
135000 100000 150012 12.4209
140000 100000 150010 9.57078
140000 90000 150006 5.8918
145000 90000 149992 -8.29141
140000 95000 150011 10.6864
145000 95000 150008 7.84869
145000 90000 149992 -8.29141
150000 90000 149993 -6.76952
145000 95000 150008 7.84869
150000 95000 149999 -0.581423
140000 95000 150011 10.6864
145000 95000 150008 7.84869
140000 100000 150010 9.57078
145000 100000 150006 5.53603
145000 95000 150008 7.84869
150000 95000 149999 -0.581423
145000 100000 150006 5.53603
150000 100000 150001 1.26003
150000 90000 149993 -6.76952
155000 90000 149970 -30.0388
150000 95000 149999 -0.581423
155000 95000 149979 -21.072
155000 90000 149970 -30.0388
160000 90000 149942 -57.6817
155000 95000 149979 -21.072
160000 95000 149958 -42.4512
150000 95000 149999 -0.581423
155000 95000 149979 -21.072
150000 100000 150001 1.26003
155000 100000 149987 -12.5284
155000 95000 149979 -21.072
160000 95000 149958 -42.4512
155000 100000 149987 -12.5284
160000 100000 149967 -33.4404
80000 100000 149995 -5.41589
85000 100000 150000 -0.0406843
80000 105000 150000 -0.323498
85000 105000 150001 1.08076
85000 100000 150000 -0.0406843
90000 100000 150001 0.770175
85000 105000 150001 1.08076
90000 105000 150003 3.10516
80000 105000 150000 -0.323498
85000 105000 150001 1.08076
80000 110000 149998 -1.89157
85000 110000 149998 -1.54588
85000 105000 150001 1.08076
90000 105000 150003 3.10516
85000 110000 149998 -1.54588
90000 110000 150002 2.04969
90000 100000 150001 0.770175
95000 100000 150004 4.3188
90000 105000 150003 3.10516
95000 105000 150005 4.97382
95000 100000 150004 4.3188
100000 100000 150010 10.1352
95000 105000 150005 4.97382
100000 105000 150008 7.81137
90000 105000 150003 3.10516
95000 105000 150005 4.97382
90000 110000 150002 2.04969
95000 110000 150007 6.58964
95000 105000 150005 4.97382
100000 105000 150008 7.81137
95000 110000 150007 6.58964
100000 110000 150009 9.1556
100000 100000 150010 10.1352
105000 100000 150013 13.089
100000 105000 150008 7.81137
105000 105000 150011 11.3015
105000 100000 150013 13.089
110000 100000 150014 13.7658
105000 105000 150011 11.3015
110000 105000 150015 14.5137
100000 105000 150008 7.81137
105000 105000 150011 11.3015
100000 110000 150009 9.1556
105000 110000 150013 13.3358
105000 105000 150011 11.3015
110000 105000 150015 14.5137
105000 110000 150013 13.3358
110000 110000 150014 14.0922
110000 100000 150014 13.7658
115000 100000 150018 17.8427
110000 105000 150015 14.5137
115000 105000 150016 16.3606
115000 100000 150018 17.8427
120000 100000 150018 18.3636
115000 105000 150016 16.3606
120000 105000 150017 17.3589
110000 105000 150015 14.5137
115000 105000 150016 16.3606
110000 110000 150014 14.0922
115000 110000 150014 13.8098
115000 105000 150016 16.3606
120000 105000 150017 17.3589
115000 110000 150014 13.8098
120000 110000 150015 15.1831
120000 100000 150018 18.3636
125000 100000 150018 17.7291
120000 105000 150017 17.3589
125000 105000 150018 17.6867
125000 100000 150018 17.7291
130000 100000 150016 15.7536
125000 105000 150018 17.6867
130000 105000 150018 17.7982
120000 105000 150017 17.3589
125000 105000 150018 17.6867
120000 110000 150015 15.1831
125000 110000 150017 17.0726
125000 105000 150018 17.6867
130000 105000 150018 17.7982
125000 110000 150017 17.0726
130000 110000 150015 15.4629
130000 100000 150016 15.7536
135000 100000 150012 12.4209
130000 105000 150018 17.7982
135000 105000 150012 11.9911
135000 100000 150012 12.4209
140000 100000 150010 9.57078
135000 105000 150012 11.9911
140000 105000 150006 5.96881
130000 105000 150018 17.7982
135000 105000 150012 11.9911
130000 110000 150015 15.4629
135000 110000 150014 13.5272
135000 105000 150012 11.9911
140000 105000 150006 5.96881
135000 110000 150014 13.5272
140000 110000 150007 7.09847
140000 100000 150010 9.57078
145000 100000 150006 5.53603
140000 105000 150006 5.96881
145000 105000 150000 -0.394032
145000 100000 150006 5.53603
150000 100000 150001 1.26003
145000 105000 150000 -0.394032
150000 105000 149996 -3.57928
140000 105000 150006 5.96881
145000 105000 150000 -0.394032
140000 110000 150007 7.09847
145000 110000 150003 3.30829
145000 105000 150000 -0.394032
150000 105000 149996 -3.57928
145000 110000 150003 3.30829
150000 110000 149993 -6.64088
150000 100000 150001 1.26003
155000 100000 149987 -12.5284
150000 105000 149996 -3.57928
155000 105000 149989 -10.7122
155000 100000 149987 -12.5284
160000 100000 149967 -33.4404
155000 105000 149989 -10.7122
160000 105000 149972 -28.3099
150000 105000 149996 -3.57928
155000 105000 149989 -10.7122
150000 110000 149993 -6.64088
155000 110000 149985 -14.7073
155000 105000 149989 -10.7122
160000 105000 149972 -28.3099
155000 110000 149985 -14.7073
160000 110000 149975 -24.5256
80000 110000 149998 -1.89157
85000 110000 149998 -1.54588
80000 115000 149997 -2.80728
85000 115000 150001 0.694978
85000 110000 149998 -1.54588
90000 110000 150002 2.04969
85000 115000 150001 0.694978
90000 115000 150003 2.83856
80000 115000 149997 -2.80728
85000 115000 150001 0.694978
80000 120000 149997 -2.50219
85000 120000 150000 -0.281335
85000 115000 150001 0.694978
90000 115000 150003 2.83856
85000 120000 150000 -0.281335
90000 120000 150002 1.92414
90000 110000 150002 2.04969
95000 110000 150007 6.58964
90000 115000 150003 2.83856
95000 115000 150006 6.43488
95000 110000 150007 6.58964
100000 110000 150009 9.1556
95000 115000 150006 6.43488
100000 115000 150010 9.73005
90000 115000 150003 2.83856
95000 115000 150006 6.43488
90000 120000 150002 1.92414
95000 120000 150004 3.75794
95000 115000 150006 6.43488
100000 115000 150010 9.73005
95000 120000 150004 3.75794
100000 120000 150006 5.78803
100000 110000 150009 9.1556
105000 110000 150013 13.3358
100000 115000 150010 9.73005
105000 115000 150011 11.0481
105000 110000 150013 13.3358
110000 110000 150014 14.0922
105000 115000 150011 11.0481
110000 115000 150013 13.0801
100000 115000 150010 9.73005
105000 115000 150011 11.0481
100000 120000 150006 5.78803
105000 120000 150011 10.7005
105000 115000 150011 11.0481
110000 115000 150013 13.0801
105000 120000 150011 10.7005
110000 120000 150014 13.8396
110000 110000 150014 14.0922
115000 110000 150014 13.8098
110000 115000 150013 13.0801
115000 115000 150015 15.102
115000 110000 150014 13.8098
120000 110000 150015 15.1831
115000 115000 150015 15.102
120000 115000 150016 16.3719
110000 115000 150013 13.0801
115000 115000 150015 15.102
110000 120000 150014 13.8396
115000 120000 150014 13.5885
115000 115000 150015 15.102
120000 115000 150016 16.3719
115000 120000 150014 13.5885
120000 120000 150017 16.5517
120000 110000 150015 15.1831
125000 110000 150017 17.0726
120000 115000 150016 16.3719
125000 115000 150017 16.6165
125000 110000 150017 17.0726
130000 110000 150015 15.4629
125000 115000 150017 16.6165
130000 115000 150016 15.9519
120000 115000 150016 16.3719
125000 115000 150017 16.6165
120000 120000 150017 16.5517
125000 120000 150017 17.0662
125000 115000 150017 16.6165
130000 115000 150016 15.9519
125000 120000 150017 17.0662
130000 120000 150016 15.5906
130000 110000 150015 15.4629
135000 110000 150014 13.5272
130000 115000 150016 15.9519
135000 115000 150013 12.9892
135000 110000 150014 13.5272
140000 110000 150007 7.09847
135000 115000 150013 12.9892
140000 115000 150006 5.97324
130000 115000 150016 15.9519
135000 115000 150013 12.9892
130000 120000 150016 15.5906
135000 120000 150013 12.8484
135000 115000 150013 12.9892
140000 115000 150006 5.97324
135000 120000 150013 12.8484
140000 120000 150009 9.49609
140000 110000 150007 7.09847
145000 110000 150003 3.30829
140000 115000 150006 5.97324
145000 115000 149998 -2.21335
145000 110000 150003 3.30829
150000 110000 149993 -6.64088
145000 115000 149998 -2.21335
150000 115000 149988 -11.8579
140000 115000 150006 5.97324
145000 115000 149998 -2.21335
140000 120000 150009 9.49609
145000 120000 150002 1.82934
145000 115000 149998 -2.21335
150000 115000 149988 -11.8579
145000 120000 150002 1.82934
150000 120000 149995 -5.01566
150000 110000 149993 -6.64088
155000 110000 149985 -14.7073
150000 115000 149988 -11.8579
155000 115000 149976 -23.986
155000 110000 149985 -14.7073
160000 110000 149975 -24.5256
155000 115000 149976 -23.986
160000 115000 149966 -33.914
150000 115000 149988 -11.8579
155000 115000 149976 -23.986
150000 120000 149995 -5.01566
155000 120000 149988 -12.4043
155000 115000 149976 -23.986
160000 115000 149966 -33.914
155000 120000 149988 -12.4043
160000 120000 149979 -21.1128
240000 0 150006 5.87494
245000 0 150004 4.06836
240000 5000 150005 5.10587
245000 5000 150004 4.01051
245000 0 150004 4.06836
250000 0 150003 2.76993
245000 5000 150004 4.01051
250000 5000 150001 0.919014
240000 5000 150005 5.10587
245000 5000 150004 4.01051
240000 10000 150002 2.25767
245000 10000 150002 1.75725
245000 5000 150004 4.01051
250000 5000 150001 0.919014
245000 10000 150002 1.75725
250000 10000 150003 2.81389
250000 0 150003 2.76993
255000 0 150002 1.59504
250000 5000 150001 0.919014
255000 5000 150002 1.61849
255000 0 150002 1.59504
260000 0 150001 1.16106
255000 5000 150002 1.61849
260000 5000 150000 -0.0150709
250000 5000 150001 0.919014
255000 5000 150002 1.61849
250000 10000 150003 2.81389
255000 10000 150001 1.28544
255000 5000 150002 1.61849
260000 5000 150000 -0.0150709
255000 10000 150001 1.28544
260000 10000 150001 1.05487
260000 0 150001 1.16106
265000 0 150000 -0.246899
260000 5000 150000 -0.0150709
265000 5000 150000 0.264903
265000 0 150000 -0.246899
270000 0 150000 -0.124261
265000 5000 150000 0.264903
270000 5000 150000 0.264701
260000 5000 150000 -0.0150709
265000 5000 150000 0.264903
260000 10000 150001 1.05487
265000 10000 150000 -0.0731319
265000 5000 150000 0.264903
270000 5000 150000 0.264701
265000 10000 150000 -0.0731319
270000 10000 150000 -0.00825966
270000 0 150000 -0.124261
275000 0 149999 -0.722158
270000 5000 150000 0.264701
275000 5000 150000 0.320818
275000 0 149999 -0.722158
280000 0 149999 -0.676583
275000 5000 150000 0.320818
280000 5000 150000 -0.168852
270000 5000 150000 0.264701
275000 5000 150000 0.320818
270000 10000 150000 -0.00825966
275000 10000 150000 -0.157546
275000 5000 150000 0.320818
280000 5000 150000 -0.168852
275000 10000 150000 -0.157546
280000 10000 150000 -0.145467
280000 0 149999 -0.676583
285000 0 149999 -0.536508
280000 5000 150000 -0.168852
285000 5000 150000 -0.168853
285000 0 149999 -0.536508
290000 0 150000 -0.0220578
285000 5000 150000 -0.168853
290000 5000 150001 0.643379
280000 5000 150000 -0.168852
285000 5000 150000 -0.168853
280000 10000 150000 -0.145467
285000 10000 150000 -0.168855
285000 5000 150000 -0.168853
290000 5000 150001 0.643379
285000 10000 150000 -0.168855
290000 10000 150000 -0.112435
290000 0 150000 -0.0220578
295000 0 150000 0.332522
290000 5000 150001 0.643379
295000 5000 150000 0.337406
295000 0 150000 0.332522
300000 0 150001 0.775673
295000 5000 150000 0.337406
300000 5000 150000 0.194002
290000 5000 150001 0.643379
295000 5000 150000 0.337406
290000 10000 150000 -0.112435
295000 10000 150000 0.427011
295000 5000 150000 0.337406
300000 5000 150000 0.194002
295000 10000 150000 0.427011
300000 10000 150000 0.232896
240000 10000 150002 2.25767
245000 10000 150002 1.75725
240000 15000 150004 3.71549
245000 15000 150004 3.88353
245000 10000 150002 1.75725
250000 10000 150003 2.81389
245000 15000 150004 3.88353
250000 15000 150003 3.18012
240000 15000 150004 3.71549
245000 15000 150004 3.88353
240000 20000 150005 4.74593
245000 20000 150003 2.60044
245000 15000 150004 3.88353
250000 15000 150003 3.18012
245000 20000 150003 2.60044
250000 20000 150003 2.97152
250000 10000 150003 2.81389
255000 10000 150001 1.28544
250000 15000 150003 3.18012
255000 15000 150002 2.33352
255000 10000 150001 1.28544
260000 10000 150001 1.05487
255000 15000 150002 2.33352
260000 15000 150001 1.18549
250000 15000 150003 3.18012
255000 15000 150002 2.33352
250000 20000 150003 2.97152
255000 20000 150003 2.66615
255000 15000 150002 2.33352
260000 15000 150001 1.18549
255000 20000 150003 2.66615
260000 20000 150002 2.03391
260000 10000 150001 1.05487
265000 10000 150000 -0.0731319
260000 15000 150001 1.18549
265000 15000 150001 0.746324
265000 10000 150000 -0.0731319
270000 10000 150000 -0.00825966
265000 15000 150001 0.746324
270000 15000 150000 -0.112388
260000 15000 150001 1.18549
265000 15000 150001 0.746324
260000 20000 150002 2.03391
265000 20000 150000 0.140325
265000 15000 150001 0.746324
270000 15000 150000 -0.112388
265000 20000 150000 0.140325
270000 20000 150001 0.604181
270000 10000 150000 -0.00825966
275000 10000 150000 -0.157546
270000 15000 150000 -0.112388
275000 15000 150000 -0.0510579
275000 10000 150000 -0.157546
280000 10000 150000 -0.145467
275000 15000 150000 -0.0510579
280000 15000 150000 -0.0177628
270000 15000 150000 -0.112388
275000 15000 150000 -0.0510579
270000 20000 150001 0.604181
275000 20000 150000 -0.138899
275000 15000 150000 -0.0510579
280000 15000 150000 -0.0177628
275000 20000 150000 -0.138899
280000 20000 150000 -0.162176
280000 10000 150000 -0.145467
285000 10000 150000 -0.168855
280000 15000 150000 -0.0177628
285000 15000 150000 -0.168855
285000 10000 150000 -0.168855
290000 10000 150000 -0.112435
285000 15000 150000 -0.168855
290000 15000 150000 -0.118671
280000 15000 150000 -0.0177628
285000 15000 150000 -0.168855
280000 20000 150000 -0.162176
285000 20000 150000 -0.170004
285000 15000 150000 -0.168855
290000 15000 150000 -0.118671
285000 20000 150000 -0.170004
290000 20000 150000 -0.112491
290000 10000 150000 -0.112435
295000 10000 150000 0.427011
290000 15000 150000 -0.118671
295000 15000 150000 -0.0206433
295000 10000 150000 0.427011
300000 10000 150000 0.232896
295000 15000 150000 -0.0206433
300000 15000 150000 0.00376973
290000 15000 150000 -0.118671
295000 15000 150000 -0.0206433
290000 20000 150000 -0.112491
295000 20000 150000 0.100093
295000 15000 150000 -0.0206433
300000 15000 150000 0.00376973
295000 20000 150000 0.100093
300000 20000 150000 -0.106335
240000 20000 150005 4.74593
245000 20000 150003 2.60044
240000 25000 150005 4.82471
245000 25000 150004 4.06492
245000 20000 150003 2.60044
250000 20000 150003 2.97152
245000 25000 150004 4.06492
250000 25000 150002 1.79173
240000 25000 150005 4.82471
245000 25000 150004 4.06492
240000 30000 150005 4.93678
245000 30000 150004 3.67075
245000 25000 150004 4.06492
250000 25000 150002 1.79173
245000 30000 150004 3.67075
250000 30000 150003 2.54783
250000 20000 150003 2.97152
255000 20000 150003 2.66615
250000 25000 150002 1.79173
255000 25000 150002 2.08128
255000 20000 150003 2.66615
260000 20000 150002 2.03391
255000 25000 150002 2.08128
260000 25000 150001 0.830184
250000 25000 150002 1.79173
255000 25000 150002 2.08128
250000 30000 150003 2.54783
255000 30000 150002 1.75414
255000 25000 150002 2.08128
260000 25000 150001 0.830184
255000 30000 150002 1.75414
260000 30000 150001 1.42956
260000 20000 150002 2.03391
265000 20000 150000 0.140325
260000 25000 150001 0.830184
265000 25000 150001 0.965121
265000 20000 150000 0.140325
270000 20000 150001 0.604181
265000 25000 150001 0.965121
270000 25000 150001 0.552723
260000 25000 150001 0.830184
265000 25000 150001 0.965121
260000 30000 150001 1.42956
265000 30000 150002 1.54656
265000 25000 150001 0.965121
270000 25000 150001 0.552723
265000 30000 150002 1.54656
270000 30000 150001 1.2692
270000 20000 150001 0.604181
275000 20000 150000 -0.138899
270000 25000 150001 0.552723
275000 25000 150001 0.824409
275000 20000 150000 -0.138899
280000 20000 150000 -0.162176
275000 25000 150001 0.824409
280000 25000 150001 0.683412
270000 25000 150001 0.552723
275000 25000 150001 0.824409
270000 30000 150001 1.2692
275000 30000 150001 0.917327
275000 25000 150001 0.824409
280000 25000 150001 0.683412
275000 30000 150001 0.917327
280000 30000 150000 0.356823
280000 20000 150000 -0.162176
285000 20000 150000 -0.170004
280000 25000 150001 0.683412
285000 25000 150000 -0.244967
285000 20000 150000 -0.170004
290000 20000 150000 -0.112491
285000 25000 150000 -0.244967
290000 25000 150000 -0.0784515
280000 25000 150001 0.683412
285000 25000 150000 -0.244967
280000 30000 150000 0.356823
285000 30000 150000 -0.238277
285000 25000 150000 -0.244967
290000 25000 150000 -0.0784515
285000 30000 150000 -0.238277
290000 30000 150000 -0.271606
290000 20000 150000 -0.112491
295000 20000 150000 0.100093
290000 25000 150000 -0.0784515
295000 25000 150000 0.0531495
295000 20000 150000 0.100093
300000 20000 150000 -0.106335
295000 25000 150000 0.0531495
300000 25000 150000 -0.197813
290000 25000 150000 -0.0784515
295000 25000 150000 0.0531495
290000 30000 150000 -0.271606
295000 30000 150000 -0.450151
295000 25000 150000 0.0531495
300000 25000 150000 -0.197813
295000 30000 150000 -0.450151
300000 30000 149999 -0.616919
240000 30000 150005 4.93678
245000 30000 150004 3.67075
240000 35000 150005 4.96571
245000 35000 150004 4.11323
245000 30000 150004 3.67075
250000 30000 150003 2.54783
245000 35000 150004 4.11323
250000 35000 150004 3.5571
240000 35000 150005 4.96571
245000 35000 150004 4.11323
240000 40000 150005 4.89334
245000 40000 150004 3.84245
245000 35000 150004 4.11323
250000 35000 150004 3.5571
245000 40000 150004 3.84245
250000 40000 150004 3.99665
250000 30000 150003 2.54783
255000 30000 150002 1.75414
250000 35000 150004 3.5571
255000 35000 150002 2.0513
255000 30000 150002 1.75414
260000 30000 150001 1.42956
255000 35000 150002 2.0513
260000 35000 150001 0.969461
250000 35000 150004 3.5571
255000 35000 150002 2.0513
250000 40000 150004 3.99665
255000 40000 150003 3.30218
255000 35000 150002 2.0513
260000 35000 150001 0.969461
255000 40000 150003 3.30218
260000 40000 150002 2.41121
260000 30000 150001 1.42956
265000 30000 150002 1.54656
260000 35000 150001 0.969461
265000 35000 150001 0.630389
265000 30000 150002 1.54656
270000 30000 150001 1.2692
265000 35000 150001 0.630389
270000 35000 150000 0.158504
260000 35000 150001 0.969461
265000 35000 150001 0.630389
260000 40000 150002 2.41121
265000 40000 150001 1.16209
265000 35000 150001 0.630389
270000 35000 150000 0.158504
265000 40000 150001 1.16209
270000 40000 150001 1.04309
270000 30000 150001 1.2692
275000 30000 150001 0.917327
270000 35000 150000 0.158504
275000 35000 150001 0.666611
275000 30000 150001 0.917327
280000 30000 150000 0.356823
275000 35000 150001 0.666611
280000 35000 150001 0.74103
270000 35000 150000 0.158504
275000 35000 150001 0.666611
270000 40000 150001 1.04309
275000 40000 150002 1.59818
275000 35000 150001 0.666611
280000 35000 150001 0.74103
275000 40000 150002 1.59818
280000 40000 150001 0.949687
280000 30000 150000 0.356823
285000 30000 150000 -0.238277
280000 35000 150001 0.74103
285000 35000 150000 0.206144
285000 30000 150000 -0.238277
290000 30000 150000 -0.271606
285000 35000 150000 0.206144
290000 35000 150000 0.198404
280000 35000 150001 0.74103
285000 35000 150000 0.206144
280000 40000 150001 0.949687
285000 40000 150001 0.726543
285000 35000 150000 0.206144
290000 35000 150000 0.198404
285000 40000 150001 0.726543
290000 40000 150001 0.891863
290000 30000 150000 -0.271606
295000 30000 150000 -0.450151
290000 35000 150000 0.198404
295000 35000 150000 0.0537055
295000 30000 150000 -0.450151
300000 30000 149999 -0.616919
295000 35000 150000 0.0537055
300000 35000 150000 -0.0840139
290000 35000 150000 0.198404
295000 35000 150000 0.0537055
290000 40000 150001 0.891863
295000 40000 150000 0.391044
295000 35000 150000 0.0537055
300000 35000 150000 -0.0840139
295000 40000 150000 0.391044
300000 40000 149999 -0.526374
240000 40000 150005 4.89334
245000 40000 150004 3.84245
240000 45000 150004 3.51111
245000 45000 150004 4.0681
245000 40000 150004 3.84245
250000 40000 150004 3.99665
245000 45000 150004 4.0681
250000 45000 150002 2.35987
240000 45000 150004 3.51111
245000 45000 150004 4.0681
240000 50000 150006 5.8743
245000 50000 150005 4.65315
245000 45000 150004 4.0681
250000 45000 150002 2.35987
245000 50000 150005 4.65315
250000 50000 150004 4.27755
250000 40000 150004 3.99665
255000 40000 150003 3.30218
250000 45000 150002 2.35987
255000 45000 150003 2.55863
255000 40000 150003 3.30218
260000 40000 150002 2.41121
255000 45000 150003 2.55863
260000 45000 150001 0.98465
250000 45000 150002 2.35987
255000 45000 150003 2.55863
250000 50000 150004 4.27755
255000 50000 150004 3.54572
255000 45000 150003 2.55863
260000 45000 150001 0.98465
255000 50000 150004 3.54572
260000 50000 150003 2.58393
260000 40000 150002 2.41121
265000 40000 150001 1.16209
260000 45000 150001 0.98465
265000 45000 150001 0.8713
265000 40000 150001 1.16209
270000 40000 150001 1.04309
265000 45000 150001 0.8713
270000 45000 150001 0.838991
260000 45000 150001 0.98465
265000 45000 150001 0.8713
260000 50000 150003 2.58393
265000 50000 150002 1.80004
265000 45000 150001 0.8713
270000 45000 150001 0.838991
265000 50000 150002 1.80004
270000 50000 150001 1.36971
270000 40000 150001 1.04309
275000 40000 150002 1.59818
270000 45000 150001 0.838991
275000 45000 150002 1.72128
275000 40000 150002 1.59818
280000 40000 150001 0.949687
275000 45000 150002 1.72128
280000 45000 150001 1.27802
270000 45000 150001 0.838991
275000 45000 150002 1.72128
270000 50000 150001 1.36971
275000 50000 150001 0.810867
275000 45000 150002 1.72128
280000 45000 150001 1.27802
275000 50000 150001 0.810867
280000 50000 150001 0.979883
280000 40000 150001 0.949687
285000 40000 150001 0.726543
280000 45000 150001 1.27802
285000 45000 150000 0.433576
285000 40000 150001 0.726543
290000 40000 150001 0.891863
285000 45000 150000 0.433576
290000 45000 150000 0.055932
280000 45000 150001 1.27802
285000 45000 150000 0.433576
280000 50000 150001 0.979883
285000 50000 150001 0.683863
285000 45000 150000 0.433576
290000 45000 150000 0.055932
285000 50000 150001 0.683863
290000 50000 150001 1.0615
290000 40000 150001 0.891863
295000 40000 150000 0.391044
290000 45000 150000 0.055932
295000 45000 150000 -0.145038
295000 40000 150000 0.391044
300000 40000 149999 -0.526374
295000 45000 150000 -0.145038
300000 45000 150000 0.346507
290000 45000 150000 0.055932
295000 45000 150000 -0.145038
290000 50000 150001 1.0615
295000 50000 150001 0.713155
295000 45000 150000 -0.145038
300000 45000 150000 0.346507
295000 50000 150001 0.713155
300000 50000 150000 -0.241639
240000 50000 150006 5.8743
245000 50000 150005 4.65315
240000 55000 150005 5.44299
245000 55000 150005 5.09359
245000 50000 150005 4.65315
250000 50000 150004 4.27755
245000 55000 150005 5.09359
250000 55000 150003 2.81264
240000 55000 150005 5.44299
245000 55000 150005 5.09359
240000 60000 150006 6.08705
245000 60000 150004 3.78159
245000 55000 150005 5.09359
250000 55000 150003 2.81264
245000 60000 150004 3.78159
250000 60000 150004 3.92682
250000 50000 150004 4.27755
255000 50000 150004 3.54572
250000 55000 150003 2.81264
255000 55000 150001 1.22199
255000 50000 150004 3.54572
260000 50000 150003 2.58393
255000 55000 150001 1.22199
260000 55000 150001 1.05962
250000 55000 150003 2.81264
255000 55000 150001 1.22199
250000 60000 150004 3.92682
255000 60000 150004 3.86703
255000 55000 150001 1.22199
260000 55000 150001 1.05962
255000 60000 150004 3.86703
260000 60000 150003 3.07785
260000 50000 150003 2.58393
265000 50000 150002 1.80004
260000 55000 150001 1.05962
265000 55000 150001 0.874221
265000 50000 150002 1.80004
270000 50000 150001 1.36971
265000 55000 150001 0.874221
270000 55000 150002 1.72827
260000 55000 150001 1.05962
265000 55000 150001 0.874221
260000 60000 150003 3.07785
265000 60000 150002 1.97641
265000 55000 150001 0.874221
270000 55000 150002 1.72827
265000 60000 150002 1.97641
270000 60000 150002 2.07067
270000 50000 150001 1.36971
275000 50000 150001 0.810867
270000 55000 150002 1.72827
275000 55000 150001 1.0798
275000 50000 150001 0.810867
280000 50000 150001 0.979883
275000 55000 150001 1.0798
280000 55000 150001 0.565295
270000 55000 150002 1.72827
275000 55000 150001 1.0798
270000 60000 150002 2.07067
275000 60000 150001 1.02168
275000 55000 150001 1.0798
280000 55000 150001 0.565295
275000 60000 150001 1.02168
280000 60000 150001 0.750742
280000 50000 150001 0.979883
285000 50000 150001 0.683863
280000 55000 150001 0.565295
285000 55000 150001 1.02588
285000 50000 150001 0.683863
290000 50000 150001 1.0615
285000 55000 150001 1.02588
290000 55000 150000 0.365369
280000 55000 150001 0.565295
285000 55000 150001 1.02588
280000 60000 150001 0.750742
285000 60000 150000 0.324145
285000 55000 150001 1.02588
290000 55000 150000 0.365369
285000 60000 150000 0.324145
290000 60000 150001 0.558895
290000 50000 150001 1.0615
295000 50000 150001 0.713155
290000 55000 150000 0.365369
295000 55000 150000 0.383967
295000 50000 150001 0.713155
300000 50000 150000 -0.241639
295000 55000 150000 0.383967
300000 55000 150000 0.350864
290000 55000 150000 0.365369
295000 55000 150000 0.383967
290000 60000 150001 0.558895
295000 60000 150000 0.0645962
295000 55000 150000 0.383967
300000 55000 150000 0.350864
295000 60000 150000 0.0645962
300000 60000 150000 -0.439941
200000 60000 150028 28.0674
205000 60000 150027 27.3207
200000 65000 150032 31.8923
205000 65000 150031 30.6953
205000 60000 150027 27.3207
210000 60000 150025 24.7079
205000 65000 150031 30.6953
210000 65000 150026 26.023
200000 65000 150032 31.8923
205000 65000 150031 30.6953
200000 70000 150034 33.9618
205000 70000 150030 29.811
205000 65000 150031 30.6953
210000 65000 150026 26.023
205000 70000 150030 29.811
210000 70000 150024 24.4495
210000 60000 150025 24.7079
215000 60000 150022 21.6762
210000 65000 150026 26.023
215000 65000 150022 22.3501
215000 60000 150022 21.6762
220000 60000 150017 16.6014
215000 65000 150022 22.3501
220000 65000 150019 18.9679
210000 65000 150026 26.023
215000 65000 150022 22.3501
210000 70000 150024 24.4495
215000 70000 150022 21.9953
215000 65000 150022 22.3501
220000 65000 150019 18.9679
215000 70000 150022 21.9953
220000 70000 150016 16.3841
220000 60000 150017 16.6014
225000 60000 150013 13.4044
220000 65000 150019 18.9679
225000 65000 150015 15.2783
225000 60000 150013 13.4044
230000 60000 150011 11.0409
225000 65000 150015 15.2783
230000 65000 150013 12.7502
220000 65000 150019 18.9679
225000 65000 150015 15.2783
220000 70000 150016 16.3841
225000 70000 150015 15.2734
225000 65000 150015 15.2783
230000 65000 150013 12.7502
225000 70000 150015 15.2734
230000 70000 150010 10.1939
230000 60000 150011 11.0409
235000 60000 150008 8.28647
230000 65000 150013 12.7502
235000 65000 150009 9.27782
235000 60000 150008 8.28647
240000 60000 150006 6.08705
235000 65000 150009 9.27782
240000 65000 150006 5.91886
230000 65000 150013 12.7502
235000 65000 150009 9.27782
230000 70000 150010 10.1939
235000 70000 150007 7.47817
235000 65000 150009 9.27782
240000 65000 150006 5.91886
235000 70000 150007 7.47817
240000 70000 150007 6.96796
240000 60000 150006 6.08705
245000 60000 150004 3.78159
240000 65000 150006 5.91886
245000 65000 150005 5.43284
245000 60000 150004 3.78159
250000 60000 150004 3.92682
245000 65000 150005 5.43284
250000 65000 150005 4.8061
240000 65000 150006 5.91886
245000 65000 150005 5.43284
240000 70000 150007 6.96796
245000 70000 150005 4.51569
245000 65000 150005 5.43284
250000 65000 150005 4.8061
245000 70000 150005 4.51569
250000 70000 150005 5.00571
250000 60000 150004 3.92682
255000 60000 150004 3.86703
250000 65000 150005 4.8061
255000 65000 150003 3.10999
255000 60000 150004 3.86703
260000 60000 150003 3.07785
255000 65000 150003 3.10999
260000 65000 150002 1.90958
250000 65000 150005 4.8061
255000 65000 150003 3.10999
250000 70000 150005 5.00571
255000 70000 150003 2.68182
255000 65000 150003 3.10999
260000 65000 150002 1.90958
255000 70000 150003 2.68182
260000 70000 150003 2.68925
260000 60000 150003 3.07785
265000 60000 150002 1.97641
260000 65000 150002 1.90958
265000 65000 150001 0.941226
265000 60000 150002 1.97641
270000 60000 150002 2.07067
265000 65000 150001 0.941226
270000 65000 150001 0.673796
260000 65000 150002 1.90958
265000 65000 150001 0.941226
260000 70000 150003 2.68925
265000 70000 150002 2.37735
265000 65000 150001 0.941226
270000 65000 150001 0.673796
265000 70000 150002 2.37735
270000 70000 150001 1.22338
270000 60000 150002 2.07067
275000 60000 150001 1.02168
270000 65000 150001 0.673796
275000 65000 150001 0.643249
275000 60000 150001 1.02168
280000 60000 150001 0.750742
275000 65000 150001 0.643249
280000 65000 150001 1.05261
270000 65000 150001 0.673796
275000 65000 150001 0.643249
270000 70000 150001 1.22338
275000 70000 150001 1.26976
275000 65000 150001 0.643249
280000 65000 150001 1.05261
275000 70000 150001 1.26976
280000 70000 150001 1.35587
280000 60000 150001 0.750742
285000 60000 150000 0.324145
280000 65000 150001 1.05261
285000 65000 150001 1.05247
285000 60000 150000 0.324145
290000 60000 150001 0.558895
285000 65000 150001 1.05247
290000 65000 150001 0.717806
280000 65000 150001 1.05261
285000 65000 150001 1.05247
280000 70000 150001 1.35587
285000 70000 150002 1.82154
285000 65000 150001 1.05247
290000 65000 150001 0.717806
285000 70000 150002 1.82154
290000 70000 150001 0.809636
290000 60000 150001 0.558895
295000 60000 150000 0.0645962
290000 65000 150001 0.717806
295000 65000 150000 -0.118951
295000 60000 150000 0.0645962
300000 60000 150000 -0.439941
295000 65000 150000 -0.118951
300000 65000 150000 -0.349298
290000 65000 150001 0.717806
295000 65000 150000 -0.118951
290000 70000 150001 0.809636
295000 70000 150000 0.474313
295000 65000 150000 -0.118951
300000 65000 150000 -0.349298
295000 70000 150000 0.474313
300000 70000 150000 -0.250123
200000 70000 150034 33.9618
205000 70000 150030 29.811
200000 75000 150034 34.0413
205000 75000 150032 31.7815
205000 70000 150030 29.811
210000 70000 150024 24.4495
205000 75000 150032 31.7815
210000 75000 150028 28.4669
200000 75000 150034 34.0413
205000 75000 150032 31.7815
200000 80000 150036 35.8514
205000 80000 150033 32.6749
205000 75000 150032 31.7815
210000 75000 150028 28.4669
205000 80000 150033 32.6749
210000 80000 150029 28.6231
210000 70000 150024 24.4495
215000 70000 150022 21.9953
210000 75000 150028 28.4669
215000 75000 150024 23.6946
215000 70000 150022 21.9953
220000 70000 150016 16.3841
215000 75000 150024 23.6946
220000 75000 150018 18.1433
210000 75000 150028 28.4669
215000 75000 150024 23.6946
210000 80000 150029 28.6231
215000 80000 150024 24.3723
215000 75000 150024 23.6946
220000 75000 150018 18.1433
215000 80000 150024 24.3723
220000 80000 150020 20.4234
220000 70000 150016 16.3841
225000 70000 150015 15.2734
220000 75000 150018 18.1433
225000 75000 150016 15.7552
225000 70000 150015 15.2734
230000 70000 150010 10.1939
225000 75000 150016 15.7552
230000 75000 150012 12.0085
220000 75000 150018 18.1433
225000 75000 150016 15.7552
220000 80000 150020 20.4234
225000 80000 150015 15.3568
225000 75000 150016 15.7552
230000 75000 150012 12.0085
225000 80000 150015 15.3568
230000 80000 150011 10.5903
230000 70000 150010 10.1939
235000 70000 150007 7.47817
230000 75000 150012 12.0085
235000 75000 150006 5.74805
235000 70000 150007 7.47817
240000 70000 150007 6.96796
235000 75000 150006 5.74805
240000 75000 150004 3.70173
230000 75000 150012 12.0085
235000 75000 150006 5.74805
230000 80000 150011 10.5903
235000 80000 150009 9.25611
235000 75000 150006 5.74805
240000 75000 150004 3.70173
235000 80000 150009 9.25611
240000 80000 150008 7.5637
240000 70000 150007 6.96796
245000 70000 150005 4.51569
240000 75000 150004 3.70173
245000 75000 150002 2.4305
245000 70000 150005 4.51569
250000 70000 150005 5.00571
245000 75000 150002 2.4305
250000 75000 150002 2.02023
240000 75000 150004 3.70173
245000 75000 150002 2.4305
240000 80000 150008 7.5637
245000 80000 150006 5.76301
245000 75000 150002 2.4305
250000 75000 150002 2.02023
245000 80000 150006 5.76301
250000 80000 150005 5.39372
250000 70000 150005 5.00571
255000 70000 150003 2.68182
250000 75000 150002 2.02023
255000 75000 150002 2.31659
255000 70000 150003 2.68182
260000 70000 150003 2.68925
255000 75000 150002 2.31659
260000 75000 150002 1.73676
250000 75000 150002 2.02023
255000 75000 150002 2.31659
250000 80000 150005 5.39372
255000 80000 150004 3.92574
255000 75000 150002 2.31659
260000 75000 150002 1.73676
255000 80000 150004 3.92574
260000 80000 150002 1.7363
260000 70000 150003 2.68925
265000 70000 150002 2.37735
260000 75000 150002 1.73676
265000 75000 150002 1.67932
265000 70000 150002 2.37735
270000 70000 150001 1.22338
265000 75000 150002 1.67932
270000 75000 150002 2.15787
260000 75000 150002 1.73676
265000 75000 150002 1.67932
260000 80000 150002 1.7363
265000 80000 150002 1.67214
265000 75000 150002 1.67932
270000 75000 150002 2.15787
265000 80000 150002 1.67214
270000 80000 150002 1.65605
270000 70000 150001 1.22338
275000 70000 150001 1.26976
270000 75000 150002 2.15787
275000 75000 150002 1.9278
275000 70000 150001 1.26976
280000 70000 150001 1.35587
275000 75000 150002 1.9278
280000 75000 150003 2.72313
270000 75000 150002 2.15787
275000 75000 150002 1.9278
270000 80000 150002 1.65605
275000 80000 150002 1.81437
275000 75000 150002 1.9278
280000 75000 150003 2.72313
275000 80000 150002 1.81437
280000 80000 150002 1.79944
280000 70000 150001 1.35587
285000 70000 150002 1.82154
280000 75000 150003 2.72313
285000 75000 150002 2.13385
285000 70000 150002 1.82154
290000 70000 150001 0.809636
285000 75000 150002 2.13385
290000 75000 150001 1.47606
280000 75000 150003 2.72313
285000 75000 150002 2.13385
280000 80000 150002 1.79944
285000 80000 150002 1.53813
285000 75000 150002 2.13385
290000 75000 150001 1.47606
285000 80000 150002 1.53813
290000 80000 150002 1.70221
290000 70000 150001 0.809636
295000 70000 150000 0.474313
290000 75000 150001 1.47606
295000 75000 150001 0.783933
295000 70000 150000 0.474313
300000 70000 150000 -0.250123
295000 75000 150001 0.783933
300000 75000 150000 0.473919
290000 75000 150001 1.47606
295000 75000 150001 0.783933
290000 80000 150002 1.70221
295000 80000 150001 1.07564
295000 75000 150001 0.783933
300000 75000 150000 0.473919
295000 80000 150001 1.07564
300000 80000 150000 0.158351
160000 80000 149891 -108.991
165000 80000 149913 -86.9487
160000 85000 149912 -88.1124
165000 85000 149892 -107.761
165000 80000 149913 -86.9487
170000 80000 149960 -40.3453
165000 85000 149892 -107.761
170000 85000 149945 -54.9687
160000 85000 149912 -88.1124
165000 85000 149892 -107.761
160000 90000 149942 -57.6817
165000 90000 149901 -99.4549
165000 85000 149892 -107.761
170000 85000 149945 -54.9687
165000 90000 149901 -99.4549
170000 90000 149918 -82.36
170000 80000 149960 -40.3453
175000 80000 150001 0.922039
170000 85000 149945 -54.9687
175000 85000 149978 -22.18
175000 80000 150001 0.922039
180000 80000 150028 27.9238
175000 85000 149978 -22.18
180000 85000 150015 15.2654
170000 85000 149945 -54.9687
175000 85000 149978 -22.18
170000 90000 149918 -82.36
175000 90000 149960 -39.9918
175000 85000 149978 -22.18
180000 85000 150015 15.2654
175000 90000 149960 -39.9918
180000 90000 150000 -0.00611418
180000 80000 150028 27.9238
185000 80000 150035 35.4722
180000 85000 150015 15.2654
185000 85000 150037 36.5335
185000 80000 150035 35.4722
190000 80000 150037 37.0133
185000 85000 150037 36.5335
190000 85000 150037 36.8703
180000 85000 150015 15.2654
185000 85000 150037 36.5335
180000 90000 150000 -0.00611418
185000 90000 150035 34.8507
185000 85000 150037 36.5335
190000 85000 150037 36.8703
185000 90000 150035 34.8507
190000 90000 150040 39.5514
190000 80000 150037 37.0133
195000 80000 150036 36.3349
190000 85000 150037 36.8703
195000 85000 150035 34.9605
195000 80000 150036 36.3349
200000 80000 150036 35.8514
195000 85000 150035 34.9605
200000 85000 150035 34.99
190000 85000 150037 36.8703
195000 85000 150035 34.9605
190000 90000 150040 39.5514
195000 90000 150036 35.5583
195000 85000 150035 34.9605
200000 85000 150035 34.99
195000 90000 150036 35.5583
200000 90000 150034 34.3285
200000 80000 150036 35.8514
205000 80000 150033 32.6749
200000 85000 150035 34.99
205000 85000 150033 33.2303
205000 80000 150033 32.6749
210000 80000 150029 28.6231
205000 85000 150033 33.2303
210000 85000 150032 31.6639
200000 85000 150035 34.99
205000 85000 150033 33.2303
200000 90000 150034 34.3285
205000 90000 150033 32.8552
205000 85000 150033 33.2303
210000 85000 150032 31.6639
205000 90000 150033 32.8552
210000 90000 150029 28.5605
210000 80000 150029 28.6231
215000 80000 150024 24.3723
210000 85000 150032 31.6639
215000 85000 150027 26.9155
215000 80000 150024 24.3723
220000 80000 150020 20.4234
215000 85000 150027 26.9155
220000 85000 150021 21.2187
210000 85000 150032 31.6639
215000 85000 150027 26.9155
210000 90000 150029 28.5605
215000 90000 150024 24.196
215000 85000 150027 26.9155
220000 85000 150021 21.2187
215000 90000 150024 24.196
220000 90000 150020 19.9338
220000 80000 150020 20.4234
225000 80000 150015 15.3568
220000 85000 150021 21.2187
225000 85000 150017 17.2562
225000 80000 150015 15.3568
230000 80000 150011 10.5903
225000 85000 150017 17.2562
230000 85000 150015 14.5778
220000 85000 150021 21.2187
225000 85000 150017 17.2562
220000 90000 150020 19.9338
225000 90000 150018 18.0564
225000 85000 150017 17.2562
230000 85000 150015 14.5778
225000 90000 150018 18.0564
230000 90000 150014 13.9876
230000 80000 150011 10.5903
235000 80000 150009 9.25611
230000 85000 150015 14.5778
235000 85000 150011 11.333
235000 80000 150009 9.25611
240000 80000 150008 7.5637
235000 85000 150011 11.333
240000 85000 150007 7.27192
230000 85000 150015 14.5778
235000 85000 150011 11.333
230000 90000 150014 13.9876
235000 90000 150009 9.36818
235000 85000 150011 11.333
240000 85000 150007 7.27192
235000 90000 150009 9.36818
240000 90000 150006 6.4501
240000 80000 150008 7.5637
245000 80000 150006 5.76301
240000 85000 150007 7.27192
245000 85000 150004 4.3259
245000 80000 150006 5.76301
250000 80000 150005 5.39372
245000 85000 150004 4.3259
250000 85000 150004 4.40322
240000 85000 150007 7.27192
245000 85000 150004 4.3259
240000 90000 150006 6.4501
245000 90000 150005 5.48094
245000 85000 150004 4.3259
250000 85000 150004 4.40322
245000 90000 150005 5.48094
250000 90000 150003 3.40963
250000 80000 150005 5.39372
255000 80000 150004 3.92574
250000 85000 150004 4.40322
255000 85000 150002 1.8219
255000 80000 150004 3.92574
260000 80000 150002 1.7363
255000 85000 150002 1.8219
260000 85000 150002 1.73389
250000 85000 150004 4.40322
255000 85000 150002 1.8219
250000 90000 150003 3.40963
255000 90000 150003 3.22513
255000 85000 150002 1.8219
260000 85000 150002 1.73389
255000 90000 150003 3.22513
260000 90000 150002 2.49163
260000 80000 150002 1.7363
265000 80000 150002 1.67214
260000 85000 150002 1.73389
265000 85000 150002 1.67291
265000 80000 150002 1.67214
270000 80000 150002 1.65605
265000 85000 150002 1.67291
270000 85000 150002 1.89423
260000 85000 150002 1.73389
265000 85000 150002 1.67291
260000 90000 150002 2.49163
265000 90000 150002 1.71053
265000 85000 150002 1.67291
270000 85000 150002 1.89423
265000 90000 150002 1.71053
270000 90000 150002 1.64123
270000 80000 150002 1.65605
275000 80000 150002 1.81437
270000 85000 150002 1.89423
275000 85000 150002 1.69706
275000 80000 150002 1.81437
280000 80000 150002 1.79944
275000 85000 150002 1.69706
280000 85000 150002 1.96949
270000 85000 150002 1.89423
275000 85000 150002 1.69706
270000 90000 150002 1.64123
275000 90000 150002 1.79932
275000 85000 150002 1.69706
280000 85000 150002 1.96949
275000 90000 150002 1.79932
280000 90000 150002 1.91988
280000 80000 150002 1.79944
285000 80000 150002 1.53813
280000 85000 150002 1.96949
285000 85000 150001 1.34358
285000 80000 150002 1.53813
290000 80000 150002 1.70221
285000 85000 150001 1.34358
290000 85000 150001 1.00692
280000 85000 150002 1.96949
285000 85000 150001 1.34358
280000 90000 150002 1.91988
285000 90000 150002 1.87156
285000 85000 150001 1.34358
290000 85000 150001 1.00692
285000 90000 150002 1.87156
290000 90000 150001 1.04469
290000 80000 150002 1.70221
295000 80000 150001 1.07564
290000 85000 150001 1.00692
295000 85000 150000 0.465847
295000 80000 150001 1.07564
300000 80000 150000 0.158351
295000 85000 150000 0.465847
300000 85000 150000 0.127223
290000 85000 150001 1.00692
295000 85000 150000 0.465847
290000 90000 150001 1.04469
295000 90000 150000 0.378555
295000 85000 150000 0.465847
300000 85000 150000 0.127223
295000 90000 150000 0.378555
300000 90000 150000 0.137896
160000 90000 149942 -57.6817
165000 90000 149901 -99.4549
160000 95000 149958 -42.4512
165000 95000 149925 -74.8889
165000 90000 149901 -99.4549
170000 90000 149918 -82.36
165000 95000 149925 -74.8889
170000 95000 149908 -92.1621
160000 95000 149958 -42.4512
165000 95000 149925 -74.8889
160000 100000 149967 -33.4404
165000 100000 149947 -53.4985
165000 95000 149925 -74.8889
170000 95000 149908 -92.1621
165000 100000 149947 -53.4985
170000 100000 149921 -79.0565
170000 90000 149918 -82.36
175000 90000 149960 -39.9918
170000 95000 149908 -92.1621
175000 95000 149946 -53.9618
175000 90000 149960 -39.9918
180000 90000 150000 -0.00611418
175000 95000 149946 -53.9618
180000 95000 149981 -18.6003
170000 95000 149908 -92.1621
175000 95000 149946 -53.9618
170000 100000 149921 -79.0565
175000 100000 149933 -67.2388
175000 95000 149946 -53.9618
180000 95000 149981 -18.6003
175000 100000 149933 -67.2388
180000 100000 149964 -35.8557
180000 90000 150000 -0.00611418
185000 90000 150035 34.8507
180000 95000 149981 -18.6003
185000 95000 150023 22.9791
185000 90000 150035 34.8507
190000 90000 150040 39.5514
185000 95000 150023 22.9791
190000 95000 150039 39.0116
180000 95000 149981 -18.6003
185000 95000 150023 22.9791
180000 100000 149964 -35.8557
185000 100000 150008 8.47653
185000 95000 150023 22.9791
190000 95000 150039 39.0116
185000 100000 150008 8.47653
190000 100000 150035 34.5148
190000 90000 150040 39.5514
195000 90000 150036 35.5583
190000 95000 150039 39.0116
195000 95000 150037 36.9723
195000 90000 150036 35.5583
200000 90000 150034 34.3285
195000 95000 150037 36.9723
200000 95000 150034 33.723
190000 95000 150039 39.0116
195000 95000 150037 36.9723
190000 100000 150035 34.5148
195000 100000 150036 35.8481
195000 95000 150037 36.9723
200000 95000 150034 33.723
195000 100000 150036 35.8481
200000 100000 150033 32.7481
200000 90000 150034 34.3285
205000 90000 150033 32.8552
200000 95000 150034 33.723
205000 95000 150032 32.0356
205000 90000 150033 32.8552
210000 90000 150029 28.5605
205000 95000 150032 32.0356
210000 95000 150031 31.4272
200000 95000 150034 33.723
205000 95000 150032 32.0356
200000 100000 150033 32.7481
205000 100000 150032 31.6135
205000 95000 150032 32.0356
210000 95000 150031 31.4272
205000 100000 150032 31.6135
210000 100000 150028 28.0356
210000 90000 150029 28.5605
215000 90000 150024 24.196
210000 95000 150031 31.4272
215000 95000 150026 26.0693
215000 90000 150024 24.196
220000 90000 150020 19.9338
215000 95000 150026 26.0693
220000 95000 150021 21.0659
210000 95000 150031 31.4272
215000 95000 150026 26.0693
210000 100000 150028 28.0356
215000 100000 150029 28.51
215000 95000 150026 26.0693
220000 95000 150021 21.0659
215000 100000 150029 28.51
220000 100000 150024 23.5015
220000 90000 150020 19.9338
225000 90000 150018 18.0564
220000 95000 150021 21.0659
225000 95000 150018 17.6314
225000 90000 150018 18.0564
230000 90000 150014 13.9876
225000 95000 150018 17.6314
230000 95000 150012 12.4237
220000 95000 150021 21.0659
225000 95000 150018 17.6314
220000 100000 150024 23.5015
225000 100000 150019 19.0674
225000 95000 150018 17.6314
230000 95000 150012 12.4237
225000 100000 150019 19.0674
230000 100000 150015 15.4542
230000 90000 150014 13.9876
235000 90000 150009 9.36818
230000 95000 150012 12.4237
235000 95000 150010 9.55198
235000 90000 150009 9.36818
240000 90000 150006 6.4501
235000 95000 150010 9.55198
240000 95000 150009 8.87784
230000 95000 150012 12.4237
235000 95000 150010 9.55198
230000 100000 150015 15.4542
235000 100000 150011 11.4221
235000 95000 150010 9.55198
240000 95000 150009 8.87784
235000 100000 150011 11.4221
240000 100000 150007 6.94143
240000 90000 150006 6.4501
245000 90000 150005 5.48094
240000 95000 150009 8.87784
245000 95000 150007 6.85529
245000 90000 150005 5.48094
250000 90000 150003 3.40963
245000 95000 150007 6.85529
250000 95000 150003 3.14353
240000 95000 150009 8.87784
245000 95000 150007 6.85529
240000 100000 150007 6.94143
245000 100000 150004 3.93494
245000 95000 150007 6.85529
250000 95000 150003 3.14353
245000 100000 150004 3.93494
250000 100000 150004 3.74779
250000 90000 150003 3.40963
255000 90000 150003 3.22513
250000 95000 150003 3.14353
255000 95000 150002 1.62513
255000 90000 150003 3.22513
260000 90000 150002 2.49163
255000 95000 150002 1.62513
260000 95000 150002 1.57048
250000 95000 150003 3.14353
255000 95000 150002 1.62513
250000 100000 150004 3.74779
255000 100000 150002 2.16704
255000 95000 150002 1.62513
260000 95000 150002 1.57048
255000 100000 150002 2.16704
260000 100000 150002 1.58959
260000 90000 150002 2.49163
265000 90000 150002 1.71053
260000 95000 150002 1.57048
265000 95000 150002 1.74726
265000 90000 150002 1.71053
270000 90000 150002 1.64123
265000 95000 150002 1.74726
270000 95000 150001 1.48132
260000 95000 150002 1.57048
265000 95000 150002 1.74726
260000 100000 150002 1.58959
265000 100000 150002 2.2468
265000 95000 150002 1.74726
270000 95000 150001 1.48132
265000 100000 150002 2.2468
270000 100000 150002 2.0046
270000 90000 150002 1.64123
275000 90000 150002 1.79932
270000 95000 150001 1.48132
275000 95000 150002 1.8088
275000 90000 150002 1.79932
280000 90000 150002 1.91988
275000 95000 150002 1.8088
280000 95000 150001 1.22153
270000 95000 150001 1.48132
275000 95000 150002 1.8088
270000 100000 150002 2.0046
275000 100000 150002 1.58207
275000 95000 150002 1.8088
280000 95000 150001 1.22153
275000 100000 150002 1.58207
280000 100000 150002 1.53889
280000 90000 150002 1.91988
285000 90000 150002 1.87156
280000 95000 150001 1.22153
285000 95000 150002 1.68478
285000 90000 150002 1.87156
290000 90000 150001 1.04469
285000 95000 150002 1.68478
290000 95000 150001 1.36248
280000 95000 150001 1.22153
285000 95000 150002 1.68478
280000 100000 150002 1.53889
285000 100000 150002 1.53277
285000 95000 150002 1.68478
290000 95000 150001 1.36248
285000 100000 150002 1.53277
290000 100000 150001 1.37588
290000 90000 150001 1.04469
295000 90000 150000 0.378555
290000 95000 150001 1.36248
295000 95000 150001 1.17975
295000 90000 150000 0.378555
300000 90000 150000 0.137896
295000 95000 150001 1.17975
300000 95000 150000 0.123704
290000 95000 150001 1.36248
295000 95000 150001 1.17975
290000 100000 150001 1.37588
295000 100000 150001 0.525206
295000 95000 150001 1.17975
300000 95000 150000 0.123704
295000 100000 150001 0.525206
300000 100000 150000 0.0198291
160000 100000 149967 -33.4404
165000 100000 149947 -53.4985
160000 105000 149972 -28.3099
165000 105000 149957 -43.11
165000 100000 149947 -53.4985
170000 100000 149921 -79.0565
165000 105000 149957 -43.11
170000 105000 149942 -57.9728
160000 105000 149972 -28.3099
165000 105000 149957 -43.11
160000 110000 149975 -24.5256
165000 110000 149960 -39.9735
165000 105000 149957 -43.11
170000 105000 149942 -57.9728
165000 110000 149960 -39.9735
170000 110000 149956 -44.3483
170000 100000 149921 -79.0565
175000 100000 149933 -67.2388
170000 105000 149942 -57.9728
175000 105000 149945 -55.2067
175000 100000 149933 -67.2388
180000 100000 149964 -35.8557
175000 105000 149945 -55.2067
180000 105000 149963 -36.5271
170000 105000 149942 -57.9728
175000 105000 149945 -55.2067
170000 110000 149956 -44.3483
175000 110000 149957 -42.9405
175000 105000 149945 -55.2067
180000 105000 149963 -36.5271
175000 110000 149957 -42.9405
180000 110000 149968 -31.9468
180000 100000 149964 -35.8557
185000 100000 150008 8.47653
180000 105000 149963 -36.5271
185000 105000 149997 -3.41051
185000 100000 150008 8.47653
190000 100000 150035 34.5148
185000 105000 149997 -3.41051
190000 105000 150024 23.5205
180000 105000 149963 -36.5271
185000 105000 149997 -3.41051
180000 110000 149968 -31.9468
185000 110000 149991 -9.49576
185000 105000 149997 -3.41051
190000 105000 150024 23.5205
185000 110000 149991 -9.49576
190000 110000 150012 12.0906
190000 100000 150035 34.5148
195000 100000 150036 35.8481
190000 105000 150024 23.5205
195000 105000 150031 31.4618
195000 100000 150036 35.8481
200000 100000 150033 32.7481
195000 105000 150031 31.4618
200000 105000 150030 30.398
190000 105000 150024 23.5205
195000 105000 150031 31.4618
190000 110000 150012 12.0906
195000 110000 150024 24.4048
195000 105000 150031 31.4618
200000 105000 150030 30.398
195000 110000 150024 24.4048
200000 110000 150028 27.5675
200000 100000 150033 32.7481
205000 100000 150032 31.6135
200000 105000 150030 30.398
205000 105000 150030 29.5348
205000 100000 150032 31.6135
210000 100000 150028 28.0356
205000 105000 150030 29.5348
210000 105000 150028 27.8715
200000 105000 150030 30.398
205000 105000 150030 29.5348
200000 110000 150028 27.5675
205000 110000 150029 28.6883
205000 105000 150030 29.5348
210000 105000 150028 27.8715
205000 110000 150029 28.6883
210000 110000 150027 26.6128
210000 100000 150028 28.0356
215000 100000 150029 28.51
210000 105000 150028 27.8715
215000 105000 150023 23.4619
215000 100000 150029 28.51
220000 100000 150024 23.5015
215000 105000 150023 23.4619
220000 105000 150023 23.4485
210000 105000 150028 27.8715
215000 105000 150023 23.4619
210000 110000 150027 26.6128
215000 110000 150023 22.8666
215000 105000 150023 23.4619
220000 105000 150023 23.4485
215000 110000 150023 22.8666
220000 110000 150018 17.6175
220000 100000 150024 23.5015
225000 100000 150019 19.0674
220000 105000 150023 23.4485
225000 105000 150021 21.1241
225000 100000 150019 19.0674
230000 100000 150015 15.4542
225000 105000 150021 21.1241
230000 105000 150015 15.4761
220000 105000 150023 23.4485
225000 105000 150021 21.1241
220000 110000 150018 17.6175
225000 110000 150018 17.587
225000 105000 150021 21.1241
230000 105000 150015 15.4761
225000 110000 150018 17.587
230000 110000 150015 15.18
230000 100000 150015 15.4542
235000 100000 150011 11.4221
230000 105000 150015 15.4761
235000 105000 150011 10.8675
235000 100000 150011 11.4221
240000 100000 150007 6.94143
235000 105000 150011 10.8675
240000 105000 150009 9.29278
230000 105000 150015 15.4761
235000 105000 150011 10.8675
230000 110000 150015 15.18
235000 110000 150011 11.3502
235000 105000 150011 10.8675
240000 105000 150009 9.29278
235000 110000 150011 11.3502
240000 110000 150005 4.82773
240000 100000 150007 6.94143
245000 100000 150004 3.93494
240000 105000 150009 9.29278
245000 105000 150007 6.58404
245000 100000 150004 3.93494
250000 100000 150004 3.74779
245000 105000 150007 6.58404
250000 105000 150004 4.12323
240000 105000 150009 9.29278
245000 105000 150007 6.58404
240000 110000 150005 4.82773
245000 110000 150005 5.30153
245000 105000 150007 6.58404
250000 105000 150004 4.12323
245000 110000 150005 5.30153
250000 110000 150004 4.35073
250000 100000 150004 3.74779
255000 100000 150002 2.16704
250000 105000 150004 4.12323
255000 105000 150003 2.73028
255000 100000 150002 2.16704
260000 100000 150002 1.58959
255000 105000 150003 2.73028
260000 105000 150003 3.05972
250000 105000 150004 4.12323
255000 105000 150003 2.73028
250000 110000 150004 4.35073
255000 110000 150004 3.89247
255000 105000 150003 2.73028
260000 105000 150003 3.05972
255000 110000 150004 3.89247
260000 110000 150003 2.57015
260000 100000 150002 1.58959
265000 100000 150002 2.2468
260000 105000 150003 3.05972
265000 105000 150002 2.46865
265000 100000 150002 2.2468
270000 100000 150002 2.0046
265000 105000 150002 2.46865
270000 105000 150001 1.35315
260000 105000 150003 3.05972
265000 105000 150002 2.46865
260000 110000 150003 2.57015
265000 110000 150002 2.16642
265000 105000 150002 2.46865
270000 105000 150001 1.35315
265000 110000 150002 2.16642
270000 110000 150001 1.13989
270000 100000 150002 2.0046
275000 100000 150002 1.58207
270000 105000 150001 1.35315
275000 105000 150002 1.85217
275000 100000 150002 1.58207
280000 100000 150002 1.53889
275000 105000 150002 1.85217
280000 105000 150001 1.46997
270000 105000 150001 1.35315
275000 105000 150002 1.85217
270000 110000 150001 1.13989
275000 110000 150001 1.25457
275000 105000 150002 1.85217
280000 105000 150001 1.46997
275000 110000 150001 1.25457
280000 110000 150001 1.41096
280000 100000 150002 1.53889
285000 100000 150002 1.53277
280000 105000 150001 1.46997
285000 105000 150001 0.930372
285000 100000 150002 1.53277
290000 100000 150001 1.37588
285000 105000 150001 0.930372
290000 105000 150001 0.887741
280000 105000 150001 1.46997
285000 105000 150001 0.930372
280000 110000 150001 1.41096
285000 110000 150001 1.40951
285000 105000 150001 0.930372
290000 105000 150001 0.887741
285000 110000 150001 1.40951
290000 110000 150001 1.29536
290000 100000 150001 1.37588
295000 100000 150001 0.525206
290000 105000 150001 0.887741
295000 105000 150001 0.614391
295000 100000 150001 0.525206
300000 100000 150000 0.0198291
295000 105000 150001 0.614391
300000 105000 150000 0.0429505
290000 105000 150001 0.887741
295000 105000 150001 0.614391
290000 110000 150001 1.29536
295000 110000 150001 0.624639
295000 105000 150001 0.614391
300000 105000 150000 0.0429505
295000 110000 150001 0.624639
300000 110000 150000 0.165972
160000 110000 149975 -24.5256
165000 110000 149960 -39.9735
160000 115000 149966 -33.914
165000 115000 149962 -37.7119
165000 110000 149960 -39.9735
170000 110000 149956 -44.3483
165000 115000 149962 -37.7119
170000 115000 149960 -39.8001
160000 115000 149966 -33.914
165000 115000 149962 -37.7119
160000 120000 149979 -21.1128
165000 120000 149969 -31.0273
165000 115000 149962 -37.7119
170000 115000 149960 -39.8001
165000 120000 149969 -31.0273
170000 120000 149963 -36.8264
170000 110000 149956 -44.3483
175000 110000 149957 -42.9405
170000 115000 149960 -39.8001
175000 115000 149963 -37.1327
175000 110000 149957 -42.9405
180000 110000 149968 -31.9468
175000 115000 149963 -37.1327
180000 115000 149969 -31.3237
170000 115000 149960 -39.8001
175000 115000 149963 -37.1327
170000 120000 149963 -36.8264
175000 120000 149966 -34.1914
175000 115000 149963 -37.1327
180000 115000 149969 -31.3237
175000 120000 149966 -34.1914
180000 120000 149974 -25.9859
180000 110000 149968 -31.9468
185000 110000 149991 -9.49576
180000 115000 149969 -31.3237
185000 115000 149984 -16.1911
185000 110000 149991 -9.49576
190000 110000 150012 12.0906
185000 115000 149984 -16.1911
190000 115000 150004 4.26858
180000 115000 149969 -31.3237
185000 115000 149984 -16.1911
180000 120000 149974 -25.9859
185000 120000 149987 -13.1705
185000 115000 149984 -16.1911
190000 115000 150004 4.26858
185000 120000 149987 -13.1705
190000 120000 150003 2.55799
190000 110000 150012 12.0906
195000 110000 150024 24.4048
190000 115000 150004 4.26858
195000 115000 150015 14.9142
195000 110000 150024 24.4048
200000 110000 150028 27.5675
195000 115000 150015 14.9142
200000 115000 150026 25.7379
190000 115000 150004 4.26858
195000 115000 150015 14.9142
190000 120000 150003 2.55799
195000 120000 150019 18.7997
195000 115000 150015 14.9142
200000 115000 150026 25.7379
195000 120000 150019 18.7997
200000 120000 150027 26.9805
200000 110000 150028 27.5675
205000 110000 150029 28.6883
200000 115000 150026 25.7379
205000 115000 150030 29.5144
205000 110000 150029 28.6883
210000 110000 150027 26.6128
205000 115000 150030 29.5144
210000 115000 150030 29.5971
200000 115000 150026 25.7379
205000 115000 150030 29.5144
200000 120000 150027 26.9805
205000 120000 150030 29.847
205000 115000 150030 29.5144
210000 115000 150030 29.5971
205000 120000 150030 29.847
210000 120000 150029 29.4591
210000 110000 150027 26.6128
215000 110000 150023 22.8666
210000 115000 150030 29.5971
215000 115000 150025 25.0043
215000 110000 150023 22.8666
220000 110000 150018 17.6175
215000 115000 150025 25.0043
220000 115000 150022 22.0774
210000 115000 150030 29.5971
215000 115000 150025 25.0043
210000 120000 150029 29.4591
215000 120000 150027 27.2033
215000 115000 150025 25.0043
220000 115000 150022 22.0774
215000 120000 150027 27.2033
220000 120000 150024 23.8249
220000 110000 150018 17.6175
225000 110000 150018 17.587
220000 115000 150022 22.0774
225000 115000 150017 16.7547
225000 110000 150018 17.587
230000 110000 150015 15.18
225000 115000 150017 16.7547
230000 115000 150010 9.93834
220000 115000 150022 22.0774
225000 115000 150017 16.7547
220000 120000 150024 23.8249
225000 120000 150020 20.1937
225000 115000 150017 16.7547
230000 115000 150010 9.93834
225000 120000 150020 20.1937
230000 120000 150015 14.9133
230000 110000 150015 15.18
235000 110000 150011 11.3502
230000 115000 150010 9.93834
235000 115000 150008 7.78518
235000 110000 150011 11.3502
240000 110000 150005 4.82773
235000 115000 150008 7.78518
240000 115000 150010 10.2551
230000 115000 150010 9.93834
235000 115000 150008 7.78518
230000 120000 150015 14.9133
235000 120000 150013 12.8183
235000 115000 150008 7.78518
240000 115000 150010 10.2551
235000 120000 150013 12.8183
240000 120000 150011 11.0021
240000 110000 150005 4.82773
245000 110000 150005 5.30153
240000 115000 150010 10.2551
245000 115000 150008 7.85947
245000 110000 150005 5.30153
250000 110000 150004 4.35073
245000 115000 150008 7.85947
250000 115000 150006 6.1196
240000 115000 150010 10.2551
245000 115000 150008 7.85947
240000 120000 150011 11.0021
245000 120000 150008 8.19954
245000 115000 150008 7.85947
250000 115000 150006 6.1196
245000 120000 150008 8.19954
250000 120000 150006 6.07554
250000 110000 150004 4.35073
255000 110000 150004 3.89247
250000 115000 150006 6.1196
255000 115000 150004 3.88344
255000 110000 150004 3.89247
260000 110000 150003 2.57015
255000 115000 150004 3.88344
260000 115000 150002 2.13467
250000 115000 150006 6.1196
255000 115000 150004 3.88344
250000 120000 150006 6.07554
255000 120000 150003 3.4023
255000 115000 150004 3.88344
260000 115000 150002 2.13467
255000 120000 150003 3.4023
260000 120000 150003 3.43682
260000 110000 150003 2.57015
265000 110000 150002 2.16642
260000 115000 150002 2.13467
265000 115000 150001 1.30018
265000 110000 150002 2.16642
270000 110000 150001 1.13989
265000 115000 150001 1.30018
270000 115000 150002 2.26646
260000 115000 150002 2.13467
265000 115000 150001 1.30018
260000 120000 150003 3.43682
265000 120000 150002 2.32706
265000 115000 150001 1.30018
270000 115000 150002 2.26646
265000 120000 150002 2.32706
270000 120000 150002 1.90874
270000 110000 150001 1.13989
275000 110000 150001 1.25457
270000 115000 150002 2.26646
275000 115000 150002 1.83158
275000 110000 150001 1.25457
280000 110000 150001 1.41096
275000 115000 150002 1.83158
280000 115000 150002 1.52893
270000 115000 150002 2.26646
275000 115000 150002 1.83158
270000 120000 150002 1.90874
275000 120000 150001 1.47586
275000 115000 150002 1.83158
280000 115000 150002 1.52893
275000 120000 150001 1.47586
280000 120000 150002 2.03672
280000 110000 150001 1.41096
285000 110000 150001 1.40951
280000 115000 150002 1.52893
285000 115000 150001 0.94524
285000 110000 150001 1.40951
290000 110000 150001 1.29536
285000 115000 150001 0.94524
290000 115000 150001 0.685015
280000 115000 150002 1.52893
285000 115000 150001 0.94524
280000 120000 150002 2.03672
285000 120000 150001 1.00545
285000 115000 150001 0.94524
290000 115000 150001 0.685015
285000 120000 150001 1.00545
290000 120000 150000 0.156439
290000 110000 150001 1.29536
295000 110000 150001 0.624639
290000 115000 150001 0.685015
295000 115000 150000 0.301989
295000 110000 150001 0.624639
300000 110000 150000 0.165972
295000 115000 150000 0.301989
300000 115000 150000 0.368935
290000 115000 150001 0.685015
295000 115000 150000 0.301989
290000 120000 150000 0.156439
295000 120000 150000 -0.0686811
295000 115000 150000 0.301989
300000 115000 150000 0.368935
295000 120000 150000 -0.0686811
300000 120000 150000 0.185728
