# x y z topography
0 0 149997 -3.10463
5000 0 149995 -5.0003
0 5000 149997 -2.91134
5000 5000 150003 3.29345
5000 0 149995 -5.0003
10000 0 150003 2.87267
5000 5000 150003 3.29345
10000 5000 149999 -1.06281
0 5000 149997 -2.91134
5000 5000 150003 3.29345
0 10000 149998 -2.25503
5000 10000 150004 3.98368
5000 5000 150003 3.29345
10000 5000 149999 -1.06281
5000 10000 150004 3.98368
10000 10000 150000 -0.232726
10000 0 150003 2.87267
15000 0 149998 -1.73127
10000 5000 149999 -1.06281
15000 5000 150003 2.56647
15000 0 149998 -1.73127
20000 0 150003 3.10624
15000 5000 150003 2.56647
20000 5000 150000 0.307762
10000 5000 149999 -1.06281
15000 5000 150003 2.56647
10000 10000 150000 -0.232726
15000 10000 149996 -4.23298
15000 5000 150003 2.56647
20000 5000 150000 0.307762
15000 10000 149996 -4.23298
20000 10000 150004 3.66131
20000 0 150003 3.10624
25000 0 150002 2.46642
20000 5000 150000 0.307762
25000 5000 149998 -2.17408
25000 0 150002 2.46642
30000 0 149996 -4.26485
25000 5000 149998 -2.17408
30000 5000 150003 3.46734
20000 5000 150000 0.307762
25000 5000 149998 -2.17408
20000 10000 150004 3.66131
25000 10000 150002 2.49975
25000 5000 149998 -2.17408
30000 5000 150003 3.46734
25000 10000 150002 2.49975
30000 10000 150002 1.99129
30000 0 149996 -4.26485
35000 0 150004 3.66427
30000 5000 150003 3.46734
35000 5000 149996 -3.58968
35000 0 150004 3.66427
40000 0 149996 -3.97938
35000 5000 149996 -3.58968
40000 5000 149996 -3.66357
30000 5000 150003 3.46734
35000 5000 149996 -3.58968
30000 10000 150002 1.99129
35000 10000 149995 -4.77614
35000 5000 149996 -3.58968
40000 5000 149996 -3.66357
35000 10000 149995 -4.77614
40000 10000 149998 -2.06053
40000 0 149996 -3.97938
45000 0 149997 -2.54555
40000 5000 149996 -3.66357
45000 5000 149997 -2.84007
45000 0 149997 -2.54555
50000 0 150000 -0.36753
45000 5000 149997 -2.84007
50000 5000 149997 -3.13434
40000 5000 149996 -3.66357
45000 5000 149997 -2.84007
40000 10000 149998 -2.06053
45000 10000 149997 -2.83909
45000 5000 149997 -2.84007
50000 5000 149997 -3.13434
45000 10000 149997 -2.83909
50000 10000 149998 -1.58014
50000 0 150000 -0.36753
55000 0 149998 -2.46652
50000 5000 149997 -3.13434
55000 5000 149997 -3.38973
55000 0 149998 -2.46652
60000 0 150003 3.18431
55000 5000 149997 -3.38973
60000 5000 150001 0.531269
50000 5000 149997 -3.13434
55000 5000 149997 -3.38973
50000 10000 149998 -1.58014
55000 10000 150000 -0.30092
55000 5000 149997 -3.38973
60000 5000 150001 0.531269
55000 10000 150000 -0.30092
60000 10000 149998 -1.7181
60000 0 150003 3.18431
65000 0 149996 -3.9619
60000 5000 150001 0.531269
65000 5000 150005 4.82373
65000 0 149996 -3.9619
70000 0 150003 3.49937
65000 5000 150005 4.82373
70000 5000 150002 2.40429
60000 5000 150001 0.531269
65000 5000 150005 4.82373
60000 10000 149998 -1.7181
65000 10000 149997 -2.8437
65000 5000 150005 4.82373
70000 5000 150002 2.40429
65000 10000 149997 -2.8437
70000 10000 149996 -3.72122
70000 0 150003 3.49937
75000 0 149996 -3.96333
70000 5000 150002 2.40429
75000 5000 150003 2.69504
75000 0 149996 -3.96333
80000 0 150005 5.13177
75000 5000 150003 2.69504
80000 5000 150003 2.61503
70000 5000 150002 2.40429
75000 5000 150003 2.69504
70000 10000 149996 -3.72122
75000 10000 150002 2.31599
75000 5000 150003 2.69504
80000 5000 150003 2.61503
75000 10000 150002 2.31599
80000 10000 150002 2.3722
0 10000 149998 -2.25503
5000 10000 150004 3.98368
0 15000 149999 -1.39129
5000 15000 149998 -2.01877
5000 10000 150004 3.98368
10000 10000 150000 -0.232726
5000 15000 149998 -2.01877
10000 15000 149996 -3.66592
0 15000 149999 -1.39129
5000 15000 149998 -2.01877
0 20000 150002 2.36295
5000 20000 150001 1.38542
5000 15000 149998 -2.01877
10000 15000 149996 -3.66592
5000 20000 150001 1.38542
10000 20000 149998 -2.04212
10000 10000 150000 -0.232726
15000 10000 149996 -4.23298
10000 15000 149996 -3.66592
15000 15000 149998 -1.63983
15000 10000 149996 -4.23298
20000 10000 150004 3.66131
15000 15000 149998 -1.63983
20000 15000 150000 0.00974088
10000 15000 149996 -3.66592
15000 15000 149998 -1.63983
10000 20000 149998 -2.04212
15000 20000 149996 -4.30561
15000 15000 149998 -1.63983
20000 15000 150000 0.00974088
15000 20000 149996 -4.30561
20000 20000 150004 3.75861
20000 10000 150004 3.66131
25000 10000 150002 2.49975
20000 15000 150000 0.00974088
25000 15000 149999 -1.36027
25000 10000 150002 2.49975
30000 10000 150002 1.99129
25000 15000 149999 -1.36027
30000 15000 149997 -3.14813
20000 15000 150000 0.00974088
25000 15000 149999 -1.36027
20000 20000 150004 3.75861
25000 20000 149995 -4.88571
25000 15000 149999 -1.36027
30000 15000 149997 -3.14813
25000 20000 149995 -4.88571
30000 20000 149999 -1.49484
30000 10000 150002 1.99129
35000 10000 149995 -4.77614
30000 15000 149997 -3.14813
35000 15000 150004 3.86844
35000 10000 149995 -4.77614
40000 10000 149998 -2.06053
35000 15000 150004 3.86844
40000 15000 149999 -1.08968
30000 15000 149997 -3.14813
35000 15000 150004 3.86844
30000 20000 149999 -1.49484
35000 20000 150003 2.82078
35000 15000 150004 3.86844
40000 15000 149999 -1.08968
35000 20000 150003 2.82078
40000 20000 150003 3.03378
40000 10000 149998 -2.06053
45000 10000 149997 -2.83909
40000 15000 149999 -1.08968
45000 15000 149998 -2.34385
45000 10000 149997 -2.83909
50000 10000 149998 -1.58014
45000 15000 149998 -2.34385
50000 15000 149996 -4.38903
40000 15000 149999 -1.08968
45000 15000 149998 -2.34385
40000 20000 150003 3.03378
45000 20000 149999 -0.929628
45000 15000 149998 -2.34385
50000 15000 149996 -4.38903
45000 20000 149999 -0.929628
50000 20000 149999 -1.32418
50000 10000 149998 -1.58014
55000 10000 150000 -0.30092
50000 15000 149996 -4.38903
55000 15000 149999 -0.725098
55000 10000 150000 -0.30092
60000 10000 149998 -1.7181
55000 15000 149999 -0.725098
60000 15000 150002 2.09428
50000 15000 149996 -4.38903
55000 15000 149999 -0.725098
50000 20000 149999 -1.32418
55000 20000 149995 -4.6701
55000 15000 149999 -0.725098
60000 15000 150002 2.09428
55000 20000 149995 -4.6701
60000 20000 149998 -2.30552
60000 10000 149998 -1.7181
65000 10000 149997 -2.8437
60000 15000 150002 2.09428
65000 15000 150000 -0.151772
65000 10000 149997 -2.8437
70000 10000 149996 -3.72122
65000 15000 150000 -0.151772
70000 15000 149996 -3.99747
60000 15000 150002 2.09428
65000 15000 150000 -0.151772
60000 20000 149998 -2.30552
65000 20000 150002 1.83141
65000 15000 150000 -0.151772
70000 15000 149996 -3.99747
65000 20000 150002 1.83141
70000 20000 150001 1.16729
70000 10000 149996 -3.72122
75000 10000 150002 2.31599
70000 15000 149996 -3.99747
75000 15000 150005 4.65682
75000 10000 150002 2.31599
80000 10000 150002 2.3722
75000 15000 150005 4.65682
80000 15000 150000 -0.228632
70000 15000 149996 -3.99747
75000 15000 150005 4.65682
70000 20000 150001 1.16729
75000 20000 150002 2.29478
75000 15000 150005 4.65682
80000 15000 150000 -0.228632
75000 20000 150002 2.29478
80000 20000 149998 -2.1159
0 20000 150002 2.36295
5000 20000 150001 1.38542
0 25000 149998 -2.03906
5000 25000 149998 -1.77375
5000 20000 150001 1.38542
10000 20000 149998 -2.04212
5000 25000 149998 -1.77375
10000 25000 149997 -3.30421
0 25000 149998 -2.03906
5000 25000 149998 -1.77375
0 30000 149997 -3.36988
5000 30000 150000 0.128067
5000 25000 149998 -1.77375
10000 25000 149997 -3.30421
5000 30000 150000 0.128067
10000 30000 150000 0.449158
10000 20000 149998 -2.04212
15000 20000 149996 -4.30561
10000 25000 149997 -3.30421
15000 25000 150001 1.28164
15000 20000 149996 -4.30561
20000 20000 150004 3.75861
15000 25000 150001 1.28164
20000 25000 149998 -2.25832
10000 25000 149997 -3.30421
15000 25000 150001 1.28164
10000 30000 150000 0.449158
15000 30000 149998 -1.62956
15000 25000 150001 1.28164
20000 25000 149998 -2.25832
15000 30000 149998 -1.62956
20000 30000 150002 2.45062
20000 20000 150004 3.75861
25000 20000 149995 -4.88571
20000 25000 149998 -2.25832
25000 25000 149995 -4.87689
25000 20000 149995 -4.88571
30000 20000 149999 -1.49484
25000 25000 149995 -4.87689
30000 25000 150001 1.13967
20000 25000 149998 -2.25832
25000 25000 149995 -4.87689
20000 30000 150002 2.45062
25000 30000 150004 4.13474
25000 25000 149995 -4.87689
30000 25000 150001 1.13967
25000 30000 150004 4.13474
30000 30000 149998 -1.7412
30000 20000 149999 -1.49484
35000 20000 150003 2.82078
30000 25000 150001 1.13967
35000 25000 150003 2.85281
35000 20000 150003 2.82078
40000 20000 150003 3.03378
35000 25000 150003 2.85281
40000 25000 150004 3.51126
30000 25000 150001 1.13967
35000 25000 150003 2.85281
30000 30000 149998 -1.7412
35000 30000 149997 -2.91432
35000 25000 150003 2.85281
40000 25000 150004 3.51126
35000 30000 149997 -2.91432
40000 30000 150003 3.03736
40000 20000 150003 3.03378
45000 20000 149999 -0.929628
40000 25000 150004 3.51126
45000 25000 150002 1.85837
45000 20000 149999 -0.929628
50000 20000 149999 -1.32418
45000 25000 150002 1.85837
50000 25000 150004 4.06973
40000 25000 150004 3.51126
45000 25000 150002 1.85837
40000 30000 150003 3.03736
45000 30000 149999 -1.05013
45000 25000 150002 1.85837
50000 25000 150004 4.06973
45000 30000 149999 -1.05013
50000 30000 150002 1.50558
50000 20000 149999 -1.32418
55000 20000 149995 -4.6701
50000 25000 150004 4.06973
55000 25000 150003 2.92174
55000 20000 149995 -4.6701
60000 20000 149998 -2.30552
55000 25000 150003 2.92174
60000 25000 150004 4.18302
50000 25000 150004 4.06973
55000 25000 150003 2.92174
50000 30000 150002 1.50558
55000 30000 150001 1.48731
55000 25000 150003 2.92174
60000 25000 150004 4.18302
55000 30000 150001 1.48731
60000 30000 149997 -2.6824
60000 20000 149998 -2.30552
65000 20000 150002 1.83141
60000 25000 150004 4.18302
65000 25000 150003 3.22057
65000 20000 150002 1.83141
70000 20000 150001 1.16729
65000 25000 150003 3.22057
70000 25000 149998 -1.82887
60000 25000 150004 4.18302
65000 25000 150003 3.22057
60000 30000 149997 -2.6824
65000 30000 149998 -2.4491
65000 25000 150003 3.22057
70000 25000 149998 -1.82887
65000 30000 149998 -2.4491
70000 30000 150000 -0.122418
70000 20000 150001 1.16729
75000 20000 150002 2.29478
70000 25000 149998 -1.82887
75000 25000 150004 3.61262
75000 20000 150002 2.29478
80000 20000 149998 -2.1159
75000 25000 150004 3.61262
80000 25000 150003 2.86119
70000 25000 149998 -1.82887
75000 25000 150004 3.61262
70000 30000 150000 -0.122418
75000 30000 149999 -0.762116
75000 25000 150004 3.61262
80000 25000 150003 2.86119
75000 30000 149999 -0.762116
80000 30000 149998 -1.62508
0 30000 149997 -3.36988
5000 30000 150000 0.128067
0 35000 150001 1.21288
5000 35000 150002 1.69706
5000 30000 150000 0.128067
10000 30000 150000 0.449158
5000 35000 150002 1.69706
10000 35000 149998 -2.04354
0 35000 150001 1.21288
5000 35000 150002 1.69706
0 40000 150002 2.23953
5000 40000 149999 -0.986895
5000 35000 150002 1.69706
10000 35000 149998 -2.04354
5000 40000 149999 -0.986895
10000 40000 150002 1.56625
10000 30000 150000 0.449158
15000 30000 149998 -1.62956
10000 35000 149998 -2.04354
15000 35000 149995 -4.64195
15000 30000 149998 -1.62956
20000 30000 150002 2.45062
15000 35000 149995 -4.64195
20000 35000 149997 -2.76597
10000 35000 149998 -2.04354
15000 35000 149995 -4.64195
10000 40000 150002 1.56625
15000 40000 149999 -1.3408
15000 35000 149995 -4.64195
20000 35000 149997 -2.76597
15000 40000 149999 -1.3408
20000 40000 150003 3.19992
20000 30000 150002 2.45062
25000 30000 150004 4.13474
20000 35000 149997 -2.76597
25000 35000 149997 -2.66088
25000 30000 150004 4.13474
30000 30000 149998 -1.7412
25000 35000 149997 -2.66088
30000 35000 150000 0.286474
20000 35000 149997 -2.76597
25000 35000 149997 -2.66088
20000 40000 150003 3.19992
25000 40000 149996 -3.52892
25000 35000 149997 -2.66088
30000 35000 150000 0.286474
25000 40000 149996 -3.52892
30000 40000 150001 1.49812
30000 30000 149998 -1.7412
35000 30000 149997 -2.91432
30000 35000 150000 0.286474
35000 35000 149999 -0.870842
35000 30000 149997 -2.91432
40000 30000 150003 3.03736
35000 35000 149999 -0.870842
40000 35000 150002 2.01572
30000 35000 150000 0.286474
35000 35000 149999 -0.870842
30000 40000 150001 1.49812
35000 40000 149996 -4.10186
35000 35000 149999 -0.870842
40000 35000 150002 2.01572
35000 40000 149996 -4.10186
40000 40000 150001 0.972441
40000 30000 150003 3.03736
45000 30000 149999 -1.05013
40000 35000 150002 2.01572
45000 35000 149998 -1.5632
45000 30000 149999 -1.05013
50000 30000 150002 1.50558
45000 35000 149998 -1.5632
50000 35000 149998 -1.63699
40000 35000 150002 2.01572
45000 35000 149998 -1.5632
40000 40000 150001 0.972441
45000 40000 149995 -4.87426
45000 35000 149998 -1.5632
50000 35000 149998 -1.63699
45000 40000 149995 -4.87426
50000 40000 149996 -4.29921
50000 30000 150002 1.50558
55000 30000 150001 1.48731
50000 35000 149998 -1.63699
55000 35000 150001 1.07812
55000 30000 150001 1.48731
60000 30000 149997 -2.6824
55000 35000 150001 1.07812
60000 35000 150000 -0.411157
50000 35000 149998 -1.63699
55000 35000 150001 1.07812
50000 40000 149996 -4.29921
55000 40000 149996 -3.99203
55000 35000 150001 1.07812
60000 35000 150000 -0.411157
55000 40000 149996 -3.99203
60000 40000 149999 -0.944337
60000 30000 149997 -2.6824
65000 30000 149998 -2.4491
60000 35000 150000 -0.411157
65000 35000 150000 -0.367862
65000 30000 149998 -2.4491
70000 30000 150000 -0.122418
65000 35000 150000 -0.367862
70000 35000 149996 -4.24682
60000 35000 150000 -0.411157
65000 35000 150000 -0.367862
60000 40000 149999 -0.944337
65000 40000 149996 -3.79041
65000 35000 150000 -0.367862
70000 35000 149996 -4.24682
65000 40000 149996 -3.79041
70000 40000 149998 -1.68662
70000 30000 150000 -0.122418
75000 30000 149999 -0.762116
70000 35000 149996 -4.24682
75000 35000 149997 -2.693
75000 30000 149999 -0.762116
80000 30000 149998 -1.62508
75000 35000 149997 -2.693
80000 35000 150001 0.889045
70000 35000 149996 -4.24682
75000 35000 149997 -2.693
70000 40000 149998 -1.68662
75000 40000 150004 3.8108
75000 35000 149997 -2.693
80000 35000 150001 0.889045
75000 40000 150004 3.8108
80000 40000 150000 -0.445809
0 40000 150002 2.23953
5000 40000 149999 -0.986895
0 45000 149998 -1.92157
5000 45000 149997 -3.27007
5000 40000 149999 -0.986895
10000 40000 150002 1.56625
5000 45000 149997 -3.27007
10000 45000 150003 2.68532
0 45000 149998 -1.92157
5000 45000 149997 -3.27007
0 50000 149999 -0.823027
5000 50000 150002 2.39127
5000 45000 149997 -3.27007
10000 45000 150003 2.68532
5000 50000 150002 2.39127
10000 50000 149998 -2.30907
10000 40000 150002 1.56625
15000 40000 149999 -1.3408
10000 45000 150003 2.68532
15000 45000 150002 1.78546
15000 40000 149999 -1.3408
20000 40000 150003 3.19992
15000 45000 150002 1.78546
20000 45000 149996 -4.33304
10000 45000 150003 2.68532
15000 45000 150002 1.78546
10000 50000 149998 -2.30907
15000 50000 150004 4.13321
15000 45000 150002 1.78546
20000 45000 149996 -4.33304
15000 50000 150004 4.13321
20000 50000 149997 -3.01754
20000 40000 150003 3.19992
25000 40000 149996 -3.52892
20000 45000 149996 -4.33304
25000 45000 150001 1.48782
25000 40000 149996 -3.52892
30000 40000 150001 1.49812
25000 45000 150001 1.48782
30000 45000 149999 -1.17705
20000 45000 149996 -4.33304
25000 45000 150001 1.48782
20000 50000 149997 -3.01754
25000 50000 150003 2.52019
25000 45000 150001 1.48782
30000 45000 149999 -1.17705
25000 50000 150003 2.52019
30000 50000 150003 2.77145
30000 40000 150001 1.49812
35000 40000 149996 -4.10186
30000 45000 149999 -1.17705
35000 45000 150000 -0.0356985
35000 40000 149996 -4.10186
40000 40000 150001 0.972441
35000 45000 150000 -0.0356985
40000 45000 150000 0.00639438
30000 45000 149999 -1.17705
35000 45000 150000 -0.0356985
30000 50000 150003 2.77145
35000 50000 150004 4.20079
35000 45000 150000 -0.0356985
40000 45000 150000 0.00639438
35000 50000 150004 4.20079
40000 50000 149996 -4.43477
40000 40000 150001 0.972441
45000 40000 149995 -4.87426
40000 45000 150000 0.00639438
45000 45000 150003 2.61632
45000 40000 149995 -4.87426
50000 40000 149996 -4.29921
45000 45000 150003 2.61632
50000 45000 149996 -3.6694
40000 45000 150000 0.00639438
45000 45000 150003 2.61632
40000 50000 149996 -4.43477
45000 50000 150004 3.78729
45000 45000 150003 2.61632
50000 45000 149996 -3.6694
45000 50000 150004 3.78729
50000 50000 149999 -1.02568
50000 40000 149996 -4.29921
55000 40000 149996 -3.99203
50000 45000 149996 -3.6694
55000 45000 150004 4.26483
55000 40000 149996 -3.99203
60000 40000 149999 -0.944337
55000 45000 150004 4.26483
60000 45000 149996 -3.70091
50000 45000 149996 -3.6694
55000 45000 150004 4.26483
50000 50000 149999 -1.02568
55000 50000 150003 3.25038
55000 45000 150004 4.26483
60000 45000 149996 -3.70091
55000 50000 150003 3.25038
60000 50000 150004 3.7277
60000 40000 149999 -0.944337
65000 40000 149996 -3.79041
60000 45000 149996 -3.70091
65000 45000 150003 3.17564
65000 40000 149996 -3.79041
70000 40000 149998 -1.68662
65000 45000 150003 3.17564
70000 45000 150003 2.76217
60000 45000 149996 -3.70091
65000 45000 150003 3.17564
60000 50000 150004 3.7277
65000 50000 150001 0.559815
65000 45000 150003 3.17564
70000 45000 150003 2.76217
65000 50000 150001 0.559815
70000 50000 150001 1.14132
70000 40000 149998 -1.68662
75000 40000 150004 3.8108
70000 45000 150003 2.76217
75000 45000 149999 -1.28294
75000 40000 150004 3.8108
80000 40000 150000 -0.445809
75000 45000 149999 -1.28294
80000 45000 149999 -1.36979
70000 45000 150003 2.76217
75000 45000 149999 -1.28294
70000 50000 150001 1.14132
75000 50000 149998 -1.57538
75000 45000 149999 -1.28294
80000 45000 149999 -1.36979
75000 50000 149998 -1.57538
80000 50000 150004 4.11017
0 50000 149999 -0.823027
5000 50000 150002 2.39127
0 55000 149998 -2.09079
5000 55000 150001 1.06531
5000 50000 150002 2.39127
10000 50000 149998 -2.30907
5000 55000 150001 1.06531
10000 55000 150000 -0.240548
0 55000 149998 -2.09079
5000 55000 150001 1.06531
0 60000 150000 -0.438009
5000 60000 150003 2.89226
5000 55000 150001 1.06531
10000 55000 150000 -0.240548
5000 60000 150003 2.89226
10000 60000 150004 4.13285
10000 50000 149998 -2.30907
15000 50000 150004 4.13321
10000 55000 150000 -0.240548
15000 55000 150000 0.311047
15000 50000 150004 4.13321
20000 50000 149997 -3.01754
15000 55000 150000 0.311047
20000 55000 149999 -0.701101
10000 55000 150000 -0.240548
15000 55000 150000 0.311047
10000 60000 150004 4.13285
15000 60000 149995 -4.59368
15000 55000 150000 0.311047
20000 55000 149999 -0.701101
15000 60000 149995 -4.59368
20000 60000 150004 4.10223
20000 50000 149997 -3.01754
25000 50000 150003 2.52019
20000 55000 149999 -0.701101
25000 55000 150001 0.935518
25000 50000 150003 2.52019
30000 50000 150003 2.77145
25000 55000 150001 0.935518
30000 55000 150001 1.3944
20000 55000 149999 -0.701101
25000 55000 150001 0.935518
20000 60000 150004 4.10223
25000 60000 150001 1.32769
25000 55000 150001 0.935518
30000 55000 150001 1.3944
25000 60000 150001 1.32769
30000 60000 149999 -1.02315
30000 50000 150003 2.77145
35000 50000 150004 4.20079
30000 55000 150001 1.3944
35000 55000 150003 2.78319
35000 50000 150004 4.20079
40000 50000 149996 -4.43477
35000 55000 150003 2.78319
40000 55000 150004 4.34534
30000 55000 150001 1.3944
35000 55000 150003 2.78319
30000 60000 149999 -1.02315
35000 60000 149998 -2.46202
35000 55000 150003 2.78319
40000 55000 150004 4.34534
35000 60000 149998 -2.46202
40000 60000 150000 0.390074
40000 50000 149996 -4.43477
45000 50000 150004 3.78729
40000 55000 150004 4.34534
45000 55000 150003 2.5618
45000 50000 150004 3.78729
50000 50000 149999 -1.02568
45000 55000 150003 2.5618
50000 55000 150002 2.17188
40000 55000 150004 4.34534
45000 55000 150003 2.5618
40000 60000 150000 0.390074
45000 60000 150002 1.93415
45000 55000 150003 2.5618
50000 55000 150002 2.17188
45000 60000 150002 1.93415
50000 60000 149999 -1.27144
50000 50000 149999 -1.02568
55000 50000 150003 3.25038
50000 55000 150002 2.17188
55000 55000 150003 3.25807
55000 50000 150003 3.25038
60000 50000 150004 3.7277
55000 55000 150003 3.25807
60000 55000 150002 2.23181
50000 55000 150002 2.17188
55000 55000 150003 3.25807
50000 60000 149999 -1.27144
55000 60000 149999 -0.927405
55000 55000 150003 3.25807
60000 55000 150002 2.23181
55000 60000 149999 -0.927405
60000 60000 149998 -1.89245
60000 50000 150004 3.7277
65000 50000 150001 0.559815
60000 55000 150002 2.23181
65000 55000 150004 4.0367
65000 50000 150001 0.559815
70000 50000 150001 1.14132
65000 55000 150004 4.0367
70000 55000 149996 -3.62442
60000 55000 150002 2.23181
65000 55000 150004 4.0367
60000 60000 149998 -1.89245
65000 60000 149999 -1.44719
65000 55000 150004 4.0367
70000 55000 149996 -3.62442
65000 60000 149999 -1.44719
70000 60000 150001 0.594846
70000 50000 150001 1.14132
75000 50000 149998 -1.57538
70000 55000 149996 -3.62442
75000 55000 150000 0.332153
75000 50000 149998 -1.57538
80000 50000 150004 4.11017
75000 55000 150000 0.332153
80000 55000 149997 -3.17489
70000 55000 149996 -3.62442
75000 55000 150000 0.332153
70000 60000 150001 0.594846
75000 60000 150003 2.71282
75000 55000 150000 0.332153
80000 55000 149997 -3.17489
75000 60000 150003 2.71282
80000 60000 150004 4.04459
0 60000 150000 -0.438009
5000 60000 150003 2.89226
0 65000 150000 -0.361823
5000 65000 150000 -0.0126401
5000 60000 150003 2.89226
10000 60000 150004 4.13285
5000 65000 150000 -0.0126401
10000 65000 150000 -0.195515
0 65000 150000 -0.361823
5000 65000 150000 -0.0126401
0 70000 150004 4.05369
5000 70000 150002 2.19475
5000 65000 150000 -0.0126401
10000 65000 150000 -0.195515
5000 70000 150002 2.19475
10000 70000 150003 3.14921
10000 60000 150004 4.13285
15000 60000 149995 -4.59368
10000 65000 150000 -0.195515
15000 65000 150001 0.663155
15000 60000 149995 -4.59368
20000 60000 150004 4.10223
15000 65000 150001 0.663155
20000 65000 150001 0.602683
10000 65000 150000 -0.195515
15000 65000 150001 0.663155
10000 70000 150003 3.14921
15000 70000 149997 -2.61355
15000 65000 150001 0.663155
20000 65000 150001 0.602683
15000 70000 149997 -2.61355
20000 70000 150003 3.28729
20000 60000 150004 4.10223
25000 60000 150001 1.32769
20000 65000 150001 0.602683
25000 65000 149996 -3.89363
25000 60000 150001 1.32769
30000 60000 149999 -1.02315
25000 65000 149996 -3.89363
30000 65000 149999 -0.7774
20000 65000 150001 0.602683
25000 65000 149996 -3.89363
20000 70000 150003 3.28729
25000 70000 149997 -2.86849
25000 65000 149996 -3.89363
30000 65000 149999 -0.7774
25000 70000 149997 -2.86849
30000 70000 149999 -0.685143
30000 60000 149999 -1.02315
35000 60000 149998 -2.46202
30000 65000 149999 -0.7774
35000 65000 149997 -3.07199
35000 60000 149998 -2.46202
40000 60000 150000 0.390074
35000 65000 149997 -3.07199
40000 65000 150001 0.721059
30000 65000 149999 -0.7774
35000 65000 149997 -3.07199
30000 70000 149999 -0.685143
35000 70000 149997 -3.38826
35000 65000 149997 -3.07199
40000 65000 150001 0.721059
35000 70000 149997 -3.38826
40000 70000 150000 0.279581
40000 60000 150000 0.390074
45000 60000 150002 1.93415
40000 65000 150001 0.721059
45000 65000 149998 -2.06551
45000 60000 150002 1.93415
50000 60000 149999 -1.27144
45000 65000 149998 -2.06551
50000 65000 150002 2.11733
40000 65000 150001 0.721059
45000 65000 149998 -2.06551
40000 70000 150000 0.279581
45000 70000 149995 -4.62054
45000 65000 149998 -2.06551
50000 65000 150002 2.11733
45000 70000 149995 -4.62054
50000 70000 150002 1.76883
50000 60000 149999 -1.27144
55000 60000 149999 -0.927405
50000 65000 150002 2.11733
55000 65000 150004 4.34521
55000 60000 149999 -0.927405
60000 60000 149998 -1.89245
55000 65000 150004 4.34521
60000 65000 149998 -1.60702
50000 65000 150002 2.11733
55000 65000 150004 4.34521
50000 70000 150002 1.76883
55000 70000 149996 -3.50884
55000 65000 150004 4.34521
60000 65000 149998 -1.60702
55000 70000 149996 -3.50884
60000 70000 150002 2.23424
60000 60000 149998 -1.89245
65000 60000 149999 -1.44719
60000 65000 149998 -1.60702
65000 65000 150001 1.26864
65000 60000 149999 -1.44719
70000 60000 150001 0.594846
65000 65000 150001 1.26864
70000 65000 149998 -2.4014
60000 65000 149998 -1.60702
65000 65000 150001 1.26864
60000 70000 150002 2.23424
65000 70000 150000 0.125002
65000 65000 150001 1.26864
70000 65000 149998 -2.4014
65000 70000 150000 0.125002
70000 70000 150000 0.389359
70000 60000 150001 0.594846
75000 60000 150003 2.71282
70000 65000 149998 -2.4014
75000 65000 150002 2.4419
75000 60000 150003 2.71282
80000 60000 150004 4.04459
75000 65000 150002 2.4419
80000 65000 150001 0.551863
70000 65000 149998 -2.4014
75000 65000 150002 2.4419
70000 70000 150000 0.389359
75000 70000 150002 2.48638
75000 65000 150002 2.4419
80000 65000 150001 0.551863
75000 70000 150002 2.48638
80000 70000 150004 4.08399
0 70000 150004 4.05369
5000 70000 150002 2.19475
0 75000 149998 -1.60686
5000 75000 150000 -0.0742793
5000 70000 150002 2.19475
10000 70000 150003 3.14921
5000 75000 150000 -0.0742793
10000 75000 149996 -4.21052
0 75000 149998 -1.60686
5000 75000 150000 -0.0742793
0 80000 150003 3.42945
5000 80000 150004 3.72009
5000 75000 150000 -0.0742793
10000 75000 149996 -4.21052
5000 80000 150004 3.72009
10000 80000 149999 -0.980647
10000 70000 150003 3.14921
15000 70000 149997 -2.61355
10000 75000 149996 -4.21052
15000 75000 150001 0.781712
15000 70000 149997 -2.61355
20000 70000 150003 3.28729
15000 75000 150001 0.781712
20000 75000 149999 -1.07744
10000 75000 149996 -4.21052
15000 75000 150001 0.781712
10000 80000 149999 -0.980647
15000 80000 149996 -4.05215
15000 75000 150001 0.781712
20000 75000 149999 -1.07744
15000 80000 149996 -4.05215
20000 80000 150003 2.69838
20000 70000 150003 3.28729
25000 70000 149997 -2.86849
20000 75000 149999 -1.07744
25000 75000 149999 -1.41583
25000 70000 149997 -2.86849
30000 70000 149999 -0.685143
25000 75000 149999 -1.41583
30000 75000 149997 -3.45406
20000 75000 149999 -1.07744
25000 75000 149999 -1.41583
20000 80000 150003 2.69838
25000 80000 150000 -0.042718
25000 75000 149999 -1.41583
30000 75000 149997 -3.45406
25000 80000 150000 -0.042718
30000 80000 150001 0.993134
30000 70000 149999 -0.685143
35000 70000 149997 -3.38826
30000 75000 149997 -3.45406
35000 75000 150001 0.620978
35000 70000 149997 -3.38826
40000 70000 150000 0.279581
35000 75000 150001 0.620978
40000 75000 149997 -2.90935
30000 75000 149997 -3.45406
35000 75000 150001 0.620978
30000 80000 150001 0.993134
35000 80000 150000 0.0850087
35000 75000 150001 0.620978
40000 75000 149997 -2.90935
35000 80000 150000 0.0850087
40000 80000 150001 1.14613
40000 70000 150000 0.279581
45000 70000 149995 -4.62054
40000 75000 149997 -2.90935
45000 75000 149997 -2.83448
45000 70000 149995 -4.62054
50000 70000 150002 1.76883
45000 75000 149997 -2.83448
50000 75000 149998 -2.40657
40000 75000 149997 -2.90935
45000 75000 149997 -2.83448
40000 80000 150001 1.14613
45000 80000 150002 2.31859
45000 75000 149997 -2.83448
50000 75000 149998 -2.40657
45000 80000 150002 2.31859
50000 80000 149998 -1.53951
50000 70000 150002 1.76883
55000 70000 149996 -3.50884
50000 75000 149998 -2.40657
55000 75000 150000 0.237778
55000 70000 149996 -3.50884
60000 70000 150002 2.23424
55000 75000 150000 0.237778
60000 75000 150001 0.799047
50000 75000 149998 -2.40657
55000 75000 150000 0.237778
50000 80000 149998 -1.53951
55000 80000 150004 4.03213
55000 75000 150000 0.237778
60000 75000 150001 0.799047
55000 80000 150004 4.03213
60000 80000 150001 1.0694
60000 70000 150002 2.23424
65000 70000 150000 0.125002
60000 75000 150001 0.799047
65000 75000 149999 -0.894243
65000 70000 150000 0.125002
70000 70000 150000 0.389359
65000 75000 149999 -0.894243
70000 75000 150004 3.64359
60000 75000 150001 0.799047
65000 75000 149999 -0.894243
60000 80000 150001 1.0694
65000 80000 149995 -4.73991
65000 75000 149999 -0.894243
70000 75000 150004 3.64359
65000 80000 149995 -4.73991
70000 80000 150000 -0.305917
70000 70000 150000 0.389359
75000 70000 150002 2.48638
70000 75000 150004 3.64359
75000 75000 150002 1.66262
75000 70000 150002 2.48638
80000 70000 150004 4.08399
75000 75000 150002 1.66262
80000 75000 150002 1.55861
70000 75000 150004 3.64359
75000 75000 150002 1.66262
70000 80000 150000 -0.305917
75000 80000 149996 -3.70511
75000 75000 150002 1.66262
80000 75000 150002 1.55861
75000 80000 149996 -3.70511
80000 80000 150004 3.71275
80000 0 150005 5.13177
85000 0 150003 2.91302
80000 5000 150003 2.61503
85000 5000 150001 1.09846
85000 0 150003 2.91302
90000 0 149999 -1.16568
85000 5000 150001 1.09846
90000 5000 150002 1.89707
80000 5000 150003 2.61503
85000 5000 150001 1.09846
80000 10000 150002 2.3722
85000 10000 150002 2.46523
85000 5000 150001 1.09846
90000 5000 150002 1.89707
85000 10000 150002 2.46523
90000 10000 150003 2.50909
90000 0 149999 -1.16568
95000 0 149997 -3.28612
90000 5000 150002 1.89707
95000 5000 150001 1.11226
95000 0 149997 -3.28612
100000 0 149998 -2.15428
95000 5000 150001 1.11226
100000 5000 150001 1.42836
90000 5000 150002 1.89707
95000 5000 150001 1.11226
90000 10000 150003 2.50909
95000 10000 150005 5.33073
95000 5000 150001 1.11226
100000 5000 150001 1.42836
95000 10000 150005 5.33073
100000 10000 150001 1.0031
100000 0 149998 -2.15428
105000 0 150004 3.80838
100000 5000 150001 1.42836
105000 5000 150000 -0.482601
105000 0 150004 3.80838
110000 0 150005 4.90887
105000 5000 150000 -0.482601
110000 5000 150005 4.98404
100000 5000 150001 1.42836
105000 5000 150000 -0.482601
100000 10000 150001 1.0031
105000 10000 150000 0.202773
105000 5000 150000 -0.482601
110000 5000 150005 4.98404
105000 10000 150000 0.202773
110000 10000 149998 -2.16092
110000 0 150005 4.90887
115000 0 149999 -1.3392
110000 5000 150005 4.98404
115000 5000 149999 -1.24069
115000 0 149999 -1.3392
120000 0 150002 1.95768
115000 5000 149999 -1.24069
120000 5000 150001 1.20995
110000 5000 150005 4.98404
115000 5000 149999 -1.24069
110000 10000 149998 -2.16092
115000 10000 150001 0.946984
115000 5000 149999 -1.24069
120000 5000 150001 1.20995
115000 10000 150001 0.946984
120000 10000 149999 -1.14867
120000 0 150002 1.95768
125000 0 149997 -3.39637
120000 5000 150001 1.20995
125000 5000 149997 -3.14197
125000 0 149997 -3.39637
130000 0 150005 4.5175
125000 5000 149997 -3.14197
130000 5000 150001 0.813359
120000 5000 150001 1.20995
125000 5000 149997 -3.14197
120000 10000 149999 -1.14867
125000 10000 150000 0.31901
125000 5000 149997 -3.14197
130000 5000 150001 0.813359
125000 10000 150000 0.31901
130000 10000 150001 0.699434
130000 0 150005 4.5175
135000 0 149998 -2.00016
130000 5000 150001 0.813359
135000 5000 149997 -2.97634
135000 0 149998 -2.00016
140000 0 149997 -3.11114
135000 5000 149997 -2.97634
140000 5000 150005 4.83031
130000 5000 150001 0.813359
135000 5000 149997 -2.97634
130000 10000 150001 0.699434
135000 10000 150001 1.40832
135000 5000 149997 -2.97634
140000 5000 150005 4.83031
135000 10000 150001 1.40832
140000 10000 150003 3.29481
140000 0 149997 -3.11114
145000 0 150005 4.8439
140000 5000 150005 4.83031
145000 5000 149998 -1.74538
145000 0 150005 4.8439
150000 0 149996 -3.77432
145000 5000 149998 -1.74538
150000 5000 150001 1.1773
140000 5000 150005 4.83031
145000 5000 149998 -1.74538
140000 10000 150003 3.29481
145000 10000 150003 2.63739
145000 5000 149998 -1.74538
150000 5000 150001 1.1773
145000 10000 150003 2.63739
150000 10000 150003 2.89331
150000 0 149996 -3.77432
155000 0 149996 -3.65371
150000 5000 150001 1.1773
155000 5000 149999 -1.06558
155000 0 149996 -3.65371
160000 0 149997 -3.06647
155000 5000 149999 -1.06558
160000 5000 150003 3.33252
150000 5000 150001 1.1773
155000 5000 149999 -1.06558
150000 10000 150003 2.89331
155000 10000 149996 -3.65324
155000 5000 149999 -1.06558
160000 5000 150003 3.33252
155000 10000 149996 -3.65324
160000 10000 150002 2.20075
80000 10000 150002 2.3722
85000 10000 150002 2.46523
80000 15000 150000 -0.228632
85000 15000 149999 -0.721395
85000 10000 150002 2.46523
90000 10000 150003 2.50909
85000 15000 149999 -0.721395
90000 15000 149999 -1.15928
80000 15000 150000 -0.228632
85000 15000 149999 -0.721395
80000 20000 149998 -2.1159
85000 20000 150005 5.34969
85000 15000 149999 -0.721395
90000 15000 149999 -1.15928
85000 20000 150005 5.34969
90000 20000 150002 2.03004
90000 10000 150003 2.50909
95000 10000 150005 5.33073
90000 15000 149999 -1.15928
95000 15000 150005 4.50301
95000 10000 150005 5.33073
100000 10000 150001 1.0031
95000 15000 150005 4.50301
100000 15000 150003 3.43339
90000 15000 149999 -1.15928
95000 15000 150005 4.50301
90000 20000 150002 2.03004
95000 20000 150000 -0.423904
95000 15000 150005 4.50301
100000 15000 150003 3.43339
95000 20000 150000 -0.423904
100000 20000 149997 -3.28852
100000 10000 150001 1.0031
105000 10000 150000 0.202773
100000 15000 150003 3.43339
105000 15000 150004 3.50707
105000 10000 150000 0.202773
110000 10000 149998 -2.16092
105000 15000 150004 3.50707
110000 15000 150000 0.129706
100000 15000 150003 3.43339
105000 15000 150004 3.50707
100000 20000 149997 -3.28852
105000 20000 150000 0.364464
105000 15000 150004 3.50707
110000 15000 150000 0.129706
105000 20000 150000 0.364464
110000 20000 150002 1.73396
110000 10000 149998 -2.16092
115000 10000 150001 0.946984
110000 15000 150000 0.129706
115000 15000 150004 4.45241
115000 10000 150001 0.946984
120000 10000 149999 -1.14867
115000 15000 150004 4.45241
120000 15000 150002 1.94069
110000 15000 150000 0.129706
115000 15000 150004 4.45241
110000 20000 150002 1.73396
115000 20000 149996 -3.77263
115000 15000 150004 4.45241
120000 15000 150002 1.94069
115000 20000 149996 -3.77263
120000 20000 150001 0.536385
120000 10000 149999 -1.14867
125000 10000 150000 0.31901
120000 15000 150002 1.94069
125000 15000 149996 -3.91054
125000 10000 150000 0.31901
130000 10000 150001 0.699434
125000 15000 149996 -3.91054
130000 15000 150001 1.33507
120000 15000 150002 1.94069
125000 15000 149996 -3.91054
120000 20000 150001 0.536385
125000 20000 149997 -3.4929
125000 15000 149996 -3.91054
130000 15000 150001 1.33507
125000 20000 149997 -3.4929
130000 20000 149995 -5.18978
130000 10000 150001 0.699434
135000 10000 150001 1.40832
130000 15000 150001 1.33507
135000 15000 149996 -4.38574
135000 10000 150001 1.40832
140000 10000 150003 3.29481
135000 15000 149996 -4.38574
140000 15000 150000 0.270998
130000 15000 150001 1.33507
135000 15000 149996 -4.38574
130000 20000 149995 -5.18978
135000 20000 150001 0.808874
135000 15000 149996 -4.38574
140000 15000 150000 0.270998
135000 20000 150001 0.808874
140000 20000 149999 -0.519552
140000 10000 150003 3.29481
145000 10000 150003 2.63739
140000 15000 150000 0.270998
145000 15000 150002 2.17011
145000 10000 150003 2.63739
150000 10000 150003 2.89331
145000 15000 150002 2.17011
150000 15000 149999 -1.01111
140000 15000 150000 0.270998
145000 15000 150002 2.17011
140000 20000 149999 -0.519552
145000 20000 150000 0.395111
145000 15000 150002 2.17011
150000 15000 149999 -1.01111
145000 20000 150000 0.395111
150000 20000 149999 -1.14275
150000 10000 150003 2.89331
155000 10000 149996 -3.65324
150000 15000 149999 -1.01111
155000 15000 150002 2.21237
155000 10000 149996 -3.65324
160000 10000 150002 2.20075
155000 15000 150002 2.21237
160000 15000 150004 4.03844
150000 15000 149999 -1.01111
155000 15000 150002 2.21237
150000 20000 149999 -1.14275
155000 20000 150002 1.72973
155000 15000 150002 2.21237
160000 15000 150004 4.03844
155000 20000 150002 1.72973
160000 20000 150002 2.2911
80000 20000 149998 -2.1159
85000 20000 150005 5.34969
80000 25000 150003 2.86119
85000 25000 150004 3.68819
85000 20000 150005 5.34969
90000 20000 150002 2.03004
85000 25000 150004 3.68819
90000 25000 149998 -1.89454
80000 25000 150003 2.86119
85000 25000 150004 3.68819
80000 30000 149998 -1.62508
85000 30000 149999 -0.780892
85000 25000 150004 3.68819
90000 25000 149998 -1.89454
85000 30000 149999 -0.780892
90000 30000 150000 -0.483885
90000 20000 150002 2.03004
95000 20000 150000 -0.423904
90000 25000 149998 -1.89454
95000 25000 150002 1.97069
95000 20000 150000 -0.423904
100000 20000 149997 -3.28852
95000 25000 150002 1.97069
100000 25000 150006 5.50852
90000 25000 149998 -1.89454
95000 25000 150002 1.97069
90000 30000 150000 -0.483885
95000 30000 149997 -2.88699
95000 25000 150002 1.97069
100000 25000 150006 5.50852
95000 30000 149997 -2.88699
100000 30000 150001 0.739993
100000 20000 149997 -3.28852
105000 20000 150000 0.364464
100000 25000 150006 5.50852
105000 25000 150004 4.2089
105000 20000 150000 0.364464
110000 20000 150002 1.73396
105000 25000 150004 4.2089
110000 25000 150002 2.37626
100000 25000 150006 5.50852
105000 25000 150004 4.2089
100000 30000 150001 0.739993
105000 30000 149997 -2.71913
105000 25000 150004 4.2089
110000 25000 150002 2.37626
105000 30000 149997 -2.71913
110000 30000 149997 -2.83249
110000 20000 150002 1.73396
115000 20000 149996 -3.77263
110000 25000 150002 2.37626
115000 25000 150004 4.28085
115000 20000 149996 -3.77263
120000 20000 150001 0.536385
115000 25000 150004 4.28085
120000 25000 150002 2.24436
110000 25000 150002 2.37626
115000 25000 150004 4.28085
110000 30000 149997 -2.83249
115000 30000 150003 2.9421
115000 25000 150004 4.28085
120000 25000 150002 2.24436
115000 30000 150003 2.9421
120000 30000 150002 1.68216
120000 20000 150001 0.536385
125000 20000 149997 -3.4929
120000 25000 150002 2.24436
125000 25000 149999 -0.881176
125000 20000 149997 -3.4929
130000 20000 149995 -5.18978
125000 25000 149999 -0.881176
130000 25000 149998 -2.35332
120000 25000 150002 2.24436
125000 25000 149999 -0.881176
120000 30000 150002 1.68216
125000 30000 150000 0.314398
125000 25000 149999 -0.881176
130000 25000 149998 -2.35332
125000 30000 150000 0.314398
130000 30000 150002 1.79748
130000 20000 149995 -5.18978
135000 20000 150001 0.808874
130000 25000 149998 -2.35332
135000 25000 150001 0.527088
135000 20000 150001 0.808874
140000 20000 149999 -0.519552
135000 25000 150001 0.527088
140000 25000 149999 -0.673729
130000 25000 149998 -2.35332
135000 25000 150001 0.527088
130000 30000 150002 1.79748
135000 30000 149996 -4.22128
135000 25000 150001 0.527088
140000 25000 149999 -0.673729
135000 30000 149996 -4.22128
140000 30000 149998 -1.91431
140000 20000 149999 -0.519552
145000 20000 150000 0.395111
140000 25000 149999 -0.673729
145000 25000 150001 0.993554
145000 20000 150000 0.395111
150000 20000 149999 -1.14275
145000 25000 150001 0.993554
150000 25000 150000 -0.180125
140000 25000 149999 -0.673729
145000 25000 150001 0.993554
140000 30000 149998 -1.91431
145000 30000 150002 2.3631
145000 25000 150001 0.993554
150000 25000 150000 -0.180125
145000 30000 150002 2.3631
150000 30000 150001 0.729265
150000 20000 149999 -1.14275
155000 20000 150002 1.72973
150000 25000 150000 -0.180125
155000 25000 149997 -2.8451
155000 20000 150002 1.72973
160000 20000 150002 2.2911
155000 25000 149997 -2.8451
160000 25000 149998 -2.0548
150000 25000 150000 -0.180125
155000 25000 149997 -2.8451
150000 30000 150001 0.729265
155000 30000 150001 0.862176
155000 25000 149997 -2.8451
160000 25000 149998 -2.0548
155000 30000 150001 0.862176
160000 30000 150000 -0.432844
80000 30000 149998 -1.62508
85000 30000 149999 -0.780892
80000 35000 150001 0.889045
85000 35000 150002 1.57849
85000 30000 149999 -0.780892
90000 30000 150000 -0.483885
85000 35000 150002 1.57849
90000 35000 149997 -2.86795
80000 35000 150001 0.889045
85000 35000 150002 1.57849
80000 40000 150000 -0.445809
85000 40000 150002 2.19982
85000 35000 150002 1.57849
90000 35000 149997 -2.86795
85000 40000 150002 2.19982
90000 40000 150005 4.64944
90000 30000 150000 -0.483885
95000 30000 149997 -2.88699
90000 35000 149997 -2.86795
95000 35000 150000 0.0635643
95000 30000 149997 -2.88699
100000 30000 150001 0.739993
95000 35000 150000 0.0635643
100000 35000 150000 -0.0471062
90000 35000 149997 -2.86795
95000 35000 150000 0.0635643
90000 40000 150005 4.64944
95000 40000 150005 5.1735
95000 35000 150000 0.0635643
100000 35000 150000 -0.0471062
95000 40000 150005 5.1735
100000 40000 150004 3.9729
100000 30000 150001 0.739993
105000 30000 149997 -2.71913
100000 35000 150000 -0.0471062
105000 35000 149999 -0.906729
105000 30000 149997 -2.71913
110000 30000 149997 -2.83249
105000 35000 149999 -0.906729
110000 35000 149999 -0.998568
100000 35000 150000 -0.0471062
105000 35000 149999 -0.906729
100000 40000 150004 3.9729
105000 40000 150000 0.228778
105000 35000 149999 -0.906729
110000 35000 149999 -0.998568
105000 40000 150000 0.228778
110000 40000 149998 -1.58854
110000 30000 149997 -2.83249
115000 30000 150003 2.9421
110000 35000 149999 -0.998568
115000 35000 149999 -1.32425
115000 30000 150003 2.9421
120000 30000 150002 1.68216
115000 35000 149999 -1.32425
120000 35000 149999 -0.944852
110000 35000 149999 -0.998568
115000 35000 149999 -1.32425
110000 40000 149998 -1.58854
115000 40000 150005 4.85564
115000 35000 149999 -1.32425
120000 35000 149999 -0.944852
115000 40000 150005 4.85564
120000 40000 150001 0.692802
120000 30000 150002 1.68216
125000 30000 150000 0.314398
120000 35000 149999 -0.944852
125000 35000 150005 4.60755
125000 30000 150000 0.314398
130000 30000 150002 1.79748
125000 35000 150005 4.60755
130000 35000 149997 -3.44383
120000 35000 149999 -0.944852
125000 35000 150005 4.60755
120000 40000 150001 0.692802
125000 40000 149997 -3.16287
125000 35000 150005 4.60755
130000 35000 149997 -3.44383
125000 40000 149997 -3.16287
130000 40000 149999 -1.22547
130000 30000 150002 1.79748
135000 30000 149996 -4.22128
130000 35000 149997 -3.44383
135000 35000 149996 -4.29268
135000 30000 149996 -4.22128
140000 30000 149998 -1.91431
135000 35000 149996 -4.29268
140000 35000 149999 -0.567243
130000 35000 149997 -3.44383
135000 35000 149996 -4.29268
130000 40000 149999 -1.22547
135000 40000 149998 -1.97221
135000 35000 149996 -4.29268
140000 35000 149999 -0.567243
135000 40000 149998 -1.97221
140000 40000 150000 0.354948
140000 30000 149998 -1.91431
145000 30000 150002 2.3631
140000 35000 149999 -0.567243
145000 35000 150002 2.32401
145000 30000 150002 2.3631
150000 30000 150001 0.729265
145000 35000 150002 2.32401
150000 35000 149997 -3.37029
140000 35000 149999 -0.567243
145000 35000 150002 2.32401
140000 40000 150000 0.354948
145000 40000 150000 0.171223
145000 35000 150002 2.32401
150000 35000 149997 -3.37029
145000 40000 150000 0.171223
150000 40000 150000 0.350662
150000 30000 150001 0.729265
155000 30000 150001 0.862176
150000 35000 149997 -3.37029
155000 35000 149999 -0.578032
155000 30000 150001 0.862176
160000 30000 150000 -0.432844
155000 35000 149999 -0.578032
160000 35000 150001 0.676695
150000 35000 149997 -3.37029
155000 35000 149999 -0.578032
150000 40000 150000 0.350662
155000 40000 150005 4.96655
155000 35000 149999 -0.578032
160000 35000 150001 0.676695
155000 40000 150005 4.96655
160000 40000 149997 -2.92067
80000 40000 150000 -0.445809
85000 40000 150002 2.19982
80000 45000 149999 -1.36979
85000 45000 149997 -2.56238
85000 40000 150002 2.19982
90000 40000 150005 4.64944
85000 45000 149997 -2.56238
90000 45000 150005 5.43268
80000 45000 149999 -1.36979
85000 45000 149997 -2.56238
80000 50000 150004 4.11017
85000 50000 150000 0.287062
85000 45000 149997 -2.56238
90000 45000 150005 5.43268
85000 50000 150000 0.287062
90000 50000 150000 -0.299868
90000 40000 150005 4.64944
95000 40000 150005 5.1735
90000 45000 150005 5.43268
95000 45000 149997 -3.31125
95000 40000 150005 5.1735
100000 40000 150004 3.9729
95000 45000 149997 -3.31125
100000 45000 149999 -1.1567
90000 45000 150005 5.43268
95000 45000 149997 -3.31125
90000 50000 150000 -0.299868
95000 50000 150004 4.22077
95000 45000 149997 -3.31125
100000 45000 149999 -1.1567
95000 50000 150004 4.22077
100000 50000 150001 0.623457
100000 40000 150004 3.9729
105000 40000 150000 0.228778
100000 45000 149999 -1.1567
105000 45000 150002 1.69528
105000 40000 150000 0.228778
110000 40000 149998 -1.58854
105000 45000 150002 1.69528
110000 45000 150002 2.22736
100000 45000 149999 -1.1567
105000 45000 150002 1.69528
100000 50000 150001 0.623457
105000 50000 149998 -2.04935
105000 45000 150002 1.69528
110000 45000 150002 2.22736
105000 50000 149998 -2.04935
110000 50000 150005 4.93104
110000 40000 149998 -1.58854
115000 40000 150005 4.85564
110000 45000 150002 2.22736
115000 45000 149997 -3.23666
115000 40000 150005 4.85564
120000 40000 150001 0.692802
115000 45000 149997 -3.23666
120000 45000 150002 2.09174
110000 45000 150002 2.22736
115000 45000 149997 -3.23666
110000 50000 150005 4.93104
115000 50000 150003 3.23307
115000 45000 149997 -3.23666
120000 45000 150002 2.09174
115000 50000 150003 3.23307
120000 50000 149998 -2.14164
120000 40000 150001 0.692802
125000 40000 149997 -3.16287
120000 45000 150002 2.09174
125000 45000 149997 -3.32606
125000 40000 149997 -3.16287
130000 40000 149999 -1.22547
125000 45000 149997 -3.32606
130000 45000 149999 -0.721679
120000 45000 150002 2.09174
125000 45000 149997 -3.32606
120000 50000 149998 -2.14164
125000 50000 149999 -1.49275
125000 45000 149997 -3.32606
130000 45000 149999 -0.721679
125000 50000 149999 -1.49275
130000 50000 149999 -0.590374
130000 40000 149999 -1.22547
135000 40000 149998 -1.97221
130000 45000 149999 -0.721679
135000 45000 150002 2.23096
135000 40000 149998 -1.97221
140000 40000 150000 0.354948
135000 45000 150002 2.23096
140000 45000 149999 -0.644692
130000 45000 149999 -0.721679
135000 45000 150002 2.23096
130000 50000 149999 -0.590374
135000 50000 150003 2.76104
135000 45000 150002 2.23096
140000 45000 149999 -0.644692
135000 50000 150003 2.76104
140000 50000 149996 -4.0718
140000 40000 150000 0.354948
145000 40000 150000 0.171223
140000 45000 149999 -0.644692
145000 45000 149995 -4.83913
145000 40000 150000 0.171223
150000 40000 150000 0.350662
145000 45000 149995 -4.83913
150000 45000 149996 -3.89808
140000 45000 149999 -0.644692
145000 45000 149995 -4.83913
140000 50000 149996 -4.0718
145000 50000 150003 3.0262
145000 45000 149995 -4.83913
150000 45000 149996 -3.89808
145000 50000 150003 3.0262
150000 50000 149996 -3.97633
150000 40000 150000 0.350662
155000 40000 150005 4.96655
150000 45000 149996 -3.89808
155000 45000 150000 -0.0408468
155000 40000 150005 4.96655
160000 40000 149997 -2.92067
155000 45000 150000 -0.0408468
160000 45000 150001 0.964359
150000 45000 149996 -3.89808
155000 45000 150000 -0.0408468
150000 50000 149996 -3.97633
155000 50000 150004 4.11506
155000 45000 150000 -0.0408468
160000 45000 150001 0.964359
155000 50000 150004 4.11506
160000 50000 149998 -2.37284
80000 50000 150004 4.11017
85000 50000 150000 0.287062
80000 55000 149997 -3.17489
85000 55000 149998 -1.82067
85000 50000 150000 0.287062
90000 50000 150000 -0.299868
85000 55000 149998 -1.82067
90000 55000 150000 -0.0460222
80000 55000 149997 -3.17489
85000 55000 149998 -1.82067
80000 60000 150004 4.04459
85000 60000 150003 3.42849
85000 55000 149998 -1.82067
90000 55000 150000 -0.0460222
85000 60000 150003 3.42849
90000 60000 150000 -0.162825
90000 50000 150000 -0.299868
95000 50000 150004 4.22077
90000 55000 150000 -0.0460222
95000 55000 150000 0.161999
95000 50000 150004 4.22077
100000 50000 150001 0.623457
95000 55000 150000 0.161999
100000 55000 149998 -1.58824
90000 55000 150000 -0.0460222
95000 55000 150000 0.161999
90000 60000 150000 -0.162825
95000 60000 149999 -0.904884
95000 55000 150000 0.161999
100000 55000 149998 -1.58824
95000 60000 149999 -0.904884
100000 60000 150000 0.190054
100000 50000 150001 0.623457
105000 50000 149998 -2.04935
100000 55000 149998 -1.58824
105000 55000 150004 4.15952
105000 50000 149998 -2.04935
110000 50000 150005 4.93104
105000 55000 150004 4.15952
110000 55000 150006 5.55551
100000 55000 149998 -1.58824
105000 55000 150004 4.15952
100000 60000 150000 0.190054
105000 60000 149997 -3.46654
105000 55000 150004 4.15952
110000 55000 150006 5.55551
105000 60000 149997 -3.46654
110000 60000 149998 -1.51637
110000 50000 150005 4.93104
115000 50000 150003 3.23307
110000 55000 150006 5.55551
115000 55000 150002 1.77186
115000 50000 150003 3.23307
120000 50000 149998 -2.14164
115000 55000 150002 1.77186
120000 55000 150002 1.92717
110000 55000 150006 5.55551
115000 55000 150002 1.77186
110000 60000 149998 -1.51637
115000 60000 150005 4.77075
115000 55000 150002 1.77186
120000 55000 150002 1.92717
115000 60000 150005 4.77075
120000 60000 149998 -2.35818
120000 50000 149998 -2.14164
125000 50000 149999 -1.49275
120000 55000 150002 1.92717
125000 55000 150004 3.65272
125000 50000 149999 -1.49275
130000 50000 149999 -0.590374
125000 55000 150004 3.65272
130000 55000 150002 1.69209
120000 55000 150002 1.92717
125000 55000 150004 3.65272
120000 60000 149998 -2.35818
125000 60000 150003 3.18207
125000 55000 150004 3.65272
130000 55000 150002 1.69209
125000 60000 150003 3.18207
130000 60000 150000 0.252834
130000 50000 149999 -0.590374
135000 50000 150003 2.76104
130000 55000 150002 1.69209
135000 55000 150003 3.03282
135000 50000 150003 2.76104
140000 50000 149996 -4.0718
135000 55000 150003 3.03282
140000 55000 150002 1.56651
130000 55000 150002 1.69209
135000 55000 150003 3.03282
130000 60000 150000 0.252834
135000 60000 150005 4.98216
135000 55000 150003 3.03282
140000 55000 150002 1.56651
135000 60000 150005 4.98216
140000 60000 150003 3.43827
140000 50000 149996 -4.0718
145000 50000 150003 3.0262
140000 55000 150002 1.56651
145000 55000 150002 2.21862
145000 50000 150003 3.0262
150000 50000 149996 -3.97633
145000 55000 150002 2.21862
150000 55000 150001 1.21208
140000 55000 150002 1.56651
145000 55000 150002 2.21862
140000 60000 150003 3.43827
145000 60000 150003 2.68674
145000 55000 150002 2.21862
150000 55000 150001 1.21208
145000 60000 150003 2.68674
150000 60000 150002 2.15202
150000 50000 149996 -3.97633
155000 50000 150004 4.11506
150000 55000 150001 1.21208
155000 55000 150003 3.07325
155000 50000 150004 4.11506
160000 50000 149998 -2.37284
155000 55000 150003 3.07325
160000 55000 150005 4.95284
150000 55000 150001 1.21208
155000 55000 150003 3.07325
150000 60000 150002 2.15202
155000 60000 149999 -1.43579
155000 55000 150003 3.07325
160000 55000 150005 4.95284
155000 60000 149999 -1.43579
160000 60000 149996 -3.91105
80000 60000 150004 4.04459
85000 60000 150003 3.42849
80000 65000 150001 0.551863
85000 65000 149999 -1.48228
85000 60000 150003 3.42849
90000 60000 150000 -0.162825
85000 65000 149999 -1.48228
90000 65000 150003 2.93408
80000 65000 150001 0.551863
85000 65000 149999 -1.48228
80000 70000 150004 4.08399
85000 70000 150000 0.298214
85000 65000 149999 -1.48228
90000 65000 150003 2.93408
85000 70000 150000 0.298214
90000 70000 150003 3.05057
90000 60000 150000 -0.162825
95000 60000 149999 -0.904884
90000 65000 150003 2.93408
95000 65000 150004 3.62012
95000 60000 149999 -0.904884
100000 60000 150000 0.190054
95000 65000 150004 3.62012
100000 65000 149998 -1.5367
90000 65000 150003 2.93408
95000 65000 150004 3.62012
90000 70000 150003 3.05057
95000 70000 150004 3.75362
95000 65000 150004 3.62012
100000 65000 149998 -1.5367
95000 70000 150004 3.75362
100000 70000 149999 -1.00163
100000 60000 150000 0.190054
105000 60000 149997 -3.46654
100000 65000 149998 -1.5367
105000 65000 150003 3.13262
105000 60000 149997 -3.46654
110000 60000 149998 -1.51637
105000 65000 150003 3.13262
110000 65000 150001 0.61497
100000 65000 149998 -1.5367
105000 65000 150003 3.13262
100000 70000 149999 -1.00163
105000 70000 150003 3.11509
105000 65000 150003 3.13262
110000 65000 150001 0.61497
105000 70000 150003 3.11509
110000 70000 150000 0.404471
110000 60000 149998 -1.51637
115000 60000 150005 4.77075
110000 65000 150001 0.61497
115000 65000 149998 -2.10551
115000 60000 150005 4.77075
120000 60000 149998 -2.35818
115000 65000 149998 -2.10551
120000 65000 150000 -0.151981
110000 65000 150001 0.61497
115000 65000 149998 -2.10551
110000 70000 150000 0.404471
115000 70000 150006 5.59918
115000 65000 149998 -2.10551
120000 65000 150000 -0.151981
115000 70000 150006 5.59918
120000 70000 150005 4.82826
120000 60000 149998 -2.35818
125000 60000 150003 3.18207
120000 65000 150000 -0.151981
125000 65000 150004 4.21158
125000 60000 150003 3.18207
130000 60000 150000 0.252834
125000 65000 150004 4.21158
130000 65000 149997 -2.59646
120000 65000 150000 -0.151981
125000 65000 150004 4.21158
120000 70000 150005 4.82826
125000 70000 150003 2.69365
125000 65000 150004 4.21158
130000 65000 149997 -2.59646
125000 70000 150003 2.69365
130000 70000 150001 1.43167
130000 60000 150000 0.252834
135000 60000 150005 4.98216
130000 65000 149997 -2.59646
135000 65000 149996 -3.65395
135000 60000 150005 4.98216
140000 60000 150003 3.43827
135000 65000 149996 -3.65395
140000 65000 149996 -3.52425
130000 65000 149997 -2.59646
135000 65000 149996 -3.65395
130000 70000 150001 1.43167
135000 70000 150005 4.57119
135000 65000 149996 -3.65395
140000 65000 149996 -3.52425
135000 70000 150005 4.57119
140000 70000 149998 -1.85782
140000 60000 150003 3.43827
145000 60000 150003 2.68674
140000 65000 149996 -3.52425
145000 65000 150003 3.138
145000 60000 150003 2.68674
150000 60000 150002 2.15202
145000 65000 150003 3.138
150000 65000 150000 0.00523781
140000 65000 149996 -3.52425
145000 65000 150003 3.138
140000 70000 149998 -1.85782
145000 70000 149997 -3.01727
145000 65000 150003 3.138
150000 65000 150000 0.00523781
145000 70000 149997 -3.01727
150000 70000 149996 -4.16601
150000 60000 150002 2.15202
155000 60000 149999 -1.43579
150000 65000 150000 0.00523781
155000 65000 149995 -4.99384
155000 60000 149999 -1.43579
160000 60000 149996 -3.91105
155000 65000 149995 -4.99384
160000 65000 150002 1.75284
150000 65000 150000 0.00523781
155000 65000 149995 -4.99384
150000 70000 149996 -4.16601
155000 70000 150002 1.84286
155000 65000 149995 -4.99384
160000 65000 150002 1.75284
155000 70000 150002 1.84286
160000 70000 150002 1.85818
80000 70000 150004 4.08399
85000 70000 150000 0.298214
80000 75000 150002 1.55861
85000 75000 149999 -0.703098
85000 70000 150000 0.298214
90000 70000 150003 3.05057
85000 75000 149999 -0.703098
90000 75000 150005 5.15801
80000 75000 150002 1.55861
85000 75000 149999 -0.703098
80000 80000 150004 3.71275
85000 80000 149997 -3.03956
85000 75000 149999 -0.703098
90000 75000 150005 5.15801
85000 80000 149997 -3.03956
90000 80000 149998 -1.72087
90000 70000 150003 3.05057
95000 70000 150004 3.75362
90000 75000 150005 5.15801
95000 75000 150004 4.29212
95000 70000 150004 3.75362
100000 70000 149999 -1.00163
95000 75000 150004 4.29212
100000 75000 149997 -3.28863
90000 75000 150005 5.15801
95000 75000 150004 4.29212
90000 80000 149998 -1.72087
95000 80000 149997 -2.97736
95000 75000 150004 4.29212
100000 75000 149997 -3.28863
95000 80000 149997 -2.97736
100000 80000 150003 2.83378
100000 70000 149999 -1.00163
105000 70000 150003 3.11509
100000 75000 149997 -3.28863
105000 75000 149999 -1.41844
105000 70000 150003 3.11509
110000 70000 150000 0.404471
105000 75000 149999 -1.41844
110000 75000 150002 2.39744
100000 75000 149997 -3.28863
105000 75000 149999 -1.41844
100000 80000 150003 2.83378
105000 80000 150000 0.412956
105000 75000 149999 -1.41844
110000 75000 150002 2.39744
105000 80000 150000 0.412956
110000 80000 150003 3.40341
110000 70000 150000 0.404471
115000 70000 150006 5.59918
110000 75000 150002 2.39744
115000 75000 149998 -2.42055
115000 70000 150006 5.59918
120000 70000 150005 4.82826
115000 75000 149998 -2.42055
120000 75000 150001 1.09644
110000 75000 150002 2.39744
115000 75000 149998 -2.42055
110000 80000 150003 3.40341
115000 80000 149998 -1.72007
115000 75000 149998 -2.42055
120000 75000 150001 1.09644
115000 80000 149998 -1.72007
120000 80000 150001 0.510089
120000 70000 150005 4.82826
125000 70000 150003 2.69365
120000 75000 150001 1.09644
125000 75000 150000 0.0762074
125000 70000 150003 2.69365
130000 70000 150001 1.43167
125000 75000 150000 0.0762074
130000 75000 149998 -1.63676
120000 75000 150001 1.09644
125000 75000 150000 0.0762074
120000 80000 150001 0.510089
125000 80000 150002 2.02412
125000 75000 150000 0.0762074
130000 75000 149998 -1.63676
125000 80000 150002 2.02412
130000 80000 149997 -3.12541
130000 70000 150001 1.43167
135000 70000 150005 4.57119
130000 75000 149998 -1.63676
135000 75000 149997 -3.23472
135000 70000 150005 4.57119
140000 70000 149998 -1.85782
135000 75000 149997 -3.23472
140000 75000 150001 0.834082
130000 75000 149998 -1.63676
135000 75000 149997 -3.23472
130000 80000 149997 -3.12541
135000 80000 150000 -0.353201
135000 75000 149997 -3.23472
140000 75000 150001 0.834082
135000 80000 150000 -0.353201
140000 80000 150001 1.44474
140000 70000 149998 -1.85782
145000 70000 149997 -3.01727
140000 75000 150001 0.834082
145000 75000 150000 -0.0976225
145000 70000 149997 -3.01727
150000 70000 149996 -4.16601
145000 75000 150000 -0.0976225
150000 75000 149995 -4.98586
140000 75000 150001 0.834082
145000 75000 150000 -0.0976225
140000 80000 150001 1.44474
145000 80000 150002 2.1124
145000 75000 150000 -0.0976225
150000 75000 149995 -4.98586
145000 80000 150002 2.1124
150000 80000 149997 -3.33244
150000 70000 149996 -4.16601
155000 70000 150002 1.84286
150000 75000 149995 -4.98586
155000 75000 149994 -5.82705
155000 70000 150002 1.84286
160000 70000 150002 1.85818
155000 75000 149994 -5.82705
160000 75000 149996 -4.03677
150000 75000 149995 -4.98586
155000 75000 149994 -5.82705
150000 80000 149997 -3.33244
155000 80000 149997 -3.36568
155000 75000 149994 -5.82705
160000 75000 149996 -4.03677
155000 80000 149997 -3.36568
160000 80000 150000 0.429513
0 80000 150003 3.42945
5000 80000 150004 3.72009
0 85000 149999 -1.2689
5000 85000 149997 -3.4534
5000 80000 150004 3.72009
10000 80000 149999 -0.980647
5000 85000 149997 -3.4534
10000 85000 150004 3.51347
0 85000 149999 -1.2689
5000 85000 149997 -3.4534
0 90000 149999 -1.24371
5000 90000 150001 0.930692
5000 85000 149997 -3.4534
10000 85000 150004 3.51347
5000 90000 150001 0.930692
10000 90000 150002 2.24662
10000 80000 149999 -0.980647
15000 80000 149996 -4.05215
10000 85000 150004 3.51347
15000 85000 150004 4.15417
15000 80000 149996 -4.05215
20000 80000 150003 2.69838
15000 85000 150004 4.15417
20000 85000 150003 3.14364
10000 85000 150004 3.51347
15000 85000 150004 4.15417
10000 90000 150002 2.24662
15000 90000 150001 0.782074
15000 85000 150004 4.15417
20000 85000 150003 3.14364
15000 90000 150001 0.782074
20000 90000 149998 -2.21445
20000 80000 150003 2.69838
25000 80000 150000 -0.042718
20000 85000 150003 3.14364
25000 85000 150003 3.09007
25000 80000 150000 -0.042718
30000 80000 150001 0.993134
25000 85000 150003 3.09007
30000 85000 150001 0.613136
20000 85000 150003 3.14364
25000 85000 150003 3.09007
20000 90000 149998 -2.21445
25000 90000 150000 0.365839
25000 85000 150003 3.09007
30000 85000 150001 0.613136
25000 90000 150000 0.365839
30000 90000 150002 1.61276
30000 80000 150001 0.993134
35000 80000 150000 0.0850087
30000 85000 150001 0.613136
35000 85000 150000 0.318134
35000 80000 150000 0.0850087
40000 80000 150001 1.14613
35000 85000 150000 0.318134
40000 85000 149996 -4.10603
30000 85000 150001 0.613136
35000 85000 150000 0.318134
30000 90000 150002 1.61276
35000 90000 150000 -0.482205
35000 85000 150000 0.318134
40000 85000 149996 -4.10603
35000 90000 150000 -0.482205
40000 90000 149999 -0.721123
40000 80000 150001 1.14613
45000 80000 150002 2.31859
40000 85000 149996 -4.10603
45000 85000 149997 -3.21579
45000 80000 150002 2.31859
50000 80000 149998 -1.53951
45000 85000 149997 -3.21579
50000 85000 149997 -3.01476
40000 85000 149996 -4.10603
45000 85000 149997 -3.21579
40000 90000 149999 -0.721123
45000 90000 150000 0.413992
45000 85000 149997 -3.21579
50000 85000 149997 -3.01476
45000 90000 150000 0.413992
50000 90000 150003 2.65169
50000 80000 149998 -1.53951
55000 80000 150004 4.03213
50000 85000 149997 -3.01476
55000 85000 149995 -4.88883
55000 80000 150004 4.03213
60000 80000 150001 1.0694
55000 85000 149995 -4.88883
60000 85000 149997 -2.88141
50000 85000 149997 -3.01476
55000 85000 149995 -4.88883
50000 90000 150003 2.65169
55000 90000 150001 1.3171
55000 85000 149995 -4.88883
60000 85000 149997 -2.88141
55000 90000 150001 1.3171
60000 90000 150003 3.38382
60000 80000 150001 1.0694
65000 80000 149995 -4.73991
60000 85000 149997 -2.88141
65000 85000 150003 2.55906
65000 80000 149995 -4.73991
70000 80000 150000 -0.305917
65000 85000 150003 2.55906
70000 85000 149998 -1.92245
60000 85000 149997 -2.88141
65000 85000 150003 2.55906
60000 90000 150003 3.38382
65000 90000 149998 -1.5966
65000 85000 150003 2.55906
70000 85000 149998 -1.92245
65000 90000 149998 -1.5966
70000 90000 149998 -2.38879
70000 80000 150000 -0.305917
75000 80000 149996 -3.70511
70000 85000 149998 -1.92245
75000 85000 149996 -3.50008
75000 80000 149996 -3.70511
80000 80000 150004 3.71275
75000 85000 149996 -3.50008
80000 85000 149998 -2.33032
70000 85000 149998 -1.92245
75000 85000 149996 -3.50008
70000 90000 149998 -2.38879
75000 90000 149996 -3.66516
75000 85000 149996 -3.50008
80000 85000 149998 -2.33032
75000 90000 149996 -3.66516
80000 90000 150003 3.14019
80000 80000 150004 3.71275
85000 80000 149997 -3.03956
80000 85000 149998 -2.33032
85000 85000 150004 3.83203
85000 80000 149997 -3.03956
90000 80000 149998 -1.72087
85000 85000 150004 3.83203
90000 85000 149998 -1.94558
80000 85000 149998 -2.33032
85000 85000 150004 3.83203
80000 90000 150003 3.14019
85000 90000 150004 4.25593
85000 85000 150004 3.83203
90000 85000 149998 -1.94558
85000 90000 150004 4.25593
90000 90000 150001 0.922237
90000 80000 149998 -1.72087
95000 80000 149997 -2.97736
90000 85000 149998 -1.94558
95000 85000 150001 0.60595
95000 80000 149997 -2.97736
100000 80000 150003 2.83378
95000 85000 150001 0.60595
100000 85000 149999 -1.26925
90000 85000 149998 -1.94558
95000 85000 150001 0.60595
90000 90000 150001 0.922237
95000 90000 149998 -2.41522
95000 85000 150001 0.60595
100000 85000 149999 -1.26925
95000 90000 149998 -2.41522
100000 90000 150002 2.2325
100000 80000 150003 2.83378
105000 80000 150000 0.412956
100000 85000 149999 -1.26925
105000 85000 150002 1.56456
105000 80000 150000 0.412956
110000 80000 150003 3.40341
105000 85000 150002 1.56456
110000 85000 149998 -2.36071
100000 85000 149999 -1.26925
105000 85000 150002 1.56456
100000 90000 150002 2.2325
105000 90000 149998 -2.01108
105000 85000 150002 1.56456
110000 85000 149998 -2.36071
105000 90000 149998 -2.01108
110000 90000 149998 -2.1016
0 90000 149999 -1.24371
5000 90000 150001 0.930692
0 95000 149995 -4.51134
5000 95000 149996 -3.63983
5000 90000 150001 0.930692
10000 90000 150002 2.24662
5000 95000 149996 -3.63983
10000 95000 149997 -3.24194
0 95000 149995 -4.51134
5000 95000 149996 -3.63983
0 100000 150002 1.89662
5000 100000 149998 -1.75576
5000 95000 149996 -3.63983
10000 95000 149997 -3.24194
5000 100000 149998 -1.75576
10000 100000 149999 -1.00497
10000 90000 150002 2.24662
15000 90000 150001 0.782074
10000 95000 149997 -3.24194
15000 95000 150000 0.295426
15000 90000 150001 0.782074
20000 90000 149998 -2.21445
15000 95000 150000 0.295426
20000 95000 150004 4.11858
10000 95000 149997 -3.24194
15000 95000 150000 0.295426
10000 100000 149999 -1.00497
15000 100000 150003 3.44802
15000 95000 150000 0.295426
20000 95000 150004 4.11858
15000 100000 150003 3.44802
20000 100000 150001 1.20113
20000 90000 149998 -2.21445
25000 90000 150000 0.365839
20000 95000 150004 4.11858
25000 95000 149996 -3.71336
25000 90000 150000 0.365839
30000 90000 150002 1.61276
25000 95000 149996 -3.71336
30000 95000 149997 -2.59084
20000 95000 150004 4.11858
25000 95000 149996 -3.71336
20000 100000 150001 1.20113
25000 100000 150001 1.17228
25000 95000 149996 -3.71336
30000 95000 149997 -2.59084
25000 100000 150001 1.17228
30000 100000 150002 2.35398
30000 90000 150002 1.61276
35000 90000 150000 -0.482205
30000 95000 149997 -2.59084
35000 95000 149996 -4.46234
35000 90000 150000 -0.482205
40000 90000 149999 -0.721123
35000 95000 149996 -4.46234
40000 95000 150003 3.05961
30000 95000 149997 -2.59084
35000 95000 149996 -4.46234
30000 100000 150002 2.35398
35000 100000 150000 -0.391359
35000 95000 149996 -4.46234
40000 95000 150003 3.05961
35000 100000 150000 -0.391359
40000 100000 149996 -3.6941
40000 90000 149999 -0.721123
45000 90000 150000 0.413992
40000 95000 150003 3.05961
45000 95000 149997 -3.35438
45000 90000 150000 0.413992
50000 90000 150003 2.65169
45000 95000 149997 -3.35438
50000 95000 149999 -0.546559
40000 95000 150003 3.05961
45000 95000 149997 -3.35438
40000 100000 149996 -3.6941
45000 100000 149999 -0.899832
45000 95000 149997 -3.35438
50000 95000 149999 -0.546559
45000 100000 149999 -0.899832
50000 100000 150004 3.82799
50000 90000 150003 2.65169
55000 90000 150001 1.3171
50000 95000 149999 -0.546559
55000 95000 149997 -3.08234
55000 90000 150001 1.3171
60000 90000 150003 3.38382
55000 95000 149997 -3.08234
60000 95000 150003 3.23648
50000 95000 149999 -0.546559
55000 95000 149997 -3.08234
50000 100000 150004 3.82799
55000 100000 150004 4.01151
55000 95000 149997 -3.08234
60000 95000 150003 3.23648
55000 100000 150004 4.01151
60000 100000 150003 3.28062
60000 90000 150003 3.38382
65000 90000 149998 -1.5966
60000 95000 150003 3.23648
65000 95000 149996 -3.62396
65000 90000 149998 -1.5966
70000 90000 149998 -2.38879
65000 95000 149996 -3.62396
70000 95000 150004 3.78899
60000 95000 150003 3.23648
65000 95000 149996 -3.62396
60000 100000 150003 3.28062
65000 100000 149997 -3.46378
65000 95000 149996 -3.62396
70000 95000 150004 3.78899
65000 100000 149997 -3.46378
70000 100000 149996 -4.39542
70000 90000 149998 -2.38879
75000 90000 149996 -3.66516
70000 95000 150004 3.78899
75000 95000 150002 2.30045
75000 90000 149996 -3.66516
80000 90000 150003 3.14019
75000 95000 150002 2.30045
80000 95000 150002 1.95756
70000 95000 150004 3.78899
75000 95000 150002 2.30045
70000 100000 149996 -4.39542
75000 100000 150001 0.624215
75000 95000 150002 2.30045
80000 95000 150002 1.95756
75000 100000 150001 0.624215
80000 100000 149998 -1.70297
80000 90000 150003 3.14019
85000 90000 150004 4.25593
80000 95000 150002 1.95756
85000 95000 150003 3.23271
85000 90000 150004 4.25593
90000 90000 150001 0.922237
85000 95000 150003 3.23271
90000 95000 150004 3.66199
80000 95000 150002 1.95756
85000 95000 150003 3.23271
80000 100000 149998 -1.70297
85000 100000 150001 1.41173
85000 95000 150003 3.23271
90000 95000 150004 3.66199
85000 100000 150001 1.41173
90000 100000 150000 -0.474393
90000 90000 150001 0.922237
95000 90000 149998 -2.41522
90000 95000 150004 3.66199
95000 95000 150005 5.30183
95000 90000 149998 -2.41522
100000 90000 150002 2.2325
95000 95000 150005 5.30183
100000 95000 149999 -0.922558
90000 95000 150004 3.66199
95000 95000 150005 5.30183
90000 100000 150000 -0.474393
95000 100000 150001 1.37625
95000 95000 150005 5.30183
100000 95000 149999 -0.922558
95000 100000 150001 1.37625
100000 100000 150001 1.36673
0 100000 150002 1.89662
5000 100000 149998 -1.75576
0 105000 150001 0.792624
5000 105000 149996 -4.35579
5000 100000 149998 -1.75576
10000 100000 149999 -1.00497
5000 105000 149996 -4.35579
10000 105000 150004 3.65466
0 105000 150001 0.792624
5000 105000 149996 -4.35579
0 110000 149997 -3.46988
5000 110000 149996 -3.94464
5000 105000 149996 -4.35579
10000 105000 150004 3.65466
5000 110000 149996 -3.94464
10000 110000 149995 -4.61301
10000 100000 149999 -1.00497
15000 100000 150003 3.44802
10000 105000 150004 3.65466
15000 105000 149996 -4.14872
15000 100000 150003 3.44802
20000 100000 150001 1.20113
15000 105000 149996 -4.14872
20000 105000 150004 3.8764
10000 105000 150004 3.65466
15000 105000 149996 -4.14872
10000 110000 149995 -4.61301
15000 110000 150000 0.312749
15000 105000 149996 -4.14872
20000 105000 150004 3.8764
15000 110000 150000 0.312749
20000 110000 149998 -2.1439
20000 100000 150001 1.20113
25000 100000 150001 1.17228
20000 105000 150004 3.8764
25000 105000 149998 -2.00285
25000 100000 150001 1.17228
30000 100000 150002 2.35398
25000 105000 149998 -2.00285
30000 105000 149999 -0.979926
20000 105000 150004 3.8764
25000 105000 149998 -2.00285
20000 110000 149998 -2.1439
25000 110000 149999 -0.661435
25000 105000 149998 -2.00285
30000 105000 149999 -0.979926
25000 110000 149999 -0.661435
30000 110000 150002 1.50455
30000 100000 150002 2.35398
35000 100000 150000 -0.391359
30000 105000 149999 -0.979926
35000 105000 149998 -2.18626
35000 100000 150000 -0.391359
40000 100000 149996 -3.6941
35000 105000 149998 -2.18626
40000 105000 150002 2.01435
30000 105000 149999 -0.979926
35000 105000 149998 -2.18626
30000 110000 150002 1.50455
35000 110000 149995 -4.85563
35000 105000 149998 -2.18626
40000 105000 150002 2.01435
35000 110000 149995 -4.85563
40000 110000 150002 2.36125
40000 100000 149996 -3.6941
45000 100000 149999 -0.899832
40000 105000 150002 2.01435
45000 105000 149999 -1.29568
45000 100000 149999 -0.899832
50000 100000 150004 3.82799
45000 105000 149999 -1.29568
50000 105000 150001 1.4629
40000 105000 150002 2.01435
45000 105000 149999 -1.29568
40000 110000 150002 2.36125
45000 110000 149998 -1.82698
45000 105000 149999 -1.29568
50000 105000 150001 1.4629
45000 110000 149998 -1.82698
50000 110000 150001 0.736777
50000 100000 150004 3.82799
55000 100000 150004 4.01151
50000 105000 150001 1.4629
55000 105000 150000 -0.499421
55000 100000 150004 4.01151
60000 100000 150003 3.28062
55000 105000 150000 -0.499421
60000 105000 149998 -2.18385
50000 105000 150001 1.4629
55000 105000 150000 -0.499421
50000 110000 150001 0.736777
55000 110000 150004 3.95544
55000 105000 150000 -0.499421
60000 105000 149998 -2.18385
55000 110000 150004 3.95544
60000 110000 150003 3.25659
60000 100000 150003 3.28062
65000 100000 149997 -3.46378
60000 105000 149998 -2.18385
65000 105000 149998 -1.87912
65000 100000 149997 -3.46378
70000 100000 149996 -4.39542
65000 105000 149998 -1.87912
70000 105000 150002 1.56612
60000 105000 149998 -2.18385
65000 105000 149998 -1.87912
60000 110000 150003 3.25659
65000 110000 149998 -1.59805
65000 105000 149998 -1.87912
70000 105000 150002 1.56612
65000 110000 149998 -1.59805
70000 110000 150003 3.158
70000 100000 149996 -4.39542
75000 100000 150001 0.624215
70000 105000 150002 1.56612
75000 105000 149997 -2.80687
75000 100000 150001 0.624215
80000 100000 149998 -1.70297
75000 105000 149997 -2.80687
80000 105000 150005 4.70085
70000 105000 150002 1.56612
75000 105000 149997 -2.80687
70000 110000 150003 3.158
75000 110000 150002 2.43146
75000 105000 149997 -2.80687
80000 105000 150005 4.70085
75000 110000 150002 2.43146
80000 110000 150004 3.63905
0 110000 149997 -3.46988
5000 110000 149996 -3.94464
0 115000 150004 4.01867
5000 115000 150001 0.880203
5000 110000 149996 -3.94464
10000 110000 149995 -4.61301
5000 115000 150001 0.880203
10000 115000 149995 -4.67001
0 115000 150004 4.01867
5000 115000 150001 0.880203
0 120000 150004 4.02065
5000 120000 150002 2.43156
5000 115000 150001 0.880203
10000 115000 149995 -4.67001
5000 120000 150002 2.43156
10000 120000 149999 -1.2991
10000 110000 149995 -4.61301
15000 110000 150000 0.312749
10000 115000 149995 -4.67001
15000 115000 150004 3.90458
15000 110000 150000 0.312749
20000 110000 149998 -2.1439
15000 115000 150004 3.90458
20000 115000 150000 0.267472
10000 115000 149995 -4.67001
15000 115000 150004 3.90458
10000 120000 149999 -1.2991
15000 120000 149998 -2.46162
15000 115000 150004 3.90458
20000 115000 150000 0.267472
15000 120000 149998 -2.46162
20000 120000 150002 2.31947
20000 110000 149998 -2.1439
25000 110000 149999 -0.661435
20000 115000 150000 0.267472
25000 115000 149998 -2.30664
25000 110000 149999 -0.661435
30000 110000 150002 1.50455
25000 115000 149998 -2.30664
30000 115000 149999 -1.18994
20000 115000 150000 0.267472
25000 115000 149998 -2.30664
20000 120000 150002 2.31947
25000 120000 150004 3.56495
25000 115000 149998 -2.30664
30000 115000 149999 -1.18994
25000 120000 150004 3.56495
30000 120000 149995 -4.70603
30000 110000 150002 1.50455
35000 110000 149995 -4.85563
30000 115000 149999 -1.18994
35000 115000 150001 0.817679
35000 110000 149995 -4.85563
40000 110000 150002 2.36125
35000 115000 150001 0.817679
40000 115000 150002 1.51455
30000 115000 149999 -1.18994
35000 115000 150001 0.817679
30000 120000 149995 -4.70603
35000 120000 150004 4.17097
35000 115000 150001 0.817679
40000 115000 150002 1.51455
35000 120000 150004 4.17097
40000 120000 149996 -4.29551
40000 110000 150002 2.36125
45000 110000 149998 -1.82698
40000 115000 150002 1.51455
45000 115000 150001 1.19962
45000 110000 149998 -1.82698
50000 110000 150001 0.736777
45000 115000 150001 1.19962
50000 115000 149996 -4.18898
40000 115000 150002 1.51455
45000 115000 150001 1.19962
40000 120000 149996 -4.29551
45000 120000 149996 -4.19034
45000 115000 150001 1.19962
50000 115000 149996 -4.18898
45000 120000 149996 -4.19034
50000 120000 149999 -0.740412
50000 110000 150001 0.736777
55000 110000 150004 3.95544
50000 115000 149996 -4.18898
55000 115000 149997 -2.84375
55000 110000 150004 3.95544
60000 110000 150003 3.25659
55000 115000 149997 -2.84375
60000 115000 150001 0.509298
50000 115000 149996 -4.18898
55000 115000 149997 -2.84375
50000 120000 149999 -0.740412
55000 120000 150001 0.796689
55000 115000 149997 -2.84375
60000 115000 150001 0.509298
55000 120000 150001 0.796689
60000 120000 150002 1.88552
60000 110000 150003 3.25659
65000 110000 149998 -1.59805
60000 115000 150001 0.509298
65000 115000 150002 1.74123
65000 110000 149998 -1.59805
70000 110000 150003 3.158
65000 115000 150002 1.74123
70000 115000 150003 2.94819
60000 115000 150001 0.509298
65000 115000 150002 1.74123
60000 120000 150002 1.88552
65000 120000 150002 2.05746
65000 115000 150002 1.74123
70000 115000 150003 2.94819
65000 120000 150002 2.05746
70000 120000 150003 2.53463
70000 110000 150003 3.158
75000 110000 150002 2.43146
70000 115000 150003 2.94819
75000 115000 150000 -0.374774
75000 110000 150002 2.43146
80000 110000 150004 3.63905
75000 115000 150000 -0.374774
80000 115000 149999 -1.49519
70000 115000 150003 2.94819
75000 115000 150000 -0.374774
70000 120000 150003 2.53463
75000 120000 150004 3.7575
75000 115000 150000 -0.374774
80000 115000 149999 -1.49519
75000 120000 150004 3.7575
80000 120000 149999 -1.05216
160000 0 149997 -3.06647
165000 0 149997 -2.73418
160000 5000 150003 3.33252
165000 5000 149997 -2.99457
165000 0 149997 -2.73418
170000 0 150003 3.46905
165000 5000 149997 -2.99457
170000 5000 150003 2.5182
160000 5000 150003 3.33252
165000 5000 149997 -2.99457
160000 10000 150002 2.20075
165000 10000 150001 1.34602
165000 5000 149997 -2.99457
170000 5000 150003 2.5182
165000 10000 150001 1.34602
170000 10000 150005 4.65568
170000 0 150003 3.46905
175000 0 150000 0.465537
170000 5000 150003 2.5182
175000 5000 149997 -3.1057
175000 0 150000 0.465537
180000 0 150000 -0.19139
175000 5000 149997 -3.1057
180000 5000 150004 3.61911
170000 5000 150003 2.5182
175000 5000 149997 -3.1057
170000 10000 150005 4.65568
175000 10000 150004 4.24791
175000 5000 149997 -3.1057
180000 5000 150004 3.61911
175000 10000 150004 4.24791
180000 10000 149997 -2.89284
180000 0 150000 -0.19139
185000 0 149999 -1.05424
180000 5000 150004 3.61911
185000 5000 150002 1.628
185000 0 149999 -1.05424
190000 0 149999 -0.695868
185000 5000 150002 1.628
190000 5000 149998 -2.19346
180000 5000 150004 3.61911
185000 5000 150002 1.628
180000 10000 149997 -2.89284
185000 10000 150001 1.26366
185000 5000 150002 1.628
190000 5000 149998 -2.19346
185000 10000 150001 1.26366
190000 10000 150002 1.78475
190000 0 149999 -0.695868
195000 0 150000 0.418486
190000 5000 149998 -2.19346
195000 5000 149998 -1.73999
195000 0 150000 0.418486
200000 0 150005 4.67837
195000 5000 149998 -1.73999
200000 5000 149996 -3.88737
190000 5000 149998 -2.19346
195000 5000 149998 -1.73999
190000 10000 150002 1.78475
195000 10000 149998 -2.04712
195000 5000 149998 -1.73999
200000 5000 149996 -3.88737
195000 10000 149998 -2.04712
200000 10000 150003 2.59444
200000 0 150005 4.67837
205000 0 150001 0.819977
200000 5000 149996 -3.88737
205000 5000 149999 -0.762268
205000 0 150001 0.819977
210000 0 150003 2.56973
205000 5000 149999 -0.762268
210000 5000 150000 -0.053279
200000 5000 149996 -3.88737
205000 5000 149999 -0.762268
200000 10000 150003 2.59444
205000 10000 149999 -1.10146
205000 5000 149999 -0.762268
210000 5000 150000 -0.053279
205000 10000 149999 -1.10146
210000 10000 149996 -3.53978
210000 0 150003 2.56973
215000 0 150002 1.80326
210000 5000 150000 -0.053279
215000 5000 150001 1.19427
215000 0 150002 1.80326
220000 0 150001 0.93257
215000 5000 150001 1.19427
220000 5000 150002 1.61063
210000 5000 150000 -0.053279
215000 5000 150001 1.19427
210000 10000 149996 -3.53978
215000 10000 150000 0.176973
215000 5000 150001 1.19427
220000 5000 150002 1.61063
215000 10000 150000 0.176973
220000 10000 149998 -2.1521
220000 0 150001 0.93257
225000 0 149996 -4.06418
220000 5000 150002 1.61063
225000 5000 149996 -3.6768
225000 0 149996 -4.06418
230000 0 150002 2.34462
225000 5000 149996 -3.6768
230000 5000 149998 -1.96114
220000 5000 150002 1.61063
225000 5000 149996 -3.6768
220000 10000 149998 -2.1521
225000 10000 149999 -0.610343
225000 5000 149996 -3.6768
230000 5000 149998 -1.96114
225000 10000 149999 -0.610343
230000 10000 149998 -2.04746
230000 0 150002 2.34462
235000 0 150001 1.24792
230000 5000 149998 -1.96114
235000 5000 150003 2.68891
235000 0 150001 1.24792
240000 0 150003 3.48928
235000 5000 150003 2.68891
240000 5000 150000 0.427827
230000 5000 149998 -1.96114
235000 5000 150003 2.68891
230000 10000 149998 -2.04746
235000 10000 150003 2.96543
235000 5000 150003 2.68891
240000 5000 150000 0.427827
235000 10000 150003 2.96543
240000 10000 149997 -2.61589
160000 10000 150002 2.20075
165000 10000 150001 1.34602
160000 15000 150004 4.03844
165000 15000 150002 2.45774
165000 10000 150001 1.34602
170000 10000 150005 4.65568
165000 15000 150002 2.45774
170000 15000 150005 5.11458
160000 15000 150004 4.03844
165000 15000 150002 2.45774
160000 20000 150002 2.2911
165000 20000 149997 -2.67746
165000 15000 150002 2.45774
170000 15000 150005 5.11458
165000 20000 149997 -2.67746
170000 20000 150001 0.91689
170000 10000 150005 4.65568
175000 10000 150004 4.24791
170000 15000 150005 5.11458
175000 15000 150003 2.60917
175000 10000 150004 4.24791
180000 10000 149997 -2.89284
175000 15000 150003 2.60917
180000 15000 150004 4.28976
170000 15000 150005 5.11458
175000 15000 150003 2.60917
170000 20000 150001 0.91689
175000 20000 150000 -0.335822
175000 15000 150003 2.60917
180000 15000 150004 4.28976
175000 20000 150000 -0.335822
180000 20000 150000 0.371471
180000 10000 149997 -2.89284
185000 10000 150001 1.26366
180000 15000 150004 4.28976
185000 15000 150003 2.72498
185000 10000 150001 1.26366
190000 10000 150002 1.78475
185000 15000 150003 2.72498
190000 15000 150001 0.616738
180000 15000 150004 4.28976
185000 15000 150003 2.72498
180000 20000 150000 0.371471
185000 20000 150004 3.89961
185000 15000 150003 2.72498
190000 15000 150001 0.616738
185000 20000 150004 3.89961
190000 20000 150004 4.06923
190000 10000 150002 1.78475
195000 10000 149998 -2.04712
190000 15000 150001 0.616738
195000 15000 150004 4.17528
195000 10000 149998 -2.04712
200000 10000 150003 2.59444
195000 15000 150004 4.17528
200000 15000 150000 -0.450343
190000 15000 150001 0.616738
195000 15000 150004 4.17528
190000 20000 150004 4.06923
195000 20000 150004 3.96587
195000 15000 150004 4.17528
200000 15000 150000 -0.450343
195000 20000 150004 3.96587
200000 20000 149996 -3.9858
200000 10000 150003 2.59444
205000 10000 149999 -1.10146
200000 15000 150000 -0.450343
205000 15000 150001 0.729285
205000 10000 149999 -1.10146
210000 10000 149996 -3.53978
205000 15000 150001 0.729285
210000 15000 150000 0.470399
200000 15000 150000 -0.450343
205000 15000 150001 0.729285
200000 20000 149996 -3.9858
205000 20000 150000 -0.0569767
205000 15000 150001 0.729285
210000 15000 150000 0.470399
205000 20000 150000 -0.0569767
210000 20000 150001 1.3414
210000 10000 149996 -3.53978
215000 10000 150000 0.176973
210000 15000 150000 0.470399
215000 15000 149997 -2.88756
215000 10000 150000 0.176973
220000 10000 149998 -2.1521
215000 15000 149997 -2.88756
220000 15000 150000 -0.173008
210000 15000 150000 0.470399
215000 15000 149997 -2.88756
210000 20000 150001 1.3414
215000 20000 150002 1.62113
215000 15000 149997 -2.88756
220000 15000 150000 -0.173008
215000 20000 150002 1.62113
220000 20000 150003 3.28208
220000 10000 149998 -2.1521
225000 10000 149999 -0.610343
220000 15000 150000 -0.173008
225000 15000 150002 2.38515
225000 10000 149999 -0.610343
230000 10000 149998 -2.04746
225000 15000 150002 2.38515
230000 15000 150002 2.2653
220000 15000 150000 -0.173008
225000 15000 150002 2.38515
220000 20000 150003 3.28208
225000 20000 150003 2.66906
225000 15000 150002 2.38515
230000 15000 150002 2.2653
225000 20000 150003 2.66906
230000 20000 149997 -2.98707
230000 10000 149998 -2.04746
235000 10000 150003 2.96543
230000 15000 150002 2.2653
235000 15000 149997 -3.22479
235000 10000 150003 2.96543
240000 10000 149997 -2.61589
235000 15000 149997 -3.22479
240000 15000 149996 -4.21134
230000 15000 150002 2.2653
235000 15000 149997 -3.22479
230000 20000 149997 -2.98707
235000 20000 149997 -2.71708
235000 15000 149997 -3.22479
240000 15000 149996 -4.21134
235000 20000 149997 -2.71708
240000 20000 149998 -1.76565
160000 20000 150002 2.2911
165000 20000 149997 -2.67746
160000 25000 149998 -2.0548
165000 25000 150000 -0.312128
165000 20000 149997 -2.67746
170000 20000 150001 0.91689
165000 25000 150000 -0.312128
170000 25000 150000 -0.448663
160000 25000 149998 -2.0548
165000 25000 150000 -0.312128
160000 30000 150000 -0.432844
165000 30000 150002 2.24924
165000 25000 150000 -0.312128
170000 25000 150000 -0.448663
165000 30000 150002 2.24924
170000 30000 150001 0.973825
170000 20000 150001 0.91689
175000 20000 150000 -0.335822
170000 25000 150000 -0.448663
175000 25000 150004 3.74361
175000 20000 150000 -0.335822
180000 20000 150000 0.371471
175000 25000 150004 3.74361
180000 25000 149997 -2.99878
170000 25000 150000 -0.448663
175000 25000 150004 3.74361
170000 30000 150001 0.973825
175000 30000 149997 -3.06197
175000 25000 150004 3.74361
180000 25000 149997 -2.99878
175000 30000 149997 -3.06197
180000 30000 149999 -0.545715
180000 20000 150000 0.371471
185000 20000 150004 3.89961
180000 25000 149997 -2.99878
185000 25000 150004 4.27299
185000 20000 150004 3.89961
190000 20000 150004 4.06923
185000 25000 150004 4.27299
190000 25000 150002 1.69917
180000 25000 149997 -2.99878
185000 25000 150004 4.27299
180000 30000 149999 -0.545715
185000 30000 150005 5.36976
185000 25000 150004 4.27299
190000 25000 150002 1.69917
185000 30000 150005 5.36976
190000 30000 150004 3.84336
190000 20000 150004 4.06923
195000 20000 150004 3.96587
190000 25000 150002 1.69917
195000 25000 149998 -2.0045
195000 20000 150004 3.96587
200000 20000 149996 -3.9858
195000 25000 149998 -2.0045
200000 25000 149996 -3.61986
190000 25000 150002 1.69917
195000 25000 149998 -2.0045
190000 30000 150004 3.84336
195000 30000 149999 -0.753621
195000 25000 149998 -2.0045
200000 25000 149996 -3.61986
195000 30000 149999 -0.753621
200000 30000 149996 -4.22652
200000 20000 149996 -3.9858
205000 20000 150000 -0.0569767
200000 25000 149996 -3.61986
205000 25000 150000 -0.419129
205000 20000 150000 -0.0569767
210000 20000 150001 1.3414
205000 25000 150000 -0.419129
210000 25000 150000 0.429686
200000 25000 149996 -3.61986
205000 25000 150000 -0.419129
200000 30000 149996 -4.22652
205000 30000 149999 -1.32349
205000 25000 150000 -0.419129
210000 25000 150000 0.429686
205000 30000 149999 -1.32349
210000 30000 149996 -3.56553
210000 20000 150001 1.3414
215000 20000 150002 1.62113
210000 25000 150000 0.429686
215000 25000 149999 -1.08548
215000 20000 150002 1.62113
220000 20000 150003 3.28208
215000 25000 149999 -1.08548
220000 25000 150000 0.307035
210000 25000 150000 0.429686
215000 25000 149999 -1.08548
210000 30000 149996 -3.56553
215000 30000 149999 -0.830214
215000 25000 149999 -1.08548
220000 25000 150000 0.307035
215000 30000 149999 -0.830214
220000 30000 149997 -3.08968
220000 20000 150003 3.28208
225000 20000 150003 2.66906
220000 25000 150000 0.307035
225000 25000 149995 -4.7255
225000 20000 150003 2.66906
230000 20000 149997 -2.98707
225000 25000 149995 -4.7255
230000 25000 149995 -4.94765
220000 25000 150000 0.307035
225000 25000 149995 -4.7255
220000 30000 149997 -3.08968
225000 30000 150004 3.77412
225000 25000 149995 -4.7255
230000 25000 149995 -4.94765
225000 30000 150004 3.77412
230000 30000 149995 -4.5979
230000 20000 149997 -2.98707
235000 20000 149997 -2.71708
230000 25000 149995 -4.94765
235000 25000 150003 3.42086
235000 20000 149997 -2.71708
240000 20000 149998 -1.76565
235000 25000 150003 3.42086
240000 25000 150003 2.76342
230000 25000 149995 -4.94765
235000 25000 150003 3.42086
230000 30000 149995 -4.5979
235000 30000 149999 -0.588748
235000 25000 150003 3.42086
240000 25000 150003 2.76342
235000 30000 149999 -0.588748
240000 30000 149999 -0.711226
160000 30000 150000 -0.432844
165000 30000 150002 2.24924
160000 35000 150001 0.676695
165000 35000 150001 0.91901
165000 30000 150002 2.24924
170000 30000 150001 0.973825
165000 35000 150001 0.91901
170000 35000 150005 5.0342
160000 35000 150001 0.676695
165000 35000 150001 0.91901
160000 40000 149997 -2.92067
165000 40000 149998 -2.25511
165000 35000 150001 0.91901
170000 35000 150005 5.0342
165000 40000 149998 -2.25511
170000 40000 150004 3.86973
170000 30000 150001 0.973825
175000 30000 149997 -3.06197
170000 35000 150005 5.0342
175000 35000 150005 4.72345
175000 30000 149997 -3.06197
180000 30000 149999 -0.545715
175000 35000 150005 4.72345
180000 35000 149997 -3.43924
170000 35000 150005 5.0342
175000 35000 150005 4.72345
170000 40000 150004 3.86973
175000 40000 150000 -0.187074
175000 35000 150005 4.72345
180000 35000 149997 -3.43924
175000 40000 150000 -0.187074
180000 40000 150000 0.378027
180000 30000 149999 -0.545715
185000 30000 150005 5.36976
180000 35000 149997 -3.43924
185000 35000 150002 1.6454
185000 30000 150005 5.36976
190000 30000 150004 3.84336
185000 35000 150002 1.6454
190000 35000 150004 4.06626
180000 35000 149997 -3.43924
185000 35000 150002 1.6454
180000 40000 150000 0.378027
185000 40000 149998 -2.05522
185000 35000 150002 1.6454
190000 35000 150004 4.06626
185000 40000 149998 -2.05522
190000 40000 150002 2.40497
190000 30000 150004 3.84336
195000 30000 149999 -0.753621
190000 35000 150004 4.06626
195000 35000 150001 0.839003
195000 30000 149999 -0.753621
200000 30000 149996 -4.22652
195000 35000 150001 0.839003
200000 35000 150001 0.662098
190000 35000 150004 4.06626
195000 35000 150001 0.839003
190000 40000 150002 2.40497
195000 40000 149999 -0.556027
195000 35000 150001 0.839003
200000 35000 150001 0.662098
195000 40000 149999 -0.556027
200000 40000 150004 3.87628
200000 30000 149996 -4.22652
205000 30000 149999 -1.32349
200000 35000 150001 0.662098
205000 35000 150004 3.8181
205000 30000 149999 -1.32349
210000 30000 149996 -3.56553
205000 35000 150004 3.8181
210000 35000 149996 -3.90254
200000 35000 150001 0.662098
205000 35000 150004 3.8181
200000 40000 150004 3.87628
205000 40000 150002 1.57279
205000 35000 150004 3.8181
210000 35000 149996 -3.90254
205000 40000 150002 1.57279
210000 40000 150000 0.321559
210000 30000 149996 -3.56553
215000 30000 149999 -0.830214
210000 35000 149996 -3.90254
215000 35000 149999 -1.06612
215000 30000 149999 -0.830214
220000 30000 149997 -3.08968
215000 35000 149999 -1.06612
220000 35000 150004 3.50933
210000 35000 149996 -3.90254
215000 35000 149999 -1.06612
210000 40000 150000 0.321559
215000 40000 150000 -0.309604
215000 35000 149999 -1.06612
220000 35000 150004 3.50933
215000 40000 150000 -0.309604
220000 40000 149996 -4.31177
220000 30000 149997 -3.08968
225000 30000 150004 3.77412
220000 35000 150004 3.50933
225000 35000 150003 2.75191
225000 30000 150004 3.77412
230000 30000 149995 -4.5979
225000 35000 150003 2.75191
230000 35000 150003 3.28582
220000 35000 150004 3.50933
225000 35000 150003 2.75191
220000 40000 149996 -4.31177
225000 40000 149997 -2.92449
225000 35000 150003 2.75191
230000 35000 150003 3.28582
225000 40000 149997 -2.92449
230000 40000 150003 2.97484
230000 30000 149995 -4.5979
235000 30000 149999 -0.588748
230000 35000 150003 3.28582
235000 35000 150002 1.88562
235000 30000 149999 -0.588748
240000 30000 149999 -0.711226
235000 35000 150002 1.88562
240000 35000 149996 -4.41195
230000 35000 150003 3.28582
235000 35000 150002 1.88562
230000 40000 150003 2.97484
235000 40000 149998 -1.6673
235000 35000 150002 1.88562
240000 35000 149996 -4.41195
235000 40000 149998 -1.6673
240000 40000 149999 -1.49098
160000 40000 149997 -2.92067
165000 40000 149998 -2.25511
160000 45000 150001 0.964359
165000 45000 150002 1.57696
165000 40000 149998 -2.25511
170000 40000 150004 3.86973
165000 45000 150002 1.57696
170000 45000 150001 0.705637
160000 45000 150001 0.964359
165000 45000 150002 1.57696
160000 50000 149998 -2.37284
165000 50000 149998 -1.50398
165000 45000 150002 1.57696
170000 45000 150001 0.705637
165000 50000 149998 -1.50398
170000 50000 150002 1.83929
170000 40000 150004 3.86973
175000 40000 150000 -0.187074
170000 45000 150001 0.705637
175000 45000 149999 -0.876654
175000 40000 150000 -0.187074
180000 40000 150000 0.378027
175000 45000 149999 -0.876654
180000 45000 149999 -1.21026
170000 45000 150001 0.705637
175000 45000 149999 -0.876654
170000 50000 150002 1.83929
175000 50000 149997 -2.52951
175000 45000 149999 -0.876654
180000 45000 149999 -1.21026
175000 50000 149997 -2.52951
180000 50000 150000 0.116276
180000 40000 150000 0.378027
185000 40000 149998 -2.05522
180000 45000 149999 -1.21026
185000 45000 150003 2.51271
185000 40000 149998 -2.05522
190000 40000 150002 2.40497
185000 45000 150003 2.51271
190000 45000 149997 -2.7412
180000 45000 149999 -1.21026
185000 45000 150003 2.51271
180000 50000 150000 0.116276
185000 50000 149997 -3.17854
185000 45000 150003 2.51271
190000 45000 149997 -2.7412
185000 50000 149997 -3.17854
190000 50000 149998 -1.65744
190000 40000 150002 2.40497
195000 40000 149999 -0.556027
190000 45000 149997 -2.7412
195000 45000 150000 -0.31921
195000 40000 149999 -0.556027
200000 40000 150004 3.87628
195000 45000 150000 -0.31921
200000 45000 150003 2.6634
190000 45000 149997 -2.7412
195000 45000 150000 -0.31921
190000 50000 149998 -1.65744
195000 50000 150000 -0.268893
195000 45000 150000 -0.31921
200000 45000 150003 2.6634
195000 50000 150000 -0.268893
200000 50000 150003 2.86479
200000 40000 150004 3.87628
205000 40000 150002 1.57279
200000 45000 150003 2.6634
205000 45000 149999 -0.828041
205000 40000 150002 1.57279
210000 40000 150000 0.321559
205000 45000 149999 -0.828041
210000 45000 150000 0.193482
200000 45000 150003 2.6634
205000 45000 149999 -0.828041
200000 50000 150003 2.86479
205000 50000 150003 2.56595
205000 45000 149999 -0.828041
210000 45000 150000 0.193482
205000 50000 150003 2.56595
210000 50000 150002 2.42834
210000 40000 150000 0.321559
215000 40000 150000 -0.309604
210000 45000 150000 0.193482
215000 45000 149996 -3.72887
215000 40000 150000 -0.309604
220000 40000 149996 -4.31177
215000 45000 149996 -3.72887
220000 45000 150003 3.1328
210000 45000 150000 0.193482
215000 45000 149996 -3.72887
210000 50000 150002 2.42834
215000 50000 149999 -1.46118
215000 45000 149996 -3.72887
220000 45000 150003 3.1328
215000 50000 149999 -1.46118
220000 50000 149996 -3.62519
220000 40000 149996 -4.31177
225000 40000 149997 -2.92449
220000 45000 150003 3.1328
225000 45000 150003 2.91748
225000 40000 149997 -2.92449
230000 40000 150003 2.97484
225000 45000 150003 2.91748
230000 45000 149996 -3.84785
220000 45000 150003 3.1328
225000 45000 150003 2.91748
220000 50000 149996 -3.62519
225000 50000 150002 2.42243
225000 45000 150003 2.91748
230000 45000 149996 -3.84785
225000 50000 150002 2.42243
230000 50000 149995 -5.00524
230000 40000 150003 2.97484
235000 40000 149998 -1.6673
230000 45000 149996 -3.84785
235000 45000 149998 -1.71015
235000 40000 149998 -1.6673
240000 40000 149999 -1.49098
235000 45000 149998 -1.71015
240000 45000 149997 -2.92353
230000 45000 149996 -3.84785
235000 45000 149998 -1.71015
230000 50000 149995 -5.00524
235000 50000 149999 -0.571204
235000 45000 149998 -1.71015
240000 45000 149997 -2.92353
235000 50000 149999 -0.571204
240000 50000 150002 1.91363
160000 50000 149998 -2.37284
165000 50000 149998 -1.50398
160000 55000 150005 4.95284
165000 55000 150001 1.34528
165000 50000 149998 -1.50398
170000 50000 150002 1.83929
165000 55000 150001 1.34528
170000 55000 149997 -2.79664
160000 55000 150005 4.95284
165000 55000 150001 1.34528
160000 60000 149996 -3.91105
165000 60000 150004 4.09628
165000 55000 150001 1.34528
170000 55000 149997 -2.79664
165000 60000 150004 4.09628
170000 60000 149998 -1.5943
170000 50000 150002 1.83929
175000 50000 149997 -2.52951
170000 55000 149997 -2.79664
175000 55000 149998 -1.97644
175000 50000 149997 -2.52951
180000 50000 150000 0.116276
175000 55000 149998 -1.97644
180000 55000 150000 -0.421681
170000 55000 149997 -2.79664
175000 55000 149998 -1.97644
170000 60000 149998 -1.5943
175000 60000 150005 4.89913
175000 55000 149998 -1.97644
180000 55000 150000 -0.421681
175000 60000 150005 4.89913
180000 60000 150001 0.809318
180000 50000 150000 0.116276
185000 50000 149997 -3.17854
180000 55000 150000 -0.421681
185000 55000 150001 0.624943
185000 50000 149997 -3.17854
190000 50000 149998 -1.65744
185000 55000 150001 0.624943
190000 55000 150002 2.17152
180000 55000 150000 -0.421681
185000 55000 150001 0.624943
180000 60000 150001 0.809318
185000 60000 149997 -2.8644
185000 55000 150001 0.624943
190000 55000 150002 2.17152
185000 60000 149997 -2.8644
190000 60000 149997 -3.12503
190000 50000 149998 -1.65744
195000 50000 150000 -0.268893
190000 55000 150002 2.17152
195000 55000 150000 0.078481
195000 50000 150000 -0.268893
200000 50000 150003 2.86479
195000 55000 150000 0.078481
200000 55000 149999 -0.805518
190000 55000 150002 2.17152
195000 55000 150000 0.078481
190000 60000 149997 -3.12503
195000 60000 149998 -1.92735
195000 55000 150000 0.078481
200000 55000 149999 -0.805518
195000 60000 149998 -1.92735
200000 60000 150000 -0.34127
200000 50000 150003 2.86479
205000 50000 150003 2.56595
200000 55000 149999 -0.805518
205000 55000 149997 -2.83795
205000 50000 150003 2.56595
210000 50000 150002 2.42834
205000 55000 149997 -2.83795
210000 55000 149997 -3.18607
200000 55000 149999 -0.805518
205000 55000 149997 -2.83795
200000 60000 150000 -0.34127
205000 60000 150004 4.47626
205000 55000 149997 -2.83795
210000 55000 149997 -3.18607
205000 60000 150004 4.47626
210000 60000 150001 1.48985
210000 50000 150002 2.42834
215000 50000 149999 -1.46118
210000 55000 149997 -3.18607
215000 55000 150000 -0.372919
215000 50000 149999 -1.46118
220000 50000 149996 -3.62519
215000 55000 150000 -0.372919
220000 55000 149998 -2.47631
210000 55000 149997 -3.18607
215000 55000 150000 -0.372919
210000 60000 150001 1.48985
215000 60000 150002 1.70352
215000 55000 150000 -0.372919
220000 55000 149998 -2.47631
215000 60000 150002 1.70352
220000 60000 149997 -2.82784
220000 50000 149996 -3.62519
225000 50000 150002 2.42243
220000 55000 149998 -2.47631
225000 55000 149996 -4.43467
225000 50000 150002 2.42243
230000 50000 149995 -5.00524
225000 55000 149996 -4.43467
230000 55000 150001 0.714886
220000 55000 149998 -2.47631
225000 55000 149996 -4.43467
220000 60000 149997 -2.82784
225000 60000 149999 -0.895443
225000 55000 149996 -4.43467
230000 55000 150001 0.714886
225000 60000 149999 -0.895443
230000 60000 149997 -3.2214
230000 50000 149995 -5.00524
235000 50000 149999 -0.571204
230000 55000 150001 0.714886
235000 55000 150000 0.177595
235000 50000 149999 -0.571204
240000 50000 150002 1.91363
235000 55000 150000 0.177595
240000 55000 150000 0.1428
230000 55000 150001 0.714886
235000 55000 150000 0.177595
230000 60000 149997 -3.2214
235000 60000 149997 -2.96753
235000 55000 150000 0.177595
240000 55000 150000 0.1428
235000 60000 149997 -2.96753
240000 60000 149999 -1.23412
160000 60000 149996 -3.91105
165000 60000 150004 4.09628
160000 65000 150002 1.75284
165000 65000 149998 -2.36347
165000 60000 150004 4.09628
170000 60000 149998 -1.5943
165000 65000 149998 -2.36347
170000 65000 150000 0.203381
160000 65000 150002 1.75284
165000 65000 149998 -2.36347
160000 70000 150002 1.85818
165000 70000 150000 0.232204
165000 65000 149998 -2.36347
170000 65000 150000 0.203381
165000 70000 150000 0.232204
170000 70000 150004 3.80389
170000 60000 149998 -1.5943
175000 60000 150005 4.89913
170000 65000 150000 0.203381
175000 65000 150004 4.17257
175000 60000 150005 4.89913
180000 60000 150001 0.809318
175000 65000 150004 4.17257
180000 65000 150000 0.334657
170000 65000 150000 0.203381
175000 65000 150004 4.17257
170000 70000 150004 3.80389
175000 70000 150000 -0.455066
175000 65000 150004 4.17257
180000 65000 150000 0.334657
175000 70000 150000 -0.455066
180000 70000 149997 -3.19674
180000 60000 150001 0.809318
185000 60000 149997 -2.8644
180000 65000 150000 0.334657
185000 65000 149997 -2.96513
185000 60000 149997 -2.8644
190000 60000 149997 -3.12503
185000 65000 149997 -2.96513
190000 65000 150001 1.22245
180000 65000 150000 0.334657
185000 65000 149997 -2.96513
180000 70000 149997 -3.19674
185000 70000 149997 -2.65631
185000 65000 149997 -2.96513
190000 65000 150001 1.22245
185000 70000 149997 -2.65631
190000 70000 150001 0.936759
190000 60000 149997 -3.12503
195000 60000 149998 -1.92735
190000 65000 150001 1.22245
195000 65000 149997 -2.71591
195000 60000 149998 -1.92735
200000 60000 150000 -0.34127
195000 65000 149997 -2.71591
200000 65000 150003 3.47687
190000 65000 150001 1.22245
195000 65000 149997 -2.71591
190000 70000 150001 0.936759
195000 70000 150004 4.34987
195000 65000 149997 -2.71591
200000 65000 150003 3.47687
195000 70000 150004 4.34987
200000 70000 149999 -1.2458
160000 70000 150002 1.85818
165000 70000 150000 0.232204
160000 75000 149996 -4.03677
165000 75000 150003 3.45356
165000 70000 150000 0.232204
170000 70000 150004 3.80389
165000 75000 150003 3.45356
170000 75000 149996 -3.51234
160000 75000 149996 -4.03677
165000 75000 150003 3.45356
160000 80000 150000 0.429513
165000 80000 149999 -1.08625
165000 75000 150003 3.45356
170000 75000 149996 -3.51234
165000 80000 149999 -1.08625
170000 80000 149999 -1.03223
170000 70000 150004 3.80389
175000 70000 150000 -0.455066
170000 75000 149996 -3.51234
175000 75000 149996 -3.616
175000 70000 150000 -0.455066
180000 70000 149997 -3.19674
175000 75000 149996 -3.616
180000 75000 149999 -0.790944
170000 75000 149996 -3.51234
175000 75000 149996 -3.616
170000 80000 149999 -1.03223
175000 80000 150005 5.31495
175000 75000 149996 -3.616
180000 75000 149999 -0.790944
175000 80000 150005 5.31495
180000 80000 150001 0.706487
180000 70000 149997 -3.19674
185000 70000 149997 -2.65631
180000 75000 149999 -0.790944
185000 75000 150004 3.63109
185000 70000 149997 -2.65631
190000 70000 150001 0.936759
185000 75000 150004 3.63109
190000 75000 150004 4.35382
180000 75000 149999 -0.790944
185000 75000 150004 3.63109
180000 80000 150001 0.706487
185000 80000 150000 0.196414
185000 75000 150004 3.63109
190000 75000 150004 4.35382
185000 80000 150000 0.196414
190000 80000 150004 4.45735
190000 70000 150001 0.936759
195000 70000 150004 4.34987
190000 75000 150004 4.35382
195000 75000 149999 -1.361
195000 70000 150004 4.34987
200000 70000 149999 -1.2458
195000 75000 149999 -1.361
200000 75000 149996 -3.85894
190000 75000 150004 4.35382
195000 75000 149999 -1.361
190000 80000 150004 4.45735
195000 80000 150004 3.69876
195000 75000 149999 -1.361
200000 75000 149996 -3.85894
195000 80000 150004 3.69876
200000 80000 150005 5.21784
110000 80000 150003 3.40341
115000 80000 149998 -1.72007
110000 85000 149998 -2.36071
115000 85000 149998 -2.22502
115000 80000 149998 -1.72007
120000 80000 150001 0.510089
115000 85000 149998 -2.22502
120000 85000 150003 3.3175
110000 85000 149998 -2.36071
115000 85000 149998 -2.22502
110000 90000 149998 -2.1016
115000 90000 149997 -3.2088
115000 85000 149998 -2.22502
120000 85000 150003 3.3175
115000 90000 149997 -3.2088
120000 90000 149997 -3.47403
120000 80000 150001 0.510089
125000 80000 150002 2.02412
120000 85000 150003 3.3175
125000 85000 149998 -1.82275
125000 80000 150002 2.02412
130000 80000 149997 -3.12541
125000 85000 149998 -1.82275
130000 85000 150004 3.54933
120000 85000 150003 3.3175
125000 85000 149998 -1.82275
120000 90000 149997 -3.47403
125000 90000 149998 -2.17253
125000 85000 149998 -1.82275
130000 85000 150004 3.54933
125000 90000 149998 -2.17253
130000 90000 150001 0.53433
130000 80000 149997 -3.12541
135000 80000 150000 -0.353201
130000 85000 150004 3.54933
135000 85000 150004 4.44009
135000 80000 150000 -0.353201
140000 80000 150001 1.44474
135000 85000 150004 4.44009
140000 85000 150001 1.49459
130000 85000 150004 3.54933
135000 85000 150004 4.44009
130000 90000 150001 0.53433
135000 90000 150000 0.279975
135000 85000 150004 4.44009
140000 85000 150001 1.49459
135000 90000 150000 0.279975
140000 90000 149997 -2.82403
140000 80000 150001 1.44474
145000 80000 150002 2.1124
140000 85000 150001 1.49459
145000 85000 149998 -1.69347
145000 80000 150002 2.1124
150000 80000 149997 -3.33244
145000 85000 149998 -1.69347
150000 85000 149998 -1.86928
140000 85000 150001 1.49459
145000 85000 149998 -1.69347
140000 90000 149997 -2.82403
145000 90000 149998 -1.63637
145000 85000 149998 -1.69347
150000 85000 149998 -1.86928
145000 90000 149998 -1.63637
150000 90000 150001 0.512316
150000 80000 149997 -3.33244
155000 80000 149997 -3.36568
150000 85000 149998 -1.86928
155000 85000 149999 -1.45043
155000 80000 149997 -3.36568
160000 80000 150000 0.429513
155000 85000 149999 -1.45043
160000 85000 150001 1.3812
150000 85000 149998 -1.86928
155000 85000 149999 -1.45043
150000 90000 150001 0.512316
155000 90000 150000 -0.484402
155000 85000 149999 -1.45043
160000 85000 150001 1.3812
155000 90000 150000 -0.484402
160000 90000 150003 3.46809
100000 90000 150002 2.2325
105000 90000 149998 -2.01108
100000 95000 149999 -0.922558
105000 95000 149997 -2.73303
105000 90000 149998 -2.01108
110000 90000 149998 -2.1016
105000 95000 149997 -2.73303
110000 95000 150003 3.4141
100000 95000 149999 -0.922558
105000 95000 149997 -2.73303
100000 100000 150001 1.36673
105000 100000 150002 2.01921
105000 95000 149997 -2.73303
110000 95000 150003 3.4141
105000 100000 150002 2.01921
110000 100000 149999 -1.42078
110000 90000 149998 -2.1016
115000 90000 149997 -3.2088
110000 95000 150003 3.4141
115000 95000 149996 -3.68426
115000 90000 149997 -3.2088
120000 90000 149997 -3.47403
115000 95000 149996 -3.68426
120000 95000 149997 -2.77005
110000 95000 150003 3.4141
115000 95000 149996 -3.68426
110000 100000 149999 -1.42078
115000 100000 150004 4.44012
115000 95000 149996 -3.68426
120000 95000 149997 -2.77005
115000 100000 150004 4.44012
120000 100000 149998 -2.26819
120000 90000 149997 -3.47403
125000 90000 149998 -2.17253
120000 95000 149997 -2.77005
125000 95000 149999 -0.620719
125000 90000 149998 -2.17253
130000 90000 150001 0.53433
125000 95000 149999 -0.620719
130000 95000 150001 0.86264
120000 95000 149997 -2.77005
125000 95000 149999 -0.620719
120000 100000 149998 -2.26819
125000 100000 149998 -1.99939
125000 95000 149999 -0.620719
130000 95000 150001 0.86264
125000 100000 149998 -1.99939
130000 100000 150001 0.846639
130000 90000 150001 0.53433
135000 90000 150000 0.279975
130000 95000 150001 0.86264
135000 95000 149997 -3.33106
135000 90000 150000 0.279975
140000 90000 149997 -2.82403
135000 95000 149997 -3.33106
140000 95000 150004 3.82379
130000 95000 150001 0.86264
135000 95000 149997 -3.33106
130000 100000 150001 0.846639
135000 100000 149997 -3.05914
135000 95000 149997 -3.33106
140000 95000 150004 3.82379
135000 100000 149997 -3.05914
140000 100000 149998 -1.52497
140000 90000 149997 -2.82403
145000 90000 149998 -1.63637
140000 95000 150004 3.82379
145000 95000 150004 3.9818
145000 90000 149998 -1.63637
150000 90000 150001 0.512316
145000 95000 150004 3.9818
150000 95000 149997 -3.4894
140000 95000 150004 3.82379
145000 95000 150004 3.9818
140000 100000 149998 -1.52497
145000 100000 149997 -2.63727
145000 95000 150004 3.9818
150000 95000 149997 -3.4894
145000 100000 149997 -2.63727
150000 100000 150003 2.99441
150000 90000 150001 0.512316
155000 90000 150000 -0.484402
150000 95000 149997 -3.4894
155000 95000 149996 -4.02945
155000 90000 150000 -0.484402
160000 90000 150003 3.46809
155000 95000 149996 -4.02945
160000 95000 150004 3.97707
150000 95000 149997 -3.4894
155000 95000 149996 -4.02945
150000 100000 150003 2.99441
155000 100000 149998 -1.75387
155000 95000 149996 -4.02945
160000 95000 150004 3.97707
155000 100000 149998 -1.75387
160000 100000 149999 -1.43196
80000 100000 149998 -1.70297
85000 100000 150001 1.41173
80000 105000 150005 4.70085
85000 105000 149997 -3.28599
85000 100000 150001 1.41173
90000 100000 150000 -0.474393
85000 105000 149997 -3.28599
90000 105000 150000 -0.192064
80000 105000 150005 4.70085
85000 105000 149997 -3.28599
80000 110000 150004 3.63905
85000 110000 149997 -2.86255
85000 105000 149997 -3.28599
90000 105000 150000 -0.192064
85000 110000 149997 -2.86255
90000 110000 150004 3.73245
90000 100000 150000 -0.474393
95000 100000 150001 1.37625
90000 105000 150000 -0.192064
95000 105000 150001 0.586963
95000 100000 150001 1.37625
100000 100000 150001 1.36673
95000 105000 150001 0.586963
100000 105000 149998 -1.87063
90000 105000 150000 -0.192064
95000 105000 150001 0.586963
90000 110000 150004 3.73245
95000 110000 150005 4.91815
95000 105000 150001 0.586963
100000 105000 149998 -1.87063
95000 110000 150005 4.91815
100000 110000 149997 -2.69386
100000 100000 150001 1.36673
105000 100000 150002 2.01921
100000 105000 149998 -1.87063
105000 105000 149997 -3.02853
105000 100000 150002 2.01921
110000 100000 149999 -1.42078
105000 105000 149997 -3.02853
110000 105000 149996 -3.70707
100000 105000 149998 -1.87063
105000 105000 149997 -3.02853
100000 110000 149997 -2.69386
105000 110000 150005 4.92241
105000 105000 149997 -3.02853
110000 105000 149996 -3.70707
105000 110000 150005 4.92241
110000 110000 150004 4.48456
110000 100000 149999 -1.42078
115000 100000 150004 4.44012
110000 105000 149996 -3.70707
115000 105000 149999 -1.32833
115000 100000 150004 4.44012
120000 100000 149998 -2.26819
115000 105000 149999 -1.32833
120000 105000 150000 0.347361
110000 105000 149996 -3.70707
115000 105000 149999 -1.32833
110000 110000 150004 4.48456
115000 110000 149998 -1.85702
115000 105000 149999 -1.32833
120000 105000 150000 0.347361
115000 110000 149998 -1.85702
120000 110000 150000 0.0397903
120000 100000 149998 -2.26819
125000 100000 149998 -1.99939
120000 105000 150000 0.347361
125000 105000 149999 -0.574618
125000 100000 149998 -1.99939
130000 100000 150001 0.846639
125000 105000 149999 -0.574618
130000 105000 150005 4.83663
120000 105000 150000 0.347361
125000 105000 149999 -0.574618
120000 110000 150000 0.0397903
125000 110000 150000 -0.0995974
125000 105000 149999 -0.574618
130000 105000 150005 4.83663
125000 110000 150000 -0.0995974
130000 110000 149999 -0.720146
130000 100000 150001 0.846639
135000 100000 149997 -3.05914
130000 105000 150005 4.83663
135000 105000 150000 0.38885
135000 100000 149997 -3.05914
140000 100000 149998 -1.52497
135000 105000 150000 0.38885
140000 105000 149998 -1.7968
130000 105000 150005 4.83663
135000 105000 150000 0.38885
130000 110000 149999 -0.720146
135000 110000 150005 5.1152
135000 105000 150000 0.38885
140000 105000 149998 -1.7968
135000 110000 150005 5.1152
140000 110000 150002 1.7789
140000 100000 149998 -1.52497
145000 100000 149997 -2.63727
140000 105000 149998 -1.7968
145000 105000 149996 -3.93025
145000 100000 149997 -2.63727
150000 100000 150003 2.99441
145000 105000 149996 -3.93025
150000 105000 149997 -2.90776
140000 105000 149998 -1.7968
145000 105000 149996 -3.93025
140000 110000 150002 1.7789
145000 110000 150001 1.27078
145000 105000 149996 -3.93025
150000 105000 149997 -2.90776
145000 110000 150001 1.27078
150000 110000 149996 -3.71955
150000 100000 150003 2.99441
155000 100000 149998 -1.75387
150000 105000 149997 -2.90776
155000 105000 149997 -3.32957
155000 100000 149998 -1.75387
160000 100000 149999 -1.43196
155000 105000 149997 -3.32957
160000 105000 149999 -1.22604
150000 105000 149997 -2.90776
155000 105000 149997 -3.32957
150000 110000 149996 -3.71955
155000 110000 150001 1.27103
155000 105000 149997 -3.32957
160000 105000 149999 -1.22604
155000 110000 150001 1.27103
160000 110000 150005 4.85549
80000 110000 150004 3.63905
85000 110000 149997 -2.86255
80000 115000 149999 -1.49519
85000 115000 150003 3.26241
85000 110000 149997 -2.86255
90000 110000 150004 3.73245
85000 115000 150003 3.26241
90000 115000 149999 -0.715169
80000 115000 149999 -1.49519
85000 115000 150003 3.26241
80000 120000 149999 -1.05216
85000 120000 150002 2.18083
85000 115000 150003 3.26241
90000 115000 149999 -0.715169
85000 120000 150002 2.18083
90000 120000 149996 -4.14478
90000 110000 150004 3.73245
95000 110000 150005 4.91815
90000 115000 149999 -0.715169
95000 115000 149999 -1.07993
95000 110000 150005 4.91815
100000 110000 149997 -2.69386
95000 115000 149999 -1.07993
100000 115000 150000 0.428334
90000 115000 149999 -0.715169
95000 115000 149999 -1.07993
90000 120000 149996 -4.14478
95000 120000 149998 -2.44366
95000 115000 149999 -1.07993
100000 115000 150000 0.428334
95000 120000 149998 -2.44366
100000 120000 149998 -1.72243
100000 110000 149997 -2.69386
105000 110000 150005 4.92241
100000 115000 150000 0.428334
105000 115000 150002 1.56678
105000 110000 150005 4.92241
110000 110000 150004 4.48456
105000 115000 150002 1.56678
110000 115000 150002 2.3869
100000 115000 150000 0.428334
105000 115000 150002 1.56678
100000 120000 149998 -1.72243
105000 120000 149998 -1.90154
105000 115000 150002 1.56678
110000 115000 150002 2.3869
105000 120000 149998 -1.90154
110000 120000 150005 5.0197
110000 110000 150004 4.48456
115000 110000 149998 -1.85702
110000 115000 150002 2.3869
115000 115000 150003 3.36659
115000 110000 149998 -1.85702
120000 110000 150000 0.0397903
115000 115000 150003 3.36659
120000 115000 150005 4.52397
110000 115000 150002 2.3869
115000 115000 150003 3.36659
110000 120000 150005 5.0197
115000 120000 149996 -3.50126
115000 115000 150003 3.36659
120000 115000 150005 4.52397
115000 120000 149996 -3.50126
120000 120000 150005 4.58926
120000 110000 150000 0.0397903
125000 110000 150000 -0.0995974
120000 115000 150005 4.52397
125000 115000 150000 0.306582
125000 110000 150000 -0.0995974
130000 110000 149999 -0.720146
125000 115000 150000 0.306582
130000 115000 150000 0.273647
120000 115000 150005 4.52397
125000 115000 150000 0.306582
120000 120000 150005 4.58926
125000 120000 150003 2.87092
125000 115000 150000 0.306582
130000 115000 150000 0.273647
125000 120000 150003 2.87092
130000 120000 149999 -1.04346
130000 110000 149999 -0.720146
135000 110000 150005 5.1152
130000 115000 150000 0.273647
135000 115000 150003 2.83124
135000 110000 150005 5.1152
140000 110000 150002 1.7789
135000 115000 150003 2.83124
140000 115000 149999 -0.696488
130000 115000 150000 0.273647
135000 115000 150003 2.83124
130000 120000 149999 -1.04346
135000 120000 150000 -0.202983
135000 115000 150003 2.83124
140000 115000 149999 -0.696488
135000 120000 150000 -0.202983
140000 120000 150001 1.3152
140000 110000 150002 1.7789
145000 110000 150001 1.27078
140000 115000 149999 -0.696488
145000 115000 149997 -2.63003
145000 110000 150001 1.27078
150000 110000 149996 -3.71955
145000 115000 149997 -2.63003
150000 115000 149998 -2.46642
140000 115000 149999 -0.696488
145000 115000 149997 -2.63003
140000 120000 150001 1.3152
145000 120000 149996 -3.54488
145000 115000 149997 -2.63003
150000 115000 149998 -2.46642
145000 120000 149996 -3.54488
150000 120000 150001 0.810435
150000 110000 149996 -3.71955
155000 110000 150001 1.27103
150000 115000 149998 -2.46642
155000 115000 149996 -4.02293
155000 110000 150001 1.27103
160000 110000 150005 4.85549
155000 115000 149996 -4.02293
160000 115000 150000 0.419576
150000 115000 149998 -2.46642
155000 115000 149996 -4.02293
150000 120000 150001 0.810435
155000 120000 150003 2.82529
155000 115000 149996 -4.02293
160000 115000 150000 0.419576
155000 120000 150003 2.82529
160000 120000 150004 4.41715
240000 0 150003 3.48928
245000 0 149995 -5.01495
240000 5000 150000 0.427827
245000 5000 149999 -1.16683
245000 0 149995 -5.01495
250000 0 150000 -0.131293
245000 5000 149999 -1.16683
250000 5000 149998 -1.85145
240000 5000 150000 0.427827
245000 5000 149999 -1.16683
240000 10000 149997 -2.61589
245000 10000 149996 -3.60084
245000 5000 149999 -1.16683
250000 5000 149998 -1.85145
245000 10000 149996 -3.60084
250000 10000 149999 -1.20159
250000 0 150000 -0.131293
255000 0 149995 -5.14445
250000 5000 149998 -1.85145
255000 5000 150001 1.30994
255000 0 149995 -5.14445
260000 0 150001 0.619582
255000 5000 150001 1.30994
260000 5000 149999 -0.81191
250000 5000 149998 -1.85145
255000 5000 150001 1.30994
250000 10000 149999 -1.20159
255000 10000 149996 -3.50956
255000 5000 150001 1.30994
260000 5000 149999 -0.81191
255000 10000 149996 -3.50956
260000 10000 150004 3.5077
260000 0 150001 0.619582
265000 0 149995 -4.71852
260000 5000 149999 -0.81191
265000 5000 150000 -0.0958496
265000 0 149995 -4.71852
270000 0 150002 2.0404
265000 5000 150000 -0.0958496
270000 5000 149999 -0.514876
260000 5000 149999 -0.81191
265000 5000 150000 -0.0958496
260000 10000 150004 3.5077
265000 10000 149999 -0.631072
265000 5000 150000 -0.0958496
270000 5000 149999 -0.514876
265000 10000 149999 -0.631072
270000 10000 149997 -2.88461
270000 0 150002 2.0404
275000 0 149995 -4.56162
270000 5000 149999 -0.514876
275000 5000 150003 3.20981
275000 0 149995 -4.56162
280000 0 149997 -2.55283
275000 5000 150003 3.20981
280000 5000 149996 -4.1978
270000 5000 149999 -0.514876
275000 5000 150003 3.20981
270000 10000 149997 -2.88461
275000 10000 149999 -1.48863
275000 5000 150003 3.20981
280000 5000 149996 -4.1978
275000 10000 149999 -1.48863
280000 10000 150000 0.495773
280000 0 149997 -2.55283
285000 0 150001 0.78319
280000 5000 149996 -4.1978
285000 5000 149999 -1.1512
285000 0 150001 0.78319
290000 0 150003 2.97659
285000 5000 149999 -1.1512
290000 5000 150004 4.08107
280000 5000 149996 -4.1978
285000 5000 149999 -1.1512
280000 10000 150000 0.495773
285000 10000 150000 0.49672
285000 5000 149999 -1.1512
290000 5000 150004 4.08107
285000 10000 150000 0.49672
290000 10000 149998 -1.6686
290000 0 150003 2.97659
295000 0 150000 -0.0883372
290000 5000 150004 4.08107
295000 5000 150000 -0.491815
295000 0 150000 -0.0883372
300000 0 149996 -4.38486
295000 5000 150000 -0.491815
300000 5000 149997 -3.21232
290000 5000 150004 4.08107
295000 5000 150000 -0.491815
290000 10000 149998 -1.6686
295000 10000 150001 1.08562
295000 5000 150000 -0.491815
300000 5000 149997 -3.21232
295000 10000 150001 1.08562
300000 10000 150001 1.41342
240000 10000 149997 -2.61589
245000 10000 149996 -3.60084
240000 15000 149996 -4.21134
245000 15000 150002 2.43891
245000 10000 149996 -3.60084
250000 10000 149999 -1.20159
245000 15000 150002 2.43891
250000 15000 150002 2.17729
240000 15000 149996 -4.21134
245000 15000 150002 2.43891
240000 20000 149998 -1.76565
245000 20000 149995 -4.97481
245000 15000 150002 2.43891
250000 15000 150002 2.17729
245000 20000 149995 -4.97481
250000 20000 149997 -2.70583
250000 10000 149999 -1.20159
255000 10000 149996 -3.50956
250000 15000 150002 2.17729
255000 15000 150001 1.05636
255000 10000 149996 -3.50956
260000 10000 150004 3.5077
255000 15000 150001 1.05636
260000 15000 149998 -2.26813
250000 15000 150002 2.17729
255000 15000 150001 1.05636
250000 20000 149997 -2.70583
255000 20000 149999 -0.703483
255000 15000 150001 1.05636
260000 15000 149998 -2.26813
255000 20000 149999 -0.703483
260000 20000 150001 1.20697
260000 10000 150004 3.5077
265000 10000 149999 -0.631072
260000 15000 149998 -2.26813
265000 15000 150002 1.85317
265000 10000 149999 -0.631072
270000 10000 149997 -2.88461
265000 15000 150002 1.85317
270000 15000 149998 -2.37711
260000 15000 149998 -2.26813
265000 15000 150002 1.85317
260000 20000 150001 1.20697
265000 20000 149995 -4.95083
265000 15000 150002 1.85317
270000 15000 149998 -2.37711
265000 20000 149995 -4.95083
270000 20000 150001 1.27727
270000 10000 149997 -2.88461
275000 10000 149999 -1.48863
270000 15000 149998 -2.37711
275000 15000 150000 0.099543
275000 10000 149999 -1.48863
280000 10000 150000 0.495773
275000 15000 150000 0.099543
280000 15000 150001 0.703578
270000 15000 149998 -2.37711
275000 15000 150000 0.099543
270000 20000 150001 1.27727
275000 20000 149997 -2.57942
275000 15000 150000 0.099543
280000 15000 150001 0.703578
275000 20000 149997 -2.57942
280000 20000 149998 -1.97981
280000 10000 150000 0.495773
285000 10000 150000 0.49672
280000 15000 150001 0.703578
285000 15000 150000 -0.315076
285000 10000 150000 0.49672
290000 10000 149998 -1.6686
285000 15000 150000 -0.315076
290000 15000 149996 -4.43598
280000 15000 150001 0.703578
285000 15000 150000 -0.315076
280000 20000 149998 -1.97981
285000 20000 149998 -2.49726
285000 15000 150000 -0.315076
290000 15000 149996 -4.43598
285000 20000 149998 -2.49726
290000 20000 149999 -0.735475
290000 10000 149998 -1.6686
295000 10000 150001 1.08562
290000 15000 149996 -4.43598
295000 15000 149998 -2.41008
295000 10000 150001 1.08562
300000 10000 150001 1.41342
295000 15000 149998 -2.41008
300000 15000 150000 0.273593
290000 15000 149996 -4.43598
295000 15000 149998 -2.41008
290000 20000 149999 -0.735475
295000 20000 149998 -1.74413
295000 15000 149998 -2.41008
300000 15000 150000 0.273593
295000 20000 149998 -1.74413
300000 20000 149997 -3.47658
240000 20000 149998 -1.76565
245000 20000 149995 -4.97481
240000 25000 150003 2.76342
245000 25000 150000 0.389386
245000 20000 149995 -4.97481
250000 20000 149997 -2.70583
245000 25000 150000 0.389386
250000 25000 149996 -4.02531
240000 25000 150003 2.76342
245000 25000 150000 0.389386
240000 30000 149999 -0.711226
245000 30000 149995 -4.88392
245000 25000 150000 0.389386
250000 25000 149996 -4.02531
245000 30000 149995 -4.88392
250000 30000 150001 1.38012
250000 20000 149997 -2.70583
255000 20000 149999 -0.703483
250000 25000 149996 -4.02531
255000 25000 150001 0.914546
255000 20000 149999 -0.703483
260000 20000 150001 1.20697
255000 25000 150001 0.914546
260000 25000 149998 -1.95238
250000 25000 149996 -4.02531
255000 25000 150001 0.914546
250000 30000 150001 1.38012
255000 30000 150001 0.739078
255000 25000 150001 0.914546
260000 25000 149998 -1.95238
255000 30000 150001 0.739078
260000 30000 149999 -1.20972
260000 20000 150001 1.20697
265000 20000 149995 -4.95083
260000 25000 149998 -1.95238
265000 25000 149997 -3.00577
265000 20000 149995 -4.95083
270000 20000 150001 1.27727
265000 25000 149997 -3.00577
270000 25000 149995 -4.63408
260000 25000 149998 -1.95238
265000 25000 149997 -3.00577
260000 30000 149999 -1.20972
265000 30000 150003 2.85509
265000 25000 149997 -3.00577
270000 25000 149995 -4.63408
265000 30000 150003 2.85509
270000 30000 150001 0.864824
270000 20000 150001 1.27727
275000 20000 149997 -2.57942
270000 25000 149995 -4.63408
275000 25000 150000 0.0425766
275000 20000 149997 -2.57942
280000 20000 149998 -1.97981
275000 25000 150000 0.0425766
280000 25000 150002 2.37478
270000 25000 149995 -4.63408
275000 25000 150000 0.0425766
270000 30000 150001 0.864824
275000 30000 150001 1.11113
275000 25000 150000 0.0425766
280000 25000 150002 2.37478
275000 30000 150001 1.11113
280000 30000 150002 2.19437
280000 20000 149998 -1.97981
285000 20000 149998 -2.49726
280000 25000 150002 2.37478
285000 25000 149996 -3.69219
285000 20000 149998 -2.49726
290000 20000 149999 -0.735475
285000 25000 149996 -3.69219
290000 25000 149998 -1.782
280000 25000 150002 2.37478
285000 25000 149996 -3.69219
280000 30000 150002 2.19437
285000 30000 149996 -3.67244
285000 25000 149996 -3.69219
290000 25000 149998 -1.782
285000 30000 149996 -3.67244
290000 30000 150001 1.21986
290000 20000 149999 -0.735475
295000 20000 149998 -1.74413
290000 25000 149998 -1.782
295000 25000 149997 -3.18185
295000 20000 149998 -1.74413
300000 20000 149997 -3.47658
295000 25000 149997 -3.18185
300000 25000 149997 -2.57337
290000 25000 149998 -1.782
295000 25000 149997 -3.18185
290000 30000 150001 1.21986
295000 30000 149997 -3.07696
295000 25000 149997 -3.18185
300000 25000 149997 -2.57337
295000 30000 149997 -3.07696
300000 30000 149998 -2.1017
240000 30000 149999 -0.711226
245000 30000 149995 -4.88392
240000 35000 149996 -4.41195
245000 35000 149998 -1.84153
245000 30000 149995 -4.88392
250000 30000 150001 1.38012
245000 35000 149998 -1.84153
250000 35000 150001 0.906394
240000 35000 149996 -4.41195
245000 35000 149998 -1.84153
240000 40000 149999 -1.49098
245000 40000 149997 -3.10893
245000 35000 149998 -1.84153
250000 35000 150001 0.906394
245000 40000 149997 -3.10893
250000 40000 150001 0.971689
250000 30000 150001 1.38012
255000 30000 150001 0.739078
250000 35000 150001 0.906394
255000 35000 150001 1.322
255000 30000 150001 0.739078
260000 30000 149999 -1.20972
255000 35000 150001 1.322
260000 35000 149997 -2.8109
250000 35000 150001 0.906394
255000 35000 150001 1.322
250000 40000 150001 0.971689
255000 40000 150000 0.0423316
255000 35000 150001 1.322
260000 35000 149997 -2.8109
255000 40000 150000 0.0423316
260000 40000 150001 1.39741
260000 30000 149999 -1.20972
265000 30000 150003 2.85509
260000 35000 149997 -2.8109
265000 35000 150000 0.179164
265000 30000 150003 2.85509
270000 30000 150001 0.864824
265000 35000 150000 0.179164
270000 35000 149998 -1.93964
260000 35000 149997 -2.8109
265000 35000 150000 0.179164
260000 40000 150001 1.39741
265000 40000 150000 0.118807
265000 35000 150000 0.179164
270000 35000 149998 -1.93964
265000 40000 150000 0.118807
270000 40000 149999 -0.853706
270000 30000 150001 0.864824
275000 30000 150001 1.11113
270000 35000 149998 -1.93964
275000 35000 150001 1.26814
275000 30000 150001 1.11113
280000 30000 150002 2.19437
275000 35000 150001 1.26814
280000 35000 150002 1.65748
270000 35000 149998 -1.93964
275000 35000 150001 1.26814
270000 40000 149999 -0.853706
275000 40000 150001 1.18007
275000 35000 150001 1.26814
280000 35000 150002 1.65748
275000 40000 150001 1.18007
280000 40000 149997 -2.87993
280000 30000 150002 2.19437
285000 30000 149996 -3.67244
280000 35000 150002 1.65748
285000 35000 150000 0.443306
285000 30000 149996 -3.67244
290000 30000 150001 1.21986
285000 35000 150000 0.443306
290000 35000 150002 1.71294
280000 35000 150002 1.65748
285000 35000 150000 0.443306
280000 40000 149997 -2.87993
285000 40000 150001 0.617026
285000 35000 150000 0.443306
290000 35000 150002 1.71294
285000 40000 150001 0.617026
290000 40000 150002 2.43433
290000 30000 150001 1.21986
295000 30000 149997 -3.07696
290000 35000 150002 1.71294
295000 35000 150003 2.87574
295000 30000 149997 -3.07696
300000 30000 149998 -2.1017
295000 35000 150003 2.87574
300000 35000 150003 2.8421
290000 35000 150002 1.71294
295000 35000 150003 2.87574
290000 40000 150002 2.43433
295000 40000 150000 -0.251338
295000 35000 150003 2.87574
300000 35000 150003 2.8421
295000 40000 150000 -0.251338
300000 40000 149997 -3.36785
240000 40000 149999 -1.49098
245000 40000 149997 -3.10893
240000 45000 149997 -2.92353
245000 45000 150000 0.051519
245000 40000 149997 -3.10893
250000 40000 150001 0.971689
245000 45000 150000 0.051519
250000 45000 149995 -4.78487
240000 45000 149997 -2.92353
245000 45000 150000 0.051519
240000 50000 150002 1.91363
245000 50000 149997 -3.3104
245000 45000 150000 0.051519
250000 45000 149995 -4.78487
245000 50000 149997 -3.3104
250000 50000 150002 2.45934
250000 40000 150001 0.971689
255000 40000 150000 0.0423316
250000 45000 149995 -4.78487
255000 45000 149996 -3.7882
255000 40000 150000 0.0423316
260000 40000 150001 1.39741
255000 45000 149996 -3.7882
260000 45000 149998 -1.67071
250000 45000 149995 -4.78487
255000 45000 149996 -3.7882
250000 50000 150002 2.45934
255000 50000 150002 2.27217
255000 45000 149996 -3.7882
260000 45000 149998 -1.67071
255000 50000 150002 2.27217
260000 50000 150002 1.7766
260000 40000 150001 1.39741
265000 40000 150000 0.118807
260000 45000 149998 -1.67071
265000 45000 149998 -2.10909
265000 40000 150000 0.118807
270000 40000 149999 -0.853706
265000 45000 149998 -2.10909
270000 45000 149998 -1.81243
260000 45000 149998 -1.67071
265000 45000 149998 -2.10909
260000 50000 150002 1.7766
265000 50000 150001 1.35602
265000 45000 149998 -2.10909
270000 45000 149998 -1.81243
265000 50000 150001 1.35602
270000 50000 150004 3.66501
270000 40000 149999 -0.853706
275000 40000 150001 1.18007
270000 45000 149998 -1.81243
275000 45000 150001 1.18923
275000 40000 150001 1.18007
280000 40000 149997 -2.87993
275000 45000 150001 1.18923
280000 45000 149997 -2.58389
270000 45000 149998 -1.81243
275000 45000 150001 1.18923
270000 50000 150004 3.66501
275000 50000 149999 -1.28893
275000 45000 150001 1.18923
280000 45000 149997 -2.58389
275000 50000 149999 -1.28893
280000 50000 150001 1.01211
280000 40000 149997 -2.87993
285000 40000 150001 0.617026
280000 45000 149997 -2.58389
285000 45000 149998 -1.66547
285000 40000 150001 0.617026
290000 40000 150002 2.43433
285000 45000 149998 -1.66547
290000 45000 149999 -0.681987
280000 45000 149997 -2.58389
285000 45000 149998 -1.66547
280000 50000 150001 1.01211
285000 50000 149997 -2.72788
285000 45000 149998 -1.66547
290000 45000 149999 -0.681987
285000 50000 149997 -2.72788
290000 50000 150004 3.52279
290000 40000 150002 2.43433
295000 40000 150000 -0.251338
290000 45000 149999 -0.681987
295000 45000 149995 -4.64679
295000 40000 150000 -0.251338
300000 40000 149997 -3.36785
295000 45000 149995 -4.64679
300000 45000 150004 3.68721
290000 45000 149999 -0.681987
295000 45000 149995 -4.64679
290000 50000 150004 3.52279
295000 50000 150002 2.00242
295000 45000 149995 -4.64679
300000 45000 150004 3.68721
295000 50000 150002 2.00242
300000 50000 149996 -4.37295
240000 50000 150002 1.91363
245000 50000 149997 -3.3104
240000 55000 150000 0.1428
245000 55000 150002 1.91544
245000 50000 149997 -3.3104
250000 50000 150002 2.45934
245000 55000 150002 1.91544
250000 55000 149997 -2.94059
240000 55000 150000 0.1428
245000 55000 150002 1.91544
240000 60000 149999 -1.23412
245000 60000 149995 -5.07601
245000 55000 150002 1.91544
250000 55000 149997 -2.94059
245000 60000 149995 -5.07601
250000 60000 150003 3.47363
250000 50000 150002 2.45934
255000 50000 150002 2.27217
250000 55000 149997 -2.94059
255000 55000 149999 -0.85313
255000 50000 150002 2.27217
260000 50000 150002 1.7766
255000 55000 149999 -0.85313
260000 55000 149995 -4.90932
250000 55000 149997 -2.94059
255000 55000 149999 -0.85313
250000 60000 150003 3.47363
255000 60000 150004 3.84307
255000 55000 149999 -0.85313
260000 55000 149995 -4.90932
255000 60000 150004 3.84307
260000 60000 150003 3.27309
260000 50000 150002 1.7766
265000 50000 150001 1.35602
260000 55000 149995 -4.90932
265000 55000 149998 -1.79139
265000 50000 150001 1.35602
270000 50000 150004 3.66501
265000 55000 149998 -1.79139
270000 55000 149999 -1.22175
260000 55000 149995 -4.90932
265000 55000 149998 -1.79139
260000 60000 150003 3.27309
265000 60000 150001 0.632533
265000 55000 149998 -1.79139
270000 55000 149999 -1.22175
265000 60000 150001 0.632533
270000 60000 149999 -1.16398
270000 50000 150004 3.66501
275000 50000 149999 -1.28893
270000 55000 149999 -1.22175
275000 55000 149997 -3.27865
275000 50000 149999 -1.28893
280000 50000 150001 1.01211
275000 55000 149997 -3.27865
280000 55000 149995 -4.73449
270000 55000 149999 -1.22175
275000 55000 149997 -3.27865
270000 60000 149999 -1.16398
275000 60000 150000 -0.303728
275000 55000 149997 -3.27865
280000 55000 149995 -4.73449
275000 60000 150000 -0.303728
280000 60000 150000 0.305321
280000 50000 150001 1.01211
285000 50000 149997 -2.72788
280000 55000 149995 -4.73449
285000 55000 150001 1.41477
285000 50000 149997 -2.72788
290000 50000 150004 3.52279
285000 55000 150001 1.41477
290000 55000 149999 -0.790082
280000 55000 149995 -4.73449
285000 55000 150001 1.41477
280000 60000 150000 0.305321
285000 60000 149998 -1.76106
285000 55000 150001 1.41477
290000 55000 149999 -0.790082
285000 60000 149998 -1.76106
290000 60000 150002 2.2736
290000 50000 150004 3.52279
295000 50000 150002 2.00242
290000 55000 149999 -0.790082
295000 55000 150004 4.00581
295000 50000 150002 2.00242
300000 50000 149996 -4.37295
295000 55000 150004 4.00581
300000 55000 150003 3.11158
290000 55000 149999 -0.790082
295000 55000 150004 4.00581
290000 60000 150002 2.2736
295000 60000 150002 2.0566
295000 55000 150004 4.00581
300000 55000 150003 3.11158
295000 60000 150002 2.0566
300000 60000 149999 -1.15597
200000 60000 150000 -0.34127
205000 60000 150004 4.47626
200000 65000 150003 3.47687
205000 65000 150005 4.65515
205000 60000 150004 4.47626
210000 60000 150001 1.48985
205000 65000 150005 4.65515
210000 65000 150002 1.56376
200000 65000 150003 3.47687
205000 65000 150005 4.65515
200000 70000 149999 -1.2458
205000 70000 149996 -4.09132
205000 65000 150005 4.65515
210000 65000 150002 1.56376
205000 70000 149996 -4.09132
210000 70000 150000 -0.0535618
210000 60000 150001 1.48985
215000 60000 150002 1.70352
210000 65000 150002 1.56376
215000 65000 150003 3.1604
215000 60000 150002 1.70352
220000 60000 149997 -2.82784
215000 65000 150003 3.1604
220000 65000 149998 -1.81563
210000 65000 150002 1.56376
215000 65000 150003 3.1604
210000 70000 150000 -0.0535618
215000 70000 149999 -0.88302
215000 65000 150003 3.1604
220000 65000 149998 -1.81563
215000 70000 149999 -0.88302
220000 70000 149998 -1.54771
220000 60000 149997 -2.82784
225000 60000 149999 -0.895443
220000 65000 149998 -1.81563
225000 65000 149995 -4.80463
225000 60000 149999 -0.895443
230000 60000 149997 -3.2214
225000 65000 149995 -4.80463
230000 65000 150004 3.98847
220000 65000 149998 -1.81563
225000 65000 149995 -4.80463
220000 70000 149998 -1.54771
225000 70000 150003 3.41329
225000 65000 149995 -4.80463
230000 65000 150004 3.98847
225000 70000 150003 3.41329
230000 70000 149996 -3.55647
230000 60000 149997 -3.2214
235000 60000 149997 -2.96753
230000 65000 150004 3.98847
235000 65000 150002 1.86108
235000 60000 149997 -2.96753
240000 60000 149999 -1.23412
235000 65000 150002 1.86108
240000 65000 150000 -0.442708
230000 65000 150004 3.98847
235000 65000 150002 1.86108
230000 70000 149996 -3.55647
235000 70000 150002 1.86336
235000 65000 150002 1.86108
240000 65000 150000 -0.442708
235000 70000 150002 1.86336
240000 70000 150003 3.28473
240000 60000 149999 -1.23412
245000 60000 149995 -5.07601
240000 65000 150000 -0.442708
245000 65000 150001 0.877709
245000 60000 149995 -5.07601
250000 60000 150003 3.47363
245000 65000 150001 0.877709
250000 65000 150002 2.12747
240000 65000 150000 -0.442708
245000 65000 150001 0.877709
240000 70000 150003 3.28473
245000 70000 149997 -2.96599
245000 65000 150001 0.877709
250000 65000 150002 2.12747
245000 70000 149997 -2.96599
250000 70000 150003 3.43324
250000 60000 150003 3.47363
255000 60000 150004 3.84307
250000 65000 150002 2.12747
255000 65000 149999 -0.778644
255000 60000 150004 3.84307
260000 60000 150003 3.27309
255000 65000 149999 -0.778644
260000 65000 149999 -0.901923
250000 65000 150002 2.12747
255000 65000 149999 -0.778644
250000 70000 150003 3.43324
255000 70000 149999 -1.26495
255000 65000 149999 -0.778644
260000 65000 149999 -0.901923
255000 70000 149999 -1.26495
260000 70000 150001 1.12078
260000 60000 150003 3.27309
265000 60000 150001 0.632533
260000 65000 149999 -0.901923
265000 65000 149999 -0.64581
265000 60000 150001 0.632533
270000 60000 149999 -1.16398
265000 65000 149999 -0.64581
270000 65000 149996 -4.47898
260000 65000 149999 -0.901923
265000 65000 149999 -0.64581
260000 70000 150001 1.12078
265000 70000 150004 3.52269
265000 65000 149999 -0.64581
270000 65000 149996 -4.47898
265000 70000 150004 3.52269
270000 70000 149999 -1.15674
270000 60000 149999 -1.16398
275000 60000 150000 -0.303728
270000 65000 149996 -4.47898
275000 65000 149998 -2.45267
275000 60000 150000 -0.303728
280000 60000 150000 0.305321
275000 65000 149998 -2.45267
280000 65000 150002 2.29472
270000 65000 149996 -4.47898
275000 65000 149998 -2.45267
270000 70000 149999 -1.15674
275000 70000 149997 -2.71532
275000 65000 149998 -2.45267
280000 65000 150002 2.29472
275000 70000 149997 -2.71532
280000 70000 149995 -4.81447
280000 60000 150000 0.305321
285000 60000 149998 -1.76106
280000 65000 150002 2.29472
285000 65000 149998 -2.48289
285000 60000 149998 -1.76106
290000 60000 150002 2.2736
285000 65000 149998 -2.48289
290000 65000 150001 1.3439
280000 65000 150002 2.29472
285000 65000 149998 -2.48289
280000 70000 149995 -4.81447
285000 70000 150003 2.80224
285000 65000 149998 -2.48289
290000 65000 150001 1.3439
285000 70000 150003 2.80224
290000 70000 149998 -2.35298
290000 60000 150002 2.2736
295000 60000 150002 2.0566
290000 65000 150001 1.3439
295000 65000 149997 -3.04816
295000 60000 150002 2.0566
300000 60000 149999 -1.15597
295000 65000 149997 -3.04816
300000 65000 150001 0.733576
290000 65000 150001 1.3439
295000 65000 149997 -3.04816
290000 70000 149998 -2.35298
295000 70000 150001 0.91618
295000 65000 149997 -3.04816
300000 65000 150001 0.733576
295000 70000 150001 0.91618
300000 70000 150001 1.1923
200000 70000 149999 -1.2458
205000 70000 149996 -4.09132
200000 75000 149996 -3.85894
205000 75000 150003 2.85111
205000 70000 149996 -4.09132
210000 70000 150000 -0.0535618
205000 75000 150003 2.85111
210000 75000 150003 3.02402
200000 75000 149996 -3.85894
205000 75000 150003 2.85111
200000 80000 150005 5.21784
205000 80000 150000 -0.369852
205000 75000 150003 2.85111
210000 75000 150003 3.02402
205000 80000 150000 -0.369852
210000 80000 150003 2.60829
210000 70000 150000 -0.0535618
215000 70000 149999 -0.88302
210000 75000 150003 3.02402
215000 75000 150001 1.23052
215000 70000 149999 -0.88302
220000 70000 149998 -1.54771
215000 75000 150001 1.23052
220000 75000 149999 -1.28284
210000 75000 150003 3.02402
215000 75000 150001 1.23052
210000 80000 150003 2.60829
215000 80000 149999 -0.780939
215000 75000 150001 1.23052
220000 75000 149999 -1.28284
215000 80000 149999 -0.780939
220000 80000 149999 -1.30715
220000 70000 149998 -1.54771
225000 70000 150003 3.41329
220000 75000 149999 -1.28284
225000 75000 149999 -1.27652
225000 70000 150003 3.41329
230000 70000 149996 -3.55647
225000 75000 149999 -1.27652
230000 75000 150002 1.76606
220000 75000 149999 -1.28284
225000 75000 149999 -1.27652
220000 80000 149999 -1.30715
225000 80000 150000 -0.470869
225000 75000 149999 -1.27652
230000 75000 150002 1.76606
225000 80000 150000 -0.470869
230000 80000 149997 -2.90687
230000 70000 149996 -3.55647
235000 70000 150002 1.86336
230000 75000 150002 1.76606
235000 75000 149998 -2.43647
235000 70000 150002 1.86336
240000 70000 150003 3.28473
235000 75000 149998 -2.43647
240000 75000 149997 -2.50442
230000 75000 150002 1.76606
235000 75000 149998 -2.43647
230000 80000 149997 -2.90687
235000 80000 149997 -2.5001
235000 75000 149998 -2.43647
240000 75000 149997 -2.50442
235000 80000 149997 -2.5001
240000 80000 150001 0.706006
240000 70000 150003 3.28473
245000 70000 149997 -2.96599
240000 75000 149997 -2.50442
245000 75000 149995 -5.21269
245000 70000 149997 -2.96599
250000 70000 150003 3.43324
245000 75000 149995 -5.21269
250000 75000 149996 -4.19059
240000 75000 149997 -2.50442
245000 75000 149995 -5.21269
240000 80000 150001 0.706006
245000 80000 149999 -1.11546
245000 75000 149995 -5.21269
250000 75000 149996 -4.19059
245000 80000 149999 -1.11546
250000 80000 150003 2.86529
250000 70000 150003 3.43324
255000 70000 149999 -1.26495
250000 75000 149996 -4.19059
255000 75000 149998 -1.73288
255000 70000 149999 -1.26495
260000 70000 150001 1.12078
255000 75000 149998 -1.73288
260000 75000 149996 -4.26916
250000 75000 149996 -4.19059
255000 75000 149998 -1.73288
250000 80000 150003 2.86529
255000 80000 150001 1.28337
255000 75000 149998 -1.73288
260000 75000 149996 -4.26916
255000 80000 150001 1.28337
260000 80000 149997 -3.32958
260000 70000 150001 1.12078
265000 70000 150004 3.52269
260000 75000 149996 -4.26916
265000 75000 149998 -2.24253
265000 70000 150004 3.52269
270000 70000 149999 -1.15674
265000 75000 149998 -2.24253
270000 75000 150003 2.9525
260000 75000 149996 -4.26916
265000 75000 149998 -2.24253
260000 80000 149997 -3.32958
265000 80000 149999 -1.11302
265000 75000 149998 -2.24253
270000 75000 150003 2.9525
265000 80000 149999 -1.11302
270000 80000 149997 -3.35643
270000 70000 149999 -1.15674
275000 70000 149997 -2.71532
270000 75000 150003 2.9525
275000 75000 149996 -4.00373
275000 70000 149997 -2.71532
280000 70000 149995 -4.81447
275000 75000 149996 -4.00373
280000 75000 150002 1.62586
270000 75000 150003 2.9525
275000 75000 149996 -4.00373
270000 80000 149997 -3.35643
275000 80000 150000 0.16222
275000 75000 149996 -4.00373
280000 75000 150002 1.62586
275000 80000 150000 0.16222
280000 80000 149995 -4.81185
280000 70000 149995 -4.81447
285000 70000 150003 2.80224
280000 75000 150002 1.62586
285000 75000 150000 -0.0120835
285000 70000 150003 2.80224
290000 70000 149998 -2.35298
285000 75000 150000 -0.0120835
290000 75000 150001 0.827176
280000 75000 150002 1.62586
285000 75000 150000 -0.0120835
280000 80000 149995 -4.81185
285000 80000 149995 -4.67248
285000 75000 150000 -0.0120835
290000 75000 150001 0.827176
285000 80000 149995 -4.67248
290000 80000 150002 2.44895
290000 70000 149998 -2.35298
295000 70000 150001 0.91618
290000 75000 150001 0.827176
295000 75000 150001 1.08607
295000 70000 150001 0.91618
300000 70000 150001 1.1923
295000 75000 150001 1.08607
300000 75000 150002 2.39182
290000 75000 150001 0.827176
295000 75000 150001 1.08607
290000 80000 150002 2.44895
295000 80000 150002 2.19573
295000 75000 150001 1.08607
300000 75000 150002 2.39182
295000 80000 150002 2.19573
300000 80000 150001 0.505533
160000 80000 150000 0.429513
165000 80000 149999 -1.08625
160000 85000 150001 1.3812
165000 85000 149994 -5.82507
165000 80000 149999 -1.08625
170000 80000 149999 -1.03223
165000 85000 149994 -5.82507
170000 85000 149999 -1.25725
160000 85000 150001 1.3812
165000 85000 149994 -5.82507
160000 90000 150003 3.46809
165000 90000 149997 -2.76466
165000 85000 149994 -5.82507
170000 85000 149999 -1.25725
165000 90000 149997 -2.76466
170000 90000 149996 -4.44086
170000 80000 149999 -1.03223
175000 80000 150005 5.31495
170000 85000 149999 -1.25725
175000 85000 150002 1.64117
175000 80000 150005 5.31495
180000 80000 150001 0.706487
175000 85000 150002 1.64117
180000 85000 150003 2.67892
170000 85000 149999 -1.25725
175000 85000 150002 1.64117
170000 90000 149996 -4.44086
175000 90000 149997 -3.08416
175000 85000 150002 1.64117
180000 85000 150003 2.67892
175000 90000 149997 -3.08416
180000 90000 150001 0.501058
180000 80000 150001 0.706487
185000 80000 150000 0.196414
180000 85000 150003 2.67892
185000 85000 150002 1.94906
185000 80000 150000 0.196414
190000 80000 150004 4.45735
185000 85000 150002 1.94906
190000 85000 149999 -0.522469
180000 85000 150003 2.67892
185000 85000 150002 1.94906
180000 90000 150001 0.501058
185000 90000 150006 5.56284
185000 85000 150002 1.94906
190000 85000 149999 -0.522469
185000 90000 150006 5.56284
190000 90000 150001 0.999831
190000 80000 150004 4.45735
195000 80000 150004 3.69876
190000 85000 149999 -0.522469
195000 85000 149999 -0.819244
195000 80000 150004 3.69876
200000 80000 150005 5.21784
195000 85000 149999 -0.819244
200000 85000 150001 1.09816
190000 85000 149999 -0.522469
195000 85000 149999 -0.819244
190000 90000 150001 0.999831
195000 90000 150000 -0.165669
195000 85000 149999 -0.819244
200000 85000 150001 1.09816
195000 90000 150000 -0.165669
200000 90000 150003 2.60306
200000 80000 150005 5.21784
205000 80000 150000 -0.369852
200000 85000 150001 1.09816
205000 85000 149999 -0.680418
205000 80000 150000 -0.369852
210000 80000 150003 2.60829
205000 85000 149999 -0.680418
210000 85000 150004 3.67047
200000 85000 150001 1.09816
205000 85000 149999 -0.680418
200000 90000 150003 2.60306
205000 90000 150001 0.970497
205000 85000 149999 -0.680418
210000 85000 150004 3.67047
205000 90000 150001 0.970497
210000 90000 149998 -1.59144
210000 80000 150003 2.60829
215000 80000 149999 -0.780939
210000 85000 150004 3.67047
215000 85000 150003 3.34837
215000 80000 149999 -0.780939
220000 80000 149999 -1.30715
215000 85000 150003 3.34837
220000 85000 149997 -3.02835
210000 85000 150004 3.67047
215000 85000 150003 3.34837
210000 90000 149998 -1.59144
215000 90000 149997 -3.268
215000 85000 150003 3.34837
220000 85000 149997 -3.02835
215000 90000 149997 -3.268
220000 90000 149996 -3.60243
220000 80000 149999 -1.30715
225000 80000 150000 -0.470869
220000 85000 149997 -3.02835
225000 85000 149997 -2.63183
225000 80000 150000 -0.470869
230000 80000 149997 -2.90687
225000 85000 149997 -2.63183
230000 85000 150003 2.79889
220000 85000 149997 -3.02835
225000 85000 149997 -2.63183
220000 90000 149996 -3.60243
225000 90000 150003 3.20552
225000 85000 149997 -2.63183
230000 85000 150003 2.79889
225000 90000 150003 3.20552
230000 90000 150001 0.759054
230000 80000 149997 -2.90687
235000 80000 149997 -2.5001
230000 85000 150003 2.79889
235000 85000 150002 1.93938
235000 80000 149997 -2.5001
240000 80000 150001 0.706006
235000 85000 150002 1.93938
240000 85000 150000 -0.239465
230000 85000 150003 2.79889
235000 85000 150002 1.93938
230000 90000 150001 0.759054
235000 90000 150000 -0.31688
235000 85000 150002 1.93938
240000 85000 150000 -0.239465
235000 90000 150000 -0.31688
240000 90000 149998 -2.11052
240000 80000 150001 0.706006
245000 80000 149999 -1.11546
240000 85000 150000 -0.239465
245000 85000 149999 -0.789333
245000 80000 149999 -1.11546
250000 80000 150003 2.86529
245000 85000 149999 -0.789333
250000 85000 150003 2.73864
240000 85000 150000 -0.239465
245000 85000 149999 -0.789333
240000 90000 149998 -2.11052
245000 90000 150000 -0.383542
245000 85000 149999 -0.789333
250000 85000 150003 2.73864
245000 90000 150000 -0.383542
250000 90000 149997 -3.10934
250000 80000 150003 2.86529
255000 80000 150001 1.28337
250000 85000 150003 2.73864
255000 85000 149998 -1.97956
255000 80000 150001 1.28337
260000 80000 149997 -3.32958
255000 85000 149998 -1.97956
260000 85000 149997 -3.33425
250000 85000 150003 2.73864
255000 85000 149998 -1.97956
250000 90000 149997 -3.10934
255000 90000 150000 0.148154
255000 85000 149998 -1.97956
260000 85000 149997 -3.33425
255000 90000 150000 0.148154
260000 90000 150003 3.2583
260000 80000 149997 -3.32958
265000 80000 149999 -1.11302
260000 85000 149997 -3.33425
265000 85000 149995 -5.3258
265000 80000 149999 -1.11302
270000 80000 149997 -3.35643
265000 85000 149995 -5.3258
270000 85000 150003 2.60997
260000 85000 149997 -3.33425
265000 85000 149995 -5.3258
260000 90000 150003 3.2583
265000 90000 150001 1.15359
265000 85000 149995 -5.3258
270000 85000 150003 2.60997
265000 90000 150001 1.15359
270000 90000 149999 -1.35312
270000 80000 149997 -3.35643
275000 80000 150000 0.16222
270000 85000 150003 2.60997
275000 85000 149996 -4.00463
275000 80000 150000 0.16222
280000 80000 149995 -4.81185
275000 85000 149996 -4.00463
280000 85000 150002 1.80261
270000 85000 150003 2.60997
275000 85000 149996 -4.00463
270000 90000 149999 -1.35312
275000 90000 150001 1.17647
275000 85000 149996 -4.00463
280000 85000 150002 1.80261
275000 90000 150001 1.17647
280000 90000 150002 1.8272
280000 80000 149995 -4.81185
285000 80000 149995 -4.67248
280000 85000 150002 1.80261
285000 85000 149996 -4.09606
285000 80000 149995 -4.67248
290000 80000 150002 2.44895
285000 85000 149996 -4.09606
290000 85000 149997 -3.3056
280000 85000 150002 1.80261
285000 85000 149996 -4.09606
280000 90000 150002 1.8272
285000 90000 150000 -0.308697
285000 85000 149996 -4.09606
290000 85000 149997 -3.3056
285000 90000 150000 -0.308697
290000 90000 149996 -4.1518
290000 80000 150002 2.44895
295000 80000 150002 2.19573
290000 85000 149997 -3.3056
295000 85000 149998 -2.44916
295000 80000 150002 2.19573
300000 80000 150001 0.505533
295000 85000 149998 -2.44916
300000 85000 149995 -5.07777
290000 85000 149997 -3.3056
295000 85000 149998 -2.44916
290000 90000 149996 -4.1518
295000 90000 149997 -3.47673
295000 85000 149998 -2.44916
300000 85000 149995 -5.07777
295000 90000 149997 -3.47673
300000 90000 150000 -0.116403
160000 90000 150003 3.46809
165000 90000 149997 -2.76466
160000 95000 150004 3.97707
165000 95000 149996 -4.24778
165000 90000 149997 -2.76466
170000 90000 149996 -4.44086
165000 95000 149996 -4.24778
170000 95000 149998 -2.35853
160000 95000 150004 3.97707
165000 95000 149996 -4.24778
160000 100000 149999 -1.43196
165000 100000 149998 -1.68755
165000 95000 149996 -4.24778
170000 95000 149998 -2.35853
165000 100000 149998 -1.68755
170000 100000 150000 0.152275
170000 90000 149996 -4.44086
175000 90000 149997 -3.08416
170000 95000 149998 -2.35853
175000 95000 150004 3.90724
175000 90000 149997 -3.08416
180000 90000 150001 0.501058
175000 95000 150004 3.90724
180000 95000 149997 -2.75179
170000 95000 149998 -2.35853
175000 95000 150004 3.90724
170000 100000 150000 0.152275
175000 100000 150002 1.71547
175000 95000 150004 3.90724
180000 95000 149997 -2.75179
175000 100000 150002 1.71547
180000 100000 150000 -0.345971
180000 90000 150001 0.501058
185000 90000 150006 5.56284
180000 95000 149997 -2.75179
185000 95000 150005 4.95499
185000 90000 150006 5.56284
190000 90000 150001 0.999831
185000 95000 150005 4.95499
190000 95000 150000 -0.373801
180000 95000 149997 -2.75179
185000 95000 150005 4.95499
180000 100000 150000 -0.345971
185000 100000 150004 4.21508
185000 95000 150005 4.95499
190000 95000 150000 -0.373801
185000 100000 150004 4.21508
190000 100000 150004 3.88274
190000 90000 150001 0.999831
195000 90000 150000 -0.165669
190000 95000 150000 -0.373801
195000 95000 150004 4.4632
195000 90000 150000 -0.165669
200000 90000 150003 2.60306
195000 95000 150004 4.4632
200000 95000 150002 2.20128
190000 95000 150000 -0.373801
195000 95000 150004 4.4632
190000 100000 150004 3.88274
195000 100000 150004 3.82307
195000 95000 150004 4.4632
200000 95000 150002 2.20128
195000 100000 150004 3.82307
200000 100000 150004 4.0097
200000 90000 150003 2.60306
205000 90000 150001 0.970497
200000 95000 150002 2.20128
205000 95000 150001 1.37662
205000 90000 150001 0.970497
210000 90000 149998 -1.59144
205000 95000 150001 1.37662
210000 95000 150005 4.56667
200000 95000 150002 2.20128
205000 95000 150001 1.37662
200000 100000 150004 4.0097
205000 100000 150000 0.301634
205000 95000 150001 1.37662
210000 95000 150005 4.56667
205000 100000 150000 0.301634
210000 100000 150001 0.889503
210000 90000 149998 -1.59144
215000 90000 149997 -3.268
210000 95000 150005 4.56667
215000 95000 149997 -3.06983
215000 90000 149997 -3.268
220000 90000 149996 -3.60243
215000 95000 149997 -3.06983
220000 95000 149996 -3.95339
210000 95000 150005 4.56667
215000 95000 149997 -3.06983
210000 100000 150001 0.889503
215000 100000 150001 1.32345
215000 95000 149997 -3.06983
220000 95000 149996 -3.95339
215000 100000 150001 1.32345
220000 100000 149997 -2.62105
220000 90000 149996 -3.60243
225000 90000 150003 3.20552
220000 95000 149996 -3.95339
225000 95000 150001 0.863833
225000 90000 150003 3.20552
230000 90000 150001 0.759054
225000 95000 150001 0.863833
230000 95000 149995 -4.93799
220000 95000 149996 -3.95339
225000 95000 150001 0.863833
220000 100000 149997 -2.62105
225000 100000 149996 -3.69645
225000 95000 150001 0.863833
230000 95000 149995 -4.93799
225000 100000 149996 -3.69645
230000 100000 149998 -1.72636
230000 90000 150001 0.759054
235000 90000 150000 -0.31688
230000 95000 149995 -4.93799
235000 95000 149995 -4.63244
235000 90000 150000 -0.31688
240000 90000 149998 -2.11052
235000 95000 149995 -4.63244
240000 95000 150002 2.24511
230000 95000 149995 -4.93799
235000 95000 149995 -4.63244
230000 100000 149998 -1.72636
235000 100000 150002 1.60273
235000 95000 149995 -4.63244
240000 95000 150002 2.24511
235000 100000 150002 1.60273
240000 100000 149996 -4.28507
240000 90000 149998 -2.11052
245000 90000 150000 -0.383542
240000 95000 150002 2.24511
245000 95000 150000 -0.251719
245000 90000 150000 -0.383542
250000 90000 149997 -3.10934
245000 95000 150000 -0.251719
250000 95000 149996 -3.65706
240000 95000 150002 2.24511
245000 95000 150000 -0.251719
240000 100000 149996 -4.28507
245000 100000 149996 -3.61094
245000 95000 150000 -0.251719
250000 95000 149996 -3.65706
245000 100000 149996 -3.61094
250000 100000 150001 1.01999
250000 90000 149997 -3.10934
255000 90000 150000 0.148154
250000 95000 149996 -3.65706
255000 95000 149997 -3.20601
255000 90000 150000 0.148154
260000 90000 150003 3.2583
255000 95000 149997 -3.20601
260000 95000 149998 -1.86153
250000 95000 149996 -3.65706
255000 95000 149997 -3.20601
250000 100000 150001 1.01999
255000 100000 149999 -0.736079
255000 95000 149997 -3.20601
260000 95000 149998 -1.86153
255000 100000 149999 -0.736079
260000 100000 149998 -1.74721
260000 90000 150003 3.2583
265000 90000 150001 1.15359
260000 95000 149998 -1.86153
265000 95000 149998 -1.5806
265000 90000 150001 1.15359
270000 90000 149999 -1.35312
265000 95000 149998 -1.5806
270000 95000 149999 -1.16426
260000 95000 149998 -1.86153
265000 95000 149998 -1.5806
260000 100000 149998 -1.74721
265000 100000 150002 1.78148
265000 95000 149998 -1.5806
270000 95000 149999 -1.16426
265000 100000 150002 1.78148
270000 100000 150001 1.41832
270000 90000 149999 -1.35312
275000 90000 150001 1.17647
270000 95000 149999 -1.16426
275000 95000 150002 2.34831
275000 90000 150001 1.17647
280000 90000 150002 1.8272
275000 95000 150002 2.34831
280000 95000 149996 -3.80763
270000 95000 149999 -1.16426
275000 95000 150002 2.34831
270000 100000 150001 1.41832
275000 100000 150000 -0.102222
275000 95000 150002 2.34831
280000 95000 149996 -3.80763
275000 100000 150000 -0.102222
280000 100000 149997 -2.97735
280000 90000 150002 1.8272
285000 90000 150000 -0.308697
280000 95000 149996 -3.80763
285000 95000 149996 -4.27966
285000 90000 150000 -0.308697
290000 90000 149996 -4.1518
285000 95000 149996 -4.27966
290000 95000 150001 1.36041
280000 95000 149996 -3.80763
285000 95000 149996 -4.27966
280000 100000 149997 -2.97735
285000 100000 150003 3.24593
285000 95000 149996 -4.27966
290000 95000 150001 1.36041
285000 100000 150003 3.24593
290000 100000 150002 1.92258
290000 90000 149996 -4.1518
295000 90000 149997 -3.47673
290000 95000 150001 1.36041
295000 95000 150001 1.16339
295000 90000 149997 -3.47673
300000 90000 150000 -0.116403
295000 95000 150001 1.16339
300000 95000 149995 -5.09938
290000 95000 150001 1.36041
295000 95000 150001 1.16339
290000 100000 150002 1.92258
295000 100000 150003 2.59008
295000 95000 150001 1.16339
300000 95000 149995 -5.09938
295000 100000 150003 2.59008
300000 100000 149996 -3.60405
160000 100000 149999 -1.43196
165000 100000 149998 -1.68755
160000 105000 149999 -1.22604
165000 105000 149999 -1.19684
165000 100000 149998 -1.68755
170000 100000 150000 0.152275
165000 105000 149999 -1.19684
170000 105000 149996 -4.15974
160000 105000 149999 -1.22604
165000 105000 149999 -1.19684
160000 110000 150005 4.85549
165000 110000 149997 -2.9669
165000 105000 149999 -1.19684
170000 105000 149996 -4.15974
165000 110000 149997 -2.9669
170000 110000 149999 -1.45998
170000 100000 150000 0.152275
175000 100000 150002 1.71547
170000 105000 149996 -4.15974
175000 105000 150003 3.23821
175000 100000 150002 1.71547
180000 100000 150000 -0.345971
175000 105000 150003 3.23821
180000 105000 150000 0.298865
170000 105000 149996 -4.15974
175000 105000 150003 3.23821
170000 110000 149999 -1.45998
175000 110000 150002 2.42622
175000 105000 150003 3.23821
180000 105000 150000 0.298865
175000 110000 150002 2.42622
180000 110000 150001 0.572612
180000 100000 150000 -0.345971
185000 100000 150004 4.21508
180000 105000 150000 0.298865
185000 105000 150003 3.44432
185000 100000 150004 4.21508
190000 100000 150004 3.88274
185000 105000 150003 3.44432
190000 105000 150003 3.05129
180000 105000 150000 0.298865
185000 105000 150003 3.44432
180000 110000 150001 0.572612
185000 110000 150001 0.649317
185000 105000 150003 3.44432
190000 105000 150003 3.05129
185000 110000 150001 0.649317
190000 110000 150000 -0.0107372
190000 100000 150004 3.88274
195000 100000 150004 3.82307
190000 105000 150003 3.05129
195000 105000 150005 5.1594
195000 100000 150004 3.82307
200000 100000 150004 4.0097
195000 105000 150005 5.1594
200000 105000 150004 4.07503
190000 105000 150003 3.05129
195000 105000 150005 5.1594
190000 110000 150000 -0.0107372
195000 110000 149999 -0.571257
195000 105000 150005 5.1594
200000 105000 150004 4.07503
195000 110000 149999 -0.571257
200000 110000 149999 -0.571723
200000 100000 150004 4.0097
205000 100000 150000 0.301634
200000 105000 150004 4.07503
205000 105000 149998 -2.37927
205000 100000 150000 0.301634
210000 100000 150001 0.889503
205000 105000 149998 -2.37927
210000 105000 149998 -2.14145
200000 105000 150004 4.07503
205000 105000 149998 -2.37927
200000 110000 149999 -0.571723
205000 110000 149999 -0.666429
205000 105000 149998 -2.37927
210000 105000 149998 -2.14145
205000 110000 149999 -0.666429
210000 110000 149996 -3.8572
210000 100000 150001 0.889503
215000 100000 150001 1.32345
210000 105000 149998 -2.14145
215000 105000 150000 -0.471842
215000 100000 150001 1.32345
220000 100000 149997 -2.62105
215000 105000 150000 -0.471842
220000 105000 150000 0.246376
210000 105000 149998 -2.14145
215000 105000 150000 -0.471842
210000 110000 149996 -3.8572
215000 110000 149998 -1.54525
215000 105000 150000 -0.471842
220000 105000 150000 0.246376
215000 110000 149998 -1.54525
220000 110000 149999 -0.537886
220000 100000 149997 -2.62105
225000 100000 149996 -3.69645
220000 105000 150000 0.246376
225000 105000 150003 2.87518
225000 100000 149996 -3.69645
230000 100000 149998 -1.72636
225000 105000 150003 2.87518
230000 105000 150000 -0.469411
220000 105000 150000 0.246376
225000 105000 150003 2.87518
220000 110000 149999 -0.537886
225000 110000 149997 -3.16591
225000 105000 150003 2.87518
230000 105000 150000 -0.469411
225000 110000 149997 -3.16591
230000 110000 149998 -2.06846
230000 100000 149998 -1.72636
235000 100000 150002 1.60273
230000 105000 150000 -0.469411
235000 105000 149997 -3.20056
235000 100000 150002 1.60273
240000 100000 149996 -4.28507
235000 105000 149997 -3.20056
240000 105000 149999 -0.755421
230000 105000 150000 -0.469411
235000 105000 149997 -3.20056
230000 110000 149998 -2.06846
235000 110000 150002 2.16996
235000 105000 149997 -3.20056
240000 105000 149999 -0.755421
235000 110000 150002 2.16996
240000 110000 149996 -4.06275
240000 100000 149996 -4.28507
245000 100000 149996 -3.61094
240000 105000 149999 -0.755421
245000 105000 150001 0.738025
245000 100000 149996 -3.61094
250000 100000 150001 1.01999
245000 105000 150001 0.738025
250000 105000 150001 1.2554
240000 105000 149999 -0.755421
245000 105000 150001 0.738025
240000 110000 149996 -4.06275
245000 110000 150000 0.23866
245000 105000 150001 0.738025
250000 105000 150001 1.2554
245000 110000 150000 0.23866
250000 110000 149996 -4.23012
250000 100000 150001 1.01999
255000 100000 149999 -0.736079
250000 105000 150001 1.2554
255000 105000 150002 2.38179
255000 100000 149999 -0.736079
260000 100000 149998 -1.74721
255000 105000 150002 2.38179
260000 105000 150002 2.25625
250000 105000 150001 1.2554
255000 105000 150002 2.38179
250000 110000 149996 -4.23012
255000 110000 149999 -0.670767
255000 105000 150002 2.38179
260000 105000 150002 2.25625
255000 110000 149999 -0.670767
260000 110000 150002 1.8477
260000 100000 149998 -1.74721
265000 100000 150002 1.78148
260000 105000 150002 2.25625
265000 105000 150002 1.77535
265000 100000 150002 1.78148
270000 100000 150001 1.41832
265000 105000 150002 1.77535
270000 105000 149995 -5.26549
260000 105000 150002 2.25625
265000 105000 150002 1.77535
260000 110000 150002 1.8477
265000 110000 150002 2.47704
265000 105000 150002 1.77535
270000 105000 149995 -5.26549
265000 110000 150002 2.47704
270000 110000 149997 -3.49513
270000 100000 150001 1.41832
275000 100000 150000 -0.102222
270000 105000 149995 -5.26549
275000 105000 150001 1.21355
275000 100000 150000 -0.102222
280000 100000 149997 -2.97735
275000 105000 150001 1.21355
280000 105000 149995 -5.14429
270000 105000 149995 -5.26549
275000 105000 150001 1.21355
270000 110000 149997 -3.49513
275000 110000 150000 -0.255427
275000 105000 150001 1.21355
280000 105000 149995 -5.14429
275000 110000 150000 -0.255427
280000 110000 150002 2.30109
280000 100000 149997 -2.97735
285000 100000 150003 3.24593
280000 105000 149995 -5.14429
285000 105000 150001 0.667404
285000 100000 150003 3.24593
290000 100000 150002 1.92258
285000 105000 150001 0.667404
290000 105000 150003 3.39979
280000 105000 149995 -5.14429
285000 105000 150001 0.667404
280000 110000 150002 2.30109
285000 110000 150002 1.77503
285000 105000 150001 0.667404
290000 105000 150003 3.39979
285000 110000 150002 1.77503
290000 110000 150001 1.28611
290000 100000 150002 1.92258
295000 100000 150003 2.59008
290000 105000 150003 3.39979
295000 105000 150004 4.04118
295000 100000 150003 2.59008
300000 100000 149996 -3.60405
295000 105000 150004 4.04118
300000 105000 149995 -4.92976
290000 105000 150003 3.39979
295000 105000 150004 4.04118
290000 110000 150001 1.28611
295000 110000 150002 1.80897
295000 105000 150004 4.04118
300000 105000 149995 -4.92976
295000 110000 150002 1.80897
300000 110000 150003 2.70265
160000 110000 150005 4.85549
165000 110000 149997 -2.9669
160000 115000 150000 0.419576
165000 115000 149998 -2.31024
165000 110000 149997 -2.9669
170000 110000 149999 -1.45998
165000 115000 149998 -2.31024
170000 115000 149998 -2.35102
160000 115000 150000 0.419576
165000 115000 149998 -2.31024
160000 120000 150004 4.41715
165000 120000 150004 4.29656
165000 115000 149998 -2.31024
170000 115000 149998 -2.35102
165000 120000 150004 4.29656
170000 120000 149999 -1.06375
170000 110000 149999 -1.45998
175000 110000 150002 2.42622
170000 115000 149998 -2.35102
175000 115000 149997 -3.40722
175000 110000 150002 2.42622
180000 110000 150001 0.572612
175000 115000 149997 -3.40722
180000 115000 149996 -3.64127
170000 115000 149998 -2.35102
175000 115000 149997 -3.40722
170000 120000 149999 -1.06375
175000 120000 150003 3.1505
175000 115000 149997 -3.40722
180000 115000 149996 -3.64127
175000 120000 150003 3.1505
180000 120000 149996 -3.59406
180000 110000 150001 0.572612
185000 110000 150001 0.649317
180000 115000 149996 -3.64127
185000 115000 149999 -1.39562
185000 110000 150001 0.649317
190000 110000 150000 -0.0107372
185000 115000 149999 -1.39562
190000 115000 150004 4.34995
180000 115000 149996 -3.64127
185000 115000 149999 -1.39562
180000 120000 149996 -3.59406
185000 120000 149998 -2.12224
185000 115000 149999 -1.39562
190000 115000 150004 4.34995
185000 120000 149998 -2.12224
190000 120000 150002 2.04775
190000 110000 150000 -0.0107372
195000 110000 149999 -0.571257
190000 115000 150004 4.34995
195000 115000 149998 -2.48011
195000 110000 149999 -0.571257
200000 110000 149999 -0.571723
195000 115000 149998 -2.48011
200000 115000 149997 -3.24421
190000 115000 150004 4.34995
195000 115000 149998 -2.48011
190000 120000 150002 2.04775
195000 120000 150000 -0.253301
195000 115000 149998 -2.48011
200000 115000 149997 -3.24421
195000 120000 150000 -0.253301
200000 120000 149997 -2.80523
200000 110000 149999 -0.571723
205000 110000 149999 -0.666429
200000 115000 149997 -3.24421
205000 115000 150001 0.53204
205000 110000 149999 -0.666429
210000 110000 149996 -3.8572
205000 115000 150001 0.53204
210000 115000 150005 4.78758
200000 115000 149997 -3.24421
205000 115000 150001 0.53204
200000 120000 149997 -2.80523
205000 120000 149999 -1.06042
205000 115000 150001 0.53204
210000 115000 150005 4.78758
205000 120000 149999 -1.06042
210000 120000 150001 1.04646
210000 110000 149996 -3.8572
215000 110000 149998 -1.54525
210000 115000 150005 4.78758
215000 115000 149998 -2.17521
215000 110000 149998 -1.54525
220000 110000 149999 -0.537886
215000 115000 149998 -2.17521
220000 115000 150002 1.75586
210000 115000 150005 4.78758
215000 115000 149998 -2.17521
210000 120000 150001 1.04646
215000 120000 150001 0.816601
215000 115000 149998 -2.17521
220000 115000 150002 1.75586
215000 120000 150001 0.816601
220000 120000 149997 -3.45602
220000 110000 149999 -0.537886
225000 110000 149997 -3.16591
220000 115000 150002 1.75586
225000 115000 149998 -1.70016
225000 110000 149997 -3.16591
230000 110000 149998 -2.06846
225000 115000 149998 -1.70016
230000 115000 149997 -3.32241
220000 115000 150002 1.75586
225000 115000 149998 -1.70016
220000 120000 149997 -3.45602
225000 120000 150001 1.42525
225000 115000 149998 -1.70016
230000 115000 149997 -3.32241
225000 120000 150001 1.42525
230000 120000 149996 -4.04414
230000 110000 149998 -2.06846
235000 110000 150002 2.16996
230000 115000 149997 -3.32241
235000 115000 149996 -3.6206
235000 110000 150002 2.16996
240000 110000 149996 -4.06275
235000 115000 149996 -3.6206
240000 115000 150003 3.45866
230000 115000 149997 -3.32241
235000 115000 149996 -3.6206
230000 120000 149996 -4.04414
235000 120000 150002 1.79746
235000 115000 149996 -3.6206
240000 115000 150003 3.45866
235000 120000 150002 1.79746
240000 120000 150001 1.24068
240000 110000 149996 -4.06275
245000 110000 150000 0.23866
240000 115000 150003 3.45866
245000 115000 149998 -2.03168
245000 110000 150000 0.23866
250000 110000 149996 -4.23012
245000 115000 149998 -2.03168
250000 115000 150000 0.166284
240000 115000 150003 3.45866
245000 115000 149998 -2.03168
240000 120000 150001 1.24068
245000 120000 149997 -2.76683
245000 115000 149998 -2.03168
250000 115000 150000 0.166284
245000 120000 149997 -2.76683
250000 120000 150003 3.04809
250000 110000 149996 -4.23012
255000 110000 149999 -0.670767
250000 115000 150000 0.166284
255000 115000 149995 -4.95892
255000 110000 149999 -0.670767
260000 110000 150002 1.8477
255000 115000 149995 -4.95892
260000 115000 149998 -1.57434
250000 115000 150000 0.166284
255000 115000 149995 -4.95892
250000 120000 150003 3.04809
255000 120000 149996 -4.41925
255000 115000 149995 -4.95892
260000 115000 149998 -1.57434
255000 120000 149996 -4.41925
260000 120000 150003 2.94444
260000 110000 150002 1.8477
265000 110000 150002 2.47704
260000 115000 149998 -1.57434
265000 115000 149996 -4.21613
265000 110000 150002 2.47704
270000 110000 149997 -3.49513
265000 115000 149996 -4.21613
270000 115000 150002 1.75894
260000 115000 149998 -1.57434
265000 115000 149996 -4.21613
260000 120000 150003 2.94444
265000 120000 149995 -4.98974
265000 115000 149996 -4.21613
270000 115000 150002 1.75894
265000 120000 149995 -4.98974
270000 120000 149998 -2.15134
270000 110000 149997 -3.49513
275000 110000 150000 -0.255427
270000 115000 150002 1.75894
275000 115000 150001 1.11686
275000 110000 150000 -0.255427
280000 110000 150002 2.30109
275000 115000 150001 1.11686
280000 115000 150001 1.39497
270000 115000 150002 1.75894
275000 115000 150001 1.11686
270000 120000 149998 -2.15134
275000 120000 149998 -1.97559
275000 115000 150001 1.11686
280000 115000 150001 1.39497
275000 120000 149998 -1.97559
280000 120000 150002 2.05746
280000 110000 150002 2.30109
285000 110000 150002 1.77503
280000 115000 150001 1.39497
285000 115000 149997 -2.52709
285000 110000 150002 1.77503
290000 110000 150001 1.28611
285000 115000 149997 -2.52709
290000 115000 150000 -0.0843233
280000 115000 150001 1.39497
285000 115000 149997 -2.52709
280000 120000 150002 2.05746
285000 120000 149998 -2.31369
285000 115000 149997 -2.52709
290000 115000 150000 -0.0843233
285000 120000 149998 -2.31369
290000 120000 149998 -1.79588
290000 110000 150001 1.28611
295000 110000 150002 1.80897
290000 115000 150000 -0.0843233
295000 115000 149996 -3.69386
295000 110000 150002 1.80897
300000 110000 150003 2.70265
295000 115000 149996 -3.69386
300000 115000 150003 3.34308
290000 115000 150000 -0.0843233
295000 115000 149996 -3.69386
290000 120000 149998 -1.79588
295000 120000 149996 -4.3616
295000 115000 149996 -3.69386
300000 115000 150003 3.34308
295000 120000 149996 -4.3616
300000 120000 150002 2.1106
