# x y z topography
0 0 149991 -8.56144
5000 0 149992 -8.15872
0 5000 149991 -8.67412
5000 5000 149992 -8.02051
5000 0 149992 -8.15872
10000 0 149992 -7.50958
5000 5000 149992 -8.02051
10000 5000 149992 -7.58727
0 5000 149991 -8.67412
5000 5000 149992 -8.02051
0 10000 149992 -8.11444
5000 10000 149992 -7.69502
5000 5000 149992 -8.02051
10000 5000 149992 -7.58727
5000 10000 149992 -7.69502
10000 10000 149993 -7.39548
10000 0 149992 -7.50958
15000 0 149992 -7.52752
10000 5000 149992 -7.58727
15000 5000 149993 -6.94487
15000 0 149992 -7.52752
20000 0 149993 -7.28714
15000 5000 149993 -6.94487
20000 5000 149992 -7.50632
10000 5000 149992 -7.58727
15000 5000 149993 -6.94487
10000 10000 149993 -7.39548
15000 10000 149992 -7.55381
15000 5000 149993 -6.94487
20000 5000 149992 -7.50632
15000 10000 149992 -7.55381
20000 10000 149993 -7.31277
20000 0 149993 -7.28714
25000 0 149993 -7.16045
20000 5000 149992 -7.50632
25000 5000 149993 -7.41391
25000 0 149993 -7.16045
30000 0 149993 -7.13173
25000 5000 149993 -7.41391
30000 5000 149993 -7.13277
20000 5000 149992 -7.50632
25000 5000 149993 -7.41391
20000 10000 149993 -7.31277
25000 10000 149993 -7.44725
25000 5000 149993 -7.41391
30000 5000 149993 -7.13277
25000 10000 149993 -7.44725
30000 10000 149993 -6.86347
30000 0 149993 -7.13173
35000 0 149994 -6.00858
30000 5000 149993 -7.13277
35000 5000 149993 -6.83672
35000 0 149994 -6.00858
40000 0 149994 -6.28271
35000 5000 149993 -6.83672
40000 5000 149993 -6.5071
30000 5000 149993 -7.13277
35000 5000 149993 -6.83672
30000 10000 149993 -6.86347
35000 10000 149993 -6.82547
35000 5000 149993 -6.83672
40000 5000 149993 -6.5071
35000 10000 149993 -6.82547
40000 10000 149993 -6.51222
40000 0 149994 -6.28271
45000 0 149994 -5.72047
40000 5000 149993 -6.5071
45000 5000 149994 -6.03867
45000 0 149994 -5.72047
50000 0 149997 -3.43408
45000 5000 149994 -6.03867
50000 5000 149996 -4.07362
40000 5000 149993 -6.5071
45000 5000 149994 -6.03867
40000 10000 149993 -6.51222
45000 10000 149994 -6.18166
45000 5000 149994 -6.03867
50000 5000 149996 -4.07362
45000 10000 149994 -6.18166
50000 10000 149994 -5.68143
50000 0 149997 -3.43408
55000 0 150000 -0.323455
50000 5000 149996 -4.07362
55000 5000 149998 -2.42533
55000 0 150000 -0.323455
60000 0 150003 3.42621
55000 5000 149998 -2.42533
60000 5000 150001 1.20316
50000 5000 149996 -4.07362
55000 5000 149998 -2.42533
50000 10000 149994 -5.68143
55000 10000 149995 -4.75125
55000 5000 149998 -2.42533
60000 5000 150001 1.20316
55000 10000 149995 -4.75125
60000 10000 149997 -2.71126
60000 0 150003 3.42621
65000 0 150006 6.25327
60000 5000 150001 1.20316
65000 5000 150007 6.6967
65000 0 150006 6.25327
70000 0 150010 10.2278
65000 5000 150007 6.6967
70000 5000 150010 10.179
60000 5000 150001 1.20316
65000 5000 150007 6.6967
60000 10000 149997 -2.71126
65000 10000 150000 0.277452
65000 5000 150007 6.6967
70000 5000 150010 10.179
65000 10000 150000 0.277452
70000 10000 150005 4.66124
70000 0 150010 10.2278
75000 0 150014 13.6768
70000 5000 150010 10.179
75000 5000 150013 13.3332
75000 0 150014 13.6768
80000 0 150019 19.0606
75000 5000 150013 13.3332
80000 5000 150018 18.2272
70000 5000 150010 10.179
75000 5000 150013 13.3332
70000 10000 150005 4.66124
75000 10000 150013 12.5846
75000 5000 150013 13.3332
80000 5000 150018 18.2272
75000 10000 150013 12.5846
80000 10000 150016 15.9951
0 10000 149992 -8.11444
5000 10000 149992 -7.69502
0 15000 149992 -8.25037
5000 15000 149992 -7.69963
5000 10000 149992 -7.69502
10000 10000 149993 -7.39548
5000 15000 149992 -7.69963
10000 15000 149992 -7.56695
0 15000 149992 -8.25037
5000 15000 149992 -7.69963
0 20000 149992 -7.9858
5000 20000 149992 -7.82629
5000 15000 149992 -7.69963
10000 15000 149992 -7.56695
5000 20000 149992 -7.82629
10000 20000 149992 -7.88363
10000 10000 149993 -7.39548
15000 10000 149992 -7.55381
10000 15000 149992 -7.56695
15000 15000 149992 -7.74147
15000 10000 149992 -7.55381
20000 10000 149993 -7.31277
15000 15000 149992 -7.74147
20000 15000 149992 -7.52569
10000 15000 149992 -7.56695
15000 15000 149992 -7.74147
10000 20000 149992 -7.88363
15000 20000 149992 -7.75302
15000 15000 149992 -7.74147
20000 15000 149992 -7.52569
15000 20000 149992 -7.75302
20000 20000 149993 -7.31795
20000 10000 149993 -7.31277
25000 10000 149993 -7.44725
20000 15000 149992 -7.52569
25000 15000 149992 -7.71213
25000 10000 149993 -7.44725
30000 10000 149993 -6.86347
25000 15000 149992 -7.71213
30000 15000 149993 -7.39954
20000 15000 149992 -7.52569
25000 15000 149992 -7.71213
20000 20000 149993 -7.31795
25000 20000 149992 -7.74438
25000 15000 149992 -7.71213
30000 15000 149993 -7.39954
25000 20000 149992 -7.74438
30000 20000 149992 -7.55685
30000 10000 149993 -6.86347
35000 10000 149993 -6.82547
30000 15000 149993 -7.39954
35000 15000 149994 -6.00444
35000 10000 149993 -6.82547
40000 10000 149993 -6.51222
35000 15000 149994 -6.00444
40000 15000 149994 -6.40276
30000 15000 149993 -7.39954
35000 15000 149994 -6.00444
30000 20000 149992 -7.55685
35000 20000 149993 -6.57838
35000 15000 149994 -6.00444
40000 15000 149994 -6.40276
35000 20000 149993 -6.57838
40000 20000 149994 -5.62441
40000 10000 149993 -6.51222
45000 10000 149994 -6.18166
40000 15000 149994 -6.40276
45000 15000 149994 -5.84498
45000 10000 149994 -6.18166
50000 10000 149994 -5.68143
45000 15000 149994 -5.84498
50000 15000 149996 -3.79213
40000 15000 149994 -6.40276
45000 15000 149994 -5.84498
40000 20000 149994 -5.62441
45000 20000 149994 -6.10915
45000 15000 149994 -5.84498
50000 15000 149996 -3.79213
45000 20000 149994 -6.10915
50000 20000 149994 -5.57721
50000 10000 149994 -5.68143
55000 10000 149995 -4.75125
50000 15000 149996 -3.79213
55000 15000 149998 -2.07585
55000 10000 149995 -4.75125
60000 10000 149997 -2.71126
55000 15000 149998 -2.07585
60000 15000 150001 1.40424
50000 15000 149996 -3.79213
55000 15000 149998 -2.07585
50000 20000 149994 -5.57721
55000 20000 149995 -4.59709
55000 15000 149998 -2.07585
60000 15000 150001 1.40424
55000 20000 149995 -4.59709
60000 20000 149998 -1.6132
60000 10000 149997 -2.71126
65000 10000 150000 0.277452
60000 15000 150001 1.40424
65000 15000 150004 4.37024
65000 10000 150000 0.277452
70000 10000 150005 4.66124
65000 15000 150004 4.37024
70000 15000 150005 4.67316
60000 15000 150001 1.40424
65000 15000 150004 4.37024
60000 20000 149998 -1.6132
65000 20000 150004 4.43716
65000 15000 150004 4.37024
70000 15000 150005 4.67316
65000 20000 150004 4.43716
70000 20000 150009 9.14667
70000 10000 150005 4.66124
75000 10000 150013 12.5846
70000 15000 150005 4.67316
75000 15000 150012 12.4873
75000 10000 150013 12.5846
80000 10000 150016 15.9951
75000 15000 150012 12.4873
80000 15000 150016 15.8071
70000 15000 150005 4.67316
75000 15000 150012 12.4873
70000 20000 150009 9.14667
75000 20000 150013 13.2247
75000 15000 150012 12.4873
80000 15000 150016 15.8071
75000 20000 150013 13.2247
80000 20000 150018 18.2551
0 20000 149992 -7.9858
5000 20000 149992 -7.82629
0 25000 149992 -8.29817
5000 25000 149992 -7.89632
5000 20000 149992 -7.82629
10000 20000 149992 -7.88363
5000 25000 149992 -7.89632
10000 25000 149993 -7.47628
0 25000 149992 -8.29817
5000 25000 149992 -7.89632
0 30000 149992 -8.01347
5000 30000 149992 -7.9417
5000 25000 149992 -7.89632
10000 25000 149993 -7.47628
5000 30000 149992 -7.9417
10000 30000 149992 -7.91586
10000 20000 149992 -7.88363
15000 20000 149992 -7.75302
10000 25000 149993 -7.47628
15000 25000 149993 -7.49001
15000 20000 149992 -7.75302
20000 20000 149993 -7.31795
15000 25000 149993 -7.49001
20000 25000 149992 -7.9206
10000 25000 149993 -7.47628
15000 25000 149993 -7.49001
10000 30000 149992 -7.91586
15000 30000 149992 -8.04716
15000 25000 149993 -7.49001
20000 25000 149992 -7.9206
15000 30000 149992 -8.04716
20000 30000 149992 -7.50673
20000 20000 149993 -7.31795
25000 20000 149992 -7.74438
20000 25000 149992 -7.9206
25000 25000 149992 -7.80834
25000 20000 149992 -7.74438
30000 20000 149992 -7.55685
25000 25000 149992 -7.80834
30000 25000 149993 -7.48847
20000 25000 149992 -7.9206
25000 25000 149992 -7.80834
20000 30000 149992 -7.50673
25000 30000 149992 -7.5104
25000 25000 149992 -7.80834
30000 25000 149993 -7.48847
25000 30000 149992 -7.5104
30000 30000 149992 -7.7487
30000 20000 149992 -7.55685
35000 20000 149993 -6.57838
30000 25000 149993 -7.48847
35000 25000 149993 -6.78644
35000 20000 149993 -6.57838
40000 20000 149994 -5.62441
35000 25000 149993 -6.78644
40000 25000 149994 -5.50272
30000 25000 149993 -7.48847
35000 25000 149993 -6.78644
30000 30000 149992 -7.7487
35000 30000 149993 -7.19627
35000 25000 149993 -6.78644
40000 25000 149994 -5.50272
35000 30000 149993 -7.19627
40000 30000 149994 -5.67373
40000 20000 149994 -5.62441
45000 20000 149994 -6.10915
40000 25000 149994 -5.50272
45000 25000 149996 -4.47246
45000 20000 149994 -6.10915
50000 20000 149994 -5.57721
45000 25000 149996 -4.47246
50000 25000 149997 -3.46786
40000 25000 149994 -5.50272
45000 25000 149996 -4.47246
40000 30000 149994 -5.67373
45000 30000 149995 -5.0931
45000 25000 149996 -4.47246
50000 25000 149997 -3.46786
45000 30000 149995 -5.0931
50000 30000 149997 -3.42464
50000 20000 149994 -5.57721
55000 20000 149995 -4.59709
50000 25000 149997 -3.46786
55000 25000 149998 -1.90106
55000 20000 149995 -4.59709
60000 20000 149998 -1.6132
55000 25000 149998 -1.90106
60000 25000 150000 0.259026
50000 25000 149997 -3.46786
55000 25000 149998 -1.90106
50000 30000 149997 -3.42464
55000 30000 149998 -1.93897
55000 25000 149998 -1.90106
60000 25000 150000 0.259026
55000 30000 149998 -1.93897
60000 30000 150000 0.302538
60000 20000 149998 -1.6132
65000 20000 150004 4.43716
60000 25000 150000 0.259026
65000 25000 150003 3.27931
65000 20000 150004 4.43716
70000 20000 150009 9.14667
65000 25000 150003 3.27931
70000 25000 150005 5.32994
60000 25000 150000 0.259026
65000 25000 150003 3.27931
60000 30000 150000 0.302538
65000 30000 150002 1.53368
65000 25000 150003 3.27931
70000 25000 150005 5.32994
65000 30000 150002 1.53368
70000 30000 150006 5.64681
70000 20000 150009 9.14667
75000 20000 150013 13.2247
70000 25000 150005 5.32994
75000 25000 150011 10.8042
75000 20000 150013 13.2247
80000 20000 150018 18.2551
75000 25000 150011 10.8042
80000 25000 150017 16.8565
70000 25000 150005 5.32994
75000 25000 150011 10.8042
70000 30000 150006 5.64681
75000 30000 150010 10.3497
75000 25000 150011 10.8042
80000 25000 150017 16.8565
75000 30000 150010 10.3497
80000 30000 150015 14.5112
0 30000 149992 -8.01347
5000 30000 149992 -7.9417
0 35000 149992 -7.92941
5000 35000 149992 -8.04714
5000 30000 149992 -7.9417
10000 30000 149992 -7.91586
5000 35000 149992 -8.04714
10000 35000 149992 -8.25313
0 35000 149992 -7.92941
5000 35000 149992 -8.04714
0 40000 149992 -8.11917
5000 40000 149991 -8.54516
5000 35000 149992 -8.04714
10000 35000 149992 -8.25313
5000 40000 149991 -8.54516
10000 40000 149992 -8.11303
10000 30000 149992 -7.91586
15000 30000 149992 -8.04716
10000 35000 149992 -8.25313
15000 35000 149992 -8.13159
15000 30000 149992 -8.04716
20000 30000 149992 -7.50673
15000 35000 149992 -8.13159
20000 35000 149992 -7.945
10000 35000 149992 -8.25313
15000 35000 149992 -8.13159
10000 40000 149992 -8.11303
15000 40000 149992 -8.20706
15000 35000 149992 -8.13159
20000 35000 149992 -7.945
15000 40000 149992 -8.20706
20000 40000 149992 -7.77884
20000 30000 149992 -7.50673
25000 30000 149992 -7.5104
20000 35000 149992 -7.945
25000 35000 149992 -7.59127
25000 30000 149992 -7.5104
30000 30000 149992 -7.7487
25000 35000 149992 -7.59127
30000 35000 149992 -7.79025
20000 35000 149992 -7.945
25000 35000 149992 -7.59127
20000 40000 149992 -7.77884
25000 40000 149992 -8.08339
25000 35000 149992 -7.59127
30000 35000 149992 -7.79025
25000 40000 149992 -8.08339
30000 40000 149992 -7.89203
30000 30000 149992 -7.7487
35000 30000 149993 -7.19627
30000 35000 149992 -7.79025
35000 35000 149992 -7.54832
35000 30000 149993 -7.19627
40000 30000 149994 -5.67373
35000 35000 149992 -7.54832
40000 35000 149994 -6.44182
30000 35000 149992 -7.79025
35000 35000 149992 -7.54832
30000 40000 149992 -7.89203
35000 40000 149992 -7.64044
35000 35000 149992 -7.54832
40000 35000 149994 -6.44182
35000 40000 149992 -7.64044
40000 40000 149994 -6.49545
40000 30000 149994 -5.67373
45000 30000 149995 -5.0931
40000 35000 149994 -6.44182
45000 35000 149995 -5.10613
45000 30000 149995 -5.0931
50000 30000 149997 -3.42464
45000 35000 149995 -5.10613
50000 35000 149995 -4.74473
40000 35000 149994 -6.44182
45000 35000 149995 -5.10613
40000 40000 149994 -6.49545
45000 40000 149994 -5.89759
45000 35000 149995 -5.10613
50000 35000 149995 -4.74473
45000 40000 149994 -5.89759
50000 40000 149995 -4.87611
50000 30000 149997 -3.42464
55000 30000 149998 -1.93897
50000 35000 149995 -4.74473
55000 35000 149997 -2.91878
55000 30000 149998 -1.93897
60000 30000 150000 0.302538
55000 35000 149997 -2.91878
60000 35000 150000 -0.384577
50000 35000 149995 -4.74473
55000 35000 149997 -2.91878
50000 40000 149995 -4.87611
55000 40000 149996 -3.62728
55000 35000 149997 -2.91878
60000 35000 150000 -0.384577
55000 40000 149996 -3.62728
60000 40000 149999 -1.19102
60000 30000 150000 0.302538
65000 30000 150002 1.53368
60000 35000 150000 -0.384577
65000 35000 150004 3.50832
65000 30000 150002 1.53368
70000 30000 150006 5.64681
65000 35000 150004 3.50832
70000 35000 150004 4.44444
60000 35000 150000 -0.384577
65000 35000 150004 3.50832
60000 40000 149999 -1.19102
65000 40000 150002 1.67881
65000 35000 150004 3.50832
70000 35000 150004 4.44444
65000 40000 150002 1.67881
70000 40000 150005 4.57974
70000 30000 150006 5.64681
75000 30000 150010 10.3497
70000 35000 150004 4.44444
75000 35000 150009 9.28994
75000 30000 150010 10.3497
80000 30000 150015 14.5112
75000 35000 150009 9.28994
80000 35000 150015 15.4141
70000 35000 150004 4.44444
75000 35000 150009 9.28994
70000 40000 150005 4.57974
75000 40000 150010 9.99114
75000 35000 150009 9.28994
80000 35000 150015 15.4141
75000 40000 150010 9.99114
80000 40000 150011 10.5123
0 40000 149992 -8.11917
5000 40000 149991 -8.54516
0 45000 149991 -8.85397
5000 45000 149992 -8.16244
5000 40000 149991 -8.54516
10000 40000 149992 -8.11303
5000 45000 149992 -8.16244
10000 45000 149992 -8.2245
0 45000 149991 -8.85397
5000 45000 149992 -8.16244
0 50000 149991 -8.90472
5000 50000 149991 -8.64857
5000 45000 149992 -8.16244
10000 45000 149992 -8.2245
5000 50000 149991 -8.64857
10000 50000 149991 -8.78373
10000 40000 149992 -8.11303
15000 40000 149992 -8.20706
10000 45000 149992 -8.2245
15000 45000 149992 -8.35056
15000 40000 149992 -8.20706
20000 40000 149992 -7.77884
15000 45000 149992 -8.35056
20000 45000 149992 -8.32173
10000 45000 149992 -8.2245
15000 45000 149992 -8.35056
10000 50000 149991 -8.78373
15000 50000 149992 -8.29624
15000 45000 149992 -8.35056
20000 45000 149992 -8.32173
15000 50000 149992 -8.29624
20000 50000 149992 -8.47539
20000 40000 149992 -7.77884
25000 40000 149992 -8.08339
20000 45000 149992 -8.32173
25000 45000 149992 -7.77351
25000 40000 149992 -8.08339
30000 40000 149992 -7.89203
25000 45000 149992 -7.77351
30000 45000 149992 -7.90727
20000 45000 149992 -8.32173
25000 45000 149992 -7.77351
20000 50000 149992 -8.47539
25000 50000 149992 -8.11324
25000 45000 149992 -7.77351
30000 45000 149992 -7.90727
25000 50000 149992 -8.11324
30000 50000 149992 -7.79093
30000 40000 149992 -7.89203
35000 40000 149992 -7.64044
30000 45000 149992 -7.90727
35000 45000 149992 -7.68816
35000 40000 149992 -7.64044
40000 40000 149994 -6.49545
35000 45000 149992 -7.68816
40000 45000 149993 -7.36941
30000 45000 149992 -7.90727
35000 45000 149992 -7.68816
30000 50000 149992 -7.79093
35000 50000 149993 -7.34394
35000 45000 149992 -7.68816
40000 45000 149993 -7.36941
35000 50000 149993 -7.34394
40000 50000 149993 -6.77827
40000 40000 149994 -6.49545
45000 40000 149994 -5.89759
40000 45000 149993 -7.36941
45000 45000 149994 -6.05395
45000 40000 149994 -5.89759
50000 40000 149995 -4.87611
45000 45000 149994 -6.05395
50000 45000 149995 -5.49081
40000 45000 149993 -7.36941
45000 45000 149994 -6.05395
40000 50000 149993 -6.77827
45000 50000 149995 -4.93048
45000 45000 149994 -6.05395
50000 45000 149995 -5.49081
45000 50000 149995 -4.93048
50000 50000 149995 -4.57697
50000 40000 149995 -4.87611
55000 40000 149996 -3.62728
50000 45000 149995 -5.49081
55000 45000 149997 -2.74385
55000 40000 149996 -3.62728
60000 40000 149999 -1.19102
55000 45000 149997 -2.74385
60000 45000 149998 -2.39462
50000 45000 149995 -5.49081
55000 45000 149997 -2.74385
50000 50000 149995 -4.57697
55000 50000 149997 -3.29458
55000 45000 149997 -2.74385
60000 45000 149998 -2.39462
55000 50000 149997 -3.29458
60000 50000 149999 -0.988661
60000 40000 149999 -1.19102
65000 40000 150002 1.67881
60000 45000 149998 -2.39462
65000 45000 150001 1.45261
65000 40000 150002 1.67881
70000 40000 150005 4.57974
65000 45000 150001 1.45261
70000 45000 150006 5.5827
60000 45000 149998 -2.39462
65000 45000 150001 1.45261
60000 50000 149999 -0.988661
65000 50000 150002 2.1087
65000 45000 150001 1.45261
70000 45000 150006 5.5827
65000 50000 150002 2.1087
70000 50000 150004 4.41019
70000 40000 150005 4.57974
75000 40000 150010 9.99114
70000 45000 150006 5.5827
75000 45000 150008 8.42546
75000 40000 150010 9.99114
80000 40000 150011 10.5123
75000 45000 150008 8.42546
80000 45000 150013 12.5045
70000 45000 150006 5.5827
75000 45000 150008 8.42546
70000 50000 150004 4.41019
75000 50000 150007 6.6102
75000 45000 150008 8.42546
80000 45000 150013 12.5045
75000 50000 150007 6.6102
80000 50000 150011 11.1808
0 50000 149991 -8.90472
5000 50000 149991 -8.64857
0 55000 149991 -8.72292
5000 55000 149991 -8.67632
5000 50000 149991 -8.64857
10000 50000 149991 -8.78373
5000 55000 149991 -8.67632
10000 55000 149991 -8.81695
0 55000 149991 -8.72292
5000 55000 149991 -8.67632
0 60000 149991 -8.54459
5000 60000 149992 -7.57744
5000 55000 149991 -8.67632
10000 55000 149991 -8.81695
5000 60000 149992 -7.57744
10000 60000 149992 -7.68789
10000 50000 149991 -8.78373
15000 50000 149992 -8.29624
10000 55000 149991 -8.81695
15000 55000 149991 -8.78048
15000 50000 149992 -8.29624
20000 50000 149992 -8.47539
15000 55000 149991 -8.78048
20000 55000 149991 -8.73671
10000 55000 149991 -8.81695
15000 55000 149991 -8.78048
10000 60000 149992 -7.68789
15000 60000 149992 -8.48167
15000 55000 149991 -8.78048
20000 55000 149991 -8.73671
15000 60000 149992 -8.48167
20000 60000 149992 -8.49559
20000 50000 149992 -8.47539
25000 50000 149992 -8.11324
20000 55000 149991 -8.73671
25000 55000 149991 -8.62808
25000 50000 149992 -8.11324
30000 50000 149992 -7.79093
25000 55000 149991 -8.62808
30000 55000 149992 -8.1305
20000 55000 149991 -8.73671
25000 55000 149991 -8.62808
20000 60000 149992 -8.49559
25000 60000 149991 -8.96788
25000 55000 149991 -8.62808
30000 55000 149992 -8.1305
25000 60000 149991 -8.96788
30000 60000 149991 -8.74932
30000 50000 149992 -7.79093
35000 50000 149993 -7.34394
30000 55000 149992 -8.1305
35000 55000 149993 -7.24047
35000 50000 149993 -7.34394
40000 50000 149993 -6.77827
35000 55000 149993 -7.24047
40000 55000 149994 -6.45831
30000 55000 149992 -8.1305
35000 55000 149993 -7.24047
30000 60000 149991 -8.74932
35000 60000 149992 -8.36093
35000 55000 149993 -7.24047
40000 55000 149994 -6.45831
35000 60000 149992 -8.36093
40000 60000 149992 -7.92755
40000 50000 149993 -6.77827
45000 50000 149995 -4.93048
40000 55000 149994 -6.45831
45000 55000 149994 -5.76255
45000 50000 149995 -4.93048
50000 50000 149995 -4.57697
45000 55000 149994 -5.76255
50000 55000 149995 -5.30216
40000 55000 149994 -6.45831
45000 55000 149994 -5.76255
40000 60000 149992 -7.92755
45000 60000 149993 -6.82555
45000 55000 149994 -5.76255
50000 55000 149995 -5.30216
45000 60000 149993 -6.82555
50000 60000 149993 -6.73814
50000 50000 149995 -4.57697
55000 50000 149997 -3.29458
50000 55000 149995 -5.30216
55000 55000 149996 -4.01922
55000 50000 149997 -3.29458
60000 50000 149999 -0.988661
55000 55000 149996 -4.01922
60000 55000 149999 -1.25963
50000 55000 149995 -5.30216
55000 55000 149996 -4.01922
50000 60000 149993 -6.73814
55000 60000 149995 -4.50642
55000 55000 149996 -4.01922
60000 55000 149999 -1.25963
55000 60000 149995 -4.50642
60000 60000 149997 -3.3764
60000 50000 149999 -0.988661
65000 50000 150002 2.1087
60000 55000 149999 -1.25963
65000 55000 150001 0.518803
65000 50000 150002 2.1087
70000 50000 150004 4.41019
65000 55000 150001 0.518803
70000 55000 150000 0.220293
60000 55000 149999 -1.25963
65000 55000 150001 0.518803
60000 60000 149997 -3.3764
65000 60000 149997 -2.84382
65000 55000 150001 0.518803
70000 55000 150000 0.220293
65000 60000 149997 -2.84382
70000 60000 150001 1.32701
70000 50000 150004 4.41019
75000 50000 150007 6.6102
70000 55000 150000 0.220293
75000 55000 150006 6.39644
75000 50000 150007 6.6102
80000 50000 150011 11.1808
75000 55000 150006 6.39644
80000 55000 150008 7.5829
70000 55000 150000 0.220293
75000 55000 150006 6.39644
70000 60000 150001 1.32701
75000 60000 150005 5.06055
75000 55000 150006 6.39644
80000 55000 150008 7.5829
75000 60000 150005 5.06055
80000 60000 150009 9.32199
0 60000 149991 -8.54459
5000 60000 149992 -7.57744
0 65000 149992 -8.37427
5000 65000 149992 -8.12971
5000 60000 149992 -7.57744
10000 60000 149992 -7.68789
5000 65000 149992 -8.12971
10000 65000 149991 -8.55091
0 65000 149992 -8.37427
5000 65000 149992 -8.12971
0 70000 149991 -8.55473
5000 70000 149992 -8.32225
5000 65000 149992 -8.12971
10000 65000 149991 -8.55091
5000 70000 149992 -8.32225
10000 70000 149991 -8.64736
10000 60000 149992 -7.68789
15000 60000 149992 -8.48167
10000 65000 149991 -8.55091
15000 65000 149991 -8.719
15000 60000 149992 -8.48167
20000 60000 149992 -8.49559
15000 65000 149991 -8.719
20000 65000 149991 -8.95642
10000 65000 149991 -8.55091
15000 65000 149991 -8.719
10000 70000 149991 -8.64736
15000 70000 149991 -8.97461
15000 65000 149991 -8.719
20000 65000 149991 -8.95642
15000 70000 149991 -8.97461
20000 70000 149991 -8.61317
20000 60000 149992 -8.49559
25000 60000 149991 -8.96788
20000 65000 149991 -8.95642
25000 65000 149991 -9.02112
25000 60000 149991 -8.96788
30000 60000 149991 -8.74932
25000 65000 149991 -9.02112
30000 65000 149991 -8.83925
20000 65000 149991 -8.95642
25000 65000 149991 -9.02112
20000 70000 149991 -8.61317
25000 70000 149991 -9.05345
25000 65000 149991 -9.02112
30000 65000 149991 -8.83925
25000 70000 149991 -9.05345
30000 70000 149991 -8.93725
30000 60000 149991 -8.74932
35000 60000 149992 -8.36093
30000 65000 149991 -8.83925
35000 65000 149992 -8.41766
35000 60000 149992 -8.36093
40000 60000 149992 -7.92755
35000 65000 149992 -8.41766
40000 65000 149992 -7.97152
30000 65000 149991 -8.83925
35000 65000 149992 -8.41766
30000 70000 149991 -8.93725
35000 70000 149992 -8.44928
35000 65000 149992 -8.41766
40000 65000 149992 -7.97152
35000 70000 149992 -8.44928
40000 70000 149992 -7.61235
40000 60000 149992 -7.92755
45000 60000 149993 -6.82555
40000 65000 149992 -7.97152
45000 65000 149992 -7.55696
45000 60000 149993 -6.82555
50000 60000 149993 -6.73814
45000 65000 149992 -7.55696
50000 65000 149994 -6.44373
40000 65000 149992 -7.97152
45000 65000 149992 -7.55696
40000 70000 149992 -7.61235
45000 70000 149993 -7.28843
45000 65000 149992 -7.55696
50000 65000 149994 -6.44373
45000 70000 149993 -7.28843
50000 70000 149994 -6.38079
50000 60000 149993 -6.73814
55000 60000 149995 -4.50642
50000 65000 149994 -6.44373
55000 65000 149995 -4.59289
55000 60000 149995 -4.50642
60000 60000 149997 -3.3764
55000 65000 149995 -4.59289
60000 65000 149997 -3.44362
50000 65000 149994 -6.44373
55000 65000 149995 -4.59289
50000 70000 149994 -6.38079
55000 70000 149995 -5.4568
55000 65000 149995 -4.59289
60000 65000 149997 -3.44362
55000 70000 149995 -5.4568
60000 70000 149998 -2.23649
60000 60000 149997 -3.3764
65000 60000 149997 -2.84382
60000 65000 149997 -3.44362
65000 65000 149998 -1.66729
65000 60000 149997 -2.84382
70000 60000 150001 1.32701
65000 65000 149998 -1.66729
70000 65000 149999 -0.805555
60000 65000 149997 -3.44362
65000 65000 149998 -1.66729
60000 70000 149998 -2.23649
65000 70000 150000 -0.435806
65000 65000 149998 -1.66729
70000 65000 149999 -0.805555
65000 70000 150000 -0.435806
70000 70000 150001 1.41025
70000 60000 150001 1.32701
75000 60000 150005 5.06055
70000 65000 149999 -0.805555
75000 65000 150003 3.44946
75000 60000 150005 5.06055
80000 60000 150009 9.32199
75000 65000 150003 3.44946
80000 65000 150008 7.57495
70000 65000 149999 -0.805555
75000 65000 150003 3.44946
70000 70000 150001 1.41025
75000 70000 150004 4.41236
75000 65000 150003 3.44946
80000 65000 150008 7.57495
75000 70000 150004 4.41236
80000 70000 150008 7.67318
0 70000 149991 -8.55473
5000 70000 149992 -8.32225
0 75000 149991 -9.0535
5000 75000 149991 -9.00606
5000 70000 149992 -8.32225
10000 70000 149991 -8.64736
5000 75000 149991 -9.00606
10000 75000 149991 -9.02692
0 75000 149991 -9.0535
5000 75000 149991 -9.00606
0 80000 149991 -8.80908
5000 80000 149991 -9.06429
5000 75000 149991 -9.00606
10000 75000 149991 -9.02692
5000 80000 149991 -9.06429
10000 80000 149990 -9.58144
10000 70000 149991 -8.64736
15000 70000 149991 -8.97461
10000 75000 149991 -9.02692
15000 75000 149991 -9.21942
15000 70000 149991 -8.97461
20000 70000 149991 -8.61317
15000 75000 149991 -9.21942
20000 75000 149991 -9.24968
10000 75000 149991 -9.02692
15000 75000 149991 -9.21942
10000 80000 149990 -9.58144
15000 80000 149991 -9.2295
15000 75000 149991 -9.21942
20000 75000 149991 -9.24968
15000 80000 149991 -9.2295
20000 80000 149991 -9.17762
20000 70000 149991 -8.61317
25000 70000 149991 -9.05345
20000 75000 149991 -9.24968
25000 75000 149991 -9.22654
25000 70000 149991 -9.05345
30000 70000 149991 -8.93725
25000 75000 149991 -9.22654
30000 75000 149991 -8.88556
20000 75000 149991 -9.24968
25000 75000 149991 -9.22654
20000 80000 149991 -9.17762
25000 80000 149991 -9.16462
25000 75000 149991 -9.22654
30000 75000 149991 -8.88556
25000 80000 149991 -9.16462
30000 80000 149991 -8.79091
30000 70000 149991 -8.93725
35000 70000 149992 -8.44928
30000 75000 149991 -8.88556
35000 75000 149992 -8.29174
35000 70000 149992 -8.44928
40000 70000 149992 -7.61235
35000 75000 149992 -8.29174
40000 75000 149992 -8.10946
30000 75000 149991 -8.88556
35000 75000 149992 -8.29174
30000 80000 149991 -8.79091
35000 80000 149991 -8.58173
35000 75000 149992 -8.29174
40000 75000 149992 -8.10946
35000 80000 149991 -8.58173
40000 80000 149992 -7.84408
40000 70000 149992 -7.61235
45000 70000 149993 -7.28843
40000 75000 149992 -8.10946
45000 75000 149992 -7.71397
45000 70000 149993 -7.28843
50000 70000 149994 -6.38079
45000 75000 149992 -7.71397
50000 75000 149993 -7.28979
40000 75000 149992 -8.10946
45000 75000 149992 -7.71397
40000 80000 149992 -7.84408
45000 80000 149992 -7.80276
45000 75000 149992 -7.71397
50000 75000 149993 -7.28979
45000 80000 149992 -7.80276
50000 80000 149992 -7.54756
50000 70000 149994 -6.38079
55000 70000 149995 -5.4568
50000 75000 149993 -7.28979
55000 75000 149994 -5.81371
55000 70000 149995 -5.4568
60000 70000 149998 -2.23649
55000 75000 149994 -5.81371
60000 75000 149996 -4.06355
50000 75000 149993 -7.28979
55000 75000 149994 -5.81371
50000 80000 149992 -7.54756
55000 80000 149994 -6.073
55000 75000 149994 -5.81371
60000 75000 149996 -4.06355
55000 80000 149994 -6.073
60000 80000 149994 -5.6341
60000 70000 149998 -2.23649
65000 70000 150000 -0.435806
60000 75000 149996 -4.06355
65000 75000 149998 -2.43069
65000 70000 150000 -0.435806
70000 70000 150001 1.41025
65000 75000 149998 -2.43069
70000 75000 150000 0.116342
60000 75000 149996 -4.06355
65000 75000 149998 -2.43069
60000 80000 149994 -5.6341
65000 80000 149995 -5.41908
65000 75000 149998 -2.43069
70000 75000 150000 0.116342
65000 80000 149995 -5.41908
70000 80000 149997 -2.73555
70000 70000 150001 1.41025
75000 70000 150004 4.41236
70000 75000 150000 0.116342
75000 75000 150001 1.47485
75000 70000 150004 4.41236
80000 70000 150008 7.67318
75000 75000 150001 1.47485
80000 75000 150004 3.61508
70000 75000 150000 0.116342
75000 75000 150001 1.47485
70000 80000 149997 -2.73555
75000 80000 150000 0.184323
75000 75000 150001 1.47485
80000 75000 150004 3.61508
75000 80000 150000 0.184323
80000 80000 150007 7.03665
80000 0 150019 19.0606
85000 0 150022 21.6465
80000 5000 150018 18.2272
85000 5000 150022 21.7519
85000 0 150022 21.6465
90000 0 150023 22.9047
85000 5000 150022 21.7519
90000 5000 150024 23.6515
80000 5000 150018 18.2272
85000 5000 150022 21.7519
80000 10000 150016 15.9951
85000 10000 150020 19.9664
85000 5000 150022 21.7519
90000 5000 150024 23.6515
85000 10000 150020 19.9664
90000 10000 150022 22.3547
90000 0 150023 22.9047
95000 0 150022 22.086
90000 5000 150024 23.6515
95000 5000 150023 22.74
95000 0 150022 22.086
100000 0 150019 18.6515
95000 5000 150023 22.74
100000 5000 150019 19.0842
90000 5000 150024 23.6515
95000 5000 150023 22.74
90000 10000 150022 22.3547
95000 10000 150023 22.8317
95000 5000 150023 22.74
100000 5000 150019 19.0842
95000 10000 150023 22.8317
100000 10000 150020 20.1808
100000 0 150019 18.6515
105000 0 150011 11.0798
100000 5000 150019 19.0842
105000 5000 150009 8.55442
105000 0 150011 11.0798
110000 0 149998 -1.90666
105000 5000 150009 8.55442
110000 5000 149992 -7.52644
100000 5000 150019 19.0842
105000 5000 150009 8.55442
100000 10000 150020 20.1808
105000 10000 150016 15.5404
105000 5000 150009 8.55442
110000 5000 149992 -7.52644
105000 10000 150016 15.5404
110000 10000 150005 5.17261
110000 0 149998 -1.90666
115000 0 149981 -19.4995
110000 5000 149992 -7.52644
115000 5000 149974 -25.9529
115000 0 149981 -19.4995
120000 0 149967 -32.8102
115000 5000 149974 -25.9529
120000 5000 149962 -38.2353
110000 5000 149992 -7.52644
115000 5000 149974 -25.9529
110000 10000 150005 5.17261
115000 10000 149982 -17.7351
115000 5000 149974 -25.9529
120000 5000 149962 -38.2353
115000 10000 149982 -17.7351
120000 10000 149959 -41.3846
120000 0 149967 -32.8102
125000 0 149959 -41.0149
120000 5000 149962 -38.2353
125000 5000 149958 -42.4708
125000 0 149959 -41.0149
130000 0 149959 -41.378
125000 5000 149958 -42.4708
130000 5000 149957 -42.6884
120000 5000 149962 -38.2353
125000 5000 149958 -42.4708
120000 10000 149959 -41.3846
125000 10000 149951 -48.5876
125000 5000 149958 -42.4708
130000 5000 149957 -42.6884
125000 10000 149951 -48.5876
130000 10000 149953 -47.4398
130000 0 149959 -41.378
135000 0 149963 -37.2446
130000 5000 149957 -42.6884
135000 5000 149959 -40.7387
135000 0 149963 -37.2446
140000 0 149967 -33.2857
135000 5000 149959 -40.7387
140000 5000 149975 -25.4667
130000 5000 149957 -42.6884
135000 5000 149959 -40.7387
130000 10000 149953 -47.4398
135000 10000 149959 -40.9688
135000 5000 149959 -40.7387
140000 5000 149975 -25.4667
135000 10000 149959 -40.9688
140000 10000 149974 -26.4498
140000 0 149967 -33.2857
145000 0 149986 -14.3307
140000 5000 149975 -25.4667
145000 5000 149979 -20.7199
145000 0 149986 -14.3307
150000 0 149990 -9.54522
145000 5000 149979 -20.7199
150000 5000 149990 -9.95363
140000 5000 149975 -25.4667
145000 5000 149979 -20.7199
140000 10000 149974 -26.4498
145000 10000 149988 -11.7932
145000 5000 149979 -20.7199
150000 5000 149990 -9.95363
145000 10000 149988 -11.7932
150000 10000 149997 -3.01727
150000 0 149990 -9.54522
155000 0 149999 -1.36841
150000 5000 149990 -9.95363
155000 5000 150001 0.827528
155000 0 149999 -1.36841
160000 0 150007 6.92344
155000 5000 150001 0.827528
160000 5000 150007 7.48493
150000 5000 149990 -9.95363
155000 5000 150001 0.827528
150000 10000 149997 -3.01727
155000 10000 150002 1.85194
155000 5000 150001 0.827528
160000 5000 150007 7.48493
155000 10000 150002 1.85194
160000 10000 150010 10.0462
80000 10000 150016 15.9951
85000 10000 150020 19.9664
80000 15000 150016 15.8071
85000 15000 150021 20.7189
85000 10000 150020 19.9664
90000 10000 150022 22.3547
85000 15000 150021 20.7189
90000 15000 150021 20.8117
80000 15000 150016 15.8071
85000 15000 150021 20.7189
80000 20000 150018 18.2551
85000 20000 150023 23.0955
85000 15000 150021 20.7189
90000 15000 150021 20.8117
85000 20000 150023 23.0955
90000 20000 150024 24.0021
90000 10000 150022 22.3547
95000 10000 150023 22.8317
90000 15000 150021 20.8117
95000 15000 150023 23.1877
95000 10000 150023 22.8317
100000 10000 150020 20.1808
95000 15000 150023 23.1877
100000 15000 150023 23.3617
90000 15000 150021 20.8117
95000 15000 150023 23.1877
90000 20000 150024 24.0021
95000 20000 150024 24.2279
95000 15000 150023 23.1877
100000 15000 150023 23.3617
95000 20000 150024 24.2279
100000 20000 150023 23.0348
100000 10000 150020 20.1808
105000 10000 150016 15.5404
100000 15000 150023 23.3617
105000 15000 150024 23.692
105000 10000 150016 15.5404
110000 10000 150005 5.17261
105000 15000 150024 23.692
110000 15000 150016 15.7834
100000 15000 150023 23.3617
105000 15000 150024 23.692
100000 20000 150023 23.0348
105000 20000 150026 26.3877
105000 15000 150024 23.692
110000 15000 150016 15.7834
105000 20000 150026 26.3877
110000 20000 150025 25.2936
110000 10000 150005 5.17261
115000 10000 149982 -17.7351
110000 15000 150016 15.7834
115000 15000 149990 -10.3701
115000 10000 149982 -17.7351
120000 10000 149959 -41.3846
115000 15000 149990 -10.3701
120000 15000 149957 -43.1565
110000 15000 150016 15.7834
115000 15000 149990 -10.3701
110000 20000 150025 25.2936
115000 20000 149999 -1.22954
115000 15000 149990 -10.3701
120000 15000 149957 -43.1565
115000 20000 149999 -1.22954
120000 20000 149958 -42.4044
120000 10000 149959 -41.3846
125000 10000 149951 -48.5876
120000 15000 149957 -43.1565
125000 15000 149936 -64.3536
125000 10000 149951 -48.5876
130000 10000 149953 -47.4398
125000 15000 149936 -64.3536
130000 15000 149939 -60.649
120000 15000 149957 -43.1565
125000 15000 149936 -64.3536
120000 20000 149958 -42.4044
125000 20000 149921 -78.754
125000 15000 149936 -64.3536
130000 15000 149939 -60.649
125000 20000 149921 -78.754
130000 20000 149918 -81.8723
130000 10000 149953 -47.4398
135000 10000 149959 -40.9688
130000 15000 149939 -60.649
135000 15000 149956 -43.8526
135000 10000 149959 -40.9688
140000 10000 149974 -26.4498
135000 15000 149956 -43.8526
140000 15000 149969 -30.5661
130000 15000 149939 -60.649
135000 15000 149956 -43.8526
130000 20000 149918 -81.8723
135000 20000 149947 -53.4503
135000 15000 149956 -43.8526
140000 15000 149969 -30.5661
135000 20000 149947 -53.4503
140000 20000 149968 -32.3417
140000 10000 149974 -26.4498
145000 10000 149988 -11.7932
140000 15000 149969 -30.5661
145000 15000 149989 -11.0642
145000 10000 149988 -11.7932
150000 10000 149997 -3.01727
145000 15000 149989 -11.0642
150000 15000 149999 -1.20286
140000 15000 149969 -30.5661
145000 15000 149989 -11.0642
140000 20000 149968 -32.3417
145000 20000 149987 -12.7921
145000 15000 149989 -11.0642
150000 15000 149999 -1.20286
145000 20000 149987 -12.7921
150000 20000 149982 -18.252
150000 10000 149997 -3.01727
155000 10000 150002 1.85194
150000 15000 149999 -1.20286
155000 15000 150005 5.23084
155000 10000 150002 1.85194
160000 10000 150010 10.0462
155000 15000 150005 5.23084
160000 15000 150011 11.0484
150000 15000 149999 -1.20286
155000 15000 150005 5.23084
150000 20000 149982 -18.252
155000 20000 149997 -3.08149
155000 15000 150005 5.23084
160000 15000 150011 11.0484
155000 20000 149997 -3.08149
160000 20000 150008 8.10247
80000 20000 150018 18.2551
85000 20000 150023 23.0955
80000 25000 150017 16.8565
85000 25000 150022 22.3696
85000 20000 150023 23.0955
90000 20000 150024 24.0021
85000 25000 150022 22.3696
90000 25000 150024 23.9743
80000 25000 150017 16.8565
85000 25000 150022 22.3696
80000 30000 150015 14.5112
85000 30000 150020 19.5666
85000 25000 150022 22.3696
90000 25000 150024 23.9743
85000 30000 150020 19.5666
90000 30000 150024 24.1912
90000 20000 150024 24.0021
95000 20000 150024 24.2279
90000 25000 150024 23.9743
95000 25000 150026 25.6393
95000 20000 150024 24.2279
100000 20000 150023 23.0348
95000 25000 150026 25.6393
100000 25000 150026 26.1195
90000 25000 150024 23.9743
95000 25000 150026 25.6393
90000 30000 150024 24.1912
95000 30000 150026 25.5921
95000 25000 150026 25.6393
100000 25000 150026 26.1195
95000 30000 150026 25.5921
100000 30000 150027 26.7952
100000 20000 150023 23.0348
105000 20000 150026 26.3877
100000 25000 150026 26.1195
105000 25000 150028 28.1822
105000 20000 150026 26.3877
110000 20000 150025 25.2936
105000 25000 150028 28.1822
110000 25000 150030 30.3917
100000 25000 150026 26.1195
105000 25000 150028 28.1822
100000 30000 150027 26.7952
105000 30000 150027 27.1971
105000 25000 150028 28.1822
110000 25000 150030 30.3917
105000 30000 150027 27.1971
110000 30000 150029 29.2581
110000 20000 150025 25.2936
115000 20000 149999 -1.22954
110000 25000 150030 30.3917
115000 25000 150015 14.6411
115000 20000 149999 -1.22954
120000 20000 149958 -42.4044
115000 25000 150015 14.6411
120000 25000 149971 -28.656
110000 25000 150030 30.3917
115000 25000 150015 14.6411
110000 30000 150029 29.2581
115000 30000 150023 23.3323
115000 25000 150015 14.6411
120000 25000 149971 -28.656
115000 30000 150023 23.3323
120000 30000 149989 -10.6738
120000 20000 149958 -42.4044
125000 20000 149921 -78.754
120000 25000 149971 -28.656
125000 25000 149934 -65.8052
125000 20000 149921 -78.754
130000 20000 149918 -81.8723
125000 25000 149934 -65.8052
130000 25000 149907 -92.7436
120000 25000 149971 -28.656
125000 25000 149934 -65.8052
120000 30000 149989 -10.6738
125000 30000 149956 -43.9829
125000 25000 149934 -65.8052
130000 25000 149907 -92.7436
125000 30000 149956 -43.9829
130000 30000 149913 -87.4776
130000 20000 149918 -81.8723
135000 20000 149947 -53.4503
130000 25000 149907 -92.7436
135000 25000 149928 -72.376
135000 20000 149947 -53.4503
140000 20000 149968 -32.3417
135000 25000 149928 -72.376
140000 25000 149957 -42.9222
130000 25000 149907 -92.7436
135000 25000 149928 -72.376
130000 30000 149913 -87.4776
135000 30000 149906 -94.0408
135000 25000 149928 -72.376
140000 25000 149957 -42.9222
135000 30000 149906 -94.0408
140000 30000 149946 -54.2953
140000 20000 149968 -32.3417
145000 20000 149987 -12.7921
140000 25000 149957 -42.9222
145000 25000 149981 -18.835
145000 20000 149987 -12.7921
150000 20000 149982 -18.252
145000 25000 149981 -18.835
150000 25000 149997 -2.97105
140000 25000 149957 -42.9222
145000 25000 149981 -18.835
140000 30000 149946 -54.2953
145000 30000 149969 -30.5071
145000 25000 149981 -18.835
150000 25000 149997 -2.97105
145000 30000 149969 -30.5071
150000 30000 149993 -7.47308
150000 20000 149982 -18.252
155000 20000 149997 -3.08149
150000 25000 149997 -2.97105
155000 25000 150004 4.33282
155000 20000 149997 -3.08149
160000 20000 150008 8.10247
155000 25000 150004 4.33282
160000 25000 150005 5.48835
150000 25000 149997 -2.97105
155000 25000 150004 4.33282
150000 30000 149993 -7.47308
155000 30000 150005 5.0414
155000 25000 150004 4.33282
160000 25000 150005 5.48835
155000 30000 150005 5.0414
160000 30000 150011 11.4725
80000 30000 150015 14.5112
85000 30000 150020 19.5666
80000 35000 150015 15.4141
85000 35000 150019 18.6304
85000 30000 150020 19.5666
90000 30000 150024 24.1912
85000 35000 150019 18.6304
90000 35000 150020 20.0577
80000 35000 150015 15.4141
85000 35000 150019 18.6304
80000 40000 150011 10.5123
85000 40000 150018 18.0042
85000 35000 150019 18.6304
90000 35000 150020 20.0577
85000 40000 150018 18.0042
90000 40000 150023 23.0785
90000 30000 150024 24.1912
95000 30000 150026 25.5921
90000 35000 150020 20.0577
95000 35000 150025 25.2843
95000 30000 150026 25.5921
100000 30000 150027 26.7952
95000 35000 150025 25.2843
100000 35000 150027 27.114
90000 35000 150020 20.0577
95000 35000 150025 25.2843
90000 40000 150023 23.0785
95000 40000 150026 25.9345
95000 35000 150025 25.2843
100000 35000 150027 27.114
95000 40000 150026 25.9345
100000 40000 150028 28.0427
100000 30000 150027 26.7952
105000 30000 150027 27.1971
100000 35000 150027 27.114
105000 35000 150028 27.6111
105000 30000 150027 27.1971
110000 30000 150029 29.2581
105000 35000 150028 27.6111
110000 35000 150029 28.9441
100000 35000 150027 27.114
105000 35000 150028 27.6111
100000 40000 150028 28.0427
105000 40000 150028 27.7561
105000 35000 150028 27.6111
110000 35000 150029 28.9441
105000 40000 150028 27.7561
110000 40000 150027 26.9644
110000 30000 150029 29.2581
115000 30000 150023 23.3323
110000 35000 150029 28.9441
115000 35000 150028 28.059
115000 30000 150023 23.3323
120000 30000 149989 -10.6738
115000 35000 150028 28.059
120000 35000 150009 8.90112
110000 35000 150029 28.9441
115000 35000 150028 28.059
110000 40000 150027 26.9644
115000 40000 150029 28.5436
115000 35000 150028 28.059
120000 35000 150009 8.90112
115000 40000 150029 28.5436
120000 40000 150021 21.1534
120000 30000 149989 -10.6738
125000 30000 149956 -43.9829
120000 35000 150009 8.90112
125000 35000 149971 -29.4295
125000 30000 149956 -43.9829
130000 30000 149913 -87.4776
125000 35000 149971 -29.4295
130000 35000 149933 -66.7554
120000 35000 150009 8.90112
125000 35000 149971 -29.4295
120000 40000 150021 21.1534
125000 40000 149991 -8.91738
125000 35000 149971 -29.4295
130000 35000 149933 -66.7554
125000 40000 149991 -8.91738
130000 40000 149956 -43.7701
130000 30000 149913 -87.4776
135000 30000 149906 -94.0408
130000 35000 149933 -66.7554
135000 35000 149897 -102.838
135000 30000 149906 -94.0408
140000 30000 149946 -54.2953
135000 35000 149897 -102.838
140000 35000 149923 -77.4342
130000 35000 149933 -66.7554
135000 35000 149897 -102.838
130000 40000 149956 -43.7701
135000 40000 149908 -91.5267
135000 35000 149897 -102.838
140000 35000 149923 -77.4342
135000 40000 149908 -91.5267
140000 40000 149901 -99.0368
140000 30000 149946 -54.2953
145000 30000 149969 -30.5071
140000 35000 149923 -77.4342
145000 35000 149957 -43.2531
145000 30000 149969 -30.5071
150000 30000 149993 -7.47308
145000 35000 149957 -43.2531
150000 35000 149977 -23.2232
140000 35000 149923 -77.4342
145000 35000 149957 -43.2531
140000 40000 149901 -99.0368
145000 40000 149939 -60.9819
145000 35000 149957 -43.2531
150000 35000 149977 -23.2232
145000 40000 149939 -60.9819
150000 40000 149966 -34.3199
150000 30000 149993 -7.47308
155000 30000 150005 5.0414
150000 35000 149977 -23.2232
155000 35000 150003 2.5475
155000 30000 150005 5.0414
160000 30000 150011 11.4725
155000 35000 150003 2.5475
160000 35000 150014 13.8227
150000 35000 149977 -23.2232
155000 35000 150003 2.5475
150000 40000 149966 -34.3199
155000 40000 149997 -2.62992
155000 35000 150003 2.5475
160000 35000 150014 13.8227
155000 40000 149997 -2.62992
160000 40000 149995 -4.83406
80000 40000 150011 10.5123
85000 40000 150018 18.0042
80000 45000 150013 12.5045
85000 45000 150018 17.707
85000 40000 150018 18.0042
90000 40000 150023 23.0785
85000 45000 150018 17.707
90000 45000 150024 23.9057
80000 45000 150013 12.5045
85000 45000 150018 17.707
80000 50000 150011 11.1808
85000 50000 150015 15.1893
85000 45000 150018 17.707
90000 45000 150024 23.9057
85000 50000 150015 15.1893
90000 50000 150020 20.2566
90000 40000 150023 23.0785
95000 40000 150026 25.9345
90000 45000 150024 23.9057
95000 45000 150025 25.4637
95000 40000 150026 25.9345
100000 40000 150028 28.0427
95000 45000 150025 25.4637
100000 45000 150026 26.1183
90000 45000 150024 23.9057
95000 45000 150025 25.4637
90000 50000 150020 20.2566
95000 50000 150026 26.2967
95000 45000 150025 25.4637
100000 45000 150026 26.1183
95000 50000 150026 26.2967
100000 50000 150028 27.8906
100000 40000 150028 28.0427
105000 40000 150028 27.7561
100000 45000 150026 26.1183
105000 45000 150028 27.6168
105000 40000 150028 27.7561
110000 40000 150027 26.9644
105000 45000 150028 27.6168
110000 45000 150027 26.8427
100000 45000 150026 26.1183
105000 45000 150028 27.6168
100000 50000 150028 27.8906
105000 50000 150027 27.2818
105000 45000 150028 27.6168
110000 45000 150027 26.8427
105000 50000 150027 27.2818
110000 50000 150028 27.6406
110000 40000 150027 26.9644
115000 40000 150029 28.5436
110000 45000 150027 26.8427
115000 45000 150025 24.7112
115000 40000 150029 28.5436
120000 40000 150021 21.1534
115000 45000 150025 24.7112
120000 45000 150023 22.508
110000 45000 150027 26.8427
115000 45000 150025 24.7112
110000 50000 150028 27.6406
115000 50000 150025 25.1433
115000 45000 150025 24.7112
120000 45000 150023 22.508
115000 50000 150025 25.1433
120000 50000 150012 11.7662
120000 40000 150021 21.1534
125000 40000 149991 -8.91738
120000 45000 150023 22.508
125000 45000 149980 -20.2406
125000 40000 149991 -8.91738
130000 40000 149956 -43.7701
125000 45000 149980 -20.2406
130000 45000 149965 -34.9714
120000 45000 150023 22.508
125000 45000 149980 -20.2406
120000 50000 150012 11.7662
125000 50000 150016 15.9323
125000 45000 149980 -20.2406
130000 45000 149965 -34.9714
125000 50000 150016 15.9323
130000 50000 149992 -8.02125
130000 40000 149956 -43.7701
135000 40000 149908 -91.5267
130000 45000 149965 -34.9714
135000 45000 149937 -63.1946
135000 40000 149908 -91.5267
140000 40000 149901 -99.0368
135000 45000 149937 -63.1946
140000 45000 149894 -106.287
130000 45000 149965 -34.9714
135000 45000 149937 -63.1946
130000 50000 149992 -8.02125
135000 50000 149958 -42.4045
135000 45000 149937 -63.1946
140000 45000 149894 -106.287
135000 50000 149958 -42.4045
140000 50000 149910 -90.0068
140000 40000 149901 -99.0368
145000 40000 149939 -60.9819
140000 45000 149894 -106.287
145000 45000 149909 -90.6675
145000 40000 149939 -60.9819
150000 40000 149966 -34.3199
145000 45000 149909 -90.6675
150000 45000 149956 -44.3261
140000 45000 149894 -106.287
145000 45000 149909 -90.6675
140000 50000 149910 -90.0068
145000 50000 149888 -111.587
145000 45000 149909 -90.6675
150000 45000 149956 -44.3261
145000 50000 149888 -111.587
150000 50000 149933 -67.1522
150000 40000 149966 -34.3199
155000 40000 149997 -2.62992
150000 45000 149956 -44.3261
155000 45000 149968 -32.2337
155000 40000 149997 -2.62992
160000 40000 149995 -4.83406
155000 45000 149968 -32.2337
160000 45000 150008 7.63887
150000 45000 149956 -44.3261
155000 45000 149968 -32.2337
150000 50000 149933 -67.1522
155000 50000 149969 -30.5748
155000 45000 149968 -32.2337
160000 45000 150008 7.63887
155000 50000 149969 -30.5748
160000 50000 149984 -15.9966
80000 50000 150011 11.1808
85000 50000 150015 15.1893
80000 55000 150008 7.5829
85000 55000 150012 11.822
85000 50000 150015 15.1893
90000 50000 150020 20.2566
85000 55000 150012 11.822
90000 55000 150017 17.0867
80000 55000 150008 7.5829
85000 55000 150012 11.822
80000 60000 150009 9.32199
85000 60000 150013 13.0643
85000 55000 150012 11.822
90000 55000 150017 17.0867
85000 60000 150013 13.0643
90000 60000 150016 15.9623
90000 50000 150020 20.2566
95000 50000 150026 26.2967
90000 55000 150017 17.0867
95000 55000 150023 22.6012
95000 50000 150026 26.2967
100000 50000 150028 27.8906
95000 55000 150023 22.6012
100000 55000 150026 26.4726
90000 55000 150017 17.0867
95000 55000 150023 22.6012
90000 60000 150016 15.9623
95000 60000 150020 19.8868
95000 55000 150023 22.6012
100000 55000 150026 26.4726
95000 60000 150020 19.8868
100000 60000 150024 24.38
100000 50000 150028 27.8906
105000 50000 150027 27.2818
100000 55000 150026 26.4726
105000 55000 150029 28.7472
105000 50000 150027 27.2818
110000 50000 150028 27.6406
105000 55000 150029 28.7472
110000 55000 150028 28.0482
100000 55000 150026 26.4726
105000 55000 150029 28.7472
100000 60000 150024 24.38
105000 60000 150028 27.8495
105000 55000 150029 28.7472
110000 55000 150028 28.0482
105000 60000 150028 27.8495
110000 60000 150028 27.8252
110000 50000 150028 27.6406
115000 50000 150025 25.1433
110000 55000 150028 28.0482
115000 55000 150026 25.8071
115000 50000 150025 25.1433
120000 50000 150012 11.7662
115000 55000 150026 25.8071
120000 55000 150025 25.1251
110000 55000 150028 28.0482
115000 55000 150026 25.8071
110000 60000 150028 27.8252
115000 60000 150027 27.0809
115000 55000 150026 25.8071
120000 55000 150025 25.1251
115000 60000 150027 27.0809
120000 60000 150025 25.3536
120000 50000 150012 11.7662
125000 50000 150016 15.9323
120000 55000 150025 25.1251
125000 55000 150024 24.3134
125000 50000 150016 15.9323
130000 50000 149992 -8.02125
125000 55000 150024 24.3134
130000 55000 150003 3.43585
120000 55000 150025 25.1251
125000 55000 150024 24.3134
120000 60000 150025 25.3536
125000 60000 150025 24.8572
125000 55000 150024 24.3134
130000 55000 150003 3.43585
125000 60000 150025 24.8572
130000 60000 150017 17.1737
130000 50000 149992 -8.02125
135000 50000 149958 -42.4045
130000 55000 150003 3.43585
135000 55000 149971 -28.6852
135000 50000 149958 -42.4045
140000 50000 149910 -90.0068
135000 55000 149971 -28.6852
140000 55000 149941 -59.357
130000 55000 150003 3.43585
135000 55000 149971 -28.6852
130000 60000 150017 17.1737
135000 60000 149992 -7.85717
135000 55000 149971 -28.6852
140000 55000 149941 -59.357
135000 60000 149992 -7.85717
140000 60000 149957 -42.8125
140000 50000 149910 -90.0068
145000 50000 149888 -111.587
140000 55000 149941 -59.357
145000 55000 149893 -106.996
145000 50000 149888 -111.587
150000 50000 149933 -67.1522
145000 55000 149893 -106.996
150000 55000 149909 -90.7005
140000 55000 149941 -59.357
145000 55000 149893 -106.996
140000 60000 149957 -42.8125
145000 60000 149918 -82.4719
145000 55000 149893 -106.996
150000 55000 149909 -90.7005
145000 60000 149918 -82.4719
150000 60000 149895 -105.212
150000 50000 149933 -67.1522
155000 50000 149969 -30.5748
150000 55000 149909 -90.7005
155000 55000 149955 -45.0614
155000 50000 149969 -30.5748
160000 50000 149984 -15.9966
155000 55000 149955 -45.0614
160000 55000 149975 -24.5529
150000 55000 149909 -90.7005
155000 55000 149955 -45.0614
150000 60000 149895 -105.212
155000 60000 149928 -72.4918
155000 55000 149955 -45.0614
160000 55000 149975 -24.5529
155000 60000 149928 -72.4918
160000 60000 149958 -41.6928
80000 60000 150009 9.32199
85000 60000 150013 13.0643
80000 65000 150008 7.57495
85000 65000 150011 10.9858
85000 60000 150013 13.0643
90000 60000 150016 15.9623
85000 65000 150011 10.9858
90000 65000 150017 16.9198
80000 65000 150008 7.57495
85000 65000 150011 10.9858
80000 70000 150008 7.67318
85000 70000 150011 10.5533
85000 65000 150011 10.9858
90000 65000 150017 16.9198
85000 70000 150011 10.5533
90000 70000 150014 13.7286
90000 60000 150016 15.9623
95000 60000 150020 19.8868
90000 65000 150017 16.9198
95000 65000 150020 20.3242
95000 60000 150020 19.8868
100000 60000 150024 24.38
95000 65000 150020 20.3242
100000 65000 150023 23.2418
90000 65000 150017 16.9198
95000 65000 150020 20.3242
90000 70000 150014 13.7286
95000 70000 150018 17.7759
95000 65000 150020 20.3242
100000 65000 150023 23.2418
95000 70000 150018 17.7759
100000 70000 150022 21.5371
100000 60000 150024 24.38
105000 60000 150028 27.8495
100000 65000 150023 23.2418
105000 65000 150028 27.7499
105000 60000 150028 27.8495
110000 60000 150028 27.8252
105000 65000 150028 27.7499
110000 65000 150028 28.407
100000 65000 150023 23.2418
105000 65000 150028 27.7499
100000 70000 150022 21.5371
105000 70000 150025 25.1507
105000 65000 150028 27.7499
110000 65000 150028 28.407
105000 70000 150025 25.1507
110000 70000 150027 27.1382
110000 60000 150028 27.8252
115000 60000 150027 27.0809
110000 65000 150028 28.407
115000 65000 150027 27.1334
115000 60000 150027 27.0809
120000 60000 150025 25.3536
115000 65000 150027 27.1334
120000 65000 150026 25.8827
110000 65000 150028 28.407
115000 65000 150027 27.1334
110000 70000 150027 27.1382
115000 70000 150029 28.7584
115000 65000 150027 27.1334
120000 65000 150026 25.8827
115000 70000 150029 28.7584
120000 70000 150027 26.8442
120000 60000 150025 25.3536
125000 60000 150025 24.8572
120000 65000 150026 25.8827
125000 65000 150025 24.632
125000 60000 150025 24.8572
130000 60000 150017 17.1737
125000 65000 150025 24.632
130000 65000 150016 15.6947
120000 65000 150026 25.8827
125000 65000 150025 24.632
120000 70000 150027 26.8442
125000 70000 150023 23.3263
125000 65000 150025 24.632
130000 65000 150016 15.6947
125000 70000 150023 23.3263
130000 70000 150019 19.4037
130000 60000 150017 17.1737
135000 60000 149992 -7.85717
130000 65000 150016 15.6947
135000 65000 149993 -7.15914
135000 60000 149992 -7.85717
140000 60000 149957 -42.8125
135000 65000 149993 -7.15914
140000 65000 149973 -26.851
130000 65000 150016 15.6947
135000 65000 149993 -7.15914
130000 70000 150019 19.4037
135000 70000 150013 12.782
135000 65000 149993 -7.15914
140000 65000 149973 -26.851
135000 70000 150013 12.782
140000 70000 149985 -14.5483
140000 60000 149957 -42.8125
145000 60000 149918 -82.4719
140000 65000 149973 -26.851
145000 65000 149949 -50.8013
145000 60000 149918 -82.4719
150000 60000 149895 -105.212
145000 65000 149949 -50.8013
150000 65000 149904 -96.0655
140000 65000 149973 -26.851
145000 65000 149949 -50.8013
140000 70000 149985 -14.5483
145000 70000 149958 -42.4043
145000 65000 149949 -50.8013
150000 65000 149904 -96.0655
145000 70000 149958 -42.4043
150000 70000 149931 -68.8469
150000 60000 149895 -105.212
155000 60000 149928 -72.4918
150000 65000 149904 -96.0655
155000 65000 149900 -100.218
155000 60000 149928 -72.4918
160000 60000 149958 -41.6928
155000 65000 149900 -100.218
160000 65000 149946 -53.5252
150000 65000 149904 -96.0655
155000 65000 149900 -100.218
150000 70000 149931 -68.8469
155000 70000 149893 -107.191
155000 65000 149900 -100.218
160000 65000 149946 -53.5252
155000 70000 149893 -107.191
160000 70000 149914 -85.6345
80000 70000 150008 7.67318
85000 70000 150011 10.5533
80000 75000 150004 3.61508
85000 75000 150008 7.95835
85000 70000 150011 10.5533
90000 70000 150014 13.7286
85000 75000 150008 7.95835
90000 75000 150013 12.7413
80000 75000 150004 3.61508
85000 75000 150008 7.95835
80000 80000 150007 7.03665
85000 80000 150008 7.52173
85000 75000 150008 7.95835
90000 75000 150013 12.7413
85000 80000 150008 7.52173
90000 80000 150011 10.7398
90000 70000 150014 13.7286
95000 70000 150018 17.7759
90000 75000 150013 12.7413
95000 75000 150017 16.6287
95000 70000 150018 17.7759
100000 70000 150022 21.5371
95000 75000 150017 16.6287
100000 75000 150019 19.0222
90000 75000 150013 12.7413
95000 75000 150017 16.6287
90000 80000 150011 10.7398
95000 80000 150015 14.7733
95000 75000 150017 16.6287
100000 75000 150019 19.0222
95000 80000 150015 14.7733
100000 80000 150020 19.7106
100000 70000 150022 21.5371
105000 70000 150025 25.1507
100000 75000 150019 19.0222
105000 75000 150023 23.3977
105000 70000 150025 25.1507
110000 70000 150027 27.1382
105000 75000 150023 23.3977
110000 75000 150027 26.6443
100000 75000 150019 19.0222
105000 75000 150023 23.3977
100000 80000 150020 19.7106
105000 80000 150022 22.3397
105000 75000 150023 23.3977
110000 75000 150027 26.6443
105000 80000 150022 22.3397
110000 80000 150025 25.0449
110000 70000 150027 27.1382
115000 70000 150029 28.7584
110000 75000 150027 26.6443
115000 75000 150026 26.0814
115000 70000 150029 28.7584
120000 70000 150027 26.8442
115000 75000 150026 26.0814
120000 75000 150026 26.335
110000 75000 150027 26.6443
115000 75000 150026 26.0814
110000 80000 150025 25.0449
115000 80000 150025 25.1781
115000 75000 150026 26.0814
120000 75000 150026 26.335
115000 80000 150025 25.1781
120000 80000 150026 25.5778
120000 70000 150027 26.8442
125000 70000 150023 23.3263
120000 75000 150026 26.335
125000 75000 150024 23.6256
125000 70000 150023 23.3263
130000 70000 150019 19.4037
125000 75000 150024 23.6256
130000 75000 150019 18.9324
120000 75000 150026 26.335
125000 75000 150024 23.6256
120000 80000 150026 25.5778
125000 80000 150023 22.9663
125000 75000 150024 23.6256
130000 75000 150019 18.9324
125000 80000 150023 22.9663
130000 80000 150018 18.1404
130000 70000 150019 19.4037
135000 70000 150013 12.782
130000 75000 150019 18.9324
135000 75000 150013 12.8915
135000 70000 150013 12.782
140000 70000 149985 -14.5483
135000 75000 150013 12.8915
140000 75000 149996 -4.49073
130000 75000 150019 18.9324
135000 75000 150013 12.8915
130000 80000 150018 18.1404
135000 80000 150013 12.8473
135000 75000 150013 12.8915
140000 75000 149996 -4.49073
135000 80000 150013 12.8473
140000 80000 150011 10.8907
140000 70000 149985 -14.5483
145000 70000 149958 -42.4043
140000 75000 149996 -4.49073
145000 75000 149973 -27.4454
145000 70000 149958 -42.4043
150000 70000 149931 -68.8469
145000 75000 149973 -27.4454
150000 75000 149956 -43.7881
140000 75000 149996 -4.49073
145000 75000 149973 -27.4454
140000 80000 150011 10.8907
145000 80000 149999 -1.34711
145000 75000 149973 -27.4454
150000 75000 149956 -43.7881
145000 80000 149999 -1.34711
150000 80000 149967 -33.4629
150000 70000 149931 -68.8469
155000 70000 149893 -107.191
150000 75000 149956 -43.7881
155000 75000 149908 -91.8578
155000 70000 149893 -107.191
160000 70000 149914 -85.6345
155000 75000 149908 -91.8578
160000 75000 149890 -110.023
150000 75000 149956 -43.7881
155000 75000 149908 -91.8578
150000 80000 149967 -33.4629
155000 80000 149935 -65.0974
155000 75000 149908 -91.8578
160000 75000 149890 -110.023
155000 80000 149935 -65.0974
160000 80000 149889 -111.054
0 80000 149991 -8.80908
5000 80000 149991 -9.06429
0 85000 149990 -9.89744
5000 85000 149990 -10.0157
5000 80000 149991 -9.06429
10000 80000 149990 -9.58144
5000 85000 149990 -10.0157
10000 85000 149991 -8.796
0 85000 149990 -9.89744
5000 85000 149990 -10.0157
0 90000 149990 -10.0896
5000 90000 149991 -9.30818
5000 85000 149990 -10.0157
10000 85000 149991 -8.796
5000 90000 149991 -9.30818
10000 90000 149991 -8.85293
10000 80000 149990 -9.58144
15000 80000 149991 -9.2295
10000 85000 149991 -8.796
15000 85000 149992 -8.45365
15000 80000 149991 -9.2295
20000 80000 149991 -9.17762
15000 85000 149992 -8.45365
20000 85000 149991 -8.58741
10000 85000 149991 -8.796
15000 85000 149992 -8.45365
10000 90000 149991 -8.85293
15000 90000 149991 -9.14698
15000 85000 149992 -8.45365
20000 85000 149991 -8.58741
15000 90000 149991 -9.14698
20000 90000 149990 -9.53389
20000 80000 149991 -9.17762
25000 80000 149991 -9.16462
20000 85000 149991 -8.58741
25000 85000 149991 -9.10739
25000 80000 149991 -9.16462
30000 80000 149991 -8.79091
25000 85000 149991 -9.10739
30000 85000 149991 -9.00806
20000 85000 149991 -8.58741
25000 85000 149991 -9.10739
20000 90000 149990 -9.53389
25000 90000 149991 -9.23245
25000 85000 149991 -9.10739
30000 85000 149991 -9.00806
25000 90000 149991 -9.23245
30000 90000 149991 -8.88784
30000 80000 149991 -8.79091
35000 80000 149991 -8.58173
30000 85000 149991 -9.00806
35000 85000 149991 -8.66494
35000 80000 149991 -8.58173
40000 80000 149992 -7.84408
35000 85000 149991 -8.66494
40000 85000 149992 -8.29962
30000 85000 149991 -9.00806
35000 85000 149991 -8.66494
30000 90000 149991 -8.88784
35000 90000 149991 -8.59379
35000 85000 149991 -8.66494
40000 85000 149992 -8.29962
35000 90000 149991 -8.59379
40000 90000 149992 -7.77953
40000 80000 149992 -7.84408
45000 80000 149992 -7.80276
40000 85000 149992 -8.29962
45000 85000 149992 -7.94429
45000 80000 149992 -7.80276
50000 80000 149992 -7.54756
45000 85000 149992 -7.94429
50000 85000 149992 -7.60711
40000 85000 149992 -8.29962
45000 85000 149992 -7.94429
40000 90000 149992 -7.77953
45000 90000 149992 -7.57232
45000 85000 149992 -7.94429
50000 85000 149992 -7.60711
45000 90000 149992 -7.57232
50000 90000 149993 -7.30678
50000 80000 149992 -7.54756
55000 80000 149994 -6.073
50000 85000 149992 -7.60711
55000 85000 149993 -7.25304
55000 80000 149994 -6.073
60000 80000 149994 -5.6341
55000 85000 149993 -7.25304
60000 85000 149993 -6.51973
50000 85000 149992 -7.60711
55000 85000 149993 -7.25304
50000 90000 149993 -7.30678
55000 90000 149993 -6.98384
55000 85000 149993 -7.25304
60000 85000 149993 -6.51973
55000 90000 149993 -6.98384
60000 90000 149994 -5.71378
60000 80000 149994 -5.6341
65000 80000 149995 -5.41908
60000 85000 149993 -6.51973
65000 85000 149996 -3.90195
65000 80000 149995 -5.41908
70000 80000 149997 -2.73555
65000 85000 149996 -3.90195
70000 85000 149998 -1.9209
60000 85000 149993 -6.51973
65000 85000 149996 -3.90195
60000 90000 149994 -5.71378
65000 90000 149994 -5.78606
65000 85000 149996 -3.90195
70000 85000 149998 -1.9209
65000 90000 149994 -5.78606
70000 90000 149998 -1.73147
70000 80000 149997 -2.73555
75000 80000 150000 0.184323
70000 85000 149998 -1.9209
75000 85000 150002 1.69046
75000 80000 150000 0.184323
80000 80000 150007 7.03665
75000 85000 150002 1.69046
80000 85000 150003 3.13625
70000 85000 149998 -1.9209
75000 85000 150002 1.69046
70000 90000 149998 -1.73147
75000 90000 149999 -1.47899
75000 85000 150002 1.69046
80000 85000 150003 3.13625
75000 90000 149999 -1.47899
80000 90000 150004 4.27488
80000 80000 150007 7.03665
85000 80000 150008 7.52173
80000 85000 150003 3.13625
85000 85000 150008 7.89179
85000 80000 150008 7.52173
90000 80000 150011 10.7398
85000 85000 150008 7.89179
90000 85000 150009 8.79752
80000 85000 150003 3.13625
85000 85000 150008 7.89179
80000 90000 150004 4.27488
85000 90000 150008 7.70807
85000 85000 150008 7.89179
90000 85000 150009 8.79752
85000 90000 150008 7.70807
90000 90000 150009 8.73077
90000 80000 150011 10.7398
95000 80000 150015 14.7733
90000 85000 150009 8.79752
95000 85000 150013 13.2541
95000 80000 150015 14.7733
100000 80000 150020 19.7106
95000 85000 150013 13.2541
100000 85000 150016 15.7015
90000 85000 150009 8.79752
95000 85000 150013 13.2541
90000 90000 150009 8.73077
95000 90000 150012 11.7983
95000 85000 150013 13.2541
100000 85000 150016 15.7015
95000 90000 150012 11.7983
100000 90000 150015 15.43
100000 80000 150020 19.7106
105000 80000 150022 22.3397
100000 85000 150016 15.7015
105000 85000 150020 19.9453
105000 80000 150022 22.3397
110000 80000 150025 25.0449
105000 85000 150020 19.9453
110000 85000 150022 21.638
100000 85000 150016 15.7015
105000 85000 150020 19.9453
100000 90000 150015 15.43
105000 90000 150018 18.3677
105000 85000 150020 19.9453
110000 85000 150022 21.638
105000 90000 150018 18.3677
110000 90000 150020 20.467
0 90000 149990 -10.0896
5000 90000 149991 -9.30818
0 95000 149990 -9.94401
5000 95000 149990 -10.0623
5000 90000 149991 -9.30818
10000 90000 149991 -8.85293
5000 95000 149990 -10.0623
10000 95000 149990 -10.0867
0 95000 149990 -9.94401
5000 95000 149990 -10.0623
0 100000 149990 -10.029
5000 100000 149990 -10.1374
5000 95000 149990 -10.0623
10000 95000 149990 -10.0867
5000 100000 149990 -10.1374
10000 100000 149990 -9.99575
10000 90000 149991 -8.85293
15000 90000 149991 -9.14698
10000 95000 149990 -10.0867
15000 95000 149990 -9.94135
15000 90000 149991 -9.14698
20000 90000 149990 -9.53389
15000 95000 149990 -9.94135
20000 95000 149991 -9.399
10000 95000 149990 -10.0867
15000 95000 149990 -9.94135
10000 100000 149990 -9.99575
15000 100000 149990 -9.80378
15000 95000 149990 -9.94135
20000 95000 149991 -9.399
15000 100000 149990 -9.80378
20000 100000 149990 -9.54783
20000 90000 149990 -9.53389
25000 90000 149991 -9.23245
20000 95000 149991 -9.399
25000 95000 149990 -9.63329
25000 90000 149991 -9.23245
30000 90000 149991 -8.88784
25000 95000 149990 -9.63329
30000 95000 149991 -9.33703
20000 95000 149991 -9.399
25000 95000 149990 -9.63329
20000 100000 149990 -9.54783
25000 100000 149991 -9.4612
25000 95000 149990 -9.63329
30000 95000 149991 -9.33703
25000 100000 149991 -9.4612
30000 100000 149991 -9.16778
30000 90000 149991 -8.88784
35000 90000 149991 -8.59379
30000 95000 149991 -9.33703
35000 95000 149991 -8.92158
35000 90000 149991 -8.59379
40000 90000 149992 -7.77953
35000 95000 149991 -8.92158
40000 95000 149992 -8.39205
30000 95000 149991 -9.33703
35000 95000 149991 -8.92158
30000 100000 149991 -9.16778
35000 100000 149991 -9.08422
35000 95000 149991 -8.92158
40000 95000 149992 -8.39205
35000 100000 149991 -9.08422
40000 100000 149991 -8.96701
40000 90000 149992 -7.77953
45000 90000 149992 -7.57232
40000 95000 149992 -8.39205
45000 95000 149991 -8.55555
45000 90000 149992 -7.57232
50000 90000 149993 -7.30678
45000 95000 149991 -8.55555
50000 95000 149992 -8.16666
40000 95000 149992 -8.39205
45000 95000 149991 -8.55555
40000 100000 149991 -8.96701
45000 100000 149991 -8.54102
45000 95000 149991 -8.55555
50000 95000 149992 -8.16666
45000 100000 149991 -8.54102
50000 100000 149992 -8.12421
50000 90000 149993 -7.30678
55000 90000 149993 -6.98384
50000 95000 149992 -8.16666
55000 95000 149992 -7.57023
55000 90000 149993 -6.98384
60000 90000 149994 -5.71378
55000 95000 149992 -7.57023
60000 95000 149995 -5.49126
50000 95000 149992 -8.16666
55000 95000 149992 -7.57023
50000 100000 149992 -8.12421
55000 100000 149992 -7.69797
55000 95000 149992 -7.57023
60000 95000 149995 -5.49126
55000 100000 149992 -7.69797
60000 100000 149993 -6.6037
60000 90000 149994 -5.71378
65000 90000 149994 -5.78606
60000 95000 149995 -5.49126
65000 95000 149996 -4.24864
65000 90000 149994 -5.78606
70000 90000 149998 -1.73147
65000 95000 149996 -4.24864
70000 95000 149998 -1.91364
60000 95000 149995 -5.49126
65000 95000 149996 -4.24864
60000 100000 149993 -6.6037
65000 100000 149994 -6.47883
65000 95000 149996 -4.24864
70000 95000 149998 -1.91364
65000 100000 149994 -6.47883
70000 100000 149994 -5.50456
70000 90000 149998 -1.73147
75000 90000 149999 -1.47899
70000 95000 149998 -1.91364
75000 95000 150000 -0.154853
75000 90000 149999 -1.47899
80000 90000 150004 4.27488
75000 95000 150000 -0.154853
80000 95000 150004 3.83271
70000 95000 149998 -1.91364
75000 95000 150000 -0.154853
70000 100000 149994 -5.50456
75000 100000 149999 -0.511688
75000 95000 150000 -0.154853
80000 95000 150004 3.83271
75000 100000 149999 -0.511688
80000 100000 149999 -0.650791
80000 90000 150004 4.27488
85000 90000 150008 7.70807
80000 95000 150004 3.83271
85000 95000 150007 6.92505
85000 90000 150008 7.70807
90000 90000 150009 8.73077
85000 95000 150007 6.92505
90000 95000 150010 9.58757
80000 95000 150004 3.83271
85000 95000 150007 6.92505
80000 100000 149999 -0.650791
85000 100000 150005 4.5489
85000 95000 150007 6.92505
90000 95000 150010 9.58757
85000 100000 150005 4.5489
90000 100000 150005 5.08445
90000 90000 150009 8.73077
95000 90000 150012 11.7983
90000 95000 150010 9.58757
95000 95000 150012 11.901
95000 90000 150012 11.7983
100000 90000 150015 15.43
95000 95000 150012 11.901
100000 95000 150014 13.7723
90000 95000 150010 9.58757
95000 95000 150012 11.901
90000 100000 150005 5.08445
95000 100000 150008 8.41056
95000 95000 150012 11.901
100000 95000 150014 13.7723
95000 100000 150008 8.41056
100000 100000 150014 14.0444
0 100000 149990 -10.029
5000 100000 149990 -10.1374
0 105000 149990 -10.0505
5000 105000 149990 -10.3126
5000 100000 149990 -10.1374
10000 100000 149990 -9.99575
5000 105000 149990 -10.3126
10000 105000 149990 -10.1623
0 105000 149990 -10.0505
5000 105000 149990 -10.3126
0 110000 149990 -10.2778
5000 110000 149990 -10.175
5000 105000 149990 -10.3126
10000 105000 149990 -10.1623
5000 110000 149990 -10.175
10000 110000 149989 -10.7799
10000 100000 149990 -9.99575
15000 100000 149990 -9.80378
10000 105000 149990 -10.1623
15000 105000 149990 -10.4433
15000 100000 149990 -9.80378
20000 100000 149990 -9.54783
15000 105000 149990 -10.4433
20000 105000 149990 -9.70569
10000 105000 149990 -10.1623
15000 105000 149990 -10.4433
10000 110000 149989 -10.7799
15000 110000 149989 -10.8137
15000 105000 149990 -10.4433
20000 105000 149990 -9.70569
15000 110000 149989 -10.8137
20000 110000 149990 -10.4516
20000 100000 149990 -9.54783
25000 100000 149991 -9.4612
20000 105000 149990 -9.70569
25000 105000 149990 -9.90834
25000 100000 149991 -9.4612
30000 100000 149991 -9.16778
25000 105000 149990 -9.90834
30000 105000 149990 -9.72395
20000 105000 149990 -9.70569
25000 105000 149990 -9.90834
20000 110000 149990 -10.4516
25000 110000 149990 -9.82774
25000 105000 149990 -9.90834
30000 105000 149990 -9.72395
25000 110000 149990 -9.82774
30000 110000 149991 -8.77877
30000 100000 149991 -9.16778
35000 100000 149991 -9.08422
30000 105000 149990 -9.72395
35000 105000 149991 -9.36829
35000 100000 149991 -9.08422
40000 100000 149991 -8.96701
35000 105000 149991 -9.36829
40000 105000 149991 -8.81663
30000 105000 149990 -9.72395
35000 105000 149991 -9.36829
30000 110000 149991 -8.77877
35000 110000 149991 -9.20369
35000 105000 149991 -9.36829
40000 105000 149991 -8.81663
35000 110000 149991 -9.20369
40000 110000 149991 -8.61573
40000 100000 149991 -8.96701
45000 100000 149991 -8.54102
40000 105000 149991 -8.81663
45000 105000 149991 -8.60176
45000 100000 149991 -8.54102
50000 100000 149992 -8.12421
45000 105000 149991 -8.60176
50000 105000 149992 -8.19684
40000 105000 149991 -8.81663
45000 105000 149991 -8.60176
40000 110000 149991 -8.61573
45000 110000 149991 -8.64845
45000 105000 149991 -8.60176
50000 105000 149992 -8.19684
45000 110000 149991 -8.64845
50000 110000 149992 -8.24935
50000 100000 149992 -8.12421
55000 100000 149992 -7.69797
50000 105000 149992 -8.19684
55000 105000 149992 -7.71372
55000 100000 149992 -7.69797
60000 100000 149993 -6.6037
55000 105000 149992 -7.71372
60000 105000 149994 -6.2436
50000 105000 149992 -8.19684
55000 105000 149992 -7.71372
50000 110000 149992 -8.24935
55000 110000 149992 -7.6662
55000 105000 149992 -7.71372
60000 105000 149994 -6.2436
55000 110000 149992 -7.6662
60000 110000 149994 -6.22116
60000 100000 149993 -6.6037
65000 100000 149994 -6.47883
60000 105000 149994 -6.2436
65000 105000 149995 -5.21941
65000 100000 149994 -6.47883
70000 100000 149994 -5.50456
65000 105000 149995 -5.21941
70000 105000 149998 -2.27716
60000 105000 149994 -6.2436
65000 105000 149995 -5.21941
60000 110000 149994 -6.22116
65000 110000 149994 -5.93336
65000 105000 149995 -5.21941
70000 105000 149998 -2.27716
65000 110000 149994 -5.93336
70000 110000 149997 -2.51094
70000 100000 149994 -5.50456
75000 100000 149999 -0.511688
70000 105000 149998 -2.27716
75000 105000 150001 0.854923
75000 100000 149999 -0.511688
80000 100000 149999 -0.650791
75000 105000 150001 0.854923
80000 105000 150005 4.53168
70000 105000 149998 -2.27716
75000 105000 150001 0.854923
70000 110000 149997 -2.51094
75000 110000 150001 0.655963
75000 105000 150001 0.854923
80000 105000 150005 4.53168
75000 110000 150001 0.655963
80000 110000 150003 2.9515
0 110000 149990 -10.2778
5000 110000 149990 -10.175
0 115000 149991 -9.41376
5000 115000 149990 -10.4282
5000 110000 149990 -10.175
10000 110000 149989 -10.7799
5000 115000 149990 -10.4282
10000 115000 149989 -10.6633
0 115000 149991 -9.41376
5000 115000 149990 -10.4282
0 120000 149990 -10.0839
5000 120000 149989 -10.7014
5000 115000 149990 -10.4282
10000 115000 149989 -10.6633
5000 120000 149989 -10.7014
10000 120000 149988 -11.5657
10000 110000 149989 -10.7799
15000 110000 149989 -10.8137
10000 115000 149989 -10.6633
15000 115000 149990 -9.88108
15000 110000 149989 -10.8137
20000 110000 149990 -10.4516
15000 115000 149990 -9.88108
20000 115000 149990 -9.89798
10000 115000 149989 -10.6633
15000 115000 149990 -9.88108
10000 120000 149988 -11.5657
15000 120000 149989 -11.0094
15000 115000 149990 -9.88108
20000 115000 149990 -9.89798
15000 120000 149989 -11.0094
20000 120000 149990 -9.86611
20000 110000 149990 -10.4516
25000 110000 149990 -9.82774
20000 115000 149990 -9.89798
25000 115000 149991 -9.21915
25000 110000 149990 -9.82774
30000 110000 149991 -8.77877
25000 115000 149991 -9.21915
30000 115000 149991 -9.171
20000 115000 149990 -9.89798
25000 115000 149991 -9.21915
20000 120000 149990 -9.86611
25000 120000 149991 -8.81244
25000 115000 149991 -9.21915
30000 115000 149991 -9.171
25000 120000 149991 -8.81244
30000 120000 149992 -8.45448
30000 110000 149991 -8.77877
35000 110000 149991 -9.20369
30000 115000 149991 -9.171
35000 115000 149991 -8.89949
35000 110000 149991 -9.20369
40000 110000 149991 -8.61573
35000 115000 149991 -8.89949
40000 115000 149991 -8.68184
30000 115000 149991 -9.171
35000 115000 149991 -8.89949
30000 120000 149992 -8.45448
35000 120000 149992 -8.38104
35000 115000 149991 -8.89949
40000 115000 149991 -8.68184
35000 120000 149992 -8.38104
40000 120000 149991 -8.99953
40000 110000 149991 -8.61573
45000 110000 149991 -8.64845
40000 115000 149991 -8.68184
45000 115000 149991 -8.64953
45000 110000 149991 -8.64845
50000 110000 149992 -8.24935
45000 115000 149991 -8.64953
50000 115000 149992 -8.2995
40000 115000 149991 -8.68184
45000 115000 149991 -8.64953
40000 120000 149991 -8.99953
45000 120000 149991 -8.76046
45000 115000 149991 -8.64953
50000 115000 149992 -8.2995
45000 120000 149991 -8.76046
50000 120000 149992 -8.33466
50000 110000 149992 -8.24935
55000 110000 149992 -7.6662
50000 115000 149992 -8.2995
55000 115000 149992 -7.82657
55000 110000 149992 -7.6662
60000 110000 149994 -6.22116
55000 115000 149992 -7.82657
60000 115000 149993 -6.97318
50000 115000 149992 -8.2995
55000 115000 149992 -7.82657
50000 120000 149992 -8.33466
55000 120000 149992 -7.88132
55000 115000 149992 -7.82657
60000 115000 149993 -6.97318
55000 120000 149992 -7.88132
60000 120000 149993 -6.73792
60000 110000 149994 -6.22116
65000 110000 149994 -5.93336
60000 115000 149993 -6.97318
65000 115000 149995 -5.04266
65000 110000 149994 -5.93336
70000 110000 149997 -2.51094
65000 115000 149995 -5.04266
70000 115000 149997 -3.35028
60000 115000 149993 -6.97318
65000 115000 149995 -5.04266
60000 120000 149993 -6.73792
65000 120000 149996 -4.45121
65000 115000 149995 -5.04266
70000 115000 149997 -3.35028
65000 120000 149996 -4.45121
70000 120000 149999 -1.18613
70000 110000 149997 -2.51094
75000 110000 150001 0.655963
70000 115000 149997 -3.35028
75000 115000 149999 -0.622723
75000 110000 150001 0.655963
80000 110000 150003 2.9515
75000 115000 149999 -0.622723
80000 115000 150002 2.0651
70000 115000 149997 -3.35028
75000 115000 149999 -0.622723
70000 120000 149999 -1.18613
75000 120000 150002 1.57441
75000 115000 149999 -0.622723
80000 115000 150002 2.0651
75000 120000 150002 1.57441
80000 120000 150002 2.28702
160000 0 150007 6.92344
165000 0 150013 13.1103
160000 5000 150007 7.48493
165000 5000 150013 13.1201
165000 0 150013 13.1103
170000 0 150019 19.1437
165000 5000 150013 13.1201
170000 5000 150019 19.3919
160000 5000 150007 7.48493
165000 5000 150013 13.1201
160000 10000 150010 10.0462
165000 10000 150015 15.3399
165000 5000 150013 13.1201
170000 5000 150019 19.3919
165000 10000 150015 15.3399
170000 10000 150020 19.9359
170000 0 150019 19.1437
175000 0 150020 19.8579
170000 5000 150019 19.3919
175000 5000 150021 20.503
175000 0 150020 19.8579
180000 0 150021 20.9093
175000 5000 150021 20.503
180000 5000 150021 21.4591
170000 5000 150019 19.3919
175000 5000 150021 20.503
170000 10000 150020 19.9359
175000 10000 150022 22.3831
175000 5000 150021 20.503
180000 5000 150021 21.4591
175000 10000 150022 22.3831
180000 10000 150021 20.6122
180000 0 150021 20.9093
185000 0 150020 19.8115
180000 5000 150021 21.4591
185000 5000 150020 20.1637
185000 0 150020 19.8115
190000 0 150019 19.0688
185000 5000 150020 20.1637
190000 5000 150017 17.2517
180000 5000 150021 21.4591
185000 5000 150020 20.1637
180000 10000 150021 20.6122
185000 10000 150021 20.9106
185000 5000 150020 20.1637
190000 5000 150017 17.2517
185000 10000 150021 20.9106
190000 10000 150020 19.717
190000 0 150019 19.0688
195000 0 150019 18.5167
190000 5000 150017 17.2517
195000 5000 150017 17.1895
195000 0 150019 18.5167
200000 0 150017 17.0659
195000 5000 150017 17.1895
200000 5000 150015 15.1253
190000 5000 150017 17.2517
195000 5000 150017 17.1895
190000 10000 150020 19.717
195000 10000 150015 15.4665
195000 5000 150017 17.1895
200000 5000 150015 15.1253
195000 10000 150015 15.4665
200000 10000 150016 15.5858
200000 0 150017 17.0659
205000 0 150013 13.2649
200000 5000 150015 15.1253
205000 5000 150012 12.3324
205000 0 150013 13.2649
210000 0 150011 10.8482
205000 5000 150012 12.3324
210000 5000 150010 10.0498
200000 5000 150015 15.1253
205000 5000 150012 12.3324
200000 10000 150016 15.5858
205000 10000 150013 12.5556
205000 5000 150012 12.3324
210000 5000 150010 10.0498
205000 10000 150013 12.5556
210000 10000 150009 8.74953
210000 0 150011 10.8482
215000 0 150009 8.65521
210000 5000 150010 10.0498
215000 5000 150007 6.91383
215000 0 150009 8.65521
220000 0 150006 6.289
215000 5000 150007 6.91383
220000 5000 150004 3.90765
210000 5000 150010 10.0498
215000 5000 150007 6.91383
210000 10000 150009 8.74953
215000 10000 150007 6.66611
215000 5000 150007 6.91383
220000 5000 150004 3.90765
215000 10000 150007 6.66611
220000 10000 150001 1.37691
220000 0 150006 6.289
225000 0 150003 3.21017
220000 5000 150004 3.90765
225000 5000 149999 -0.921089
225000 0 150003 3.21017
230000 0 150002 1.52679
225000 5000 149999 -0.921089
230000 5000 149998 -1.97142
220000 5000 150004 3.90765
225000 5000 149999 -0.921089
220000 10000 150001 1.37691
225000 10000 150003 3.2954
225000 5000 149999 -0.921089
230000 5000 149998 -1.97142
225000 10000 150003 3.2954
230000 10000 150002 2.1566
230000 0 150002 1.52679
235000 0 150001 0.751964
230000 5000 149998 -1.97142
235000 5000 149999 -0.813968
235000 0 150001 0.751964
240000 0 150000 0.11148
235000 5000 149999 -0.813968
240000 5000 149999 -0.681879
230000 5000 149998 -1.97142
235000 5000 149999 -0.813968
230000 10000 150002 2.1566
235000 10000 150000 0.301055
235000 5000 149999 -0.813968
240000 5000 149999 -0.681879
235000 10000 150000 0.301055
240000 10000 149997 -3.49771
160000 10000 150010 10.0462
165000 10000 150015 15.3399
160000 15000 150011 11.0484
165000 15000 150016 15.9507
165000 10000 150015 15.3399
170000 10000 150020 19.9359
165000 15000 150016 15.9507
170000 15000 150021 20.5441
160000 15000 150011 11.0484
165000 15000 150016 15.9507
160000 20000 150008 8.10247
165000 20000 150014 13.8637
165000 15000 150016 15.9507
170000 15000 150021 20.5441
165000 20000 150014 13.8637
170000 20000 150019 18.6972
170000 10000 150020 19.9359
175000 10000 150022 22.3831
170000 15000 150021 20.5441
175000 15000 150022 22.4203
175000 10000 150022 22.3831
180000 10000 150021 20.6122
175000 15000 150022 22.4203
180000 15000 150023 23.1048
170000 15000 150021 20.5441
175000 15000 150022 22.4203
170000 20000 150019 18.6972
175000 20000 150023 22.6112
175000 15000 150022 22.4203
180000 15000 150023 23.1048
175000 20000 150023 22.6112
180000 20000 150024 24.17
180000 10000 150021 20.6122
185000 10000 150021 20.9106
180000 15000 150023 23.1048
185000 15000 150023 22.5977
185000 10000 150021 20.9106
190000 10000 150020 19.717
185000 15000 150023 22.5977
190000 15000 150020 19.974
180000 15000 150023 23.1048
185000 15000 150023 22.5977
180000 20000 150024 24.17
185000 20000 150025 24.8428
185000 15000 150023 22.5977
190000 15000 150020 19.974
185000 20000 150025 24.8428
190000 20000 150023 23.125
190000 10000 150020 19.717
195000 10000 150015 15.4665
190000 15000 150020 19.974
195000 15000 150019 19.0835
195000 10000 150015 15.4665
200000 10000 150016 15.5858
195000 15000 150019 19.0835
200000 15000 150015 14.9696
190000 15000 150020 19.974
195000 15000 150019 19.0835
190000 20000 150023 23.125
195000 20000 150019 19.1883
195000 15000 150019 19.0835
200000 15000 150015 14.9696
195000 20000 150019 19.1883
200000 20000 150014 13.8356
200000 10000 150016 15.5858
205000 10000 150013 12.5556
200000 15000 150015 14.9696
205000 15000 150012 12.1718
205000 10000 150013 12.5556
210000 10000 150009 8.74953
205000 15000 150012 12.1718
210000 15000 150010 9.67777
200000 15000 150015 14.9696
205000 15000 150012 12.1718
200000 20000 150014 13.8356
205000 20000 150012 11.6532
205000 15000 150012 12.1718
210000 15000 150010 9.67777
205000 20000 150012 11.6532
210000 20000 150011 10.8551
210000 10000 150009 8.74953
215000 10000 150007 6.66611
210000 15000 150010 9.67777
215000 15000 150005 4.67562
215000 10000 150007 6.66611
220000 10000 150001 1.37691
215000 15000 150005 4.67562
220000 15000 150006 5.55721
210000 15000 150010 9.67777
215000 15000 150005 4.67562
210000 20000 150011 10.8551
215000 20000 150009 9.27987
215000 15000 150005 4.67562
220000 15000 150006 5.55721
215000 20000 150009 9.27987
220000 20000 150007 6.8711
220000 10000 150001 1.37691
225000 10000 150003 3.2954
220000 15000 150006 5.55721
225000 15000 150003 3.42808
225000 10000 150003 3.2954
230000 10000 150002 2.1566
225000 15000 150003 3.42808
230000 15000 150002 1.78667
220000 15000 150006 5.55721
225000 15000 150003 3.42808
220000 20000 150007 6.8711
225000 20000 150004 3.81862
225000 15000 150003 3.42808
230000 15000 150002 1.78667
225000 20000 150004 3.81862
230000 20000 150000 0.489717
230000 10000 150002 2.1566
235000 10000 150000 0.301055
230000 15000 150002 1.78667
235000 15000 150000 -0.0080018
235000 10000 150000 0.301055
240000 10000 149997 -3.49771
235000 15000 150000 -0.0080018
240000 15000 149998 -2.02898
230000 15000 150002 1.78667
235000 15000 150000 -0.0080018
230000 20000 150000 0.489717
235000 20000 150000 -0.351195
235000 15000 150000 -0.0080018
240000 15000 149998 -2.02898
235000 20000 150000 -0.351195
240000 20000 149999 -0.994938
160000 20000 150008 8.10247
165000 20000 150014 13.8637
160000 25000 150005 5.48835
165000 25000 150011 11.3092
165000 20000 150014 13.8637
170000 20000 150019 18.6972
165000 25000 150011 11.3092
170000 25000 150017 17.4539
160000 25000 150005 5.48835
165000 25000 150011 11.3092
160000 30000 150011 11.4725
165000 30000 150017 16.7237
165000 25000 150011 11.3092
170000 25000 150017 17.4539
165000 30000 150017 16.7237
170000 30000 150021 20.5028
170000 20000 150019 18.6972
175000 20000 150023 22.6112
170000 25000 150017 17.4539
175000 25000 150023 23.0329
175000 20000 150023 22.6112
180000 20000 150024 24.17
175000 25000 150023 23.0329
180000 25000 150025 24.536
170000 25000 150017 17.4539
175000 25000 150023 23.0329
170000 30000 150021 20.5028
175000 30000 150023 23.4004
175000 25000 150023 23.0329
180000 25000 150025 24.536
175000 30000 150023 23.4004
180000 30000 150025 25.2887
180000 20000 150024 24.17
185000 20000 150025 24.8428
180000 25000 150025 24.536
185000 25000 150026 25.6677
185000 20000 150025 24.8428
190000 20000 150023 23.125
185000 25000 150026 25.6677
190000 25000 150023 22.7133
180000 25000 150025 24.536
185000 25000 150026 25.6677
180000 30000 150025 25.2887
185000 30000 150028 27.5366
185000 25000 150026 25.6677
190000 25000 150023 22.7133
185000 30000 150028 27.5366
190000 30000 150025 24.8936
190000 20000 150023 23.125
195000 20000 150019 19.1883
190000 25000 150023 22.7133
195000 25000 150019 18.92
195000 20000 150019 19.1883
200000 20000 150014 13.8356
195000 25000 150019 18.92
200000 25000 150017 17.166
190000 25000 150023 22.7133
195000 25000 150019 18.92
190000 30000 150025 24.8936
195000 30000 150021 21.1122
195000 25000 150019 18.92
200000 25000 150017 17.166
195000 30000 150021 21.1122
200000 30000 150018 18.0562
200000 20000 150014 13.8356
205000 20000 150012 11.6532
200000 25000 150017 17.166
205000 25000 150015 15.1503
205000 20000 150012 11.6532
210000 20000 150011 10.8551
205000 25000 150015 15.1503
210000 25000 150013 12.6745
200000 25000 150017 17.166
205000 25000 150015 15.1503
200000 30000 150018 18.0562
205000 30000 150014 13.9468
205000 25000 150015 15.1503
210000 25000 150013 12.6745
205000 30000 150014 13.9468
210000 30000 150010 10.4706
210000 20000 150011 10.8551
215000 20000 150009 9.27987
210000 25000 150013 12.6745
215000 25000 150010 9.8265
215000 20000 150009 9.27987
220000 20000 150007 6.8711
215000 25000 150010 9.8265
220000 25000 150008 7.71854
210000 25000 150013 12.6745
215000 25000 150010 9.8265
210000 30000 150010 10.4706
215000 30000 150009 9.32971
215000 25000 150010 9.8265
220000 25000 150008 7.71854
215000 30000 150009 9.32971
220000 30000 150006 5.85274
220000 20000 150007 6.8711
225000 20000 150004 3.81862
220000 25000 150008 7.71854
225000 25000 150003 3.34936
225000 20000 150004 3.81862
230000 20000 150000 0.489717
225000 25000 150003 3.34936
230000 25000 150001 1.10263
220000 25000 150008 7.71854
225000 25000 150003 3.34936
220000 30000 150006 5.85274
225000 30000 150005 4.72412
225000 25000 150003 3.34936
230000 25000 150001 1.10263
225000 30000 150005 4.72412
230000 30000 150000 0.321503
230000 20000 150000 0.489717
235000 20000 150000 -0.351195
230000 25000 150001 1.10263
235000 25000 150001 0.527271
235000 20000 150000 -0.351195
240000 20000 149999 -0.994938
235000 25000 150001 0.527271
240000 25000 149999 -0.944084
230000 25000 150001 1.10263
235000 25000 150001 0.527271
230000 30000 150000 0.321503
235000 30000 150000 0.25725
235000 25000 150001 0.527271
240000 25000 149999 -0.944084
235000 30000 150000 0.25725
240000 30000 149999 -0.802483
160000 30000 150011 11.4725
165000 30000 150017 16.7237
160000 35000 150014 13.8227
165000 35000 150016 16.3263
165000 30000 150017 16.7237
170000 30000 150021 20.5028
165000 35000 150016 16.3263
170000 35000 150021 20.8528
160000 35000 150014 13.8227
165000 35000 150016 16.3263
160000 40000 149995 -4.83406
165000 40000 150011 10.5949
165000 35000 150016 16.3263
170000 35000 150021 20.8528
165000 40000 150011 10.5949
170000 40000 150020 19.8963
170000 30000 150021 20.5028
175000 30000 150023 23.4004
170000 35000 150021 20.8528
175000 35000 150025 25.4733
175000 30000 150023 23.4004
180000 30000 150025 25.2887
175000 35000 150025 25.4733
180000 35000 150027 26.6442
170000 35000 150021 20.8528
175000 35000 150025 25.4733
170000 40000 150020 19.8963
175000 40000 150023 23.4795
175000 35000 150025 25.4733
180000 35000 150027 26.6442
175000 40000 150023 23.4795
180000 40000 150027 26.8562
180000 30000 150025 25.2887
185000 30000 150028 27.5366
180000 35000 150027 26.6442
185000 35000 150027 27.3226
185000 30000 150028 27.5366
190000 30000 150025 24.8936
185000 35000 150027 27.3226
190000 35000 150026 26.2476
180000 35000 150027 26.6442
185000 35000 150027 27.3226
180000 40000 150027 26.8562
185000 40000 150029 28.5525
185000 35000 150027 27.3226
190000 35000 150026 26.2476
185000 40000 150029 28.5525
190000 40000 150028 28.2203
190000 30000 150025 24.8936
195000 30000 150021 21.1122
190000 35000 150026 26.2476
195000 35000 150023 23.3109
195000 30000 150021 21.1122
200000 30000 150018 18.0562
195000 35000 150023 23.3109
200000 35000 150019 18.8894
190000 35000 150026 26.2476
195000 35000 150023 23.3109
190000 40000 150028 28.2203
195000 40000 150024 23.6765
195000 35000 150023 23.3109
200000 35000 150019 18.8894
195000 40000 150024 23.6765
200000 40000 150022 22.4005
200000 30000 150018 18.0562
205000 30000 150014 13.9468
200000 35000 150019 18.8894
205000 35000 150018 17.6779
205000 30000 150014 13.9468
210000 30000 150010 10.4706
205000 35000 150018 17.6779
210000 35000 150011 10.8181
200000 35000 150019 18.8894
205000 35000 150018 17.6779
200000 40000 150022 22.4005
205000 40000 150018 17.6493
205000 35000 150018 17.6779
210000 35000 150011 10.8181
205000 40000 150018 17.6493
210000 40000 150014 14.1141
210000 30000 150010 10.4706
215000 30000 150009 9.32971
210000 35000 150011 10.8181
215000 35000 150008 7.85197
215000 30000 150009 9.32971
220000 30000 150006 5.85274
215000 35000 150008 7.85197
220000 35000 150007 7.20219
210000 35000 150011 10.8181
215000 35000 150008 7.85197
210000 40000 150014 14.1141
215000 40000 150011 10.6137
215000 35000 150008 7.85197
220000 35000 150007 7.20219
215000 40000 150011 10.6137
220000 40000 150007 6.7062
220000 30000 150006 5.85274
225000 30000 150005 4.72412
220000 35000 150007 7.20219
225000 35000 150005 5.37573
225000 30000 150005 4.72412
230000 30000 150000 0.321503
225000 35000 150005 5.37573
230000 35000 150004 3.94593
220000 35000 150007 7.20219
225000 35000 150005 5.37573
220000 40000 150007 6.7062
225000 40000 150004 4.39282
225000 35000 150005 5.37573
230000 35000 150004 3.94593
225000 40000 150004 4.39282
230000 40000 150003 3.27063
230000 30000 150000 0.321503
235000 30000 150000 0.25725
230000 35000 150004 3.94593
235000 35000 150002 1.97459
235000 30000 150000 0.25725
240000 30000 149999 -0.802483
235000 35000 150002 1.97459
240000 35000 149999 -0.746305
230000 35000 150004 3.94593
235000 35000 150002 1.97459
230000 40000 150003 3.27063
235000 40000 150000 0.481585
235000 35000 150002 1.97459
240000 35000 149999 -0.746305
235000 40000 150000 0.481585
240000 40000 149999 -0.847367
160000 40000 149995 -4.83406
165000 40000 150011 10.5949
160000 45000 150008 7.63887
165000 45000 150017 16.6693
165000 40000 150011 10.5949
170000 40000 150020 19.8963
165000 45000 150017 16.6693
170000 45000 150019 19.0207
160000 45000 150008 7.63887
165000 45000 150017 16.6693
160000 50000 149984 -15.9966
165000 50000 150001 0.588531
165000 45000 150017 16.6693
170000 45000 150019 19.0207
165000 50000 150001 0.588531
170000 50000 150017 16.5608
170000 40000 150020 19.8963
175000 40000 150023 23.4795
170000 45000 150019 19.0207
175000 45000 150023 22.8187
175000 40000 150023 23.4795
180000 40000 150027 26.8562
175000 45000 150023 22.8187
180000 45000 150026 26.347
170000 45000 150019 19.0207
175000 45000 150023 22.8187
170000 50000 150017 16.5608
175000 50000 150023 22.9809
175000 45000 150023 22.8187
180000 45000 150026 26.347
175000 50000 150023 22.9809
180000 50000 150027 27.0741
180000 40000 150027 26.8562
185000 40000 150029 28.5525
180000 45000 150026 26.347
185000 45000 150029 29.2623
185000 40000 150029 28.5525
190000 40000 150028 28.2203
185000 45000 150029 29.2623
190000 45000 150028 27.5735
180000 45000 150026 26.347
185000 45000 150029 29.2623
180000 50000 150027 27.0741
185000 50000 150029 29.237
185000 45000 150029 29.2623
190000 45000 150028 27.5735
185000 50000 150029 29.237
190000 50000 150030 29.6164
190000 40000 150028 28.2203
195000 40000 150024 23.6765
190000 45000 150028 27.5735
195000 45000 150027 26.8465
195000 40000 150024 23.6765
200000 40000 150022 22.4005
195000 45000 150027 26.8465
200000 45000 150023 23.0971
190000 45000 150028 27.5735
195000 45000 150027 26.8465
190000 50000 150030 29.6164
195000 50000 150028 28.0957
195000 45000 150027 26.8465
200000 45000 150023 23.0971
195000 50000 150028 28.0957
200000 50000 150026 25.798
200000 40000 150022 22.4005
205000 40000 150018 17.6493
200000 45000 150023 23.0971
205000 45000 150018 18.225
205000 40000 150018 17.6493
210000 40000 150014 14.1141
205000 45000 150018 18.225
210000 45000 150014 14.1474
200000 45000 150023 23.0971
205000 45000 150018 18.225
200000 50000 150026 25.798
205000 50000 150022 22.4572
205000 45000 150018 18.225
210000 45000 150014 14.1474
205000 50000 150022 22.4572
210000 50000 150017 16.608
210000 40000 150014 14.1141
215000 40000 150011 10.6137
210000 45000 150014 14.1474
215000 45000 150011 11.1059
215000 40000 150011 10.6137
220000 40000 150007 6.7062
215000 45000 150011 11.1059
220000 45000 150011 10.7884
210000 45000 150014 14.1474
215000 45000 150011 11.1059
210000 50000 150017 16.608
215000 50000 150010 10.4245
215000 45000 150011 11.1059
220000 45000 150011 10.7884
215000 50000 150010 10.4245
220000 50000 150007 6.65073
220000 40000 150007 6.7062
225000 40000 150004 4.39282
220000 45000 150011 10.7884
225000 45000 150008 7.58207
225000 40000 150004 4.39282
230000 40000 150003 3.27063
225000 45000 150008 7.58207
230000 45000 150003 3.37801
220000 45000 150011 10.7884
225000 45000 150008 7.58207
220000 50000 150007 6.65073
225000 50000 150007 6.70643
225000 45000 150008 7.58207
230000 45000 150003 3.37801
225000 50000 150007 6.70643
230000 50000 150001 0.821412
230000 40000 150003 3.27063
235000 40000 150000 0.481585
230000 45000 150003 3.37801
235000 45000 150000 0.49407
235000 40000 150000 0.481585
240000 40000 149999 -0.847367
235000 45000 150000 0.49407
240000 45000 149998 -2.2152
230000 45000 150003 3.37801
235000 45000 150000 0.49407
230000 50000 150001 0.821412
235000 50000 150001 0.744922
235000 45000 150000 0.49407
240000 45000 149998 -2.2152
235000 50000 150001 0.744922
240000 50000 150000 0.130025
160000 50000 149984 -15.9966
165000 50000 150001 0.588531
160000 55000 149975 -24.5529
165000 55000 150000 0.438845
165000 50000 150001 0.588531
170000 50000 150017 16.5608
165000 55000 150000 0.438845
170000 55000 150014 13.8306
160000 55000 149975 -24.5529
165000 55000 150000 0.438845
160000 60000 149958 -41.6928
165000 60000 149994 -6.21642
165000 55000 150000 0.438845
170000 55000 150014 13.8306
165000 60000 149994 -6.21642
170000 60000 150006 5.64862
170000 50000 150017 16.5608
175000 50000 150023 22.9809
170000 55000 150014 13.8306
175000 55000 150020 20.1736
175000 50000 150023 22.9809
180000 50000 150027 27.0741
175000 55000 150020 20.1736
180000 55000 150026 25.664
170000 55000 150014 13.8306
175000 55000 150020 20.1736
170000 60000 150006 5.64862
175000 60000 150024 24.1165
175000 55000 150020 20.1736
180000 55000 150026 25.664
175000 60000 150024 24.1165
180000 60000 150027 27.4166
180000 50000 150027 27.0741
185000 50000 150029 29.237
180000 55000 150026 25.664
185000 55000 150030 29.5586
185000 50000 150029 29.237
190000 50000 150030 29.6164
185000 55000 150030 29.5586
190000 55000 150031 31.3891
180000 55000 150026 25.664
185000 55000 150030 29.5586
180000 60000 150027 27.4166
185000 60000 150029 28.6316
185000 55000 150030 29.5586
190000 55000 150031 31.3891
185000 60000 150029 28.6316
190000 60000 150031 30.5073
190000 50000 150030 29.6164
195000 50000 150028 28.0957
190000 55000 150031 31.3891
195000 55000 150030 29.9825
195000 50000 150028 28.0957
200000 50000 150026 25.798
195000 55000 150030 29.9825
200000 55000 150025 25.3905
190000 55000 150031 31.3891
195000 55000 150030 29.9825
190000 60000 150031 30.5073
195000 60000 150030 29.5545
195000 55000 150030 29.9825
200000 55000 150025 25.3905
195000 60000 150030 29.5545
200000 60000 150025 25.2276
200000 50000 150026 25.798
205000 50000 150022 22.4572
200000 55000 150025 25.3905
205000 55000 150020 20.3658
205000 50000 150022 22.4572
210000 50000 150017 16.608
205000 55000 150020 20.3658
210000 55000 150015 14.7846
200000 55000 150025 25.3905
205000 55000 150020 20.3658
200000 60000 150025 25.2276
205000 60000 150024 24.0619
205000 55000 150020 20.3658
210000 55000 150015 14.7846
205000 60000 150024 24.0619
210000 60000 150021 21.1339
210000 50000 150017 16.608
215000 50000 150010 10.4245
210000 55000 150015 14.7846
215000 55000 150016 15.8911
215000 50000 150010 10.4245
220000 50000 150007 6.65073
215000 55000 150016 15.8911
220000 55000 150012 12.1993
210000 55000 150015 14.7846
215000 55000 150016 15.8911
210000 60000 150021 21.1339
215000 60000 150018 17.702
215000 55000 150016 15.8911
220000 55000 150012 12.1993
215000 60000 150018 17.702
220000 60000 150012 12.25
220000 50000 150007 6.65073
225000 50000 150007 6.70643
220000 55000 150012 12.1993
225000 55000 150006 6.16646
225000 50000 150007 6.70643
230000 50000 150001 0.821412
225000 55000 150006 6.16646
230000 55000 150005 5.01456
220000 55000 150012 12.1993
225000 55000 150006 6.16646
220000 60000 150012 12.25
225000 60000 150009 8.663
225000 55000 150006 6.16646
230000 55000 150005 5.01456
225000 60000 150009 8.663
230000 60000 150006 5.9596
230000 50000 150001 0.821412
235000 50000 150001 0.744922
230000 55000 150005 5.01456
235000 55000 150002 2.18067
235000 50000 150001 0.744922
240000 50000 150000 0.130025
235000 55000 150002 2.18067
240000 55000 150000 -0.267241
230000 55000 150005 5.01456
235000 55000 150002 2.18067
230000 60000 150006 5.9596
235000 60000 150003 2.87106
235000 55000 150002 2.18067
240000 55000 150000 -0.267241
235000 60000 150003 2.87106
240000 60000 150000 0.375551
160000 60000 149958 -41.6928
165000 60000 149994 -6.21642
160000 65000 149946 -53.5252
165000 65000 149966 -33.9835
165000 60000 149994 -6.21642
170000 60000 150006 5.64862
165000 65000 149966 -33.9835
170000 65000 150007 7.32793
160000 65000 149946 -53.5252
165000 65000 149966 -33.9835
160000 70000 149914 -85.6345
165000 70000 149956 -43.6567
165000 65000 149966 -33.9835
170000 65000 150007 7.32793
165000 70000 149956 -43.6567
170000 70000 149994 -5.76205
170000 60000 150006 5.64862
175000 60000 150024 24.1165
170000 65000 150007 7.32793
175000 65000 150026 26.0362
175000 60000 150024 24.1165
180000 60000 150027 27.4166
175000 65000 150026 26.0362
180000 65000 150029 28.5977
170000 65000 150007 7.32793
175000 65000 150026 26.0362
170000 70000 149994 -5.76205
175000 70000 150015 15.2933
175000 65000 150026 26.0362
180000 65000 150029 28.5977
175000 70000 150015 15.2933
180000 70000 150027 27.2153
180000 60000 150027 27.4166
185000 60000 150029 28.6316
180000 65000 150029 28.5977
185000 65000 150030 29.9008
185000 60000 150029 28.6316
190000 60000 150031 30.5073
185000 65000 150030 29.9008
190000 65000 150031 31.3932
180000 65000 150029 28.5977
185000 65000 150030 29.9008
180000 70000 150027 27.2153
185000 70000 150031 31.2838
185000 65000 150030 29.9008
190000 65000 150031 31.3932
185000 70000 150031 31.2838
190000 70000 150032 32.2326
190000 60000 150031 30.5073
195000 60000 150030 29.5545
190000 65000 150031 31.3932
195000 65000 150029 29.087
195000 60000 150030 29.5545
200000 60000 150025 25.2276
195000 65000 150029 29.087
200000 65000 150029 29.1197
190000 65000 150031 31.3932
195000 65000 150029 29.087
190000 70000 150032 32.2326
195000 70000 150033 32.8683
195000 65000 150029 29.087
200000 65000 150029 29.1197
195000 70000 150033 32.8683
200000 70000 150031 31.2961
160000 70000 149914 -85.6345
165000 70000 149956 -43.6567
160000 75000 149890 -110.023
165000 75000 149941 -58.9733
165000 70000 149956 -43.6567
170000 70000 149994 -5.76205
165000 75000 149941 -58.9733
170000 75000 149969 -30.768
160000 75000 149890 -110.023
165000 75000 149941 -58.9733
160000 80000 149889 -111.054
165000 80000 149911 -89.2946
165000 75000 149941 -58.9733
170000 75000 149969 -30.768
165000 80000 149911 -89.2946
170000 80000 149957 -42.8992
170000 70000 149994 -5.76205
175000 70000 150015 15.2933
170000 75000 149969 -30.768
175000 75000 150005 5.16706
175000 70000 150015 15.2933
180000 70000 150027 27.2153
175000 75000 150005 5.16706
180000 75000 150028 28.2956
170000 75000 149969 -30.768
175000 75000 150005 5.16706
170000 80000 149957 -42.8992
175000 80000 149999 -1.40152
175000 75000 150005 5.16706
180000 75000 150028 28.2956
175000 80000 149999 -1.40152
180000 80000 150026 26.1237
180000 70000 150027 27.2153
185000 70000 150031 31.2838
180000 75000 150028 28.2956
185000 75000 150034 34.3727
185000 70000 150031 31.2838
190000 70000 150032 32.2326
185000 75000 150034 34.3727
190000 75000 150035 35.0733
180000 75000 150028 28.2956
185000 75000 150034 34.3727
180000 80000 150026 26.1237
185000 80000 150034 33.8468
185000 75000 150034 34.3727
190000 75000 150035 35.0733
185000 80000 150034 33.8468
190000 80000 150035 35.114
190000 70000 150032 32.2326
195000 70000 150033 32.8683
190000 75000 150035 35.0733
195000 75000 150034 33.6764
195000 70000 150033 32.8683
200000 70000 150031 31.2961
195000 75000 150034 33.6764
200000 75000 150031 31.3909
190000 75000 150035 35.0733
195000 75000 150034 33.6764
190000 80000 150035 35.114
195000 80000 150034 34.0693
195000 75000 150034 33.6764
200000 75000 150031 31.3909
195000 80000 150034 34.0693
200000 80000 150033 33.1908
110000 80000 150025 25.0449
115000 80000 150025 25.1781
110000 85000 150022 21.638
115000 85000 150024 23.6702
115000 80000 150025 25.1781
120000 80000 150026 25.5778
115000 85000 150024 23.6702
120000 85000 150025 24.8786
110000 85000 150022 21.638
115000 85000 150024 23.6702
110000 90000 150020 20.467
115000 90000 150022 22.3951
115000 85000 150024 23.6702
120000 85000 150025 24.8786
115000 90000 150022 22.3951
120000 90000 150024 23.5328
120000 80000 150026 25.5778
125000 80000 150023 22.9663
120000 85000 150025 24.8786
125000 85000 150022 22.1259
125000 80000 150023 22.9663
130000 80000 150018 18.1404
125000 85000 150022 22.1259
130000 85000 150019 18.9238
120000 85000 150025 24.8786
125000 85000 150022 22.1259
120000 90000 150024 23.5328
125000 90000 150022 22.2996
125000 85000 150022 22.1259
130000 85000 150019 18.9238
125000 90000 150022 22.2996
130000 90000 150019 18.6748
130000 80000 150018 18.1404
135000 80000 150013 12.8473
130000 85000 150019 18.9238
135000 85000 150016 16.0897
135000 80000 150013 12.8473
140000 80000 150011 10.8907
135000 85000 150016 16.0897
140000 85000 150013 13.4322
130000 85000 150019 18.9238
135000 85000 150016 16.0897
130000 90000 150019 18.6748
135000 90000 150014 13.9024
135000 85000 150016 16.0897
140000 85000 150013 13.4322
135000 90000 150014 13.9024
140000 90000 150007 6.73145
140000 80000 150011 10.8907
145000 80000 149999 -1.34711
140000 85000 150013 13.4322
145000 85000 150006 6.37442
145000 80000 149999 -1.34711
150000 80000 149967 -33.4629
145000 85000 150006 6.37442
150000 85000 149983 -17.4764
140000 85000 150013 13.4322
145000 85000 150006 6.37442
140000 90000 150007 6.73145
145000 90000 149992 -8.38854
145000 85000 150006 6.37442
150000 85000 149983 -17.4764
145000 90000 149992 -8.38854
150000 90000 149993 -7.02981
150000 80000 149967 -33.4629
155000 80000 149935 -65.0974
150000 85000 149983 -17.4764
155000 85000 149956 -44.0717
155000 80000 149935 -65.0974
160000 80000 149889 -111.054
155000 85000 149956 -44.0717
160000 85000 149910 -90.0222
150000 85000 149983 -17.4764
155000 85000 149956 -44.0717
150000 90000 149993 -7.02981
155000 90000 149969 -31.0437
155000 85000 149956 -44.0717
160000 85000 149910 -90.0222
155000 90000 149969 -31.0437
160000 90000 149941 -59.3814
100000 90000 150015 15.43
105000 90000 150018 18.3677
100000 95000 150014 13.7723
105000 95000 150018 17.6543
105000 90000 150018 18.3677
110000 90000 150020 20.467
105000 95000 150018 17.6543
110000 95000 150021 20.8563
100000 95000 150014 13.7723
105000 95000 150018 17.6543
100000 100000 150014 14.0444
105000 100000 150017 16.7743
105000 95000 150018 17.6543
110000 95000 150021 20.8563
105000 100000 150017 16.7743
110000 100000 150017 17.1779
110000 90000 150020 20.467
115000 90000 150022 22.3951
110000 95000 150021 20.8563
115000 95000 150020 20.4789
115000 90000 150022 22.3951
120000 90000 150024 23.5328
115000 95000 150020 20.4789
120000 95000 150022 21.8158
110000 95000 150021 20.8563
115000 95000 150020 20.4789
110000 100000 150017 17.1779
115000 100000 150021 20.9301
115000 95000 150020 20.4789
120000 95000 150022 21.8158
115000 100000 150021 20.9301
120000 100000 150021 21.1649
120000 90000 150024 23.5328
125000 90000 150022 22.2996
120000 95000 150022 21.8158
125000 95000 150021 21.3358
125000 90000 150022 22.2996
130000 90000 150019 18.6748
125000 95000 150021 21.3358
130000 95000 150018 18.3173
120000 95000 150022 21.8158
125000 95000 150021 21.3358
120000 100000 150021 21.1649
125000 100000 150020 20.1595
125000 95000 150021 21.3358
130000 95000 150018 18.3173
125000 100000 150020 20.1595
130000 100000 150018 17.7357
130000 90000 150019 18.6748
135000 90000 150014 13.9024
130000 95000 150018 18.3173
135000 95000 150014 14.0596
135000 90000 150014 13.9024
140000 90000 150007 6.73145
135000 95000 150014 14.0596
140000 95000 150012 11.6939
130000 95000 150018 18.3173
135000 95000 150014 14.0596
130000 100000 150018 17.7357
135000 100000 150014 13.9616
135000 95000 150014 14.0596
140000 95000 150012 11.6939
135000 100000 150014 13.9616
140000 100000 150011 10.6131
140000 90000 150007 6.73145
145000 90000 149992 -8.38854
140000 95000 150012 11.6939
145000 95000 150008 8.45943
145000 90000 149992 -8.38854
150000 90000 149993 -7.02981
145000 95000 150008 8.45943
150000 95000 149999 -0.502196
140000 95000 150012 11.6939
145000 95000 150008 8.45943
140000 100000 150011 10.6131
145000 100000 150006 6.16236
145000 95000 150008 8.45943
150000 95000 149999 -0.502196
145000 100000 150006 6.16236
150000 100000 150001 1.35998
150000 90000 149993 -7.02981
155000 90000 149969 -31.0437
150000 95000 149999 -0.502196
155000 95000 149978 -21.9408
155000 90000 149969 -31.0437
160000 90000 149941 -59.3814
155000 95000 149978 -21.9408
160000 95000 149956 -43.9393
150000 95000 149999 -0.502196
155000 95000 149978 -21.9408
150000 100000 150001 1.35998
155000 100000 149987 -13.1408
155000 95000 149978 -21.9408
160000 95000 149956 -43.9393
155000 100000 149987 -13.1408
160000 100000 149965 -34.885
80000 100000 149999 -0.650791
85000 100000 150005 4.5489
80000 105000 150005 4.53168
85000 105000 150006 5.74252
85000 100000 150005 4.5489
90000 100000 150005 5.08445
85000 105000 150006 5.74252
90000 105000 150008 7.51412
80000 105000 150005 4.53168
85000 105000 150006 5.74252
80000 110000 150003 2.9515
85000 110000 150003 3.09703
85000 105000 150006 5.74252
90000 105000 150008 7.51412
85000 110000 150003 3.09703
90000 110000 150006 6.40348
90000 100000 150005 5.08445
95000 100000 150008 8.41056
90000 105000 150008 7.51412
95000 105000 150009 9.11191
95000 100000 150008 8.41056
100000 100000 150014 14.0444
95000 105000 150009 9.11191
100000 105000 150012 11.7139
90000 105000 150008 7.51412
95000 105000 150009 9.11191
90000 110000 150006 6.40348
95000 110000 150011 10.7049
95000 105000 150009 9.11191
100000 105000 150012 11.7139
95000 110000 150011 10.7049
100000 110000 150013 13.1093
100000 100000 150014 14.0444
105000 100000 150017 16.7743
100000 105000 150012 11.7139
105000 105000 150015 14.9793
105000 100000 150017 16.7743
110000 100000 150017 17.1779
105000 105000 150015 14.9793
110000 105000 150018 17.9477
100000 105000 150012 11.7139
105000 105000 150015 14.9793
100000 110000 150013 13.1093
105000 110000 150017 17.0028
105000 105000 150015 14.9793
110000 105000 150018 17.9477
105000 110000 150017 17.0028
110000 110000 150017 17.4587
110000 100000 150017 17.1779
115000 100000 150021 20.9301
110000 105000 150018 17.9477
115000 105000 150019 19.4447
115000 100000 150021 20.9301
120000 100000 150021 21.1649
115000 105000 150019 19.4447
120000 105000 150020 20.0969
110000 105000 150018 17.9477
115000 105000 150019 19.4447
110000 110000 150017 17.4587
115000 110000 150017 16.8719
115000 105000 150019 19.4447
120000 105000 150020 20.0969
115000 110000 150017 16.8719
120000 110000 150018 17.9176
120000 100000 150021 21.1649
125000 100000 150020 20.1595
120000 105000 150020 20.0969
125000 105000 150020 20.108
125000 100000 150020 20.1595
130000 100000 150018 17.7357
125000 105000 150020 20.108
130000 105000 150020 19.7514
120000 105000 150020 20.0969
125000 105000 150020 20.108
120000 110000 150018 17.9176
125000 110000 150019 19.4679
125000 105000 150020 20.108
130000 105000 150020 19.7514
125000 110000 150019 19.4679
130000 110000 150017 17.4705
130000 100000 150018 17.7357
135000 100000 150014 13.9616
130000 105000 150020 19.7514
135000 105000 150013 13.486
135000 100000 150014 13.9616
140000 100000 150011 10.6131
135000 105000 150013 13.486
140000 105000 150007 6.91315
130000 105000 150020 19.7514
135000 105000 150013 13.486
130000 110000 150017 17.4705
135000 110000 150015 15.0126
135000 105000 150013 13.486
140000 105000 150007 6.91315
135000 110000 150015 15.0126
140000 110000 150008 8.08219
140000 100000 150011 10.6131
145000 100000 150006 6.16236
140000 105000 150007 6.91315
145000 105000 150000 -0.00805247
145000 100000 150006 6.16236
150000 100000 150001 1.35998
145000 105000 150000 -0.00805247
150000 105000 149996 -3.56832
140000 105000 150007 6.91315
145000 105000 150000 -0.00805247
140000 110000 150008 8.08219
145000 110000 150004 3.81943
145000 105000 150000 -0.00805247
150000 105000 149996 -3.56832
145000 110000 150004 3.81943
150000 110000 149993 -6.87349
150000 100000 150001 1.35998
155000 100000 149987 -13.1408
150000 105000 149996 -3.56832
155000 105000 149989 -11.2421
155000 100000 149987 -13.1408
160000 100000 149965 -34.885
155000 105000 149989 -11.2421
160000 105000 149970 -29.6508
150000 105000 149996 -3.56832
155000 105000 149989 -11.2421
150000 110000 149993 -6.87349
155000 110000 149985 -15.4252
155000 105000 149989 -11.2421
160000 105000 149970 -29.6508
155000 110000 149985 -15.4252
160000 110000 149974 -25.8426
80000 110000 150003 2.9515
85000 110000 150003 3.09703
80000 115000 150002 2.0651
85000 115000 150005 5.32501
85000 110000 150003 3.09703
90000 110000 150006 6.40348
85000 115000 150005 5.32501
90000 115000 150007 7.23424
80000 115000 150002 2.0651
85000 115000 150005 5.32501
80000 120000 150002 2.28702
85000 120000 150004 4.26023
85000 115000 150005 5.32501
90000 115000 150007 7.23424
85000 120000 150004 4.26023
90000 120000 150006 6.22663
90000 110000 150006 6.40348
95000 110000 150011 10.7049
90000 115000 150007 7.23424
95000 115000 150011 10.5903
95000 110000 150011 10.7049
100000 110000 150013 13.1093
95000 115000 150011 10.5903
100000 115000 150014 13.6421
90000 115000 150007 7.23424
95000 115000 150011 10.5903
90000 120000 150006 6.22663
95000 120000 150008 7.85506
95000 115000 150011 10.5903
100000 115000 150014 13.6421
95000 120000 150008 7.85506
100000 120000 150010 9.65174
100000 110000 150013 13.1093
105000 110000 150017 17.0028
100000 115000 150014 13.6421
105000 115000 150015 14.6815
105000 110000 150017 17.0028
110000 110000 150017 17.4587
105000 115000 150015 14.6815
110000 115000 150016 16.4355
100000 115000 150014 13.6421
105000 115000 150015 14.6815
100000 120000 150010 9.65174
105000 120000 150014 14.3658
105000 115000 150015 14.6815
110000 115000 150016 16.4355
105000 120000 150014 14.3658
110000 120000 150017 17.1935
110000 110000 150017 17.4587
115000 110000 150017 16.8719
110000 115000 150016 16.4355
115000 115000 150018 18.1418
115000 110000 150017 16.8719
120000 110000 150018 17.9176
115000 115000 150018 18.1418
120000 115000 150019 19.0588
110000 115000 150016 16.4355
115000 115000 150018 18.1418
110000 120000 150017 17.1935
115000 120000 150017 16.6594
115000 115000 150018 18.1418
120000 115000 150019 19.0588
115000 120000 150017 16.6594
120000 120000 150019 19.2257
120000 110000 150018 17.9176
125000 110000 150019 19.4679
120000 115000 150019 19.0588
125000 115000 150019 19.0015
125000 110000 150019 19.4679
130000 110000 150017 17.4705
125000 115000 150019 19.0015
130000 115000 150018 17.9436
120000 115000 150019 19.0588
125000 115000 150019 19.0015
120000 120000 150019 19.2257
125000 120000 150019 19.4247
125000 115000 150019 19.0015
130000 115000 150018 17.9436
125000 120000 150019 19.4247
130000 120000 150018 17.5851
130000 110000 150017 17.4705
135000 110000 150015 15.0126
130000 115000 150018 17.9436
135000 115000 150014 14.4599
135000 110000 150015 15.0126
140000 110000 150008 8.08219
135000 115000 150014 14.4599
140000 115000 150007 6.92943
130000 115000 150018 17.9436
135000 115000 150014 14.4599
130000 120000 150018 17.5851
135000 120000 150014 14.4023
135000 115000 150014 14.4599
140000 115000 150007 6.92943
135000 120000 150014 14.4023
140000 120000 150011 10.533
140000 110000 150008 8.08219
145000 110000 150004 3.81943
140000 115000 150007 6.92943
145000 115000 149998 -1.93899
145000 110000 150004 3.81943
150000 110000 149993 -6.87349
145000 115000 149998 -1.93899
150000 115000 149988 -12.2532
140000 115000 150007 6.92943
145000 115000 149998 -1.93899
140000 120000 150011 10.533
145000 120000 150002 2.35015
145000 115000 149998 -1.93899
150000 115000 149988 -12.2532
145000 120000 150002 2.35015
150000 120000 149995 -5.10286
150000 110000 149993 -6.87349
155000 110000 149985 -15.4252
150000 115000 149988 -12.2532
155000 115000 149975 -24.9515
155000 110000 149985 -15.4252
160000 110000 149974 -25.8426
155000 115000 149975 -24.9515
160000 115000 149965 -35.3932
150000 115000 149988 -12.2532
155000 115000 149975 -24.9515
150000 120000 149995 -5.10286
155000 120000 149987 -13.0228
155000 115000 149975 -24.9515
160000 115000 149965 -35.3932
155000 120000 149987 -13.0228
160000 120000 149978 -22.33
240000 0 150000 0.11148
245000 0 149998 -1.92026
240000 5000 149999 -0.681879
245000 5000 149998 -2.00543
245000 0 149998 -1.92026
250000 0 149997 -3.49103
245000 5000 149998 -2.00543
250000 5000 149995 -5.34047
240000 5000 149999 -0.681879
245000 5000 149998 -2.00543
240000 10000 149997 -3.49771
245000 10000 149996 -4.26744
245000 5000 149998 -2.00543
250000 5000 149995 -5.34047
245000 10000 149996 -4.26744
250000 10000 149997 -3.42796
250000 0 149997 -3.49103
255000 0 149995 -4.87575
250000 5000 149995 -5.34047
255000 5000 149995 -4.87461
255000 0 149995 -4.87575
260000 0 149994 -5.52122
255000 5000 149995 -4.87461
260000 5000 149993 -6.64886
250000 5000 149995 -5.34047
255000 5000 149995 -4.87461
250000 10000 149997 -3.42796
255000 10000 149995 -5.1694
255000 5000 149995 -4.87461
260000 5000 149993 -6.64886
255000 10000 149995 -5.1694
260000 10000 149994 -5.63921
260000 0 149994 -5.52122
265000 0 149993 -7.08532
260000 5000 149993 -6.64886
265000 5000 149993 -6.5998
265000 0 149993 -7.08532
270000 0 149993 -7.15789
265000 5000 149993 -6.5998
270000 5000 149993 -6.76654
260000 5000 149993 -6.64886
265000 5000 149993 -6.5998
260000 10000 149994 -5.63921
265000 10000 149993 -6.89827
265000 5000 149993 -6.5998
270000 5000 149993 -6.76654
265000 10000 149993 -6.89827
270000 10000 149993 -7.01832
270000 0 149993 -7.15789
275000 0 149992 -7.84646
270000 5000 149993 -6.76654
275000 5000 149993 -6.85505
275000 0 149992 -7.84646
280000 0 149992 -7.88412
275000 5000 149993 -6.85505
280000 5000 149993 -7.37418
270000 5000 149993 -6.76654
275000 5000 149993 -6.85505
270000 10000 149993 -7.01832
275000 10000 149993 -7.27506
275000 5000 149993 -6.85505
280000 5000 149993 -7.37418
275000 10000 149993 -7.27506
280000 10000 149993 -7.36288
280000 0 149992 -7.88412
285000 0 149992 -7.83849
280000 5000 149993 -7.37418
285000 5000 149993 -7.44129
285000 0 149992 -7.83849
290000 0 149993 -7.3841
285000 5000 149993 -7.44129
290000 5000 149993 -6.72505
280000 5000 149993 -7.37418
285000 5000 149993 -7.44129
280000 10000 149993 -7.36288
285000 10000 149993 -7.44299
285000 5000 149993 -7.44129
290000 5000 149993 -6.72505
285000 10000 149993 -7.44299
290000 10000 149993 -7.44721
290000 0 149993 -7.3841
295000 0 149993 -7.01151
290000 5000 149993 -6.72505
295000 5000 149993 -6.99534
295000 0 149993 -7.01151
300000 0 149993 -6.56203
295000 5000 149993 -6.99534
300000 5000 149993 -7.13857
290000 5000 149993 -6.72505
295000 5000 149993 -6.99534
290000 10000 149993 -7.44721
295000 10000 149993 -6.93047
295000 5000 149993 -6.99534
300000 5000 149993 -7.13857
295000 10000 149993 -6.93047
300000 10000 149993 -7.11881
240000 10000 149997 -3.49771
245000 10000 149996 -4.26744
240000 15000 149998 -2.02898
245000 15000 149998 -2.12835
245000 10000 149996 -4.26744
250000 10000 149997 -3.42796
245000 15000 149998 -2.12835
250000 15000 149997 -3.05631
240000 15000 149998 -2.02898
245000 15000 149998 -2.12835
240000 20000 149999 -0.994938
245000 20000 149997 -3.39249
245000 15000 149998 -2.12835
250000 15000 149997 -3.05631
245000 20000 149997 -3.39249
250000 20000 149997 -3.24004
250000 10000 149997 -3.42796
255000 10000 149995 -5.1694
250000 15000 149997 -3.05631
255000 15000 149996 -4.12337
255000 10000 149995 -5.1694
260000 10000 149994 -5.63921
255000 15000 149996 -4.12337
260000 15000 149995 -5.47064
250000 15000 149997 -3.05631
255000 15000 149996 -4.12337
250000 20000 149997 -3.24004
255000 20000 149996 -3.77332
255000 15000 149996 -4.12337
260000 15000 149995 -5.47064
255000 20000 149996 -3.77332
260000 20000 149995 -4.63559
260000 10000 149994 -5.63921
265000 10000 149993 -6.89827
260000 15000 149995 -5.47064
265000 15000 149994 -6.1247
265000 10000 149993 -6.89827
270000 10000 149993 -7.01832
265000 15000 149994 -6.1247
270000 15000 149993 -7.0927
260000 15000 149995 -5.47064
265000 15000 149994 -6.1247
260000 20000 149995 -4.63559
265000 20000 149993 -6.68227
265000 15000 149994 -6.1247
270000 15000 149993 -7.0927
265000 20000 149993 -6.68227
270000 20000 149994 -6.41375
270000 10000 149993 -7.01832
275000 10000 149993 -7.27506
270000 15000 149993 -7.0927
275000 15000 149993 -7.17904
275000 10000 149993 -7.27506
280000 10000 149993 -7.36288
275000 15000 149993 -7.17904
280000 15000 149993 -7.25248
270000 15000 149993 -7.0927
275000 15000 149993 -7.17904
270000 20000 149994 -6.41375
275000 20000 149993 -7.22929
275000 15000 149993 -7.17904
280000 15000 149993 -7.25248
275000 20000 149993 -7.22929
280000 20000 149993 -7.36173
280000 10000 149993 -7.36288
285000 10000 149993 -7.44299
280000 15000 149993 -7.25248
285000 15000 149993 -7.44684
285000 10000 149993 -7.44299
290000 10000 149993 -7.44721
285000 15000 149993 -7.44684
290000 15000 149993 -7.45543
280000 15000 149993 -7.25248
285000 15000 149993 -7.44684
280000 20000 149993 -7.36173
285000 20000 149993 -7.44399
285000 15000 149993 -7.44684
290000 15000 149993 -7.45543
285000 20000 149993 -7.44399
290000 20000 149993 -7.44842
290000 10000 149993 -7.44721
295000 10000 149993 -6.93047
290000 15000 149993 -7.45543
295000 15000 149993 -7.36243
295000 10000 149993 -6.93047
300000 10000 149993 -7.11881
295000 15000 149993 -7.36243
300000 15000 149993 -7.34404
290000 15000 149993 -7.45543
295000 15000 149993 -7.36243
290000 20000 149993 -7.44842
295000 20000 149993 -7.24619
295000 15000 149993 -7.36243
300000 15000 149993 -7.34404
295000 20000 149993 -7.24619
300000 20000 149993 -7.45424
240000 20000 149999 -0.994938
245000 20000 149997 -3.39249
240000 25000 149999 -0.944084
245000 25000 149998 -1.93971
245000 20000 149997 -3.39249
250000 20000 149997 -3.24004
245000 25000 149998 -1.93971
250000 25000 149996 -4.42811
240000 25000 149999 -0.944084
245000 25000 149998 -1.93971
240000 30000 149999 -0.802483
245000 30000 149998 -2.30599
245000 25000 149998 -1.93971
250000 25000 149996 -4.42811
245000 30000 149998 -2.30599
250000 30000 149996 -3.70701
250000 20000 149997 -3.24004
255000 20000 149996 -3.77332
250000 25000 149996 -4.42811
255000 25000 149996 -4.37122
255000 20000 149996 -3.77332
260000 20000 149995 -4.63559
255000 25000 149996 -4.37122
260000 25000 149994 -5.81341
250000 25000 149996 -4.42811
255000 25000 149996 -4.37122
250000 30000 149996 -3.70701
255000 30000 149995 -4.69437
255000 25000 149996 -4.37122
260000 25000 149994 -5.81341
255000 30000 149995 -4.69437
260000 30000 149995 -5.21664
260000 20000 149995 -4.63559
265000 20000 149993 -6.68227
260000 25000 149994 -5.81341
265000 25000 149994 -5.87827
265000 20000 149993 -6.68227
270000 20000 149994 -6.41375
265000 25000 149994 -5.87827
270000 25000 149994 -6.43379
260000 25000 149994 -5.81341
265000 25000 149994 -5.87827
260000 30000 149995 -5.21664
265000 30000 149995 -5.30671
265000 25000 149994 -5.87827
270000 25000 149994 -6.43379
265000 30000 149995 -5.30671
270000 30000 149994 -5.72617
270000 20000 149994 -6.41375
275000 20000 149993 -7.22929
270000 25000 149994 -6.43379
275000 25000 149994 -6.30215
275000 20000 149993 -7.22929
280000 20000 149993 -7.36173
275000 25000 149994 -6.30215
280000 25000 149993 -6.54831
270000 25000 149994 -6.43379
275000 25000 149994 -6.30215
270000 30000 149994 -5.72617
275000 30000 149994 -6.19588
275000 25000 149994 -6.30215
280000 25000 149993 -6.54831
275000 30000 149994 -6.19588
280000 30000 149993 -6.85437
280000 20000 149993 -7.36173
285000 20000 149993 -7.44399
280000 25000 149993 -6.54831
285000 25000 149992 -7.53665
285000 20000 149993 -7.44399
290000 20000 149993 -7.44842
285000 25000 149992 -7.53665
290000 25000 149993 -7.42394
280000 25000 149993 -6.54831
285000 25000 149992 -7.53665
280000 30000 149993 -6.85437
285000 30000 149992 -7.52046
285000 25000 149992 -7.53665
290000 25000 149993 -7.42394
285000 30000 149992 -7.52046
290000 30000 149992 -7.60942
290000 20000 149993 -7.44842
295000 20000 149993 -7.24619
290000 25000 149993 -7.42394
295000 25000 149993 -7.31192
295000 20000 149993 -7.24619
300000 20000 149993 -7.45424
295000 25000 149993 -7.31192
300000 25000 149992 -7.56072
290000 25000 149993 -7.42394
295000 25000 149993 -7.31192
290000 30000 149992 -7.60942
295000 30000 149992 -7.82037
295000 25000 149993 -7.31192
300000 25000 149992 -7.56072
295000 30000 149992 -7.82037
300000 30000 149992 -7.98739
240000 30000 149999 -0.802483
245000 30000 149998 -2.30599
240000 35000 149999 -0.746305
245000 35000 149998 -1.8651
245000 30000 149998 -2.30599
250000 30000 149996 -3.70701
245000 35000 149998 -1.8651
250000 35000 149997 -2.66581
240000 35000 149999 -0.746305
245000 35000 149998 -1.8651
240000 40000 149999 -0.847367
245000 40000 149998 -2.13198
245000 35000 149998 -1.8651
250000 35000 149997 -2.66581
245000 40000 149998 -2.13198
250000 40000 149998 -2.21612
250000 30000 149996 -3.70701
255000 30000 149995 -4.69437
250000 35000 149997 -2.66581
255000 35000 149996 -4.4063
255000 30000 149995 -4.69437
260000 30000 149995 -5.21664
255000 35000 149996 -4.4063
260000 35000 149994 -5.66615
250000 35000 149997 -2.66581
255000 35000 149996 -4.4063
250000 40000 149998 -2.21612
255000 40000 149997 -3.12811
255000 35000 149996 -4.4063
260000 35000 149994 -5.66615
255000 40000 149997 -3.12811
260000 40000 149996 -4.24156
260000 30000 149995 -5.21664
265000 30000 149995 -5.30671
260000 35000 149994 -5.66615
265000 35000 149994 -6.20555
265000 30000 149995 -5.30671
270000 30000 149994 -5.72617
265000 35000 149994 -6.20555
270000 35000 149993 -6.8007
260000 35000 149994 -5.66615
265000 35000 149994 -6.20555
260000 40000 149996 -4.24156
265000 40000 149994 -5.66428
265000 35000 149994 -6.20555
270000 35000 149993 -6.8007
265000 40000 149994 -5.66428
270000 40000 149994 -5.93535
270000 30000 149994 -5.72617
275000 30000 149994 -6.19588
270000 35000 149993 -6.8007
275000 35000 149994 -6.44101
275000 30000 149994 -6.19588
280000 30000 149993 -6.85437
275000 35000 149994 -6.44101
280000 35000 149994 -6.4643
270000 35000 149993 -6.8007
275000 35000 149994 -6.44101
270000 40000 149994 -5.93535
275000 40000 149995 -5.49481
275000 35000 149994 -6.44101
280000 35000 149994 -6.4643
275000 40000 149995 -5.49481
280000 40000 149994 -6.22358
280000 30000 149993 -6.85437
285000 30000 149992 -7.52046
280000 35000 149994 -6.4643
285000 35000 149993 -7.08112
285000 30000 149992 -7.52046
290000 30000 149992 -7.60942
285000 35000 149993 -7.08112
290000 35000 149993 -7.15759
280000 35000 149994 -6.4643
285000 35000 149993 -7.08112
280000 40000 149994 -6.22358
285000 40000 149993 -6.54753
285000 35000 149993 -7.08112
290000 35000 149993 -7.15759
285000 40000 149993 -6.54753
290000 40000 149994 -6.46869
290000 30000 149992 -7.60942
295000 30000 149992 -7.82037
290000 35000 149993 -7.15759
295000 35000 149993 -7.33114
295000 30000 149992 -7.82037
300000 30000 149992 -7.98739
295000 35000 149993 -7.33114
300000 35000 149993 -7.47756
290000 35000 149993 -7.15759
295000 35000 149993 -7.33114
290000 40000 149994 -6.46869
295000 40000 149993 -6.99056
295000 35000 149993 -7.33114
300000 35000 149993 -7.47756
295000 40000 149993 -6.99056
300000 40000 149992 -7.91212
240000 40000 149999 -0.847367
245000 40000 149998 -2.13198
240000 45000 149998 -2.2152
245000 45000 149998 -1.92823
245000 40000 149998 -2.13198
250000 40000 149998 -2.21612
245000 45000 149998 -1.92823
250000 45000 149996 -3.85623
240000 45000 149998 -2.2152
245000 45000 149998 -1.92823
240000 50000 150000 0.130025
245000 50000 149999 -1.29936
245000 45000 149998 -1.92823
250000 45000 149996 -3.85623
245000 50000 149999 -1.29936
250000 50000 149998 -1.9435
250000 40000 149998 -2.21612
255000 40000 149997 -3.12811
250000 45000 149996 -3.85623
255000 45000 149996 -3.87992
255000 40000 149997 -3.12811
260000 40000 149996 -4.24156
255000 45000 149996 -3.87992
260000 45000 149994 -5.62711
250000 45000 149996 -3.85623
255000 45000 149996 -3.87992
250000 50000 149998 -1.9435
255000 50000 149997 -2.90577
255000 45000 149996 -3.87992
260000 45000 149994 -5.62711
255000 50000 149997 -2.90577
260000 50000 149996 -4.05935
260000 40000 149996 -4.24156
265000 40000 149994 -5.66428
260000 45000 149994 -5.62711
265000 45000 149994 -5.9137
265000 40000 149994 -5.66428
270000 40000 149994 -5.93535
265000 45000 149994 -5.9137
270000 45000 149994 -6.08251
260000 45000 149994 -5.62711
265000 45000 149994 -5.9137
260000 50000 149996 -4.05935
265000 50000 149995 -5.0135
265000 45000 149994 -5.9137
270000 45000 149994 -6.08251
265000 50000 149995 -5.0135
270000 50000 149994 -5.60279
270000 40000 149994 -5.93535
275000 40000 149995 -5.49481
270000 45000 149994 -6.08251
275000 45000 149995 -5.37723
275000 40000 149995 -5.49481
280000 40000 149994 -6.22358
275000 45000 149995 -5.37723
280000 45000 149994 -5.8938
270000 45000 149994 -6.08251
275000 45000 149995 -5.37723
270000 50000 149994 -5.60279
275000 50000 149994 -6.25054
275000 45000 149995 -5.37723
280000 45000 149994 -5.8938
275000 50000 149994 -6.25054
280000 50000 149994 -6.1925
280000 40000 149994 -6.22358
285000 40000 149993 -6.54753
280000 45000 149994 -5.8938
285000 45000 149993 -6.82689
285000 40000 149993 -6.54753
290000 40000 149994 -6.46869
285000 45000 149993 -6.82689
290000 45000 149993 -7.28425
280000 45000 149994 -5.8938
285000 45000 149993 -6.82689
280000 50000 149994 -6.1925
285000 50000 149993 -6.56662
285000 45000 149993 -6.82689
290000 45000 149993 -7.28425
285000 50000 149993 -6.56662
290000 50000 149994 -6.29951
290000 40000 149994 -6.46869
295000 40000 149993 -6.99056
290000 45000 149993 -7.28425
295000 45000 149992 -7.52589
295000 40000 149993 -6.99056
300000 40000 149992 -7.91212
295000 45000 149992 -7.52589
300000 45000 149993 -7.0795
290000 45000 149993 -7.28425
295000 45000 149992 -7.52589
290000 50000 149994 -6.29951
295000 50000 149993 -6.68444
295000 45000 149992 -7.52589
300000 45000 149993 -7.0795
295000 50000 149993 -6.68444
300000 50000 149992 -7.64404
240000 50000 150000 0.130025
245000 50000 149999 -1.29936
240000 55000 150000 -0.267241
245000 55000 149999 -0.893484
245000 50000 149999 -1.29936
250000 50000 149998 -1.9435
245000 55000 149999 -0.893484
250000 55000 149997 -3.40707
240000 55000 150000 -0.267241
245000 55000 149999 -0.893484
240000 60000 150000 0.375551
245000 60000 149998 -2.19578
245000 55000 149999 -0.893484
250000 55000 149997 -3.40707
245000 60000 149998 -2.19578
250000 60000 149998 -2.31563
250000 50000 149998 -1.9435
255000 50000 149997 -2.90577
250000 55000 149997 -3.40707
255000 55000 149995 -5.1896
255000 50000 149997 -2.90577
260000 50000 149996 -4.05935
255000 55000 149995 -5.1896
260000 55000 149994 -5.54397
250000 55000 149997 -3.40707
255000 55000 149995 -5.1896
250000 60000 149998 -2.31563
255000 60000 149997 -2.5797
255000 55000 149995 -5.1896
260000 55000 149994 -5.54397
255000 60000 149997 -2.5797
260000 60000 149996 -3.55842
260000 50000 149996 -4.05935
265000 50000 149995 -5.0135
260000 55000 149994 -5.54397
265000 55000 149994 -5.90072
265000 50000 149995 -5.0135
270000 50000 149994 -5.60279
265000 55000 149994 -5.90072
270000 55000 149995 -5.22956
260000 55000 149994 -5.54397
265000 55000 149994 -5.90072
260000 60000 149996 -3.55842
265000 60000 149995 -4.82391
265000 55000 149994 -5.90072
270000 55000 149995 -5.22956
265000 60000 149995 -4.82391
270000 60000 149995 -4.88329
270000 50000 149994 -5.60279
275000 50000 149994 -6.25054
270000 55000 149995 -5.22956
275000 55000 149994 -5.98278
275000 50000 149994 -6.25054
280000 50000 149994 -6.1925
275000 55000 149994 -5.98278
280000 55000 149993 -6.62053
270000 55000 149995 -5.22956
275000 55000 149994 -5.98278
270000 60000 149995 -4.88329
275000 60000 149994 -6.04396
275000 55000 149994 -5.98278
280000 55000 149993 -6.62053
275000 60000 149994 -6.04396
280000 60000 149994 -6.42036
280000 50000 149994 -6.1925
285000 50000 149993 -6.56662
280000 55000 149993 -6.62053
285000 55000 149994 -6.24703
285000 50000 149993 -6.56662
290000 50000 149994 -6.29951
285000 55000 149994 -6.24703
290000 55000 149993 -6.97441
280000 55000 149993 -6.62053
285000 55000 149994 -6.24703
280000 60000 149994 -6.42036
285000 60000 149993 -6.96171
285000 55000 149994 -6.24703
290000 55000 149993 -6.97441
285000 60000 149993 -6.96171
290000 60000 149993 -6.80137
290000 50000 149994 -6.29951
295000 50000 149993 -6.68444
290000 55000 149993 -6.97441
295000 55000 149993 -7.03894
295000 50000 149993 -6.68444
300000 50000 149992 -7.64404
295000 55000 149993 -7.03894
300000 55000 149993 -7.09598
290000 55000 149993 -6.97441
295000 55000 149993 -7.03894
290000 60000 149993 -6.80137
295000 60000 149993 -7.34925
295000 55000 149993 -7.03894
300000 55000 149993 -7.09598
295000 60000 149993 -7.34925
300000 60000 149992 -7.86531
200000 60000 150025 25.2276
205000 60000 150024 24.0619
200000 65000 150029 29.1197
205000 65000 150028 27.5451
205000 60000 150024 24.0619
210000 60000 150021 21.1339
205000 65000 150028 27.5451
210000 65000 150022 22.4747
200000 65000 150029 29.1197
205000 65000 150028 27.5451
200000 70000 150031 31.2961
205000 70000 150027 26.7018
205000 65000 150028 27.5451
210000 65000 150022 22.4747
205000 70000 150027 26.7018
210000 70000 150021 20.9064
210000 60000 150021 21.1339
215000 60000 150018 17.702
210000 65000 150022 22.4747
215000 65000 150018 18.3798
215000 60000 150018 17.702
220000 60000 150012 12.25
215000 65000 150018 18.3798
220000 65000 150015 14.652
210000 65000 150022 22.4747
215000 65000 150018 18.3798
210000 70000 150021 20.9064
215000 70000 150018 18.0251
215000 65000 150018 18.3798
220000 65000 150015 14.652
215000 70000 150018 18.0251
220000 70000 150012 12.0195
220000 60000 150012 12.25
225000 60000 150009 8.663
220000 65000 150015 14.652
225000 65000 150011 10.5854
225000 60000 150009 8.663
230000 60000 150006 5.9596
225000 65000 150011 10.5854
230000 65000 150008 7.6341
220000 65000 150015 14.652
225000 65000 150011 10.5854
220000 70000 150012 12.0195
225000 70000 150010 10.4976
225000 65000 150011 10.5854
230000 65000 150008 7.6341
225000 70000 150010 10.4976
230000 70000 150005 5.0478
230000 60000 150006 5.9596
235000 60000 150003 2.87106
230000 65000 150008 7.6341
235000 65000 150004 3.84569
235000 60000 150003 2.87106
240000 60000 150000 0.375551
235000 65000 150004 3.84569
240000 65000 150000 0.239535
230000 65000 150008 7.6341
235000 65000 150004 3.84569
230000 70000 150005 5.0478
235000 70000 150002 1.99089
235000 65000 150004 3.84569
240000 65000 150000 0.239535
235000 70000 150002 1.99089
240000 70000 150001 1.23676
240000 60000 150000 0.375551
245000 60000 149998 -2.19578
240000 65000 150000 0.239535
245000 65000 149999 -0.529705
245000 60000 149998 -2.19578
250000 60000 149998 -2.31563
245000 65000 149999 -0.529705
250000 65000 149999 -1.38839
240000 65000 150000 0.239535
245000 65000 149999 -0.529705
240000 70000 150001 1.23676
245000 70000 149999 -1.43145
245000 65000 149999 -0.529705
250000 65000 149999 -1.38839
245000 70000 149999 -1.43145
250000 70000 149999 -1.21669
250000 60000 149998 -2.31563
255000 60000 149997 -2.5797
250000 65000 149999 -1.38839
255000 65000 149997 -3.28423
255000 60000 149997 -2.5797
260000 60000 149996 -3.55842
255000 65000 149997 -3.28423
260000 65000 149995 -4.69494
250000 65000 149999 -1.38839
255000 65000 149997 -3.28423
250000 70000 149999 -1.21669
255000 70000 149996 -3.70801
255000 65000 149997 -3.28423
260000 65000 149995 -4.69494
255000 70000 149996 -3.70801
260000 70000 149996 -3.9239
260000 60000 149996 -3.55842
265000 60000 149995 -4.82391
260000 65000 149995 -4.69494
265000 65000 149994 -5.83092
265000 60000 149995 -4.82391
270000 60000 149995 -4.88329
265000 65000 149994 -5.83092
270000 65000 149994 -6.24531
260000 65000 149995 -4.69494
265000 65000 149994 -5.83092
260000 70000 149996 -3.9239
265000 70000 149996 -4.42449
265000 65000 149994 -5.83092
270000 65000 149994 -6.24531
265000 70000 149996 -4.42449
270000 70000 149994 -5.71875
270000 60000 149995 -4.88329
275000 60000 149994 -6.04396
270000 65000 149994 -6.24531
275000 65000 149994 -6.40685
275000 60000 149994 -6.04396
280000 60000 149994 -6.42036
275000 65000 149994 -6.40685
280000 65000 149994 -6.12864
270000 65000 149994 -6.24531
275000 65000 149994 -6.40685
270000 70000 149994 -5.71875
275000 70000 149994 -5.77787
275000 65000 149994 -6.40685
280000 65000 149994 -6.12864
275000 70000 149994 -5.77787
280000 70000 149994 -5.80221
280000 60000 149994 -6.42036
285000 60000 149993 -6.96171
280000 65000 149994 -6.12864
285000 65000 149994 -6.20072
285000 60000 149993 -6.96171
290000 60000 149993 -6.80137
285000 65000 149994 -6.20072
290000 65000 149993 -6.62945
280000 65000 149994 -6.12864
285000 65000 149994 -6.20072
280000 70000 149994 -5.80221
285000 70000 149995 -5.43536
285000 65000 149994 -6.20072
290000 65000 149993 -6.62945
285000 70000 149995 -5.43536
290000 70000 149993 -6.52085
290000 60000 149993 -6.80137
295000 60000 149993 -7.34925
290000 65000 149993 -6.62945
295000 65000 149992 -7.52549
295000 60000 149993 -7.34925
300000 60000 149992 -7.86531
295000 65000 149992 -7.52549
300000 65000 149992 -7.79389
290000 65000 149993 -6.62945
295000 65000 149992 -7.52549
290000 70000 149993 -6.52085
295000 70000 149993 -6.94347
295000 65000 149992 -7.52549
300000 65000 149992 -7.79389
295000 70000 149993 -6.94347
300000 70000 149992 -7.69507
200000 70000 150031 31.2961
205000 70000 150027 26.7018
200000 75000 150031 31.3909
205000 75000 150029 28.6705
205000 70000 150027 26.7018
210000 70000 150021 20.9064
205000 75000 150029 28.6705
210000 75000 150025 24.9376
200000 75000 150031 31.3909
205000 75000 150029 28.6705
200000 80000 150033 33.1908
205000 80000 150030 29.6328
205000 75000 150029 28.6705
210000 75000 150025 24.9376
205000 80000 150030 29.6328
210000 80000 150025 25.1406
210000 70000 150021 20.9064
215000 70000 150018 18.0251
210000 75000 150025 24.9376
215000 75000 150020 19.7587
215000 70000 150018 18.0251
220000 70000 150012 12.0195
215000 75000 150020 19.7587
220000 75000 150014 13.7938
210000 75000 150025 24.9376
215000 75000 150020 19.7587
210000 80000 150025 25.1406
215000 80000 150020 20.4899
215000 75000 150020 19.7587
220000 75000 150014 13.7938
215000 80000 150020 20.4899
220000 80000 150016 16.1466
220000 70000 150012 12.0195
225000 70000 150010 10.4976
220000 75000 150014 13.7938
225000 75000 150011 11.0419
225000 70000 150010 10.4976
230000 70000 150005 5.0478
225000 75000 150011 11.0419
230000 75000 150007 6.87937
220000 75000 150014 13.7938
225000 75000 150011 11.0419
220000 80000 150016 16.1466
225000 80000 150011 10.6363
225000 75000 150011 11.0419
230000 75000 150007 6.87937
225000 80000 150011 10.6363
230000 80000 150005 5.49658
230000 70000 150005 5.0478
235000 70000 150002 1.99089
230000 75000 150007 6.87937
235000 75000 150000 0.292845
235000 70000 150002 1.99089
240000 70000 150001 1.23676
235000 75000 150000 0.292845
240000 75000 149998 -2.0277
230000 75000 150007 6.87937
235000 75000 150000 0.292845
230000 80000 150005 5.49658
235000 80000 150004 3.8559
235000 75000 150000 0.292845
240000 75000 149998 -2.0277
235000 80000 150004 3.8559
240000 80000 150002 1.88856
240000 70000 150001 1.23676
245000 70000 149999 -1.43145
240000 75000 149998 -2.0277
245000 75000 149997 -3.48689
245000 70000 149999 -1.43145
250000 70000 149999 -1.21669
245000 75000 149997 -3.48689
250000 75000 149996 -4.12422
240000 75000 149998 -2.0277
245000 75000 149997 -3.48689
240000 80000 150002 1.88856
245000 80000 150000 -0.173094
245000 75000 149997 -3.48689
250000 75000 149996 -4.12422
245000 80000 150000 -0.173094
250000 80000 149999 -0.808249
250000 70000 149999 -1.21669
255000 70000 149996 -3.70801
250000 75000 149996 -4.12422
255000 75000 149996 -4.07825
255000 70000 149996 -3.70801
260000 70000 149996 -3.9239
255000 75000 149996 -4.07825
260000 75000 149995 -4.81312
250000 75000 149996 -4.12422
255000 75000 149996 -4.07825
250000 80000 149999 -0.808249
255000 80000 149998 -2.48329
255000 75000 149996 -4.07825
260000 75000 149995 -4.81312
255000 80000 149998 -2.48329
260000 80000 149995 -4.80479
260000 70000 149996 -3.9239
265000 70000 149996 -4.42449
260000 75000 149995 -4.81312
265000 75000 149995 -5.05388
265000 70000 149996 -4.42449
270000 70000 149994 -5.71875
265000 75000 149995 -5.05388
270000 75000 149995 -4.7852
260000 75000 149995 -4.81312
265000 75000 149995 -5.05388
260000 80000 149995 -4.80479
265000 80000 149995 -5.06144
265000 75000 149995 -5.05388
270000 75000 149995 -4.7852
265000 80000 149995 -5.06144
270000 80000 149995 -5.20622
270000 70000 149994 -5.71875
275000 70000 149994 -5.77787
270000 75000 149995 -4.7852
275000 75000 149995 -5.11125
275000 70000 149994 -5.77787
280000 70000 149994 -5.80221
275000 75000 149995 -5.11125
280000 75000 149996 -4.44765
270000 75000 149995 -4.7852
275000 75000 149995 -5.11125
270000 80000 149995 -5.20622
275000 80000 149995 -5.2141
275000 75000 149995 -5.11125
280000 75000 149996 -4.44765
275000 80000 149995 -5.2141
280000 80000 149995 -5.32344
280000 70000 149994 -5.80221
285000 70000 149995 -5.43536
280000 75000 149996 -4.44765
285000 75000 149995 -5.09651
285000 70000 149995 -5.43536
290000 70000 149993 -6.52085
285000 75000 149995 -5.09651
290000 75000 149994 -5.84786
280000 75000 149996 -4.44765
285000 75000 149995 -5.09651
280000 80000 149995 -5.32344
285000 80000 149994 -5.67663
285000 75000 149995 -5.09651
290000 75000 149994 -5.84786
285000 80000 149994 -5.67663
290000 80000 149994 -5.62193
290000 70000 149993 -6.52085
295000 70000 149993 -6.94347
290000 75000 149994 -5.84786
295000 75000 149993 -6.61592
295000 70000 149993 -6.94347
300000 70000 149992 -7.69507
295000 75000 149993 -6.61592
300000 75000 149993 -6.97933
290000 75000 149994 -5.84786
295000 75000 149993 -6.61592
290000 80000 149994 -5.62193
295000 80000 149994 -6.324
295000 75000 149993 -6.61592
300000 75000 149993 -6.97933
295000 80000 149994 -6.324
300000 80000 149993 -7.26561
160000 80000 149889 -111.054
165000 80000 149911 -89.2946
160000 85000 149910 -90.0222
165000 85000 149890 -110.223
165000 80000 149911 -89.2946
170000 80000 149957 -42.8992
165000 85000 149890 -110.223
170000 85000 149943 -57.4428
160000 85000 149910 -90.0222
165000 85000 149890 -110.223
160000 90000 149941 -59.3814
165000 90000 149898 -101.829
165000 85000 149890 -110.223
170000 85000 149943 -57.4428
165000 90000 149898 -101.829
170000 90000 149915 -85.0548
170000 80000 149957 -42.8992
175000 80000 149999 -1.40152
170000 85000 149943 -57.4428
175000 85000 149975 -24.8868
175000 80000 149999 -1.40152
180000 80000 150026 26.1237
175000 85000 149975 -24.8868
180000 85000 150013 12.8987
170000 85000 149943 -57.4428
175000 85000 149975 -24.8868
170000 90000 149915 -85.0548
175000 90000 149957 -42.9566
175000 85000 149975 -24.8868
180000 85000 150013 12.8987
175000 90000 149957 -42.9566
180000 90000 149997 -2.55646
180000 80000 150026 26.1237
185000 80000 150034 33.8468
180000 85000 150013 12.8987
185000 85000 150035 34.8434
185000 80000 150034 33.8468
190000 80000 150035 35.114
185000 85000 150035 34.8434
190000 85000 150035 35.0566
180000 85000 150013 12.8987
185000 85000 150035 34.8434
180000 90000 149997 -2.55646
185000 90000 150033 32.8874
185000 85000 150035 34.8434
190000 85000 150035 35.0566
185000 90000 150033 32.8874
190000 90000 150038 37.7442
190000 80000 150035 35.114
195000 80000 150034 34.0693
190000 85000 150035 35.0566
195000 85000 150033 32.7305
195000 80000 150034 34.0693
200000 80000 150033 33.1908
195000 85000 150033 32.7305
200000 85000 150032 32.3517
190000 85000 150035 35.0566
195000 85000 150033 32.7305
190000 90000 150038 37.7442
195000 90000 150033 33.3285
195000 85000 150033 32.7305
200000 85000 150032 32.3517
195000 90000 150033 33.3285
200000 90000 150032 31.6645
200000 80000 150033 33.1908
205000 80000 150030 29.6328
200000 85000 150032 32.3517
205000 85000 150030 30.2152
205000 80000 150030 29.6328
210000 80000 150025 25.1406
205000 85000 150030 30.2152
210000 85000 150028 28.2015
200000 85000 150032 32.3517
205000 85000 150030 30.2152
200000 90000 150032 31.6645
205000 90000 150030 29.8035
205000 85000 150030 30.2152
210000 85000 150028 28.2015
205000 90000 150030 29.8035
210000 90000 150025 25.0993
210000 80000 150025 25.1406
215000 80000 150020 20.4899
210000 85000 150028 28.2015
215000 85000 150023 23.0447
215000 80000 150020 20.4899
220000 80000 150016 16.1466
215000 85000 150023 23.0447
220000 85000 150017 16.9686
210000 85000 150028 28.2015
215000 85000 150023 23.0447
210000 90000 150025 25.0993
215000 90000 150020 20.3253
215000 85000 150023 23.0447
220000 85000 150017 16.9686
215000 90000 150020 20.3253
220000 90000 150016 15.6439
220000 80000 150016 16.1466
225000 80000 150011 10.6363
220000 85000 150017 16.9686
225000 85000 150013 12.5789
225000 80000 150011 10.6363
230000 80000 150005 5.49658
225000 85000 150013 12.5789
230000 85000 150010 9.54286
220000 85000 150017 16.9686
225000 85000 150013 12.5789
220000 90000 150016 15.6439
225000 90000 150013 13.3354
225000 85000 150013 12.5789
230000 85000 150010 9.54286
225000 90000 150013 13.3354
230000 90000 150009 8.95209
230000 80000 150005 5.49658
235000 80000 150004 3.8559
230000 85000 150010 9.54286
235000 85000 150006 5.96954
235000 80000 150004 3.8559
240000 80000 150002 1.88856
235000 85000 150006 5.96954
240000 85000 150002 1.59921
230000 85000 150010 9.54286
235000 85000 150006 5.96954
230000 90000 150009 8.95209
235000 90000 150004 3.98223
235000 85000 150006 5.96954
240000 85000 150002 1.59921
235000 90000 150004 3.98223
240000 90000 150001 0.766892
240000 80000 150002 1.88856
245000 80000 150000 -0.173094
240000 85000 150002 1.59921
245000 85000 149998 -1.59329
245000 80000 150000 -0.173094
250000 80000 149999 -0.808249
245000 85000 149998 -1.59329
250000 85000 149998 -1.7995
240000 85000 150002 1.59921
245000 85000 149998 -1.59329
240000 90000 150001 0.766892
245000 90000 150000 -0.434685
245000 85000 149998 -1.59329
250000 85000 149998 -1.7995
245000 90000 150000 -0.434685
250000 90000 149997 -2.73617
250000 80000 149999 -0.808249
255000 80000 149998 -2.48329
250000 85000 149998 -1.7995
255000 85000 149996 -4.4975
255000 80000 149998 -2.48329
260000 80000 149995 -4.80479
255000 85000 149996 -4.4975
260000 85000 149995 -4.81262
250000 85000 149998 -1.7995
255000 85000 149996 -4.4975
250000 90000 149997 -2.73617
255000 90000 149997 -3.16768
255000 85000 149996 -4.4975
260000 85000 149995 -4.81262
255000 90000 149997 -3.16768
260000 90000 149996 -4.10887
260000 80000 149995 -4.80479
265000 80000 149995 -5.06144
260000 85000 149995 -4.81262
265000 85000 149995 -5.06031
265000 80000 149995 -5.06144
270000 80000 149995 -5.20622
265000 85000 149995 -5.06031
270000 85000 149995 -5.0208
260000 85000 149995 -4.81262
265000 85000 149995 -5.06031
260000 90000 149996 -4.10887
265000 90000 149995 -5.03452
265000 85000 149995 -5.06031
270000 85000 149995 -5.0208
265000 90000 149995 -5.03452
270000 90000 149995 -5.24606
270000 80000 149995 -5.20622
275000 80000 149995 -5.2141
270000 85000 149995 -5.0208
275000 85000 149995 -5.31225
275000 80000 149995 -5.2141
280000 80000 149995 -5.32344
275000 85000 149995 -5.31225
280000 85000 149995 -5.16574
270000 85000 149995 -5.0208
275000 85000 149995 -5.31225
270000 90000 149995 -5.24606
275000 90000 149995 -5.22506
275000 85000 149995 -5.31225
280000 85000 149995 -5.16574
275000 90000 149995 -5.22506
280000 90000 149995 -5.21282
280000 80000 149995 -5.32344
285000 80000 149994 -5.67663
280000 85000 149995 -5.16574
285000 85000 149994 -5.87097
285000 80000 149994 -5.67663
290000 80000 149994 -5.62193
285000 85000 149994 -5.87097
290000 85000 149994 -6.30915
280000 85000 149995 -5.16574
285000 85000 149994 -5.87097
280000 90000 149995 -5.21282
285000 90000 149995 -5.34412
285000 85000 149994 -5.87097
290000 85000 149994 -6.30915
285000 90000 149995 -5.34412
290000 90000 149994 -6.2588
290000 80000 149994 -5.62193
295000 80000 149994 -6.324
290000 85000 149994 -6.30915
295000 85000 149993 -6.91729
295000 80000 149994 -6.324
300000 80000 149993 -7.26561
295000 85000 149993 -6.91729
300000 85000 149993 -7.27681
290000 85000 149994 -6.30915
295000 85000 149993 -6.91729
290000 90000 149994 -6.2588
295000 90000 149993 -6.99565
295000 85000 149993 -6.91729
300000 85000 149993 -7.27681
295000 90000 149993 -6.99565
300000 90000 149993 -7.259
160000 90000 149941 -59.3814
165000 90000 149898 -101.829
160000 95000 149956 -43.9393
165000 95000 149923 -77.0418
165000 90000 149898 -101.829
170000 90000 149915 -85.0548
165000 95000 149923 -77.0418
170000 95000 149905 -94.9643
160000 95000 149956 -43.9393
165000 95000 149923 -77.0418
160000 100000 149965 -34.885
165000 100000 149944 -55.5281
165000 95000 149923 -77.0418
170000 95000 149905 -94.9643
165000 100000 149944 -55.5281
170000 100000 149918 -81.6897
170000 90000 149915 -85.0548
175000 90000 149957 -42.9566
170000 95000 149905 -94.9643
175000 95000 149943 -56.8074
175000 90000 149957 -42.9566
180000 90000 149997 -2.55646
175000 95000 149943 -56.8074
180000 95000 149978 -21.5068
170000 95000 149905 -94.9643
175000 95000 149943 -56.8074
170000 100000 149918 -81.6897
175000 100000 149930 -70.1822
175000 95000 149943 -56.8074
180000 95000 149978 -21.5068
175000 100000 149930 -70.1822
180000 100000 149961 -39.0199
180000 90000 149997 -2.55646
185000 90000 150033 32.8874
180000 95000 149978 -21.5068
185000 95000 150021 20.6025
185000 90000 150033 32.8874
190000 90000 150038 37.7442
185000 95000 150021 20.6025
190000 95000 150037 37.1183
180000 95000 149978 -21.5068
185000 95000 150021 20.6025
180000 100000 149961 -39.0199
185000 100000 150006 5.64103
185000 95000 150021 20.6025
190000 95000 150037 37.1183
185000 100000 150006 5.64103
190000 100000 150032 32.3504
190000 90000 150038 37.7442
195000 90000 150033 33.3285
190000 95000 150037 37.1183
195000 95000 150035 34.7236
195000 90000 150033 33.3285
200000 90000 150032 31.6645
195000 95000 150035 34.7236
200000 95000 150031 31.0391
190000 95000 150037 37.1183
195000 95000 150035 34.7236
190000 100000 150032 32.3504
195000 100000 150034 33.5632
195000 95000 150035 34.7236
200000 95000 150031 31.0391
195000 100000 150034 33.5632
200000 100000 150030 30.0543
200000 90000 150032 31.6645
205000 90000 150030 29.8035
200000 95000 150031 31.0391
205000 95000 150029 28.9704
205000 90000 150030 29.8035
210000 90000 150025 25.0993
205000 95000 150029 28.9704
210000 95000 150028 27.9767
200000 95000 150031 31.0391
205000 95000 150029 28.9704
200000 100000 150030 30.0543
205000 100000 150029 28.5444
205000 95000 150029 28.9704
210000 95000 150028 27.9767
205000 100000 150029 28.5444
210000 100000 150025 24.5513
210000 90000 150025 25.0993
215000 90000 150020 20.3253
210000 95000 150028 27.9767
215000 95000 150022 22.2628
215000 90000 150020 20.3253
220000 90000 150016 15.6439
215000 95000 150022 22.2628
220000 95000 150017 16.8193
210000 95000 150028 27.9767
215000 95000 150022 22.2628
210000 100000 150025 24.5513
215000 100000 150025 24.6817
215000 95000 150022 22.2628
220000 95000 150017 16.8193
215000 100000 150025 24.6817
220000 100000 150019 19.3053
220000 90000 150016 15.6439
225000 90000 150013 13.3354
220000 95000 150017 16.8193
225000 95000 150013 12.9214
225000 90000 150013 13.3354
230000 90000 150009 8.95209
225000 95000 150013 12.9214
230000 95000 150007 7.36592
220000 95000 150017 16.8193
225000 95000 150013 12.9214
220000 100000 150019 19.3053
225000 100000 150014 14.4539
225000 95000 150013 12.9214
230000 95000 150007 7.36592
225000 100000 150014 14.4539
230000 100000 150010 10.4813
230000 90000 150009 8.95209
235000 90000 150004 3.98223
230000 95000 150007 7.36592
235000 95000 150004 4.20472
235000 90000 150004 3.98223
240000 90000 150001 0.766892
235000 95000 150004 4.20472
240000 95000 150003 3.22701
230000 95000 150007 7.36592
235000 95000 150004 4.20472
230000 100000 150010 10.4813
235000 100000 150006 6.08609
235000 95000 150004 4.20472
240000 95000 150003 3.22701
235000 100000 150006 6.08609
240000 100000 150001 1.31747
240000 90000 150001 0.766892
245000 90000 150000 -0.434685
240000 95000 150003 3.22701
245000 95000 150001 0.951395
245000 90000 150000 -0.434685
250000 90000 149997 -2.73617
245000 95000 150001 0.951395
250000 95000 149997 -2.99665
240000 95000 150003 3.22701
245000 95000 150001 0.951395
240000 100000 150001 1.31747
245000 100000 149998 -1.97503
245000 95000 150001 0.951395
250000 95000 149997 -2.99665
245000 100000 149998 -1.97503
250000 100000 149998 -2.42299
250000 90000 149997 -2.73617
255000 90000 149997 -3.16768
250000 95000 149997 -2.99665
255000 95000 149995 -4.70177
255000 90000 149997 -3.16768
260000 90000 149996 -4.10887
255000 95000 149995 -4.70177
260000 95000 149995 -4.96087
250000 95000 149997 -2.99665
255000 95000 149995 -4.70177
250000 100000 149998 -2.42299
255000 100000 149996 -4.19112
255000 95000 149995 -4.70177
260000 95000 149995 -4.96087
255000 100000 149996 -4.19112
260000 100000 149995 -4.92268
260000 90000 149996 -4.10887
265000 90000 149995 -5.03452
260000 95000 149995 -4.96087
265000 95000 149995 -4.99494
265000 90000 149995 -5.03452
270000 90000 149995 -5.24606
265000 95000 149995 -4.99494
270000 95000 149995 -5.38203
260000 95000 149995 -4.96087
265000 95000 149995 -4.99494
260000 100000 149995 -4.92268
265000 100000 149995 -4.51317
265000 95000 149995 -4.99494
270000 95000 149995 -5.38203
265000 100000 149995 -4.51317
270000 100000 149995 -4.90698
270000 90000 149995 -5.24606
275000 90000 149995 -5.22506
270000 95000 149995 -5.38203
275000 95000 149995 -5.22665
275000 90000 149995 -5.22506
280000 90000 149995 -5.21282
275000 95000 149995 -5.22665
280000 95000 149994 -5.92033
270000 95000 149995 -5.38203
275000 95000 149995 -5.22665
270000 100000 149995 -4.90698
275000 100000 149995 -5.44108
275000 95000 149995 -5.22665
280000 95000 149994 -5.92033
275000 100000 149995 -5.44108
280000 100000 149994 -5.59392
280000 90000 149995 -5.21282
285000 90000 149995 -5.34412
280000 95000 149994 -5.92033
285000 95000 149994 -5.53289
285000 90000 149995 -5.34412
290000 90000 149994 -6.2588
285000 95000 149994 -5.53289
290000 95000 149994 -5.95538
280000 95000 149994 -5.92033
285000 95000 149994 -5.53289
280000 100000 149994 -5.59392
285000 100000 149994 -5.72418
285000 95000 149994 -5.53289
290000 95000 149994 -5.95538
285000 100000 149994 -5.72418
290000 100000 149994 -5.96079
290000 90000 149994 -6.2588
295000 90000 149993 -6.99565
290000 95000 149994 -5.95538
295000 95000 149994 -6.21451
295000 90000 149993 -6.99565
300000 90000 149993 -7.259
295000 95000 149994 -6.21451
300000 95000 149993 -7.2753
290000 95000 149994 -5.95538
295000 95000 149994 -6.21451
290000 100000 149994 -5.96079
295000 100000 149993 -6.88743
295000 95000 149994 -6.21451
300000 95000 149993 -7.2753
295000 100000 149993 -6.88743
300000 100000 149993 -7.39217
160000 100000 149965 -34.885
165000 100000 149944 -55.5281
160000 105000 149970 -29.6508
165000 105000 149955 -44.9984
165000 100000 149944 -55.5281
170000 100000 149918 -81.6897
165000 105000 149955 -44.9984
170000 105000 149940 -60.4051
160000 105000 149970 -29.6508
165000 105000 149955 -44.9984
160000 110000 149974 -25.8426
165000 110000 149958 -42.1786
165000 105000 149955 -44.9984
170000 105000 149940 -60.4051
165000 110000 149958 -42.1786
170000 110000 149953 -46.7133
170000 100000 149918 -81.6897
175000 100000 149930 -70.1822
170000 105000 149940 -60.4051
175000 105000 149942 -58.0529
175000 100000 149930 -70.1822
180000 100000 149961 -39.0199
175000 105000 149942 -58.0529
180000 105000 149960 -39.8072
170000 105000 149940 -60.4051
175000 105000 149942 -58.0529
170000 110000 149953 -46.7133
175000 110000 149954 -45.5913
175000 105000 149942 -58.0529
180000 105000 149960 -39.8072
175000 110000 149954 -45.5913
180000 110000 149965 -34.9714
180000 100000 149961 -39.0199
185000 100000 150006 5.64103
180000 105000 149960 -39.8072
185000 105000 149994 -6.38821
185000 100000 150006 5.64103
190000 100000 150032 32.3504
185000 105000 149994 -6.38821
190000 105000 150021 21.0233
180000 105000 149960 -39.8072
185000 105000 149994 -6.38821
180000 110000 149965 -34.9714
185000 110000 149987 -12.5152
185000 105000 149994 -6.38821
190000 105000 150021 21.0233
185000 110000 149987 -12.5152
190000 110000 150009 9.26011
190000 100000 150032 32.3504
195000 100000 150034 33.5632
190000 105000 150021 21.0233
195000 105000 150029 29.0032
195000 100000 150034 33.5632
200000 100000 150030 30.0543
195000 105000 150029 29.0032
200000 105000 150028 27.6316
190000 105000 150021 21.0233
195000 105000 150029 29.0032
190000 110000 150009 9.26011
195000 110000 150022 21.6549
195000 105000 150029 29.0032
200000 105000 150028 27.6316
195000 110000 150022 21.6549
200000 110000 150025 24.6884
200000 100000 150030 30.0543
205000 100000 150029 28.5444
200000 105000 150028 27.6316
205000 105000 150026 26.4774
205000 100000 150029 28.5444
210000 100000 150025 24.5513
205000 105000 150026 26.4774
210000 105000 150024 24.4209
200000 105000 150028 27.6316
205000 105000 150026 26.4774
200000 110000 150025 24.6884
205000 110000 150026 25.6216
205000 105000 150026 26.4774
210000 105000 150024 24.4209
205000 110000 150026 25.6216
210000 110000 150023 23.1571
210000 100000 150025 24.5513
215000 100000 150025 24.6817
210000 105000 150024 24.4209
215000 105000 150019 19.4484
215000 100000 150025 24.6817
220000 100000 150019 19.3053
215000 105000 150019 19.4484
220000 105000 150019 19.186
210000 105000 150024 24.4209
215000 105000 150019 19.4484
210000 110000 150023 23.1571
215000 110000 150019 18.9841
215000 105000 150019 19.4484
220000 105000 150019 19.186
215000 110000 150019 18.9841
220000 110000 150013 13.2027
220000 100000 150019 19.3053
225000 100000 150014 14.4539
220000 105000 150019 19.186
225000 105000 150017 16.5134
225000 100000 150014 14.4539
230000 100000 150010 10.4813
225000 105000 150017 16.5134
230000 105000 150011 10.5129
220000 105000 150019 19.186
225000 105000 150017 16.5134
220000 110000 150013 13.2027
225000 110000 150013 12.9271
225000 105000 150017 16.5134
230000 105000 150011 10.5129
225000 110000 150013 12.9271
230000 110000 150010 10.2262
230000 100000 150010 10.4813
235000 100000 150006 6.08609
230000 105000 150011 10.5129
235000 105000 150006 5.57727
235000 100000 150006 6.08609
240000 100000 150001 1.31747
235000 105000 150006 5.57727
240000 105000 150004 3.6804
230000 105000 150011 10.5129
235000 105000 150006 5.57727
230000 110000 150010 10.2262
235000 110000 150006 5.99799
235000 105000 150006 5.57727
240000 105000 150004 3.6804
235000 110000 150006 5.99799
240000 110000 149999 -0.827075
240000 100000 150001 1.31747
245000 100000 149998 -1.97503
240000 105000 150004 3.6804
245000 105000 150001 0.666115
245000 100000 149998 -1.97503
250000 100000 149998 -2.42299
245000 105000 150001 0.666115
250000 105000 149998 -2.034
240000 105000 150004 3.6804
245000 105000 150001 0.666115
240000 110000 149999 -0.827075
245000 110000 149999 -0.628453
245000 105000 150001 0.666115
250000 105000 149998 -2.034
245000 110000 149999 -0.628453
250000 110000 149998 -1.7978
250000 100000 149998 -2.42299
255000 100000 149996 -4.19112
250000 105000 149998 -2.034
255000 105000 149996 -3.66063
255000 100000 149996 -4.19112
260000 100000 149995 -4.92268
255000 105000 149996 -3.66063
260000 105000 149996 -3.53575
250000 105000 149998 -2.034
255000 105000 149996 -3.66063
250000 110000 149998 -1.7978
255000 110000 149998 -2.46496
255000 105000 149996 -3.66063
260000 105000 149996 -3.53575
255000 110000 149998 -2.46496
260000 110000 149996 -4.0133
260000 100000 149995 -4.92268
265000 100000 149995 -4.51317
260000 105000 149996 -3.53575
265000 105000 149996 -4.29014
265000 100000 149995 -4.51317
270000 100000 149995 -4.90698
265000 105000 149996 -4.29014
270000 105000 149994 -5.54055
260000 105000 149996 -3.53575
265000 105000 149996 -4.29014
260000 110000 149996 -4.0133
265000 110000 149995 -4.61263
265000 105000 149996 -4.29014
270000 105000 149994 -5.54055
265000 110000 149995 -4.61263
270000 110000 149994 -5.75376
270000 100000 149995 -4.90698
275000 100000 149995 -5.44108
270000 105000 149994 -5.54055
275000 105000 149995 -5.19519
275000 100000 149995 -5.44108
280000 100000 149994 -5.59392
275000 105000 149995 -5.19519
280000 105000 149994 -5.66433
270000 105000 149994 -5.54055
275000 105000 149995 -5.19519
270000 110000 149994 -5.75376
275000 110000 149994 -5.77367
275000 105000 149995 -5.19519
280000 105000 149994 -5.66433
275000 110000 149994 -5.77367
280000 110000 149994 -5.74254
280000 100000 149994 -5.59392
285000 100000 149994 -5.72418
280000 105000 149994 -5.66433
285000 105000 149994 -6.31314
285000 100000 149994 -5.72418
290000 100000 149994 -5.96079
285000 105000 149994 -6.31314
290000 105000 149994 -6.46579
280000 105000 149994 -5.66433
285000 105000 149994 -6.31314
280000 110000 149994 -5.74254
285000 110000 149994 -5.8542
285000 105000 149994 -6.31314
290000 105000 149994 -6.46579
285000 110000 149994 -5.8542
290000 110000 149994 -6.06006
290000 100000 149994 -5.96079
295000 100000 149993 -6.88743
290000 105000 149994 -6.46579
295000 105000 149993 -6.80232
295000 100000 149993 -6.88743
300000 100000 149993 -7.39217
295000 105000 149993 -6.80232
300000 105000 149993 -7.37363
290000 105000 149994 -6.46579
295000 105000 149993 -6.80232
290000 110000 149994 -6.06006
295000 110000 149993 -6.77296
295000 105000 149993 -6.80232
300000 105000 149993 -7.37363
295000 110000 149993 -6.77296
300000 110000 149993 -7.26332
160000 110000 149974 -25.8426
165000 110000 149958 -42.1786
160000 115000 149965 -35.3932
165000 115000 149960 -39.6502
165000 110000 149958 -42.1786
170000 110000 149953 -46.7133
165000 115000 149960 -39.6502
170000 115000 149958 -42.258
160000 115000 149965 -35.3932
165000 115000 149960 -39.6502
160000 120000 149978 -22.33
165000 120000 149967 -32.863
165000 115000 149960 -39.6502
170000 115000 149958 -42.258
165000 120000 149967 -32.863
170000 120000 149961 -39.1133
170000 110000 149953 -46.7133
175000 110000 149954 -45.5913
170000 115000 149958 -42.258
175000 115000 149960 -39.9186
175000 110000 149954 -45.5913
180000 110000 149965 -34.9714
175000 115000 149960 -39.9186
180000 115000 149966 -34.3005
170000 115000 149958 -42.258
175000 115000 149960 -39.9186
170000 120000 149961 -39.1133
175000 120000 149963 -36.7964
175000 115000 149960 -39.9186
180000 115000 149966 -34.3005
175000 120000 149963 -36.7964
180000 120000 149971 -28.7717
180000 110000 149965 -34.9714
185000 110000 149987 -12.5152
180000 115000 149966 -34.3005
185000 115000 149981 -19.3823
185000 110000 149987 -12.5152
190000 110000 150009 9.26011
185000 115000 149981 -19.3823
190000 115000 150001 0.948281
180000 115000 149966 -34.3005
185000 115000 149981 -19.3823
180000 120000 149971 -28.7717
185000 120000 149984 -16.1092
185000 115000 149981 -19.3823
190000 115000 150001 0.948281
185000 120000 149984 -16.1092
190000 120000 150000 -0.432327
190000 110000 150009 9.26011
195000 110000 150022 21.6549
190000 115000 150001 0.948281
195000 115000 150012 11.8593
195000 110000 150022 21.6549
200000 110000 150025 24.6884
195000 115000 150012 11.8593
200000 115000 150023 22.8227
190000 115000 150001 0.948281
195000 115000 150012 11.8593
190000 120000 150000 -0.432327
195000 120000 150016 15.9271
195000 115000 150012 11.8593
200000 115000 150023 22.8227
195000 120000 150016 15.9271
200000 120000 150024 24.1317
200000 110000 150025 24.6884
205000 110000 150026 25.6216
200000 115000 150023 22.8227
205000 115000 150026 26.4247
205000 110000 150026 25.6216
210000 110000 150023 23.1571
205000 115000 150026 26.4247
210000 115000 150026 26.132
200000 115000 150023 22.8227
205000 115000 150026 26.4247
200000 120000 150024 24.1317
205000 120000 150027 26.7618
205000 115000 150026 26.4247
210000 115000 150026 26.132
205000 120000 150027 26.7618
210000 120000 150026 26.0211
210000 110000 150023 23.1571
215000 110000 150019 18.9841
210000 115000 150026 26.132
215000 115000 150021 21.1252
215000 110000 150019 18.9841
220000 110000 150013 13.2027
215000 115000 150021 21.1252
220000 115000 150018 17.7248
210000 115000 150026 26.132
215000 115000 150021 21.1252
210000 120000 150026 26.0211
215000 120000 150023 23.3803
215000 115000 150021 21.1252
220000 115000 150018 17.7248
215000 120000 150023 23.3803
220000 120000 150020 19.613
220000 110000 150013 13.2027
225000 110000 150013 12.9271
220000 115000 150018 17.7248
225000 115000 150012 12.0444
225000 110000 150013 12.9271
230000 110000 150010 10.2262
225000 115000 150012 12.0444
230000 115000 150005 4.86654
220000 115000 150018 17.7248
225000 115000 150012 12.0444
220000 120000 150020 19.613
225000 120000 150016 15.5621
225000 115000 150012 12.0444
230000 115000 150005 4.86654
225000 120000 150016 15.5621
230000 120000 150010 9.98358
230000 110000 150010 10.2262
235000 110000 150006 5.99799
230000 115000 150005 4.86654
235000 115000 150002 2.39854
235000 110000 150006 5.99799
240000 110000 149999 -0.827075
235000 115000 150002 2.39854
240000 115000 150005 4.60497
230000 115000 150005 4.86654
235000 115000 150002 2.39854
230000 120000 150010 9.98358
235000 120000 150008 7.531
235000 115000 150002 2.39854
240000 115000 150005 4.60497
235000 120000 150008 7.531
240000 120000 150005 5.42556
240000 110000 149999 -0.827075
245000 110000 149999 -0.628453
240000 115000 150005 4.60497
245000 115000 150002 2.00807
245000 110000 149999 -0.628453
250000 110000 149998 -1.7978
245000 115000 150002 2.00807
250000 115000 150000 -0.00416919
240000 115000 150005 4.60497
245000 115000 150002 2.00807
240000 120000 150005 5.42556
245000 120000 150002 2.35274
245000 115000 150002 2.00807
250000 115000 150000 -0.00416919
245000 120000 150002 2.35274
250000 120000 150000 -0.0604284
250000 110000 149998 -1.7978
255000 110000 149998 -2.46496
250000 115000 150000 -0.00416919
255000 115000 149998 -2.45982
255000 110000 149998 -2.46496
260000 110000 149996 -4.0133
255000 115000 149998 -2.45982
260000 115000 149996 -4.44101
250000 115000 150000 -0.00416919
255000 115000 149998 -2.45982
250000 120000 150000 -0.0604284
255000 120000 149997 -2.92717
255000 115000 149998 -2.45982
260000 115000 149996 -4.44101
255000 120000 149997 -2.92717
260000 120000 149997 -3.15653
260000 110000 149996 -4.0133
265000 110000 149995 -4.61263
260000 115000 149996 -4.44101
265000 115000 149995 -5.46188
265000 110000 149995 -4.61263
270000 110000 149994 -5.75376
265000 115000 149995 -5.46188
270000 115000 149995 -4.67733
260000 115000 149996 -4.44101
265000 115000 149995 -5.46188
260000 120000 149997 -3.15653
265000 120000 149996 -4.42995
265000 115000 149995 -5.46188
270000 115000 149995 -4.67733
265000 120000 149996 -4.42995
270000 120000 149995 -5.0043
270000 110000 149994 -5.75376
275000 110000 149994 -5.77367
270000 115000 149995 -4.67733
275000 115000 149995 -5.20477
275000 110000 149994 -5.77367
280000 110000 149994 -5.74254
275000 115000 149995 -5.20477
280000 115000 149994 -5.61793
270000 115000 149995 -4.67733
275000 115000 149995 -5.20477
270000 120000 149995 -5.0043
275000 120000 149994 -5.54755
275000 115000 149995 -5.20477
280000 115000 149994 -5.61793
275000 120000 149994 -5.54755
280000 120000 149995 -5.12846
280000 110000 149994 -5.74254
285000 110000 149994 -5.8542
280000 115000 149994 -5.61793
285000 115000 149994 -6.31024
285000 110000 149994 -5.8542
290000 110000 149994 -6.06006
285000 115000 149994 -6.31024
290000 115000 149993 -6.66727
280000 115000 149994 -5.61793
285000 115000 149994 -6.31024
280000 120000 149995 -5.12846
285000 120000 149994 -6.24451
285000 115000 149994 -6.31024
290000 115000 149993 -6.66727
285000 120000 149994 -6.24451
290000 120000 149993 -7.18801
290000 110000 149994 -6.06006
295000 110000 149993 -6.77296
290000 115000 149993 -6.66727
295000 115000 149993 -7.0904
295000 110000 149993 -6.77296
300000 110000 149993 -7.26332
295000 115000 149993 -7.0904
300000 115000 149993 -7.06785
290000 115000 149993 -6.66727
295000 115000 149993 -7.0904
290000 120000 149993 -7.18801
295000 120000 149993 -7.46595
295000 115000 149993 -7.0904
300000 115000 149993 -7.06785
295000 120000 149993 -7.46595
300000 120000 149993 -7.24543
