# x y z topography
0 0 149982 -17.9436
5000 0 149981 -19.0337
0 5000 149982 -17.8714
5000 5000 149985 -15.1535
5000 0 149981 -19.0337
10000 0 149985 -15.005
5000 5000 149985 -15.1535
10000 5000 149984 -16.0887
0 5000 149982 -17.8714
5000 5000 149985 -15.1535
0 10000 149983 -16.8116
5000 10000 149985 -14.6177
5000 5000 149985 -15.1535
10000 5000 149984 -16.0887
5000 10000 149985 -14.6177
10000 10000 149984 -15.7028
10000 0 149985 -15.005
15000 0 149984 -15.9421
10000 5000 149984 -16.0887
15000 5000 149987 -13.4316
15000 0 149984 -15.9421
20000 0 149987 -12.9618
15000 5000 149987 -13.4316
20000 5000 149986 -14.4514
10000 5000 149984 -16.0887
15000 5000 149987 -13.4316
10000 10000 149984 -15.7028
15000 10000 149984 -15.6147
15000 5000 149987 -13.4316
20000 5000 149986 -14.4514
15000 10000 149984 -15.6147
20000 10000 149987 -12.7654
20000 0 149987 -12.9618
25000 0 149988 -12.1982
20000 5000 149986 -14.4514
25000 5000 149986 -14.2859
25000 0 149988 -12.1982
30000 0 149986 -13.9701
25000 5000 149986 -14.2859
30000 5000 149988 -11.7352
20000 5000 149986 -14.4514
25000 5000 149986 -14.2859
20000 10000 149987 -12.7654
25000 10000 149987 -12.8855
25000 5000 149986 -14.2859
30000 5000 149988 -11.7352
25000 10000 149987 -12.8855
30000 10000 149988 -11.736
30000 0 149986 -13.9701
35000 0 149990 -9.87867
30000 5000 149988 -11.7352
35000 5000 149986 -13.5753
35000 0 149990 -9.87867
40000 0 149988 -12.3256
35000 5000 149986 -13.5753
40000 5000 149987 -12.9248
30000 5000 149988 -11.7352
35000 5000 149986 -13.5753
30000 10000 149988 -11.736
35000 10000 149986 -13.5606
35000 5000 149986 -13.5753
40000 5000 149987 -12.9248
35000 10000 149986 -13.5606
40000 10000 149987 -12.8584
40000 0 149988 -12.3256
45000 0 149989 -11.047
40000 5000 149987 -12.9248
45000 5000 149989 -11.2621
45000 0 149989 -11.047
50000 0 149992 -8.16165
45000 5000 149989 -11.2621
50000 5000 149990 -9.69054
40000 5000 149987 -12.9248
45000 5000 149989 -11.2621
40000 10000 149987 -12.8584
45000 10000 149988 -11.913
45000 5000 149989 -11.2621
50000 5000 149990 -9.69054
45000 10000 149988 -11.913
50000 10000 149989 -10.6819
50000 0 149992 -8.16165
55000 0 149993 -7.06354
50000 5000 149990 -9.69054
55000 5000 149992 -8.25882
55000 0 149993 -7.06354
60000 0 149998 -2.30806
55000 5000 149992 -8.25882
60000 5000 149995 -4.56941
50000 5000 149990 -9.69054
55000 5000 149992 -8.25882
50000 10000 149989 -10.6819
55000 10000 149991 -8.55058
55000 5000 149992 -8.25882
60000 5000 149995 -4.56941
55000 10000 149991 -8.55058
60000 10000 149994 -6.00491
60000 0 149998 -2.30806
65000 0 149997 -3.17834
60000 5000 149995 -4.56941
65000 5000 150001 0.535553
65000 0 149997 -3.17834
70000 0 150002 1.60127
65000 5000 150001 0.535553
70000 5000 150001 1.16759
60000 5000 149995 -4.56941
65000 5000 150001 0.535553
60000 10000 149994 -6.00491
65000 10000 149996 -4.24961
65000 5000 150001 0.535553
70000 5000 150001 1.16759
65000 10000 149996 -4.24961
70000 10000 149998 -1.90583
70000 0 150002 1.60127
75000 0 150001 0.599249
70000 5000 150001 1.16759
75000 5000 150003 3.40796
75000 0 150001 0.599249
80000 0 150008 7.88158
75000 5000 150003 3.40796
80000 5000 150006 6.2309
70000 5000 150001 1.16759
75000 5000 150003 3.40796
70000 10000 149998 -1.90583
75000 10000 150003 3.44881
75000 5000 150003 3.40796
80000 5000 150006 6.2309
75000 10000 150003 3.44881
80000 10000 150006 5.645
0 10000 149983 -16.8116
5000 10000 149985 -14.6177
0 15000 149983 -16.6415
5000 15000 149984 -16.0152
5000 10000 149985 -14.6177
10000 10000 149984 -15.7028
5000 15000 149984 -16.0152
10000 15000 149984 -15.8303
0 15000 149983 -16.6415
5000 15000 149984 -16.0152
0 20000 149985 -15.0261
5000 20000 149985 -15.3135
5000 15000 149984 -16.0152
10000 15000 149984 -15.8303
5000 20000 149985 -15.3135
10000 20000 149984 -16.0374
10000 10000 149984 -15.7028
15000 10000 149984 -15.6147
10000 15000 149984 -15.8303
15000 15000 149984 -15.674
15000 10000 149984 -15.6147
20000 10000 149987 -12.7654
15000 15000 149984 -15.674
20000 15000 149986 -14.2872
10000 15000 149984 -15.8303
15000 15000 149984 -15.674
10000 20000 149984 -16.0374
15000 20000 149984 -15.7238
15000 15000 149984 -15.674
20000 15000 149986 -14.2872
15000 20000 149984 -15.7238
20000 20000 149988 -12.3608
20000 10000 149987 -12.7654
25000 10000 149987 -12.8855
20000 15000 149986 -14.2872
25000 15000 149986 -14.4105
25000 10000 149987 -12.8855
30000 10000 149988 -11.736
25000 15000 149986 -14.4105
30000 15000 149986 -13.9935
20000 15000 149986 -14.2872
25000 15000 149986 -14.4105
20000 20000 149988 -12.3608
25000 20000 149985 -14.7192
25000 15000 149986 -14.4105
30000 15000 149986 -13.9935
25000 20000 149985 -14.7192
30000 20000 149986 -13.6901
30000 10000 149988 -11.736
35000 10000 149986 -13.5606
30000 15000 149986 -13.9935
35000 15000 149990 -9.93124
35000 10000 149986 -13.5606
40000 10000 149987 -12.8584
35000 15000 149990 -9.93124
40000 15000 149989 -11.4893
30000 15000 149986 -13.9935
35000 15000 149990 -9.93124
30000 20000 149986 -13.6901
35000 20000 149989 -10.7827
35000 15000 149990 -9.93124
40000 15000 149989 -11.4893
35000 20000 149989 -10.7827
40000 20000 149991 -9.3155
40000 10000 149987 -12.8584
45000 10000 149988 -11.913
40000 15000 149989 -11.4893
45000 15000 149990 -10.4984
45000 10000 149988 -11.913
50000 10000 149989 -10.6819
45000 15000 149990 -10.4984
50000 15000 149991 -8.94891
40000 15000 149989 -11.4893
45000 15000 149990 -10.4984
40000 20000 149991 -9.3155
45000 20000 149989 -10.5331
45000 15000 149990 -10.4984
50000 15000 149991 -8.94891
45000 20000 149989 -10.5331
50000 20000 149990 -9.54735
50000 10000 149989 -10.6819
55000 10000 149991 -8.55058
50000 15000 149991 -8.94891
55000 15000 149993 -7.17602
55000 10000 149991 -8.55058
60000 10000 149994 -6.00491
55000 15000 149993 -7.17602
60000 15000 149996 -3.68055
50000 15000 149991 -8.94891
55000 15000 149993 -7.17602
50000 20000 149990 -9.54735
55000 20000 149992 -8.40058
55000 15000 149993 -7.17602
60000 15000 149996 -3.68055
55000 20000 149992 -8.40058
60000 20000 149993 -6.6179
60000 10000 149994 -6.00491
65000 10000 149996 -4.24961
60000 15000 149996 -3.68055
65000 15000 149997 -2.97053
65000 10000 149996 -4.24961
70000 10000 149998 -1.90583
65000 15000 149997 -2.97053
70000 15000 149998 -2.00167
60000 15000 149996 -3.68055
65000 15000 149997 -2.97053
60000 20000 149993 -6.6179
65000 20000 149998 -1.71405
65000 15000 149997 -2.97053
70000 15000 149998 -2.00167
65000 20000 149998 -1.71405
70000 20000 150000 0.139666
70000 10000 149998 -1.90583
75000 10000 150003 3.44881
70000 15000 149998 -2.00167
75000 15000 150005 4.80847
75000 10000 150003 3.44881
80000 10000 150006 5.645
75000 15000 150005 4.80847
80000 15000 150004 3.92316
70000 15000 149998 -2.00167
75000 15000 150005 4.80847
70000 20000 150000 0.139666
75000 20000 150004 3.82644
75000 15000 150005 4.80847
80000 15000 150004 3.92316
75000 20000 150004 3.82644
80000 20000 150005 4.63279
0 20000 149985 -15.0261
5000 20000 149985 -15.3135
0 25000 149984 -16.2824
5000 25000 149984 -16.0439
5000 20000 149985 -15.3135
10000 20000 149984 -16.0374
5000 25000 149984 -16.0439
10000 25000 149984 -15.7725
0 25000 149984 -16.2824
5000 25000 149984 -16.0439
0 30000 149984 -16.2729
5000 30000 149984 -15.9971
5000 25000 149984 -16.0439
10000 25000 149984 -15.7725
5000 30000 149984 -15.9971
10000 30000 149984 -15.5373
10000 20000 149984 -16.0374
15000 20000 149984 -15.7238
10000 25000 149984 -15.7725
15000 25000 149986 -14.2268
15000 20000 149984 -15.7238
20000 20000 149988 -12.3608
15000 25000 149986 -14.2268
20000 25000 149985 -15.2323
10000 25000 149984 -15.7725
15000 25000 149986 -14.2268
10000 30000 149984 -15.5373
15000 30000 149984 -15.7429
15000 25000 149986 -14.2268
20000 25000 149985 -15.2323
15000 30000 149984 -15.7429
20000 30000 149987 -13.2063
20000 20000 149988 -12.3608
25000 20000 149985 -14.7192
20000 25000 149985 -15.2323
25000 25000 149985 -14.9074
25000 20000 149985 -14.7192
30000 20000 149986 -13.6901
25000 25000 149985 -14.9074
30000 25000 149987 -12.5585
20000 25000 149985 -15.2323
25000 25000 149985 -14.9074
20000 30000 149987 -13.2063
25000 30000 149988 -11.9208
25000 25000 149985 -14.9074
30000 25000 149987 -12.5585
25000 30000 149988 -11.9208
30000 30000 149986 -14.1878
30000 20000 149986 -13.6901
35000 20000 149989 -10.7827
30000 25000 149987 -12.5585
35000 25000 149989 -10.7255
35000 20000 149989 -10.7827
40000 20000 149991 -9.3155
35000 25000 149989 -10.7255
40000 25000 149991 -8.7454
30000 25000 149987 -12.5585
35000 25000 149989 -10.7255
30000 30000 149986 -14.1878
35000 30000 149987 -13.3327
35000 25000 149989 -10.7255
40000 25000 149991 -8.7454
35000 30000 149987 -13.3327
40000 30000 149991 -8.9409
40000 20000 149991 -9.3155
45000 20000 149989 -10.5331
40000 25000 149991 -8.7454
45000 25000 149991 -8.55866
45000 20000 149989 -10.5331
50000 20000 149990 -9.54735
45000 25000 149991 -8.55866
50000 25000 149994 -6.18486
40000 25000 149991 -8.7454
45000 25000 149991 -8.55866
40000 30000 149991 -8.9409
45000 30000 149990 -10.0608
45000 25000 149991 -8.55866
50000 25000 149994 -6.18486
45000 30000 149990 -10.0608
50000 30000 149993 -7.39339
50000 20000 149990 -9.54735
55000 20000 149992 -8.40058
50000 25000 149994 -6.18486
55000 25000 149994 -5.67131
55000 20000 149992 -8.40058
60000 20000 149993 -6.6179
55000 25000 149994 -5.67131
60000 25000 149997 -3.19245
50000 25000 149994 -6.18486
55000 25000 149994 -5.67131
50000 30000 149993 -7.39339
55000 30000 149994 -6.44041
55000 25000 149994 -5.67131
60000 25000 149997 -3.19245
55000 30000 149994 -6.44041
60000 30000 149994 -6.35617
60000 20000 149993 -6.6179
65000 20000 149998 -1.71405
60000 25000 149997 -3.19245
65000 25000 149999 -1.33364
65000 20000 149998 -1.71405
70000 20000 150000 0.139666
65000 25000 149999 -1.33364
70000 25000 149997 -2.51668
60000 25000 149997 -3.19245
65000 25000 149999 -1.33364
60000 30000 149994 -6.35617
65000 30000 149996 -4.37147
65000 25000 149999 -1.33364
70000 25000 149997 -2.51668
65000 30000 149996 -4.37147
70000 30000 149999 -1.16947
70000 20000 150000 0.139666
75000 20000 150004 3.82644
70000 25000 149997 -2.51668
75000 25000 150003 3.47301
75000 20000 150004 3.82644
80000 20000 150005 4.63279
75000 25000 150003 3.47301
80000 25000 150006 6.38807
70000 25000 149997 -2.51668
75000 25000 150003 3.47301
70000 30000 149999 -1.16947
75000 30000 150001 0.884902
75000 25000 150003 3.47301
80000 25000 150006 6.38807
75000 30000 150001 0.884902
80000 30000 150003 2.76447
0 30000 149984 -16.2729
5000 30000 149984 -15.9971
0 35000 149985 -15.2911
5000 35000 149985 -15.3064
5000 30000 149984 -15.9971
10000 30000 149984 -15.5373
5000 35000 149985 -15.3064
10000 35000 149984 -15.9625
0 35000 149985 -15.2911
5000 35000 149985 -15.3064
0 40000 149985 -14.7185
5000 40000 149984 -16.0594
5000 35000 149985 -15.3064
10000 35000 149984 -15.9625
5000 40000 149984 -16.0594
10000 40000 149985 -15.2692
10000 30000 149984 -15.5373
15000 30000 149984 -15.7429
10000 35000 149984 -15.9625
15000 35000 149984 -15.7731
15000 30000 149984 -15.7429
20000 30000 149987 -13.2063
15000 35000 149984 -15.7731
20000 35000 149985 -15.3305
10000 35000 149984 -15.9625
15000 35000 149984 -15.7731
10000 40000 149985 -15.2692
15000 40000 149984 -15.7326
15000 35000 149984 -15.7731
20000 35000 149985 -15.3305
15000 40000 149984 -15.7326
20000 40000 149987 -12.9403
20000 30000 149987 -13.2063
25000 30000 149988 -11.9208
20000 35000 149985 -15.3305
25000 35000 149986 -14.2389
25000 30000 149988 -11.9208
30000 30000 149986 -14.1878
25000 35000 149986 -14.2389
30000 35000 149987 -13.3054
20000 35000 149985 -15.3305
25000 35000 149986 -14.2389
20000 40000 149987 -12.9403
25000 40000 149985 -15.0487
25000 35000 149986 -14.2389
30000 35000 149987 -13.3054
25000 40000 149985 -15.0487
30000 40000 149988 -12.3769
30000 30000 149986 -14.1878
35000 30000 149987 -13.3327
30000 35000 149987 -13.3054
35000 35000 149987 -12.9052
35000 30000 149987 -13.3327
40000 30000 149991 -8.9409
35000 35000 149987 -12.9052
40000 35000 149990 -9.59713
30000 35000 149987 -13.3054
35000 35000 149987 -12.9052
30000 40000 149988 -12.3769
35000 40000 149986 -13.6216
35000 35000 149987 -12.9052
40000 35000 149990 -9.59713
35000 40000 149986 -13.6216
40000 40000 149990 -10.4246
40000 30000 149991 -8.9409
45000 30000 149990 -10.0608
40000 35000 149990 -9.59713
45000 35000 149990 -10.0608
45000 30000 149990 -10.0608
50000 30000 149993 -7.39339
45000 35000 149990 -10.0608
50000 35000 149990 -9.58845
40000 35000 149990 -9.59713
45000 35000 149990 -10.0608
40000 40000 149990 -10.4246
45000 40000 149989 -10.5438
45000 35000 149990 -10.0608
50000 35000 149990 -9.58845
45000 40000 149989 -10.5438
50000 40000 149990 -9.83958
50000 30000 149993 -7.39339
55000 30000 149994 -6.44041
50000 35000 149990 -9.58845
55000 35000 149993 -6.69513
55000 30000 149994 -6.44041
60000 30000 149994 -6.35617
55000 35000 149993 -6.69513
60000 35000 149994 -5.79456
50000 35000 149990 -9.58845
55000 35000 149993 -6.69513
50000 40000 149990 -9.83958
55000 40000 149992 -8.33813
55000 35000 149993 -6.69513
60000 35000 149994 -5.79456
55000 40000 149992 -8.33813
60000 40000 149994 -6.26051
60000 30000 149994 -6.35617
65000 30000 149996 -4.37147
60000 35000 149994 -5.79456
65000 35000 149997 -3.32668
65000 30000 149996 -4.37147
70000 30000 149999 -1.16947
65000 35000 149997 -3.32668
70000 35000 149998 -2.20177
60000 35000 149994 -5.79456
65000 35000 149997 -3.32668
60000 40000 149994 -6.26051
65000 40000 149996 -3.74682
65000 35000 149997 -3.32668
70000 35000 149998 -2.20177
65000 40000 149996 -3.74682
70000 40000 149998 -1.83571
70000 30000 149999 -1.16947
75000 30000 150001 0.884902
70000 35000 149998 -2.20177
75000 35000 150000 -0.0581947
75000 30000 150001 0.884902
80000 30000 150003 2.76447
75000 35000 150000 -0.0581947
80000 35000 150004 4.38279
70000 35000 149998 -2.20177
75000 35000 150000 -0.0581947
70000 40000 149998 -1.83571
75000 40000 150003 3.08737
75000 35000 150000 -0.0581947
80000 35000 150004 4.38279
75000 40000 150003 3.08737
80000 40000 150003 2.86274
0 40000 149985 -14.7185
5000 40000 149984 -16.0594
0 45000 149984 -16.2106
5000 45000 149984 -15.9377
5000 40000 149984 -16.0594
10000 40000 149985 -15.2692
5000 45000 149984 -15.9377
10000 45000 149986 -14.4621
0 45000 149984 -16.2106
5000 45000 149984 -15.9377
0 50000 149984 -16.2352
5000 50000 149985 -15.1848
5000 45000 149984 -15.9377
10000 45000 149986 -14.4621
5000 50000 149985 -15.1848
10000 50000 149984 -16.0837
10000 40000 149985 -15.2692
15000 40000 149984 -15.7326
10000 45000 149986 -14.4621
15000 45000 149985 -14.7039
15000 40000 149984 -15.7326
20000 40000 149987 -12.9403
15000 45000 149985 -14.7039
20000 45000 149985 -15.419
10000 45000 149986 -14.4621
15000 45000 149985 -14.7039
10000 50000 149984 -16.0837
15000 50000 149987 -13.449
15000 45000 149985 -14.7039
20000 45000 149985 -15.419
15000 50000 149987 -13.449
20000 50000 149985 -15.2629
20000 40000 149987 -12.9403
25000 40000 149985 -15.0487
20000 45000 149985 -15.419
25000 45000 149987 -12.9899
25000 40000 149985 -15.0487
30000 40000 149988 -12.3769
25000 45000 149987 -12.9899
30000 45000 149987 -13.4229
20000 45000 149985 -15.419
25000 45000 149987 -12.9899
20000 50000 149985 -15.2629
25000 50000 149987 -12.8401
25000 45000 149987 -12.9899
30000 45000 149987 -13.4229
25000 50000 149987 -12.8401
30000 50000 149988 -11.7414
30000 40000 149988 -12.3769
35000 40000 149986 -13.6216
30000 45000 149987 -13.4229
35000 45000 149987 -12.8575
35000 40000 149986 -13.6216
40000 40000 149990 -10.4246
35000 45000 149987 -12.8575
40000 45000 149988 -11.5451
30000 45000 149987 -13.4229
35000 45000 149987 -12.8575
30000 50000 149988 -11.7414
35000 50000 149990 -10.1311
35000 45000 149987 -12.8575
40000 45000 149988 -11.5451
35000 50000 149990 -10.1311
40000 50000 149988 -11.663
40000 40000 149990 -10.4246
45000 40000 149989 -10.5438
40000 45000 149988 -11.5451
45000 45000 149991 -8.69946
45000 40000 149989 -10.5438
50000 40000 149990 -9.83958
45000 45000 149991 -8.69946
50000 45000 149990 -9.65527
40000 45000 149988 -11.5451
45000 45000 149991 -8.69946
40000 50000 149988 -11.663
45000 50000 149992 -7.68452
45000 45000 149991 -8.69946
50000 45000 149990 -9.65527
45000 50000 149992 -7.68452
50000 50000 149991 -9.08711
50000 40000 149990 -9.83958
55000 40000 149992 -8.33813
50000 45000 149990 -9.65527
55000 45000 149995 -5.1578
55000 40000 149992 -8.33813
60000 40000 149994 -6.26051
55000 45000 149995 -5.1578
60000 45000 149993 -7.36476
50000 45000 149990 -9.65527
55000 45000 149995 -5.1578
50000 50000 149991 -9.08711
55000 50000 149994 -6.07217
55000 45000 149995 -5.1578
60000 45000 149993 -7.36476
55000 50000 149994 -6.07217
60000 50000 149996 -3.91378
60000 40000 149994 -6.26051
65000 40000 149996 -3.74682
60000 45000 149993 -7.36476
65000 45000 149998 -2.20711
65000 40000 149996 -3.74682
70000 40000 149998 -1.83571
65000 45000 149998 -2.20711
70000 45000 150000 0.165038
60000 45000 149993 -7.36476
65000 45000 149998 -2.20711
60000 50000 149996 -3.91378
65000 50000 149997 -3.47663
65000 45000 149998 -2.20711
70000 45000 150000 0.165038
65000 50000 149997 -3.47663
70000 50000 149999 -1.18304
70000 40000 149998 -1.83571
75000 40000 150003 3.08737
70000 45000 150000 0.165038
75000 45000 150000 0.190432
75000 40000 150003 3.08737
80000 40000 150003 2.86274
75000 45000 150000 0.190432
80000 45000 150002 2.2615
70000 45000 150000 0.165038
75000 45000 150000 0.190432
70000 50000 149999 -1.18304
75000 50000 150000 -0.49224
75000 45000 150000 0.190432
80000 45000 150002 2.2615
75000 50000 150000 -0.49224
80000 50000 150005 4.82625
0 50000 149984 -16.2352
5000 50000 149985 -15.1848
0 55000 149984 -16.1105
5000 55000 149985 -15.4705
5000 50000 149985 -15.1848
10000 50000 149984 -16.0837
5000 55000 149985 -15.4705
10000 55000 149984 -16.0903
0 55000 149984 -16.1105
5000 55000 149985 -15.4705
0 60000 149984 -16.0216
5000 60000 149986 -13.8309
5000 55000 149985 -15.4705
10000 55000 149984 -16.0903
5000 60000 149986 -13.8309
10000 60000 149987 -12.8637
10000 50000 149984 -16.0837
15000 50000 149987 -13.449
10000 55000 149984 -16.0903
15000 55000 149984 -15.5522
15000 50000 149987 -13.449
20000 50000 149985 -15.2629
15000 55000 149984 -15.5522
20000 55000 149985 -15.3575
10000 55000 149984 -16.0903
15000 55000 149984 -15.5522
10000 60000 149987 -12.8637
15000 60000 149984 -15.9253
15000 55000 149984 -15.5522
20000 55000 149985 -15.3575
15000 60000 149984 -15.9253
20000 60000 149987 -12.5444
20000 50000 149985 -15.2629
25000 50000 149987 -12.8401
20000 55000 149985 -15.3575
25000 55000 149986 -13.8411
25000 50000 149987 -12.8401
30000 50000 149988 -11.7414
25000 55000 149986 -13.8411
30000 55000 149987 -12.5185
20000 55000 149985 -15.3575
25000 55000 149986 -13.8411
20000 60000 149987 -12.5444
25000 60000 149987 -13.345
25000 55000 149986 -13.8411
30000 55000 149987 -12.5185
25000 60000 149987 -13.345
30000 60000 149986 -13.8131
30000 50000 149988 -11.7414
35000 50000 149990 -10.1311
30000 55000 149987 -12.5185
35000 55000 149990 -10.3787
35000 50000 149990 -10.1311
40000 50000 149988 -11.663
35000 55000 149990 -10.3787
40000 55000 149991 -8.51621
30000 55000 149987 -12.5185
35000 55000 149990 -10.3787
30000 60000 149986 -13.8131
35000 60000 149987 -13.3669
35000 55000 149990 -10.3787
40000 55000 149991 -8.51621
35000 60000 149987 -13.3669
40000 60000 149989 -11.4251
40000 50000 149988 -11.663
45000 50000 149992 -7.68452
40000 55000 149991 -8.51621
45000 55000 149992 -8.37112
45000 50000 149992 -7.68452
50000 50000 149991 -9.08711
45000 55000 149992 -8.37112
50000 55000 149992 -7.91469
40000 55000 149991 -8.51621
45000 55000 149992 -8.37112
40000 60000 149989 -11.4251
45000 60000 149991 -9.02667
45000 55000 149992 -8.37112
50000 55000 149992 -7.91469
45000 60000 149991 -9.02667
50000 60000 149990 -10.1694
50000 50000 149991 -9.08711
55000 50000 149994 -6.07217
50000 55000 149992 -7.91469
55000 55000 149994 -6.24137
55000 50000 149994 -6.07217
60000 50000 149996 -3.91378
55000 55000 149994 -6.24137
60000 55000 149995 -4.63394
50000 55000 149992 -7.91469
55000 55000 149994 -6.24137
50000 60000 149990 -10.1694
55000 60000 149992 -8.23913
55000 55000 149994 -6.24137
60000 55000 149995 -4.63394
55000 60000 149992 -8.23913
60000 60000 149992 -7.53661
60000 50000 149996 -3.91378
65000 50000 149997 -3.47663
60000 55000 149995 -4.63394
65000 55000 149998 -1.94728
65000 50000 149997 -3.47663
70000 50000 149999 -1.18304
65000 55000 149998 -1.94728
70000 55000 149996 -3.86136
60000 55000 149995 -4.63394
65000 55000 149998 -1.94728
60000 60000 149992 -7.53661
65000 60000 149994 -6.30257
65000 55000 149998 -1.94728
70000 55000 149996 -3.86136
65000 60000 149994 -6.30257
70000 60000 149997 -2.70478
70000 50000 149999 -1.18304
75000 50000 150000 -0.49224
70000 55000 149996 -3.86136
75000 55000 150000 0.241696
75000 50000 150000 -0.49224
80000 50000 150005 4.82625
75000 55000 150000 0.241696
80000 55000 150000 0.345354
70000 55000 149996 -3.86136
75000 55000 150000 0.241696
70000 60000 149997 -2.70478
75000 60000 150001 0.778696
75000 55000 150000 0.241696
80000 55000 150000 0.345354
75000 60000 150001 0.778696
80000 60000 150004 3.88887
0 60000 149984 -16.0216
5000 60000 149986 -13.8309
0 65000 149984 -15.5707
5000 65000 149985 -15.2689
5000 60000 149986 -13.8309
10000 60000 149987 -12.8637
5000 65000 149985 -15.2689
10000 65000 149984 -15.7434
0 65000 149984 -15.5707
5000 65000 149985 -15.2689
0 70000 149986 -14.0873
5000 70000 149985 -14.5411
5000 65000 149985 -15.2689
10000 65000 149984 -15.7434
5000 70000 149985 -14.5411
10000 70000 149986 -14.2287
10000 60000 149987 -12.8637
15000 60000 149984 -15.9253
10000 65000 149984 -15.7434
15000 65000 149985 -15.0218
15000 60000 149984 -15.9253
20000 60000 149987 -12.5444
15000 65000 149985 -15.0218
20000 65000 149986 -14.4299
10000 65000 149984 -15.7434
15000 65000 149985 -15.0218
10000 70000 149986 -14.2287
15000 70000 149984 -15.7229
15000 65000 149985 -15.0218
20000 65000 149986 -14.4299
15000 70000 149984 -15.7229
20000 70000 149987 -13.0054
20000 60000 149987 -12.5444
25000 60000 149987 -13.345
20000 65000 149986 -14.4299
25000 65000 149985 -14.9145
25000 60000 149987 -13.345
30000 60000 149986 -13.8131
25000 65000 149985 -14.9145
30000 65000 149987 -13.4734
20000 65000 149986 -14.4299
25000 65000 149985 -14.9145
20000 70000 149987 -13.0054
25000 70000 149985 -14.5595
25000 65000 149985 -14.9145
30000 65000 149987 -13.4734
25000 70000 149985 -14.5595
30000 70000 149986 -13.8367
30000 60000 149986 -13.8131
35000 60000 149987 -13.3669
30000 65000 149987 -13.4734
35000 65000 149987 -13.223
35000 60000 149987 -13.3669
40000 60000 149989 -11.4251
35000 65000 149987 -13.223
40000 65000 149989 -11.1111
30000 65000 149987 -13.4734
35000 65000 149987 -13.223
30000 70000 149986 -13.8367
35000 70000 149987 -13.1116
35000 65000 149987 -13.223
40000 65000 149989 -11.1111
35000 70000 149987 -13.1116
40000 70000 149989 -11.1842
40000 60000 149989 -11.4251
45000 60000 149991 -9.02667
40000 65000 149989 -11.1111
45000 65000 149989 -11.4037
45000 60000 149991 -9.02667
50000 60000 149990 -10.1694
45000 65000 149989 -11.4037
50000 65000 149992 -8.29034
40000 65000 149989 -11.1111
45000 65000 149989 -11.4037
40000 70000 149989 -11.1842
45000 70000 149989 -11.1857
45000 65000 149989 -11.4037
50000 65000 149992 -8.29034
45000 70000 149989 -11.1857
50000 70000 149992 -8.38079
50000 60000 149990 -10.1694
55000 60000 149992 -8.23913
50000 65000 149992 -8.29034
55000 65000 149994 -5.58657
55000 60000 149992 -8.23913
60000 60000 149992 -7.53661
55000 65000 149994 -5.58657
60000 65000 149993 -7.09731
50000 65000 149992 -8.29034
55000 65000 149994 -5.58657
50000 70000 149992 -8.38079
55000 70000 149991 -9.19993
55000 65000 149994 -5.58657
60000 65000 149993 -7.09731
55000 70000 149991 -9.19993
60000 70000 149995 -4.52301
60000 60000 149992 -7.53661
65000 60000 149994 -6.30257
60000 65000 149993 -7.09731
65000 65000 149996 -4.09754
65000 60000 149994 -6.30257
70000 60000 149997 -2.70478
65000 65000 149996 -4.09754
70000 65000 149996 -4.3319
60000 65000 149993 -7.09731
65000 65000 149996 -4.09754
60000 70000 149995 -4.52301
65000 70000 149996 -4.29926
65000 65000 149996 -4.09754
70000 65000 149996 -4.3319
65000 70000 149996 -4.29926
70000 70000 149997 -3.00491
70000 60000 149997 -2.70478
75000 60000 150001 0.778696
70000 65000 149996 -4.3319
75000 65000 150001 0.649642
75000 60000 150001 0.778696
80000 60000 150004 3.88887
75000 65000 150001 0.649642
80000 65000 150002 2.14423
70000 65000 149996 -4.3319
75000 65000 150001 0.649642
70000 70000 149997 -3.00491
75000 70000 150000 0.372563
75000 65000 150001 0.649642
80000 65000 150002 2.14423
75000 70000 150000 0.372563
80000 70000 150004 3.51453
0 70000 149986 -14.0873
5000 70000 149985 -14.5411
0 75000 149984 -16.031
5000 75000 149984 -15.9213
5000 70000 149985 -14.5411
10000 70000 149986 -14.2287
5000 75000 149984 -15.9213
10000 75000 149984 -15.9105
0 75000 149984 -16.031
5000 75000 149984 -15.9213
0 80000 149986 -13.8887
5000 80000 149986 -14.03
5000 75000 149984 -15.9213
10000 75000 149984 -15.9105
5000 80000 149986 -14.03
10000 80000 149984 -15.9871
10000 70000 149986 -14.2287
15000 70000 149984 -15.7229
10000 75000 149984 -15.9105
15000 75000 149985 -15.3983
15000 70000 149984 -15.7229
20000 70000 149987 -13.0054
15000 75000 149985 -15.3983
20000 75000 149985 -15.4722
10000 75000 149984 -15.9105
15000 75000 149985 -15.3983
10000 80000 149984 -15.9871
15000 80000 149984 -15.6723
15000 75000 149985 -15.3983
20000 75000 149985 -15.4722
15000 80000 149984 -15.6723
20000 80000 149986 -13.7204
20000 70000 149987 -13.0054
25000 70000 149985 -14.5595
20000 75000 149985 -15.4722
25000 75000 149985 -14.6792
25000 70000 149985 -14.5595
30000 70000 149986 -13.8367
25000 75000 149985 -14.6792
30000 75000 149986 -13.7533
20000 75000 149985 -15.4722
25000 75000 149985 -14.6792
20000 80000 149986 -13.7204
25000 80000 149986 -14.3855
25000 75000 149985 -14.6792
30000 75000 149986 -13.7533
25000 80000 149986 -14.3855
30000 80000 149987 -12.5128
30000 70000 149986 -13.8367
35000 70000 149987 -13.1116
30000 75000 149986 -13.7533
35000 75000 149988 -12.0071
35000 70000 149987 -13.1116
40000 70000 149989 -11.1842
35000 75000 149988 -12.0071
40000 75000 149988 -11.8633
30000 75000 149986 -13.7533
35000 75000 149988 -12.0071
30000 80000 149987 -12.5128
35000 80000 149987 -12.8583
35000 75000 149988 -12.0071
40000 75000 149988 -11.8633
35000 80000 149987 -12.8583
40000 80000 149990 -10.4876
40000 70000 149989 -11.1842
45000 70000 149989 -11.1857
40000 75000 149988 -11.8633
45000 75000 149989 -11.2765
45000 70000 149989 -11.1857
50000 70000 149992 -8.38079
45000 75000 149989 -11.2765
50000 75000 149990 -10.2857
40000 75000 149988 -11.8633
45000 75000 149989 -11.2765
40000 80000 149990 -10.4876
45000 80000 149991 -9.47074
45000 75000 149989 -11.2765
50000 75000 149990 -10.2857
45000 80000 149991 -9.47074
50000 80000 149990 -10.2448
50000 70000 149992 -8.38079
55000 70000 149991 -9.19993
50000 75000 149990 -10.2857
55000 75000 149992 -7.95878
55000 70000 149991 -9.19993
60000 70000 149995 -4.52301
55000 75000 149992 -7.95878
60000 75000 149994 -6.02647
50000 75000 149990 -10.2857
55000 75000 149992 -7.95878
50000 80000 149990 -10.2448
55000 80000 149994 -6.26005
55000 75000 149992 -7.95878
60000 75000 149994 -6.02647
55000 80000 149994 -6.26005
60000 80000 149993 -6.69319
60000 70000 149995 -4.52301
65000 70000 149996 -4.29926
60000 75000 149994 -6.02647
65000 75000 149995 -5.26875
65000 70000 149996 -4.29926
70000 70000 149997 -3.00491
65000 75000 149995 -5.26875
70000 75000 149999 -0.691147
60000 75000 149994 -6.02647
65000 75000 149995 -5.26875
60000 80000 149993 -6.69319
65000 80000 149993 -7.49783
65000 75000 149995 -5.26875
70000 75000 149999 -0.691147
65000 80000 149993 -7.49783
70000 80000 149996 -3.93808
70000 70000 149997 -3.00491
75000 70000 150000 0.372563
70000 75000 149999 -0.691147
75000 75000 150000 -0.0898016
75000 70000 150000 0.372563
80000 70000 150004 3.51453
75000 75000 150000 -0.0898016
80000 75000 150002 2.09199
70000 75000 149999 -0.691147
75000 75000 150000 -0.0898016
70000 80000 149996 -3.93808
75000 80000 149997 -2.85233
75000 75000 150000 -0.0898016
80000 75000 150002 2.09199
75000 80000 149997 -2.85233
80000 80000 150004 3.84235
80000 0 150008 7.88158
85000 0 150008 8.15604
80000 5000 150006 6.2309
85000 5000 150008 7.59299
85000 0 150008 8.15604
90000 0 150008 7.67979
85000 5000 150008 7.59299
90000 5000 150009 9.3788
80000 5000 150006 6.2309
85000 5000 150008 7.59299
80000 10000 150006 5.645
85000 10000 150008 8.09858
85000 5000 150008 7.59299
90000 5000 150009 9.3788
85000 10000 150008 8.09858
90000 10000 150009 9.39524
90000 0 150008 7.67979
95000 0 150007 7.4455
90000 5000 150009 9.3788
95000 5000 150010 9.72804
95000 0 150007 7.4455
100000 0 150008 8.06243
95000 5000 150010 9.72804
100000 5000 150010 10.1241
90000 5000 150009 9.3788
95000 5000 150010 9.72804
90000 10000 150009 9.39524
95000 10000 150012 11.6921
95000 5000 150010 9.72804
100000 5000 150010 10.1241
95000 10000 150012 11.6921
100000 10000 150010 9.86211
100000 0 150008 8.06243
105000 0 150011 11.0493
100000 5000 150010 10.1241
105000 5000 150009 8.64502
105000 0 150011 11.0493
110000 0 150010 9.78694
105000 5000 150009 8.64502
110000 5000 150010 9.86013
100000 5000 150010 10.1241
105000 5000 150009 8.64502
100000 10000 150010 9.86211
105000 10000 150010 10.061
105000 5000 150009 8.64502
110000 5000 150010 9.86013
105000 10000 150010 10.061
110000 10000 150009 8.7791
110000 0 150010 9.78694
115000 0 150002 1.84972
110000 5000 150010 9.86013
115000 5000 150002 1.93741
115000 0 150002 1.84972
120000 0 150000 0.141392
115000 5000 150002 1.93741
120000 5000 149999 -1.17916
110000 5000 150010 9.86013
115000 5000 150002 1.93741
110000 10000 150009 8.7791
115000 10000 150005 5.48823
115000 5000 150002 1.93741
120000 5000 149999 -1.17916
115000 10000 150005 5.48823
120000 10000 149997 -3.0168
120000 0 150000 0.141392
125000 0 149995 -4.89594
120000 5000 149999 -1.17916
125000 5000 149994 -5.50889
125000 0 149995 -4.89594
130000 0 150000 -0.251984
125000 5000 149994 -5.50889
130000 5000 149997 -3.11896
120000 5000 149999 -1.17916
125000 5000 149994 -5.50889
120000 10000 149997 -3.0168
125000 10000 149994 -6.46475
125000 5000 149994 -5.50889
130000 5000 149997 -3.11896
125000 10000 149994 -6.46475
130000 10000 149995 -4.82994
130000 0 150000 -0.251984
135000 0 149998 -1.70945
130000 5000 149997 -3.11896
135000 5000 149998 -2.23937
135000 0 149998 -1.70945
140000 0 150002 1.59208
135000 5000 149998 -2.23937
140000 5000 150007 6.67094
130000 5000 149997 -3.11896
135000 5000 149998 -2.23937
130000 10000 149995 -4.82994
135000 10000 149999 -0.851208
135000 5000 149998 -2.23937
140000 5000 150007 6.67094
135000 10000 149999 -0.851208
140000 10000 150006 6.0973
140000 0 150002 1.59208
145000 0 150010 9.74471
140000 5000 150007 6.67094
145000 5000 150005 4.80726
145000 0 150010 9.74471
150000 0 150007 7.01578
145000 5000 150005 4.80726
150000 5000 150010 9.83824
140000 5000 150007 6.67094
145000 5000 150005 4.80726
140000 10000 150006 6.0973
145000 10000 150009 8.97186
145000 5000 150005 4.80726
150000 5000 150010 9.83824
145000 10000 150009 8.97186
150000 10000 150011 11.4209
150000 0 150007 7.01578
155000 0 150009 9.0208
150000 5000 150010 9.83824
155000 5000 150010 10.2818
155000 0 150009 9.0208
160000 0 150012 12.2332
155000 5000 150010 10.2818
160000 5000 150015 14.9364
150000 5000 150010 9.83824
155000 5000 150010 10.2818
150000 10000 150011 11.4209
155000 10000 150010 10.0355
155000 5000 150010 10.2818
160000 5000 150015 14.9364
155000 10000 150010 10.0355
160000 10000 150015 14.7753
80000 10000 150006 5.645
85000 10000 150008 8.09858
80000 15000 150004 3.92316
85000 15000 150007 6.65585
85000 10000 150008 8.09858
90000 10000 150009 9.39524
85000 15000 150007 6.65585
90000 15000 150007 7.12638
80000 15000 150004 3.92316
85000 15000 150007 6.65585
80000 20000 150005 4.63279
85000 20000 150010 10.0077
85000 15000 150007 6.65585
90000 15000 150007 7.12638
85000 20000 150010 10.0077
90000 20000 150009 9.18721
90000 10000 150009 9.39524
95000 10000 150012 11.6921
90000 15000 150007 7.12638
95000 15000 150012 11.5074
95000 10000 150012 11.6921
100000 10000 150010 9.86211
95000 15000 150012 11.5074
100000 15000 150012 12.0863
90000 15000 150007 7.12638
95000 15000 150012 11.5074
90000 20000 150009 9.18721
95000 20000 150009 9.35369
95000 15000 150012 11.5074
100000 15000 150012 12.0863
95000 20000 150009 9.35369
100000 20000 150009 8.82893
100000 10000 150010 9.86211
105000 10000 150010 10.061
100000 15000 150012 12.0863
105000 15000 150014 13.7478
105000 10000 150010 10.061
110000 10000 150009 8.7791
105000 15000 150014 13.7478
110000 15000 150012 11.7292
100000 15000 150012 12.0863
105000 15000 150014 13.7478
100000 20000 150009 8.82893
105000 20000 150012 12.1788
105000 15000 150014 13.7478
110000 15000 150012 11.7292
105000 20000 150012 12.1788
110000 20000 150015 14.8488
110000 10000 150009 8.7791
115000 10000 150005 5.48823
110000 15000 150012 11.7292
115000 15000 150010 9.90296
115000 10000 150005 5.48823
120000 10000 149997 -3.0168
115000 15000 150010 9.90296
120000 15000 149997 -3.41337
110000 15000 150012 11.7292
115000 15000 150010 9.90296
110000 20000 150015 14.8488
115000 20000 150008 8.48175
115000 15000 150010 9.90296
120000 15000 149997 -3.41337
115000 20000 150008 8.48175
120000 20000 149997 -3.08266
120000 10000 149997 -3.0168
125000 10000 149994 -6.46475
120000 15000 149997 -3.41337
125000 15000 149985 -14.9465
125000 10000 149994 -6.46475
130000 10000 149995 -4.82994
125000 15000 149985 -14.9465
130000 15000 149990 -10.148
120000 15000 149997 -3.41337
125000 15000 149985 -14.9465
120000 20000 149997 -3.08266
125000 20000 149980 -19.8865
125000 15000 149985 -14.9465
130000 15000 149990 -10.148
125000 20000 149980 -19.8865
130000 20000 149977 -22.7719
130000 10000 149995 -4.82994
135000 10000 149999 -0.851208
130000 15000 149990 -10.148
135000 15000 149994 -6.08753
135000 10000 149999 -0.851208
140000 10000 150006 6.0973
135000 15000 149994 -6.08753
140000 15000 150002 2.07388
130000 15000 149990 -10.148
135000 15000 149994 -6.08753
130000 20000 149977 -22.7719
135000 20000 149993 -7.45711
135000 15000 149994 -6.08753
140000 15000 150002 2.07388
135000 20000 149993 -7.45711
140000 20000 150002 1.62861
140000 10000 150006 6.0973
145000 10000 150009 8.97186
140000 15000 150002 2.07388
145000 15000 150009 9.20394
145000 10000 150009 8.97186
150000 10000 150011 11.4209
145000 15000 150009 9.20394
150000 15000 150009 9.23227
140000 15000 150002 2.07388
145000 15000 150009 9.20394
140000 20000 150002 1.62861
145000 20000 150008 8.41992
145000 15000 150009 9.20394
150000 15000 150009 9.23227
145000 20000 150008 8.41992
150000 20000 150009 9.15035
150000 10000 150011 11.4209
155000 10000 150010 10.0355
150000 15000 150009 9.23227
155000 15000 150013 13.2247
155000 10000 150010 10.0355
160000 10000 150015 14.7753
155000 15000 150013 13.2247
160000 15000 150015 15.4399
150000 15000 150009 9.23227
155000 15000 150013 13.2247
150000 20000 150009 9.15035
155000 20000 150013 12.5288
155000 15000 150013 13.2247
160000 15000 150015 15.4399
155000 20000 150013 12.5288
160000 20000 150014 14.239
80000 20000 150005 4.63279
85000 20000 150010 10.0077
80000 25000 150006 6.38807
85000 25000 150009 9.15792
85000 20000 150010 10.0077
90000 20000 150009 9.18721
85000 25000 150009 9.15792
90000 25000 150008 7.56921
80000 25000 150006 6.38807
85000 25000 150009 9.15792
80000 30000 150003 2.76447
85000 30000 150006 5.95275
85000 25000 150009 9.15792
90000 25000 150008 7.56921
85000 30000 150006 5.95275
90000 30000 150008 8.36896
90000 20000 150009 9.18721
95000 20000 150009 9.35369
90000 25000 150008 7.56921
95000 25000 150011 11.0406
95000 20000 150009 9.35369
100000 20000 150009 8.82893
95000 25000 150011 11.0406
100000 25000 150014 14.0137
90000 25000 150008 7.56921
95000 25000 150011 11.0406
90000 30000 150008 8.36896
95000 30000 150009 8.95314
95000 25000 150011 11.0406
100000 25000 150014 14.0137
95000 30000 150009 8.95314
100000 30000 150012 11.5699
100000 20000 150009 8.82893
105000 20000 150012 12.1788
100000 25000 150014 14.0137
105000 25000 150015 14.9535
105000 20000 150012 12.1788
110000 20000 150015 14.8488
105000 25000 150015 14.9535
110000 25000 150016 15.8901
100000 25000 150014 14.0137
105000 25000 150015 14.9535
100000 30000 150012 11.5699
105000 30000 150011 11.3226
105000 25000 150015 14.9535
110000 25000 150016 15.8901
105000 30000 150011 11.3226
110000 30000 150012 12.4339
110000 20000 150015 14.8488
115000 20000 150008 8.48175
110000 25000 150016 15.8901
115000 25000 150016 16.0036
115000 20000 150008 8.48175
120000 20000 149997 -3.08266
115000 25000 150016 16.0036
120000 25000 150005 5.39913
110000 25000 150016 15.8901
115000 25000 150016 16.0036
110000 30000 150012 12.4339
115000 30000 150016 16.4785
115000 25000 150016 16.0036
120000 25000 150005 5.39913
115000 30000 150016 16.4785
120000 30000 150011 10.8006
120000 20000 149997 -3.08266
125000 20000 149980 -19.8865
120000 25000 150005 5.39913
125000 25000 149987 -13.1689
125000 20000 149980 -19.8865
130000 20000 149977 -22.7719
125000 25000 149987 -13.1689
130000 25000 149974 -25.8238
120000 25000 150005 5.39913
125000 25000 149987 -13.1689
120000 30000 150011 10.8006
125000 30000 149997 -3.49875
125000 25000 149987 -13.1689
130000 25000 149974 -25.8238
125000 30000 149997 -3.49875
130000 30000 149979 -21.2074
130000 20000 149977 -22.7719
135000 20000 149993 -7.45711
130000 25000 149974 -25.8238
135000 25000 149985 -15.4779
135000 20000 149993 -7.45711
140000 20000 150002 1.62861
135000 25000 149985 -15.4779
140000 25000 149997 -3.08267
130000 25000 149974 -25.8238
135000 25000 149985 -15.4779
130000 30000 149979 -21.2074
135000 30000 149973 -27.062
135000 25000 149985 -15.4779
140000 25000 149997 -3.08267
135000 30000 149973 -27.062
140000 30000 149991 -9.19003
140000 20000 150002 1.62861
145000 20000 150008 8.41992
140000 25000 149997 -3.08267
145000 25000 150008 7.72044
145000 20000 150008 8.41992
150000 20000 150009 9.15035
145000 25000 150008 7.72044
150000 25000 150011 10.6897
140000 25000 149997 -3.08267
145000 25000 150008 7.72044
140000 30000 149991 -9.19003
145000 30000 150005 4.66404
145000 25000 150008 7.72044
150000 25000 150011 10.6897
145000 30000 150005 4.66404
150000 30000 150011 10.7111
150000 20000 150009 9.15035
155000 20000 150013 12.5288
150000 25000 150011 10.6897
155000 25000 150011 11.1621
155000 20000 150013 12.5288
160000 20000 150014 14.239
155000 25000 150011 11.1621
160000 25000 150012 11.718
150000 25000 150011 10.6897
155000 25000 150011 11.1621
150000 30000 150011 10.7111
155000 30000 150013 12.721
155000 25000 150011 11.1621
160000 25000 150012 11.718
155000 30000 150013 12.721
160000 30000 150013 13.0524
80000 30000 150003 2.76447
85000 30000 150006 5.95275
80000 35000 150004 4.38279
85000 35000 150007 6.81205
85000 30000 150006 5.95275
90000 30000 150008 8.36896
85000 35000 150007 6.81205
90000 35000 150006 6.20465
80000 35000 150004 4.38279
85000 35000 150007 6.81205
80000 40000 150003 2.86274
85000 40000 150007 7.36523
85000 35000 150007 6.81205
90000 35000 150006 6.20465
85000 40000 150007 7.36523
90000 40000 150011 11.0135
90000 30000 150008 8.36896
95000 30000 150009 8.95314
90000 35000 150006 6.20465
95000 35000 150010 10.0097
95000 30000 150009 8.95314
100000 30000 150012 11.5699
95000 35000 150010 10.0097
100000 35000 150011 11.4546
90000 35000 150006 6.20465
95000 35000 150010 10.0097
90000 40000 150011 11.0135
95000 40000 150013 13.0564
95000 35000 150010 10.0097
100000 35000 150011 11.4546
95000 40000 150013 13.0564
100000 40000 150014 14.1588
100000 30000 150012 11.5699
105000 30000 150011 11.3226
100000 35000 150011 11.4546
105000 35000 150012 11.972
105000 30000 150011 11.3226
110000 30000 150012 12.4339
105000 35000 150012 11.972
110000 35000 150013 13.281
100000 35000 150011 11.4546
105000 35000 150012 11.972
100000 40000 150014 14.1588
105000 40000 150013 12.6453
105000 35000 150012 11.972
110000 35000 150013 13.281
105000 40000 150013 12.6453
110000 40000 150012 12.2544
110000 30000 150012 12.4339
115000 30000 150016 16.4785
110000 35000 150013 13.281
115000 35000 150015 15.2958
115000 30000 150016 16.4785
120000 30000 150011 10.8006
115000 35000 150015 15.2958
120000 35000 150013 13.3044
110000 35000 150013 13.281
115000 35000 150015 15.2958
110000 40000 150012 12.2544
115000 40000 150018 17.7156
115000 35000 150015 15.2958
120000 35000 150013 13.3044
115000 40000 150018 17.7156
120000 40000 150016 16.1271
120000 30000 150011 10.8006
125000 30000 149997 -3.49875
120000 35000 150013 13.3044
125000 35000 150008 7.95532
125000 30000 149997 -3.49875
130000 30000 149979 -21.2074
125000 35000 150008 7.95532
130000 35000 149985 -15.0388
120000 35000 150013 13.3044
125000 35000 150008 7.95532
120000 40000 150016 16.1271
125000 40000 150009 9.27899
125000 35000 150008 7.95532
130000 35000 149985 -15.0388
125000 40000 150009 9.27899
130000 40000 149997 -3.17217
130000 30000 149979 -21.2074
135000 30000 149973 -27.062
130000 35000 149985 -15.0388
135000 35000 149969 -30.7908
135000 30000 149973 -27.062
140000 30000 149991 -9.19003
135000 35000 149969 -30.7908
140000 35000 149982 -17.9852
130000 35000 149985 -15.0388
135000 35000 149969 -30.7908
130000 40000 149997 -3.17217
135000 40000 149975 -24.7038
135000 35000 149969 -30.7908
140000 35000 149982 -17.9852
135000 40000 149975 -24.7038
140000 40000 149973 -26.7719
140000 30000 149991 -9.19003
145000 30000 150005 4.66404
140000 35000 149982 -17.9852
145000 35000 149998 -2.34345
145000 30000 150005 4.66404
150000 30000 150011 10.7111
145000 35000 149998 -2.34345
150000 35000 150005 5.06168
140000 35000 149982 -17.9852
145000 35000 149998 -2.34345
140000 40000 149973 -26.7719
145000 40000 149989 -10.7417
145000 35000 149998 -2.34345
150000 35000 150005 5.06168
145000 40000 149989 -10.7417
150000 40000 150002 2.30756
150000 30000 150011 10.7111
155000 30000 150013 12.721
150000 35000 150005 5.06168
155000 35000 150013 12.8899
155000 30000 150013 12.721
160000 30000 150013 13.0524
155000 35000 150013 12.8899
160000 35000 150015 14.8656
150000 35000 150005 5.06168
155000 35000 150013 12.8899
150000 40000 150002 2.30756
155000 40000 150015 14.8252
155000 35000 150013 12.8899
160000 35000 150015 14.8656
155000 40000 150015 14.8252
160000 40000 150012 12.109
80000 40000 150003 2.86274
85000 40000 150007 7.36523
80000 45000 150002 2.2615
85000 45000 150005 5.48163
85000 40000 150007 7.36523
90000 40000 150011 11.0135
85000 45000 150005 5.48163
90000 45000 150012 11.7472
80000 45000 150002 2.2615
85000 45000 150005 5.48163
80000 50000 150005 4.82625
85000 50000 150005 4.84693
85000 45000 150005 5.48163
90000 45000 150012 11.7472
85000 50000 150005 4.84693
90000 50000 150007 7.24143
90000 40000 150011 11.0135
95000 40000 150013 13.0564
90000 45000 150012 11.7472
95000 45000 150010 9.54477
95000 40000 150013 13.0564
100000 40000 150014 14.1588
95000 45000 150010 9.54477
100000 45000 150011 10.7722
90000 45000 150012 11.7472
95000 45000 150010 9.54477
90000 50000 150007 7.24143
95000 50000 150013 12.8195
95000 45000 150010 9.54477
100000 45000 150011 10.7722
95000 50000 150013 12.8195
100000 50000 150012 12.0556
100000 40000 150014 14.1588
105000 40000 150013 12.6453
100000 45000 150011 10.7722
105000 45000 150013 13.3035
105000 40000 150013 12.6453
110000 40000 150012 12.2544
105000 45000 150013 13.3035
110000 45000 150014 14.3462
100000 45000 150011 10.7722
105000 45000 150013 13.3035
100000 50000 150012 12.0556
105000 50000 150012 11.7487
105000 45000 150013 13.3035
110000 45000 150014 14.3462
105000 50000 150012 11.7487
110000 50000 150016 16.2831
110000 40000 150012 12.2544
115000 40000 150018 17.7156
110000 45000 150014 14.3462
115000 45000 150013 12.9891
115000 40000 150018 17.7156
120000 40000 150016 16.1271
115000 45000 150013 12.9891
120000 45000 150017 16.6051
110000 45000 150014 14.3462
115000 45000 150013 12.9891
110000 50000 150016 16.2831
115000 50000 150016 15.9318
115000 45000 150013 12.9891
120000 45000 150017 16.6051
115000 50000 150016 15.9318
120000 50000 150014 13.8334
120000 40000 150016 16.1271
125000 40000 150009 9.27899
120000 45000 150017 16.6051
125000 45000 150013 12.8557
125000 40000 150009 9.27899
130000 40000 149997 -3.17217
125000 45000 150013 12.8557
130000 45000 150005 5.09231
120000 45000 150017 16.6051
125000 45000 150013 12.8557
120000 50000 150014 13.8334
125000 50000 150015 14.8369
125000 45000 150013 12.8557
130000 45000 150005 5.09231
125000 50000 150015 14.8369
130000 50000 150011 11.2602
130000 40000 149997 -3.17217
135000 40000 149975 -24.7038
130000 45000 150005 5.09231
135000 45000 149990 -10.4914
135000 40000 149975 -24.7038
140000 40000 149973 -26.7719
135000 45000 149990 -10.4914
140000 45000 149970 -30.0037
130000 45000 150005 5.09231
135000 45000 149990 -10.4914
130000 50000 150011 11.2602
135000 50000 149997 -3.08267
135000 45000 149990 -10.4914
140000 45000 149970 -30.0037
135000 50000 149997 -3.08267
140000 50000 149975 -25.0412
140000 40000 149973 -26.7719
145000 40000 149989 -10.7417
140000 45000 149970 -30.0037
145000 45000 149974 -25.7365
145000 40000 149989 -10.7417
150000 40000 150002 2.30756
145000 45000 149974 -25.7365
150000 45000 149994 -5.77774
140000 45000 149970 -30.0037
145000 45000 149974 -25.7365
140000 50000 149975 -25.0412
145000 50000 149971 -29.3932
145000 45000 149974 -25.7365
150000 45000 149994 -5.77774
145000 50000 149971 -29.3932
150000 50000 149985 -15.4028
150000 40000 150002 2.30756
155000 40000 150015 14.8252
150000 45000 149994 -5.77774
155000 45000 150008 8.08421
155000 40000 150015 14.8252
160000 40000 150012 12.109
155000 45000 150008 8.08421
160000 45000 150015 14.6793
150000 45000 149994 -5.77774
155000 45000 150008 8.08421
150000 50000 149985 -15.4028
155000 50000 150006 5.85
155000 45000 150008 8.08421
160000 45000 150015 14.6793
155000 50000 150006 5.85
160000 50000 150010 9.57003
80000 50000 150005 4.82625
85000 50000 150005 4.84693
80000 55000 150000 0.345354
85000 55000 150003 2.58751
85000 50000 150005 4.84693
90000 50000 150007 7.24143
85000 55000 150003 2.58751
90000 55000 150007 6.60649
80000 55000 150000 0.345354
85000 55000 150003 2.58751
80000 60000 150004 3.88887
85000 60000 150006 6.05507
85000 55000 150003 2.58751
90000 55000 150007 6.60649
85000 60000 150006 6.05507
90000 60000 150006 6.23227
90000 50000 150007 7.24143
95000 50000 150013 12.8195
90000 55000 150007 6.60649
95000 55000 150010 9.54357
95000 50000 150013 12.8195
100000 50000 150012 12.0556
95000 55000 150010 9.54357
100000 55000 150011 11.1659
90000 55000 150007 6.60649
95000 55000 150010 9.54357
90000 60000 150006 6.23227
95000 60000 150008 8.02622
95000 55000 150010 9.54357
100000 55000 150011 11.1659
95000 60000 150008 8.02622
100000 60000 150011 10.9721
100000 50000 150012 12.0556
105000 50000 150012 11.7487
100000 55000 150011 11.1659
105000 55000 150015 15.1488
105000 50000 150012 11.7487
110000 50000 150016 16.2831
105000 55000 150015 15.1488
110000 55000 150017 16.8152
100000 55000 150011 11.1659
105000 55000 150015 15.1488
100000 60000 150011 10.9721
105000 60000 150013 12.5092
105000 55000 150015 15.1488
110000 55000 150017 16.8152
105000 60000 150013 12.5092
110000 60000 150013 13.4506
110000 50000 150016 16.2831
115000 50000 150016 15.9318
110000 55000 150017 16.8152
115000 55000 150015 15.1882
115000 50000 150016 15.9318
120000 50000 150014 13.8334
115000 55000 150015 15.1882
120000 55000 150016 15.9366
110000 55000 150017 16.8152
115000 55000 150015 15.1882
110000 60000 150013 13.4506
115000 60000 150017 17.1668
115000 55000 150015 15.1882
120000 55000 150016 15.9366
115000 60000 150017 17.1668
120000 60000 150014 14.4613
120000 50000 150014 13.8334
125000 50000 150015 14.8369
120000 55000 150016 15.9366
125000 55000 150018 17.8788
125000 50000 150015 14.8369
130000 50000 150011 11.2602
125000 55000 150018 17.8788
130000 55000 150016 15.6367
120000 55000 150016 15.9366
125000 55000 150018 17.8788
120000 60000 150014 14.4613
125000 60000 150018 17.7861
125000 55000 150018 17.8788
130000 55000 150016 15.6367
125000 60000 150018 17.7861
130000 60000 150016 15.9432
130000 50000 150011 11.2602
135000 50000 149997 -3.08267
130000 55000 150016 15.6367
135000 55000 150008 8.02393
135000 50000 149997 -3.08267
140000 50000 149975 -25.0412
135000 55000 150008 8.02393
140000 55000 149991 -9.27009
130000 55000 150016 15.6367
135000 55000 150008 8.02393
130000 60000 150016 15.9432
135000 60000 150015 14.8597
135000 55000 150008 8.02393
140000 55000 149991 -9.27009
135000 60000 150015 14.8597
140000 60000 149998 -2.19476
140000 50000 149975 -25.0412
145000 50000 149971 -29.3932
140000 55000 149991 -9.27009
145000 55000 149971 -28.5342
145000 50000 149971 -29.3932
150000 50000 149985 -15.4028
145000 55000 149971 -28.5342
150000 55000 149977 -22.5553
140000 55000 149991 -9.27009
145000 55000 149971 -28.5342
140000 60000 149998 -2.19476
145000 60000 149982 -17.9608
145000 55000 149971 -28.5342
150000 55000 149977 -22.5553
145000 60000 149982 -17.9608
150000 60000 149972 -27.9187
150000 50000 149985 -15.4028
155000 50000 150006 5.85
150000 55000 149977 -22.5553
155000 55000 149996 -3.65277
155000 50000 150006 5.85
160000 50000 150010 9.57003
155000 55000 149996 -3.65277
160000 55000 150011 11.2054
150000 55000 149977 -22.5553
155000 55000 149996 -3.65277
150000 60000 149972 -27.9187
155000 60000 149984 -16.0822
155000 55000 149996 -3.65277
160000 55000 150011 11.2054
155000 60000 149984 -16.0822
160000 60000 149999 -1.47405
80000 60000 150004 3.88887
85000 60000 150006 6.05507
80000 65000 150002 2.14423
85000 65000 150003 2.77167
85000 60000 150006 6.05507
90000 60000 150006 6.23227
85000 65000 150003 2.77167
90000 65000 150008 8.31885
80000 65000 150002 2.14423
85000 65000 150003 2.77167
80000 70000 150004 3.51453
85000 70000 150004 3.6811
85000 65000 150003 2.77167
90000 65000 150008 8.31885
85000 70000 150004 3.6811
90000 70000 150007 7.43196
90000 60000 150006 6.23227
95000 60000 150008 8.02622
90000 65000 150008 8.31885
95000 65000 150010 10.3771
95000 60000 150008 8.02622
100000 60000 150011 10.9721
95000 65000 150010 10.3771
100000 65000 150010 9.84912
90000 65000 150008 8.31885
95000 65000 150010 10.3771
90000 70000 150007 7.43196
95000 70000 150010 9.91219
95000 65000 150010 10.3771
100000 65000 150010 9.84912
95000 70000 150010 9.91219
100000 70000 150009 9.31211
100000 60000 150011 10.9721
105000 60000 150013 12.5092
100000 65000 150010 9.84912
105000 65000 150015 14.8562
105000 60000 150013 12.5092
110000 60000 150013 13.4506
105000 65000 150015 14.8562
110000 65000 150015 14.6389
100000 65000 150010 9.84912
105000 65000 150015 14.8562
100000 70000 150009 9.31211
105000 70000 150014 13.9766
105000 65000 150015 14.8562
110000 65000 150015 14.6389
105000 70000 150014 13.9766
110000 70000 150014 14.3235
110000 60000 150013 13.4506
115000 60000 150017 17.1668
110000 65000 150015 14.6389
115000 65000 150014 14.3873
115000 60000 150017 17.1668
120000 60000 150014 14.4613
115000 65000 150014 14.3873
120000 65000 150016 15.6719
110000 65000 150015 14.6389
115000 65000 150014 14.3873
110000 70000 150014 14.3235
115000 70000 150019 18.8127
115000 65000 150014 14.3873
120000 65000 150016 15.6719
115000 70000 150019 18.8127
120000 70000 150018 18.4405
120000 60000 150014 14.4613
125000 60000 150018 17.7861
120000 65000 150016 15.6719
125000 65000 150018 18.3854
125000 60000 150018 17.7861
130000 60000 150016 15.9432
125000 65000 150018 18.3854
130000 65000 150014 14.4813
120000 65000 150016 15.6719
125000 65000 150018 18.3854
120000 70000 150018 18.4405
125000 70000 150017 17.0025
125000 65000 150018 18.3854
130000 65000 150014 14.4813
125000 70000 150017 17.0025
130000 70000 150016 16.2061
130000 60000 150016 15.9432
135000 60000 150015 14.8597
130000 65000 150014 14.4813
135000 65000 150012 12.0387
135000 60000 150015 14.8597
140000 60000 149998 -2.19476
135000 65000 150012 12.0387
140000 65000 150005 5.46166
130000 65000 150014 14.4813
135000 65000 150012 12.0387
130000 70000 150016 16.2061
135000 70000 150018 17.5841
135000 65000 150012 12.0387
140000 65000 150005 5.46166
135000 70000 150018 17.5841
140000 70000 150010 9.853
140000 60000 149998 -2.19476
145000 60000 149982 -17.9608
140000 65000 150005 5.46166
145000 65000 149995 -5.32885
145000 60000 149982 -17.9608
150000 60000 149972 -27.9187
145000 65000 149995 -5.32885
150000 65000 149975 -25.3747
140000 65000 150005 5.46166
145000 65000 149995 -5.32885
140000 70000 150010 9.853
145000 70000 149999 -1.1274
145000 65000 149995 -5.32885
150000 65000 149975 -25.3747
145000 70000 149999 -1.1274
150000 70000 149984 -16.2949
150000 60000 149972 -27.9187
155000 60000 149984 -16.0822
150000 65000 149975 -25.3747
155000 65000 149970 -29.6012
155000 60000 149984 -16.0822
160000 60000 149999 -1.47405
155000 65000 149970 -29.6012
160000 65000 149993 -7.43688
150000 65000 149975 -25.3747
155000 65000 149970 -29.6012
150000 70000 149984 -16.2949
155000 70000 149971 -29.1447
155000 65000 149970 -29.6012
160000 65000 149993 -7.43688
155000 70000 149971 -29.1447
160000 70000 149980 -20.2111
80000 70000 150004 3.51453
85000 70000 150004 3.6811
80000 75000 150002 2.09199
85000 75000 150003 3.01993
85000 70000 150004 3.6811
90000 70000 150007 7.43196
85000 75000 150003 3.01993
90000 75000 150008 7.99158
80000 75000 150002 2.09199
85000 75000 150003 3.01993
80000 80000 150004 3.84235
85000 80000 150003 2.83032
85000 75000 150003 3.01993
90000 75000 150008 7.99158
85000 80000 150003 2.83032
90000 80000 150004 4.37108
90000 70000 150007 7.43196
95000 70000 150010 9.91219
90000 75000 150008 7.99158
95000 75000 150010 9.86056
95000 70000 150010 9.91219
100000 70000 150009 9.31211
95000 75000 150010 9.86056
100000 75000 150009 8.5929
90000 75000 150008 7.99158
95000 75000 150010 9.86056
90000 80000 150004 4.37108
95000 80000 150007 6.66005
95000 75000 150010 9.86056
100000 75000 150009 8.5929
95000 80000 150007 6.66005
100000 80000 150011 11.1793
100000 70000 150009 9.31211
105000 70000 150014 13.9766
100000 75000 150009 8.5929
105000 75000 150012 11.5308
105000 70000 150014 13.9766
110000 70000 150014 14.3235
105000 75000 150012 11.5308
110000 75000 150015 15.0799
100000 75000 150009 8.5929
105000 75000 150012 11.5308
100000 80000 150011 11.1793
105000 80000 150012 12.0353
105000 75000 150012 11.5308
110000 75000 150015 15.0799
105000 80000 150012 12.0353
110000 80000 150015 14.9529
110000 70000 150014 14.3235
115000 70000 150019 18.8127
110000 75000 150015 15.0799
115000 75000 150014 13.6862
115000 70000 150019 18.8127
120000 70000 150018 18.4405
115000 75000 150014 13.6862
120000 75000 150016 16.2002
110000 75000 150015 15.0799
115000 75000 150014 13.6862
110000 80000 150015 14.9529
115000 80000 150014 13.7618
115000 75000 150014 13.6862
120000 75000 150016 16.2002
115000 80000 150014 13.7618
120000 80000 150016 15.8496
120000 70000 150018 18.4405
125000 70000 150017 17.0025
120000 75000 150016 16.2002
125000 75000 150016 16.1577
125000 70000 150017 17.0025
130000 70000 150016 16.2061
125000 75000 150016 16.1577
130000 75000 150014 14.3255
120000 75000 150016 16.2002
125000 75000 150016 16.1577
120000 80000 150016 15.8496
125000 80000 150017 16.8491
125000 75000 150016 16.1577
130000 75000 150014 14.3255
125000 80000 150017 16.8491
130000 80000 150014 14.2109
130000 70000 150016 16.2061
135000 70000 150018 17.5841
130000 75000 150014 14.3255
135000 75000 150014 14.076
135000 70000 150018 17.5841
140000 70000 150010 9.853
135000 75000 150014 14.076
140000 75000 150015 14.5625
130000 75000 150014 14.3255
135000 75000 150014 14.076
130000 80000 150014 14.2109
135000 80000 150014 14.2523
135000 75000 150014 14.076
140000 75000 150015 14.5625
135000 80000 150014 14.2523
140000 80000 150015 15.1767
140000 70000 150010 9.853
145000 70000 149999 -1.1274
140000 75000 150015 14.5625
145000 75000 150009 9.18704
145000 70000 149999 -1.1274
150000 70000 149984 -16.2949
145000 75000 150009 9.18704
150000 75000 149994 -5.53996
140000 75000 150015 14.5625
145000 75000 150009 9.18704
140000 80000 150015 15.1767
145000 80000 150014 14.2287
145000 75000 150009 9.18704
150000 75000 149994 -5.53996
145000 80000 150014 14.2287
150000 80000 150001 1.41296
150000 70000 149984 -16.2949
155000 70000 149971 -29.1447
150000 75000 149994 -5.53996
155000 75000 149973 -27.1526
155000 70000 149971 -29.1447
160000 70000 149980 -20.2111
155000 75000 149973 -27.1526
160000 75000 149966 -33.7656
150000 75000 149994 -5.53996
155000 75000 149973 -27.1526
150000 80000 150001 1.41296
155000 80000 149985 -14.7922
155000 75000 149973 -27.1526
160000 75000 149966 -33.7656
155000 80000 149985 -14.7922
160000 80000 149967 -32.5896
0 80000 149986 -13.8887
5000 80000 149986 -14.03
0 85000 149984 -16.2562
5000 85000 149984 -16.1773
5000 80000 149986 -14.03
10000 80000 149984 -15.9871
5000 85000 149984 -16.1773
10000 85000 149986 -13.8242
0 85000 149984 -16.2562
5000 85000 149984 -16.1773
0 90000 149984 -16.3586
5000 90000 149985 -15.1562
5000 85000 149984 -16.1773
10000 85000 149986 -13.8242
5000 90000 149985 -15.1562
10000 90000 149986 -14.058
10000 80000 149984 -15.9871
15000 80000 149984 -15.6723
10000 85000 149986 -13.8242
15000 85000 149987 -12.854
15000 80000 149984 -15.6723
20000 80000 149986 -13.7204
15000 85000 149987 -12.854
20000 85000 149987 -12.7266
10000 85000 149986 -13.8242
15000 85000 149987 -12.854
10000 90000 149986 -14.058
15000 90000 149985 -14.6788
15000 85000 149987 -12.854
20000 85000 149987 -12.7266
15000 90000 149985 -14.6788
20000 90000 149986 -14.4453
20000 80000 149986 -13.7204
25000 80000 149986 -14.3855
20000 85000 149987 -12.7266
25000 85000 149987 -12.6352
25000 80000 149986 -14.3855
30000 80000 149987 -12.5128
25000 85000 149987 -12.6352
30000 85000 149987 -13.3932
20000 85000 149987 -12.7266
25000 85000 149987 -12.6352
20000 90000 149986 -14.4453
25000 90000 149986 -14.0082
25000 85000 149987 -12.6352
30000 85000 149987 -13.3932
25000 90000 149986 -14.0082
30000 90000 149987 -12.5246
30000 80000 149987 -12.5128
35000 80000 149987 -12.8583
30000 85000 149987 -13.3932
35000 85000 149987 -12.6328
35000 80000 149987 -12.8583
40000 80000 149990 -10.4876
35000 85000 149987 -12.6328
40000 85000 149988 -12.3047
30000 85000 149987 -13.3932
35000 85000 149987 -12.6328
30000 90000 149987 -12.5246
35000 90000 149987 -12.7676
35000 85000 149987 -12.6328
40000 85000 149988 -12.3047
35000 90000 149987 -12.7676
40000 90000 149988 -11.5995
40000 80000 149990 -10.4876
45000 80000 149991 -9.47074
40000 85000 149988 -12.3047
45000 85000 149989 -11.3791
45000 80000 149991 -9.47074
50000 80000 149990 -10.2448
45000 85000 149989 -11.3791
50000 85000 149989 -10.6907
40000 85000 149988 -12.3047
45000 85000 149989 -11.3791
40000 90000 149988 -11.5995
45000 90000 149990 -10.1453
45000 85000 149989 -11.3791
50000 85000 149989 -10.6907
45000 90000 149990 -10.1453
50000 90000 149992 -8.03793
50000 80000 149990 -10.2448
55000 80000 149994 -6.26005
50000 85000 149989 -10.6907
55000 85000 149990 -9.92983
55000 80000 149994 -6.26005
60000 80000 149993 -6.69319
55000 85000 149990 -9.92983
60000 85000 149991 -8.65877
50000 85000 149989 -10.6907
55000 85000 149990 -9.92983
50000 90000 149992 -8.03793
55000 90000 149992 -7.76209
55000 85000 149990 -9.92983
60000 85000 149991 -8.65877
55000 90000 149992 -7.76209
60000 90000 149995 -5.29916
60000 80000 149993 -6.69319
65000 80000 149993 -7.49783
60000 85000 149991 -8.65877
65000 85000 149996 -4.07531
65000 80000 149993 -7.49783
70000 80000 149996 -3.93808
65000 85000 149996 -4.07531
70000 85000 149995 -4.65613
60000 85000 149991 -8.65877
65000 85000 149996 -4.07531
60000 90000 149995 -5.29916
65000 90000 149993 -6.69167
65000 85000 149996 -4.07531
70000 85000 149995 -4.65613
65000 90000 149993 -6.69167
70000 90000 149996 -4.06065
70000 80000 149996 -3.93808
75000 80000 149997 -2.85233
70000 85000 149995 -4.65613
75000 85000 149997 -2.72401
75000 80000 149997 -2.85233
80000 80000 150004 3.84235
75000 85000 149997 -2.72401
80000 85000 150001 1.03911
70000 85000 149995 -4.65613
75000 85000 149997 -2.72401
70000 90000 149996 -4.06065
75000 90000 149997 -3.24539
75000 85000 149997 -2.72401
80000 85000 150001 1.03911
75000 90000 149997 -3.24539
80000 90000 150002 2.30068
80000 80000 150004 3.84235
85000 80000 150003 2.83032
80000 85000 150001 1.03911
85000 85000 150005 5.04762
85000 80000 150003 2.83032
90000 80000 150004 4.37108
85000 85000 150005 5.04762
90000 85000 150004 4.03041
80000 85000 150001 1.03911
85000 85000 150005 5.04762
80000 90000 150002 2.30068
85000 90000 150005 4.83525
85000 85000 150005 5.04762
90000 85000 150004 4.03041
85000 90000 150005 4.83525
90000 90000 150005 4.96385
90000 80000 150004 4.37108
95000 80000 150007 6.66005
90000 85000 150004 4.03041
95000 85000 150007 7.00021
95000 80000 150007 6.66005
100000 80000 150011 11.1793
95000 85000 150007 7.00021
100000 85000 150008 7.66699
90000 85000 150004 4.03041
95000 85000 150007 7.00021
90000 90000 150005 4.96385
95000 90000 150006 5.60613
95000 85000 150007 7.00021
100000 85000 150008 7.66699
95000 90000 150006 5.60613
100000 90000 150010 9.59025
100000 80000 150011 11.1793
105000 80000 150012 12.0353
100000 85000 150008 7.66699
105000 85000 150012 11.8865
105000 80000 150012 12.0353
110000 80000 150015 14.9529
105000 85000 150012 11.8865
110000 85000 150012 12.1988
100000 85000 150008 7.66699
105000 85000 150012 11.8865
100000 90000 150010 9.59025
105000 90000 150010 9.56854
105000 85000 150012 11.8865
110000 85000 150012 12.1988
105000 90000 150010 9.56854
110000 90000 150011 11.194
0 90000 149984 -16.3586
5000 90000 149985 -15.1562
0 95000 149984 -16.2057
5000 95000 149984 -16.2591
5000 90000 149985 -15.1562
10000 90000 149986 -14.058
5000 95000 149984 -16.2591
10000 95000 149984 -15.9273
0 95000 149984 -16.2057
5000 95000 149984 -16.2591
0 100000 149985 -15.4217
5000 100000 149984 -16.2599
5000 95000 149984 -16.2591
10000 95000 149984 -15.9273
5000 100000 149984 -16.2599
10000 100000 149984 -15.9414
10000 90000 149986 -14.058
15000 90000 149985 -14.6788
10000 95000 149984 -15.9273
15000 95000 149985 -15.1297
15000 90000 149985 -14.6788
20000 90000 149986 -14.4453
15000 95000 149985 -15.1297
20000 95000 149987 -12.7212
10000 95000 149984 -15.9273
15000 95000 149985 -15.1297
10000 100000 149984 -15.9414
15000 100000 149987 -13.4511
15000 95000 149985 -15.1297
20000 95000 149987 -12.7212
15000 100000 149987 -13.4511
20000 100000 149986 -13.8099
20000 90000 149986 -14.4453
25000 90000 149986 -14.0082
20000 95000 149987 -12.7212
25000 95000 149986 -14.4367
25000 90000 149986 -14.0082
30000 90000 149987 -12.5246
25000 95000 149986 -14.4367
30000 95000 149986 -14.0547
20000 95000 149987 -12.7212
25000 95000 149986 -14.4367
20000 100000 149986 -13.8099
25000 100000 149986 -13.8921
25000 95000 149986 -14.4367
30000 95000 149986 -14.0547
25000 100000 149986 -13.8921
30000 100000 149987 -12.6344
30000 90000 149987 -12.5246
35000 90000 149987 -12.7676
30000 95000 149986 -14.0547
35000 95000 149986 -13.5342
35000 90000 149987 -12.7676
40000 90000 149988 -11.5995
35000 95000 149986 -13.5342
40000 95000 149990 -10.2317
30000 95000 149986 -14.0547
35000 95000 149986 -13.5342
30000 100000 149987 -12.6344
35000 100000 149987 -12.8659
35000 95000 149986 -13.5342
40000 95000 149990 -10.2317
35000 100000 149987 -12.8659
40000 100000 149987 -13.3178
40000 90000 149988 -11.5995
45000 90000 149990 -10.1453
40000 95000 149990 -10.2317
45000 95000 149988 -12.2836
45000 90000 149990 -10.1453
50000 90000 149992 -8.03793
45000 95000 149988 -12.2836
50000 95000 149990 -10.3905
40000 95000 149990 -10.2317
45000 95000 149988 -12.2836
40000 100000 149987 -13.3178
45000 100000 149989 -11.1897
45000 95000 149988 -12.2836
50000 95000 149990 -10.3905
45000 100000 149989 -11.1897
50000 100000 149992 -8.24713
50000 90000 149992 -8.03793
55000 90000 149992 -7.76209
50000 95000 149990 -10.3905
55000 95000 149990 -9.77027
55000 90000 149992 -7.76209
60000 90000 149995 -5.29916
55000 95000 149990 -9.77027
60000 95000 149995 -4.80584
50000 95000 149990 -10.3905
55000 95000 149990 -9.77027
50000 100000 149992 -8.24713
55000 100000 149993 -6.62501
55000 95000 149990 -9.77027
60000 95000 149995 -4.80584
55000 100000 149993 -6.62501
60000 100000 149995 -5.32111
60000 90000 149995 -5.29916
65000 90000 149993 -6.69167
60000 95000 149995 -4.80584
65000 95000 149993 -6.83178
65000 90000 149993 -6.69167
70000 90000 149996 -4.06065
65000 95000 149993 -6.83178
70000 95000 149998 -1.75274
60000 95000 149995 -4.80584
65000 95000 149993 -6.83178
60000 100000 149995 -5.32111
65000 100000 149993 -7.24104
65000 95000 149993 -6.83178
70000 95000 149998 -1.75274
65000 100000 149993 -7.24104
70000 100000 149994 -5.67687
70000 90000 149996 -4.06065
75000 90000 149997 -3.24539
70000 95000 149998 -1.75274
75000 95000 149999 -0.858201
75000 90000 149997 -3.24539
80000 90000 150002 2.30068
75000 95000 149999 -0.858201
80000 95000 150001 1.41005
70000 95000 149998 -1.75274
75000 95000 149999 -0.858201
70000 100000 149994 -5.67687
75000 100000 149998 -1.73296
75000 95000 149999 -0.858201
80000 95000 150001 1.41005
75000 100000 149998 -1.73296
80000 100000 149999 -1.2492
80000 90000 150002 2.30068
85000 90000 150005 4.83525
80000 95000 150001 1.41005
85000 95000 150004 4.1625
85000 90000 150005 4.83525
90000 90000 150005 4.96385
85000 95000 150004 4.1625
90000 95000 150006 6.11842
80000 95000 150001 1.41005
85000 95000 150004 4.1625
80000 100000 149999 -1.2492
85000 100000 150002 2.17673
85000 95000 150004 4.1625
90000 95000 150006 6.11842
85000 100000 150002 2.17673
90000 100000 150003 2.70524
90000 90000 150005 4.96385
95000 90000 150006 5.60613
90000 95000 150006 6.11842
95000 95000 150009 9.06628
95000 90000 150006 5.60613
100000 90000 150010 9.59025
95000 95000 150009 9.06628
100000 95000 150008 7.60523
90000 95000 150006 6.11842
95000 95000 150009 9.06628
90000 100000 150003 2.70524
95000 100000 150006 6.04621
95000 95000 150009 9.06628
100000 95000 150008 7.60523
95000 100000 150006 6.04621
100000 100000 150009 8.81259
0 100000 149985 -15.4217
5000 100000 149984 -16.2599
0 105000 149984 -15.7693
5000 105000 149984 -16.3111
5000 100000 149984 -16.2599
10000 100000 149984 -15.9414
5000 105000 149984 -16.3111
10000 105000 149986 -13.9014
0 105000 149984 -15.7693
5000 105000 149984 -16.3111
0 110000 149983 -16.528
5000 110000 149984 -16.1378
5000 105000 149984 -16.3111
10000 105000 149986 -13.9014
5000 110000 149984 -16.1378
10000 110000 149984 -16.1421
10000 100000 149984 -15.9414
15000 100000 149987 -13.4511
10000 105000 149986 -13.9014
15000 105000 149984 -15.686
15000 100000 149987 -13.4511
20000 100000 149986 -13.8099
15000 105000 149984 -15.686
20000 105000 149987 -12.9898
10000 105000 149986 -13.9014
15000 105000 149984 -15.686
10000 110000 149984 -16.1421
15000 110000 149985 -15.3373
15000 105000 149984 -15.686
20000 105000 149987 -12.9898
15000 110000 149985 -15.3373
20000 110000 149985 -15.0321
20000 100000 149986 -13.8099
25000 100000 149986 -13.8921
20000 105000 149987 -12.9898
25000 105000 149985 -14.5179
25000 100000 149986 -13.8921
30000 100000 149987 -12.6344
25000 105000 149985 -14.5179
30000 105000 149986 -14.1467
20000 105000 149987 -12.9898
25000 105000 149985 -14.5179
20000 110000 149985 -15.0321
25000 110000 149986 -14.4636
25000 105000 149985 -14.5179
30000 105000 149986 -14.1467
25000 110000 149986 -14.4636
30000 110000 149987 -12.7147
30000 100000 149987 -12.6344
35000 100000 149987 -12.8659
30000 105000 149986 -14.1467
35000 105000 149986 -13.7715
35000 100000 149987 -12.8659
40000 100000 149987 -13.3178
35000 105000 149986 -13.7715
40000 105000 149989 -10.7884
30000 105000 149986 -14.1467
35000 105000 149986 -13.7715
30000 110000 149987 -12.7147
35000 110000 149986 -13.6094
35000 105000 149986 -13.7715
40000 105000 149989 -10.7884
35000 110000 149986 -13.6094
40000 110000 149990 -10.4724
40000 100000 149987 -13.3178
45000 100000 149989 -11.1897
40000 105000 149989 -10.7884
45000 105000 149988 -12.1517
45000 100000 149989 -11.1897
50000 100000 149992 -8.24713
45000 105000 149988 -12.1517
50000 105000 149991 -9.42818
40000 105000 149989 -10.7884
45000 105000 149988 -12.1517
40000 110000 149990 -10.4724
45000 110000 149988 -11.7793
45000 105000 149988 -12.1517
50000 105000 149991 -9.42818
45000 110000 149988 -11.7793
50000 110000 149990 -9.83219
50000 100000 149992 -8.24713
55000 100000 149993 -6.62501
50000 105000 149991 -9.42818
55000 105000 149991 -9.14142
55000 100000 149993 -6.62501
60000 100000 149995 -5.32111
55000 105000 149991 -9.14142
60000 105000 149992 -7.75585
50000 105000 149991 -9.42818
55000 105000 149991 -9.14142
50000 110000 149990 -9.83219
55000 110000 149993 -6.76867
55000 105000 149991 -9.14142
60000 105000 149992 -7.75585
55000 110000 149993 -6.76867
60000 110000 149995 -5.09557
60000 100000 149995 -5.32111
65000 100000 149993 -7.24104
60000 105000 149992 -7.75585
65000 105000 149993 -6.531
65000 100000 149993 -7.24104
70000 100000 149994 -5.67687
65000 105000 149993 -6.531
70000 105000 149997 -2.8724
60000 105000 149992 -7.75585
65000 105000 149993 -6.531
60000 110000 149995 -5.09557
65000 110000 149994 -6.04403
65000 105000 149993 -6.531
70000 105000 149997 -2.8724
65000 110000 149994 -6.04403
70000 110000 149998 -2.35115
70000 100000 149994 -5.67687
75000 100000 149998 -1.73296
70000 105000 149997 -2.8724
75000 105000 149997 -2.86175
75000 100000 149998 -1.73296
80000 100000 149999 -1.2492
75000 105000 149997 -2.86175
80000 105000 150003 2.63886
70000 105000 149997 -2.8724
75000 105000 149997 -2.86175
70000 110000 149998 -2.35115
75000 110000 149999 -0.686667
75000 105000 149997 -2.86175
80000 105000 150003 2.63886
75000 110000 149999 -0.686667
80000 110000 150001 1.34344
0 110000 149983 -16.528
5000 110000 149984 -16.1378
0 115000 149986 -13.626
5000 115000 149984 -15.5701
5000 110000 149984 -16.1378
10000 110000 149984 -16.1421
5000 115000 149984 -15.5701
10000 115000 149984 -15.9433
0 115000 149986 -13.626
5000 115000 149984 -15.5701
0 120000 149986 -14.3833
5000 120000 149985 -15.2066
5000 115000 149984 -15.5701
10000 115000 149984 -15.9433
5000 120000 149985 -15.2066
10000 120000 149984 -16.2322
10000 110000 149984 -16.1421
15000 110000 149985 -15.3373
10000 115000 149984 -15.9433
15000 115000 149987 -12.75
15000 110000 149985 -15.3373
20000 110000 149985 -15.0321
15000 115000 149987 -12.75
20000 115000 149985 -14.6606
10000 115000 149984 -15.9433
15000 115000 149987 -12.75
10000 120000 149984 -16.2322
15000 120000 149985 -15.4317
15000 115000 149987 -12.75
20000 115000 149985 -14.6606
15000 120000 149985 -15.4317
20000 120000 149987 -13.4305
20000 110000 149985 -15.0321
25000 110000 149986 -14.4636
20000 115000 149985 -14.6606
25000 115000 149986 -14.4443
25000 110000 149986 -14.4636
30000 110000 149987 -12.7147
25000 115000 149986 -14.4443
30000 115000 149986 -14.061
20000 115000 149985 -14.6606
25000 115000 149986 -14.4443
20000 120000 149987 -13.4305
25000 120000 149988 -12.4051
25000 115000 149986 -14.4443
30000 115000 149986 -14.061
25000 120000 149988 -12.4051
30000 120000 149986 -13.9729
30000 110000 149987 -12.7147
35000 110000 149986 -13.6094
30000 115000 149986 -14.061
35000 115000 149988 -12.3762
35000 110000 149986 -13.6094
40000 110000 149990 -10.4724
35000 115000 149988 -12.3762
40000 115000 149989 -10.8617
30000 115000 149986 -14.061
35000 115000 149988 -12.3762
30000 120000 149986 -13.9729
35000 120000 149990 -10.2733
35000 115000 149988 -12.3762
40000 115000 149989 -10.8617
35000 120000 149990 -10.2733
40000 120000 149987 -12.7158
40000 110000 149990 -10.4724
45000 110000 149988 -11.7793
40000 115000 149989 -10.8617
45000 115000 149990 -10.0548
45000 110000 149988 -11.7793
50000 110000 149990 -9.83219
45000 115000 149990 -10.0548
50000 115000 149989 -11.4906
40000 115000 149989 -10.8617
45000 115000 149990 -10.0548
40000 120000 149987 -12.7158
45000 120000 149988 -11.6866
45000 115000 149990 -10.0548
50000 115000 149989 -11.4906
45000 120000 149988 -11.6866
50000 120000 149989 -10.6799
50000 110000 149990 -9.83219
55000 110000 149993 -6.76867
50000 115000 149989 -11.4906
55000 115000 149990 -9.93698
55000 110000 149993 -6.76867
60000 110000 149995 -5.09557
55000 115000 149990 -9.93698
60000 115000 149993 -7.00477
50000 115000 149989 -11.4906
55000 115000 149990 -9.93698
50000 120000 149989 -10.6799
55000 120000 149992 -8.49802
55000 115000 149990 -9.93698
60000 115000 149993 -7.00477
55000 120000 149992 -8.49802
60000 120000 149994 -6.2714
60000 110000 149995 -5.09557
65000 110000 149994 -6.04403
60000 115000 149993 -7.00477
65000 115000 149996 -4.32103
65000 110000 149994 -6.04403
70000 110000 149998 -2.35115
65000 115000 149996 -4.32103
70000 115000 149998 -1.85113
60000 115000 149993 -7.00477
65000 115000 149996 -4.32103
60000 120000 149994 -6.2714
65000 120000 149996 -4.45309
65000 115000 149996 -4.32103
70000 115000 149998 -1.85113
65000 120000 149996 -4.45309
70000 120000 149998 -2.03145
70000 110000 149998 -2.35115
75000 110000 149999 -0.686667
70000 115000 149998 -1.85113
75000 115000 149998 -2.4592
75000 110000 149999 -0.686667
80000 110000 150001 1.34344
75000 115000 149998 -2.4592
80000 115000 149998 -1.55226
70000 115000 149998 -1.85113
75000 115000 149998 -2.4592
70000 120000 149998 -2.03145
75000 120000 150000 -0.036003
75000 115000 149998 -2.4592
80000 115000 149998 -1.55226
75000 120000 150000 -0.036003
80000 120000 149999 -0.909771
160000 0 150012 12.2332
165000 0 150014 13.7165
160000 5000 150015 14.9364
165000 5000 150014 13.5855
165000 0 150014 13.7165
170000 0 150018 17.6143
165000 5000 150014 13.5855
170000 5000 150017 17.4472
160000 5000 150015 14.9364
165000 5000 150014 13.5855
160000 10000 150015 14.7753
165000 10000 150015 15.364
165000 5000 150014 13.5855
170000 5000 150017 17.4472
165000 10000 150015 15.364
170000 10000 150019 18.5077
170000 0 150018 17.6143
175000 0 150016 15.7797
170000 5000 150017 17.4472
175000 5000 150015 14.8295
175000 0 150016 15.7797
180000 0 150016 15.7914
175000 5000 150015 14.8295
180000 5000 150018 17.9316
170000 5000 150017 17.4472
175000 5000 150015 14.8295
170000 10000 150019 18.5077
175000 10000 150019 18.9626
175000 5000 150015 14.8295
180000 5000 150018 17.9316
175000 10000 150019 18.9626
180000 10000 150015 14.8008
180000 0 150016 15.7914
185000 0 150014 14.2715
180000 5000 150018 17.9316
185000 5000 150016 15.7768
185000 0 150014 14.2715
190000 0 150014 13.5146
185000 5000 150016 15.7768
190000 5000 150012 12.3592
180000 5000 150018 17.9316
185000 5000 150016 15.7768
180000 10000 150015 14.8008
185000 10000 150016 16.1013
185000 5000 150016 15.7768
190000 5000 150012 12.3592
185000 10000 150016 16.1013
190000 10000 150015 15.1715
190000 0 150014 13.5146
195000 0 150013 13.313
190000 5000 150012 12.3592
195000 5000 150012 11.7544
195000 0 150013 13.313
200000 0 150015 14.632
195000 5000 150012 11.7544
200000 5000 150010 10.1673
190000 5000 150012 12.3592
195000 5000 150012 11.7544
190000 10000 150015 15.1715
195000 10000 150011 11.3279
195000 5000 150012 11.7544
200000 5000 150010 10.1673
195000 10000 150011 11.3279
200000 10000 150013 12.69
200000 0 150015 14.632
205000 0 150010 10.0338
200000 5000 150010 10.1673
205000 5000 150009 9.07318
205000 0 150010 10.0338
210000 0 150009 9.29061
205000 5000 150009 9.07318
210000 5000 150008 7.8658
200000 5000 150010 10.1673
205000 5000 150009 9.07318
200000 10000 150013 12.69
205000 10000 150009 8.78908
205000 5000 150009 9.07318
210000 5000 150008 7.8658
205000 10000 150009 8.78908
210000 10000 150007 6.5541
210000 0 150009 9.29061
215000 0 150008 7.62667
210000 5000 150008 7.8658
215000 5000 150007 6.91789
215000 0 150008 7.62667
220000 0 150006 5.68186
215000 5000 150007 6.91789
220000 5000 150006 5.51357
210000 5000 150008 7.8658
215000 5000 150007 6.91789
210000 10000 150007 6.5541
215000 10000 150006 6.40244
215000 5000 150007 6.91789
220000 5000 150006 5.51357
215000 10000 150006 6.40244
220000 10000 150003 3.3034
220000 0 150006 5.68186
225000 0 150002 1.9192
220000 5000 150006 5.51357
225000 5000 150002 1.73995
225000 0 150002 1.9192
230000 0 150003 2.95616
225000 5000 150002 1.73995
230000 5000 150000 0.193528
220000 5000 150006 5.51357
225000 5000 150002 1.73995
220000 10000 150003 3.3034
225000 10000 150003 3.2519
225000 5000 150002 1.73995
230000 5000 150000 0.193528
225000 10000 150003 3.2519
230000 10000 150002 1.57554
230000 0 150003 2.95616
235000 0 150001 1.21435
230000 5000 150000 0.193528
235000 5000 150002 1.73832
235000 0 150001 1.21435
240000 0 150001 1.10788
235000 5000 150002 1.73832
240000 5000 150000 -0.254054
230000 5000 150000 0.193528
235000 5000 150002 1.73832
230000 10000 150002 1.57554
235000 10000 150002 2.39904
235000 5000 150002 1.73832
240000 5000 150000 -0.254054
235000 10000 150002 2.39904
240000 10000 149997 -3.19011
160000 10000 150015 14.7753
165000 10000 150015 15.364
160000 15000 150015 15.4399
165000 15000 150016 16.2591
165000 10000 150015 15.364
170000 10000 150019 18.5077
165000 15000 150016 16.2591
170000 15000 150019 18.9386
160000 15000 150015 15.4399
165000 15000 150016 16.2591
160000 20000 150014 14.239
165000 20000 150013 13.1557
165000 15000 150016 16.2591
170000 15000 150019 18.9386
165000 20000 150013 13.1557
170000 20000 150016 16.1339
170000 10000 150019 18.5077
175000 10000 150019 18.9626
170000 15000 150019 18.9386
175000 15000 150018 17.6614
175000 10000 150019 18.9626
180000 10000 150015 14.8008
175000 15000 150018 17.6614
180000 15000 150019 18.61
170000 15000 150019 18.9386
175000 15000 150018 17.6614
170000 20000 150016 16.1339
175000 20000 150016 16.0665
175000 15000 150018 17.6614
180000 15000 150019 18.61
175000 20000 150016 16.0665
180000 20000 150016 16.279
180000 10000 150015 14.8008
185000 10000 150016 16.1013
180000 15000 150019 18.61
185000 15000 150017 17.4097
185000 10000 150016 16.1013
190000 10000 150015 15.1715
185000 15000 150017 17.4097
190000 15000 150014 14.3175
180000 15000 150019 18.61
185000 15000 150017 17.4097
180000 20000 150016 16.279
185000 20000 150018 18.4545
185000 15000 150017 17.4097
190000 15000 150014 14.3175
185000 20000 150018 18.4545
190000 20000 150018 17.6323
190000 10000 150015 15.1715
195000 10000 150011 11.3279
190000 15000 150014 14.3175
195000 15000 150015 15.2468
195000 10000 150011 11.3279
200000 10000 150013 12.69
195000 15000 150015 15.2468
200000 15000 150011 11.0785
190000 15000 150014 14.3175
195000 15000 150015 15.2468
190000 20000 150018 17.6323
195000 20000 150015 15.3905
195000 15000 150015 15.2468
200000 15000 150011 11.0785
195000 20000 150015 15.3905
200000 20000 150010 9.78451
200000 10000 150013 12.69
205000 10000 150009 8.78908
200000 15000 150011 11.0785
205000 15000 150010 9.75109
205000 10000 150009 8.78908
210000 10000 150007 6.5541
205000 15000 150010 9.75109
210000 15000 150008 8.222
200000 15000 150011 11.0785
205000 15000 150010 9.75109
200000 20000 150010 9.78451
205000 20000 150009 9.44542
205000 15000 150010 9.75109
210000 15000 150008 8.222
205000 20000 150009 9.44542
210000 20000 150009 8.84586
210000 10000 150007 6.5541
215000 10000 150006 6.40244
210000 15000 150008 8.222
215000 15000 150005 5.31892
215000 10000 150006 6.40244
220000 10000 150003 3.3034
215000 15000 150005 5.31892
220000 15000 150005 4.67752
210000 15000 150008 8.222
215000 15000 150005 5.31892
210000 20000 150009 8.84586
215000 20000 150007 7.35161
215000 15000 150005 5.31892
220000 15000 150005 4.67752
215000 20000 150007 7.35161
220000 20000 150007 6.81164
220000 10000 150003 3.3034
225000 10000 150003 3.2519
220000 15000 150005 4.67752
225000 15000 150005 4.60422
225000 10000 150003 3.2519
230000 10000 150002 1.57554
225000 15000 150005 4.60422
230000 15000 150003 2.78988
220000 15000 150005 4.67752
225000 15000 150005 4.60422
220000 20000 150007 6.81164
225000 20000 150005 4.67744
225000 15000 150005 4.60422
230000 15000 150003 2.78988
225000 20000 150005 4.67744
230000 20000 150000 -0.141217
230000 10000 150002 1.57554
235000 10000 150002 2.39904
230000 15000 150003 2.78988
235000 15000 149999 -0.882842
235000 10000 150002 2.39904
240000 10000 149997 -3.19011
235000 15000 149999 -0.882842
240000 15000 149997 -2.97852
230000 15000 150003 2.78988
235000 15000 149999 -0.882842
230000 20000 150000 -0.141217
235000 20000 149999 -1.11847
235000 15000 149999 -0.882842
240000 15000 149997 -2.97852
235000 20000 149999 -1.11847
240000 20000 149998 -1.64257
160000 20000 150014 14.239
165000 20000 150013 13.1557
160000 25000 150012 11.718
165000 25000 150013 13.0726
165000 20000 150013 13.1557
170000 20000 150016 16.1339
165000 25000 150013 13.0726
170000 25000 150015 15.2843
160000 25000 150012 11.718
165000 25000 150013 13.0726
160000 30000 150013 13.0524
165000 30000 150016 16.3284
165000 25000 150013 13.0726
170000 25000 150015 15.2843
165000 30000 150016 16.3284
170000 30000 150017 16.7209
170000 20000 150016 16.1339
175000 20000 150016 16.0665
170000 25000 150015 15.2843
175000 25000 150018 18.4113
175000 20000 150016 16.0665
180000 20000 150016 16.279
175000 25000 150018 18.4113
180000 25000 150016 16.106
170000 25000 150015 15.2843
175000 25000 150018 18.4113
170000 30000 150017 16.7209
175000 30000 150016 16.0522
175000 25000 150018 18.4113
180000 25000 150016 16.106
175000 30000 150016 16.0522
180000 30000 150016 16.2624
180000 20000 150016 16.279
185000 20000 150018 18.4545
180000 25000 150016 16.106
185000 25000 150019 18.6853
185000 20000 150018 18.4545
190000 20000 150018 17.6323
185000 25000 150019 18.6853
190000 25000 150016 16.0977
180000 25000 150016 16.106
185000 25000 150019 18.6853
180000 30000 150016 16.2624
185000 30000 150020 20.0191
185000 25000 150019 18.6853
190000 25000 150016 16.0977
185000 30000 150020 20.0191
190000 30000 150018 17.6483
190000 20000 150018 17.6323
195000 20000 150015 15.3905
190000 25000 150016 16.0977
195000 25000 150012 11.9929
195000 20000 150015 15.3905
200000 20000 150010 9.78451
195000 25000 150012 11.9929
200000 25000 150011 10.5793
190000 25000 150016 16.0977
195000 25000 150012 11.9929
190000 30000 150018 17.6483
195000 30000 150013 13.242
195000 25000 150012 11.9929
200000 25000 150011 10.5793
195000 30000 150013 13.242
200000 30000 150013 12.597
200000 20000 150010 9.78451
205000 20000 150009 9.44542
200000 25000 150011 10.5793
205000 25000 150010 10.2424
205000 20000 150009 9.44542
210000 20000 150009 8.84586
205000 25000 150010 10.2424
210000 25000 150009 8.88161
200000 25000 150011 10.5793
205000 25000 150010 10.2424
200000 30000 150013 12.597
205000 30000 150010 9.57543
205000 25000 150010 10.2424
210000 25000 150009 8.88161
205000 30000 150010 9.57543
210000 30000 150006 6.42756
210000 20000 150009 8.84586
215000 20000 150007 7.35161
210000 25000 150009 8.88161
215000 25000 150006 6.189
215000 20000 150007 7.35161
220000 20000 150007 6.81164
215000 25000 150006 6.189
220000 25000 150006 5.78381
210000 25000 150009 8.88161
215000 25000 150006 6.189
210000 30000 150006 6.42756
215000 30000 150006 6.39167
215000 25000 150006 6.189
220000 25000 150006 5.78381
215000 30000 150006 6.39167
220000 30000 150004 3.79662
220000 20000 150007 6.81164
225000 20000 150005 4.67744
220000 25000 150006 5.78381
225000 25000 150001 1.17601
225000 20000 150005 4.67744
230000 20000 150000 -0.141217
225000 25000 150001 1.17601
230000 25000 150000 -0.112592
220000 25000 150006 5.78381
225000 25000 150001 1.17601
220000 30000 150004 3.79662
225000 30000 150006 5.82704
225000 25000 150001 1.17601
230000 25000 150000 -0.112592
225000 30000 150006 5.82704
230000 30000 150001 0.759742
230000 20000 150000 -0.141217
235000 20000 149999 -1.11847
230000 25000 150000 -0.112592
235000 25000 150002 2.14307
235000 20000 149999 -1.11847
240000 20000 149998 -1.64257
235000 25000 150002 2.14307
240000 25000 150000 0.240887
230000 25000 150000 -0.112592
235000 25000 150002 2.14307
230000 30000 150001 0.759742
235000 30000 150000 0.0931811
235000 25000 150002 2.14307
240000 25000 150000 0.240887
235000 30000 150000 0.0931811
240000 30000 149999 -1.44284
160000 30000 150013 13.0524
165000 30000 150016 16.3284
160000 35000 150015 14.8656
165000 35000 150015 15.2291
165000 30000 150016 16.3284
170000 30000 150017 16.7209
165000 35000 150015 15.2291
170000 35000 150019 18.7498
160000 35000 150015 14.8656
165000 35000 150015 15.2291
160000 40000 150012 12.109
165000 40000 150014 13.5914
165000 35000 150015 15.2291
170000 35000 150019 18.7498
165000 40000 150014 13.5914
170000 40000 150018 17.8717
170000 30000 150017 16.7209
175000 30000 150016 16.0522
170000 35000 150019 18.7498
175000 35000 150020 19.7392
175000 30000 150016 16.0522
180000 30000 150016 16.2624
175000 35000 150020 19.7392
180000 35000 150016 16.3364
170000 35000 150019 18.7498
175000 35000 150020 19.7392
170000 40000 150018 17.8717
175000 40000 150016 16.2516
175000 35000 150020 19.7392
180000 35000 150016 16.3364
175000 40000 150016 16.2516
180000 40000 150017 17.0512
180000 30000 150016 16.2624
185000 30000 150020 20.0191
180000 35000 150016 16.3364
185000 35000 150018 17.5094
185000 30000 150020 20.0191
190000 30000 150018 17.6483
185000 35000 150018 17.5094
190000 35000 150018 18.0429
180000 35000 150016 16.3364
185000 35000 150018 17.5094
180000 40000 150017 17.0512
185000 40000 150016 16.2111
185000 35000 150018 17.5094
190000 35000 150018 18.0429
185000 40000 150016 16.2111
190000 40000 150018 17.6965
190000 30000 150018 17.6483
195000 30000 150013 13.242
190000 35000 150018 18.0429
195000 35000 150015 14.8766
195000 30000 150013 13.242
200000 30000 150013 12.597
195000 35000 150015 14.8766
200000 35000 150013 13.0811
190000 35000 150018 18.0429
195000 35000 150015 14.8766
190000 40000 150018 17.6965
195000 40000 150014 14.1406
195000 35000 150015 14.8766
200000 35000 150013 13.0811
195000 40000 150014 14.1406
200000 40000 150016 15.7192
200000 30000 150013 12.597
205000 30000 150010 9.57543
200000 35000 150013 13.0811
205000 35000 150014 13.5223
205000 30000 150010 9.57543
210000 30000 150006 6.42756
205000 35000 150014 13.5223
210000 35000 150007 7.00611
200000 35000 150013 13.0811
205000 35000 150014 13.5223
200000 40000 150016 15.7192
205000 40000 150012 12.4081
205000 35000 150014 13.5223
210000 35000 150007 7.00611
205000 40000 150012 12.4081
210000 40000 150010 9.51201
210000 30000 150006 6.42756
215000 30000 150006 6.39167
210000 35000 150007 7.00611
215000 35000 150006 6.02029
215000 30000 150006 6.39167
220000 30000 150004 3.79662
215000 35000 150006 6.02029
220000 35000 150007 6.99578
210000 35000 150007 7.00611
215000 35000 150006 6.02029
210000 40000 150010 9.51201
215000 40000 150007 6.81037
215000 35000 150006 6.02029
220000 35000 150007 6.99578
215000 40000 150007 6.81037
220000 40000 150004 3.81093
220000 30000 150004 3.79662
225000 30000 150006 5.82704
220000 35000 150007 6.99578
225000 35000 150005 5.30489
225000 30000 150006 5.82704
230000 30000 150001 0.759742
225000 35000 150005 5.30489
230000 35000 150004 4.30752
220000 35000 150007 6.99578
225000 35000 150005 5.30489
220000 40000 150004 3.81093
225000 40000 150002 2.09997
225000 35000 150005 5.30489
230000 35000 150004 4.30752
225000 40000 150002 2.09997
230000 40000 150004 3.50382
230000 30000 150001 0.759742
235000 30000 150000 0.0931811
230000 35000 150004 4.30752
235000 35000 150002 1.94769
235000 30000 150000 0.0931811
240000 30000 149999 -1.44284
235000 35000 150002 1.94769
240000 35000 149997 -2.63682
230000 35000 150004 4.30752
235000 35000 150002 1.94769
230000 40000 150004 3.50382
235000 40000 150000 -0.103584
235000 35000 150002 1.94769
240000 35000 149997 -2.63682
235000 40000 150000 -0.103584
240000 40000 149999 -1.49751
160000 40000 150012 12.109
165000 40000 150014 13.5914
160000 45000 150015 14.6793
165000 45000 150016 16.3863
165000 40000 150014 13.5914
170000 40000 150018 17.8717
165000 45000 150016 16.3863
170000 45000 150016 15.7232
160000 45000 150015 14.6793
165000 45000 150016 16.3863
160000 50000 150010 9.57003
165000 50000 150013 13.0422
165000 45000 150016 16.3863
170000 45000 150016 15.7232
165000 50000 150013 13.0422
170000 50000 150016 16.4699
170000 40000 150018 17.8717
175000 40000 150016 16.2516
170000 45000 150016 15.7232
175000 45000 150016 15.7043
175000 40000 150016 16.2516
180000 40000 150017 17.0512
175000 45000 150016 15.7043
180000 45000 150016 16.2504
170000 45000 150016 15.7232
175000 45000 150016 15.7043
170000 50000 150016 16.4699
175000 50000 150015 15.2898
175000 45000 150016 15.7043
180000 45000 150016 16.2504
175000 50000 150015 15.2898
180000 50000 150017 17.2244
180000 40000 150017 17.0512
185000 40000 150016 16.2111
180000 45000 150016 16.2504
185000 45000 150018 18.4084
185000 40000 150016 16.2111
190000 40000 150018 17.6965
185000 45000 150018 18.4084
190000 45000 150016 15.5343
180000 45000 150016 16.2504
185000 45000 150018 18.4084
180000 50000 150017 17.2244
185000 50000 150016 15.8795
185000 45000 150018 18.4084
190000 45000 150016 15.5343
185000 50000 150016 15.8795
190000 50000 150016 15.8503
190000 40000 150018 17.6965
195000 40000 150014 14.1406
190000 45000 150016 15.5343
195000 45000 150015 14.9727
195000 40000 150014 14.1406
200000 40000 150016 15.7192
195000 45000 150015 14.9727
200000 45000 150015 15.4409
190000 45000 150016 15.5343
195000 45000 150015 14.9727
190000 50000 150016 15.8503
195000 50000 150016 15.5003
195000 45000 150015 14.9727
200000 45000 150015 15.4409
195000 50000 150016 15.5003
200000 50000 150016 15.7641
200000 40000 150016 15.7192
205000 40000 150012 12.4081
200000 45000 150015 15.4409
205000 45000 150012 11.5773
205000 40000 150012 12.4081
210000 40000 150010 9.51201
205000 45000 150012 11.5773
210000 45000 150009 9.30984
200000 45000 150015 15.4409
205000 45000 150012 11.5773
200000 50000 150016 15.7641
205000 50000 150014 14.2221
205000 45000 150012 11.5773
210000 45000 150009 9.30984
205000 50000 150014 14.2221
210000 50000 150011 11.3175
210000 40000 150010 9.51201
215000 40000 150007 6.81037
210000 45000 150009 9.30984
215000 45000 150006 5.56451
215000 40000 150007 6.81037
220000 40000 150004 3.81093
215000 45000 150006 5.56451
220000 45000 150008 8.0831
210000 45000 150009 9.30984
215000 45000 150006 5.56451
210000 50000 150011 11.3175
215000 50000 150006 6.08612
215000 45000 150006 5.56451
220000 45000 150008 8.0831
215000 50000 150006 6.08612
220000 50000 150004 4.38769
220000 40000 150004 3.81093
225000 40000 150002 2.09997
220000 45000 150008 8.0831
225000 45000 150006 5.75815
225000 40000 150002 2.09997
230000 40000 150004 3.50382
225000 45000 150006 5.75815
230000 45000 150001 1.23646
220000 45000 150008 8.0831
225000 45000 150006 5.75815
220000 50000 150004 4.38769
225000 50000 150006 5.541
225000 45000 150006 5.75815
230000 45000 150001 1.23646
225000 50000 150006 5.541
230000 50000 150001 0.53421
230000 40000 150004 3.50382
235000 40000 150000 -0.103584
230000 45000 150001 1.23646
235000 45000 150000 -0.0479298
235000 40000 150000 -0.103584
240000 40000 149999 -1.49751
235000 45000 150000 -0.0479298
240000 45000 149997 -2.7179
230000 45000 150001 1.23646
235000 45000 150000 -0.0479298
230000 50000 150001 0.53421
235000 50000 150000 0.119146
235000 45000 150000 -0.0479298
240000 45000 149997 -2.7179
235000 50000 150000 0.119146
240000 50000 150000 0.142335
160000 50000 150010 9.57003
165000 50000 150013 13.0422
160000 55000 150011 11.2054
165000 55000 150015 14.9655
165000 50000 150013 13.0422
170000 50000 150016 16.4699
165000 55000 150015 14.9655
170000 55000 150014 13.7924
160000 55000 150011 11.2054
165000 55000 150015 14.9655
160000 60000 149999 -1.47405
165000 60000 150014 14.4213
165000 55000 150015 14.9655
170000 55000 150014 13.7924
165000 60000 150014 14.4213
170000 60000 150015 14.7147
170000 50000 150016 16.4699
175000 50000 150015 15.2898
170000 55000 150014 13.7924
175000 55000 150015 14.9684
175000 50000 150015 15.2898
180000 50000 150017 17.2244
175000 55000 150015 14.9684
180000 55000 150016 16.453
170000 55000 150014 13.7924
175000 55000 150015 14.9684
170000 60000 150015 14.7147
175000 60000 150019 19.3431
175000 55000 150015 14.9684
180000 55000 150016 16.453
175000 60000 150019 19.3431
180000 60000 150017 17.2987
180000 50000 150017 17.2244
185000 50000 150016 15.8795
180000 55000 150016 16.453
185000 55000 150018 17.5875
185000 50000 150016 15.8795
190000 50000 150016 15.8503
185000 55000 150018 17.5875
190000 55000 150018 18.4341
180000 55000 150016 16.453
185000 55000 150018 17.5875
180000 60000 150017 17.2987
185000 60000 150016 15.5904
185000 55000 150018 17.5875
190000 55000 150018 18.4341
185000 60000 150016 15.5904
190000 60000 150015 15.3647
190000 50000 150016 15.8503
195000 50000 150016 15.5003
190000 55000 150018 18.4341
195000 55000 150016 16.3471
195000 50000 150016 15.5003
200000 50000 150016 15.7641
195000 55000 150016 16.3471
200000 55000 150013 13.3288
190000 55000 150018 18.4341
195000 55000 150016 16.3471
190000 60000 150015 15.3647
195000 60000 150015 15.1154
195000 55000 150016 16.3471
200000 55000 150013 13.3288
195000 60000 150015 15.1154
200000 60000 150014 14.186
200000 50000 150016 15.7641
205000 50000 150014 14.2221
200000 55000 150013 13.3288
205000 55000 150011 11.0523
205000 50000 150014 14.2221
210000 50000 150011 11.3175
205000 55000 150011 11.0523
210000 55000 150009 8.60175
200000 55000 150013 13.3288
205000 55000 150011 11.0523
200000 60000 150014 14.186
205000 60000 150016 15.5717
205000 55000 150011 11.0523
210000 55000 150009 8.60175
205000 60000 150016 15.5717
210000 60000 150012 12.0575
210000 50000 150011 11.3175
215000 50000 150006 6.08612
210000 55000 150009 8.60175
215000 55000 150009 8.76023
215000 50000 150006 6.08612
220000 50000 150004 4.38769
215000 55000 150009 8.76023
220000 55000 150006 5.65971
210000 55000 150009 8.60175
215000 55000 150009 8.76023
210000 60000 150012 12.0575
215000 60000 150010 10.2144
215000 55000 150009 8.76023
220000 55000 150006 5.65971
215000 60000 150010 10.2144
220000 60000 150006 5.5357
220000 50000 150004 4.38769
225000 50000 150006 5.541
220000 55000 150006 5.65971
225000 55000 150004 3.74464
225000 50000 150006 5.541
230000 50000 150001 0.53421
225000 55000 150004 3.74464
230000 55000 150003 3.38027
220000 55000 150006 5.65971
225000 55000 150004 3.74464
220000 60000 150006 5.5357
225000 60000 150004 4.33977
225000 55000 150004 3.74464
230000 55000 150003 3.38027
225000 60000 150004 4.33977
230000 60000 150002 2.35561
230000 50000 150001 0.53421
235000 50000 150000 0.119146
230000 55000 150003 3.38027
235000 55000 150001 1.43517
235000 50000 150000 0.119146
240000 50000 150000 0.142335
235000 55000 150001 1.43517
240000 55000 149999 -1.43134
230000 55000 150003 3.38027
235000 55000 150001 1.43517
230000 60000 150002 2.35561
235000 60000 150001 1.26123
235000 55000 150001 1.43517
240000 55000 149999 -1.43134
235000 60000 150001 1.26123
240000 60000 149999 -1.12822
160000 60000 149999 -1.47405
165000 60000 150014 14.4213
160000 65000 149993 -7.43688
165000 65000 150005 4.51859
165000 60000 150014 14.4213
170000 60000 150015 14.7147
165000 65000 150005 4.51859
170000 65000 150015 14.9667
160000 65000 149993 -7.43688
165000 65000 150005 4.51859
160000 70000 149980 -20.2111
165000 70000 149998 -2.16039
165000 65000 150005 4.51859
170000 65000 150015 14.9667
165000 70000 149998 -2.16039
170000 70000 150015 14.9776
170000 60000 150015 14.7147
175000 60000 150019 19.3431
170000 65000 150015 14.9667
175000 65000 150020 19.6195
175000 60000 150019 19.3431
180000 60000 150017 17.2987
175000 65000 150020 19.6195
180000 65000 150017 17.3826
170000 65000 150015 14.9667
175000 65000 150020 19.6195
170000 70000 150015 14.9776
175000 70000 150016 16.1636
175000 65000 150020 19.6195
180000 65000 150017 17.3826
175000 70000 150016 16.1636
180000 70000 150016 15.8626
180000 60000 150017 17.2987
185000 60000 150016 15.5904
180000 65000 150017 17.3826
185000 65000 150016 16.3881
185000 60000 150016 15.5904
190000 60000 150015 15.3647
185000 65000 150016 16.3881
190000 65000 150018 17.5627
180000 65000 150017 17.3826
185000 65000 150016 16.3881
180000 70000 150016 15.8626
185000 70000 150017 16.6876
185000 65000 150016 16.3881
190000 65000 150018 17.5627
185000 70000 150017 16.6876
190000 70000 150018 17.8671
190000 60000 150015 15.3647
195000 60000 150015 15.1154
190000 65000 150018 17.5627
195000 65000 150014 14.3699
195000 60000 150015 15.1154
200000 60000 150014 14.186
195000 65000 150014 14.3699
200000 65000 150017 17.1708
190000 65000 150018 17.5627
195000 65000 150014 14.3699
190000 70000 150018 17.8671
195000 70000 150019 19.1463
195000 65000 150014 14.3699
200000 65000 150017 17.1708
195000 70000 150019 19.1463
200000 70000 150015 15.3564
160000 70000 149980 -20.2111
165000 70000 149998 -2.16039
160000 75000 149966 -33.7656
165000 75000 149991 -9.16103
165000 70000 149998 -2.16039
170000 70000 150015 14.9776
165000 75000 149991 -9.16103
170000 75000 150004 3.80386
160000 75000 149966 -33.7656
165000 75000 149991 -9.16103
160000 80000 149967 -32.5896
165000 80000 149976 -23.7145
165000 75000 149991 -9.16103
170000 75000 150004 3.80386
165000 80000 149976 -23.7145
170000 80000 149998 -2.02494
170000 70000 150015 14.9776
175000 70000 150016 16.1636
170000 75000 150004 3.80386
175000 75000 150014 14.0168
175000 70000 150016 16.1636
180000 70000 150016 15.8626
175000 75000 150014 14.0168
180000 75000 150018 18.0804
170000 75000 150004 3.80386
175000 75000 150014 14.0168
170000 80000 149998 -2.02494
175000 80000 150017 16.7047
175000 75000 150014 14.0168
180000 75000 150018 18.0804
175000 80000 150017 16.7047
180000 80000 150019 18.9005
180000 70000 150016 15.8626
185000 70000 150017 16.6876
180000 75000 150018 18.0804
185000 75000 150021 20.6436
185000 70000 150017 16.6876
190000 70000 150018 17.8671
185000 75000 150021 20.6436
190000 75000 150021 20.8297
180000 75000 150018 18.0804
185000 75000 150021 20.6436
180000 80000 150019 18.9005
185000 80000 150019 18.5086
185000 75000 150021 20.6436
190000 75000 150021 20.8297
185000 80000 150019 18.5086
190000 80000 150021 20.5673
190000 70000 150018 17.8671
195000 70000 150019 19.1463
190000 75000 150021 20.8297
195000 75000 150017 17.045
195000 70000 150019 19.1463
200000 70000 150015 15.3564
195000 75000 150017 17.045
200000 75000 150015 15.1623
190000 75000 150021 20.8297
195000 75000 150017 17.045
190000 80000 150021 20.5673
195000 80000 150019 19.0918
195000 75000 150017 17.045
200000 75000 150015 15.1623
195000 80000 150019 19.0918
200000 80000 150019 18.9386
110000 80000 150015 14.9529
115000 80000 150014 13.7618
110000 85000 150012 12.1988
115000 85000 150013 13.252
115000 80000 150014 13.7618
120000 80000 150016 15.8496
115000 85000 150013 13.252
120000 85000 150017 17.0362
110000 85000 150012 12.1988
115000 85000 150013 13.252
110000 90000 150011 11.194
115000 90000 150013 12.9768
115000 85000 150013 13.252
120000 85000 150017 17.0362
115000 90000 150013 12.9768
120000 90000 150013 13.3523
120000 80000 150016 15.8496
125000 80000 150017 16.8491
120000 85000 150017 17.0362
125000 85000 150015 14.6541
125000 80000 150017 16.8491
130000 80000 150014 14.2109
125000 85000 150015 14.6541
130000 85000 150017 17.2626
120000 85000 150017 17.0362
125000 85000 150015 14.6541
120000 90000 150013 13.3523
125000 90000 150015 14.7422
125000 85000 150015 14.6541
130000 85000 150017 17.2626
125000 90000 150015 14.7422
130000 90000 150016 15.9338
130000 80000 150014 14.2109
135000 80000 150014 14.2523
130000 85000 150017 17.2626
135000 85000 150017 17.1396
135000 80000 150014 14.2523
140000 80000 150015 15.1767
135000 85000 150017 17.1396
140000 85000 150015 15.3714
130000 85000 150017 17.2626
135000 85000 150017 17.1396
130000 90000 150016 15.9338
135000 90000 150015 14.7634
135000 85000 150017 17.1396
140000 85000 150015 15.3714
135000 90000 150015 14.7634
140000 90000 150013 13.2254
140000 80000 150015 15.1767
145000 80000 150014 14.2287
140000 85000 150015 15.3714
145000 85000 150013 12.7199
145000 80000 150014 14.2287
150000 80000 150001 1.41296
145000 85000 150013 12.7199
150000 85000 150008 8.48051
140000 85000 150015 15.3714
145000 85000 150013 12.7199
140000 90000 150013 13.2254
145000 90000 150012 11.5246
145000 85000 150013 12.7199
150000 85000 150008 8.48051
145000 90000 150012 11.5246
150000 90000 150012 11.6026
150000 80000 150001 1.41296
155000 80000 149985 -14.7922
150000 85000 150008 8.48051
155000 85000 149996 -4.27777
155000 80000 149985 -14.7922
160000 80000 149967 -32.5896
155000 85000 149996 -4.27777
160000 85000 149977 -23.3685
150000 85000 150008 8.48051
155000 85000 149996 -4.27777
150000 90000 150012 11.6026
155000 90000 150002 2.15771
155000 85000 149996 -4.27777
160000 85000 149977 -23.3685
155000 90000 150002 2.15771
160000 90000 149991 -9.19627
100000 90000 150010 9.59025
105000 90000 150010 9.56854
100000 95000 150008 7.60523
105000 95000 150010 9.74134
105000 90000 150010 9.56854
110000 90000 150011 11.194
105000 95000 150010 9.74134
110000 95000 150014 14.0108
100000 95000 150008 7.60523
105000 95000 150010 9.74134
100000 100000 150009 8.81259
105000 100000 150011 10.9537
105000 95000 150010 9.74134
110000 95000 150014 14.0108
105000 100000 150011 10.9537
110000 100000 150011 10.5701
110000 90000 150011 11.194
115000 90000 150013 12.9768
110000 95000 150014 14.0108
115000 95000 150012 12.4701
115000 90000 150013 12.9768
120000 90000 150013 13.3523
115000 95000 150012 12.4701
120000 95000 150014 13.9465
110000 95000 150014 14.0108
115000 95000 150012 12.4701
110000 100000 150011 10.5701
115000 100000 150016 15.8837
115000 95000 150012 12.4701
120000 95000 150014 13.9465
115000 100000 150016 15.8837
120000 100000 150014 13.9803
120000 90000 150013 13.3523
125000 90000 150015 14.7422
120000 95000 150014 13.9465
125000 95000 150015 14.829
125000 90000 150015 14.7422
130000 90000 150016 15.9338
125000 95000 150015 14.829
130000 95000 150016 15.7698
120000 95000 150014 13.9465
125000 95000 150015 14.829
120000 100000 150014 13.9803
125000 100000 150014 14.2418
125000 95000 150015 14.829
130000 95000 150016 15.7698
125000 100000 150014 14.2418
130000 100000 150016 15.5862
130000 90000 150016 15.9338
135000 90000 150015 14.7634
130000 95000 150016 15.7698
135000 95000 150014 13.9192
135000 90000 150015 14.7634
140000 90000 150013 13.2254
135000 95000 150014 13.9192
140000 95000 150017 16.7686
130000 95000 150016 15.7698
135000 95000 150014 13.9192
130000 100000 150016 15.5862
135000 100000 150014 14.0338
135000 95000 150014 13.9192
140000 95000 150017 16.7686
135000 100000 150014 14.0338
140000 100000 150014 13.8697
140000 90000 150013 13.2254
145000 90000 150012 11.5246
140000 95000 150017 16.7686
145000 95000 150016 16.0159
145000 90000 150012 11.5246
150000 90000 150012 11.6026
145000 95000 150016 16.0159
150000 95000 150011 10.5892
140000 95000 150017 16.7686
145000 95000 150016 16.0159
140000 100000 150014 13.8697
145000 100000 150013 12.8158
145000 95000 150016 16.0159
150000 95000 150011 10.5892
145000 100000 150013 12.8158
150000 100000 150014 13.5102
150000 90000 150012 11.6026
155000 90000 150002 2.15771
150000 95000 150011 10.5892
155000 95000 150006 5.54133
155000 90000 150002 2.15771
160000 90000 149991 -9.19627
155000 95000 150006 5.54133
160000 95000 149999 -1.02923
150000 95000 150011 10.5892
155000 95000 150006 5.54133
150000 100000 150014 13.5102
155000 100000 150007 7.11614
155000 95000 150006 5.54133
160000 95000 149999 -1.02923
155000 100000 150007 7.11614
160000 100000 150000 0.357229
80000 100000 149999 -1.2492
85000 100000 150002 2.17673
80000 105000 150003 2.63886
85000 105000 150001 0.668139
85000 100000 150002 2.17673
90000 100000 150003 2.70524
85000 105000 150001 0.668139
90000 105000 150003 3.14991
80000 105000 150003 2.63886
85000 105000 150001 0.668139
80000 110000 150001 1.34344
85000 110000 149999 -0.653663
85000 105000 150001 0.668139
90000 105000 150003 3.14991
85000 110000 149999 -0.653663
90000 110000 150005 5.40282
90000 100000 150003 2.70524
95000 100000 150006 6.04621
90000 105000 150003 3.14991
95000 105000 150006 5.60844
95000 100000 150006 6.04621
100000 100000 150009 8.81259
95000 105000 150006 5.60844
100000 105000 150007 6.87733
90000 105000 150003 3.14991
95000 105000 150006 5.60844
90000 110000 150005 5.40282
95000 110000 150008 8.16516
95000 105000 150006 5.60844
100000 105000 150007 6.87733
95000 110000 150008 8.16516
100000 110000 150007 6.99594
100000 100000 150009 8.81259
105000 100000 150011 10.9537
100000 105000 150007 6.87733
105000 105000 150009 8.99303
105000 100000 150011 10.9537
110000 100000 150011 10.5701
105000 105000 150009 8.99303
110000 105000 150010 10.3816
100000 105000 150007 6.87733
105000 105000 150009 8.99303
100000 110000 150007 6.99594
105000 110000 150013 12.5937
105000 105000 150009 8.99303
110000 105000 150010 10.3816
105000 110000 150013 12.5937
110000 110000 150013 13.497
110000 100000 150011 10.5701
115000 100000 150016 15.8837
110000 105000 150010 10.3816
115000 105000 150013 13.2787
115000 100000 150016 15.8837
120000 100000 150014 13.9803
115000 105000 150013 13.2787
120000 105000 150015 14.5353
110000 105000 150010 10.3816
115000 105000 150013 13.2787
110000 110000 150013 13.497
115000 110000 150011 11.2496
115000 105000 150013 13.2787
120000 105000 150015 14.5353
115000 110000 150011 11.2496
120000 110000 150013 13.2375
120000 100000 150014 13.9803
125000 100000 150014 14.2418
120000 105000 150015 14.5353
125000 105000 150015 14.6407
125000 100000 150014 14.2418
130000 100000 150016 15.5862
125000 105000 150015 14.6407
130000 105000 150019 18.8505
120000 105000 150015 14.5353
125000 105000 150015 14.6407
120000 110000 150013 13.2375
125000 110000 150015 14.6759
125000 105000 150015 14.6407
130000 105000 150019 18.8505
125000 110000 150015 14.6759
130000 110000 150014 14.4997
130000 100000 150016 15.5862
135000 100000 150014 14.0338
130000 105000 150019 18.8505
135000 105000 150015 14.8252
135000 100000 150014 14.0338
140000 100000 150014 13.8697
135000 105000 150015 14.8252
140000 105000 150014 13.5889
130000 105000 150019 18.8505
135000 105000 150015 14.8252
130000 110000 150014 14.4997
135000 110000 150018 17.7717
135000 105000 150015 14.8252
140000 105000 150014 13.5889
135000 110000 150018 17.7717
140000 110000 150015 14.6852
140000 100000 150014 13.8697
145000 100000 150013 12.8158
140000 105000 150014 13.5889
145000 105000 150010 10.4365
145000 100000 150013 12.8158
150000 100000 150014 13.5102
145000 105000 150010 10.4365
150000 105000 150009 9.14053
140000 105000 150014 13.5889
145000 105000 150010 10.4365
140000 110000 150015 14.6852
145000 110000 150013 13.2077
145000 105000 150010 10.4365
150000 105000 150009 9.14053
145000 110000 150013 13.2077
150000 110000 150009 8.53978
150000 100000 150014 13.5102
155000 100000 150007 7.11614
150000 105000 150009 9.14053
155000 105000 150007 7.33799
155000 100000 150007 7.11614
160000 100000 150000 0.357229
155000 105000 150007 7.33799
160000 105000 150002 2.46623
150000 105000 150009 9.14053
155000 105000 150007 7.33799
150000 110000 150009 8.53978
155000 110000 150008 8.47529
155000 105000 150007 7.33799
160000 105000 150002 2.46623
155000 110000 150008 8.47529
160000 110000 150006 6.44226
80000 110000 150001 1.34344
85000 110000 149999 -0.653663
80000 115000 149998 -1.55226
85000 115000 150003 3.22937
85000 110000 149999 -0.653663
90000 110000 150005 5.40282
85000 115000 150003 3.22937
90000 115000 150003 3.16051
80000 115000 149998 -1.55226
85000 115000 150003 3.22937
80000 120000 149999 -0.909771
85000 120000 150003 2.85927
85000 115000 150003 3.22937
90000 115000 150003 3.16051
85000 120000 150003 2.85927
90000 120000 150003 3.22873
90000 110000 150005 5.40282
95000 110000 150008 8.16516
90000 115000 150003 3.16051
95000 115000 150006 5.61363
95000 110000 150008 8.16516
100000 110000 150007 6.99594
95000 115000 150006 5.61363
100000 115000 150008 8.28535
90000 115000 150003 3.16051
95000 115000 150006 5.61363
90000 120000 150003 3.22873
95000 120000 150004 4.19937
95000 115000 150006 5.61363
100000 115000 150008 8.28535
95000 120000 150004 4.19937
100000 120000 150007 6.76861
100000 110000 150007 6.99594
105000 110000 150013 12.5937
100000 115000 150008 8.28535
105000 115000 150010 10.2469
105000 110000 150013 12.5937
110000 110000 150013 13.497
105000 115000 150010 10.2469
110000 115000 150012 12.0544
100000 115000 150008 8.28535
105000 115000 150010 10.2469
100000 120000 150007 6.76861
105000 120000 150009 8.58635
105000 115000 150010 10.2469
110000 115000 150012 12.0544
105000 120000 150009 8.58635
110000 120000 150014 13.7522
110000 110000 150013 13.497
115000 110000 150011 11.2496
110000 115000 150012 12.0544
115000 115000 150014 14.454
115000 110000 150011 11.2496
120000 110000 150013 13.2375
115000 115000 150014 14.454
120000 115000 150016 16.2872
110000 115000 150012 12.0544
115000 115000 150014 14.454
110000 120000 150014 13.7522
115000 120000 150011 10.8161
115000 115000 150014 14.454
120000 115000 150016 16.2872
115000 120000 150011 10.8161
120000 120000 150017 16.6686
120000 110000 150013 13.2375
125000 110000 150015 14.6759
120000 115000 150016 16.2872
125000 115000 150015 14.7485
125000 110000 150015 14.6759
130000 110000 150014 14.4997
125000 115000 150015 14.7485
130000 115000 150015 15.2097
120000 115000 150016 16.2872
125000 115000 150015 14.7485
120000 120000 150017 16.6686
125000 120000 150016 16.3724
125000 115000 150015 14.7485
130000 115000 150015 15.2097
125000 120000 150016 16.3724
130000 120000 150015 14.6889
130000 110000 150014 14.4997
135000 110000 150018 17.7717
130000 115000 150015 15.2097
135000 115000 150017 16.5933
135000 110000 150018 17.7717
140000 110000 150015 14.6852
135000 115000 150017 16.5933
140000 115000 150013 13.008
130000 115000 150015 15.2097
135000 115000 150017 16.5933
130000 120000 150015 14.6889
135000 120000 150015 14.7437
135000 115000 150017 16.5933
140000 115000 150013 13.008
135000 120000 150015 14.7437
140000 120000 150015 14.94
140000 110000 150015 14.6852
145000 110000 150013 13.2077
140000 115000 150013 13.008
145000 115000 150010 10.0651
145000 110000 150013 13.2077
150000 110000 150009 8.53978
145000 115000 150010 10.0651
150000 115000 150008 7.96672
140000 115000 150013 13.008
145000 115000 150010 10.0651
140000 120000 150015 14.94
145000 120000 150010 10.0732
145000 115000 150010 10.0651
150000 115000 150008 7.96672
145000 120000 150010 10.0732
150000 120000 150011 10.5246
150000 110000 150009 8.53978
155000 110000 150008 8.47529
150000 115000 150008 7.96672
155000 115000 150005 5.27301
155000 110000 150008 8.47529
160000 110000 150006 6.44226
155000 115000 150005 5.27301
160000 115000 150001 0.753676
150000 115000 150008 7.96672
155000 115000 150005 5.27301
150000 120000 150011 10.5246
155000 120000 150009 8.84898
155000 115000 150005 5.27301
160000 115000 150001 0.753676
155000 120000 150009 8.84898
160000 120000 150007 6.74666
240000 0 150001 1.10788
245000 0 149995 -4.84737
240000 5000 150000 -0.254054
245000 5000 149997 -2.63226
245000 0 149995 -4.84737
250000 0 149996 -3.74696
245000 5000 149997 -2.63226
250000 5000 149995 -5.38987
240000 5000 150000 -0.254054
245000 5000 149997 -2.63226
240000 10000 149997 -3.19011
245000 10000 149996 -4.32379
245000 5000 149997 -2.63226
250000 5000 149995 -5.38987
245000 10000 149996 -4.32379
250000 10000 149996 -4.2251
250000 0 149996 -3.74696
255000 0 149994 -6.06273
250000 5000 149995 -5.38987
255000 5000 149996 -4.47573
255000 0 149994 -6.06273
260000 0 149994 -5.75696
255000 5000 149996 -4.47573
260000 5000 149993 -7.24401
250000 5000 149995 -5.38987
255000 5000 149996 -4.47573
250000 10000 149996 -4.2251
255000 10000 149994 -6.28137
255000 5000 149996 -4.47573
260000 5000 149993 -7.24401
255000 10000 149994 -6.28137
260000 10000 149995 -4.61446
260000 0 149994 -5.75696
265000 0 149990 -9.82713
260000 5000 149993 -7.24401
265000 5000 149993 -7.25322
265000 0 149990 -9.82713
270000 0 149993 -7.31246
265000 5000 149993 -7.25322
270000 5000 149992 -7.99611
260000 5000 149993 -7.24401
265000 5000 149993 -7.25322
260000 10000 149995 -4.61446
265000 10000 149992 -7.72585
265000 5000 149993 -7.25322
270000 5000 149992 -7.99611
265000 10000 149992 -7.72585
270000 10000 149991 -8.81315
270000 0 149993 -7.31246
275000 0 149989 -10.9193
270000 5000 149992 -7.99611
275000 5000 149993 -6.93438
275000 0 149989 -10.9193
280000 0 149989 -10.7699
275000 5000 149993 -6.93438
280000 5000 149990 -9.58577
270000 5000 149992 -7.99611
275000 5000 149993 -6.93438
270000 10000 149991 -8.81315
275000 10000 149991 -9.29855
275000 5000 149993 -6.93438
280000 5000 149990 -9.58577
275000 10000 149991 -9.29855
280000 10000 149991 -9.13118
280000 0 149989 -10.7699
285000 0 149990 -9.89587
280000 5000 149990 -9.58577
285000 5000 149990 -10.1344
285000 0 149990 -9.89587
290000 0 149991 -8.912
285000 5000 149990 -10.1344
290000 5000 149992 -7.63847
280000 5000 149990 -9.58577
285000 5000 149990 -10.1344
280000 10000 149991 -9.13118
285000 10000 149990 -9.72519
285000 5000 149990 -10.1344
290000 5000 149992 -7.63847
285000 10000 149990 -9.72519
290000 10000 149989 -10.5545
290000 0 149991 -8.912
295000 0 149989 -10.5575
290000 5000 149992 -7.63847
295000 5000 149989 -10.7369
295000 0 149989 -10.5575
300000 0 149989 -10.6017
295000 5000 149989 -10.7369
300000 5000 149989 -10.8798
290000 5000 149992 -7.63847
295000 5000 149989 -10.7369
290000 10000 149989 -10.5545
295000 10000 149990 -9.60809
295000 5000 149989 -10.7369
300000 5000 149989 -10.8798
295000 10000 149990 -9.60809
300000 10000 149990 -9.9945
240000 10000 149997 -3.19011
245000 10000 149996 -4.32379
240000 15000 149997 -2.97852
245000 15000 149998 -1.55307
245000 10000 149996 -4.32379
250000 10000 149996 -4.2251
245000 15000 149998 -1.55307
250000 15000 149997 -2.90188
240000 15000 149997 -2.97852
245000 15000 149998 -1.55307
240000 20000 149998 -1.64257
245000 20000 149996 -4.20435
245000 15000 149998 -1.55307
250000 15000 149997 -2.90188
245000 20000 149996 -4.20435
250000 20000 149995 -4.82295
250000 10000 149996 -4.2251
255000 10000 149994 -6.28137
250000 15000 149997 -2.90188
255000 15000 149995 -4.55379
255000 10000 149994 -6.28137
260000 10000 149995 -4.61446
255000 15000 149995 -4.55379
260000 15000 149993 -6.92814
250000 15000 149997 -2.90188
255000 15000 149995 -4.55379
250000 20000 149995 -4.82295
255000 20000 149995 -5.08217
255000 15000 149995 -4.55379
260000 15000 149993 -6.92814
255000 20000 149995 -5.08217
260000 20000 149995 -5.17284
260000 10000 149995 -4.61446
265000 10000 149992 -7.72585
260000 15000 149993 -6.92814
265000 15000 149994 -5.96642
265000 10000 149992 -7.72585
270000 10000 149991 -8.81315
265000 15000 149994 -5.96642
270000 15000 149991 -9.35261
260000 15000 149993 -6.92814
265000 15000 149994 -5.96642
260000 20000 149995 -5.17284
265000 20000 149992 -8.26008
265000 15000 149994 -5.96642
270000 15000 149991 -9.35261
265000 20000 149992 -8.26008
270000 20000 149993 -7.20618
270000 10000 149991 -8.81315
275000 10000 149991 -9.29855
270000 15000 149991 -9.35261
275000 15000 149991 -8.56446
275000 10000 149991 -9.29855
280000 10000 149991 -9.13118
275000 15000 149991 -8.56446
280000 15000 149991 -8.80232
270000 15000 149991 -9.35261
275000 15000 149991 -8.56446
270000 20000 149993 -7.20618
275000 20000 149990 -9.61752
275000 15000 149991 -8.56446
280000 15000 149991 -8.80232
275000 20000 149990 -9.61752
280000 20000 149990 -10.1975
280000 10000 149991 -9.13118
285000 10000 149990 -9.72519
280000 15000 149991 -8.80232
285000 15000 149990 -10.0157
285000 10000 149990 -9.72519
290000 10000 149989 -10.5545
285000 15000 149990 -10.0157
290000 15000 149989 -10.5695
280000 15000 149991 -8.80232
285000 15000 149990 -10.0157
280000 20000 149990 -10.1975
285000 20000 149990 -10.4315
285000 15000 149990 -10.0157
290000 15000 149989 -10.5695
285000 20000 149990 -10.4315
290000 20000 149989 -10.5338
290000 10000 149989 -10.5545
295000 10000 149990 -9.60809
290000 15000 149989 -10.5695
295000 15000 149989 -10.6873
295000 10000 149990 -9.60809
300000 10000 149990 -9.9945
295000 15000 149989 -10.6873
300000 15000 149990 -10.4719
290000 15000 149989 -10.5695
295000 15000 149989 -10.6873
290000 20000 149989 -10.5338
295000 20000 149989 -10.5993
295000 15000 149989 -10.6873
300000 15000 149990 -10.4719
295000 20000 149989 -10.5993
300000 20000 149989 -10.7571
240000 20000 149998 -1.64257
245000 20000 149996 -4.20435
240000 25000 150000 0.240887
245000 25000 149998 -2.07988
245000 20000 149996 -4.20435
250000 20000 149995 -4.82295
245000 25000 149998 -2.07988
250000 25000 149995 -4.91781
240000 25000 150000 0.240887
245000 25000 149998 -2.07988
240000 30000 149999 -1.44284
245000 30000 149996 -3.81641
245000 25000 149998 -2.07988
250000 25000 149995 -4.91781
245000 30000 149996 -3.81641
250000 30000 149997 -3.28415
250000 20000 149995 -4.82295
255000 20000 149995 -5.08217
250000 25000 149995 -4.91781
255000 25000 149996 -4.47783
255000 20000 149995 -5.08217
260000 20000 149995 -5.17284
255000 25000 149996 -4.47783
260000 25000 149992 -7.50892
250000 25000 149995 -4.91781
255000 25000 149996 -4.47783
250000 30000 149997 -3.28415
255000 30000 149995 -4.83752
255000 25000 149996 -4.47783
260000 25000 149992 -7.50892
255000 30000 149995 -4.83752
260000 30000 149993 -6.66951
260000 20000 149995 -5.17284
265000 20000 149992 -8.26008
260000 25000 149992 -7.50892
265000 25000 149992 -7.94301
265000 20000 149992 -8.26008
270000 20000 149993 -7.20618
265000 25000 149992 -7.94301
270000 25000 149990 -9.82847
260000 25000 149992 -7.50892
265000 25000 149992 -7.94301
260000 30000 149993 -6.66951
265000 30000 149994 -5.7403
265000 25000 149992 -7.94301
270000 25000 149990 -9.82847
265000 30000 149994 -5.7403
270000 30000 149993 -7.38372
270000 20000 149993 -7.20618
275000 20000 149990 -9.61752
270000 25000 149990 -9.82847
275000 25000 149992 -8.1056
275000 20000 149990 -9.61752
280000 20000 149990 -10.1975
275000 25000 149992 -8.1056
280000 25000 149992 -7.74607
270000 25000 149990 -9.82847
275000 25000 149992 -8.1056
270000 30000 149993 -7.38372
275000 30000 149992 -7.86756
275000 25000 149992 -8.1056
280000 25000 149992 -7.74607
275000 30000 149992 -7.86756
280000 30000 149992 -8.36175
280000 20000 149990 -10.1975
285000 20000 149990 -10.4315
280000 25000 149992 -7.74607
285000 25000 149990 -10.4453
285000 20000 149990 -10.4315
290000 20000 149989 -10.5338
285000 25000 149990 -10.4453
290000 25000 149990 -10.3155
280000 25000 149992 -7.74607
285000 25000 149990 -10.4453
280000 30000 149992 -8.36175
285000 30000 149990 -10.4191
285000 25000 149990 -10.4453
290000 25000 149990 -10.3155
285000 30000 149990 -10.4191
290000 30000 149990 -10.0302
290000 20000 149989 -10.5338
295000 20000 149989 -10.5993
290000 25000 149990 -10.3155
295000 25000 149990 -10.4763
295000 20000 149989 -10.5993
300000 20000 149989 -10.7571
295000 25000 149990 -10.4763
300000 25000 149989 -10.6301
290000 25000 149990 -10.3155
295000 25000 149990 -10.4763
290000 30000 149990 -10.0302
295000 30000 149989 -10.6414
295000 25000 149990 -10.4763
300000 25000 149989 -10.6301
295000 30000 149989 -10.6414
300000 30000 149989 -10.7104
240000 30000 149999 -1.44284
245000 30000 149996 -3.81641
240000 35000 149997 -2.63682
245000 35000 149997 -3.06343
245000 30000 149996 -3.81641
250000 30000 149997 -3.28415
245000 35000 149997 -3.06343
250000 35000 149997 -3.05374
240000 35000 149997 -2.63682
245000 35000 149997 -3.06343
240000 40000 149999 -1.49751
245000 40000 149996 -3.54411
245000 35000 149997 -3.06343
250000 35000 149997 -3.05374
245000 40000 149996 -3.54411
250000 40000 149997 -2.97161
250000 30000 149997 -3.28415
255000 30000 149995 -4.83752
250000 35000 149997 -3.05374
255000 35000 149996 -4.38751
255000 30000 149995 -4.83752
260000 30000 149993 -6.66951
255000 35000 149996 -4.38751
260000 35000 149993 -7.39259
250000 35000 149997 -3.05374
255000 35000 149996 -4.38751
250000 40000 149997 -2.97161
255000 40000 149996 -4.372
255000 35000 149996 -4.38751
260000 35000 149993 -7.39259
255000 40000 149996 -4.372
260000 40000 149995 -4.96069
260000 30000 149993 -6.66951
265000 30000 149994 -5.7403
260000 35000 149993 -7.39259
265000 35000 149993 -7.47423
265000 30000 149994 -5.7403
270000 30000 149993 -7.38372
265000 35000 149993 -7.47423
270000 35000 149991 -9.20655
260000 35000 149993 -7.39259
265000 35000 149993 -7.47423
260000 40000 149995 -4.96069
265000 40000 149993 -7.2367
265000 35000 149993 -7.47423
270000 35000 149991 -9.20655
265000 40000 149993 -7.2367
270000 40000 149992 -8.44598
270000 30000 149993 -7.38372
275000 30000 149992 -7.86756
270000 35000 149991 -9.20655
275000 35000 149992 -8.08773
275000 30000 149992 -7.86756
280000 30000 149992 -8.36175
275000 35000 149992 -8.08773
280000 35000 149992 -8.45397
270000 35000 149991 -9.20655
275000 35000 149992 -8.08773
270000 40000 149992 -8.44598
275000 40000 149992 -8.05063
275000 35000 149992 -8.08773
280000 35000 149992 -8.45397
275000 40000 149992 -8.05063
280000 40000 149990 -9.89907
280000 30000 149992 -8.36175
285000 30000 149990 -10.4191
280000 35000 149992 -8.45397
285000 35000 149990 -9.65586
285000 30000 149990 -10.4191
290000 30000 149990 -10.0302
285000 35000 149990 -9.65586
290000 35000 149991 -9.15594
280000 35000 149992 -8.45397
285000 35000 149990 -9.65586
280000 40000 149990 -9.89907
285000 40000 149991 -9.22016
285000 35000 149990 -9.65586
290000 35000 149991 -9.15594
285000 40000 149991 -9.22016
290000 40000 149992 -8.37185
290000 30000 149990 -10.0302
295000 30000 149989 -10.6414
290000 35000 149991 -9.15594
295000 35000 149991 -8.9453
295000 30000 149989 -10.6414
300000 30000 149989 -10.7104
295000 35000 149991 -8.9453
300000 35000 149991 -9.02818
290000 35000 149991 -9.15594
295000 35000 149991 -8.9453
290000 40000 149992 -8.37185
295000 40000 149990 -10.055
295000 35000 149991 -8.9453
300000 35000 149991 -9.02818
295000 40000 149990 -10.055
300000 40000 149989 -10.6792
240000 40000 149999 -1.49751
245000 40000 149996 -3.54411
240000 45000 149997 -2.7179
245000 45000 149998 -2.42329
245000 40000 149996 -3.54411
250000 40000 149997 -2.97161
245000 45000 149998 -2.42329
250000 45000 149995 -4.60808
240000 45000 149997 -2.7179
245000 45000 149998 -2.42329
240000 50000 150000 0.142335
245000 50000 149997 -3.49644
245000 45000 149998 -2.42329
250000 45000 149995 -4.60808
245000 50000 149997 -3.49644
250000 50000 149998 -2.03941
250000 40000 149997 -2.97161
255000 40000 149996 -4.372
250000 45000 149995 -4.60808
255000 45000 149995 -5.37643
255000 40000 149996 -4.372
260000 40000 149995 -4.96069
255000 45000 149995 -5.37643
260000 45000 149993 -6.70872
250000 45000 149995 -4.60808
255000 45000 149995 -5.37643
250000 50000 149998 -2.03941
255000 50000 149997 -2.92396
255000 45000 149995 -5.37643
260000 45000 149993 -6.70872
255000 50000 149997 -2.92396
260000 50000 149995 -4.66558
260000 40000 149995 -4.96069
265000 40000 149993 -7.2367
260000 45000 149993 -6.70872
265000 45000 149992 -8.10731
265000 40000 149993 -7.2367
270000 40000 149992 -8.44598
265000 45000 149992 -8.10731
270000 45000 149991 -8.79605
260000 45000 149993 -6.70872
265000 45000 149992 -8.10731
260000 50000 149995 -4.66558
265000 50000 149994 -6.1597
265000 45000 149992 -8.10731
270000 45000 149991 -8.79605
265000 50000 149994 -6.1597
270000 50000 149994 -6.17708
270000 40000 149992 -8.44598
275000 40000 149992 -8.05063
270000 45000 149991 -8.79605
275000 45000 149993 -7.47537
275000 40000 149992 -8.05063
280000 40000 149990 -9.89907
275000 45000 149993 -7.47537
280000 45000 149990 -9.5808
270000 45000 149991 -8.79605
275000 45000 149993 -7.47537
270000 50000 149994 -6.17708
275000 50000 149990 -10.0432
275000 45000 149993 -7.47537
280000 45000 149990 -9.5808
275000 50000 149990 -10.0432
280000 50000 149991 -9.02766
280000 40000 149990 -9.89907
285000 40000 149991 -9.22016
280000 45000 149990 -9.5808
285000 45000 149990 -10.367
285000 40000 149991 -9.22016
290000 40000 149992 -8.37185
285000 45000 149990 -10.367
290000 45000 149990 -10.3867
280000 45000 149990 -9.5808
285000 45000 149990 -10.367
280000 50000 149991 -9.02766
285000 50000 149990 -10.3326
285000 45000 149990 -10.367
290000 45000 149990 -10.3867
285000 50000 149990 -10.3326
290000 50000 149992 -7.8855
290000 40000 149992 -8.37185
295000 40000 149990 -10.055
290000 45000 149990 -10.3867
295000 45000 149989 -10.6079
295000 40000 149990 -10.055
300000 40000 149989 -10.6792
295000 45000 149989 -10.6079
300000 45000 149992 -8.02225
290000 45000 149990 -10.3867
295000 45000 149989 -10.6079
290000 50000 149992 -7.8855
295000 50000 149991 -9.08445
295000 45000 149989 -10.6079
300000 45000 149992 -8.02225
295000 50000 149991 -9.08445
300000 50000 149988 -11.6719
240000 50000 150000 0.142335
245000 50000 149997 -3.49644
240000 55000 149999 -1.43134
245000 55000 149999 -1.14153
245000 50000 149997 -3.49644
250000 50000 149998 -2.03941
245000 55000 149999 -1.14153
250000 55000 149996 -4.25259
240000 55000 149999 -1.43134
245000 55000 149999 -1.14153
240000 60000 149999 -1.12822
245000 60000 149997 -3.48961
245000 55000 149999 -1.14153
250000 55000 149996 -4.25259
245000 60000 149997 -3.48961
250000 60000 149998 -1.75656
250000 50000 149998 -2.03941
255000 50000 149997 -2.92396
250000 55000 149996 -4.25259
255000 55000 149994 -5.92799
255000 50000 149997 -2.92396
260000 50000 149995 -4.66558
255000 55000 149994 -5.92799
260000 55000 149993 -7.04057
250000 55000 149996 -4.25259
255000 55000 149994 -5.92799
250000 60000 149998 -1.75656
255000 60000 149998 -2.31219
255000 55000 149994 -5.92799
260000 55000 149993 -7.04057
255000 60000 149998 -2.31219
260000 60000 149996 -3.69272
260000 50000 149995 -4.66558
265000 50000 149994 -6.1597
260000 55000 149993 -7.04057
265000 55000 149992 -8.04448
265000 50000 149994 -6.1597
270000 50000 149994 -6.17708
265000 55000 149992 -8.04448
270000 55000 149992 -7.88675
260000 55000 149993 -7.04057
265000 55000 149992 -8.04448
260000 60000 149996 -3.69272
265000 60000 149994 -6.38236
265000 55000 149992 -8.04448
270000 55000 149992 -7.88675
265000 60000 149994 -6.38236
270000 60000 149992 -7.66266
270000 50000 149994 -6.17708
275000 50000 149990 -10.0432
270000 55000 149992 -7.88675
275000 55000 149990 -9.8074
275000 50000 149990 -10.0432
280000 50000 149991 -9.02766
275000 55000 149990 -9.8074
280000 55000 149990 -10.3573
270000 55000 149992 -7.88675
275000 55000 149990 -9.8074
270000 60000 149992 -7.66266
275000 60000 149991 -9.03497
275000 55000 149990 -9.8074
280000 55000 149990 -10.3573
275000 60000 149991 -9.03497
280000 60000 149990 -9.55339
280000 50000 149991 -9.02766
285000 50000 149990 -10.3326
280000 55000 149990 -10.3573
285000 55000 149991 -8.93745
285000 50000 149990 -10.3326
290000 50000 149992 -7.8855
285000 55000 149991 -8.93745
290000 55000 149990 -10.4555
280000 55000 149990 -10.3573
285000 55000 149991 -8.93745
280000 60000 149990 -9.55339
285000 60000 149990 -10.4389
285000 55000 149991 -8.93745
290000 55000 149990 -10.4555
285000 60000 149990 -10.4389
290000 60000 149991 -8.99823
290000 50000 149992 -7.8855
295000 50000 149991 -9.08445
290000 55000 149990 -10.4555
295000 55000 149992 -8.37977
295000 50000 149991 -9.08445
300000 50000 149988 -11.6719
295000 55000 149992 -8.37977
300000 55000 149992 -8.38655
290000 55000 149990 -10.4555
295000 55000 149992 -8.37977
290000 60000 149991 -8.99823
295000 60000 149990 -9.57797
295000 55000 149992 -8.37977
300000 55000 149992 -8.38655
295000 60000 149990 -9.57797
300000 60000 149989 -10.5673
200000 60000 150014 14.186
205000 60000 150016 15.5717
200000 65000 150017 17.1708
205000 65000 150017 16.6012
205000 60000 150016 15.5717
210000 60000 150012 12.0575
205000 65000 150017 16.6012
210000 65000 150013 12.6911
200000 65000 150017 17.1708
205000 65000 150017 16.6012
200000 70000 150015 15.3564
205000 70000 150013 12.5083
205000 65000 150017 16.6012
210000 65000 150013 12.6911
205000 70000 150013 12.5083
210000 70000 150011 10.8583
210000 60000 150012 12.0575
215000 60000 150010 10.2144
210000 65000 150013 12.6911
215000 65000 150011 11.2123
215000 60000 150010 10.2144
220000 60000 150006 5.5357
215000 65000 150011 11.2123
220000 65000 150007 6.9721
210000 65000 150013 12.6911
215000 65000 150011 11.2123
210000 70000 150011 10.8583
215000 70000 150009 9.22777
215000 65000 150011 11.2123
220000 65000 150007 6.9721
215000 70000 150009 9.22777
220000 70000 150006 5.9699
220000 60000 150006 5.5357
225000 60000 150004 4.33977
220000 65000 150007 6.9721
225000 65000 150004 4.0058
225000 60000 150004 4.33977
230000 60000 150002 2.35561
225000 65000 150004 4.0058
230000 65000 150006 6.03911
220000 65000 150007 6.9721
225000 65000 150004 4.0058
220000 70000 150006 5.9699
225000 70000 150007 7.1591
225000 65000 150004 4.0058
230000 65000 150006 6.03911
225000 70000 150007 7.1591
230000 70000 150003 3.03098
230000 60000 150002 2.35561
235000 60000 150001 1.26123
230000 65000 150006 6.03911
235000 65000 150003 2.89406
235000 60000 150001 1.26123
240000 60000 149999 -1.12822
235000 65000 150003 2.89406
240000 65000 149999 -1.02387
230000 65000 150006 6.03911
235000 65000 150003 2.89406
230000 70000 150003 3.03098
235000 70000 150003 2.65567
235000 65000 150003 2.89406
240000 65000 149999 -1.02387
235000 70000 150003 2.65567
240000 70000 150001 1.46104
240000 60000 149999 -1.12822
245000 60000 149997 -3.48961
240000 65000 149999 -1.02387
245000 65000 149998 -1.5609
245000 60000 149997 -3.48961
250000 60000 149998 -1.75656
245000 65000 149998 -1.5609
250000 65000 149998 -1.78141
240000 65000 149999 -1.02387
245000 65000 149998 -1.5609
240000 70000 150001 1.46104
245000 70000 149997 -2.67169
245000 65000 149998 -1.5609
250000 65000 149998 -1.78141
245000 70000 149997 -2.67169
250000 70000 149999 -0.703153
250000 60000 149998 -1.75656
255000 60000 149998 -2.31219
250000 65000 149998 -1.78141
255000 65000 149995 -4.83906
255000 60000 149998 -2.31219
260000 60000 149996 -3.69272
255000 65000 149995 -4.83906
260000 65000 149994 -5.87933
250000 65000 149998 -1.78141
255000 65000 149995 -4.83906
250000 70000 149999 -0.703153
255000 70000 149995 -5.15153
255000 65000 149995 -4.83906
260000 65000 149994 -5.87933
255000 70000 149995 -5.15153
260000 70000 149995 -4.78323
260000 60000 149996 -3.69272
265000 60000 149994 -6.38236
260000 65000 149994 -5.87933
265000 65000 149992 -7.50115
265000 60000 149994 -6.38236
270000 60000 149992 -7.66266
265000 65000 149992 -7.50115
270000 65000 149990 -9.61595
260000 65000 149994 -5.87933
265000 65000 149992 -7.50115
260000 70000 149995 -4.78323
265000 70000 149995 -4.82191
265000 65000 149992 -7.50115
270000 65000 149990 -9.61595
265000 70000 149995 -4.82191
270000 70000 149992 -8.47788
270000 60000 149992 -7.66266
275000 60000 149991 -9.03497
270000 65000 149990 -9.61595
275000 65000 149990 -9.90639
275000 60000 149991 -9.03497
280000 60000 149990 -9.55339
275000 65000 149990 -9.90639
280000 65000 149992 -8.36851
270000 65000 149990 -9.61595
275000 65000 149990 -9.90639
270000 70000 149992 -8.47788
275000 70000 149990 -9.61475
275000 65000 149990 -9.90639
280000 65000 149992 -8.36851
275000 70000 149990 -9.61475
280000 70000 149990 -9.82456
280000 60000 149990 -9.55339
285000 60000 149990 -10.4389
280000 65000 149992 -8.36851
285000 65000 149990 -10.3517
285000 60000 149990 -10.4389
290000 60000 149991 -8.99823
285000 65000 149990 -10.3517
290000 65000 149991 -9.46266
280000 65000 149992 -8.36851
285000 65000 149990 -10.3517
280000 70000 149990 -9.82456
285000 70000 149992 -8.22869
285000 65000 149990 -10.3517
290000 65000 149991 -9.46266
285000 70000 149992 -8.22869
290000 70000 149990 -10.4343
290000 60000 149991 -8.99823
295000 60000 149990 -9.57797
290000 65000 149991 -9.46266
295000 65000 149989 -10.5651
295000 60000 149990 -9.57797
300000 60000 149989 -10.5673
295000 65000 149989 -10.5651
300000 65000 149990 -10.0586
290000 65000 149991 -9.46266
295000 65000 149989 -10.5651
290000 70000 149990 -10.4343
295000 70000 149990 -9.59013
295000 65000 149989 -10.5651
300000 65000 149990 -10.0586
295000 70000 149990 -9.59013
300000 70000 149990 -9.9236
200000 70000 150015 15.3564
205000 70000 150013 12.5083
200000 75000 150015 15.1623
205000 75000 150016 15.9396
205000 70000 150013 12.5083
210000 70000 150011 10.8583
205000 75000 150016 15.9396
210000 75000 150014 13.9378
200000 75000 150015 15.1623
205000 75000 150016 15.9396
200000 80000 150019 18.9386
205000 80000 150014 14.4114
205000 75000 150016 15.9396
210000 75000 150014 13.9378
205000 80000 150014 14.4114
210000 80000 150014 14.0893
210000 70000 150011 10.8583
215000 70000 150009 9.22777
210000 75000 150014 13.9378
215000 75000 150011 10.787
215000 70000 150009 9.22777
220000 70000 150006 5.9699
215000 75000 150011 10.787
220000 75000 150007 6.74876
210000 75000 150014 13.9378
215000 75000 150011 10.787
210000 80000 150014 14.0893
215000 80000 150010 9.76382
215000 75000 150011 10.787
220000 75000 150007 6.74876
215000 80000 150010 9.76382
220000 80000 150007 7.37372
220000 70000 150006 5.9699
225000 70000 150007 7.1591
220000 75000 150007 6.74876
225000 75000 150005 5.11692
225000 70000 150007 7.1591
230000 70000 150003 3.03098
225000 75000 150005 5.11692
230000 75000 150005 4.94974
220000 75000 150007 6.74876
225000 75000 150005 5.11692
220000 80000 150007 7.37372
225000 80000 150006 5.66147
225000 75000 150005 5.11692
230000 75000 150005 4.94974
225000 80000 150006 5.66147
230000 80000 150002 1.97937
230000 70000 150003 3.03098
235000 70000 150003 2.65567
230000 75000 150005 4.94974
235000 75000 150000 -0.373794
235000 70000 150003 2.65567
240000 70000 150001 1.46104
235000 75000 150000 -0.373794
240000 75000 149998 -1.54807
230000 75000 150005 4.94974
235000 75000 150000 -0.373794
230000 80000 150002 1.97937
235000 80000 150001 0.953763
235000 75000 150000 -0.373794
240000 75000 149998 -1.54807
235000 80000 150001 0.953763
240000 80000 150000 0.406019
240000 70000 150001 1.46104
245000 70000 149997 -2.67169
240000 75000 149998 -1.54807
245000 75000 149997 -3.43784
245000 70000 149997 -2.67169
250000 70000 149999 -0.703153
245000 75000 149997 -3.43784
250000 75000 149995 -5.27734
240000 75000 149998 -1.54807
245000 75000 149997 -3.43784
240000 80000 150000 0.406019
245000 80000 149998 -2.04741
245000 75000 149997 -3.43784
250000 75000 149995 -5.27734
245000 80000 149998 -2.04741
250000 80000 149999 -1.19572
250000 70000 149999 -0.703153
255000 70000 149995 -5.15153
250000 75000 149995 -5.27734
255000 75000 149995 -5.39205
255000 70000 149995 -5.15153
260000 70000 149995 -4.78323
255000 75000 149995 -5.39205
260000 75000 149993 -7.19706
250000 75000 149995 -5.27734
255000 75000 149995 -5.39205
250000 80000 149999 -1.19572
255000 80000 149997 -3.03417
255000 75000 149995 -5.39205
260000 75000 149993 -7.19706
255000 80000 149997 -3.03417
260000 80000 149993 -7.35726
260000 70000 149995 -4.78323
265000 70000 149995 -4.82191
260000 75000 149993 -7.19706
265000 75000 149992 -8.10139
265000 70000 149995 -4.82191
270000 70000 149992 -8.47788
265000 75000 149992 -8.10139
270000 75000 149994 -6.06311
260000 75000 149993 -7.19706
265000 75000 149992 -8.10139
260000 80000 149993 -7.35726
265000 80000 149993 -7.28068
265000 75000 149992 -8.10139
270000 75000 149994 -6.06311
265000 80000 149993 -7.28068
270000 80000 149991 -9.30481
270000 70000 149992 -8.47788
275000 70000 149990 -9.61475
270000 75000 149994 -6.06311
275000 75000 149991 -9.36174
275000 70000 149990 -9.61475
280000 70000 149990 -9.82456
275000 75000 149991 -9.36174
280000 75000 149993 -7.35712
270000 75000 149994 -6.06311
275000 75000 149991 -9.36174
270000 80000 149991 -9.30481
275000 80000 149991 -8.76208
275000 75000 149991 -9.36174
280000 75000 149993 -7.35712
275000 80000 149991 -8.76208
280000 80000 149990 -10.2871
280000 70000 149990 -9.82456
285000 70000 149992 -8.22869
280000 75000 149993 -7.35712
285000 75000 149991 -9.48652
285000 70000 149992 -8.22869
290000 70000 149990 -10.4343
285000 75000 149991 -9.48652
290000 75000 149990 -9.52854
280000 75000 149993 -7.35712
285000 75000 149991 -9.48652
280000 80000 149990 -10.2871
285000 80000 149990 -10.4076
285000 75000 149991 -9.48652
290000 75000 149990 -9.52854
285000 80000 149990 -10.4076
290000 80000 149991 -8.75728
290000 70000 149990 -10.4343
295000 70000 149990 -9.59013
290000 75000 149990 -9.52854
295000 75000 149990 -9.68972
295000 70000 149990 -9.59013
300000 70000 149990 -9.9236
295000 75000 149990 -9.68972
300000 75000 149991 -8.68982
290000 75000 149990 -9.52854
295000 75000 149990 -9.68972
290000 80000 149991 -8.75728
295000 80000 149991 -9.05396
295000 75000 149990 -9.68972
300000 75000 149991 -8.68982
295000 80000 149991 -9.05396
300000 80000 149990 -10.0811
160000 80000 149967 -32.5896
165000 80000 149976 -23.7145
160000 85000 149977 -23.3685
165000 85000 149965 -34.7002
165000 80000 149976 -23.7145
170000 80000 149998 -2.02494
165000 85000 149965 -34.7002
170000 85000 149989 -10.5053
160000 85000 149977 -23.3685
165000 85000 149965 -34.7002
160000 90000 149991 -9.19627
165000 90000 149970 -29.8094
165000 85000 149965 -34.7002
170000 85000 149989 -10.5053
165000 90000 149970 -29.8094
170000 90000 149976 -23.6588
170000 80000 149998 -2.02494
175000 80000 150017 16.7047
170000 85000 149989 -10.5053
175000 85000 150008 8.0101
175000 80000 150017 16.7047
180000 80000 150019 18.9005
175000 85000 150008 8.0101
180000 85000 150019 19.1511
170000 85000 149989 -10.5053
175000 85000 150008 8.0101
170000 90000 149976 -23.6588
175000 90000 149997 -2.85714
175000 85000 150008 8.0101
180000 85000 150019 19.1511
175000 90000 149997 -2.85714
180000 90000 150013 12.6671
180000 80000 150019 18.9005
185000 80000 150019 18.5086
180000 85000 150019 19.1511
185000 85000 150020 20.2133
185000 80000 150019 18.5086
190000 80000 150021 20.5673
185000 85000 150020 20.2133
190000 85000 150018 17.5853
180000 85000 150019 19.1511
185000 85000 150020 20.2133
180000 90000 150013 12.6671
185000 90000 150023 22.9617
185000 85000 150020 20.2133
190000 85000 150018 17.5853
185000 90000 150023 22.9617
190000 90000 150019 19.4553
190000 80000 150021 20.5673
195000 80000 150019 19.0918
190000 85000 150018 17.5853
195000 85000 150016 15.8989
195000 80000 150019 19.0918
200000 80000 150019 18.9386
195000 85000 150016 15.8989
200000 85000 150016 16.3848
190000 85000 150018 17.5853
195000 85000 150016 15.8989
190000 90000 150019 19.4553
195000 90000 150017 16.7335
195000 85000 150016 15.8989
200000 85000 150016 16.3848
195000 90000 150017 16.7335
200000 90000 150017 16.8762
200000 80000 150019 18.9386
205000 80000 150014 14.4114
200000 85000 150016 16.3848
205000 85000 150014 14.143
205000 80000 150014 14.4114
210000 80000 150014 14.0893
205000 85000 150014 14.143
210000 85000 150016 15.6595
200000 85000 150016 16.3848
205000 85000 150014 14.143
200000 90000 150017 16.8762
205000 90000 150015 15.3469
205000 85000 150014 14.143
210000 85000 150016 15.6595
205000 90000 150015 15.3469
210000 90000 150012 11.6278
210000 80000 150014 14.0893
215000 80000 150010 9.76382
210000 85000 150016 15.6595
215000 85000 150013 12.9153
215000 80000 150010 9.76382
220000 80000 150007 7.37372
215000 85000 150013 12.9153
220000 85000 150007 7.26405
210000 85000 150016 15.6595
215000 85000 150013 12.9153
210000 90000 150012 11.6278
215000 90000 150009 9.19243
215000 85000 150013 12.9153
220000 85000 150007 7.26405
215000 90000 150009 9.19243
220000 90000 150007 6.58844
220000 80000 150007 7.37372
225000 80000 150006 5.66147
220000 85000 150007 7.26405
225000 85000 150006 5.53544
225000 80000 150006 5.66147
230000 80000 150002 1.97937
225000 85000 150006 5.53544
230000 85000 150006 5.77944
220000 85000 150007 7.26405
225000 85000 150006 5.53544
220000 90000 150007 6.58844
225000 90000 150008 8.31453
225000 85000 150006 5.53544
230000 85000 150006 5.77944
225000 90000 150008 8.31453
230000 90000 150004 4.44063
230000 80000 150002 1.97937
235000 80000 150001 0.953763
230000 85000 150006 5.77944
235000 85000 150003 3.12047
235000 80000 150001 0.953763
240000 80000 150000 0.406019
235000 85000 150003 3.12047
240000 85000 150000 0.0156391
230000 85000 150006 5.77944
235000 85000 150003 3.12047
230000 90000 150004 4.44063
235000 90000 150002 1.58587
235000 85000 150003 3.12047
240000 85000 150000 0.0156391
235000 90000 150002 1.58587
240000 90000 149999 -0.750493
240000 80000 150000 0.406019
245000 80000 149998 -2.04741
240000 85000 150000 0.0156391
245000 85000 149997 -2.70617
245000 80000 149998 -2.04741
250000 80000 149999 -1.19572
245000 85000 149997 -2.70617
250000 85000 149999 -1.43298
240000 85000 150000 0.0156391
245000 85000 149997 -2.70617
240000 90000 149999 -0.750493
245000 90000 149998 -1.88603
245000 85000 149997 -2.70617
250000 85000 149999 -1.43298
245000 90000 149998 -1.88603
250000 90000 149995 -4.77614
250000 80000 149999 -1.19572
255000 80000 149997 -3.03417
250000 85000 149999 -1.43298
255000 85000 149995 -5.44402
255000 80000 149997 -3.03417
260000 80000 149993 -7.35726
255000 85000 149995 -5.44402
260000 85000 149993 -7.24425
250000 85000 149999 -1.43298
255000 85000 149995 -5.44402
250000 90000 149995 -4.77614
255000 90000 149996 -4.19316
255000 85000 149995 -5.44402
260000 85000 149993 -7.24425
255000 90000 149996 -4.19316
260000 90000 149996 -4.16236
260000 80000 149993 -7.35726
265000 80000 149993 -7.28068
260000 85000 149993 -7.24425
265000 85000 149991 -8.61786
265000 80000 149993 -7.28068
270000 80000 149991 -9.30481
265000 85000 149991 -8.61786
270000 85000 149994 -6.49254
260000 85000 149993 -7.24425
265000 85000 149991 -8.61786
260000 90000 149996 -4.16236
265000 90000 149993 -6.56225
265000 85000 149991 -8.61786
270000 85000 149994 -6.49254
265000 90000 149993 -6.56225
270000 90000 149991 -8.71773
270000 80000 149991 -9.30481
275000 80000 149991 -8.76208
270000 85000 149994 -6.49254
275000 85000 149990 -9.92137
275000 80000 149991 -8.76208
280000 80000 149990 -10.2871
275000 85000 149990 -9.92137
280000 85000 149992 -8.41025
270000 85000 149994 -6.49254
275000 85000 149990 -9.92137
270000 90000 149991 -8.71773
275000 90000 149992 -8.22767
275000 85000 149990 -9.92137
280000 85000 149992 -8.41025
275000 90000 149992 -8.22767
280000 90000 149991 -8.59132
280000 80000 149990 -10.2871
285000 80000 149990 -10.4076
280000 85000 149992 -8.41025
285000 85000 149989 -10.5392
285000 80000 149990 -10.4076
290000 80000 149991 -8.75728
285000 85000 149989 -10.5392
290000 85000 149989 -10.5388
280000 85000 149992 -8.41025
285000 85000 149989 -10.5392
280000 90000 149991 -8.59132
285000 90000 149990 -9.69576
285000 85000 149989 -10.5392
290000 85000 149989 -10.5388
285000 90000 149990 -9.69576
290000 90000 149989 -10.5653
290000 80000 149991 -8.75728
295000 80000 149991 -9.05396
290000 85000 149989 -10.5388
295000 85000 149989 -10.6119
295000 80000 149991 -9.05396
300000 80000 149990 -10.0811
295000 85000 149989 -10.6119
300000 85000 149989 -10.6261
290000 85000 149989 -10.5388
295000 85000 149989 -10.6119
290000 90000 149989 -10.5653
295000 90000 149989 -10.6608
295000 85000 149989 -10.6119
300000 85000 149989 -10.6261
295000 90000 149989 -10.6608
300000 90000 149989 -10.7061
160000 90000 149991 -9.19627
165000 90000 149970 -29.8094
160000 95000 149999 -1.02923
165000 95000 149980 -20.4849
165000 90000 149970 -29.8094
170000 90000 149976 -23.6588
165000 95000 149980 -20.4849
170000 95000 149973 -26.7476
160000 95000 149999 -1.02923
165000 95000 149980 -20.4849
160000 100000 150000 0.357229
165000 100000 149990 -9.9978
165000 95000 149980 -20.4849
170000 95000 149973 -26.7476
165000 100000 149990 -9.9978
170000 100000 149980 -20.2469
170000 90000 149976 -23.6588
175000 90000 149997 -2.85714
170000 95000 149973 -26.7476
175000 95000 149992 -8.43345
175000 90000 149997 -2.85714
180000 90000 150013 12.6671
175000 95000 149992 -8.43345
180000 95000 150006 5.94619
170000 95000 149973 -26.7476
175000 95000 149992 -8.43345
170000 100000 149980 -20.2469
175000 100000 149985 -14.5767
175000 95000 149992 -8.43345
180000 95000 150006 5.94619
175000 100000 149985 -14.5767
180000 100000 149999 -0.826814
180000 90000 150013 12.6671
185000 90000 150023 22.9617
180000 95000 150006 5.94619
185000 95000 150020 20.2471
185000 90000 150023 22.9617
190000 90000 150019 19.4553
185000 95000 150020 20.2471
190000 95000 150019 18.5893
180000 95000 150006 5.94619
185000 95000 150020 20.2471
180000 100000 149999 -0.826814
185000 100000 150017 17.3523
185000 95000 150020 20.2471
190000 95000 150019 18.5893
185000 100000 150017 17.3523
190000 100000 150020 20.0237
190000 90000 150019 19.4553
195000 90000 150017 16.7335
190000 95000 150019 18.5893
195000 95000 150020 19.5455
195000 90000 150017 16.7335
200000 90000 150017 16.8762
195000 95000 150020 19.5455
200000 95000 150017 16.6407
190000 95000 150019 18.5893
195000 95000 150020 19.5455
190000 100000 150020 20.0237
195000 100000 150019 18.9001
195000 95000 150020 19.5455
200000 95000 150017 16.6407
195000 100000 150019 18.9001
200000 100000 150017 16.8866
200000 90000 150017 16.8762
205000 90000 150015 15.3469
200000 95000 150017 16.6407
205000 95000 150015 14.9063
205000 90000 150015 15.3469
210000 90000 150012 11.6278
205000 95000 150015 14.9063
210000 95000 150016 15.8646
200000 95000 150017 16.6407
205000 95000 150015 14.9063
200000 100000 150017 16.8866
205000 100000 150015 14.5004
205000 95000 150015 14.9063
210000 95000 150016 15.8646
205000 100000 150015 14.5004
210000 100000 150012 12.3624
210000 90000 150012 11.6278
215000 90000 150009 9.19243
210000 95000 150016 15.8646
215000 95000 150010 10.2538
215000 90000 150009 9.19243
220000 90000 150007 6.58844
215000 95000 150010 10.2538
220000 95000 150007 6.91981
210000 95000 150016 15.8646
215000 95000 150010 10.2538
210000 100000 150012 12.3624
215000 100000 150013 12.5816
215000 95000 150010 10.2538
220000 95000 150007 6.91981
215000 100000 150013 12.5816
220000 100000 150008 7.95814
220000 90000 150007 6.58844
225000 90000 150008 8.31453
220000 95000 150007 6.91981
225000 95000 150007 7.20061
225000 90000 150008 8.31453
230000 90000 150004 4.44063
225000 95000 150007 7.20061
230000 95000 150003 2.92601
220000 95000 150007 6.91981
225000 95000 150007 7.20061
220000 100000 150008 7.95814
225000 100000 150006 6.15694
225000 95000 150007 7.20061
230000 95000 150003 2.92601
225000 100000 150006 6.15694
230000 100000 150004 3.99234
230000 90000 150004 4.44063
235000 90000 150002 1.58587
230000 95000 150003 2.92601
235000 95000 150001 0.899827
235000 90000 150002 1.58587
240000 90000 149999 -0.750493
235000 95000 150001 0.899827
240000 95000 150002 1.58969
230000 95000 150003 2.92601
235000 95000 150001 0.899827
230000 100000 150004 3.99234
235000 100000 150003 3.1783
235000 95000 150001 0.899827
240000 95000 150002 1.58969
235000 100000 150003 3.1783
240000 100000 149998 -1.83124
240000 90000 149999 -0.750493
245000 90000 149998 -1.88603
240000 95000 150002 1.58969
245000 95000 149999 -1.20212
245000 90000 149998 -1.88603
250000 90000 149995 -4.77614
245000 95000 149999 -1.20212
250000 95000 149995 -4.9463
240000 95000 150002 1.58969
245000 95000 149999 -1.20212
240000 100000 149998 -1.83124
245000 100000 149997 -3.25522
245000 95000 149999 -1.20212
250000 95000 149995 -4.9463
245000 100000 149997 -3.25522
250000 100000 149997 -2.78143
250000 90000 149995 -4.77614
255000 90000 149996 -4.19316
250000 95000 149995 -4.9463
255000 95000 149993 -6.68929
255000 90000 149996 -4.19316
260000 90000 149996 -4.16236
255000 95000 149993 -6.68929
260000 95000 149993 -6.68035
250000 95000 149995 -4.9463
255000 95000 149993 -6.68929
250000 100000 149997 -2.78143
255000 100000 149995 -5.21594
255000 95000 149993 -6.68929
260000 95000 149993 -6.68035
255000 100000 149995 -5.21594
260000 100000 149993 -6.82531
260000 90000 149996 -4.16236
265000 90000 149993 -6.56225
260000 95000 149993 -6.68035
265000 95000 149993 -7.23022
265000 90000 149993 -6.56225
270000 90000 149991 -8.71773
265000 95000 149993 -7.23022
270000 95000 149991 -8.68386
260000 95000 149993 -6.68035
265000 95000 149993 -7.23022
260000 100000 149993 -6.82531
265000 100000 149994 -5.60305
265000 95000 149993 -7.23022
270000 95000 149991 -8.68386
265000 100000 149994 -5.60305
270000 100000 149993 -6.9112
270000 90000 149991 -8.71773
275000 90000 149992 -8.22767
270000 95000 149991 -8.68386
275000 95000 149992 -7.61651
275000 90000 149992 -8.22767
280000 90000 149991 -8.59132
275000 95000 149992 -7.61651
280000 95000 149990 -10.2278
270000 95000 149991 -8.68386
275000 95000 149992 -7.61651
270000 100000 149993 -6.9112
275000 100000 149991 -8.9064
275000 95000 149992 -7.61651
280000 95000 149990 -10.2278
275000 100000 149991 -8.9064
280000 100000 149990 -10.2602
280000 90000 149991 -8.59132
285000 90000 149990 -9.69576
280000 95000 149990 -10.2278
285000 95000 149990 -10.3524
285000 90000 149990 -9.69576
290000 90000 149989 -10.5653
285000 95000 149990 -10.3524
290000 95000 149991 -9.45747
280000 95000 149990 -10.2278
285000 95000 149990 -10.3524
280000 100000 149990 -10.2602
285000 100000 149992 -8.2016
285000 95000 149990 -10.3524
290000 95000 149991 -9.45747
285000 100000 149992 -8.2016
290000 100000 149991 -9.02934
290000 90000 149989 -10.5653
295000 90000 149989 -10.6608
290000 95000 149991 -9.45747
295000 95000 149991 -9.35312
295000 90000 149989 -10.6608
300000 90000 149989 -10.7061
295000 95000 149991 -9.35312
300000 95000 149989 -10.7305
290000 95000 149991 -9.45747
295000 95000 149991 -9.35312
290000 100000 149991 -9.02934
295000 100000 149991 -9.33225
295000 95000 149991 -9.35312
300000 95000 149989 -10.7305
295000 100000 149991 -9.33225
300000 100000 149989 -10.7093
160000 100000 150000 0.357229
165000 100000 149990 -9.9978
160000 105000 150002 2.46623
165000 105000 149995 -4.97318
165000 100000 149990 -9.9978
170000 100000 149980 -20.2469
165000 105000 149995 -4.97318
170000 105000 149987 -13.4519
160000 105000 150002 2.46623
165000 105000 149995 -4.97318
160000 110000 150006 6.44226
165000 110000 149997 -3.04078
165000 105000 149995 -4.97318
170000 105000 149987 -13.4519
165000 110000 149997 -3.04078
170000 110000 149994 -6.11283
170000 100000 149980 -20.2469
175000 100000 149985 -14.5767
170000 105000 149987 -13.4519
175000 105000 149991 -8.67176
175000 100000 149985 -14.5767
180000 100000 149999 -0.826814
175000 105000 149991 -8.67176
180000 105000 149999 -1.44851
170000 105000 149987 -13.4519
175000 105000 149991 -8.67176
170000 110000 149994 -6.11283
175000 110000 149997 -3.00284
175000 105000 149991 -8.67176
180000 105000 149999 -1.44851
175000 110000 149997 -3.00284
180000 110000 150001 0.67981
180000 100000 149999 -0.826814
185000 100000 150017 17.3523
180000 105000 149999 -1.44851
185000 105000 150013 12.55
185000 100000 150017 17.3523
190000 100000 150020 20.0237
185000 105000 150013 12.55
190000 105000 150017 16.8237
180000 105000 149999 -1.44851
185000 105000 150013 12.55
180000 110000 150001 0.67981
185000 110000 150007 7.49347
185000 105000 150013 12.55
190000 105000 150017 16.8237
185000 110000 150007 7.49347
190000 110000 150013 12.5999
190000 100000 150020 20.0237
195000 100000 150019 18.9001
190000 105000 150017 16.8237
195000 105000 150018 18.3434
195000 100000 150019 18.9001
200000 100000 150017 16.8866
195000 105000 150018 18.3434
200000 105000 150016 16.0255
190000 105000 150017 16.8237
195000 105000 150018 18.3434
190000 110000 150013 12.5999
195000 110000 150013 13.4405
195000 105000 150018 18.3434
200000 105000 150016 16.0255
195000 110000 150013 13.4405
200000 110000 150013 12.9288
200000 100000 150017 16.8866
205000 100000 150015 14.5004
200000 105000 150016 16.0255
205000 105000 150012 12.1408
205000 100000 150015 14.5004
210000 100000 150012 12.3624
205000 105000 150012 12.1408
210000 105000 150011 11.1233
200000 105000 150016 16.0255
205000 105000 150012 12.1408
200000 110000 150013 12.9288
205000 110000 150012 12.3724
205000 105000 150012 12.1408
210000 105000 150011 11.1233
205000 110000 150012 12.3724
210000 110000 150011 10.7323
210000 100000 150012 12.3624
215000 100000 150013 12.5816
210000 105000 150011 11.1233
215000 105000 150011 10.6387
215000 100000 150013 12.5816
220000 100000 150008 7.95814
215000 105000 150011 10.6387
220000 105000 150009 9.46059
210000 105000 150011 11.1233
215000 105000 150011 10.6387
210000 110000 150011 10.7323
215000 110000 150009 9.2947
215000 105000 150011 10.6387
220000 105000 150009 9.46059
215000 110000 150009 9.2947
220000 110000 150009 8.79018
220000 100000 150008 7.95814
225000 100000 150006 6.15694
220000 105000 150009 9.46059
225000 105000 150009 8.96596
225000 100000 150006 6.15694
230000 100000 150004 3.99234
225000 105000 150009 8.96596
230000 105000 150004 4.35198
220000 105000 150009 9.46059
225000 105000 150009 8.96596
220000 110000 150009 8.79018
225000 110000 150005 5.38338
225000 105000 150009 8.96596
230000 105000 150004 4.35198
225000 110000 150005 5.38338
230000 110000 150003 3.42685
230000 100000 150004 3.99234
235000 100000 150003 3.1783
230000 105000 150004 4.35198
235000 105000 150000 0.470588
235000 100000 150003 3.1783
240000 100000 149998 -1.83124
235000 105000 150000 0.470588
240000 105000 150000 -0.099344
230000 105000 150004 4.35198
235000 105000 150000 0.470588
230000 110000 150003 3.42685
235000 110000 150003 3.11903
235000 105000 150000 0.470588
240000 105000 150000 -0.099344
235000 110000 150003 3.11903
240000 110000 149998 -1.95617
240000 100000 149998 -1.83124
245000 100000 149997 -3.25522
240000 105000 150000 -0.099344
245000 105000 149999 -0.760927
245000 100000 149997 -3.25522
250000 100000 149997 -2.78143
245000 105000 149999 -0.760927
250000 105000 149997 -2.65663
240000 105000 150000 -0.099344
245000 105000 149999 -0.760927
240000 110000 149998 -1.95617
245000 110000 149998 -1.67245
245000 105000 149999 -0.760927
250000 105000 149997 -2.65663
245000 110000 149998 -1.67245
250000 110000 149996 -3.6356
250000 100000 149997 -2.78143
255000 100000 149995 -5.21594
250000 105000 149997 -2.65663
255000 105000 149996 -3.61241
255000 100000 149995 -5.21594
260000 100000 149993 -6.82531
255000 105000 149996 -3.61241
260000 105000 149996 -4.17097
250000 105000 149997 -2.65663
255000 105000 149996 -3.61241
250000 110000 149996 -3.6356
255000 110000 149995 -4.6516
255000 105000 149996 -3.61241
260000 105000 149996 -4.17097
255000 110000 149995 -4.6516
260000 110000 149995 -4.97554
260000 100000 149993 -6.82531
265000 100000 149994 -5.60305
260000 105000 149996 -4.17097
265000 105000 149994 -5.83571
265000 100000 149994 -5.60305
270000 100000 149993 -6.9112
265000 105000 149994 -5.83571
270000 105000 149991 -9.26838
260000 105000 149996 -4.17097
265000 105000 149994 -5.83571
260000 110000 149995 -4.97554
265000 110000 149994 -5.51689
265000 105000 149994 -5.83571
270000 105000 149991 -9.26838
265000 110000 149994 -5.51689
270000 110000 149991 -9.0264
270000 100000 149993 -6.9112
275000 100000 149991 -8.9064
270000 105000 149991 -9.26838
275000 105000 149992 -7.84428
275000 100000 149991 -8.9064
280000 100000 149990 -10.2602
275000 105000 149992 -7.84428
280000 105000 149990 -10.2989
270000 105000 149991 -9.26838
275000 105000 149992 -7.84428
270000 110000 149991 -9.0264
275000 110000 149991 -9.13578
275000 105000 149992 -7.84428
280000 105000 149990 -10.2989
275000 110000 149991 -9.13578
280000 110000 149991 -8.64436
280000 100000 149990 -10.2602
285000 100000 149992 -8.2016
280000 105000 149990 -10.2989
285000 105000 149990 -9.97382
285000 100000 149992 -8.2016
290000 100000 149991 -9.02934
285000 105000 149990 -9.97382
290000 105000 149991 -8.82644
280000 105000 149990 -10.2989
285000 105000 149990 -9.97382
280000 110000 149991 -8.64436
285000 110000 149991 -8.89923
285000 105000 149990 -9.97382
290000 105000 149991 -8.82644
285000 110000 149991 -8.89923
290000 110000 149991 -9.10352
290000 100000 149991 -9.02934
295000 100000 149991 -9.33225
290000 105000 149991 -8.82644
295000 105000 149991 -8.56264
295000 100000 149991 -9.33225
300000 100000 149989 -10.7093
295000 105000 149991 -8.56264
300000 105000 149989 -10.6888
290000 105000 149991 -8.82644
295000 105000 149991 -8.56264
290000 110000 149991 -9.10352
295000 110000 149990 -9.77867
295000 105000 149991 -8.56264
300000 105000 149989 -10.6888
295000 110000 149990 -9.77867
300000 110000 149991 -9.39367
160000 110000 150006 6.44226
165000 110000 149997 -3.04078
160000 115000 150001 0.753676
165000 115000 149998 -2.13538
165000 110000 149997 -3.04078
170000 110000 149994 -6.11283
165000 115000 149998 -2.13538
170000 115000 149996 -3.84463
160000 115000 150001 0.753676
165000 115000 149998 -2.13538
160000 120000 150007 6.74666
165000 120000 150003 3.32233
165000 115000 149998 -2.13538
170000 115000 149996 -3.84463
165000 120000 150003 3.32233
170000 120000 149998 -1.7348
170000 110000 149994 -6.11283
175000 110000 149997 -3.00284
170000 115000 149996 -3.84463
175000 115000 149998 -2.19226
175000 110000 149997 -3.00284
180000 110000 150001 0.67981
175000 115000 149998 -2.19226
180000 115000 150000 -0.0587938
170000 115000 149996 -3.84463
175000 115000 149998 -2.19226
170000 120000 149998 -1.7348
175000 120000 150000 0.414512
175000 115000 149998 -2.19226
180000 115000 150000 -0.0587938
175000 120000 150000 0.414512
180000 120000 150000 0.273418
180000 110000 150001 0.67981
185000 110000 150007 7.49347
180000 115000 150000 -0.0587938
185000 115000 150005 4.72101
185000 110000 150007 7.49347
190000 110000 150013 12.5999
185000 115000 150005 4.72101
190000 115000 150013 13.1421
180000 115000 150000 -0.0587938
185000 115000 150005 4.72101
180000 120000 150000 0.273418
185000 120000 150004 4.45439
185000 115000 150005 4.72101
190000 115000 150013 13.1421
185000 120000 150004 4.45439
190000 120000 150011 10.8302
190000 110000 150013 12.5999
195000 110000 150013 13.4405
190000 115000 150013 13.1421
195000 115000 150011 11.1507
195000 110000 150013 13.4405
200000 110000 150013 12.9288
195000 115000 150011 11.1507
200000 115000 150012 11.5762
190000 115000 150013 13.1421
195000 115000 150011 11.1507
190000 120000 150011 10.8302
195000 120000 150012 12.3257
195000 115000 150011 11.1507
200000 115000 150012 11.5762
195000 120000 150012 12.3257
200000 120000 150012 11.8457
200000 110000 150013 12.9288
205000 110000 150012 12.3724
200000 115000 150012 11.5762
205000 115000 150014 13.627
205000 110000 150012 12.3724
210000 110000 150011 10.7323
205000 115000 150014 13.627
210000 115000 150015 15.0346
200000 115000 150012 11.5762
205000 115000 150014 13.627
200000 120000 150012 11.8457
205000 120000 150013 13.2764
205000 115000 150014 13.627
210000 115000 150015 15.0346
205000 120000 150013 13.2764
210000 120000 150013 13.2742
210000 110000 150011 10.7323
215000 110000 150009 9.2947
210000 115000 150015 15.0346
215000 115000 150010 9.6901
215000 110000 150009 9.2947
220000 110000 150009 8.79018
215000 115000 150010 9.6901
220000 115000 150010 10.22
210000 115000 150015 15.0346
215000 115000 150010 9.6901
210000 120000 150013 13.2742
215000 120000 150012 11.6425
215000 115000 150010 9.6901
220000 115000 150010 10.22
215000 120000 150012 11.6425
220000 120000 150008 8.19178
220000 110000 150009 8.79018
225000 110000 150005 5.38338
220000 115000 150010 10.22
225000 115000 150006 5.90485
225000 110000 150005 5.38338
230000 110000 150003 3.42685
225000 115000 150006 5.90485
230000 115000 150001 1.49326
220000 115000 150010 10.22
225000 115000 150006 5.90485
220000 120000 150008 8.19178
225000 120000 150008 8.29535
225000 115000 150006 5.90485
230000 115000 150001 1.49326
225000 120000 150008 8.29535
230000 120000 150002 2.37104
230000 110000 150003 3.42685
235000 110000 150003 3.11903
230000 115000 150001 1.49326
235000 115000 150000 -0.298274
235000 110000 150003 3.11903
240000 110000 149998 -1.95617
235000 115000 150000 -0.298274
240000 115000 150003 2.70309
230000 115000 150001 1.49326
235000 115000 150000 -0.298274
230000 120000 150002 2.37104
235000 120000 150003 3.15811
235000 115000 150000 -0.298274
240000 115000 150003 2.70309
235000 120000 150003 3.15811
240000 120000 150002 1.58158
240000 110000 149998 -1.95617
245000 110000 149998 -1.67245
240000 115000 150003 2.70309
245000 115000 149998 -1.87918
245000 110000 149998 -1.67245
250000 110000 149996 -3.6356
245000 115000 149998 -1.87918
250000 115000 149998 -2.19175
240000 115000 150003 2.70309
245000 115000 149998 -1.87918
240000 120000 150002 1.58158
245000 120000 149998 -1.7322
245000 115000 149998 -1.87918
250000 115000 149998 -2.19175
245000 120000 149998 -1.7322
250000 120000 149999 -0.989451
250000 110000 149996 -3.6356
255000 110000 149995 -4.6516
250000 115000 149998 -2.19175
255000 115000 149994 -5.72533
255000 110000 149995 -4.6516
260000 110000 149995 -4.97554
255000 115000 149994 -5.72533
260000 115000 149994 -6.09522
250000 115000 149998 -2.19175
255000 115000 149994 -5.72533
250000 120000 149999 -0.989451
255000 120000 149994 -5.8601
255000 115000 149994 -5.72533
260000 115000 149994 -6.09522
255000 120000 149994 -5.8601
260000 120000 149996 -3.66425
260000 110000 149995 -4.97554
265000 110000 149994 -5.51689
260000 115000 149994 -6.09522
265000 115000 149992 -7.75141
265000 110000 149994 -5.51689
270000 110000 149991 -9.0264
265000 115000 149992 -7.75141
270000 115000 149994 -6.23179
260000 115000 149994 -6.09522
265000 115000 149992 -7.75141
260000 120000 149996 -3.66425
265000 120000 149992 -8.21239
265000 115000 149992 -7.75141
270000 115000 149994 -6.23179
265000 120000 149992 -8.21239
270000 120000 149992 -8.17818
270000 110000 149991 -9.0264
275000 110000 149991 -9.13578
270000 115000 149994 -6.23179
275000 115000 149992 -8.10946
275000 110000 149991 -9.13578
280000 110000 149991 -8.64436
275000 115000 149992 -8.10946
280000 115000 149991 -8.9864
270000 115000 149994 -6.23179
275000 115000 149992 -8.10946
270000 120000 149992 -8.17818
275000 120000 149991 -9.45985
275000 115000 149992 -8.10946
280000 115000 149991 -8.9864
275000 120000 149991 -9.45985
280000 120000 149992 -7.86302
280000 110000 149991 -8.64436
285000 110000 149991 -8.89923
280000 115000 149991 -8.9864
285000 115000 149990 -10.3964
285000 110000 149991 -8.89923
290000 110000 149991 -9.10352
285000 115000 149990 -10.3964
290000 115000 149990 -10.017
280000 115000 149991 -8.9864
285000 115000 149990 -10.3964
280000 120000 149992 -7.86302
285000 120000 149990 -10.4422
285000 115000 149990 -10.3964
290000 115000 149990 -10.017
285000 120000 149990 -10.4422
290000 120000 149989 -10.6276
290000 110000 149991 -9.10352
295000 110000 149990 -9.77867
290000 115000 149990 -10.017
295000 115000 149989 -10.6339
295000 110000 149990 -9.77867
300000 110000 149991 -9.39367
295000 115000 149989 -10.6339
300000 115000 149991 -8.57576
290000 115000 149990 -10.017
295000 115000 149989 -10.6339
290000 120000 149989 -10.6276
295000 120000 149989 -10.726
295000 115000 149989 -10.6339
300000 115000 149991 -8.57576
295000 120000 149989 -10.726
300000 120000 149991 -9.2232
