# x y z topography
0 0 149995 -4.66923
5000 0 149995 -4.52417
0 5000 149995 -4.82381
5000 5000 149996 -4.17383
5000 0 149995 -4.52417
10000 0 149996 -3.97823
5000 5000 149996 -4.17383
10000 5000 149996 -4.37606
0 5000 149995 -4.82381
5000 5000 149996 -4.17383
0 10000 149996 -4.38715
5000 10000 149996 -3.77983
5000 5000 149996 -4.17383
10000 5000 149996 -4.37606
5000 10000 149996 -3.77983
10000 10000 149996 -3.96876
10000 0 149996 -3.97823
15000 0 149996 -4.34435
10000 5000 149996 -4.37606
15000 5000 149997 -3.06313
15000 0 149996 -4.34435
20000 0 149997 -3.28124
15000 5000 149997 -3.06313
20000 5000 149996 -4.34363
10000 5000 149996 -4.37606
15000 5000 149997 -3.06313
10000 10000 149996 -3.96876
15000 10000 149996 -4.14677
15000 5000 149997 -3.06313
20000 5000 149996 -4.34363
15000 10000 149996 -4.14677
20000 10000 149997 -3.0815
20000 0 149997 -3.28124
25000 0 149997 -2.81267
20000 5000 149996 -4.34363
25000 5000 149996 -4.27682
25000 0 149997 -2.81267
30000 0 149996 -3.71226
25000 5000 149996 -4.27682
30000 5000 149997 -2.89846
20000 5000 149996 -4.34363
25000 5000 149996 -4.27682
20000 10000 149997 -3.0815
25000 10000 149997 -3.30986
25000 5000 149996 -4.27682
30000 5000 149997 -2.89846
25000 10000 149997 -3.30986
30000 10000 149998 -2.45256
30000 0 149996 -3.71226
35000 0 149999 -1.23285
30000 5000 149997 -2.89846
35000 5000 149997 -3.45549
35000 0 149999 -1.23285
40000 0 149998 -1.80533
35000 5000 149997 -3.45549
40000 5000 149997 -2.83683
30000 5000 149997 -2.89846
35000 5000 149997 -3.45549
30000 10000 149998 -2.45256
35000 10000 149997 -3.3487
35000 5000 149997 -3.45549
40000 5000 149997 -2.83683
35000 10000 149997 -3.3487
40000 10000 149997 -3.22127
40000 0 149998 -1.80533
45000 0 149999 -0.87131
40000 5000 149997 -2.83683
45000 5000 149999 -1.18259
45000 0 149999 -0.87131
50000 0 150002 1.69665
45000 5000 149999 -1.18259
50000 5000 150001 0.762652
40000 5000 149997 -2.83683
45000 5000 149999 -1.18259
40000 10000 149997 -3.22127
45000 10000 149998 -2.47667
45000 5000 149999 -1.18259
50000 5000 150001 0.762652
45000 10000 149998 -2.47667
50000 10000 149998 -1.69051
50000 0 150002 1.69665
55000 0 150004 3.78724
50000 5000 150001 0.762652
55000 5000 150002 2.2778
55000 0 150004 3.78724
60000 0 150007 7.49437
55000 5000 150002 2.2778
60000 5000 150005 5.42362
50000 5000 150001 0.762652
55000 5000 150002 2.2778
50000 10000 149998 -1.69051
55000 10000 150000 -0.152941
55000 5000 150002 2.2778
60000 5000 150005 5.42362
55000 10000 150000 -0.152941
60000 10000 150002 2.45195
60000 0 150007 7.49437
65000 0 150009 8.71693
60000 5000 150005 5.42362
65000 5000 150011 10.5244
65000 0 150009 8.71693
70000 0 150013 12.7282
65000 5000 150011 10.5244
70000 5000 150013 12.6716
60000 5000 150005 5.42362
65000 5000 150011 10.5244
60000 10000 150002 2.45195
65000 10000 150005 5.14413
65000 5000 150011 10.5244
70000 5000 150013 12.6716
65000 10000 150005 5.14413
70000 10000 150009 8.55722
70000 0 150013 12.7282
75000 0 150014 14.0907
70000 5000 150013 12.6716
75000 5000 150015 15.281
75000 0 150014 14.0907
80000 0 150020 19.8687
75000 5000 150015 15.281
80000 5000 150019 18.8072
70000 5000 150013 12.6716
75000 5000 150015 15.281
70000 10000 150009 8.55722
75000 10000 150015 14.9168
75000 5000 150015 15.281
80000 5000 150019 18.8072
75000 10000 150015 14.9168
80000 10000 150018 17.5195
0 10000 149996 -4.38715
5000 10000 149996 -3.77983
0 15000 149995 -4.58997
5000 15000 149996 -4.0932
5000 10000 149996 -3.77983
10000 10000 149996 -3.96876
5000 15000 149996 -4.0932
10000 15000 149996 -4.03309
0 15000 149995 -4.58997
5000 15000 149996 -4.0932
0 20000 149996 -4.06854
5000 20000 149996 -4.05038
5000 15000 149996 -4.0932
10000 15000 149996 -4.03309
5000 20000 149996 -4.05038
10000 20000 149996 -4.40911
10000 10000 149996 -3.96876
15000 10000 149996 -4.14677
10000 15000 149996 -4.03309
15000 15000 149996 -4.24331
15000 10000 149996 -4.14677
20000 10000 149997 -3.0815
15000 15000 149996 -4.24331
20000 15000 149996 -3.57573
10000 15000 149996 -4.03309
15000 15000 149996 -4.24331
10000 20000 149996 -4.40911
15000 20000 149996 -4.28017
15000 15000 149996 -4.24331
20000 15000 149996 -3.57573
15000 20000 149996 -4.28017
20000 20000 149997 -2.75469
20000 10000 149997 -3.0815
25000 10000 149997 -3.30986
20000 15000 149996 -3.57573
25000 15000 149996 -4.05262
25000 10000 149997 -3.30986
30000 10000 149998 -2.45256
25000 15000 149996 -4.05262
30000 15000 149996 -3.5745
20000 15000 149996 -3.57573
25000 15000 149996 -4.05262
20000 20000 149997 -2.75469
25000 20000 149996 -4.25781
25000 15000 149996 -4.05262
30000 15000 149996 -3.5745
25000 20000 149996 -4.25781
30000 20000 149996 -3.51984
30000 10000 149998 -2.45256
35000 10000 149997 -3.3487
30000 15000 149996 -3.5745
35000 15000 149999 -1.16013
35000 10000 149997 -3.3487
40000 10000 149997 -3.22127
35000 15000 149999 -1.16013
40000 15000 149998 -2.30241
30000 15000 149996 -3.5745
35000 15000 149999 -1.16013
30000 20000 149996 -3.51984
35000 20000 149998 -1.82345
35000 15000 149999 -1.16013
40000 15000 149998 -2.30241
35000 20000 149998 -1.82345
40000 20000 150000 -0.486775
40000 10000 149997 -3.22127
45000 10000 149998 -2.47667
40000 15000 149998 -2.30241
45000 15000 149999 -1.01257
45000 10000 149998 -2.47667
50000 10000 149998 -1.69051
45000 15000 149999 -1.01257
50000 15000 150001 1.05361
40000 15000 149998 -2.30241
45000 15000 149999 -1.01257
40000 20000 150000 -0.486775
45000 20000 149999 -1.28861
45000 15000 149999 -1.01257
50000 15000 150001 1.05361
45000 20000 149999 -1.28861
50000 20000 149999 -0.573559
50000 10000 149998 -1.69051
55000 10000 150000 -0.152941
50000 15000 150001 1.05361
55000 15000 150003 2.70331
55000 10000 150000 -0.152941
60000 10000 150002 2.45195
55000 15000 150003 2.70331
60000 15000 150006 5.84272
50000 15000 150001 1.05361
55000 15000 150003 2.70331
50000 20000 149999 -0.573559
55000 20000 150000 0.434159
55000 15000 150003 2.70331
60000 15000 150006 5.84272
55000 20000 150000 0.434159
60000 20000 150002 2.23121
60000 10000 150002 2.45195
65000 10000 150005 5.14413
60000 15000 150006 5.84272
65000 15000 150008 7.77642
65000 10000 150005 5.14413
70000 10000 150009 8.55722
65000 15000 150008 7.77642
70000 15000 150008 8.48322
60000 15000 150006 5.84272
65000 15000 150008 7.77642
60000 20000 150002 2.23121
65000 20000 150008 8.29757
65000 15000 150008 7.77642
70000 15000 150008 8.48322
65000 20000 150008 8.29757
70000 20000 150012 11.5318
70000 10000 150009 8.55722
75000 10000 150015 14.9168
70000 15000 150008 8.48322
75000 15000 150015 15.2915
75000 10000 150015 14.9168
80000 10000 150018 17.5195
75000 15000 150015 15.2915
80000 15000 150017 16.7861
70000 15000 150008 8.48322
75000 15000 150015 15.2915
70000 20000 150012 11.5318
75000 20000 150015 15.1981
75000 15000 150015 15.2915
80000 15000 150017 16.7861
75000 20000 150015 15.1981
80000 20000 150019 18.5881
0 20000 149996 -4.06854
5000 20000 149996 -4.05038
0 25000 149995 -4.70645
5000 25000 149996 -4.30204
5000 20000 149996 -4.05038
10000 20000 149996 -4.40911
5000 25000 149996 -4.30204
10000 25000 149996 -3.88458
0 25000 149995 -4.70645
5000 25000 149996 -4.30204
0 30000 149996 -4.47906
5000 30000 149996 -4.35169
5000 25000 149996 -4.30204
10000 25000 149996 -3.88458
5000 30000 149996 -4.35169
10000 30000 149996 -4.17879
10000 20000 149996 -4.40911
15000 20000 149996 -4.28017
10000 25000 149996 -3.88458
15000 25000 149997 -3.38378
15000 20000 149996 -4.28017
20000 20000 149997 -2.75469
15000 25000 149997 -3.38378
20000 25000 149996 -4.29236
10000 25000 149996 -3.88458
15000 25000 149997 -3.38378
10000 30000 149996 -4.17879
15000 30000 149996 -4.39631
15000 25000 149997 -3.38378
20000 25000 149996 -4.29236
15000 30000 149996 -4.39631
20000 30000 149997 -3.10591
20000 20000 149997 -2.75469
25000 20000 149996 -4.25781
20000 25000 149996 -4.29236
25000 25000 149996 -4.26141
25000 20000 149996 -4.25781
30000 20000 149996 -3.51984
25000 25000 149996 -4.26141
30000 25000 149997 -3.00948
20000 25000 149996 -4.29236
25000 25000 149996 -4.26141
20000 30000 149997 -3.10591
25000 30000 149997 -2.73745
25000 25000 149996 -4.26141
30000 25000 149997 -3.00948
25000 30000 149997 -2.73745
30000 30000 149996 -3.55671
30000 20000 149996 -3.51984
35000 20000 149998 -1.82345
30000 25000 149997 -3.00948
35000 25000 149998 -1.91082
35000 20000 149998 -1.82345
40000 20000 150000 -0.486775
35000 25000 149998 -1.91082
40000 25000 150000 -0.138776
30000 25000 149997 -3.00948
35000 25000 149998 -1.91082
30000 30000 149996 -3.55671
35000 30000 149997 -2.89359
35000 25000 149998 -1.91082
40000 25000 150000 -0.138776
35000 30000 149997 -2.89359
40000 30000 150000 -0.227258
40000 20000 150000 -0.486775
45000 20000 149999 -1.28861
40000 25000 150000 -0.138776
45000 25000 150001 0.651879
45000 20000 149999 -1.28861
50000 20000 149999 -0.573559
45000 25000 150001 0.651879
50000 25000 150002 2.07108
40000 25000 150000 -0.138776
45000 25000 150001 0.651879
40000 30000 150000 -0.227258
45000 30000 150000 -0.259007
45000 25000 150001 0.651879
50000 25000 150002 2.07108
45000 30000 150000 -0.259007
50000 30000 150002 1.65885
50000 20000 149999 -0.573559
55000 20000 150000 0.434159
50000 25000 150002 2.07108
55000 25000 150003 3.10477
55000 20000 150000 0.434159
60000 20000 150002 2.23121
55000 25000 150003 3.10477
60000 25000 150005 5.41941
50000 25000 150002 2.07108
55000 25000 150003 3.10477
50000 30000 150002 1.65885
55000 30000 150003 2.74649
55000 25000 150003 3.10477
60000 25000 150005 5.41941
55000 30000 150003 2.74649
60000 30000 150004 4.09209
60000 20000 150002 2.23121
65000 20000 150008 8.29757
60000 25000 150005 5.41941
65000 25000 150008 7.90964
65000 20000 150008 8.29757
70000 20000 150012 11.5318
65000 25000 150008 7.90964
70000 25000 150008 8.32743
60000 25000 150005 5.41941
65000 25000 150008 7.90964
60000 30000 150004 4.09209
65000 30000 150006 5.88789
65000 25000 150008 7.90964
70000 25000 150008 8.32743
65000 30000 150006 5.88789
70000 30000 150009 9.32514
70000 20000 150012 11.5318
75000 20000 150015 15.1981
70000 25000 150008 8.32743
75000 25000 150014 13.9134
75000 20000 150015 15.1981
80000 20000 150019 18.5881
75000 25000 150014 13.9134
80000 25000 150019 18.5688
70000 25000 150008 8.32743
75000 25000 150014 13.9134
70000 30000 150009 9.32514
75000 30000 150013 12.6749
75000 25000 150014 13.9134
80000 25000 150019 18.5688
75000 30000 150013 12.6749
80000 30000 150016 15.5902
0 30000 149996 -4.47906
5000 30000 149996 -4.35169
0 35000 149996 -4.15251
5000 35000 149996 -4.18964
5000 30000 149996 -4.35169
10000 30000 149996 -4.17879
5000 35000 149996 -4.18964
10000 35000 149996 -4.48463
0 35000 149996 -4.15251
5000 35000 149996 -4.18964
0 40000 149996 -4.09521
5000 40000 149995 -4.81393
5000 35000 149996 -4.18964
10000 35000 149996 -4.48463
5000 40000 149995 -4.81393
10000 40000 149996 -4.20998
10000 30000 149996 -4.17879
15000 30000 149996 -4.39631
10000 35000 149996 -4.48463
15000 35000 149996 -4.39438
15000 30000 149996 -4.39631
20000 30000 149997 -3.10591
15000 35000 149996 -4.39438
20000 35000 149996 -4.09266
10000 35000 149996 -4.48463
15000 35000 149996 -4.39438
10000 40000 149996 -4.20998
15000 40000 149996 -4.32885
15000 35000 149996 -4.39438
20000 35000 149996 -4.09266
15000 40000 149996 -4.32885
20000 40000 149997 -3.103
20000 30000 149997 -3.10591
25000 30000 149997 -2.73745
20000 35000 149996 -4.09266
25000 35000 149997 -3.35359
25000 30000 149997 -2.73745
30000 30000 149996 -3.55671
25000 35000 149997 -3.35359
30000 35000 149997 -3.35196
20000 35000 149996 -4.09266
25000 35000 149997 -3.35359
20000 40000 149997 -3.103
25000 40000 149996 -4.15383
25000 35000 149997 -3.35359
30000 35000 149997 -3.35196
25000 40000 149996 -4.15383
30000 40000 149997 -3.04896
30000 30000 149996 -3.55671
35000 30000 149997 -2.89359
30000 35000 149997 -3.35196
35000 35000 149997 -3.10915
35000 30000 149997 -2.89359
40000 30000 150000 -0.227258
35000 35000 149997 -3.10915
40000 35000 149999 -1.01857
30000 35000 149997 -3.35196
35000 35000 149997 -3.10915
30000 40000 149997 -3.04896
35000 40000 149996 -3.6027
35000 35000 149997 -3.10915
40000 35000 149999 -1.01857
35000 40000 149996 -3.6027
40000 40000 149999 -1.32999
40000 30000 150000 -0.227258
45000 30000 150000 -0.259007
40000 35000 149999 -1.01857
45000 35000 150000 -0.309813
45000 30000 150000 -0.259007
50000 30000 150002 1.65885
45000 35000 150000 -0.309813
50000 35000 150000 0.0298522
40000 35000 149999 -1.01857
45000 35000 150000 -0.309813
40000 40000 149999 -1.32999
45000 40000 149999 -0.889594
45000 35000 150000 -0.309813
50000 35000 150000 0.0298522
45000 40000 149999 -0.889594
50000 40000 150000 -0.101249
50000 30000 150002 1.65885
55000 30000 150003 2.74649
50000 35000 150000 0.0298522
55000 35000 150002 2.12765
55000 30000 150003 2.74649
60000 30000 150004 4.09209
55000 35000 150002 2.12765
60000 35000 150004 3.84574
50000 35000 150000 0.0298522
55000 35000 150002 2.12765
50000 40000 150000 -0.101249
55000 40000 150001 1.08478
55000 35000 150002 2.12765
60000 35000 150004 3.84574
55000 40000 150001 1.08478
60000 40000 150003 3.25715
60000 30000 150004 4.09209
65000 30000 150006 5.88789
60000 35000 150004 3.84574
65000 35000 150007 7.07396
65000 30000 150006 5.88789
70000 30000 150009 9.32514
65000 35000 150007 7.07396
70000 35000 150008 7.84328
60000 35000 150004 3.84574
65000 35000 150007 7.07396
60000 40000 150003 3.25715
65000 40000 150006 5.86728
65000 35000 150007 7.07396
70000 35000 150008 7.84328
65000 40000 150006 5.86728
70000 40000 150008 7.64489
70000 30000 150009 9.32514
75000 30000 150013 12.6749
70000 35000 150008 7.84328
75000 35000 150012 11.8436
75000 30000 150013 12.6749
80000 30000 150016 15.5902
75000 35000 150012 11.8436
80000 35000 150017 16.7597
70000 35000 150008 7.84328
75000 35000 150012 11.8436
70000 40000 150008 7.64489
75000 40000 150013 13.0996
75000 35000 150012 11.8436
80000 35000 150017 16.7597
75000 40000 150013 13.0996
80000 40000 150013 13.0704
0 40000 149996 -4.09521
5000 40000 149995 -4.81393
0 45000 149995 -5.11309
5000 45000 149996 -4.3885
5000 40000 149995 -4.81393
10000 40000 149996 -4.20998
5000 45000 149996 -4.3885
10000 45000 149996 -3.99382
0 45000 149995 -5.11309
5000 45000 149996 -4.3885
0 50000 149995 -5.12794
5000 50000 149995 -4.62585
5000 45000 149996 -4.3885
10000 45000 149996 -3.99382
5000 50000 149995 -4.62585
10000 50000 149995 -4.90299
10000 40000 149996 -4.20998
15000 40000 149996 -4.32885
10000 45000 149996 -3.99382
15000 45000 149996 -4.09111
15000 40000 149996 -4.32885
20000 40000 149997 -3.103
15000 45000 149996 -4.09111
20000 45000 149996 -4.25274
10000 45000 149996 -3.99382
15000 45000 149996 -4.09111
10000 50000 149995 -4.90299
15000 50000 149996 -3.63491
15000 45000 149996 -4.09111
20000 45000 149996 -4.25274
15000 50000 149996 -3.63491
20000 50000 149996 -4.06041
20000 40000 149997 -3.103
25000 40000 149996 -4.15383
20000 45000 149996 -4.25274
25000 45000 149997 -3.0063
25000 40000 149996 -4.15383
30000 40000 149997 -3.04896
25000 45000 149997 -3.0063
30000 45000 149997 -3.19897
20000 45000 149996 -4.25274
25000 45000 149997 -3.0063
20000 50000 149996 -4.06041
25000 50000 149997 -3.2068
25000 45000 149997 -3.0063
30000 45000 149997 -3.19897
25000 50000 149997 -3.2068
30000 50000 149997 -2.59302
30000 40000 149997 -3.04896
35000 40000 149996 -3.6027
30000 45000 149997 -3.19897
35000 45000 149996 -3.64967
35000 40000 149996 -3.6027
40000 40000 149999 -1.32999
35000 45000 149996 -3.64967
40000 45000 149997 -3.20662
30000 45000 149997 -3.19897
35000 45000 149996 -3.64967
30000 50000 149997 -2.59302
35000 50000 149998 -1.81412
35000 45000 149996 -3.64967
40000 45000 149997 -3.20662
35000 50000 149998 -1.81412
40000 50000 149998 -1.81869
40000 40000 149999 -1.32999
45000 40000 149999 -0.889594
40000 45000 149997 -3.20662
45000 45000 150000 -0.345633
45000 40000 149999 -0.889594
50000 40000 150000 -0.101249
45000 45000 150000 -0.345633
50000 45000 150000 -0.316156
40000 45000 149997 -3.20662
45000 45000 150000 -0.345633
40000 50000 149998 -1.81869
45000 50000 150001 0.596528
45000 45000 150000 -0.345633
50000 45000 150000 -0.316156
45000 50000 150001 0.596528
50000 50000 150000 0.281304
50000 40000 150000 -0.101249
55000 40000 150001 1.08478
50000 45000 150000 -0.316156
55000 45000 150003 2.68522
55000 40000 150001 1.08478
60000 40000 150003 3.25715
55000 45000 150003 2.68522
60000 45000 150002 2.01067
50000 45000 150000 -0.316156
55000 45000 150003 2.68522
50000 50000 150000 0.281304
55000 50000 150002 1.9736
55000 45000 150003 2.68522
60000 45000 150002 2.01067
55000 50000 150002 1.9736
60000 50000 150004 4.15047
60000 40000 150003 3.25715
65000 40000 150006 5.86728
60000 45000 150002 2.01067
65000 45000 150006 6.36016
65000 40000 150006 5.86728
70000 40000 150008 7.64489
65000 45000 150006 6.36016
70000 45000 150010 9.67186
60000 45000 150002 2.01067
65000 45000 150006 6.36016
60000 50000 150004 4.15047
65000 50000 150006 6.12846
65000 45000 150006 6.36016
70000 45000 150010 9.67186
65000 50000 150006 6.12846
70000 50000 150008 8.45724
70000 40000 150008 7.64489
75000 40000 150013 13.0996
70000 45000 150010 9.67186
75000 45000 150011 10.9145
75000 40000 150013 13.0996
80000 40000 150013 13.0704
75000 45000 150011 10.9145
80000 45000 150014 14.2398
70000 45000 150010 9.67186
75000 45000 150011 10.9145
70000 50000 150008 8.45724
75000 50000 150010 10.2745
75000 45000 150011 10.9145
80000 45000 150014 14.2398
75000 50000 150010 10.2745
80000 50000 150015 14.8311
0 50000 149995 -5.12794
5000 50000 149995 -4.62585
0 55000 149995 -4.90117
5000 55000 149995 -4.6903
5000 50000 149995 -4.62585
10000 50000 149995 -4.90299
5000 55000 149995 -4.6903
10000 55000 149995 -5.014
0 55000 149995 -4.90117
5000 55000 149995 -4.6903
0 60000 149995 -4.74111
5000 60000 149997 -3.3297
5000 55000 149995 -4.6903
10000 55000 149995 -5.014
5000 60000 149997 -3.3297
10000 60000 149997 -2.98495
10000 50000 149995 -4.90299
15000 50000 149996 -3.63491
10000 55000 149995 -5.014
15000 55000 149995 -4.88884
15000 50000 149996 -3.63491
20000 50000 149996 -4.06041
15000 55000 149995 -4.88884
20000 55000 149995 -4.63126
10000 55000 149995 -5.014
15000 55000 149995 -4.88884
10000 60000 149997 -2.98495
15000 60000 149996 -4.33509
15000 55000 149995 -4.88884
20000 55000 149995 -4.63126
15000 60000 149996 -4.33509
20000 60000 149997 -3.2083
20000 50000 149996 -4.06041
25000 50000 149997 -3.2068
20000 55000 149995 -4.63126
25000 55000 149996 -3.85879
25000 50000 149997 -3.2068
30000 50000 149997 -2.59302
25000 55000 149996 -3.85879
30000 55000 149997 -2.99738
20000 55000 149995 -4.63126
25000 55000 149996 -3.85879
20000 60000 149997 -3.2083
25000 60000 149996 -3.54458
25000 55000 149996 -3.85879
30000 55000 149997 -2.99738
25000 60000 149996 -3.54458
30000 60000 149996 -3.88321
30000 50000 149997 -2.59302
35000 50000 149998 -1.81412
30000 55000 149997 -2.99738
35000 55000 149998 -1.66194
35000 50000 149998 -1.81412
40000 50000 149998 -1.81869
35000 55000 149998 -1.66194
40000 55000 149999 -0.554198
30000 55000 149997 -2.99738
35000 55000 149998 -1.66194
30000 60000 149996 -3.88321
35000 60000 149996 -3.96617
35000 55000 149998 -1.66194
40000 55000 149999 -0.554198
35000 60000 149996 -3.96617
40000 60000 149997 -2.64226
40000 50000 149998 -1.81869
45000 50000 150001 0.596528
40000 55000 149999 -0.554198
45000 55000 150000 -0.0118188
45000 50000 150001 0.596528
50000 50000 150000 0.281304
45000 55000 150000 -0.0118188
50000 55000 150000 0.306103
40000 55000 149999 -0.554198
45000 55000 150000 -0.0118188
40000 60000 149997 -2.64226
45000 60000 149999 -0.874568
45000 55000 150000 -0.0118188
50000 55000 150000 0.306103
45000 60000 149999 -0.874568
50000 60000 149999 -1.27849
50000 50000 150000 0.281304
55000 50000 150002 1.9736
50000 55000 150000 0.306103
55000 55000 150002 1.53676
55000 50000 150002 1.9736
60000 50000 150004 4.15047
55000 55000 150002 1.53676
60000 55000 150004 3.72416
50000 55000 150000 0.306103
55000 55000 150002 1.53676
50000 60000 149999 -1.27849
55000 60000 150001 0.590339
55000 55000 150002 1.53676
60000 55000 150004 3.72416
55000 60000 150001 0.590339
60000 60000 150001 1.23032
60000 50000 150004 4.15047
65000 50000 150006 6.12846
60000 55000 150004 3.72416
65000 55000 150006 5.83925
65000 50000 150006 6.12846
70000 50000 150008 8.45724
65000 55000 150006 5.83925
70000 55000 150005 4.90947
60000 55000 150004 3.72416
65000 55000 150006 5.83925
60000 60000 150001 1.23032
65000 60000 150002 2.05048
65000 55000 150006 5.83925
70000 55000 150005 4.90947
65000 60000 150002 2.05048
70000 60000 150006 5.87084
70000 50000 150008 8.45724
75000 50000 150010 10.2745
70000 55000 150005 4.90947
75000 55000 150010 10.2503
75000 50000 150010 10.2745
80000 50000 150015 14.8311
75000 55000 150010 10.2503
80000 55000 150011 10.8987
70000 55000 150005 4.90947
75000 55000 150010 10.2503
70000 60000 150006 5.87084
75000 60000 150010 9.56532
75000 55000 150010 10.2503
80000 55000 150011 10.8987
75000 60000 150010 9.56532
80000 60000 150013 13.2952
0 60000 149995 -4.74111
5000 60000 149997 -3.3297
0 65000 149996 -4.31252
5000 65000 149996 -3.99193
5000 60000 149997 -3.3297
10000 60000 149997 -2.98495
5000 65000 149996 -3.99193
10000 65000 149995 -4.50448
0 65000 149996 -4.31252
5000 65000 149996 -3.99193
0 70000 149996 -4.09038
5000 70000 149996 -3.94653
5000 65000 149996 -3.99193
10000 65000 149995 -4.50448
5000 70000 149996 -3.94653
10000 70000 149996 -4.12572
10000 60000 149997 -2.98495
15000 60000 149996 -4.33509
10000 65000 149995 -4.50448
15000 65000 149996 -4.28776
15000 60000 149996 -4.33509
20000 60000 149997 -3.2083
15000 65000 149996 -4.28776
20000 65000 149996 -4.0925
10000 65000 149995 -4.50448
15000 65000 149996 -4.28776
10000 70000 149996 -4.12572
15000 70000 149995 -4.64009
15000 65000 149996 -4.28776
20000 65000 149996 -4.0925
15000 70000 149995 -4.64009
20000 70000 149997 -3.38044
20000 60000 149997 -3.2083
25000 60000 149996 -3.54458
20000 65000 149996 -4.0925
25000 65000 149996 -4.4457
25000 60000 149996 -3.54458
30000 60000 149996 -3.88321
25000 65000 149996 -4.4457
30000 65000 149996 -3.65446
20000 65000 149996 -4.0925
25000 65000 149996 -4.4457
20000 70000 149997 -3.38044
25000 70000 149996 -4.0892
25000 65000 149996 -4.4457
30000 65000 149996 -3.65446
25000 70000 149996 -4.0892
30000 70000 149996 -3.98701
30000 60000 149996 -3.88321
35000 60000 149996 -3.96617
30000 65000 149996 -3.65446
35000 65000 149996 -3.71187
35000 60000 149996 -3.96617
40000 60000 149997 -2.64226
35000 65000 149996 -3.71187
40000 65000 149998 -2.41058
30000 65000 149996 -3.65446
35000 65000 149996 -3.71187
30000 70000 149996 -3.98701
35000 70000 149997 -3.31627
35000 65000 149996 -3.71187
40000 65000 149998 -2.41058
35000 70000 149997 -3.31627
40000 70000 149998 -2.07085
40000 60000 149997 -2.64226
45000 60000 149999 -0.874568
40000 65000 149998 -2.41058
45000 65000 149997 -2.69445
45000 60000 149999 -0.874568
50000 60000 149999 -1.27849
45000 65000 149997 -2.69445
50000 65000 149999 -0.502298
40000 65000 149998 -2.41058
45000 65000 149997 -2.69445
40000 70000 149998 -2.07085
45000 70000 149998 -1.88476
45000 65000 149997 -2.69445
50000 65000 149999 -0.502298
45000 70000 149998 -1.88476
50000 70000 150000 -0.433776
50000 60000 149999 -1.27849
55000 60000 150001 0.590339
50000 65000 149999 -0.502298
55000 65000 150001 1.46262
55000 60000 150001 0.590339
60000 60000 150001 1.23032
55000 65000 150001 1.46262
60000 65000 150002 1.68558
50000 65000 149999 -0.502298
55000 65000 150001 1.46262
50000 70000 150000 -0.433776
55000 70000 150000 -0.124172
55000 65000 150001 1.46262
60000 65000 150002 1.68558
55000 70000 150000 -0.124172
60000 70000 150003 3.43456
60000 60000 150001 1.23032
65000 60000 150002 2.05048
60000 65000 150002 1.68558
65000 65000 150004 3.70888
65000 60000 150002 2.05048
70000 60000 150006 5.87084
65000 65000 150004 3.70888
70000 65000 150004 3.99538
60000 65000 150002 1.68558
65000 65000 150004 3.70888
60000 70000 150003 3.43456
65000 70000 150005 4.5096
65000 65000 150004 3.70888
70000 65000 150004 3.99538
65000 70000 150005 4.5096
70000 70000 150006 5.72009
70000 60000 150006 5.87084
75000 60000 150010 9.56532
70000 65000 150004 3.99538
75000 65000 150009 8.90914
75000 60000 150010 9.56532
80000 60000 150013 13.2952
75000 65000 150009 8.90914
80000 65000 150012 11.996
70000 65000 150004 3.99538
75000 65000 150009 8.90914
70000 70000 150006 5.72009
75000 70000 150009 9.11103
75000 65000 150009 8.90914
80000 65000 150012 11.996
75000 70000 150009 9.11103
80000 70000 150012 12.1588
0 70000 149996 -4.09038
5000 70000 149996 -3.94653
0 75000 149995 -4.76116
5000 75000 149995 -4.71449
5000 70000 149996 -3.94653
10000 70000 149996 -4.12572
5000 75000 149995 -4.71449
10000 75000 149995 -4.73449
0 75000 149995 -4.76116
5000 75000 149995 -4.71449
0 80000 149996 -3.80058
5000 80000 149996 -4.09643
5000 75000 149995 -4.71449
10000 75000 149995 -4.73449
5000 80000 149996 -4.09643
10000 80000 149995 -4.95154
10000 70000 149996 -4.12572
15000 70000 149995 -4.64009
10000 75000 149995 -4.73449
15000 75000 149995 -4.70133
15000 70000 149995 -4.64009
20000 70000 149997 -3.38044
15000 75000 149995 -4.70133
20000 75000 149995 -4.73889
10000 75000 149995 -4.73449
15000 75000 149995 -4.70133
10000 80000 149995 -4.95154
15000 80000 149995 -4.7082
15000 75000 149995 -4.70133
20000 75000 149995 -4.73889
15000 80000 149995 -4.7082
20000 80000 149996 -4.05225
20000 70000 149997 -3.38044
25000 70000 149996 -4.0892
20000 75000 149995 -4.73889
25000 75000 149996 -4.46143
25000 70000 149996 -4.0892
30000 70000 149996 -3.98701
25000 75000 149996 -4.46143
30000 75000 149997 -3.49616
20000 75000 149995 -4.73889
25000 75000 149996 -4.46143
20000 80000 149996 -4.05225
25000 80000 149995 -4.59778
25000 75000 149996 -4.46143
30000 75000 149997 -3.49616
25000 80000 149995 -4.59778
30000 80000 149997 -3.11866
30000 70000 149996 -3.98701
35000 70000 149997 -3.31627
30000 75000 149997 -3.49616
35000 75000 149997 -2.7317
35000 70000 149997 -3.31627
40000 70000 149998 -2.07085
35000 75000 149997 -2.7317
40000 75000 149997 -2.84458
30000 75000 149997 -3.49616
35000 75000 149997 -2.7317
30000 80000 149997 -3.11866
35000 80000 149996 -3.6804
35000 75000 149997 -2.7317
40000 75000 149997 -2.84458
35000 80000 149996 -3.6804
40000 80000 149998 -1.89933
40000 70000 149998 -2.07085
45000 70000 149998 -1.88476
40000 75000 149997 -2.84458
45000 75000 149998 -2.3516
45000 70000 149998 -1.88476
50000 70000 150000 -0.433776
45000 75000 149998 -2.3516
50000 75000 149998 -1.85066
40000 75000 149997 -2.84458
45000 75000 149998 -2.3516
40000 80000 149998 -1.89933
45000 80000 149998 -1.68237
45000 75000 149998 -2.3516
50000 75000 149998 -1.85066
45000 80000 149998 -1.68237
50000 80000 149998 -1.85603
50000 70000 150000 -0.433776
55000 70000 150000 -0.124172
50000 75000 149998 -1.85066
55000 75000 150000 0.105129
55000 70000 150000 -0.124172
60000 70000 150003 3.43456
55000 75000 150000 0.105129
60000 75000 150002 1.74164
50000 75000 149998 -1.85066
55000 75000 150000 0.105129
50000 80000 149998 -1.85603
55000 80000 150001 0.555749
55000 75000 150000 0.105129
60000 75000 150002 1.74164
55000 80000 150001 0.555749
60000 80000 150001 0.687311
60000 70000 150003 3.43456
65000 70000 150005 4.5096
60000 75000 150002 1.74164
65000 75000 150003 3.08528
65000 70000 150005 4.5096
70000 70000 150006 5.72009
65000 75000 150003 3.08528
70000 75000 150007 6.50619
60000 75000 150002 1.74164
65000 75000 150003 3.08528
60000 80000 150001 0.687311
65000 80000 150000 0.419815
65000 75000 150003 3.08528
70000 75000 150007 6.50619
65000 80000 150000 0.419815
70000 80000 150003 3.20556
70000 70000 150006 5.72009
75000 70000 150009 9.11103
70000 75000 150007 6.50619
75000 75000 150007 7.4297
75000 70000 150009 9.11103
80000 70000 150012 12.1588
75000 75000 150007 7.4297
80000 75000 150010 9.60564
70000 75000 150007 6.50619
75000 75000 150007 7.4297
70000 80000 150003 3.20556
75000 80000 150006 5.61008
75000 75000 150007 7.4297
80000 75000 150010 9.60564
75000 80000 150006 5.61008
80000 80000 150012 12.1601
80000 0 150020 19.8687
85000 0 150021 21.4599
80000 5000 150019 18.8072
85000 5000 150021 21.3886
85000 0 150021 21.4599
90000 0 150022 21.9231
85000 5000 150021 21.3886
90000 5000 150023 22.9858
80000 5000 150019 18.8072
85000 5000 150021 21.3886
80000 10000 150018 17.5195
85000 10000 150021 20.6357
85000 5000 150021 21.3886
90000 5000 150023 22.9858
85000 10000 150021 20.6357
90000 10000 150022 22.4567
90000 0 150022 21.9231
95000 0 150022 21.5732
90000 5000 150023 22.9858
95000 5000 150023 22.735
95000 0 150022 21.5732
100000 0 150020 20.3967
95000 5000 150023 22.735
100000 5000 150021 21.4112
90000 5000 150023 22.9858
95000 5000 150023 22.735
90000 10000 150022 22.4567
95000 10000 150023 23.3417
95000 5000 150023 22.735
100000 5000 150021 21.4112
95000 10000 150023 23.3417
100000 10000 150022 21.6517
100000 0 150020 20.3967
105000 0 150018 18.0343
100000 5000 150021 21.4112
105000 5000 150017 16.9065
105000 0 150018 18.0343
110000 0 150011 11.0335
105000 5000 150017 16.9065
110000 5000 150009 9.08558
100000 5000 150021 21.4112
105000 5000 150017 16.9065
100000 10000 150022 21.6517
105000 10000 150020 20.0919
105000 5000 150017 16.9065
110000 5000 150009 9.08558
105000 10000 150020 20.0919
110000 10000 150015 14.9133
110000 0 150011 11.0335
115000 0 149998 -2.28154
110000 5000 150009 9.08558
115000 5000 149995 -4.88388
115000 0 149998 -2.28154
120000 0 149989 -11.0905
115000 5000 149995 -4.88388
120000 5000 149985 -14.5891
110000 5000 150009 9.08558
115000 5000 149995 -4.88388
110000 10000 150015 14.9133
115000 10000 150001 1.25282
115000 5000 149995 -4.88388
120000 5000 149985 -14.5891
115000 10000 150001 1.25282
120000 10000 149983 -16.9736
120000 0 149989 -11.0905
125000 0 149982 -18.2888
120000 5000 149985 -14.5891
125000 5000 149980 -19.5229
125000 0 149982 -18.2888
130000 0 149983 -17.4285
125000 5000 149980 -19.5229
130000 5000 149981 -19.2748
120000 5000 149985 -14.5891
125000 5000 149980 -19.5229
120000 10000 149983 -16.9736
125000 10000 149976 -24.3412
125000 5000 149980 -19.5229
130000 5000 149981 -19.2748
125000 10000 149976 -24.3412
130000 10000 149977 -23.0047
130000 0 149983 -17.4285
135000 0 149984 -16.0149
130000 5000 149981 -19.2748
135000 5000 149982 -17.69
135000 0 149984 -16.0149
140000 0 149988 -12.1403
135000 5000 149982 -17.69
140000 5000 149994 -6.01068
130000 5000 149981 -19.2748
135000 5000 149982 -17.69
130000 10000 149977 -23.0047
135000 10000 149983 -17.4193
135000 5000 149982 -17.69
140000 5000 149994 -6.01068
135000 10000 149983 -17.4193
140000 10000 149994 -6.47088
140000 0 149988 -12.1403
145000 0 150001 1.221
140000 5000 149994 -6.01068
145000 5000 149996 -4.40912
145000 0 150001 1.221
150000 0 150002 2.21537
145000 5000 149996 -4.40912
150000 5000 150004 4.07999
140000 5000 149994 -6.01068
145000 5000 149996 -4.40912
140000 10000 149994 -6.47088
145000 10000 150002 1.80873
145000 5000 149996 -4.40912
150000 5000 150004 4.07999
145000 10000 150002 1.80873
150000 10000 150007 6.90139
150000 0 150002 2.21537
155000 0 150006 6.21225
150000 5000 150004 4.07999
155000 5000 150008 8.19577
155000 0 150006 6.21225
160000 0 150012 11.5359
155000 5000 150008 8.19577
160000 5000 150013 13.3577
150000 5000 150004 4.07999
155000 5000 150008 8.19577
150000 10000 150007 6.90139
155000 10000 150009 8.5138
155000 5000 150008 8.19577
160000 5000 150013 13.3577
155000 10000 150009 8.5138
160000 10000 150014 14.2612
80000 10000 150018 17.5195
85000 10000 150021 20.6357
80000 15000 150017 16.7861
85000 15000 150021 20.7677
85000 10000 150021 20.6357
90000 10000 150022 22.4567
85000 15000 150021 20.7677
90000 15000 150021 20.6057
80000 15000 150017 16.7861
85000 15000 150021 20.7677
80000 20000 150019 18.5881
85000 20000 150023 23.0339
85000 15000 150021 20.7677
90000 15000 150021 20.6057
85000 20000 150023 23.0339
90000 20000 150023 23.1325
90000 10000 150022 22.4567
95000 10000 150023 23.3417
90000 15000 150021 20.6057
95000 15000 150024 23.6006
95000 10000 150023 23.3417
100000 10000 150022 21.6517
95000 15000 150024 23.6006
100000 15000 150024 23.8742
90000 15000 150021 20.6057
95000 15000 150024 23.6006
90000 20000 150023 23.1325
95000 20000 150023 23.4746
95000 15000 150024 23.6006
100000 15000 150024 23.8742
95000 20000 150023 23.4746
100000 20000 150022 22.4333
100000 10000 150022 21.6517
105000 10000 150020 20.0919
100000 15000 150024 23.8742
105000 15000 150025 25.1027
105000 10000 150020 20.0919
110000 10000 150015 14.9133
105000 15000 150025 25.1027
110000 15000 150021 21.223
100000 15000 150024 23.8742
105000 15000 150025 25.1027
100000 20000 150022 22.4333
105000 20000 150025 25.4382
105000 15000 150025 25.1027
110000 15000 150021 21.223
105000 20000 150025 25.4382
110000 20000 150027 27.0614
110000 10000 150015 14.9133
115000 10000 150001 1.25282
110000 15000 150021 21.223
115000 15000 150007 7.26225
115000 10000 150001 1.25282
120000 10000 149983 -16.9736
115000 15000 150007 7.26225
120000 15000 149981 -18.9884
110000 15000 150021 21.223
115000 15000 150007 7.26225
110000 20000 150027 27.0614
115000 20000 150012 12.13
115000 15000 150007 7.26225
120000 15000 149981 -18.9884
115000 20000 150012 12.13
120000 20000 149981 -18.8035
120000 10000 149983 -16.9736
125000 10000 149976 -24.3412
120000 15000 149981 -18.9884
125000 15000 149962 -37.573
125000 10000 149976 -24.3412
130000 10000 149977 -23.0047
125000 15000 149962 -37.573
130000 15000 149966 -33.8451
120000 15000 149981 -18.9884
125000 15000 149962 -37.573
120000 20000 149981 -18.8035
125000 20000 149951 -48.5435
125000 15000 149962 -37.573
130000 15000 149966 -33.8451
125000 20000 149951 -48.5435
130000 20000 149947 -52.8601
130000 10000 149977 -23.0047
135000 10000 149983 -17.4193
130000 15000 149966 -33.8451
135000 15000 149978 -21.6662
135000 10000 149983 -17.4193
140000 10000 149994 -6.47088
135000 15000 149978 -21.6662
140000 15000 149990 -10.41
130000 15000 149966 -33.8451
135000 15000 149978 -21.6662
130000 20000 149947 -52.8601
135000 20000 149971 -28.5318
135000 15000 149978 -21.6662
140000 15000 149990 -10.41
135000 20000 149971 -28.5318
140000 20000 149988 -11.6039
140000 10000 149994 -6.47088
145000 10000 150002 1.80873
140000 15000 149990 -10.41
145000 15000 150002 2.49979
145000 10000 150002 1.80873
150000 10000 150007 6.90139
145000 15000 150002 2.49979
150000 15000 150007 6.63066
140000 15000 149990 -10.41
145000 15000 150002 2.49979
140000 20000 149988 -11.6039
145000 20000 150002 1.89371
145000 15000 150002 2.49979
150000 15000 150007 6.63066
145000 20000 150002 1.89371
150000 20000 150000 0.0417044
150000 10000 150007 6.90139
155000 10000 150009 8.5138
150000 15000 150007 6.63066
155000 15000 150012 11.5264
155000 10000 150009 8.5138
160000 10000 150014 14.2612
155000 15000 150012 11.5264
160000 15000 150015 14.59
150000 15000 150007 6.63066
155000 15000 150012 11.5264
150000 20000 150000 0.0417044
155000 20000 150010 9.53614
155000 15000 150012 11.5264
160000 15000 150015 14.59
155000 20000 150010 9.53614
160000 20000 150014 13.6407
80000 20000 150019 18.5881
85000 20000 150023 23.0339
80000 25000 150019 18.5688
85000 25000 150023 22.6147
85000 20000 150023 23.0339
90000 20000 150023 23.1325
85000 25000 150023 22.6147
90000 25000 150023 22.6241
80000 25000 150019 18.5688
85000 25000 150023 22.6147
80000 30000 150016 15.5902
85000 30000 150020 19.6942
85000 25000 150023 22.6147
90000 25000 150023 22.6241
85000 30000 150020 19.6942
90000 30000 150023 23.2359
90000 20000 150023 23.1325
95000 20000 150023 23.4746
90000 25000 150023 22.6241
95000 25000 150025 24.8165
95000 20000 150023 23.4746
100000 20000 150022 22.4333
95000 25000 150025 24.8165
100000 25000 150026 26.1556
90000 25000 150023 22.6241
95000 25000 150025 24.8165
90000 30000 150023 23.2359
95000 30000 150024 24.0982
95000 25000 150025 24.8165
100000 25000 150026 26.1556
95000 30000 150024 24.0982
100000 30000 150026 25.6936
100000 20000 150022 22.4333
105000 20000 150025 25.4382
100000 25000 150026 26.1556
105000 25000 150028 27.5428
105000 20000 150025 25.4382
110000 20000 150027 27.0614
105000 25000 150028 27.5428
110000 25000 150029 29.3882
100000 25000 150026 26.1556
105000 25000 150028 27.5428
100000 30000 150026 25.6936
105000 30000 150026 25.5812
105000 25000 150028 27.5428
110000 25000 150029 29.3882
105000 30000 150026 25.5812
110000 30000 150027 26.8694
110000 20000 150027 27.0614
115000 20000 150012 12.13
110000 25000 150029 29.3882
115000 25000 150023 23.3059
115000 20000 150012 12.13
120000 20000 149981 -18.8035
115000 25000 150023 23.3059
120000 25000 149995 -5.29481
110000 25000 150029 29.3882
115000 25000 150023 23.3059
110000 30000 150027 26.8694
115000 30000 150027 27.1887
115000 25000 150023 23.3059
120000 25000 149995 -5.29481
115000 30000 150027 27.1887
120000 30000 150008 7.61082
120000 20000 149981 -18.8035
125000 20000 149951 -48.5435
120000 25000 149995 -5.29481
125000 25000 149962 -37.8889
125000 20000 149951 -48.5435
130000 20000 149947 -52.8601
125000 25000 149962 -37.8889
130000 25000 149939 -60.8841
120000 25000 149995 -5.29481
125000 25000 149962 -37.8889
120000 30000 150008 7.61082
125000 30000 149980 -20.2597
125000 25000 149962 -37.8889
130000 25000 149939 -60.8841
125000 30000 149980 -20.2597
130000 30000 149945 -55.3805
130000 20000 149947 -52.8601
135000 20000 149971 -28.5318
130000 25000 149939 -60.8841
135000 25000 149956 -43.8472
135000 20000 149971 -28.5318
140000 20000 149988 -11.6039
135000 25000 149956 -43.8472
140000 25000 149980 -20.4883
130000 25000 149939 -60.8841
135000 25000 149956 -43.8472
130000 30000 149945 -55.3805
135000 30000 149937 -62.5215
135000 25000 149956 -43.8472
140000 25000 149980 -20.4883
135000 30000 149937 -62.5215
140000 30000 149970 -30.2236
140000 20000 149988 -11.6039
145000 20000 150002 1.89371
140000 25000 149980 -20.4883
145000 25000 149998 -1.67937
145000 20000 150002 1.89371
150000 20000 150000 0.0417044
145000 25000 149998 -1.67937
150000 25000 150007 7.37692
140000 25000 149980 -20.4883
145000 25000 149998 -1.67937
140000 30000 149970 -30.2236
145000 30000 149989 -10.568
145000 25000 149998 -1.67937
150000 25000 150007 7.37692
145000 30000 149989 -10.568
150000 30000 150006 5.61711
150000 20000 150000 0.0417044
155000 20000 150010 9.53614
150000 25000 150007 7.37692
155000 25000 150010 10.3394
155000 20000 150010 9.53614
160000 20000 150014 13.6407
155000 25000 150010 10.3394
160000 25000 150011 11.0493
150000 25000 150007 7.37692
155000 25000 150010 10.3394
150000 30000 150006 5.61711
155000 30000 150011 11.3946
155000 25000 150010 10.3394
160000 25000 150011 11.0493
155000 30000 150011 11.3946
160000 30000 150014 13.7832
80000 30000 150016 15.5902
85000 30000 150020 19.6942
80000 35000 150017 16.7597
85000 35000 150020 19.5221
85000 30000 150020 19.6942
90000 30000 150023 23.2359
85000 35000 150020 19.5221
90000 35000 150020 20.1212
80000 35000 150017 16.7597
85000 35000 150020 19.5221
80000 40000 150013 13.0704
85000 40000 150020 19.5704
85000 35000 150020 19.5221
90000 35000 150020 20.1212
85000 40000 150020 19.5704
90000 40000 150024 23.628
90000 30000 150023 23.2359
95000 30000 150024 24.0982
90000 35000 150020 20.1212
95000 35000 150024 24.3977
95000 30000 150024 24.0982
100000 30000 150026 25.6936
95000 35000 150024 24.3977
100000 35000 150026 25.8551
90000 35000 150020 20.1212
95000 35000 150024 24.3977
90000 40000 150024 23.628
95000 40000 150026 25.8471
95000 35000 150024 24.3977
100000 35000 150026 25.8551
95000 40000 150026 25.8471
100000 40000 150027 27.4312
100000 30000 150026 25.6936
105000 30000 150026 25.5812
100000 35000 150026 25.8551
105000 35000 150026 26.1745
105000 30000 150026 25.5812
110000 30000 150027 26.8694
105000 35000 150026 26.1745
110000 35000 150027 27.1048
100000 35000 150026 25.8551
105000 35000 150026 26.1745
100000 40000 150027 27.4312
105000 40000 150026 26.4877
105000 35000 150026 26.1745
110000 35000 150027 27.1048
105000 40000 150026 26.4877
110000 40000 150026 25.588
110000 30000 150027 26.8694
115000 30000 150027 27.1887
110000 35000 150027 27.1048
115000 35000 150028 28.1531
115000 30000 150027 27.1887
120000 30000 150008 7.61082
115000 35000 150028 28.1531
120000 35000 150019 19.0779
110000 35000 150027 27.1048
115000 35000 150028 28.1531
110000 40000 150026 25.588
115000 40000 150028 28.2821
115000 35000 150028 28.1531
120000 35000 150019 19.0779
115000 40000 150028 28.2821
120000 40000 150025 25.3426
120000 30000 150008 7.61082
125000 30000 149980 -20.2597
120000 35000 150019 19.0779
125000 35000 149995 -4.95059
125000 30000 149980 -20.2597
130000 30000 149945 -55.3805
125000 35000 149995 -4.95059
130000 35000 149961 -39.3646
120000 35000 150019 19.0779
125000 35000 149995 -4.95059
120000 40000 150025 25.3426
125000 40000 150007 7.44175
125000 35000 149995 -4.95059
130000 35000 149961 -39.3646
125000 40000 150007 7.44175
130000 40000 149980 -20.4884
130000 30000 149945 -55.3805
135000 30000 149937 -62.5215
130000 35000 149961 -39.3646
135000 35000 149930 -69.7134
135000 30000 149937 -62.5215
140000 30000 149970 -30.2236
135000 35000 149930 -69.7134
140000 35000 149951 -48.7171
130000 35000 149961 -39.3646
135000 35000 149930 -69.7134
130000 40000 149980 -20.4884
135000 40000 149940 -60.0181
135000 35000 149930 -69.7134
140000 35000 149951 -48.7171
135000 40000 149940 -60.0181
140000 40000 149933 -66.6022
140000 30000 149970 -30.2236
145000 30000 149989 -10.568
140000 35000 149951 -48.7171
145000 35000 149979 -20.5054
145000 30000 149989 -10.568
150000 30000 150006 5.61711
145000 35000 149979 -20.5054
150000 35000 149995 -5.35199
140000 35000 149951 -48.7171
145000 35000 149979 -20.5054
140000 40000 149933 -66.6022
145000 40000 149964 -35.6121
145000 35000 149979 -20.5054
150000 35000 149995 -5.35199
145000 40000 149964 -35.6121
150000 40000 149987 -13.334
150000 30000 150006 5.61711
155000 30000 150011 11.3946
150000 35000 149995 -5.35199
155000 35000 150011 10.8552
155000 30000 150011 11.3946
160000 30000 150014 13.7832
155000 35000 150011 10.8552
160000 35000 150016 16.1971
150000 35000 149995 -5.35199
155000 35000 150011 10.8552
150000 40000 149987 -13.334
155000 40000 150009 9.4245
155000 35000 150011 10.8552
160000 35000 150016 16.1971
155000 40000 150009 9.4245
160000 40000 150008 7.99193
80000 40000 150013 13.0704
85000 40000 150020 19.5704
80000 45000 150014 14.2398
85000 45000 150019 18.6675
85000 40000 150020 19.5704
90000 40000 150024 23.628
85000 45000 150019 18.6675
90000 45000 150024 24.407
80000 45000 150014 14.2398
85000 45000 150019 18.6675
80000 50000 150015 14.8311
85000 50000 150017 16.8623
85000 45000 150019 18.6675
90000 45000 150024 24.407
85000 50000 150017 16.8623
90000 50000 150021 20.5985
90000 40000 150024 23.628
95000 40000 150026 25.8471
90000 45000 150024 24.407
95000 45000 150024 24.2541
95000 40000 150026 25.8471
100000 40000 150027 27.4312
95000 45000 150024 24.2541
100000 45000 150025 24.7297
90000 45000 150024 24.407
95000 45000 150024 24.2541
90000 50000 150021 20.5985
95000 50000 150026 26.1683
95000 45000 150024 24.2541
100000 45000 150025 24.7297
95000 50000 150026 26.1683
100000 50000 150026 26.4905
100000 40000 150027 27.4312
105000 40000 150026 26.4877
100000 45000 150025 24.7297
105000 45000 150027 26.5881
105000 40000 150026 26.4877
110000 40000 150026 25.588
105000 45000 150027 26.5881
110000 45000 150026 26.2843
100000 45000 150025 24.7297
105000 45000 150027 26.5881
100000 50000 150026 26.4905
105000 50000 150026 25.8065
105000 45000 150027 26.5881
110000 45000 150026 26.2843
105000 50000 150026 25.8065
110000 50000 150027 27.4999
110000 40000 150026 25.588
115000 40000 150028 28.2821
110000 45000 150026 26.2843
115000 45000 150025 25.0668
115000 40000 150028 28.2821
120000 40000 150025 25.3426
115000 45000 150025 25.0668
120000 45000 150026 26.2306
110000 45000 150026 26.2843
115000 45000 150025 25.0668
110000 50000 150027 27.4999
115000 50000 150026 26.3509
115000 45000 150025 25.0668
120000 45000 150026 26.2306
115000 50000 150026 26.3509
120000 50000 150023 23.0289
120000 40000 150025 25.3426
125000 40000 150007 7.44175
120000 45000 150026 26.2306
125000 45000 150007 6.73719
125000 40000 150007 7.44175
130000 40000 149980 -20.4884
125000 45000 150007 6.73719
130000 45000 149990 -10.3738
120000 45000 150026 26.2306
125000 45000 150007 6.73719
120000 50000 150023 23.0289
125000 50000 150023 22.5784
125000 45000 150007 6.73719
130000 45000 149990 -10.3738
125000 50000 150023 22.5784
130000 50000 150009 8.70028
130000 40000 149980 -20.4884
135000 40000 149940 -60.0181
130000 45000 149990 -10.3738
135000 45000 149964 -35.906
135000 40000 149940 -60.0181
140000 40000 149933 -66.6022
135000 45000 149964 -35.906
140000 45000 149928 -71.8823
130000 45000 149990 -10.3738
135000 45000 149964 -35.906
130000 50000 150009 8.70028
135000 50000 149980 -20.1117
135000 45000 149964 -35.906
140000 45000 149928 -71.8823
135000 50000 149980 -20.1117
140000 50000 149941 -59.3125
140000 40000 149933 -66.6022
145000 40000 149964 -35.6121
140000 45000 149928 -71.8823
145000 45000 149939 -60.7055
145000 40000 149964 -35.6121
150000 40000 149987 -13.334
145000 45000 149939 -60.7055
150000 45000 149976 -23.6056
140000 45000 149928 -71.8823
145000 45000 149939 -60.7055
140000 50000 149941 -59.3125
145000 50000 149925 -74.7392
145000 45000 149939 -60.7055
150000 45000 149976 -23.6056
145000 50000 149925 -74.7392
150000 50000 149958 -42.0802
150000 40000 149987 -13.334
155000 40000 150009 9.4245
150000 45000 149976 -23.6056
155000 45000 149990 -10.1666
155000 40000 150009 9.4245
160000 40000 150008 7.99193
155000 45000 149990 -10.1666
160000 45000 150014 14.0508
150000 45000 149976 -23.6056
155000 45000 149990 -10.1666
150000 50000 149958 -42.0802
155000 50000 149989 -10.694
155000 45000 149990 -10.1666
160000 45000 150014 14.0508
155000 50000 149989 -10.694
160000 50000 150000 -0.36194
80000 50000 150015 14.8311
85000 50000 150017 16.8623
80000 55000 150011 10.8987
85000 55000 150014 14.1142
85000 50000 150017 16.8623
90000 50000 150021 20.5985
85000 55000 150014 14.1142
90000 55000 150019 18.5209
80000 55000 150011 10.8987
85000 55000 150014 14.1142
80000 60000 150013 13.2952
85000 60000 150016 16.1943
85000 55000 150014 14.1142
90000 55000 150019 18.5209
85000 60000 150016 16.1943
90000 60000 150018 17.8364
90000 50000 150021 20.5985
95000 50000 150026 26.1683
90000 55000 150019 18.5209
95000 55000 150023 22.7449
95000 50000 150026 26.1683
100000 50000 150026 26.4905
95000 55000 150023 22.7449
100000 55000 150025 25.4717
90000 55000 150019 18.5209
95000 55000 150023 22.7449
90000 60000 150018 17.8364
95000 60000 150021 20.6339
95000 55000 150023 22.7449
100000 55000 150025 25.4717
95000 60000 150021 20.6339
100000 60000 150024 24.0733
100000 50000 150026 26.4905
105000 50000 150026 25.8065
100000 55000 150025 25.4717
105000 55000 150028 27.8967
105000 50000 150026 25.8065
110000 50000 150027 27.4999
105000 55000 150028 27.8967
110000 55000 150028 28.0101
100000 55000 150025 25.4717
105000 55000 150028 27.8967
100000 60000 150024 24.0733
105000 60000 150027 26.5883
105000 55000 150028 27.8967
110000 55000 150028 28.0101
105000 60000 150027 26.5883
110000 60000 150027 26.8066
110000 50000 150027 27.4999
115000 50000 150026 26.3509
110000 55000 150028 28.0101
115000 55000 150026 26.1105
115000 50000 150026 26.3509
120000 50000 150023 23.0289
115000 55000 150026 26.1105
120000 55000 150026 25.637
110000 55000 150028 28.0101
115000 55000 150026 26.1105
110000 60000 150027 26.8066
115000 60000 150027 27.4662
115000 55000 150026 26.1105
120000 55000 150026 25.637
115000 60000 150027 27.4662
120000 60000 150025 25.2434
120000 50000 150023 23.0289
125000 50000 150023 22.5784
120000 55000 150026 25.637
125000 55000 150026 26.0652
125000 50000 150023 22.5784
130000 50000 150009 8.70028
125000 55000 150026 26.0652
130000 55000 150018 17.8758
120000 55000 150026 25.637
125000 55000 150026 26.0652
120000 60000 150025 25.2434
125000 60000 150026 26.1757
125000 55000 150026 26.0652
130000 55000 150018 17.8758
125000 60000 150026 26.1757
130000 60000 150022 22.4597
130000 50000 150009 8.70028
135000 50000 149980 -20.1117
130000 55000 150018 17.8758
135000 55000 149995 -5.27879
135000 50000 149980 -20.1117
140000 50000 149941 -59.3125
135000 55000 149995 -5.27879
140000 55000 149967 -33.2075
130000 55000 150018 17.8758
135000 55000 149995 -5.27879
130000 60000 150022 22.4597
135000 60000 150010 9.77755
135000 55000 149995 -5.27879
140000 55000 149967 -33.2075
135000 60000 150010 9.77755
140000 60000 149980 -20.4883
140000 50000 149941 -59.3125
145000 50000 149925 -74.7392
140000 55000 149967 -33.2075
145000 55000 149928 -72.1294
145000 50000 149925 -74.7392
150000 50000 149958 -42.0802
145000 55000 149928 -72.1294
150000 55000 149940 -60.2165
140000 55000 149967 -33.2075
145000 55000 149928 -72.1294
140000 60000 149980 -20.4883
145000 60000 149948 -52.3656
145000 55000 149928 -72.1294
150000 55000 149940 -60.2165
145000 60000 149948 -52.3656
150000 60000 149928 -71.5557
150000 50000 149958 -42.0802
155000 50000 149989 -10.694
150000 55000 149940 -60.2165
155000 55000 149976 -23.8856
155000 50000 149989 -10.694
160000 50000 150000 -0.36194
155000 55000 149976 -23.8856
160000 55000 149997 -3.3717
150000 55000 149940 -60.2165
155000 55000 149976 -23.8856
150000 60000 149928 -71.5557
155000 60000 149954 -46.1762
155000 55000 149976 -23.8856
160000 55000 149997 -3.3717
155000 60000 149954 -46.1762
160000 60000 149980 -20.1429
80000 60000 150013 13.2952
85000 60000 150016 16.1943
80000 65000 150012 11.996
85000 65000 150014 14.0207
85000 60000 150016 16.1943
90000 60000 150018 17.8364
85000 65000 150014 14.0207
90000 65000 150019 19.2912
80000 65000 150012 11.996
85000 65000 150014 14.0207
80000 70000 150012 12.1588
85000 70000 150014 13.8855
85000 65000 150014 14.0207
90000 65000 150019 19.2912
85000 70000 150014 13.8855
90000 70000 150017 17.3207
90000 60000 150018 17.8364
95000 60000 150021 20.6339
90000 65000 150019 19.2912
95000 65000 150022 21.7868
95000 60000 150021 20.6339
100000 60000 150024 24.0733
95000 65000 150022 21.7868
100000 65000 150023 23.0239
90000 65000 150019 19.2912
95000 65000 150022 21.7868
90000 70000 150017 17.3207
95000 70000 150020 20.3748
95000 65000 150022 21.7868
100000 65000 150023 23.0239
95000 70000 150020 20.3748
100000 70000 150022 21.8886
100000 60000 150024 24.0733
105000 60000 150027 26.5883
100000 65000 150023 23.0239
105000 65000 150027 27.3915
105000 60000 150027 26.5883
110000 60000 150027 26.8066
105000 65000 150027 27.3915
110000 65000 150028 27.5374
100000 65000 150023 23.0239
105000 65000 150027 27.3915
100000 70000 150022 21.8886
105000 70000 150026 25.6717
105000 65000 150027 27.3915
110000 65000 150028 27.5374
105000 70000 150026 25.6717
110000 70000 150027 26.6961
110000 60000 150027 26.8066
115000 60000 150027 27.4662
110000 65000 150028 27.5374
115000 65000 150027 26.5674
115000 60000 150027 27.4662
120000 60000 150025 25.2434
115000 65000 150027 26.5674
120000 65000 150026 26.1699
110000 65000 150028 27.5374
115000 65000 150027 26.5674
110000 70000 150027 26.6961
115000 70000 150029 29.1694
115000 65000 150027 26.5674
120000 65000 150026 26.1699
115000 70000 150029 29.1694
120000 70000 150028 27.7456
120000 60000 150025 25.2434
125000 60000 150026 26.1757
120000 65000 150026 26.1699
125000 65000 150026 26.3208
125000 60000 150026 26.1757
130000 60000 150022 22.4597
125000 65000 150026 26.3208
130000 65000 150021 21.4018
120000 65000 150026 26.1699
125000 65000 150026 26.3208
120000 70000 150028 27.7456
125000 70000 150025 25.1583
125000 65000 150026 26.3208
130000 65000 150021 21.4018
125000 70000 150025 25.1583
130000 70000 150023 22.9049
130000 60000 150022 22.4597
135000 60000 150010 9.77755
130000 65000 150021 21.4018
135000 65000 150010 9.88923
135000 60000 150010 9.77755
140000 60000 149980 -20.4883
135000 65000 150010 9.88923
140000 65000 149994 -5.86836
130000 65000 150021 21.4018
135000 65000 150010 9.88923
130000 70000 150023 22.9049
135000 70000 150020 20.456
135000 65000 150010 9.88923
140000 65000 149994 -5.86836
135000 70000 150020 20.456
140000 70000 150004 3.53672
140000 60000 149980 -20.4883
145000 60000 149948 -52.3656
140000 65000 149994 -5.86836
145000 65000 149973 -27.0549
145000 60000 149948 -52.3656
150000 60000 149928 -71.5557
145000 65000 149973 -27.0549
150000 65000 149935 -64.8717
140000 65000 149994 -5.86836
145000 65000 149973 -27.0549
140000 70000 150004 3.53672
145000 70000 149980 -19.9193
145000 65000 149973 -27.0549
150000 65000 149935 -64.8717
145000 70000 149980 -19.9193
150000 70000 149956 -43.6468
150000 60000 149928 -71.5557
155000 60000 149954 -46.1762
150000 65000 149935 -64.8717
155000 65000 149931 -69.2187
155000 60000 149954 -46.1762
160000 60000 149980 -20.1429
155000 65000 149931 -69.2187
160000 65000 149969 -30.8688
150000 65000 149935 -64.8717
155000 65000 149931 -69.2187
150000 70000 149956 -43.6468
155000 70000 149926 -73.7223
155000 65000 149931 -69.2187
160000 65000 149969 -30.8688
155000 70000 149926 -73.7223
160000 70000 149943 -56.63
80000 70000 150012 12.1588
85000 70000 150014 13.8855
80000 75000 150010 9.60564
85000 75000 150013 12.6107
85000 70000 150014 13.8855
90000 70000 150017 17.3207
85000 75000 150013 12.6107
90000 75000 150017 16.7768
80000 75000 150010 9.60564
85000 75000 150013 12.6107
80000 80000 150012 12.1601
85000 80000 150012 12.0096
85000 75000 150013 12.6107
90000 75000 150017 16.7768
85000 80000 150012 12.0096
90000 80000 150014 14.2161
90000 70000 150017 17.3207
95000 70000 150020 20.3748
90000 75000 150017 16.7768
95000 75000 150020 19.6578
95000 70000 150020 20.3748
100000 70000 150022 21.8886
95000 75000 150020 19.6578
100000 75000 150020 20.2818
90000 75000 150017 16.7768
95000 75000 150020 19.6578
90000 80000 150014 14.2161
95000 80000 150017 17.3571
95000 75000 150020 19.6578
100000 75000 150020 20.2818
95000 80000 150017 17.3571
100000 80000 150022 21.7047
100000 70000 150022 21.8886
105000 70000 150026 25.6717
100000 75000 150020 20.2818
105000 75000 150024 23.7028
105000 70000 150026 25.6717
110000 70000 150027 26.6961
105000 75000 150024 23.7028
110000 75000 150027 26.698
100000 75000 150020 20.2818
105000 75000 150024 23.7028
100000 80000 150022 21.7047
105000 80000 150023 23.3473
105000 75000 150024 23.7028
110000 75000 150027 26.698
105000 80000 150023 23.3473
110000 80000 150026 25.7028
110000 70000 150027 26.6961
115000 70000 150029 29.1694
110000 75000 150027 26.698
115000 75000 150026 25.5027
115000 70000 150029 29.1694
120000 70000 150028 27.7456
115000 75000 150026 25.5027
120000 75000 150027 26.5094
110000 75000 150027 26.698
115000 75000 150026 25.5027
110000 80000 150026 25.7028
115000 80000 150025 25.2901
115000 75000 150026 25.5027
120000 75000 150027 26.5094
115000 80000 150025 25.2901
120000 80000 150026 26.1029
120000 70000 150028 27.7456
125000 70000 150025 25.1583
120000 75000 150027 26.5094
125000 75000 150025 25.1534
125000 70000 150025 25.1583
130000 70000 150023 22.9049
125000 75000 150025 25.1534
130000 75000 150021 21.3459
120000 75000 150027 26.5094
125000 75000 150025 25.1534
120000 80000 150026 26.1029
125000 80000 150025 24.9138
125000 75000 150025 25.1534
130000 75000 150021 21.3459
125000 80000 150025 24.9138
130000 80000 150021 20.7972
130000 70000 150023 22.9049
135000 70000 150020 20.456
130000 75000 150021 21.3459
135000 75000 150019 19.0366
135000 70000 150020 20.456
140000 70000 150004 3.53672
135000 75000 150019 19.0366
140000 75000 150013 12.9604
130000 75000 150021 21.3459
135000 75000 150019 19.0366
130000 80000 150021 20.7972
135000 80000 150019 18.8007
135000 75000 150019 19.0366
140000 75000 150013 12.9604
135000 80000 150019 18.8007
140000 80000 150018 17.6858
140000 70000 150004 3.53672
145000 70000 149980 -19.9193
140000 75000 150013 12.9604
145000 75000 149994 -5.66028
145000 70000 149980 -19.9193
150000 70000 149956 -43.6468
145000 75000 149994 -5.66028
150000 75000 149978 -22.4463
140000 75000 150013 12.9604
145000 75000 149994 -5.66028
140000 80000 150018 17.6858
145000 80000 150010 10.0379
145000 75000 149994 -5.66028
150000 75000 149978 -22.4463
145000 80000 150010 10.0379
150000 80000 149986 -13.9344
150000 70000 149956 -43.6468
155000 70000 149926 -73.7223
150000 75000 149978 -22.4463
155000 75000 149937 -63.2517
155000 70000 149926 -73.7223
160000 70000 149943 -56.63
155000 75000 149937 -63.2517
160000 75000 149922 -77.9352
150000 75000 149978 -22.4463
155000 75000 149937 -63.2517
150000 80000 149986 -13.9344
155000 80000 149959 -41.2713
155000 75000 149937 -63.2517
160000 75000 149922 -77.9352
155000 80000 149959 -41.2713
160000 80000 149921 -78.561
0 80000 149996 -3.80058
5000 80000 149996 -4.09643
0 85000 149995 -5.17438
5000 85000 149995 -5.23359
5000 80000 149996 -4.09643
10000 80000 149995 -4.95154
5000 85000 149995 -5.23359
10000 85000 149996 -3.86279
0 85000 149995 -5.17438
5000 85000 149995 -5.23359
0 90000 149995 -5.4094
5000 90000 149996 -4.38505
5000 85000 149995 -5.23359
10000 85000 149996 -3.86279
5000 90000 149996 -4.38505
10000 90000 149996 -3.79322
10000 80000 149995 -4.95154
15000 80000 149995 -4.7082
10000 85000 149996 -3.86279
15000 85000 149997 -3.28018
15000 80000 149995 -4.7082
20000 80000 149996 -4.05225
15000 85000 149997 -3.28018
20000 85000 149997 -3.13932
10000 85000 149996 -3.86279
15000 85000 149997 -3.28018
10000 90000 149996 -3.79322
15000 90000 149996 -4.173
15000 85000 149997 -3.28018
20000 85000 149997 -3.13932
15000 90000 149996 -4.173
20000 90000 149996 -4.26487
20000 80000 149996 -4.05225
25000 80000 149995 -4.59778
20000 85000 149997 -3.13932
25000 85000 149997 -3.45617
25000 80000 149995 -4.59778
30000 80000 149997 -3.11866
25000 85000 149997 -3.45617
30000 85000 149996 -4.16852
20000 85000 149997 -3.13932
25000 85000 149997 -3.45617
20000 90000 149996 -4.26487
25000 90000 149996 -3.89554
25000 85000 149997 -3.45617
30000 85000 149996 -4.16852
25000 90000 149996 -3.89554
30000 90000 149997 -3.1846
30000 80000 149997 -3.11866
35000 80000 149996 -3.6804
30000 85000 149996 -4.16852
35000 85000 149997 -3.45334
35000 80000 149996 -3.6804
40000 80000 149998 -1.89933
35000 85000 149997 -3.45334
40000 85000 149997 -2.93114
30000 85000 149996 -4.16852
35000 85000 149997 -3.45334
30000 90000 149997 -3.1846
35000 90000 149997 -3.09386
35000 85000 149997 -3.45334
40000 85000 149997 -2.93114
35000 90000 149997 -3.09386
40000 90000 149998 -2.14813
40000 80000 149998 -1.89933
45000 80000 149998 -1.68237
40000 85000 149997 -2.93114
45000 85000 149998 -2.46729
45000 80000 149998 -1.68237
50000 80000 149998 -1.85603
45000 85000 149998 -2.46729
50000 85000 149997 -2.68069
40000 85000 149997 -2.93114
45000 85000 149998 -2.46729
40000 90000 149998 -2.14813
45000 90000 149998 -1.52236
45000 85000 149998 -2.46729
50000 85000 149997 -2.68069
45000 90000 149998 -1.52236
50000 90000 149999 -0.60998
50000 80000 149998 -1.85603
55000 80000 150001 0.555749
50000 85000 149997 -2.68069
55000 85000 149998 -2.05804
55000 80000 150001 0.555749
60000 80000 150001 0.687311
55000 85000 149998 -2.05804
60000 85000 149999 -0.866949
50000 85000 149997 -2.68069
55000 85000 149998 -2.05804
50000 90000 149999 -0.60998
55000 90000 150000 -0.372989
55000 85000 149998 -2.05804
60000 85000 149999 -0.866949
55000 90000 150000 -0.372989
60000 90000 150001 1.26451
60000 80000 150001 0.687311
65000 80000 150000 0.419815
60000 85000 149999 -0.866949
65000 85000 150003 2.69532
65000 80000 150000 0.419815
70000 80000 150003 3.20556
65000 85000 150003 2.69532
70000 85000 150003 3.41725
60000 85000 149999 -0.866949
65000 85000 150003 2.69532
60000 90000 150001 1.26451
65000 90000 150001 0.536484
65000 85000 150003 2.69532
70000 85000 150003 3.41725
65000 90000 150001 0.536484
70000 90000 150004 4.12296
70000 80000 150003 3.20556
75000 80000 150006 5.61008
70000 85000 150003 3.41725
75000 85000 150006 6.21402
75000 80000 150006 5.61008
80000 80000 150012 12.1601
75000 85000 150006 6.21402
80000 85000 150008 8.46654
70000 85000 150003 3.41725
75000 85000 150006 6.21402
70000 90000 150004 4.12296
75000 90000 150005 4.6723
75000 85000 150006 6.21402
80000 85000 150008 8.46654
75000 90000 150005 4.6723
80000 90000 150010 9.90105
80000 80000 150012 12.1601
85000 80000 150012 12.0096
80000 85000 150008 8.46654
85000 85000 150013 13.2423
85000 80000 150012 12.0096
90000 80000 150014 14.2161
85000 85000 150013 13.2423
90000 85000 150013 13.0752
80000 85000 150008 8.46654
85000 85000 150013 13.2423
80000 90000 150010 9.90105
85000 90000 150013 12.8238
85000 85000 150013 13.2423
90000 85000 150013 13.0752
85000 90000 150013 12.8238
90000 90000 150014 13.7089
90000 80000 150014 14.2161
95000 80000 150017 17.3571
90000 85000 150013 13.0752
95000 85000 150017 16.5737
95000 80000 150017 17.3571
100000 80000 150022 21.7047
95000 85000 150017 16.5737
100000 85000 150018 17.7566
90000 85000 150013 13.0752
95000 85000 150017 16.5737
90000 90000 150014 13.7089
95000 90000 150015 15.0902
95000 85000 150017 16.5737
100000 85000 150018 17.7566
95000 90000 150015 15.0902
100000 90000 150019 18.9259
100000 80000 150022 21.7047
105000 80000 150023 23.3473
100000 85000 150018 17.7566
105000 85000 150022 21.5895
105000 80000 150023 23.3473
110000 80000 150026 25.7028
105000 85000 150022 21.5895
110000 85000 150023 22.7405
100000 85000 150018 17.7566
105000 85000 150022 21.5895
100000 90000 150019 18.9259
105000 90000 150020 20.1566
105000 85000 150022 21.5895
110000 85000 150023 22.7405
105000 90000 150020 20.1566
110000 90000 150022 21.7177
0 90000 149995 -5.4094
5000 90000 149996 -4.38505
0 95000 149995 -5.08472
5000 95000 149995 -5.19396
5000 90000 149996 -4.38505
10000 90000 149996 -3.79322
5000 95000 149995 -5.19396
10000 95000 149995 -5.11421
0 95000 149995 -5.08472
5000 95000 149995 -5.19396
0 100000 149995 -5.0035
5000 100000 149995 -5.22913
5000 95000 149995 -5.19396
10000 95000 149995 -5.11421
5000 100000 149995 -5.22913
10000 100000 149995 -4.97416
10000 90000 149996 -3.79322
15000 90000 149996 -4.173
10000 95000 149995 -5.11421
15000 95000 149995 -4.88701
15000 90000 149996 -4.173
20000 90000 149996 -4.26487
15000 95000 149995 -4.88701
20000 95000 149996 -3.69486
10000 95000 149995 -5.11421
15000 95000 149995 -4.88701
10000 100000 149995 -4.97416
15000 100000 149996 -4.14305
15000 95000 149995 -4.88701
20000 95000 149996 -3.69486
15000 100000 149996 -4.14305
20000 100000 149996 -4.0317
20000 90000 149996 -4.26487
25000 90000 149996 -3.89554
20000 95000 149996 -3.69486
25000 95000 149996 -4.29598
25000 90000 149996 -3.89554
30000 90000 149997 -3.1846
25000 95000 149996 -4.29598
30000 95000 149996 -3.94531
20000 95000 149996 -3.69486
25000 95000 149996 -4.29598
20000 100000 149996 -4.0317
25000 100000 149996 -4.03913
25000 95000 149996 -4.29598
30000 95000 149996 -3.94531
25000 100000 149996 -4.03913
30000 100000 149997 -3.48833
30000 90000 149997 -3.1846
35000 90000 149997 -3.09386
30000 95000 149996 -3.94531
35000 95000 149997 -3.49474
35000 90000 149997 -3.09386
40000 90000 149998 -2.14813
35000 95000 149997 -3.49474
40000 95000 149998 -2.24285
30000 95000 149996 -3.94531
35000 95000 149997 -3.49474
30000 100000 149997 -3.48833
35000 100000 149997 -3.44039
35000 95000 149997 -3.49474
40000 95000 149998 -2.24285
35000 100000 149997 -3.44039
40000 100000 149996 -3.86752
40000 90000 149998 -2.14813
45000 90000 149998 -1.52236
40000 95000 149998 -2.24285
45000 95000 149997 -3.27118
45000 90000 149998 -1.52236
50000 90000 149999 -0.60998
45000 95000 149997 -3.27118
50000 95000 149997 -2.61166
40000 95000 149998 -2.24285
45000 95000 149997 -3.27118
40000 100000 149996 -3.86752
45000 100000 149997 -2.67423
45000 95000 149997 -3.27118
50000 95000 149997 -2.61166
45000 100000 149997 -2.67423
50000 100000 149998 -1.67932
50000 90000 149999 -0.60998
55000 90000 150000 -0.372989
50000 95000 149997 -2.61166
55000 95000 149999 -1.40463
55000 90000 150000 -0.372989
60000 90000 150001 1.26451
55000 95000 149999 -1.40463
60000 95000 150002 1.68265
50000 95000 149997 -2.61166
55000 95000 149999 -1.40463
50000 100000 149998 -1.67932
55000 100000 149999 -0.642272
55000 95000 149999 -1.40463
60000 95000 150002 1.68265
55000 100000 149999 -0.642272
60000 100000 150001 0.681194
60000 90000 150001 1.26451
65000 90000 150001 0.536484
60000 95000 150002 1.68265
65000 95000 150002 1.71428
65000 90000 150001 0.536484
70000 90000 150004 4.12296
65000 95000 150002 1.71428
70000 95000 150005 4.75377
60000 95000 150002 1.68265
65000 95000 150002 1.71428
60000 100000 150001 0.681194
65000 100000 150000 -0.451694
65000 95000 150002 1.71428
70000 95000 150005 4.75377
65000 100000 150000 -0.451694
70000 100000 150001 1.11084
70000 90000 150004 4.12296
75000 90000 150005 4.6723
70000 95000 150005 4.75377
75000 95000 150006 6.10233
75000 90000 150005 4.6723
80000 90000 150010 9.90105
75000 95000 150006 6.10233
80000 95000 150009 9.21697
70000 95000 150005 4.75377
75000 95000 150006 6.10233
70000 100000 150001 1.11084
75000 100000 150006 5.63728
75000 95000 150006 6.10233
80000 95000 150009 9.21697
75000 100000 150006 5.63728
80000 100000 150006 5.66909
80000 90000 150010 9.90105
85000 90000 150013 12.8238
80000 95000 150009 9.21697
85000 95000 150012 12.0858
85000 90000 150013 12.8238
90000 90000 150014 13.7089
85000 95000 150012 12.0858
90000 95000 150014 14.2517
80000 95000 150009 9.21697
85000 95000 150012 12.0858
80000 100000 150006 5.66909
85000 100000 150010 9.93963
85000 95000 150012 12.0858
90000 95000 150014 14.2517
85000 100000 150010 9.93963
90000 100000 150011 10.5558
90000 90000 150014 13.7089
95000 90000 150015 15.0902
90000 95000 150014 14.2517
95000 95000 150017 16.8759
95000 90000 150015 15.0902
100000 90000 150019 18.9259
95000 95000 150017 16.8759
100000 95000 150017 17.0899
90000 95000 150014 14.2517
95000 95000 150017 16.8759
90000 100000 150011 10.5558
95000 100000 150013 13.4428
95000 95000 150017 16.8759
100000 95000 150017 17.0899
95000 100000 150013 13.4428
100000 100000 150018 17.7413
0 100000 149995 -5.0035
5000 100000 149995 -5.22913
0 105000 149995 -5.09445
5000 105000 149995 -5.41484
5000 100000 149995 -5.22913
10000 100000 149995 -4.97416
5000 105000 149995 -5.41484
10000 105000 149996 -4.4331
0 105000 149995 -5.09445
5000 105000 149995 -5.41484
0 110000 149994 -5.60181
5000 110000 149995 -5.10847
5000 105000 149995 -5.41484
10000 105000 149996 -4.4331
5000 110000 149995 -5.10847
10000 110000 149995 -5.3075
10000 100000 149995 -4.97416
15000 100000 149996 -4.14305
10000 105000 149996 -4.4331
15000 105000 149995 -5.07592
15000 100000 149996 -4.14305
20000 100000 149996 -4.0317
15000 105000 149995 -5.07592
20000 105000 149996 -3.97451
10000 105000 149996 -4.4331
15000 105000 149995 -5.07592
10000 110000 149995 -5.3075
15000 110000 149995 -5.2782
15000 105000 149995 -5.07592
20000 105000 149996 -3.97451
15000 110000 149995 -5.2782
20000 110000 149995 -5.0326
20000 100000 149996 -4.0317
25000 100000 149996 -4.03913
20000 105000 149996 -3.97451
25000 105000 149995 -4.54822
25000 100000 149996 -4.03913
30000 100000 149997 -3.48833
25000 105000 149995 -4.54822
30000 105000 149996 -4.2831
20000 105000 149996 -3.97451
25000 105000 149995 -4.54822
20000 110000 149995 -5.0326
25000 110000 149995 -4.5734
25000 105000 149995 -4.54822
30000 105000 149996 -4.2831
25000 110000 149995 -4.5734
30000 110000 149997 -3.26781
30000 100000 149997 -3.48833
35000 100000 149997 -3.44039
30000 105000 149996 -4.2831
35000 105000 149996 -4.03962
35000 100000 149997 -3.44039
40000 100000 149996 -3.86752
35000 105000 149996 -4.03962
40000 105000 149997 -2.6124
30000 105000 149996 -4.2831
35000 105000 149996 -4.03962
30000 110000 149997 -3.26781
35000 110000 149996 -3.70655
35000 105000 149996 -4.03962
40000 105000 149997 -2.6124
35000 110000 149996 -3.70655
40000 110000 149998 -2.33077
40000 100000 149996 -3.86752
45000 100000 149997 -2.67423
40000 105000 149997 -2.6124
45000 105000 149997 -3.38573
45000 100000 149997 -2.67423
50000 100000 149998 -1.67932
45000 105000 149997 -3.38573
50000 105000 149998 -1.95834
40000 105000 149997 -2.6124
45000 105000 149997 -3.38573
40000 110000 149998 -2.33077
45000 110000 149997 -3.05476
45000 105000 149997 -3.38573
50000 105000 149998 -1.95834
45000 110000 149997 -3.05476
50000 110000 149998 -2.14515
50000 100000 149998 -1.67932
55000 100000 149999 -0.642272
50000 105000 149998 -1.95834
55000 105000 149998 -1.76934
55000 100000 149999 -0.642272
60000 100000 150001 0.681194
55000 105000 149998 -1.76934
60000 105000 150000 0.330939
50000 105000 149998 -1.95834
55000 105000 149998 -1.76934
50000 110000 149998 -2.14515
55000 110000 149999 -0.563249
55000 105000 149998 -1.76934
60000 105000 150000 0.330939
55000 110000 149999 -0.563249
60000 110000 150001 1.18314
60000 100000 150001 0.681194
65000 100000 150000 -0.451694
60000 105000 150000 0.330939
65000 105000 150001 1.31002
65000 100000 150000 -0.451694
70000 100000 150001 1.11084
65000 105000 150001 1.31002
70000 105000 150004 4.1824
60000 105000 150000 0.330939
65000 105000 150001 1.31002
60000 110000 150001 1.18314
65000 110000 150001 0.844207
65000 105000 150001 1.31002
70000 105000 150004 4.1824
65000 110000 150001 0.844207
70000 110000 150004 4.23684
70000 100000 150001 1.11084
75000 100000 150006 5.63728
70000 105000 150004 4.1824
75000 105000 150006 5.83047
75000 100000 150006 5.63728
80000 100000 150006 5.66909
75000 105000 150006 5.83047
80000 105000 150010 9.83669
70000 105000 150004 4.1824
75000 105000 150006 5.83047
70000 110000 150004 4.23684
75000 110000 150007 6.5215
75000 105000 150006 5.83047
80000 105000 150010 9.83669
75000 110000 150007 6.5215
80000 110000 150008 8.42459
0 110000 149994 -5.60181
5000 110000 149995 -5.10847
0 115000 149996 -3.91725
5000 115000 149995 -5.02973
5000 110000 149995 -5.10847
10000 110000 149995 -5.3075
5000 115000 149995 -5.02973
10000 115000 149995 -5.1061
0 115000 149996 -3.91725
5000 115000 149995 -5.02973
0 120000 149995 -4.72303
5000 120000 149995 -5.19655
5000 115000 149995 -5.02973
10000 115000 149995 -5.1061
5000 120000 149995 -5.19655
10000 120000 149994 -5.77379
10000 110000 149995 -5.3075
15000 110000 149995 -5.2782
10000 115000 149995 -5.1061
15000 115000 149996 -3.68131
15000 110000 149995 -5.2782
20000 110000 149995 -5.0326
15000 115000 149996 -3.68131
20000 115000 149995 -4.57793
10000 115000 149995 -5.1061
15000 115000 149996 -3.68131
10000 120000 149994 -5.77379
15000 120000 149995 -5.1924
15000 115000 149996 -3.68131
20000 115000 149995 -4.57793
15000 120000 149995 -5.1924
20000 120000 149996 -4.11313
20000 110000 149995 -5.0326
25000 110000 149995 -4.5734
20000 115000 149995 -4.57793
25000 115000 149996 -4.17666
25000 110000 149995 -4.5734
30000 110000 149997 -3.26781
25000 115000 149996 -4.17666
30000 115000 149996 -3.97072
20000 115000 149995 -4.57793
25000 115000 149996 -4.17666
20000 120000 149996 -4.11313
25000 120000 149997 -3.34704
25000 115000 149996 -4.17666
30000 115000 149996 -3.97072
25000 120000 149997 -3.34704
30000 120000 149997 -3.40159
30000 110000 149997 -3.26781
35000 110000 149996 -3.70655
30000 115000 149996 -3.97072
35000 115000 149997 -3.20102
35000 110000 149996 -3.70655
40000 110000 149998 -2.33077
35000 115000 149997 -3.20102
40000 115000 149998 -2.43524
30000 115000 149996 -3.97072
35000 115000 149997 -3.20102
30000 120000 149997 -3.40159
35000 120000 149998 -2.10651
35000 115000 149997 -3.20102
40000 115000 149998 -2.43524
35000 120000 149998 -2.10651
40000 120000 149997 -3.3431
40000 110000 149998 -2.33077
45000 110000 149997 -3.05476
40000 115000 149998 -2.43524
45000 115000 149998 -2.22076
45000 110000 149997 -3.05476
50000 110000 149998 -2.14515
45000 115000 149998 -2.22076
50000 115000 149997 -2.88682
40000 115000 149998 -2.43524
45000 115000 149998 -2.22076
40000 120000 149997 -3.3431
45000 120000 149997 -3.21272
45000 115000 149998 -2.22076
50000 115000 149997 -2.88682
45000 120000 149997 -3.21272
50000 120000 149997 -2.6904
50000 110000 149998 -2.14515
55000 110000 149999 -0.563249
50000 115000 149997 -2.88682
55000 115000 149998 -2.22823
55000 110000 149999 -0.563249
60000 110000 150001 1.18314
55000 115000 149998 -2.22823
60000 115000 150000 0.0946521
50000 115000 149997 -2.88682
55000 115000 149998 -2.22823
50000 120000 149997 -2.6904
55000 120000 149999 -1.34538
55000 115000 149998 -2.22823
60000 115000 150000 0.0946521
55000 120000 149999 -1.34538
60000 120000 150001 0.533155
60000 110000 150001 1.18314
65000 110000 150001 0.844207
60000 115000 150000 0.0946521
65000 115000 150002 2.37384
65000 110000 150001 0.844207
70000 110000 150004 4.23684
65000 115000 150002 2.37384
70000 115000 150005 4.7945
60000 115000 150000 0.0946521
65000 115000 150002 2.37384
60000 120000 150001 0.533155
65000 120000 150002 2.44945
65000 115000 150002 2.37384
70000 115000 150005 4.7945
65000 120000 150002 2.44945
70000 120000 150005 5.10854
70000 110000 150004 4.23684
75000 110000 150007 6.5215
70000 115000 150005 4.7945
75000 115000 150006 5.52905
75000 110000 150007 6.5215
80000 110000 150008 8.42459
75000 115000 150006 5.52905
80000 115000 150007 6.87715
70000 115000 150005 4.7945
75000 115000 150006 5.52905
70000 120000 150005 5.10854
75000 120000 150007 7.18909
75000 115000 150006 5.52905
80000 115000 150007 6.87715
75000 120000 150007 7.18909
80000 120000 150008 7.7177
160000 0 150012 11.5359
165000 0 150015 14.9053
160000 5000 150013 13.3577
165000 5000 150015 14.9452
165000 0 150015 14.9053
170000 0 150019 18.7715
165000 5000 150015 14.9452
170000 5000 150019 18.9979
160000 5000 150013 13.3577
165000 5000 150015 14.9452
160000 10000 150014 14.2612
165000 10000 150017 16.5535
165000 5000 150015 14.9452
170000 5000 150019 18.9979
165000 10000 150017 16.5535
170000 10000 150020 19.5398
170000 0 150019 18.7715
175000 0 150018 17.5697
170000 5000 150019 18.9979
175000 5000 150018 17.8619
175000 0 150018 17.5697
180000 0 150018 17.5398
175000 5000 150018 17.8619
180000 5000 150019 18.5973
170000 5000 150019 18.9979
175000 5000 150018 17.8619
170000 10000 150020 19.5398
175000 10000 150020 20.2405
175000 5000 150018 17.8619
180000 5000 150019 18.5973
175000 10000 150020 20.2405
180000 10000 150017 16.9855
180000 0 150018 17.5398
185000 0 150016 15.5822
180000 5000 150019 18.5973
185000 5000 150016 16.3506
185000 0 150016 15.5822
190000 0 150014 14.1294
185000 5000 150016 16.3506
190000 5000 150013 12.7248
180000 5000 150019 18.5973
185000 5000 150016 16.3506
180000 10000 150017 16.9855
185000 10000 150017 17.0724
185000 5000 150016 16.3506
190000 5000 150013 12.7248
185000 10000 150017 17.0724
190000 10000 150015 15.2186
190000 0 150014 14.1294
195000 0 150013 13.1091
190000 5000 150013 12.7248
195000 5000 150012 11.7726
195000 0 150013 13.1091
200000 0 150012 12.0754
195000 5000 150012 11.7726
200000 5000 150010 9.52296
190000 5000 150013 12.7248
195000 5000 150012 11.7726
190000 10000 150015 15.2186
195000 10000 150011 10.7769
195000 5000 150012 11.7726
200000 5000 150010 9.52296
195000 10000 150011 10.7769
200000 10000 150011 10.5065
200000 0 150012 12.0754
205000 0 150007 7.37132
200000 5000 150010 9.52296
205000 5000 150007 6.53862
205000 0 150007 7.37132
210000 0 150005 5.01312
205000 5000 150007 6.53862
210000 5000 150004 4.04922
200000 5000 150010 9.52296
205000 5000 150007 6.53862
200000 10000 150011 10.5065
205000 10000 150006 6.45591
205000 5000 150007 6.53862
210000 5000 150004 4.04922
205000 10000 150006 6.45591
210000 10000 150003 2.83236
210000 0 150005 5.01312
215000 0 150002 2.43679
210000 5000 150004 4.04922
215000 5000 150001 1.05495
215000 0 150002 2.43679
220000 0 150000 -0.305488
215000 5000 150001 1.05495
220000 5000 149999 -1.13599
210000 5000 150004 4.04922
215000 5000 150001 1.05495
210000 10000 150003 2.83236
215000 10000 150001 1.17143
215000 5000 150001 1.05495
220000 5000 149999 -1.13599
215000 10000 150001 1.17143
220000 10000 149996 -3.59765
220000 0 150000 -0.305488
225000 0 149996 -4.11664
220000 5000 149999 -1.13599
225000 5000 149993 -6.76569
225000 0 149996 -4.11664
230000 0 149994 -5.56486
225000 5000 149993 -6.76569
230000 5000 149991 -8.94261
220000 5000 149999 -1.13599
225000 5000 149993 -6.76569
220000 10000 149996 -3.59765
225000 10000 149996 -3.52867
225000 5000 149993 -6.76569
230000 5000 149991 -8.94261
225000 10000 149996 -3.52867
230000 10000 149995 -5.47023
230000 0 149994 -5.56486
235000 0 149993 -7.36494
230000 5000 149991 -8.94261
235000 5000 149992 -7.89085
235000 0 149993 -7.36494
240000 0 149991 -8.57949
235000 5000 149992 -7.89085
240000 5000 149991 -9.24232
230000 5000 149991 -8.94261
235000 5000 149992 -7.89085
230000 10000 149995 -5.47023
235000 10000 149993 -7.03973
235000 5000 149992 -7.89085
240000 5000 149991 -9.24232
235000 10000 149993 -7.03973
240000 10000 149988 -12.2846
160000 10000 150014 14.2612
165000 10000 150017 16.5535
160000 15000 150015 14.59
165000 15000 150017 17.1511
165000 10000 150017 16.5535
170000 10000 150020 19.5398
165000 15000 150017 17.1511
170000 15000 150020 20.0699
160000 15000 150015 14.59
165000 15000 150017 17.1511
160000 20000 150014 13.6407
165000 20000 150015 14.8756
165000 15000 150017 17.1511
170000 15000 150020 20.0699
165000 20000 150015 14.8756
170000 20000 150018 17.9745
170000 10000 150020 19.5398
175000 10000 150020 20.2405
170000 15000 150020 20.0699
175000 15000 150020 19.7516
175000 10000 150020 20.2405
180000 10000 150017 16.9855
175000 15000 150020 19.7516
180000 15000 150020 19.7993
170000 15000 150020 20.0699
175000 15000 150020 19.7516
170000 20000 150018 17.9745
175000 20000 150019 19.4017
175000 15000 150020 19.7516
180000 15000 150020 19.7993
175000 20000 150019 19.4017
180000 20000 150019 19.4625
180000 10000 150017 16.9855
185000 10000 150017 17.0724
180000 15000 150020 19.7993
185000 15000 150018 18.4434
185000 10000 150017 17.0724
190000 10000 150015 15.2186
185000 15000 150018 18.4434
190000 15000 150015 14.9113
180000 15000 150020 19.7993
185000 15000 150018 18.4434
180000 20000 150019 19.4625
185000 20000 150020 19.9583
185000 15000 150018 18.4434
190000 15000 150015 14.9113
185000 20000 150020 19.9583
190000 20000 150018 18.1182
190000 10000 150015 15.2186
195000 10000 150011 10.7769
190000 15000 150015 14.9113
195000 15000 150014 14.0405
195000 10000 150011 10.7769
200000 10000 150011 10.5065
195000 15000 150014 14.0405
200000 15000 150010 9.76689
190000 15000 150015 14.9113
195000 15000 150014 14.0405
190000 20000 150018 18.1182
195000 20000 150014 14.314
195000 15000 150014 14.0405
200000 15000 150010 9.76689
195000 20000 150014 14.314
200000 20000 150009 8.65114
200000 10000 150011 10.5065
205000 10000 150006 6.45591
200000 15000 150010 9.76689
205000 15000 150007 6.83401
205000 10000 150006 6.45591
210000 10000 150003 2.83236
205000 15000 150007 6.83401
210000 15000 150004 4.19569
200000 15000 150010 9.76689
205000 15000 150007 6.83401
200000 20000 150009 8.65114
205000 20000 150007 6.68795
205000 15000 150007 6.83401
210000 15000 150004 4.19569
205000 20000 150007 6.68795
210000 20000 150005 4.99285
210000 10000 150003 2.83236
215000 10000 150001 1.17143
210000 15000 150004 4.19569
215000 15000 150000 -0.339032
215000 10000 150001 1.17143
220000 10000 149996 -3.59765
215000 15000 150000 -0.339032
220000 15000 149999 -1.14807
210000 15000 150004 4.19569
215000 15000 150000 -0.339032
210000 20000 150005 4.99285
215000 20000 150003 2.56298
215000 15000 150000 -0.339032
220000 15000 149999 -1.14807
215000 20000 150003 2.56298
220000 20000 150000 0.336984
220000 10000 149996 -3.59765
225000 10000 149996 -3.52867
220000 15000 149999 -1.14807
225000 15000 149997 -3.17891
225000 10000 149996 -3.52867
230000 10000 149995 -5.47023
225000 15000 149997 -3.17891
230000 15000 149994 -5.61008
220000 15000 149999 -1.14807
225000 15000 149997 -3.17891
220000 20000 150000 0.336984
225000 20000 149997 -2.94861
225000 15000 149997 -3.17891
230000 15000 149994 -5.61008
225000 20000 149997 -2.94861
230000 20000 149993 -7.35415
230000 10000 149995 -5.47023
235000 10000 149993 -7.03973
230000 15000 149994 -5.61008
235000 15000 149992 -8.42531
235000 10000 149993 -7.03973
240000 10000 149988 -12.2846
235000 15000 149992 -8.42531
240000 15000 149989 -11.1265
230000 15000 149994 -5.61008
235000 15000 149992 -8.42531
230000 20000 149993 -7.35415
235000 20000 149991 -9.00631
235000 15000 149992 -8.42531
240000 15000 149989 -11.1265
235000 20000 149991 -9.00631
240000 20000 149990 -10.1156
160000 20000 150014 13.6407
165000 20000 150015 14.8756
160000 25000 150011 11.0493
165000 25000 150014 13.6329
165000 20000 150015 14.8756
170000 20000 150018 17.9745
165000 25000 150014 13.6329
170000 25000 150017 17.0852
160000 25000 150011 11.0493
165000 25000 150014 13.6329
160000 30000 150014 13.7832
165000 30000 150018 17.6776
165000 25000 150014 13.6329
170000 25000 150017 17.0852
165000 30000 150018 17.6776
170000 30000 150019 19.4025
170000 20000 150018 17.9745
175000 20000 150019 19.4017
170000 25000 150017 17.0852
175000 25000 150021 20.5333
175000 20000 150019 19.4017
180000 20000 150019 19.4625
175000 25000 150021 20.5333
180000 25000 150020 19.5401
170000 25000 150017 17.0852
175000 25000 150021 20.5333
170000 30000 150019 19.4025
175000 30000 150020 19.9258
175000 25000 150021 20.5333
180000 25000 150020 19.5401
175000 30000 150020 19.9258
180000 30000 150020 20.0491
180000 20000 150019 19.4625
185000 20000 150020 19.9583
180000 25000 150020 19.5401
185000 25000 150020 20.3822
185000 20000 150020 19.9583
190000 20000 150018 18.1182
185000 25000 150020 20.3822
190000 25000 150017 17.3079
180000 25000 150020 19.5401
185000 25000 150020 20.3822
180000 30000 150020 20.0491
185000 30000 150022 21.9484
185000 25000 150020 20.3822
190000 25000 150017 17.3079
185000 30000 150022 21.9484
190000 30000 150019 18.8923
190000 20000 150018 18.1182
195000 20000 150014 14.314
190000 25000 150017 17.3079
195000 25000 150013 12.7751
195000 20000 150014 14.314
200000 20000 150009 8.65114
195000 25000 150013 12.7751
200000 25000 150011 10.7335
190000 25000 150017 17.3079
195000 25000 150013 12.7751
190000 30000 150019 18.8923
195000 30000 150015 14.5105
195000 25000 150013 12.7751
200000 25000 150011 10.7335
195000 30000 150015 14.5105
200000 30000 150012 12.0396
200000 20000 150009 8.65114
205000 20000 150007 6.68795
200000 25000 150011 10.7335
205000 25000 150009 8.59118
205000 20000 150007 6.68795
210000 20000 150005 4.99285
205000 25000 150009 8.59118
210000 25000 150006 5.77154
200000 25000 150011 10.7335
205000 25000 150009 8.59118
200000 30000 150012 12.0396
205000 30000 150008 7.56789
205000 25000 150009 8.59118
210000 25000 150006 5.77154
205000 30000 150008 7.56789
210000 30000 150004 3.72727
210000 20000 150005 4.99285
215000 20000 150003 2.56298
210000 25000 150006 5.77154
215000 25000 150002 2.43865
215000 20000 150003 2.56298
220000 20000 150000 0.336984
215000 25000 150002 2.43865
220000 25000 150001 0.619216
210000 25000 150006 5.77154
215000 25000 150002 2.43865
210000 30000 150004 3.72727
215000 30000 150002 2.39852
215000 25000 150002 2.43865
220000 25000 150001 0.619216
215000 30000 150002 2.39852
220000 30000 149999 -1.09565
220000 20000 150000 0.336984
225000 20000 149997 -2.94861
220000 25000 150001 0.619216
225000 25000 149996 -4.39602
225000 20000 149997 -2.94861
230000 20000 149993 -7.35415
225000 25000 149996 -4.39602
230000 25000 149993 -7.02696
220000 25000 150001 0.619216
225000 25000 149996 -4.39602
220000 30000 149999 -1.09565
225000 30000 149998 -1.83816
225000 25000 149996 -4.39602
230000 25000 149993 -7.02696
225000 30000 149998 -1.83816
230000 30000 149993 -7.40978
230000 20000 149993 -7.35415
235000 20000 149991 -9.00631
230000 25000 149993 -7.02696
235000 25000 149993 -7.281
235000 20000 149991 -9.00631
240000 20000 149990 -10.1156
235000 25000 149993 -7.281
240000 25000 149990 -9.54015
230000 25000 149993 -7.02696
235000 25000 149993 -7.281
230000 30000 149993 -7.40978
235000 30000 149992 -8.08193
235000 25000 149993 -7.281
240000 25000 149990 -9.54015
235000 30000 149992 -8.08193
240000 30000 149990 -9.97451
160000 30000 150014 13.7832
165000 30000 150018 17.6776
160000 35000 150016 16.1971
165000 35000 150017 17.0334
165000 30000 150018 17.6776
170000 30000 150019 19.4025
165000 35000 150017 17.0334
170000 35000 150020 20.2723
160000 35000 150016 16.1971
165000 35000 150017 17.0334
160000 40000 150008 7.99193
165000 40000 150015 14.6663
165000 35000 150017 17.0334
170000 35000 150020 20.2723
165000 40000 150015 14.6663
170000 40000 150020 19.7623
170000 30000 150019 19.4025
175000 30000 150020 19.9258
170000 35000 150020 20.2723
175000 35000 150022 22.2826
175000 30000 150020 19.9258
180000 30000 150020 20.0491
175000 35000 150022 22.2826
180000 35000 150021 20.8166
170000 35000 150020 20.2723
175000 35000 150022 22.2826
170000 40000 150020 19.7623
175000 40000 150020 19.9781
175000 35000 150022 22.2826
180000 35000 150021 20.8166
175000 40000 150020 19.9781
180000 40000 150021 21.207
180000 30000 150020 20.0491
185000 30000 150022 21.9484
180000 35000 150021 20.8166
185000 35000 150021 20.778
185000 30000 150022 21.9484
190000 30000 150019 18.8923
185000 35000 150021 20.778
190000 35000 150020 19.7382
180000 35000 150021 20.8166
185000 35000 150021 20.778
180000 40000 150021 21.207
185000 40000 150021 20.991
185000 35000 150021 20.778
190000 35000 150020 19.7382
185000 40000 150021 20.991
190000 40000 150021 20.6454
190000 30000 150019 18.8923
195000 30000 150015 14.5105
190000 35000 150020 19.7382
195000 35000 150016 16.3522
195000 30000 150015 14.5105
200000 30000 150012 12.0396
195000 35000 150016 16.3522
200000 35000 150012 12.3167
190000 35000 150020 19.7382
195000 35000 150016 16.3522
190000 40000 150021 20.6454
195000 40000 150016 16.2569
195000 35000 150016 16.3522
200000 35000 150012 12.3167
195000 40000 150016 16.2569
200000 40000 150015 15.494
200000 30000 150012 12.0396
205000 30000 150008 7.56789
200000 35000 150012 12.3167
205000 35000 150011 11.2941
205000 30000 150008 7.56789
210000 30000 150004 3.72727
205000 35000 150011 11.2941
210000 35000 150004 4.27708
200000 35000 150012 12.3167
205000 35000 150011 11.2941
200000 40000 150015 15.494
205000 40000 150011 11.0874
205000 35000 150011 11.2941
210000 35000 150004 4.27708
205000 40000 150011 11.0874
210000 40000 150007 6.99678
210000 30000 150004 3.72727
215000 30000 150002 2.39852
210000 35000 150004 4.27708
215000 35000 150002 1.8688
215000 30000 150002 2.39852
220000 30000 149999 -1.09565
215000 35000 150002 1.8688
220000 35000 150001 0.598179
210000 35000 150004 4.27708
215000 35000 150002 1.8688
210000 40000 150007 6.99678
215000 40000 150003 3.15603
215000 35000 150002 1.8688
220000 35000 150001 0.598179
215000 40000 150003 3.15603
220000 40000 149999 -0.938769
220000 30000 149999 -1.09565
225000 30000 149998 -1.83816
220000 35000 150001 0.598179
225000 35000 149998 -1.77617
225000 30000 149998 -1.83816
230000 30000 149993 -7.40978
225000 35000 149998 -1.77617
230000 35000 149996 -3.70186
220000 35000 150001 0.598179
225000 35000 149998 -1.77617
220000 40000 149999 -0.938769
225000 40000 149996 -3.62247
225000 35000 149998 -1.77617
230000 35000 149996 -3.70186
225000 40000 149996 -3.62247
230000 40000 149996 -4.4743
230000 30000 149993 -7.40978
235000 30000 149992 -8.08193
230000 35000 149996 -3.70186
235000 35000 149994 -6.42067
235000 30000 149992 -8.08193
240000 30000 149990 -9.97451
235000 35000 149994 -6.42067
240000 35000 149990 -10.3882
230000 35000 149996 -3.70186
235000 35000 149994 -6.42067
230000 40000 149996 -4.4743
235000 40000 149992 -7.90329
235000 35000 149994 -6.42067
240000 35000 149990 -10.3882
235000 40000 149992 -7.90329
240000 40000 149990 -9.93266
160000 40000 150008 7.99193
165000 40000 150015 14.6663
160000 45000 150014 14.0508
165000 45000 150018 18.1871
165000 40000 150015 14.6663
170000 40000 150020 19.7623
165000 45000 150018 18.1871
170000 45000 150019 18.5497
160000 45000 150014 14.0508
165000 45000 150018 18.1871
160000 50000 150000 -0.36194
165000 50000 150011 10.6258
165000 45000 150018 18.1871
170000 45000 150019 18.5497
165000 50000 150011 10.6258
170000 50000 150018 17.7667
170000 40000 150020 19.7623
175000 40000 150020 19.9781
170000 45000 150019 18.5497
175000 45000 150019 19.3695
175000 40000 150020 19.9781
180000 40000 150021 21.207
175000 45000 150019 19.3695
180000 45000 150021 20.7279
170000 45000 150019 18.5497
175000 45000 150019 19.3695
170000 50000 150018 17.7667
175000 50000 150019 19.469
175000 45000 150019 19.3695
180000 45000 150021 20.7279
175000 50000 150019 19.469
180000 50000 150022 21.5425
180000 40000 150021 21.207
185000 40000 150021 20.991
180000 45000 150021 20.7279
185000 45000 150022 22.1018
185000 40000 150021 20.991
190000 40000 150021 20.6454
185000 45000 150022 22.1018
190000 45000 150019 19.4392
180000 45000 150021 20.7279
185000 45000 150022 22.1018
180000 50000 150022 21.5425
185000 50000 150021 21.2076
185000 45000 150022 22.1018
190000 45000 150019 19.4392
185000 50000 150021 21.2076
190000 50000 150021 20.6139
190000 40000 150021 20.6454
195000 40000 150016 16.2569
190000 45000 150019 19.4392
195000 45000 150018 18.1265
195000 40000 150016 16.2569
200000 40000 150015 15.494
195000 45000 150018 18.1265
200000 45000 150016 15.9728
190000 45000 150019 19.4392
195000 45000 150018 18.1265
190000 50000 150021 20.6139
195000 50000 150019 18.9041
195000 45000 150018 18.1265
200000 45000 150016 15.9728
195000 50000 150019 18.9041
200000 50000 150017 17.1582
200000 40000 150015 15.494
205000 40000 150011 11.0874
200000 45000 150016 15.9728
205000 45000 150011 10.8042
205000 40000 150011 11.0874
210000 40000 150007 6.99678
205000 45000 150011 10.8042
210000 45000 150006 6.49261
200000 45000 150016 15.9728
205000 45000 150011 10.8042
200000 50000 150017 17.1582
205000 50000 150014 14.1086
205000 45000 150011 10.8042
210000 45000 150006 6.49261
205000 50000 150014 14.1086
210000 50000 150009 8.81718
210000 40000 150007 6.99678
215000 40000 150003 3.15603
210000 45000 150006 6.49261
215000 45000 150003 2.96308
215000 40000 150003 3.15603
220000 40000 149999 -0.938769
215000 45000 150003 2.96308
220000 45000 150003 2.90774
210000 45000 150006 6.49261
215000 45000 150003 2.96308
210000 50000 150009 8.81718
215000 50000 150003 2.77145
215000 45000 150003 2.96308
220000 45000 150003 2.90774
215000 50000 150003 2.77145
220000 50000 149999 -0.556337
220000 40000 149999 -0.938769
225000 40000 149996 -3.62247
220000 45000 150003 2.90774
225000 45000 149999 -0.547332
225000 40000 149996 -3.62247
230000 40000 149996 -4.4743
225000 45000 149999 -0.547332
230000 45000 149995 -5.05578
220000 45000 150003 2.90774
225000 45000 149999 -0.547332
220000 50000 149999 -0.556337
225000 50000 149999 -0.849514
225000 45000 149999 -0.547332
230000 45000 149995 -5.05578
225000 50000 149999 -0.849514
230000 50000 149993 -7.07119
230000 40000 149996 -4.4743
235000 40000 149992 -7.90329
230000 45000 149995 -5.05578
235000 45000 149992 -7.77451
235000 40000 149992 -7.90329
240000 40000 149990 -9.93266
235000 45000 149992 -7.77451
240000 45000 149989 -11.2737
230000 45000 149995 -5.05578
235000 45000 149992 -7.77451
230000 50000 149993 -7.07119
235000 50000 149992 -7.73327
235000 45000 149992 -7.77451
240000 45000 149989 -11.2737
235000 50000 149992 -7.73327
240000 50000 149991 -8.86915
160000 50000 150000 -0.36194
165000 50000 150011 10.6258
160000 55000 149997 -3.3717
165000 55000 150014 14.1049
165000 50000 150011 10.6258
170000 50000 150018 17.7667
165000 55000 150014 14.1049
170000 55000 150016 16.0796
160000 55000 149997 -3.3717
165000 55000 150014 14.1049
160000 60000 149980 -20.1429
165000 60000 150007 7.46321
165000 55000 150014 14.1049
170000 55000 150016 16.0796
165000 60000 150007 7.46321
170000 60000 150015 14.9766
170000 50000 150018 17.7667
175000 50000 150019 19.469
170000 55000 150016 16.0796
175000 55000 150018 18.2158
175000 50000 150019 19.469
180000 50000 150022 21.5425
175000 55000 150018 18.2158
180000 55000 150021 20.6702
170000 55000 150016 16.0796
175000 55000 150018 18.2158
170000 60000 150015 14.9766
175000 60000 150022 21.7794
175000 55000 150018 18.2158
180000 55000 150021 20.6702
175000 60000 150022 21.7794
180000 60000 150022 21.745
180000 50000 150022 21.5425
185000 50000 150021 21.2076
180000 55000 150021 20.6702
185000 55000 150022 22.1743
185000 50000 150021 21.2076
190000 50000 150021 20.6139
185000 55000 150022 22.1743
190000 55000 150023 22.5865
180000 55000 150021 20.6702
185000 55000 150022 22.1743
180000 60000 150022 21.745
185000 60000 150021 20.9689
185000 55000 150022 22.1743
190000 55000 150023 22.5865
185000 60000 150021 20.9689
190000 60000 150021 20.8627
190000 50000 150021 20.6139
195000 50000 150019 18.9041
190000 55000 150023 22.5865
195000 55000 150020 20.3499
195000 50000 150019 18.9041
200000 50000 150017 17.1582
195000 55000 150020 20.3499
200000 55000 150016 15.8437
190000 55000 150023 22.5865
195000 55000 150020 20.3499
190000 60000 150021 20.8627
195000 60000 150020 19.6431
195000 55000 150020 20.3499
200000 55000 150016 15.8437
195000 60000 150020 19.6431
200000 60000 150017 16.5868
200000 50000 150017 17.1582
205000 50000 150014 14.1086
200000 55000 150016 15.8437
205000 55000 150012 11.8655
205000 50000 150014 14.1086
210000 50000 150009 8.81718
205000 55000 150012 11.8655
210000 55000 150007 6.74584
200000 55000 150016 15.8437
205000 55000 150012 11.8655
200000 60000 150017 16.5868
205000 60000 150016 15.5501
205000 55000 150012 11.8655
210000 55000 150007 6.74584
205000 60000 150016 15.5501
210000 60000 150012 11.5792
210000 50000 150009 8.81718
215000 50000 150003 2.77145
210000 55000 150007 6.74584
215000 55000 150007 6.81371
215000 50000 150003 2.77145
220000 50000 149999 -0.556337
215000 55000 150007 6.81371
220000 55000 150003 3.02317
210000 55000 150007 6.74584
215000 55000 150007 6.81371
210000 60000 150012 11.5792
215000 60000 150008 8.3169
215000 55000 150007 6.81371
220000 55000 150003 3.02317
215000 60000 150008 8.3169
220000 60000 150003 2.7914
220000 50000 149999 -0.556337
225000 50000 149999 -0.849514
220000 55000 150003 3.02317
225000 55000 149999 -1.34344
225000 50000 149999 -0.849514
230000 50000 149993 -7.07119
225000 55000 149999 -1.34344
230000 55000 149997 -3.21071
220000 55000 150003 3.02317
225000 55000 149999 -1.34344
220000 60000 150003 2.7914
225000 60000 150000 -0.381855
225000 55000 149999 -1.34344
230000 55000 149997 -3.21071
225000 60000 150000 -0.381855
230000 60000 149997 -3.14202
230000 50000 149993 -7.07119
235000 50000 149992 -7.73327
230000 55000 149997 -3.21071
235000 55000 149993 -6.57282
235000 50000 149992 -7.73327
240000 50000 149991 -8.86915
235000 55000 149993 -6.57282
240000 55000 149990 -9.73681
230000 55000 149997 -3.21071
235000 55000 149993 -6.57282
230000 60000 149997 -3.14202
235000 60000 149994 -6.14709
235000 55000 149993 -6.57282
240000 55000 149990 -9.73681
235000 60000 149994 -6.14709
240000 60000 149991 -9.07561
160000 60000 149980 -20.1429
165000 60000 150007 7.46321
160000 65000 149969 -30.8688
165000 65000 149988 -11.8781
165000 60000 150007 7.46321
170000 60000 150015 14.9766
165000 65000 149988 -11.8781
170000 65000 150014 13.8547
160000 65000 149969 -30.8688
165000 65000 149988 -11.8781
160000 70000 149943 -56.63
165000 70000 149978 -22.0627
165000 65000 149988 -11.8781
170000 65000 150014 13.8547
165000 70000 149978 -22.0627
170000 70000 150007 7.35677
170000 60000 150015 14.9766
175000 60000 150022 21.7794
170000 65000 150014 13.8547
175000 65000 150023 22.9836
175000 60000 150022 21.7794
180000 60000 150022 21.745
175000 65000 150023 22.9836
180000 65000 150022 22.3053
170000 65000 150014 13.8547
175000 65000 150023 22.9836
170000 70000 150007 7.35677
175000 70000 150019 18.5589
175000 65000 150023 22.9836
180000 65000 150022 22.3053
175000 70000 150019 18.5589
180000 70000 150022 21.5631
180000 60000 150022 21.745
185000 60000 150021 20.9689
180000 65000 150022 22.3053
185000 65000 150022 21.9058
185000 60000 150021 20.9689
190000 60000 150021 20.8627
185000 65000 150022 21.9058
190000 65000 150022 22.14
180000 65000 150022 22.3053
185000 65000 150022 21.9058
180000 70000 150022 21.5631
185000 70000 150023 22.7967
185000 65000 150022 21.9058
190000 65000 150022 22.14
185000 70000 150023 22.7967
190000 70000 150023 22.8259
190000 60000 150021 20.8627
195000 60000 150020 19.6431
190000 65000 150022 22.14
195000 65000 150019 19.0117
195000 60000 150020 19.6431
200000 60000 150017 16.5868
195000 65000 150019 19.0117
200000 65000 150020 19.5448
190000 65000 150022 22.14
195000 65000 150019 19.0117
190000 70000 150023 22.8259
195000 70000 150023 22.8458
195000 65000 150019 19.0117
200000 65000 150020 19.5448
195000 70000 150023 22.8458
200000 70000 150020 20.0542
160000 70000 149943 -56.63
165000 70000 149978 -22.0627
160000 75000 149922 -77.9352
165000 75000 149964 -35.7215
165000 70000 149978 -22.0627
170000 70000 150007 7.35677
165000 75000 149964 -35.7215
170000 75000 149988 -11.6935
160000 75000 149922 -77.9352
165000 75000 149964 -35.7215
160000 80000 149921 -78.561
165000 80000 149939 -61.1158
165000 75000 149964 -35.7215
170000 75000 149988 -11.6935
165000 80000 149939 -61.1158
170000 80000 149978 -22.2158
170000 70000 150007 7.35677
175000 70000 150019 18.5589
170000 75000 149988 -11.6935
175000 75000 150012 12.3433
175000 70000 150019 18.5589
180000 70000 150022 21.5631
175000 75000 150012 12.3433
180000 75000 150023 23.4707
170000 75000 149988 -11.6935
175000 75000 150012 12.3433
170000 80000 149978 -22.2158
175000 80000 150010 10.223
175000 75000 150012 12.3433
180000 75000 150023 23.4707
175000 80000 150010 10.223
180000 80000 150024 24.028
180000 70000 150022 21.5631
185000 70000 150023 22.7967
180000 75000 150023 23.4707
185000 75000 150026 26.0267
185000 70000 150023 22.7967
190000 70000 150023 22.8259
185000 75000 150026 26.0267
190000 75000 150026 25.6994
180000 75000 150023 23.4707
185000 75000 150026 26.0267
180000 80000 150024 24.028
185000 80000 150025 25.0935
185000 75000 150026 26.0267
190000 75000 150026 25.6994
185000 80000 150025 25.0935
190000 80000 150025 25.4529
190000 70000 150023 22.8259
195000 70000 150023 22.8458
190000 75000 150026 25.6994
195000 75000 150023 22.6922
195000 70000 150023 22.8458
200000 70000 150020 20.0542
195000 75000 150023 22.6922
200000 75000 150020 20.0245
190000 75000 150026 25.6994
195000 75000 150023 22.6922
190000 80000 150025 25.4529
195000 80000 150024 23.543
195000 75000 150023 22.6922
200000 75000 150020 20.0245
195000 80000 150024 23.543
200000 80000 150022 22.2504
110000 80000 150026 25.7028
115000 80000 150025 25.2901
110000 85000 150023 22.7405
115000 85000 150024 24.1944
115000 80000 150025 25.2901
120000 80000 150026 26.1029
115000 85000 150024 24.1944
120000 85000 150026 26.0044
110000 85000 150023 22.7405
115000 85000 150024 24.1944
110000 90000 150022 21.7177
115000 90000 150023 23.3951
115000 85000 150024 24.1944
120000 85000 150026 26.0044
115000 90000 150023 23.3951
120000 90000 150024 24.3337
120000 80000 150026 26.1029
125000 80000 150025 24.9138
120000 85000 150026 26.0044
125000 85000 150023 23.4908
125000 80000 150025 24.9138
130000 80000 150021 20.7972
125000 85000 150023 23.4908
130000 85000 150023 22.6367
120000 85000 150026 26.0044
125000 85000 150023 23.4908
120000 90000 150024 24.3337
125000 90000 150024 23.6431
125000 85000 150023 23.4908
130000 85000 150023 22.6367
125000 90000 150024 23.6431
130000 90000 150022 22.1456
130000 80000 150021 20.7972
135000 80000 150019 18.8007
130000 85000 150023 22.6367
135000 85000 150020 20.3383
135000 80000 150019 18.8007
140000 80000 150018 17.6858
135000 85000 150020 20.3383
140000 85000 150018 17.964
130000 85000 150023 22.6367
135000 85000 150020 20.3383
130000 90000 150022 22.1456
135000 90000 150019 18.7901
135000 85000 150020 20.3383
140000 85000 150018 17.964
135000 90000 150019 18.7901
140000 90000 150015 14.8189
140000 80000 150018 17.6858
145000 80000 150010 10.0379
140000 85000 150018 17.964
145000 85000 150013 13.4882
145000 80000 150010 10.0379
150000 80000 149986 -13.9344
145000 85000 150013 13.4882
150000 85000 150000 -0.405537
140000 85000 150018 17.964
145000 85000 150013 13.4882
140000 90000 150015 14.8189
145000 90000 150008 7.77667
145000 85000 150013 13.4882
150000 85000 150000 -0.405537
145000 90000 150008 7.77667
150000 90000 150006 6.27751
150000 80000 149986 -13.9344
155000 80000 149959 -41.2713
150000 85000 150000 -0.405537
155000 85000 149978 -22.4812
155000 80000 149959 -41.2713
160000 80000 149921 -78.561
155000 85000 149978 -22.4812
160000 85000 149939 -61.4752
150000 85000 150000 -0.405537
155000 85000 149978 -22.4812
150000 90000 150006 6.27751
155000 90000 149988 -12.4058
155000 85000 149978 -22.4812
160000 85000 149939 -61.4752
155000 90000 149988 -12.4058
160000 90000 149964 -35.7627
100000 90000 150019 18.9259
105000 90000 150020 20.1566
100000 95000 150017 17.0899
105000 95000 150020 20.0057
105000 90000 150020 20.1566
110000 90000 150022 21.7177
105000 95000 150020 20.0057
110000 95000 150023 23.1052
100000 95000 150017 17.0899
105000 95000 150020 20.0057
100000 100000 150018 17.7413
105000 100000 150020 19.8244
105000 95000 150020 20.0057
110000 95000 150023 23.1052
105000 100000 150020 19.8244
110000 100000 150020 19.7199
110000 90000 150022 21.7177
115000 90000 150023 23.3951
110000 95000 150023 23.1052
115000 95000 150022 22.1806
115000 90000 150023 23.3951
120000 90000 150024 24.3337
115000 95000 150022 22.1806
120000 95000 150023 23.2177
110000 95000 150023 23.1052
115000 95000 150022 22.1806
110000 100000 150020 19.7199
115000 100000 150024 23.7644
115000 95000 150022 22.1806
120000 95000 150023 23.2177
115000 100000 150024 23.7644
120000 100000 150023 23.0029
120000 90000 150024 24.3337
125000 90000 150024 23.6431
120000 95000 150023 23.2177
125000 95000 150023 23.1431
125000 90000 150024 23.6431
130000 90000 150022 22.1456
125000 95000 150023 23.1431
130000 95000 150022 21.713
120000 95000 150023 23.2177
125000 95000 150023 23.1431
120000 100000 150023 23.0029
125000 100000 150022 22.3174
125000 95000 150023 23.1431
130000 95000 150022 21.713
125000 100000 150022 22.3174
130000 100000 150021 21.375
130000 90000 150022 22.1456
135000 90000 150019 18.7901
130000 95000 150022 21.713
135000 95000 150018 18.2722
135000 90000 150019 18.7901
140000 90000 150015 14.8189
135000 95000 150018 18.2722
140000 95000 150018 18.0942
130000 95000 150022 21.713
135000 95000 150018 18.2722
130000 100000 150021 21.375
135000 100000 150018 18.3842
135000 95000 150018 18.2722
140000 95000 150018 18.0942
135000 100000 150018 18.3842
140000 100000 150017 16.5911
140000 90000 150015 14.8189
145000 90000 150008 7.77667
140000 95000 150018 18.0942
145000 95000 150015 15.4357
145000 90000 150008 7.77667
150000 90000 150006 6.27751
145000 95000 150015 15.4357
150000 95000 150008 8.43636
140000 95000 150018 18.0942
145000 95000 150015 15.4357
140000 100000 150017 16.5911
145000 100000 150013 13.0246
145000 95000 150015 15.4357
150000 95000 150008 8.43636
145000 100000 150013 13.0246
150000 100000 150010 10.2583
150000 90000 150006 6.27751
155000 90000 149988 -12.4058
150000 95000 150008 8.43636
155000 95000 149995 -4.94144
155000 90000 149988 -12.4058
160000 90000 149964 -35.7627
155000 95000 149995 -4.94144
160000 95000 149978 -22.3855
150000 95000 150008 8.43636
155000 95000 149995 -4.94144
150000 100000 150010 10.2583
155000 100000 150000 -0.135596
155000 95000 149995 -4.94144
160000 95000 149978 -22.3855
155000 100000 150000 -0.135596
160000 100000 149984 -15.899
80000 100000 150006 5.66909
85000 100000 150010 9.93963
80000 105000 150010 9.83669
85000 105000 150010 9.99031
85000 100000 150010 9.93963
90000 100000 150011 10.5558
85000 105000 150010 9.99031
90000 105000 150012 11.7703
80000 105000 150010 9.83669
85000 105000 150010 9.99031
80000 110000 150008 8.42459
85000 110000 150008 7.74193
85000 105000 150010 9.99031
90000 105000 150012 11.7703
85000 110000 150008 7.74193
90000 110000 150012 12.1224
90000 100000 150011 10.5558
95000 100000 150013 13.4428
90000 105000 150012 11.7703
95000 105000 150014 13.5607
95000 100000 150013 13.4428
100000 100000 150018 17.7413
95000 105000 150014 13.5607
100000 105000 150016 15.5605
90000 105000 150012 11.7703
95000 105000 150014 13.5607
90000 110000 150012 12.1224
95000 110000 150015 15.4692
95000 105000 150014 13.5607
100000 105000 150016 15.5605
95000 110000 150015 15.4692
100000 110000 150016 16.2709
100000 100000 150018 17.7413
105000 100000 150020 19.8244
100000 105000 150016 15.5605
105000 105000 150018 18.1001
105000 100000 150020 19.8244
110000 100000 150020 19.7199
105000 105000 150018 18.1001
110000 105000 150020 20.1952
100000 105000 150016 15.5605
105000 105000 150018 18.1001
100000 110000 150016 16.2709
105000 110000 150021 20.5224
105000 105000 150018 18.1001
110000 105000 150020 20.1952
105000 110000 150021 20.5224
110000 110000 150021 20.9872
110000 100000 150020 19.7199
115000 100000 150024 23.7644
110000 105000 150020 20.1952
115000 105000 150022 22.1185
115000 100000 150024 23.7644
120000 100000 150023 23.0029
115000 105000 150022 22.1185
120000 105000 150023 22.7275
110000 105000 150020 20.1952
115000 105000 150022 22.1185
110000 110000 150021 20.9872
115000 110000 150020 19.7134
115000 105000 150022 22.1185
120000 105000 150023 22.7275
115000 110000 150020 19.7134
120000 110000 150021 20.6484
120000 100000 150023 23.0029
125000 100000 150022 22.3174
120000 105000 150023 22.7275
125000 105000 150022 22.334
125000 100000 150022 22.3174
130000 100000 150021 21.375
125000 105000 150022 22.334
130000 105000 150024 23.6812
120000 105000 150023 22.7275
125000 105000 150022 22.334
120000 110000 150021 20.6484
125000 110000 150022 21.9523
125000 105000 150022 22.334
130000 105000 150024 23.6812
125000 110000 150022 21.9523
130000 110000 150020 20.4828
130000 100000 150021 21.375
135000 100000 150018 18.3842
130000 105000 150024 23.6812
135000 105000 150019 18.6509
135000 100000 150018 18.3842
140000 100000 150017 16.5911
135000 105000 150019 18.6509
140000 105000 150015 14.5991
130000 105000 150024 23.6812
135000 105000 150019 18.6509
130000 110000 150020 20.4828
135000 110000 150020 20.3509
135000 105000 150019 18.6509
140000 105000 150015 14.5991
135000 110000 150020 20.3509
140000 110000 150015 15.401
140000 100000 150017 16.5911
145000 100000 150013 13.0246
140000 105000 150015 14.5991
145000 105000 150010 9.50446
145000 100000 150013 13.0246
150000 100000 150010 10.2583
145000 105000 150010 9.50446
150000 105000 150006 6.34206
140000 105000 150015 14.5991
145000 105000 150010 9.50446
140000 110000 150015 15.401
145000 110000 150012 12.0011
145000 105000 150010 9.50446
150000 105000 150006 6.34206
145000 110000 150012 12.0011
150000 110000 150005 5.07961
150000 100000 150010 10.2583
155000 100000 150000 -0.135596
150000 105000 150006 6.34206
155000 105000 150001 1.07313
155000 100000 150000 -0.135596
160000 100000 149984 -15.899
155000 105000 150001 1.07313
160000 105000 149988 -11.663
150000 105000 150006 6.34206
155000 105000 150001 1.07313
150000 110000 150005 5.07961
155000 110000 150000 -0.224733
155000 105000 150001 1.07313
160000 105000 149988 -11.663
155000 110000 150000 -0.224733
160000 110000 149992 -8.26568
80000 110000 150008 8.42459
85000 110000 150008 7.74193
80000 115000 150007 6.87715
85000 115000 150010 10.3263
85000 110000 150008 7.74193
90000 110000 150012 12.1224
85000 115000 150010 10.3263
90000 115000 150012 11.7416
80000 115000 150007 6.87715
85000 115000 150010 10.3263
80000 120000 150008 7.7177
85000 120000 150010 10.3246
85000 115000 150010 10.3263
90000 115000 150012 11.7416
85000 120000 150010 10.3246
90000 120000 150012 11.535
90000 110000 150012 12.1224
95000 110000 150015 15.4692
90000 115000 150012 11.7416
95000 115000 150015 14.5855
95000 110000 150015 15.4692
100000 110000 150016 16.2709
95000 115000 150015 14.5855
100000 115000 150017 17.3634
90000 115000 150012 11.7416
95000 115000 150015 14.5855
90000 120000 150012 11.535
95000 120000 150012 12.3766
95000 115000 150015 14.5855
100000 115000 150017 17.3634
95000 120000 150012 12.3766
100000 120000 150014 14.0207
100000 110000 150016 16.2709
105000 110000 150021 20.5224
100000 115000 150017 17.3634
105000 115000 150019 18.5189
105000 110000 150021 20.5224
110000 110000 150021 20.9872
105000 115000 150019 18.5189
110000 115000 150020 19.9733
100000 115000 150017 17.3634
105000 115000 150019 18.5189
100000 120000 150014 14.0207
105000 120000 150018 17.6722
105000 115000 150019 18.5189
110000 115000 150020 19.9733
105000 120000 150018 17.6722
110000 120000 150021 20.9402
110000 110000 150021 20.9872
115000 110000 150020 19.7134
110000 115000 150020 19.9733
115000 115000 150022 21.6214
115000 110000 150020 19.7134
120000 110000 150021 20.6484
115000 115000 150022 21.6214
120000 115000 150023 22.6097
110000 115000 150020 19.9733
115000 115000 150022 21.6214
110000 120000 150021 20.9402
115000 120000 150019 19.4277
115000 115000 150022 21.6214
120000 115000 150023 22.6097
115000 120000 150019 19.4277
120000 120000 150023 22.9152
120000 110000 150021 20.6484
125000 110000 150022 21.9523
120000 115000 150023 22.6097
125000 115000 150022 21.6559
125000 110000 150022 21.9523
130000 110000 150020 20.4828
125000 115000 150022 21.6559
130000 115000 150021 21.0729
120000 115000 150023 22.6097
125000 115000 150022 21.6559
120000 120000 150023 22.9152
125000 120000 150023 22.56
125000 115000 150022 21.6559
130000 115000 150021 21.0729
125000 120000 150023 22.56
130000 120000 150021 20.672
130000 110000 150020 20.4828
135000 110000 150020 20.3509
130000 115000 150021 21.0729
135000 115000 150020 19.841
135000 110000 150020 20.3509
140000 110000 150015 15.401
135000 115000 150020 19.841
140000 115000 150014 13.9351
130000 115000 150021 21.0729
135000 115000 150020 19.841
130000 120000 150021 20.672
135000 120000 150019 18.7372
135000 115000 150020 19.841
140000 115000 150014 13.9351
135000 120000 150019 18.7372
140000 120000 150017 16.7408
140000 110000 150015 15.401
145000 110000 150012 12.0011
140000 115000 150014 13.9351
145000 115000 150008 8.48546
145000 110000 150012 12.0011
150000 110000 150005 5.07961
145000 115000 150008 8.48546
150000 115000 150002 2.13056
140000 115000 150014 13.9351
145000 115000 150008 8.48546
140000 120000 150017 16.7408
145000 120000 150010 10.0895
145000 115000 150008 8.48546
150000 115000 150002 2.13056
145000 120000 150010 10.0895
150000 120000 150006 6.00679
150000 110000 150005 5.07961
155000 110000 150000 -0.224733
150000 115000 150002 2.13056
155000 115000 149993 -6.74354
155000 110000 150000 -0.224733
160000 110000 149992 -8.26568
155000 115000 149993 -6.74354
160000 115000 149984 -15.7377
150000 115000 150002 2.13056
155000 115000 149993 -6.74354
150000 120000 150006 6.00679
155000 120000 150000 0.120542
155000 115000 149993 -6.74354
160000 115000 149984 -15.7377
155000 120000 150000 0.120542
160000 120000 149994 -6.39476
240000 0 149991 -8.57949
245000 0 149988 -11.9282
240000 5000 149991 -9.24232
245000 5000 149988 -11.5521
245000 0 149988 -11.9282
250000 0 149987 -13.3148
245000 5000 149988 -11.5521
250000 5000 149985 -14.8789
240000 5000 149991 -9.24232
245000 5000 149988 -11.5521
240000 10000 149988 -12.2846
245000 10000 149986 -13.5245
245000 5000 149988 -11.5521
250000 5000 149985 -14.8789
245000 10000 149986 -13.5245
250000 10000 149986 -13.524
250000 0 149987 -13.3148
255000 0 149985 -15.3076
250000 5000 149985 -14.8789
255000 5000 149985 -14.7747
255000 0 149985 -15.3076
260000 0 149984 -16.071
255000 5000 149985 -14.7747
260000 5000 149982 -17.5707
250000 5000 149985 -14.8789
255000 5000 149985 -14.7747
250000 10000 149986 -13.524
255000 10000 149984 -15.7078
255000 5000 149985 -14.7747
260000 5000 149982 -17.5707
255000 10000 149984 -15.7078
260000 10000 149984 -15.7938
260000 0 149984 -16.071
265000 0 149981 -18.7389
260000 5000 149982 -17.5707
265000 5000 149982 -17.6383
265000 0 149981 -18.7389
270000 0 149981 -18.5301
265000 5000 149982 -17.6383
270000 5000 149982 -18.2796
260000 5000 149982 -17.5707
265000 5000 149982 -17.6383
260000 10000 149984 -15.7938
265000 10000 149982 -18.1789
265000 5000 149982 -17.6383
270000 5000 149982 -18.2796
265000 10000 149982 -18.1789
270000 10000 149981 -18.7264
270000 0 149981 -18.5301
275000 0 149980 -20.2891
270000 5000 149982 -18.2796
275000 5000 149982 -18.4321
275000 0 149980 -20.2891
280000 0 149979 -20.7084
275000 5000 149982 -18.4321
280000 5000 149980 -20.1184
270000 5000 149982 -18.2796
275000 5000 149982 -18.4321
270000 10000 149981 -18.7264
275000 10000 149980 -19.5919
275000 5000 149982 -18.4321
280000 5000 149980 -20.1184
275000 10000 149980 -19.5919
280000 10000 149980 -19.8356
280000 0 149979 -20.7084
285000 0 149979 -20.7794
280000 5000 149980 -20.1184
285000 5000 149979 -20.6437
285000 0 149979 -20.7794
290000 0 149980 -20.3338
285000 5000 149979 -20.6437
290000 5000 149981 -19.4468
280000 5000 149980 -20.1184
285000 5000 149979 -20.6437
280000 10000 149980 -19.8356
285000 10000 149979 -20.5739
285000 5000 149979 -20.6437
290000 5000 149981 -19.4468
285000 10000 149979 -20.5739
290000 10000 149979 -20.9617
290000 0 149980 -20.3338
295000 0 149979 -20.89
290000 5000 149981 -19.4468
295000 5000 149979 -20.9608
295000 0 149979 -20.89
300000 0 149979 -20.689
295000 5000 149979 -20.9608
300000 5000 149979 -21.2187
290000 5000 149981 -19.4468
295000 5000 149979 -20.9608
290000 10000 149979 -20.9617
295000 10000 149980 -20.4499
295000 5000 149979 -20.9608
300000 5000 149979 -21.2187
295000 10000 149980 -20.4499
300000 10000 149979 -20.8846
240000 10000 149988 -12.2846
245000 10000 149986 -13.5245
240000 15000 149989 -11.1265
245000 15000 149988 -11.5364
245000 10000 149986 -13.5245
250000 10000 149986 -13.524
245000 15000 149988 -11.5364
250000 15000 149987 -13.0087
240000 15000 149989 -11.1265
245000 15000 149988 -11.5364
240000 20000 149990 -10.1156
245000 20000 149987 -13.0402
245000 15000 149988 -11.5364
250000 15000 149987 -13.0087
245000 20000 149987 -13.0402
250000 20000 149986 -13.6971
250000 10000 149986 -13.524
255000 10000 149984 -15.7078
250000 15000 149987 -13.0087
255000 15000 149985 -14.5373
255000 10000 149984 -15.7078
260000 10000 149984 -15.7938
255000 15000 149985 -14.5373
260000 15000 149984 -16.4383
250000 15000 149987 -13.0087
255000 15000 149985 -14.5373
250000 20000 149986 -13.6971
255000 20000 149986 -14.4779
255000 15000 149985 -14.5373
260000 15000 149984 -16.4383
255000 20000 149986 -14.4779
260000 20000 149985 -15.3823
260000 10000 149984 -15.7938
265000 10000 149982 -18.1789
260000 15000 149984 -16.4383
265000 15000 149983 -16.8688
265000 10000 149982 -18.1789
270000 10000 149981 -18.7264
265000 15000 149983 -16.8688
270000 15000 149980 -19.5022
260000 15000 149984 -16.4383
265000 15000 149983 -16.8688
260000 20000 149985 -15.3823
265000 20000 149982 -18.1212
265000 15000 149983 -16.8688
270000 15000 149980 -19.5022
265000 20000 149982 -18.1212
270000 20000 149982 -17.9171
270000 10000 149981 -18.7264
275000 10000 149980 -19.5919
270000 15000 149980 -19.5022
275000 15000 149981 -19.2297
275000 10000 149980 -19.5919
280000 10000 149980 -19.8356
275000 15000 149981 -19.2297
280000 15000 149980 -19.6676
270000 15000 149980 -19.5022
275000 15000 149981 -19.2297
270000 20000 149982 -17.9171
275000 20000 149980 -19.7828
275000 15000 149981 -19.2297
280000 15000 149980 -19.6676
275000 20000 149980 -19.7828
280000 20000 149980 -20.4851
280000 10000 149980 -19.8356
285000 10000 149979 -20.5739
280000 15000 149980 -19.6676
285000 15000 149979 -20.6191
285000 10000 149979 -20.5739
290000 10000 149979 -20.9617
285000 15000 149979 -20.6191
290000 15000 149979 -20.9193
280000 15000 149980 -19.6676
285000 15000 149979 -20.6191
280000 20000 149980 -20.4851
285000 20000 149979 -20.7293
285000 15000 149979 -20.6191
290000 15000 149979 -20.9193
285000 20000 149979 -20.7293
290000 20000 149979 -20.9386
290000 10000 149979 -20.9617
295000 10000 149980 -20.4499
290000 15000 149979 -20.9193
295000 15000 149979 -21.1925
295000 10000 149980 -20.4499
300000 10000 149979 -20.8846
295000 15000 149979 -21.1925
300000 15000 149979 -21.1558
290000 15000 149979 -20.9193
295000 15000 149979 -21.1925
290000 20000 149979 -20.9386
295000 20000 149979 -20.973
295000 15000 149979 -21.1925
300000 15000 149979 -21.1558
295000 20000 149979 -20.973
300000 20000 149979 -21.2517
240000 20000 149990 -10.1156
245000 20000 149987 -13.0402
240000 25000 149990 -9.54015
245000 25000 149989 -11.4805
245000 20000 149987 -13.0402
250000 20000 149986 -13.6971
245000 25000 149989 -11.4805
250000 25000 149986 -14.4245
240000 25000 149990 -9.54015
245000 25000 149989 -11.4805
240000 30000 149990 -9.97451
245000 30000 149988 -12.2835
245000 25000 149989 -11.4805
250000 25000 149986 -14.4245
245000 30000 149988 -12.2835
250000 30000 149987 -13.4296
250000 20000 149986 -13.6971
255000 20000 149986 -14.4779
250000 25000 149986 -14.4245
255000 25000 149985 -14.725
255000 20000 149986 -14.4779
260000 20000 149985 -15.3823
255000 25000 149985 -14.725
260000 25000 149983 -17.0483
250000 25000 149986 -14.4245
255000 25000 149985 -14.725
250000 30000 149987 -13.4296
255000 30000 149985 -15.057
255000 25000 149985 -14.725
260000 25000 149983 -17.0483
255000 30000 149985 -15.057
260000 30000 149984 -16.3761
260000 20000 149985 -15.3823
265000 20000 149982 -18.1212
260000 25000 149983 -17.0483
265000 25000 149983 -17.4611
265000 20000 149982 -18.1212
270000 20000 149982 -17.9171
265000 25000 149983 -17.4611
270000 25000 149981 -18.5558
260000 25000 149983 -17.0483
265000 25000 149983 -17.4611
260000 30000 149984 -16.3761
265000 30000 149983 -16.56
265000 25000 149983 -17.4611
270000 25000 149981 -18.5558
265000 30000 149983 -16.56
270000 30000 149982 -17.6689
270000 20000 149982 -17.9171
275000 20000 149980 -19.7828
270000 25000 149981 -18.5558
275000 25000 149982 -18.4937
275000 20000 149980 -19.7828
280000 20000 149980 -20.4851
275000 25000 149982 -18.4937
280000 25000 149981 -18.9346
270000 25000 149981 -18.5558
275000 25000 149982 -18.4937
270000 30000 149982 -17.6689
275000 30000 149982 -18.4591
275000 25000 149982 -18.4937
280000 25000 149981 -18.9346
275000 30000 149982 -18.4591
280000 30000 149981 -19.43
280000 20000 149980 -20.4851
285000 20000 149979 -20.7293
280000 25000 149981 -18.9346
285000 25000 149979 -20.717
285000 20000 149979 -20.7293
290000 20000 149979 -20.9386
285000 25000 149979 -20.717
290000 25000 149979 -20.6684
280000 25000 149981 -18.9346
285000 25000 149979 -20.717
280000 30000 149981 -19.43
285000 30000 149979 -20.7168
285000 25000 149979 -20.717
290000 25000 149979 -20.6684
285000 30000 149979 -20.7168
290000 30000 149979 -20.8815
290000 20000 149979 -20.9386
295000 20000 149979 -20.973
290000 25000 149979 -20.6684
295000 25000 149979 -20.7937
295000 20000 149979 -20.973
300000 20000 149979 -21.2517
295000 25000 149979 -20.7937
300000 25000 149979 -21.1491
290000 25000 149979 -20.6684
295000 25000 149979 -20.7937
290000 30000 149979 -20.8815
295000 30000 149979 -21.2573
295000 25000 149979 -20.7937
300000 25000 149979 -21.1491
295000 30000 149979 -21.2573
300000 30000 149979 -21.4842
240000 30000 149990 -9.97451
245000 30000 149988 -12.2835
240000 35000 149990 -10.3882
245000 35000 149988 -11.794
245000 30000 149988 -12.2835
250000 30000 149987 -13.4296
245000 35000 149988 -11.794
250000 35000 149987 -12.8069
240000 35000 149990 -10.3882
245000 35000 149988 -11.794
240000 40000 149990 -9.93266
245000 40000 149988 -12.1134
245000 35000 149988 -11.794
250000 35000 149987 -12.8069
245000 40000 149988 -12.1134
250000 40000 149987 -12.5382
250000 30000 149987 -13.4296
255000 30000 149985 -15.057
250000 35000 149987 -12.8069
255000 35000 149985 -14.6418
255000 30000 149985 -15.057
260000 30000 149984 -16.3761
255000 35000 149985 -14.6418
260000 35000 149983 -16.9343
250000 35000 149987 -12.8069
255000 35000 149985 -14.6418
250000 40000 149987 -12.5382
255000 40000 149986 -13.9203
255000 35000 149985 -14.6418
260000 35000 149983 -16.9343
255000 40000 149986 -13.9203
260000 40000 149985 -15.2012
260000 30000 149984 -16.3761
265000 30000 149983 -16.56
260000 35000 149983 -16.9343
265000 35000 149982 -17.6754
265000 30000 149983 -16.56
270000 30000 149982 -17.6689
265000 35000 149982 -17.6754
270000 35000 149981 -19.0717
260000 35000 149983 -16.9343
265000 35000 149982 -17.6754
260000 40000 149985 -15.2012
265000 40000 149983 -17.3075
265000 35000 149982 -17.6754
270000 35000 149981 -19.0717
265000 40000 149983 -17.3075
270000 40000 149982 -18.1884
270000 30000 149982 -17.6689
275000 30000 149982 -18.4591
270000 35000 149981 -19.0717
275000 35000 149981 -18.7551
275000 30000 149982 -18.4591
280000 30000 149981 -19.43
275000 35000 149981 -18.7551
280000 35000 149981 -19.1939
270000 35000 149981 -19.0717
275000 35000 149981 -18.7551
270000 40000 149982 -18.1884
275000 40000 149982 -18.1659
275000 35000 149981 -18.7551
280000 35000 149981 -19.1939
275000 40000 149982 -18.1659
280000 40000 149980 -19.5179
280000 30000 149981 -19.43
285000 30000 149979 -20.7168
280000 35000 149981 -19.1939
285000 35000 149980 -20.1464
285000 30000 149979 -20.7168
290000 30000 149979 -20.8815
285000 35000 149980 -20.1464
290000 35000 149980 -20.2324
280000 35000 149981 -19.1939
285000 35000 149980 -20.1464
280000 40000 149980 -19.5179
285000 40000 149980 -19.7844
285000 35000 149980 -20.1464
290000 35000 149980 -20.2324
285000 40000 149980 -19.7844
290000 40000 149981 -19.49
290000 30000 149979 -20.8815
295000 30000 149979 -21.2573
290000 35000 149980 -20.2324
295000 35000 149980 -20.4532
295000 30000 149979 -21.2573
300000 30000 149979 -21.4842
295000 35000 149980 -20.4532
300000 35000 149979 -20.6192
290000 35000 149980 -20.2324
295000 35000 149980 -20.4532
290000 40000 149981 -19.49
295000 40000 149980 -20.408
295000 35000 149980 -20.4532
300000 35000 149979 -20.6192
295000 40000 149980 -20.408
300000 40000 149979 -21.367
240000 40000 149990 -9.93266
245000 40000 149988 -12.1134
240000 45000 149989 -11.2737
245000 45000 149988 -11.5767
245000 40000 149988 -12.1134
250000 40000 149987 -12.5382
245000 45000 149988 -11.5767
250000 45000 149986 -14.0822
240000 45000 149989 -11.2737
245000 45000 149988 -11.5767
240000 50000 149991 -8.86915
245000 50000 149988 -11.6372
245000 45000 149988 -11.5767
250000 45000 149986 -14.0822
245000 50000 149988 -11.6372
250000 50000 149988 -12.0594
250000 40000 149987 -12.5382
255000 40000 149986 -13.9203
250000 45000 149986 -14.0822
255000 45000 149985 -14.617
255000 40000 149986 -13.9203
260000 40000 149985 -15.2012
255000 45000 149985 -14.617
260000 45000 149983 -16.6482
250000 45000 149986 -14.0822
255000 45000 149985 -14.617
250000 50000 149988 -12.0594
255000 50000 149987 -13.2324
255000 45000 149985 -14.617
260000 45000 149983 -16.6482
255000 50000 149987 -13.2324
260000 50000 149985 -15.006
260000 40000 149985 -15.2012
265000 40000 149983 -17.3075
260000 45000 149983 -16.6482
265000 45000 149982 -17.7183
265000 40000 149983 -17.3075
270000 40000 149982 -18.1884
265000 45000 149982 -17.7183
270000 45000 149981 -18.8278
260000 45000 149983 -16.6482
265000 45000 149982 -17.7183
260000 50000 149985 -15.006
265000 50000 149983 -16.5874
265000 45000 149982 -17.7183
270000 45000 149981 -18.8278
265000 50000 149983 -16.5874
270000 50000 149983 -17.452
270000 40000 149982 -18.1884
275000 40000 149982 -18.1659
270000 45000 149981 -18.8278
275000 45000 149982 -17.8799
275000 40000 149982 -18.1659
280000 40000 149980 -19.5179
275000 45000 149982 -17.8799
280000 45000 149981 -19.1975
270000 45000 149981 -18.8278
275000 45000 149982 -17.8799
270000 50000 149983 -17.452
275000 50000 149981 -19.489
275000 45000 149982 -17.8799
280000 45000 149981 -19.1975
275000 50000 149981 -19.489
280000 50000 149981 -19.3945
280000 40000 149980 -19.5179
285000 40000 149980 -19.7844
280000 45000 149981 -19.1975
285000 45000 149980 -20.2865
285000 40000 149980 -19.7844
290000 40000 149981 -19.49
285000 45000 149980 -20.2865
290000 45000 149979 -20.7052
280000 45000 149981 -19.1975
285000 45000 149980 -20.2865
280000 50000 149981 -19.3945
285000 50000 149980 -20.1214
285000 45000 149980 -20.2865
290000 45000 149979 -20.7052
285000 50000 149980 -20.1214
290000 50000 149981 -19.2804
290000 40000 149981 -19.49
295000 40000 149980 -20.408
290000 45000 149979 -20.7052
295000 45000 149979 -21.003
295000 40000 149980 -20.408
300000 40000 149979 -21.367
295000 45000 149979 -21.003
300000 45000 149980 -19.9272
290000 45000 149979 -20.7052
295000 45000 149979 -21.003
290000 50000 149981 -19.2804
295000 50000 149980 -19.9826
295000 45000 149979 -21.003
300000 45000 149980 -19.9272
295000 50000 149980 -19.9826
300000 50000 149979 -21.188
240000 50000 149991 -8.86915
245000 50000 149988 -11.6372
240000 55000 149990 -9.73681
245000 55000 149989 -10.5555
245000 50000 149988 -11.6372
250000 50000 149988 -12.0594
245000 55000 149989 -10.5555
250000 55000 149986 -13.5383
240000 55000 149990 -9.73681
245000 55000 149989 -10.5555
240000 60000 149991 -9.07561
245000 60000 149988 -12.0218
245000 55000 149989 -10.5555
250000 55000 149986 -13.5383
245000 60000 149988 -12.0218
250000 60000 149988 -12.128
250000 50000 149988 -12.0594
255000 50000 149987 -13.2324
250000 55000 149986 -13.5383
255000 55000 149984 -15.944
255000 50000 149987 -13.2324
260000 50000 149985 -15.006
255000 55000 149984 -15.944
260000 55000 149983 -16.9691
250000 55000 149986 -13.5383
255000 55000 149984 -15.944
250000 60000 149988 -12.128
255000 60000 149987 -12.9512
255000 55000 149984 -15.944
260000 55000 149983 -16.9691
255000 60000 149987 -12.9512
260000 60000 149986 -14.4677
260000 50000 149985 -15.006
265000 50000 149983 -16.5874
260000 55000 149983 -16.9691
265000 55000 149982 -17.9726
265000 50000 149983 -16.5874
270000 50000 149983 -17.452
265000 55000 149982 -17.9726
270000 55000 149982 -17.6123
260000 55000 149983 -16.9691
265000 55000 149982 -17.9726
260000 60000 149986 -14.4677
265000 60000 149983 -16.5961
265000 55000 149982 -17.9726
270000 55000 149982 -17.6123
265000 60000 149983 -16.5961
270000 60000 149983 -17.3235
270000 50000 149983 -17.452
275000 50000 149981 -19.489
270000 55000 149982 -17.6123
275000 55000 149981 -19.1396
275000 50000 149981 -19.489
280000 50000 149981 -19.3945
275000 55000 149981 -19.1396
280000 55000 149980 -19.8736
270000 55000 149982 -17.6123
275000 55000 149981 -19.1396
270000 60000 149983 -17.3235
275000 60000 149981 -19.0409
275000 55000 149981 -19.1396
280000 55000 149980 -19.8736
275000 60000 149981 -19.0409
280000 60000 149980 -19.702
280000 50000 149981 -19.3945
285000 50000 149980 -20.1214
280000 55000 149980 -19.8736
285000 55000 149981 -19.4944
285000 50000 149980 -20.1214
290000 50000 149981 -19.2804
285000 55000 149981 -19.4944
290000 55000 149980 -20.4915
280000 55000 149980 -19.8736
285000 55000 149981 -19.4944
280000 60000 149980 -19.702
285000 60000 149980 -20.2295
285000 55000 149981 -19.4944
290000 55000 149980 -20.4915
285000 60000 149980 -20.2295
290000 60000 149980 -19.962
290000 50000 149981 -19.2804
295000 50000 149980 -19.9826
290000 55000 149980 -20.4915
295000 55000 149980 -19.9731
295000 50000 149980 -19.9826
300000 50000 149979 -21.188
295000 55000 149980 -19.9731
300000 55000 149980 -19.9367
290000 55000 149980 -20.4915
295000 55000 149980 -19.9731
290000 60000 149980 -19.962
295000 60000 149979 -20.5283
295000 55000 149980 -19.9731
300000 55000 149980 -19.9367
295000 60000 149979 -20.5283
300000 60000 149979 -21.1815
200000 60000 150017 16.5868
205000 60000 150016 15.5501
200000 65000 150020 19.5448
205000 65000 150018 17.625
205000 60000 150016 15.5501
210000 60000 150012 11.5792
205000 65000 150018 17.625
210000 65000 150013 12.6681
200000 65000 150020 19.5448
205000 65000 150018 17.625
200000 70000 150020 20.0542
205000 70000 150016 15.9415
205000 65000 150018 17.625
210000 65000 150013 12.6681
205000 70000 150016 15.9415
210000 70000 150011 10.7637
210000 60000 150012 11.5792
215000 60000 150008 8.3169
210000 65000 150013 12.6681
215000 65000 150009 9.02552
215000 60000 150008 8.3169
220000 60000 150003 2.7914
215000 65000 150009 9.02552
220000 65000 150005 4.67209
210000 65000 150013 12.6681
215000 65000 150009 9.02552
210000 70000 150011 10.7637
215000 70000 150008 8.42982
215000 65000 150009 9.02552
220000 65000 150005 4.67209
215000 70000 150008 8.42982
220000 70000 150003 2.70492
220000 60000 150003 2.7914
225000 60000 150000 -0.381855
220000 65000 150005 4.67209
225000 65000 150001 0.797866
225000 60000 150000 -0.381855
230000 60000 149997 -3.14202
225000 65000 150001 0.797866
230000 65000 149999 -0.809962
220000 65000 150005 4.67209
225000 65000 150001 0.797866
220000 70000 150003 2.70492
225000 70000 150002 1.71896
225000 65000 150001 0.797866
230000 65000 149999 -0.809962
225000 70000 150002 1.71896
230000 70000 149997 -3.20557
230000 60000 149997 -3.14202
235000 60000 149994 -6.14709
230000 65000 149999 -0.809962
235000 65000 149995 -4.82001
235000 60000 149994 -6.14709
240000 60000 149991 -9.07561
235000 65000 149995 -4.82001
240000 65000 149991 -9.47136
230000 65000 149999 -0.809962
235000 65000 149995 -4.82001
230000 70000 149997 -3.20557
235000 70000 149994 -5.87676
235000 65000 149995 -4.82001
240000 65000 149991 -9.47136
235000 70000 149994 -5.87676
240000 70000 149992 -7.70617
240000 60000 149991 -9.07561
245000 60000 149988 -12.0218
240000 65000 149991 -9.47136
245000 65000 149989 -10.5211
245000 60000 149988 -12.0218
250000 60000 149988 -12.128
245000 65000 149989 -10.5211
250000 65000 149988 -11.6609
240000 65000 149991 -9.47136
245000 65000 149989 -10.5211
240000 70000 149992 -7.70617
245000 70000 149989 -11.3014
245000 65000 149989 -10.5211
250000 65000 149988 -11.6609
245000 70000 149989 -11.3014
250000 70000 149989 -11.0507
250000 60000 149988 -12.128
255000 60000 149987 -12.9512
250000 65000 149988 -11.6609
255000 65000 149986 -14.2887
255000 60000 149987 -12.9512
260000 60000 149986 -14.4677
255000 65000 149986 -14.2887
260000 65000 149984 -15.9386
250000 65000 149988 -11.6609
255000 65000 149986 -14.2887
250000 70000 149989 -11.0507
255000 70000 149985 -14.728
255000 65000 149986 -14.2887
260000 65000 149984 -15.9386
255000 70000 149985 -14.728
260000 70000 149985 -15.1053
260000 60000 149986 -14.4677
265000 60000 149983 -16.5961
260000 65000 149984 -15.9386
265000 65000 149982 -17.7487
265000 60000 149983 -16.5961
270000 60000 149983 -17.3235
265000 65000 149982 -17.7487
270000 65000 149981 -19.1923
260000 65000 149984 -15.9386
265000 65000 149982 -17.7487
260000 70000 149985 -15.1053
265000 70000 149984 -15.9583
265000 65000 149982 -17.7487
270000 65000 149981 -19.1923
265000 70000 149984 -15.9583
270000 70000 149982 -18.3525
270000 60000 149983 -17.3235
275000 60000 149981 -19.0409
270000 65000 149981 -19.1923
275000 65000 149980 -19.6113
275000 60000 149981 -19.0409
280000 60000 149980 -19.702
275000 65000 149980 -19.6113
280000 65000 149981 -19.1404
270000 65000 149981 -19.1923
275000 65000 149980 -19.6113
270000 70000 149982 -18.3525
275000 70000 149981 -19.0273
275000 65000 149980 -19.6113
280000 65000 149981 -19.1404
275000 70000 149981 -19.0273
280000 70000 149981 -19.3188
280000 60000 149980 -19.702
285000 60000 149980 -20.2295
280000 65000 149981 -19.1404
285000 65000 149980 -19.8467
285000 60000 149980 -20.2295
290000 60000 149980 -19.962
285000 65000 149980 -19.8467
290000 65000 149980 -20.0256
280000 65000 149981 -19.1404
285000 65000 149980 -19.8467
280000 70000 149981 -19.3188
285000 70000 149981 -18.8668
285000 65000 149980 -19.8467
290000 65000 149980 -20.0256
285000 70000 149981 -18.8668
290000 70000 149980 -20.2114
290000 60000 149980 -19.962
295000 60000 149979 -20.5283
290000 65000 149980 -20.0256
295000 65000 149979 -20.8886
295000 60000 149979 -20.5283
300000 60000 149979 -21.1815
295000 65000 149979 -20.8886
300000 65000 149979 -20.8957
290000 65000 149980 -20.0256
295000 65000 149979 -20.8886
290000 70000 149980 -20.2114
295000 70000 149980 -20.1252
295000 65000 149979 -20.8886
300000 65000 149979 -20.8957
295000 70000 149980 -20.1252
300000 70000 149979 -20.7342
200000 70000 150020 20.0542
205000 70000 150016 15.9415
200000 75000 150020 20.0245
205000 75000 150018 18.2001
205000 70000 150016 15.9415
210000 70000 150011 10.7637
205000 75000 150018 18.2001
210000 75000 150015 14.606
200000 75000 150020 20.0245
205000 75000 150018 18.2001
200000 80000 150022 22.2504
205000 80000 150018 18.0496
205000 75000 150018 18.2001
210000 75000 150015 14.606
205000 80000 150018 18.0496
210000 80000 150014 14.4202
210000 70000 150011 10.7637
215000 70000 150008 8.42982
210000 75000 150015 14.606
215000 75000 150010 9.76102
215000 70000 150008 8.42982
220000 70000 150003 2.70492
215000 75000 150010 9.76102
220000 75000 150004 4.12566
210000 75000 150015 14.606
215000 75000 150010 9.76102
210000 80000 150014 14.4202
215000 80000 150010 9.67684
215000 75000 150010 9.76102
220000 75000 150004 4.12566
215000 80000 150010 9.67684
220000 80000 150006 5.60216
220000 70000 150003 2.70492
225000 70000 150002 1.71896
220000 75000 150004 4.12566
225000 75000 150001 1.3686
225000 70000 150002 1.71896
230000 70000 149997 -3.20557
225000 75000 150001 1.3686
230000 75000 149998 -1.56174
220000 75000 150004 4.12566
225000 75000 150001 1.3686
220000 80000 150006 5.60216
225000 80000 150001 1.28062
225000 75000 150001 1.3686
230000 75000 149998 -1.56174
225000 80000 150001 1.28062
230000 80000 149996 -3.58129
230000 70000 149997 -3.20557
235000 70000 149994 -5.87676
230000 75000 149998 -1.56174
235000 75000 149992 -8.00351
235000 70000 149994 -5.87676
240000 70000 149992 -7.70617
235000 75000 149992 -8.00351
240000 75000 149990 -10.3166
230000 75000 149998 -1.56174
235000 75000 149992 -8.00351
230000 80000 149996 -3.58129
235000 80000 149994 -5.51578
235000 75000 149992 -8.00351
240000 75000 149990 -10.3166
235000 80000 149994 -5.51578
240000 80000 149992 -7.70322
240000 70000 149992 -7.70617
245000 70000 149989 -11.3014
240000 75000 149990 -10.3166
245000 75000 149987 -13.3403
245000 70000 149989 -11.3014
250000 70000 149989 -11.0507
245000 75000 149987 -13.3403
250000 75000 149985 -14.789
240000 75000 149990 -10.3166
245000 75000 149987 -13.3403
240000 80000 149992 -7.70322
245000 80000 149990 -10.2712
245000 75000 149987 -13.3403
250000 75000 149985 -14.789
245000 80000 149990 -10.2712
250000 80000 149989 -10.9188
250000 70000 149989 -11.0507
255000 70000 149985 -14.728
250000 75000 149985 -14.789
255000 75000 149985 -14.995
255000 70000 149985 -14.728
260000 70000 149985 -15.1053
255000 75000 149985 -14.995
260000 75000 149983 -16.8298
250000 75000 149985 -14.789
255000 75000 149985 -14.995
250000 80000 149989 -10.9188
255000 80000 149987 -13.1241
255000 75000 149985 -14.995
260000 75000 149983 -16.8298
255000 80000 149987 -13.1241
260000 80000 149983 -16.7692
260000 70000 149985 -15.1053
265000 70000 149984 -15.9583
260000 75000 149983 -16.8298
265000 75000 149982 -17.9233
265000 70000 149984 -15.9583
270000 70000 149982 -18.3525
265000 75000 149982 -17.9233
270000 75000 149983 -17.0103
260000 75000 149983 -16.8298
265000 75000 149982 -17.9233
260000 80000 149983 -16.7692
265000 80000 149983 -17.3028
265000 75000 149982 -17.9233
270000 75000 149983 -17.0103
265000 80000 149983 -17.3028
270000 80000 149981 -18.6159
270000 70000 149982 -18.3525
275000 70000 149981 -19.0273
270000 75000 149983 -17.0103
275000 75000 149981 -18.532
275000 70000 149981 -19.0273
280000 70000 149981 -19.3188
275000 75000 149981 -18.532
280000 75000 149982 -17.6517
270000 75000 149983 -17.0103
275000 75000 149981 -18.532
270000 80000 149981 -18.6159
275000 80000 149981 -18.6132
275000 75000 149981 -18.532
280000 75000 149982 -17.6517
275000 80000 149981 -18.6132
280000 80000 149981 -19.3083
280000 70000 149981 -19.3188
285000 70000 149981 -18.8668
280000 75000 149982 -17.6517
285000 75000 149981 -19.0325
285000 70000 149981 -18.8668
290000 70000 149980 -20.2114
285000 75000 149981 -19.0325
290000 75000 149980 -19.6193
280000 75000 149982 -17.6517
285000 75000 149981 -19.0325
280000 80000 149981 -19.3083
285000 80000 149980 -19.8233
285000 75000 149981 -19.0325
290000 75000 149980 -19.6193
285000 80000 149980 -19.8233
290000 80000 149981 -19.3046
290000 70000 149980 -20.2114
295000 70000 149980 -20.1252
290000 75000 149980 -19.6193
295000 75000 149980 -20.0592
295000 70000 149980 -20.1252
300000 70000 149979 -20.7342
295000 75000 149980 -20.0592
300000 75000 149980 -19.8358
290000 75000 149980 -19.6193
295000 75000 149980 -20.0592
290000 80000 149981 -19.3046
295000 80000 149980 -19.7105
295000 75000 149980 -20.0592
300000 75000 149980 -19.8358
295000 80000 149980 -19.7105
300000 80000 149979 -20.55
160000 80000 149921 -78.561
165000 80000 149939 -61.1158
160000 85000 149939 -61.4752
165000 85000 149921 -78.7523
165000 80000 149939 -61.1158
170000 80000 149978 -22.2158
165000 85000 149921 -78.7523
170000 85000 149964 -35.5392
160000 85000 149939 -61.4752
165000 85000 149921 -78.7523
160000 90000 149964 -35.7627
165000 90000 149929 -71.3507
165000 85000 149921 -78.7523
170000 85000 149964 -35.5392
165000 90000 149929 -71.3507
170000 90000 149941 -58.6474
170000 80000 149978 -22.2158
175000 80000 150010 10.223
170000 85000 149964 -35.5392
175000 85000 149993 -7.22337
175000 80000 150010 10.223
180000 80000 150024 24.028
175000 85000 149993 -7.22337
180000 85000 150019 18.6126
170000 85000 149964 -35.5392
175000 85000 149993 -7.22337
170000 90000 149941 -58.6474
175000 90000 149977 -23.0762
175000 85000 149993 -7.22337
180000 85000 150019 18.6126
175000 90000 149977 -23.0762
180000 90000 150006 6.43565
180000 80000 150024 24.028
185000 80000 150025 25.0935
180000 85000 150019 18.6126
185000 85000 150027 26.6684
185000 80000 150025 25.0935
190000 80000 150025 25.4529
185000 85000 150027 26.6684
190000 85000 150024 24.0718
180000 85000 150019 18.6126
185000 85000 150027 26.6684
180000 90000 150006 6.43565
185000 90000 150028 27.7676
185000 85000 150027 26.6684
190000 85000 150024 24.0718
185000 90000 150028 27.7676
190000 90000 150027 26.5429
190000 80000 150025 25.4529
195000 80000 150024 23.543
190000 85000 150024 24.0718
195000 85000 150022 21.5755
195000 80000 150024 23.543
200000 80000 150022 22.2504
195000 85000 150022 21.5755
200000 85000 150021 20.9121
190000 85000 150024 24.0718
195000 85000 150022 21.5755
190000 90000 150027 26.5429
195000 90000 150022 22.2562
195000 85000 150022 21.5755
200000 85000 150021 20.9121
195000 90000 150022 22.2562
200000 90000 150021 20.681
200000 80000 150022 22.2504
205000 80000 150018 18.0496
200000 85000 150021 20.9121
205000 85000 150018 18.3091
205000 80000 150018 18.0496
210000 80000 150014 14.4202
205000 85000 150018 18.3091
210000 85000 150017 16.9733
200000 85000 150021 20.9121
205000 85000 150018 18.3091
200000 90000 150021 20.681
205000 90000 150019 18.5568
205000 85000 150018 18.3091
210000 85000 150017 16.9733
205000 90000 150019 18.5568
210000 90000 150014 13.8957
210000 80000 150014 14.4202
215000 80000 150010 9.67684
210000 85000 150017 16.9733
215000 85000 150012 12.2118
215000 80000 150010 9.67684
220000 80000 150006 5.60216
215000 85000 150012 12.2118
220000 85000 150006 5.99762
210000 85000 150017 16.9733
215000 85000 150012 12.2118
210000 90000 150014 13.8957
215000 90000 150009 9.3204
215000 85000 150012 12.2118
220000 85000 150006 5.99762
215000 90000 150009 9.3204
220000 90000 150005 5.04382
220000 80000 150006 5.60216
225000 80000 150001 1.28062
220000 85000 150006 5.99762
225000 85000 150002 2.4081
225000 80000 150001 1.28062
230000 80000 149996 -3.58129
225000 85000 150002 2.4081
230000 85000 150000 -0.111591
220000 85000 150006 5.99762
225000 85000 150002 2.4081
220000 90000 150005 5.04382
225000 90000 150004 3.87057
225000 85000 150002 2.4081
230000 85000 150000 -0.111591
225000 90000 150004 3.87057
230000 90000 149999 -0.850165
230000 80000 149996 -3.58129
235000 80000 149994 -5.51578
230000 85000 150000 -0.111591
235000 85000 149996 -3.73333
235000 80000 149994 -5.51578
240000 80000 149992 -7.70322
235000 85000 149996 -3.73333
240000 85000 149992 -7.89102
230000 85000 150000 -0.111591
235000 85000 149996 -3.73333
230000 90000 149999 -0.850165
235000 90000 149995 -5.379
235000 85000 149996 -3.73333
240000 85000 149992 -7.89102
235000 90000 149995 -5.379
240000 90000 149991 -8.58409
240000 80000 149992 -7.70322
245000 80000 149990 -10.2712
240000 85000 149992 -7.89102
245000 85000 149988 -11.7274
245000 80000 149990 -10.2712
250000 80000 149989 -10.9188
245000 85000 149988 -11.7274
250000 85000 149988 -11.6101
240000 85000 149992 -7.89102
245000 85000 149988 -11.7274
240000 90000 149991 -8.58409
245000 90000 149989 -10.6353
245000 85000 149988 -11.7274
250000 85000 149988 -11.6101
245000 90000 149989 -10.6353
250000 90000 149986 -13.5107
250000 80000 149989 -10.9188
255000 80000 149987 -13.1241
250000 85000 149988 -11.6101
255000 85000 149984 -15.6938
255000 80000 149987 -13.1241
260000 80000 149983 -16.7692
255000 85000 149984 -15.6938
260000 85000 149983 -16.9588
250000 85000 149988 -11.6101
255000 85000 149984 -15.6938
250000 90000 149986 -13.5107
255000 90000 149986 -14.1226
255000 85000 149984 -15.6938
260000 85000 149983 -16.9588
255000 90000 149986 -14.1226
260000 90000 149985 -15.3015
260000 80000 149983 -16.7692
265000 80000 149983 -17.3028
260000 85000 149983 -16.9588
265000 85000 149982 -18.2031
265000 80000 149983 -17.3028
270000 80000 149981 -18.6159
265000 85000 149982 -18.2031
270000 85000 149983 -17.3975
260000 85000 149983 -16.9588
265000 85000 149982 -18.2031
260000 90000 149985 -15.3015
265000 90000 149983 -17.0848
265000 85000 149982 -18.2031
270000 85000 149983 -17.3975
265000 90000 149983 -17.0848
270000 90000 149982 -18.4516
270000 80000 149981 -18.6159
275000 80000 149981 -18.6132
270000 85000 149983 -17.3975
275000 85000 149981 -18.971
275000 80000 149981 -18.6132
280000 80000 149981 -19.3083
275000 85000 149981 -18.971
280000 85000 149981 -18.7839
270000 85000 149983 -17.3975
275000 85000 149981 -18.971
270000 90000 149982 -18.4516
275000 90000 149982 -18.4925
275000 85000 149981 -18.971
280000 85000 149981 -18.7839
275000 90000 149982 -18.4925
280000 90000 149981 -18.9038
280000 80000 149981 -19.3083
285000 80000 149980 -19.8233
280000 85000 149981 -18.7839
285000 85000 149980 -20.0093
285000 80000 149980 -19.8233
290000 80000 149981 -19.3046
285000 85000 149980 -20.0093
290000 85000 149980 -20.2341
280000 85000 149981 -18.7839
285000 85000 149980 -20.0093
280000 90000 149981 -18.9038
285000 90000 149981 -19.4311
285000 85000 149980 -20.0093
290000 85000 149980 -20.2341
285000 90000 149981 -19.4311
290000 90000 149980 -20.3139
290000 80000 149981 -19.3046
295000 80000 149980 -19.7105
290000 85000 149980 -20.2341
295000 85000 149979 -20.5926
295000 80000 149980 -19.7105
300000 80000 149979 -20.55
295000 85000 149979 -20.5926
300000 85000 149979 -20.8249
290000 85000 149980 -20.2341
295000 85000 149979 -20.5926
290000 90000 149980 -20.3139
295000 90000 149979 -20.7299
295000 85000 149979 -20.5926
300000 85000 149979 -20.8249
295000 90000 149979 -20.7299
300000 90000 149979 -20.8967
160000 90000 149964 -35.7627
165000 90000 149929 -71.3507
160000 95000 149978 -22.3855
165000 95000 149948 -51.8953
165000 90000 149929 -71.3507
170000 90000 149941 -58.6474
165000 95000 149948 -51.8953
170000 95000 149934 -66.3246
160000 95000 149978 -22.3855
165000 95000 149948 -51.8953
160000 100000 149984 -15.899
165000 100000 149966 -33.7522
165000 95000 149948 -51.8953
170000 95000 149934 -66.3246
165000 100000 149966 -33.7522
170000 100000 149945 -55.0052
170000 90000 149941 -58.6474
175000 90000 149977 -23.0762
170000 95000 149934 -66.3246
175000 95000 149965 -35.1815
175000 90000 149977 -23.0762
180000 90000 150006 6.43565
175000 95000 149965 -35.1815
180000 95000 149993 -7.1859
170000 95000 149934 -66.3246
175000 95000 149965 -35.1815
170000 100000 149945 -55.0052
175000 100000 149954 -46.0513
175000 95000 149965 -35.1815
180000 95000 149993 -7.1859
175000 100000 149954 -46.0513
180000 100000 149980 -20.4882
180000 90000 150006 6.43565
185000 90000 150028 27.7676
180000 95000 149993 -7.1859
185000 95000 150021 20.8858
185000 90000 150028 27.7676
190000 90000 150027 26.5429
185000 95000 150021 20.8858
190000 95000 150026 26.2304
180000 95000 149993 -7.1859
185000 95000 150021 20.8858
180000 100000 149980 -20.4882
185000 100000 150012 12.4633
185000 95000 150021 20.8858
190000 95000 150026 26.2304
185000 100000 150012 12.4633
190000 100000 150025 24.6607
190000 90000 150027 26.5429
195000 90000 150022 22.2562
190000 95000 150026 26.2304
195000 95000 150024 24.0283
195000 90000 150022 22.2562
200000 90000 150021 20.681
195000 95000 150024 24.0283
200000 95000 150020 20.3527
190000 95000 150026 26.2304
195000 95000 150024 24.0283
190000 100000 150025 24.6607
195000 100000 150023 23.1709
195000 95000 150024 24.0283
200000 95000 150020 20.3527
195000 100000 150023 23.1709
200000 100000 150020 19.6079
200000 90000 150021 20.681
205000 90000 150019 18.5568
200000 95000 150020 20.3527
205000 95000 150018 17.844
205000 90000 150019 18.5568
210000 90000 150014 13.8957
205000 95000 150018 17.844
210000 95000 150017 16.7682
200000 95000 150020 20.3527
205000 95000 150018 17.844
200000 100000 150020 19.6079
205000 100000 150018 17.5378
205000 95000 150018 17.844
210000 95000 150017 16.7682
205000 100000 150018 17.5378
210000 100000 150013 13.4825
210000 90000 150014 13.8957
215000 90000 150009 9.3204
210000 95000 150017 16.7682
215000 95000 150010 10.4431
215000 90000 150009 9.3204
220000 90000 150005 5.04382
215000 95000 150010 10.4431
220000 95000 150006 5.65232
210000 95000 150017 16.7682
215000 95000 150010 10.4431
210000 100000 150013 13.4825
215000 100000 150013 13.0419
215000 95000 150010 10.4431
220000 95000 150006 5.65232
215000 100000 150013 13.0419
220000 100000 150007 7.46263
220000 90000 150005 5.04382
225000 90000 150004 3.87057
220000 95000 150006 5.65232
225000 95000 150003 3.27229
225000 90000 150004 3.87057
230000 90000 149999 -0.850165
225000 95000 150003 3.27229
230000 95000 149998 -2.13251
220000 95000 150006 5.65232
225000 95000 150003 3.27229
220000 100000 150007 7.46263
225000 100000 150003 3.42943
225000 95000 150003 3.27229
230000 95000 149998 -2.13251
225000 100000 150003 3.42943
230000 100000 150000 -0.204552
230000 90000 149999 -0.850165
235000 90000 149995 -5.379
230000 95000 149998 -2.13251
235000 95000 149994 -5.63184
235000 90000 149995 -5.379
240000 90000 149991 -8.58409
235000 95000 149994 -5.63184
240000 95000 149993 -6.58926
230000 95000 149998 -2.13251
235000 95000 149994 -5.63184
230000 100000 150000 -0.204552
235000 100000 149996 -3.73442
235000 95000 149994 -5.63184
240000 95000 149993 -6.58926
235000 100000 149996 -3.73442
240000 100000 149991 -8.94071
240000 90000 149991 -8.58409
245000 90000 149989 -10.6353
240000 95000 149993 -6.58926
245000 95000 149991 -9.45081
245000 90000 149989 -10.6353
250000 90000 149986 -13.5107
245000 95000 149991 -9.45081
250000 95000 149986 -13.7359
240000 95000 149993 -6.58926
245000 95000 149991 -9.45081
240000 100000 149991 -8.94071
245000 100000 149988 -12.0166
245000 95000 149991 -9.45081
250000 95000 149986 -13.7359
245000 100000 149988 -12.0166
250000 100000 149987 -12.7268
250000 90000 149986 -13.5107
255000 90000 149986 -14.1226
250000 95000 149986 -13.7359
255000 95000 149984 -16.2826
255000 90000 149986 -14.1226
260000 90000 149985 -15.3015
255000 95000 149984 -16.2826
260000 95000 149983 -16.7794
250000 95000 149986 -13.7359
255000 95000 149984 -16.2826
250000 100000 149987 -12.7268
255000 100000 149985 -15.3344
255000 95000 149984 -16.2826
260000 95000 149983 -16.7794
255000 100000 149985 -15.3344
260000 100000 149983 -17.1224
260000 90000 149985 -15.3015
265000 90000 149983 -17.0848
260000 95000 149983 -16.7794
265000 95000 149983 -17.2402
265000 90000 149983 -17.0848
270000 90000 149982 -18.4516
265000 95000 149983 -17.2402
270000 95000 149981 -18.5235
260000 95000 149983 -16.7794
265000 95000 149983 -17.2402
260000 100000 149983 -17.1224
265000 100000 149984 -16.4015
265000 95000 149983 -17.2402
270000 95000 149981 -18.5235
265000 100000 149984 -16.4015
270000 100000 149983 -17.4163
270000 90000 149982 -18.4516
275000 90000 149982 -18.4925
270000 95000 149981 -18.5235
275000 95000 149982 -18.3038
275000 90000 149982 -18.4925
280000 90000 149981 -18.9038
275000 95000 149982 -18.3038
280000 95000 149980 -19.5819
270000 95000 149981 -18.5235
275000 95000 149982 -18.3038
270000 100000 149983 -17.4163
275000 100000 149981 -18.8134
275000 95000 149982 -18.3038
280000 95000 149980 -19.5819
275000 100000 149981 -18.8134
280000 100000 149981 -19.4453
280000 90000 149981 -18.9038
285000 90000 149981 -19.4311
280000 95000 149980 -19.5819
285000 95000 149980 -19.7001
285000 90000 149981 -19.4311
290000 90000 149980 -20.3139
285000 95000 149980 -19.7001
290000 95000 149980 -19.7941
280000 95000 149980 -19.5819
285000 95000 149980 -19.7001
280000 100000 149981 -19.4453
285000 100000 149981 -19.1744
285000 95000 149980 -19.7001
290000 95000 149980 -19.7941
285000 100000 149981 -19.1744
290000 100000 149980 -19.5427
290000 90000 149980 -20.3139
295000 90000 149979 -20.7299
290000 95000 149980 -19.7941
295000 95000 149980 -19.7151
295000 90000 149979 -20.7299
300000 90000 149979 -20.8967
295000 95000 149980 -19.7151
300000 95000 149979 -20.947
290000 95000 149980 -19.7941
295000 95000 149980 -19.7151
290000 100000 149980 -19.5427
295000 100000 149980 -20.1953
295000 95000 149980 -19.7151
300000 95000 149979 -20.947
295000 100000 149980 -20.1953
300000 100000 149979 -20.9707
160000 100000 149984 -15.899
165000 100000 149966 -33.7522
160000 105000 149988 -11.663
165000 105000 149976 -24.2989
165000 100000 149966 -33.7522
170000 100000 149945 -55.0052
165000 105000 149976 -24.2989
170000 105000 149961 -38.7381
160000 105000 149988 -11.663
165000 105000 149976 -24.2989
160000 110000 149992 -8.26568
165000 110000 149978 -21.9063
165000 105000 149976 -24.2989
170000 105000 149961 -38.7381
165000 110000 149978 -21.9063
170000 110000 149973 -26.9886
170000 100000 149945 -55.0052
175000 100000 149954 -46.0513
170000 105000 149961 -38.7381
175000 105000 149964 -35.849
175000 100000 149954 -46.0513
180000 100000 149980 -20.4882
175000 105000 149964 -35.849
180000 105000 149978 -21.8065
170000 105000 149961 -38.7381
175000 105000 149964 -35.849
170000 110000 149973 -26.9886
175000 110000 149974 -25.9984
175000 105000 149964 -35.849
180000 105000 149978 -21.8065
175000 110000 149974 -25.9984
180000 110000 149982 -18.0626
180000 100000 149980 -20.4882
185000 100000 150012 12.4633
180000 105000 149978 -21.8065
185000 105000 150003 3.01856
185000 100000 150012 12.4633
190000 100000 150025 24.6607
185000 105000 150003 3.01856
190000 105000 150018 17.7169
180000 105000 149978 -21.8065
185000 105000 150003 3.01856
180000 110000 149982 -18.0626
185000 110000 149997 -2.54754
185000 105000 150003 3.01856
190000 105000 150018 17.7169
185000 110000 149997 -2.54754
190000 110000 150010 10.2374
190000 100000 150025 24.6607
195000 100000 150023 23.1709
190000 105000 150018 17.7169
195000 105000 150021 20.5783
195000 100000 150023 23.1709
200000 100000 150020 19.6079
195000 105000 150021 20.5783
200000 105000 150018 18.0151
190000 105000 150018 17.7169
195000 105000 150021 20.5783
190000 110000 150010 10.2374
195000 110000 150016 15.7631
195000 105000 150021 20.5783
200000 105000 150018 18.0151
195000 110000 150016 15.7631
200000 110000 150016 15.6683
200000 100000 150020 19.6079
205000 100000 150018 17.5378
200000 105000 150018 18.0151
205000 105000 150015 15.3472
205000 100000 150018 17.5378
210000 100000 150013 13.4825
205000 105000 150015 15.3472
210000 105000 150013 13.0829
200000 105000 150018 18.0151
205000 105000 150015 15.3472
200000 110000 150016 15.6683
205000 110000 150015 14.7997
205000 105000 150015 15.3472
210000 105000 150013 13.0829
205000 110000 150015 14.7997
210000 110000 150012 12.1157
210000 100000 150013 13.4825
215000 100000 150013 13.0419
210000 105000 150013 13.0829
215000 105000 150010 10.0986
215000 100000 150013 13.0419
220000 100000 150007 7.46263
215000 105000 150010 10.0986
220000 105000 150008 8.12788
210000 105000 150013 13.0829
215000 105000 150010 10.0986
210000 110000 150012 12.1157
215000 110000 150008 8.29105
215000 105000 150010 10.0986
220000 105000 150008 8.12788
215000 110000 150008 8.29105
220000 110000 150005 5.25181
220000 100000 150007 7.46263
225000 100000 150003 3.42943
220000 105000 150008 8.12788
225000 105000 150006 5.58484
225000 100000 150003 3.42943
230000 100000 150000 -0.204552
225000 105000 150006 5.58484
230000 105000 150000 -0.190693
220000 105000 150008 8.12788
225000 105000 150006 5.58484
220000 110000 150005 5.25181
225000 110000 150002 2.18977
225000 105000 150006 5.58484
230000 105000 150000 -0.190693
225000 110000 150002 2.18977
230000 110000 149999 -0.739883
230000 100000 150000 -0.204552
235000 100000 149996 -3.73442
230000 105000 150000 -0.190693
235000 105000 149995 -5.09513
235000 100000 149996 -3.73442
240000 100000 149991 -8.94071
235000 105000 149995 -5.09513
240000 105000 149993 -6.89715
230000 105000 150000 -0.190693
235000 105000 149995 -5.09513
230000 110000 149999 -0.739883
235000 110000 149996 -3.78138
235000 105000 149995 -5.09513
240000 105000 149993 -6.89715
235000 110000 149996 -3.78138
240000 110000 149990 -10.101
240000 100000 149991 -8.94071
245000 100000 149988 -12.0166
240000 105000 149993 -6.89715
245000 105000 149991 -9.4165
245000 100000 149988 -12.0166
250000 100000 149987 -12.7268
245000 105000 149991 -9.4165
250000 105000 149987 -12.5179
240000 105000 149993 -6.89715
245000 105000 149991 -9.4165
240000 110000 149990 -10.101
245000 110000 149989 -10.5205
245000 105000 149991 -9.4165
250000 105000 149987 -12.5179
245000 110000 149989 -10.5205
250000 110000 149987 -12.5947
250000 100000 149987 -12.7268
255000 100000 149985 -15.3344
250000 105000 149987 -12.5179
255000 105000 149986 -14.4264
255000 100000 149985 -15.3344
260000 100000 149983 -17.1224
255000 105000 149986 -14.4264
260000 105000 149985 -14.8891
250000 105000 149987 -12.5179
255000 105000 149986 -14.4264
250000 110000 149987 -12.5947
255000 110000 149986 -14.0104
255000 105000 149986 -14.4264
260000 105000 149985 -14.8891
255000 110000 149986 -14.0104
260000 110000 149984 -15.5098
260000 100000 149983 -17.1224
265000 100000 149984 -16.4015
260000 105000 149985 -14.8891
265000 105000 149984 -16.343
265000 100000 149984 -16.4015
270000 100000 149983 -17.4163
265000 105000 149984 -16.343
270000 105000 149981 -18.5062
260000 105000 149985 -14.8891
265000 105000 149984 -16.343
260000 110000 149984 -15.5098
265000 110000 149984 -16.3512
265000 105000 149984 -16.343
270000 105000 149981 -18.5062
265000 110000 149984 -16.3512
270000 110000 149981 -18.5072
270000 100000 149983 -17.4163
275000 100000 149981 -18.8134
270000 105000 149981 -18.5062
275000 105000 149982 -18.2047
275000 100000 149981 -18.8134
280000 100000 149981 -19.4453
275000 105000 149982 -18.2047
280000 105000 149980 -19.5141
270000 105000 149981 -18.5062
275000 105000 149982 -18.2047
270000 110000 149981 -18.5072
275000 110000 149981 -19.0017
275000 105000 149982 -18.2047
280000 105000 149980 -19.5141
275000 110000 149981 -19.0017
280000 110000 149981 -19.1943
280000 100000 149981 -19.4453
285000 100000 149981 -19.1744
280000 105000 149980 -19.5141
285000 105000 149980 -20.0324
285000 100000 149981 -19.1744
290000 100000 149980 -19.5427
285000 105000 149980 -20.0324
290000 105000 149980 -19.7716
280000 105000 149980 -19.5141
285000 105000 149980 -20.0324
280000 110000 149981 -19.1943
285000 110000 149981 -19.3408
285000 105000 149980 -20.0324
290000 105000 149980 -19.7716
285000 110000 149981 -19.3408
290000 110000 149981 -19.4501
290000 100000 149980 -19.5427
295000 100000 149980 -20.1953
290000 105000 149980 -19.7716
295000 105000 149980 -19.9317
295000 100000 149980 -20.1953
300000 100000 149979 -20.9707
295000 105000 149980 -19.9317
300000 105000 149979 -20.9217
290000 105000 149980 -19.7716
295000 105000 149980 -19.9317
290000 110000 149981 -19.4501
295000 110000 149980 -20.3018
295000 105000 149980 -19.9317
300000 105000 149979 -20.9217
295000 110000 149980 -20.3018
300000 110000 149979 -20.5301
160000 110000 149992 -8.26568
165000 110000 149978 -21.9063
160000 115000 149984 -15.7377
165000 115000 149980 -20.4419
165000 110000 149978 -21.9063
170000 110000 149973 -26.9886
165000 115000 149980 -20.4419
170000 115000 149977 -22.8478
160000 115000 149984 -15.7377
165000 115000 149980 -20.4419
160000 120000 149994 -6.39476
165000 120000 149986 -14.1248
165000 115000 149980 -20.4419
170000 115000 149977 -22.8478
165000 120000 149986 -14.1248
170000 120000 149980 -20.1002
170000 110000 149973 -26.9886
175000 110000 149974 -25.9984
170000 115000 149977 -22.8478
175000 115000 149978 -21.6513
175000 110000 149974 -25.9984
180000 110000 149982 -18.0626
175000 115000 149978 -21.6513
180000 115000 149982 -17.9061
170000 115000 149977 -22.8478
175000 115000 149978 -21.6513
170000 120000 149980 -20.1002
175000 120000 149981 -18.9681
175000 115000 149978 -21.6513
180000 115000 149982 -17.9061
175000 120000 149981 -18.9681
180000 120000 149985 -14.8032
180000 110000 149982 -18.0626
185000 110000 149997 -2.54754
180000 115000 149982 -17.9061
185000 115000 149993 -7.23491
185000 110000 149997 -2.54754
190000 110000 150010 10.2374
185000 115000 149993 -7.23491
190000 115000 150007 7.38208
180000 115000 149982 -17.9061
185000 115000 149993 -7.23491
180000 120000 149985 -14.8032
185000 120000 149994 -6.37848
185000 115000 149993 -7.23491
190000 115000 150007 7.38208
185000 120000 149994 -6.37848
190000 120000 150004 3.85069
190000 110000 150010 10.2374
195000 110000 150016 15.7631
190000 115000 150007 7.38208
195000 115000 150010 10.1868
195000 110000 150016 15.7631
200000 110000 150016 15.6683
195000 115000 150010 10.1868
200000 115000 150014 14.2992
190000 115000 150007 7.38208
195000 115000 150010 10.1868
190000 120000 150004 3.85069
195000 120000 150012 12.125
195000 115000 150010 10.1868
200000 115000 150014 14.2992
195000 120000 150012 12.125
200000 120000 150015 14.8512
200000 110000 150016 15.6683
205000 110000 150015 14.7997
200000 115000 150014 14.2992
205000 115000 150016 15.7953
205000 110000 150015 14.7997
210000 110000 150012 12.1157
205000 115000 150016 15.7953
210000 115000 150015 15.2684
200000 115000 150014 14.2992
205000 115000 150016 15.7953
200000 120000 150015 14.8512
205000 120000 150016 15.9598
205000 115000 150016 15.7953
210000 115000 150015 15.2684
205000 120000 150016 15.9598
210000 120000 150015 14.6841
210000 110000 150012 12.1157
215000 110000 150008 8.29105
210000 115000 150015 15.2684
215000 115000 150010 10.0314
215000 110000 150008 8.29105
220000 110000 150005 5.25181
215000 115000 150010 10.0314
220000 115000 150008 7.86569
210000 115000 150015 15.2684
215000 115000 150010 10.0314
210000 120000 150015 14.6841
215000 120000 150012 11.7044
215000 115000 150010 10.0314
220000 115000 150008 7.86569
215000 120000 150012 11.7044
220000 120000 150008 7.7525
220000 110000 150005 5.25181
225000 110000 150002 2.18977
220000 115000 150008 7.86569
225000 115000 150002 2.28537
225000 110000 150002 2.18977
230000 110000 149999 -0.739883
225000 115000 150002 2.28537
230000 115000 149996 -4.39432
220000 115000 150008 7.86569
225000 115000 150002 2.28537
220000 120000 150008 7.7525
225000 120000 150005 4.76745
225000 115000 150002 2.28537
230000 115000 149996 -4.39432
225000 120000 150005 4.76745
230000 120000 149999 -1.36082
230000 110000 149999 -0.739883
235000 110000 149996 -3.78138
230000 115000 149996 -4.39432
235000 115000 149993 -6.85388
235000 110000 149996 -3.78138
240000 110000 149990 -10.101
235000 115000 149993 -6.85388
240000 115000 149995 -5.31123
230000 115000 149996 -4.39432
235000 115000 149993 -6.85388
230000 120000 149999 -1.36082
235000 120000 149997 -3.1068
235000 115000 149993 -6.85388
240000 115000 149995 -5.31123
235000 120000 149997 -3.1068
240000 120000 149995 -5.43255
240000 110000 149990 -10.101
245000 110000 149989 -10.5205
240000 115000 149995 -5.31123
245000 115000 149991 -9.21047
245000 110000 149989 -10.5205
250000 110000 149987 -12.5947
245000 115000 149991 -9.21047
250000 115000 149989 -11.093
240000 115000 149995 -5.31123
245000 115000 149991 -9.21047
240000 120000 149995 -5.43255
245000 120000 149991 -8.89388
245000 115000 149991 -9.21047
250000 115000 149989 -11.093
245000 120000 149991 -8.89388
250000 120000 149989 -10.839
250000 110000 149987 -12.5947
255000 110000 149986 -14.0104
250000 115000 149989 -11.093
255000 115000 149986 -14.2728
255000 110000 149986 -14.0104
260000 110000 149984 -15.5098
255000 115000 149986 -14.2728
260000 115000 149984 -16.1861
250000 115000 149989 -11.093
255000 115000 149986 -14.2728
250000 120000 149989 -10.839
255000 120000 149985 -14.8192
255000 115000 149986 -14.2728
260000 115000 149984 -16.1861
255000 120000 149985 -14.8192
260000 120000 149986 -14.4812
260000 110000 149984 -15.5098
265000 110000 149984 -16.3512
260000 115000 149984 -16.1861
265000 115000 149983 -17.4657
265000 110000 149984 -16.3512
270000 110000 149981 -18.5072
265000 115000 149983 -17.4657
270000 115000 149983 -16.7875
260000 115000 149984 -16.1861
265000 115000 149983 -17.4657
260000 120000 149986 -14.4812
265000 120000 149983 -16.7281
265000 115000 149983 -17.4657
270000 115000 149983 -16.7875
265000 120000 149983 -16.7281
270000 120000 149982 -17.6461
270000 110000 149981 -18.5072
275000 110000 149981 -19.0017
270000 115000 149983 -16.7875
275000 115000 149982 -18.328
275000 110000 149981 -19.0017
280000 110000 149981 -19.1943
275000 115000 149982 -18.328
280000 115000 149981 -19.2088
270000 115000 149983 -16.7875
275000 115000 149982 -18.328
270000 120000 149982 -17.6461
275000 120000 149981 -18.9655
275000 115000 149982 -18.328
280000 115000 149981 -19.2088
275000 120000 149981 -18.9655
280000 120000 149982 -18.4016
280000 110000 149981 -19.1943
285000 110000 149981 -19.3408
280000 115000 149981 -19.2088
285000 115000 149980 -20.0424
285000 110000 149981 -19.3408
290000 110000 149981 -19.4501
285000 115000 149980 -20.0424
290000 115000 149980 -20.1537
280000 115000 149981 -19.2088
285000 115000 149980 -20.0424
280000 120000 149982 -18.4016
285000 120000 149980 -20.0627
285000 115000 149980 -20.0424
290000 115000 149980 -20.1537
285000 120000 149980 -20.0627
290000 120000 149979 -20.7511
290000 110000 149981 -19.4501
295000 110000 149980 -20.3018
290000 115000 149980 -20.1537
295000 115000 149979 -20.7524
295000 110000 149980 -20.3018
300000 110000 149979 -20.5301
295000 115000 149979 -20.7524
300000 115000 149980 -20.1509
290000 115000 149980 -20.1537
295000 115000 149979 -20.7524
290000 120000 149979 -20.7511
295000 120000 149979 -21.0198
295000 115000 149979 -20.7524
300000 115000 149980 -20.1509
295000 120000 149979 -21.0198
300000 120000 149980 -20.4612
