# x y z topography
0 0 149987 -13.1583
5000 0 149986 -14.4284
0 5000 149987 -13.0843
5000 5000 149990 -9.85103
5000 0 149986 -14.4284
10000 0 149990 -9.77254
5000 5000 149990 -9.85103
10000 5000 149989 -11.1884
0 5000 149987 -13.0843
5000 5000 149990 -9.85103
0 10000 149988 -12.0093
5000 10000 149991 -9.27827
5000 5000 149990 -9.85103
10000 5000 149989 -11.1884
5000 10000 149991 -9.27827
10000 10000 149989 -10.7625
10000 0 149990 -9.77254
15000 0 149988 -11.5573
10000 5000 149989 -11.1884
15000 5000 149992 -8.32325
15000 0 149988 -11.5573
20000 0 149992 -7.78777
15000 5000 149992 -8.32325
20000 5000 149991 -9.37142
10000 5000 149989 -11.1884
15000 5000 149992 -8.32325
10000 10000 149989 -10.7625
15000 10000 149989 -10.7345
15000 5000 149992 -8.32325
20000 5000 149991 -9.37142
15000 10000 149989 -10.7345
20000 10000 149992 -7.60206
20000 0 149992 -7.78777
25000 0 149993 -7.16547
20000 5000 149991 -9.37142
25000 5000 149991 -9.49774
25000 0 149993 -7.16547
30000 0 149991 -9.28142
25000 5000 149991 -9.49774
30000 5000 149993 -6.68759
20000 5000 149991 -9.37142
25000 5000 149991 -9.49774
20000 10000 149992 -7.60206
25000 10000 149992 -7.83741
25000 5000 149991 -9.49774
30000 5000 149993 -6.68759
25000 10000 149992 -7.83741
30000 10000 149993 -6.83687
30000 0 149991 -9.28142
35000 0 149995 -5.00757
30000 5000 149993 -6.68759
35000 5000 149991 -9.02236
35000 0 149995 -5.00757
40000 0 149992 -8.41792
35000 5000 149991 -9.02236
40000 5000 149991 -8.55856
30000 5000 149993 -6.68759
35000 5000 149991 -9.02236
30000 10000 149993 -6.83687
35000 10000 149991 -9.02698
35000 5000 149991 -9.02236
40000 5000 149991 -8.55856
35000 10000 149991 -9.02698
40000 10000 149992 -8.25938
40000 0 149992 -8.41792
45000 0 149993 -6.97114
40000 5000 149991 -8.55856
45000 5000 149993 -7.18165
45000 0 149993 -6.97114
50000 0 149996 -4.26516
45000 5000 149993 -7.18165
50000 5000 149994 -5.93295
40000 5000 149991 -8.55856
45000 5000 149993 -7.18165
40000 10000 149992 -8.25938
45000 10000 149992 -7.68681
45000 5000 149993 -7.18165
50000 5000 149994 -5.93295
45000 10000 149992 -7.68681
50000 10000 149993 -6.56084
50000 0 149996 -4.26516
55000 0 149996 -3.65587
50000 5000 149994 -5.93295
55000 5000 149995 -4.77944
55000 0 149996 -3.65587
60000 0 150001 1.10986
55000 5000 149995 -4.77944
60000 5000 149999 -1.18111
50000 5000 149994 -5.93295
55000 5000 149995 -4.77944
50000 10000 149993 -6.56084
55000 10000 149995 -4.61164
55000 5000 149995 -4.77944
60000 5000 149999 -1.18111
55000 10000 149995 -4.61164
60000 10000 149997 -2.51584
60000 0 150001 1.10986
65000 0 149999 -0.600715
60000 5000 149999 -1.18111
65000 5000 150004 3.64084
65000 0 149999 -0.600715
70000 0 150004 4.16568
65000 5000 150004 3.64084
70000 5000 150004 3.64352
60000 5000 149999 -1.18111
65000 5000 150004 3.64084
60000 10000 149997 -2.51584
65000 10000 149999 -1.16228
65000 5000 150004 3.64084
70000 5000 150004 3.64352
65000 10000 149999 -1.16228
70000 10000 150001 0.631087
70000 0 150004 4.16568
75000 0 150002 2.28992
70000 5000 150004 3.64352
75000 5000 150005 5.48154
75000 0 150002 2.28992
80000 0 150010 9.607
75000 5000 150005 5.48154
80000 5000 150008 7.87646
70000 5000 150004 3.64352
75000 5000 150005 5.48154
70000 10000 150001 0.631087
75000 10000 150006 5.52448
75000 5000 150005 5.48154
80000 5000 150008 7.87646
75000 10000 150006 5.52448
80000 10000 150007 7.31022
0 10000 149988 -12.0093
5000 10000 149991 -9.27827
0 15000 149988 -11.7273
5000 15000 149989 -11.0857
5000 10000 149991 -9.27827
10000 10000 149989 -10.7625
5000 15000 149989 -11.0857
10000 15000 149989 -10.9649
0 15000 149988 -11.7273
5000 15000 149989 -11.0857
0 20000 149990 -9.78831
5000 20000 149990 -10.2087
5000 15000 149989 -11.0857
10000 15000 149989 -10.9649
5000 20000 149990 -10.2087
10000 20000 149989 -11.0857
10000 10000 149989 -10.7625
15000 10000 149989 -10.7345
10000 15000 149989 -10.9649
15000 15000 149989 -10.7742
15000 10000 149989 -10.7345
20000 10000 149992 -7.60206
15000 15000 149989 -10.7742
20000 15000 149991 -9.38687
10000 15000 149989 -10.9649
15000 15000 149989 -10.7742
10000 20000 149989 -11.0857
15000 20000 149989 -10.8318
15000 15000 149989 -10.7742
20000 15000 149991 -9.38687
15000 20000 149989 -10.8318
20000 20000 149993 -7.20821
20000 10000 149992 -7.60206
25000 10000 149992 -7.83741
20000 15000 149991 -9.38687
25000 15000 149990 -9.59414
25000 10000 149992 -7.83741
30000 10000 149993 -6.83687
25000 15000 149990 -9.59414
30000 15000 149991 -9.29835
20000 15000 149991 -9.38687
25000 15000 149990 -9.59414
20000 20000 149993 -7.20821
25000 20000 149990 -9.89161
25000 15000 149990 -9.59414
30000 15000 149991 -9.29835
25000 20000 149990 -9.89161
30000 20000 149991 -8.98117
30000 10000 149993 -6.83687
35000 10000 149991 -9.02698
30000 15000 149991 -9.29835
35000 15000 149995 -5.0695
35000 10000 149991 -9.02698
40000 10000 149992 -8.25938
35000 15000 149995 -5.0695
40000 15000 149993 -7.04809
30000 15000 149991 -9.29835
35000 15000 149995 -5.0695
30000 20000 149991 -8.98117
35000 20000 149994 -5.95225
35000 15000 149995 -5.0695
40000 15000 149993 -7.04809
35000 20000 149994 -5.95225
40000 20000 149995 -4.67791
40000 10000 149992 -8.25938
45000 10000 149992 -7.68681
40000 15000 149993 -7.04809
45000 15000 149994 -6.29365
45000 10000 149992 -7.68681
50000 10000 149993 -6.56084
45000 15000 149994 -6.29365
50000 15000 149995 -5.10447
40000 15000 149993 -7.04809
45000 15000 149994 -6.29365
40000 20000 149995 -4.67791
45000 20000 149994 -6.28632
45000 15000 149994 -6.29365
50000 15000 149995 -5.10447
45000 20000 149994 -6.28632
50000 20000 149995 -5.47753
50000 10000 149993 -6.56084
55000 10000 149995 -4.61164
50000 15000 149995 -5.10447
55000 15000 149996 -3.55015
55000 10000 149995 -4.61164
60000 10000 149997 -2.51584
55000 15000 149996 -3.55015
60000 15000 150000 -0.238171
50000 15000 149995 -5.10447
55000 15000 149996 -3.55015
50000 20000 149995 -5.47753
55000 20000 149995 -4.59793
55000 15000 149996 -3.55015
60000 15000 150000 -0.238171
55000 20000 149995 -4.59793
60000 20000 149997 -3.18278
60000 10000 149997 -2.51584
65000 10000 149999 -1.16228
60000 15000 150000 -0.238171
65000 15000 150000 -0.00744596
65000 10000 149999 -1.16228
70000 10000 150001 0.631087
65000 15000 150000 -0.00744596
70000 15000 150001 0.574898
60000 15000 150000 -0.238171
65000 15000 150000 -0.00744596
60000 20000 149997 -3.18278
65000 20000 150001 1.31119
65000 15000 150000 -0.00744596
70000 15000 150001 0.574898
65000 20000 150001 1.31119
70000 20000 150003 2.68244
70000 10000 150001 0.631087
75000 10000 150006 5.52448
70000 15000 150001 0.574898
75000 15000 150007 7.06453
75000 10000 150006 5.52448
80000 10000 150007 7.31022
75000 15000 150007 7.06453
80000 15000 150005 5.49186
70000 15000 150001 0.574898
75000 15000 150007 7.06453
70000 20000 150003 2.68244
75000 20000 150006 5.92516
75000 15000 150007 7.06453
80000 15000 150005 5.49186
75000 20000 150006 5.92516
80000 20000 150006 5.93982
0 20000 149990 -9.78831
5000 20000 149990 -10.2087
0 25000 149989 -11.2213
5000 25000 149989 -11.0774
5000 20000 149990 -10.2087
10000 20000 149989 -11.0857
5000 25000 149989 -11.0774
10000 25000 149989 -10.9051
0 25000 149989 -11.2213
5000 25000 149989 -11.0774
0 30000 149988 -12.215
5000 30000 149989 -10.9491
5000 25000 149989 -11.0774
10000 25000 149989 -10.9051
5000 30000 149989 -10.9491
10000 30000 149989 -10.5132
10000 20000 149989 -11.0857
15000 20000 149989 -10.8318
10000 25000 149989 -10.9051
15000 25000 149991 -9.2325
15000 20000 149989 -10.8318
20000 20000 149993 -7.20821
15000 25000 149991 -9.2325
20000 25000 149990 -10.3587
10000 25000 149989 -10.9051
15000 25000 149991 -9.2325
10000 30000 149989 -10.5132
15000 30000 149989 -10.844
15000 25000 149991 -9.2325
20000 25000 149990 -10.3587
15000 30000 149989 -10.844
20000 30000 149992 -8.1631
20000 20000 149993 -7.20821
25000 20000 149990 -9.89161
20000 25000 149990 -10.3587
25000 25000 149990 -10.0559
25000 20000 149990 -9.89161
30000 20000 149991 -8.98117
25000 25000 149990 -10.0559
30000 25000 149992 -7.70487
20000 25000 149990 -10.3587
25000 25000 149990 -10.0559
20000 30000 149992 -8.1631
25000 30000 149993 -6.78037
25000 25000 149990 -10.0559
30000 25000 149992 -7.70487
25000 30000 149993 -6.78037
30000 30000 149991 -9.45276
30000 20000 149991 -8.98117
35000 20000 149994 -5.95225
30000 25000 149992 -7.70487
35000 25000 149994 -5.8818
35000 20000 149994 -5.95225
40000 20000 149995 -4.67791
35000 25000 149994 -5.8818
40000 25000 149996 -4.10455
30000 25000 149992 -7.70487
35000 25000 149994 -5.8818
30000 30000 149991 -9.45276
35000 30000 149991 -8.84849
35000 25000 149994 -5.8818
40000 25000 149996 -4.10455
35000 30000 149991 -8.84849
40000 30000 149996 -4.33046
40000 20000 149995 -4.67791
45000 20000 149994 -6.28632
40000 25000 149996 -4.10455
45000 25000 149996 -4.24916
45000 20000 149994 -6.28632
50000 20000 149995 -5.47753
45000 25000 149996 -4.24916
50000 25000 149998 -1.92795
40000 25000 149996 -4.10455
45000 25000 149996 -4.24916
40000 30000 149996 -4.33046
45000 30000 149994 -6.06984
45000 25000 149996 -4.24916
50000 25000 149998 -1.92795
45000 30000 149994 -6.06984
50000 30000 149997 -3.31156
50000 20000 149995 -5.47753
55000 20000 149995 -4.59793
50000 25000 149998 -1.92795
55000 25000 149998 -1.75027
55000 20000 149995 -4.59793
60000 20000 149997 -3.18278
55000 25000 149998 -1.75027
60000 25000 150000 0.494547
50000 25000 149998 -1.92795
55000 25000 149998 -1.75027
50000 30000 149997 -3.31156
55000 30000 149997 -2.60393
55000 25000 149998 -1.75027
60000 25000 150000 0.494547
55000 30000 149997 -2.60393
60000 30000 149997 -3.08241
60000 20000 149997 -3.18278
65000 20000 150001 1.31119
60000 25000 150000 0.494547
65000 25000 150002 1.89148
65000 20000 150001 1.31119
70000 20000 150003 2.68244
65000 25000 150002 1.89148
70000 25000 150000 0.0895422
60000 25000 150000 0.494547
65000 25000 150002 1.89148
60000 30000 149997 -3.08241
65000 30000 149999 -1.36054
65000 25000 150002 1.89148
70000 25000 150000 0.0895422
65000 30000 149999 -1.36054
70000 30000 150001 1.47915
70000 20000 150003 2.68244
75000 20000 150006 5.92516
70000 25000 150000 0.0895422
75000 25000 150006 5.79372
75000 20000 150006 5.92516
80000 20000 150006 5.93982
75000 25000 150006 5.79372
80000 25000 150008 8.01303
70000 25000 150000 0.0895422
75000 25000 150006 5.79372
70000 30000 150001 1.47915
75000 30000 150003 2.98823
75000 25000 150006 5.79372
80000 25000 150008 8.01303
75000 30000 150003 2.98823
80000 30000 150004 4.3069
0 30000 149988 -12.215
5000 30000 149989 -10.9491
0 35000 149990 -10.1071
5000 35000 149990 -10.1293
5000 30000 149989 -10.9491
10000 30000 149989 -10.5132
5000 35000 149990 -10.1293
10000 35000 149989 -10.998
0 35000 149990 -10.1071
5000 35000 149990 -10.1293
0 40000 149991 -9.42618
5000 40000 149989 -11.0188
5000 35000 149990 -10.1293
10000 35000 149989 -10.998
5000 40000 149989 -11.0188
10000 40000 149990 -10.1587
10000 30000 149989 -10.5132
15000 30000 149989 -10.844
10000 35000 149989 -10.998
15000 35000 149989 -10.872
15000 30000 149989 -10.844
20000 30000 149992 -8.1631
15000 35000 149989 -10.872
20000 35000 149989 -10.5239
10000 35000 149989 -10.998
15000 35000 149989 -10.872
10000 40000 149990 -10.1587
15000 40000 149989 -10.8361
15000 35000 149989 -10.872
20000 35000 149989 -10.5239
15000 40000 149989 -10.8361
20000 40000 149992 -7.84326
20000 30000 149992 -8.1631
25000 30000 149993 -6.78037
20000 35000 149989 -10.5239
25000 35000 149990 -9.79007
25000 30000 149993 -6.78037
30000 30000 149991 -9.45276
25000 35000 149990 -9.79007
30000 35000 149991 -8.50771
20000 35000 149989 -10.5239
25000 35000 149990 -9.79007
20000 40000 149992 -7.84326
25000 40000 149990 -10.2733
25000 35000 149990 -9.79007
30000 35000 149991 -8.50771
25000 40000 149990 -10.2733
30000 40000 149993 -7.497
30000 30000 149991 -9.45276
35000 30000 149991 -8.84849
30000 35000 149991 -8.50771
35000 35000 149992 -8.29026
35000 30000 149991 -8.84849
40000 30000 149996 -4.33046
35000 35000 149992 -8.29026
40000 35000 149995 -5.02574
30000 35000 149991 -8.50771
35000 35000 149992 -8.29026
30000 40000 149993 -7.497
35000 40000 149991 -9.12419
35000 35000 149992 -8.29026
40000 35000 149995 -5.02574
35000 40000 149991 -9.12419
40000 40000 149994 -5.89211
40000 30000 149996 -4.33046
45000 30000 149994 -6.06984
40000 35000 149995 -5.02574
45000 35000 149994 -6.06983
45000 30000 149994 -6.06984
50000 30000 149997 -3.31156
45000 35000 149994 -6.06983
50000 35000 149994 -5.60537
40000 35000 149995 -5.02574
45000 35000 149994 -6.06983
40000 40000 149994 -5.89211
45000 40000 149994 -6.35041
45000 35000 149994 -6.06983
50000 35000 149994 -5.60537
45000 40000 149994 -6.35041
50000 40000 149994 -5.90156
50000 30000 149997 -3.31156
55000 30000 149997 -2.60393
50000 35000 149994 -5.60537
55000 35000 149997 -2.82934
55000 30000 149997 -2.60393
60000 30000 149997 -3.08241
55000 35000 149997 -2.82934
60000 35000 149998 -2.3268
50000 35000 149994 -5.60537
55000 35000 149997 -2.82934
50000 40000 149994 -5.90156
55000 40000 149995 -4.58971
55000 35000 149997 -2.82934
60000 35000 149998 -2.3268
55000 40000 149995 -4.58971
60000 40000 149997 -2.79569
60000 30000 149997 -3.08241
65000 30000 149999 -1.36054
60000 35000 149998 -2.3268
65000 35000 150000 -0.294377
65000 30000 149999 -1.36054
70000 30000 150001 1.47915
65000 35000 150000 -0.294377
70000 35000 150001 0.510362
60000 35000 149998 -2.3268
65000 35000 150000 -0.294377
60000 40000 149997 -2.79569
65000 40000 149999 -0.611448
65000 35000 150000 -0.294377
70000 35000 150001 0.510362
65000 40000 149999 -0.611448
70000 40000 150001 1.05009
70000 30000 150001 1.47915
75000 30000 150003 2.98823
70000 35000 150001 0.510362
75000 35000 150002 1.91544
75000 30000 150003 2.98823
80000 30000 150004 4.3069
75000 35000 150002 1.91544
80000 35000 150006 5.99279
70000 35000 150001 0.510362
75000 35000 150002 1.91544
70000 40000 150001 1.05009
75000 40000 150005 5.48795
75000 35000 150002 1.91544
80000 35000 150006 5.99279
75000 40000 150005 5.48795
80000 40000 150005 4.61572
0 40000 149991 -9.42618
5000 40000 149989 -11.0188
0 45000 149989 -11.0761
5000 45000 149989 -10.9102
5000 40000 149989 -11.0188
10000 40000 149990 -10.1587
5000 45000 149989 -10.9102
10000 45000 149991 -9.2245
0 45000 149989 -11.0761
5000 45000 149989 -10.9102
0 50000 149989 -11.067
5000 50000 149990 -9.88967
5000 45000 149989 -10.9102
10000 45000 149991 -9.2245
5000 50000 149990 -9.88967
10000 50000 149989 -11.0214
10000 40000 149990 -10.1587
15000 40000 149989 -10.8361
10000 45000 149991 -9.2245
15000 45000 149990 -9.62236
15000 40000 149989 -10.8361
20000 40000 149992 -7.84326
15000 45000 149990 -9.62236
20000 45000 149989 -10.5839
10000 45000 149991 -9.2245
15000 45000 149990 -9.62236
10000 50000 149989 -11.0214
15000 50000 149992 -8.18232
15000 45000 149990 -9.62236
20000 45000 149989 -10.5839
15000 50000 149992 -8.18232
20000 50000 149990 -10.4887
20000 40000 149992 -7.84326
25000 40000 149990 -10.2733
20000 45000 149989 -10.5839
25000 45000 149992 -8.07976
25000 40000 149990 -10.2733
30000 40000 149993 -7.497
25000 45000 149992 -8.07976
30000 45000 149991 -8.78335
20000 45000 149989 -10.5839
25000 45000 149992 -8.07976
20000 50000 149990 -10.4887
25000 50000 149992 -7.82874
25000 45000 149992 -8.07976
30000 45000 149991 -8.78335
25000 50000 149992 -7.82874
30000 50000 149993 -6.8014
30000 40000 149993 -7.497
35000 40000 149991 -9.12419
30000 45000 149991 -8.78335
35000 45000 149992 -8.0158
35000 40000 149991 -9.12419
40000 40000 149994 -5.89211
35000 45000 149992 -8.0158
40000 45000 149993 -6.7903
30000 45000 149991 -8.78335
35000 45000 149992 -8.0158
30000 50000 149993 -6.8014
35000 50000 149995 -5.19246
35000 45000 149992 -8.0158
40000 45000 149993 -6.7903
35000 50000 149995 -5.19246
40000 50000 149993 -7.26309
40000 40000 149994 -5.89211
45000 40000 149994 -6.35041
40000 45000 149993 -6.7903
45000 45000 149996 -4.19765
45000 40000 149994 -6.35041
50000 40000 149994 -5.90156
45000 45000 149996 -4.19765
50000 45000 149994 -5.66003
40000 45000 149993 -6.7903
45000 45000 149996 -4.19765
40000 50000 149993 -7.26309
45000 50000 149997 -3.15026
45000 45000 149996 -4.19765
50000 45000 149994 -5.66003
45000 50000 149997 -3.15026
50000 50000 149995 -5.05538
50000 40000 149994 -5.90156
55000 40000 149995 -4.58971
50000 45000 149994 -5.66003
55000 45000 149999 -1.04048
55000 40000 149995 -4.58971
60000 40000 149997 -2.79569
55000 45000 149999 -1.04048
60000 45000 149996 -3.89091
50000 45000 149994 -5.66003
55000 45000 149999 -1.04048
50000 50000 149995 -5.05538
55000 50000 149998 -1.97915
55000 45000 149999 -1.04048
60000 45000 149996 -3.89091
55000 50000 149998 -1.97915
60000 50000 150000 -0.145753
60000 40000 149997 -2.79569
65000 40000 149999 -0.611448
60000 45000 149996 -3.89091
65000 45000 150001 1.12051
65000 40000 149999 -0.611448
70000 40000 150001 1.05009
65000 45000 150001 1.12051
70000 45000 150003 2.94928
60000 45000 149996 -3.89091
65000 45000 150001 1.12051
60000 50000 150000 -0.145753
65000 50000 150000 -0.3613
65000 45000 150001 1.12051
70000 45000 150003 2.94928
65000 50000 150000 -0.3613
70000 50000 150002 1.55492
70000 40000 150001 1.05009
75000 40000 150005 5.48795
70000 45000 150003 2.94928
75000 45000 150002 2.42004
75000 40000 150005 5.48795
80000 40000 150005 4.61572
75000 45000 150002 2.42004
80000 45000 150004 3.85801
70000 45000 150003 2.94928
75000 45000 150002 2.42004
70000 50000 150002 1.55492
75000 50000 150002 1.62208
75000 45000 150002 2.42004
80000 45000 150004 3.85801
75000 50000 150002 1.62208
80000 50000 150007 6.84232
0 50000 149989 -11.067
5000 50000 149990 -9.88967
0 55000 149989 -10.9763
5000 55000 149990 -10.2366
5000 50000 149990 -9.88967
10000 50000 149989 -11.0214
5000 55000 149990 -10.2366
10000 55000 149989 -11.0246
0 55000 149989 -10.9763
5000 55000 149990 -10.2366
0 60000 149989 -10.8863
5000 60000 149991 -8.53683
5000 55000 149990 -10.2366
10000 55000 149989 -11.0246
5000 60000 149991 -8.53683
10000 60000 149992 -7.54826
10000 50000 149989 -11.0214
15000 50000 149992 -8.18232
10000 55000 149989 -11.0246
15000 55000 149990 -10.454
15000 50000 149992 -8.18232
20000 50000 149990 -10.4887
15000 55000 149990 -10.454
20000 55000 149990 -10.4887
10000 55000 149989 -11.0246
15000 55000 149990 -10.454
10000 60000 149992 -7.54826
15000 60000 149989 -11.147
15000 55000 149990 -10.454
20000 55000 149990 -10.4887
15000 60000 149989 -11.147
20000 60000 149993 -7.34501
20000 50000 149990 -10.4887
25000 50000 149992 -7.82874
20000 55000 149990 -10.4887
25000 55000 149991 -8.93262
25000 50000 149992 -7.82874
30000 50000 149993 -6.8014
25000 55000 149991 -8.93262
30000 55000 149992 -7.66516
20000 55000 149990 -10.4887
25000 55000 149991 -8.93262
20000 60000 149993 -7.34501
25000 60000 149992 -8.4036
25000 55000 149991 -8.93262
30000 55000 149992 -7.66516
25000 60000 149992 -8.4036
30000 60000 149991 -9.10665
30000 50000 149993 -6.8014
35000 50000 149995 -5.19246
30000 55000 149992 -7.66516
35000 55000 149994 -5.57126
35000 50000 149995 -5.19246
40000 50000 149993 -7.26309
35000 55000 149994 -5.57126
40000 55000 149996 -3.73531
30000 55000 149992 -7.66516
35000 55000 149994 -5.57126
30000 60000 149991 -9.10665
35000 60000 149991 -8.69479
35000 55000 149994 -5.57126
40000 55000 149996 -3.73531
35000 60000 149991 -8.69479
40000 60000 149993 -6.82549
40000 50000 149993 -7.26309
45000 50000 149997 -3.15026
40000 55000 149996 -3.73531
45000 55000 149996 -3.88715
45000 50000 149997 -3.15026
50000 50000 149995 -5.05538
45000 55000 149996 -3.88715
50000 55000 149996 -3.60639
40000 55000 149996 -3.73531
45000 55000 149996 -3.88715
40000 60000 149993 -6.82549
45000 60000 149995 -4.52444
45000 55000 149996 -3.88715
50000 55000 149996 -3.60639
45000 60000 149995 -4.52444
50000 60000 149994 -6.1093
50000 50000 149995 -5.05538
55000 50000 149998 -1.97915
50000 55000 149996 -3.60639
55000 55000 149998 -2.10579
55000 50000 149998 -1.97915
60000 50000 150000 -0.145753
55000 55000 149998 -2.10579
60000 55000 149999 -0.96931
50000 55000 149996 -3.60639
55000 55000 149998 -2.10579
50000 60000 149994 -6.1093
55000 60000 149996 -4.39784
55000 55000 149998 -2.10579
60000 55000 149999 -0.96931
55000 60000 149996 -4.39784
60000 60000 149996 -3.98464
60000 50000 150000 -0.145753
65000 50000 150000 -0.3613
60000 55000 149999 -0.96931
65000 55000 150001 1.47164
65000 50000 150000 -0.3613
70000 50000 150002 1.55492
65000 55000 150001 1.47164
70000 55000 149999 -1.0517
60000 55000 149999 -0.96931
65000 55000 150001 1.47164
60000 60000 149996 -3.98464
65000 60000 149997 -3.04525
65000 55000 150001 1.47164
70000 55000 149999 -1.0517
65000 60000 149997 -3.04525
70000 60000 150000 0.155251
70000 50000 150002 1.55492
75000 50000 150002 1.62208
70000 55000 149999 -1.0517
75000 55000 150003 2.51309
75000 50000 150002 1.62208
80000 50000 150007 6.84232
75000 55000 150003 2.51309
80000 55000 150002 2.15849
70000 55000 149999 -1.0517
75000 55000 150003 2.51309
70000 60000 150000 0.155251
75000 60000 150003 3.27978
75000 55000 150003 2.51309
80000 55000 150002 2.15849
75000 60000 150003 3.27978
80000 60000 150006 6.01447
0 60000 149989 -10.8863
5000 60000 149991 -8.53683
0 65000 149990 -10.4697
5000 65000 149990 -10.1842
5000 60000 149991 -8.53683
10000 60000 149992 -7.54826
5000 65000 149990 -10.1842
10000 65000 149989 -10.6973
0 65000 149990 -10.4697
5000 65000 149990 -10.1842
0 70000 149991 -8.61386
5000 70000 149991 -9.26756
5000 65000 149990 -10.1842
10000 65000 149989 -10.6973
5000 70000 149991 -9.26756
10000 70000 149991 -8.88608
10000 60000 149992 -7.54826
15000 60000 149989 -11.147
10000 65000 149989 -10.6973
15000 65000 149990 -9.96876
15000 60000 149989 -11.147
20000 60000 149993 -7.34501
15000 65000 149990 -9.96876
20000 65000 149991 -9.44185
10000 65000 149989 -10.6973
15000 65000 149990 -9.96876
10000 70000 149991 -8.88608
15000 70000 149989 -10.7324
15000 65000 149990 -9.96876
20000 65000 149991 -9.44185
15000 70000 149989 -10.7324
20000 70000 149992 -7.82606
20000 60000 149993 -7.34501
25000 60000 149992 -8.4036
20000 65000 149991 -9.44185
25000 65000 149990 -10.0411
25000 60000 149992 -8.4036
30000 60000 149991 -9.10665
25000 65000 149990 -10.0411
30000 65000 149991 -8.74486
20000 65000 149991 -9.44185
25000 65000 149990 -10.0411
20000 70000 149992 -7.82606
25000 70000 149990 -9.76696
25000 65000 149990 -10.0411
30000 65000 149991 -8.74486
25000 70000 149990 -9.76696
30000 70000 149991 -9.06952
30000 60000 149991 -9.10665
35000 60000 149991 -8.69479
30000 65000 149991 -8.74486
35000 65000 149991 -8.5908
35000 60000 149991 -8.69479
40000 60000 149993 -6.82549
35000 65000 149991 -8.5908
40000 65000 149993 -6.51401
30000 65000 149991 -8.74486
35000 65000 149991 -8.5908
30000 70000 149991 -9.06952
35000 70000 149991 -8.53899
35000 65000 149991 -8.5908
40000 65000 149993 -6.51401
35000 70000 149991 -8.53899
40000 70000 149993 -6.65888
40000 60000 149993 -6.82549
45000 60000 149995 -4.52444
40000 65000 149993 -6.51401
45000 65000 149993 -7.07481
45000 60000 149995 -4.52444
50000 60000 149994 -6.1093
45000 65000 149993 -7.07481
50000 65000 149996 -3.9352
40000 65000 149993 -6.51401
45000 65000 149993 -7.07481
40000 70000 149993 -6.65888
45000 70000 149993 -6.92019
45000 65000 149993 -7.07481
50000 65000 149996 -3.9352
45000 70000 149993 -6.92019
50000 70000 149996 -4.0668
50000 60000 149994 -6.1093
55000 60000 149996 -4.39784
50000 65000 149996 -3.9352
55000 65000 149999 -1.35271
55000 60000 149996 -4.39784
60000 60000 149996 -3.98464
55000 65000 149999 -1.35271
60000 65000 149996 -3.60755
50000 65000 149996 -3.9352
55000 65000 149999 -1.35271
50000 70000 149996 -4.0668
55000 70000 149995 -5.47356
55000 65000 149999 -1.35271
60000 65000 149996 -3.60755
55000 70000 149995 -5.47356
60000 70000 149999 -0.858164
60000 60000 149996 -3.98464
65000 60000 149997 -3.04525
60000 65000 149996 -3.60755
65000 65000 149999 -0.778847
65000 60000 149997 -3.04525
70000 60000 150000 0.155251
65000 65000 149999 -0.778847
70000 65000 149999 -1.43783
60000 65000 149996 -3.60755
65000 65000 149999 -0.778847
60000 70000 149999 -0.858164
65000 70000 149999 -1.16767
65000 65000 149999 -0.778847
70000 65000 149999 -1.43783
65000 70000 149999 -1.16767
70000 70000 150000 -0.0578637
70000 60000 150000 0.155251
75000 60000 150003 3.27978
70000 65000 149999 -1.43783
75000 65000 150003 3.1633
75000 60000 150003 3.27978
80000 60000 150006 6.01447
75000 65000 150003 3.1633
80000 65000 150004 4.02436
70000 65000 149999 -1.43783
75000 65000 150003 3.1633
70000 70000 150000 -0.0578637
75000 70000 150003 2.91448
75000 65000 150003 3.1633
80000 65000 150004 4.02436
75000 70000 150003 2.91448
80000 70000 150006 5.74257
0 70000 149991 -8.61386
5000 70000 149991 -9.26756
0 75000 149989 -10.9189
5000 75000 149989 -10.7899
5000 70000 149991 -9.26756
10000 70000 149991 -8.88608
5000 75000 149989 -10.7899
10000 75000 149989 -10.8586
0 75000 149989 -10.9189
5000 75000 149989 -10.7899
0 80000 149992 -8.49589
5000 80000 149991 -8.59209
5000 75000 149989 -10.7899
10000 75000 149989 -10.8586
5000 80000 149991 -8.59209
10000 80000 149989 -10.8956
10000 70000 149991 -8.88608
15000 70000 149989 -10.7324
10000 75000 149989 -10.8586
15000 75000 149990 -10.2716
15000 70000 149989 -10.7324
20000 70000 149992 -7.82606
15000 75000 149990 -10.2716
20000 75000 149989 -10.506
10000 75000 149989 -10.8586
15000 75000 149990 -10.2716
10000 80000 149989 -10.8956
15000 80000 149989 -10.6507
15000 75000 149990 -10.2716
20000 75000 149989 -10.506
15000 80000 149989 -10.6507
20000 80000 149991 -8.50685
20000 70000 149992 -7.82606
25000 70000 149990 -9.76696
20000 75000 149989 -10.506
25000 75000 149990 -9.80214
25000 70000 149990 -9.76696
30000 70000 149991 -9.06952
25000 75000 149990 -9.80214
30000 75000 149991 -9.08516
20000 75000 149989 -10.506
25000 75000 149990 -9.80214
20000 80000 149991 -8.50685
25000 80000 149991 -9.45565
25000 75000 149990 -9.80214
30000 75000 149991 -9.08516
25000 80000 149991 -9.45565
30000 80000 149992 -7.66922
30000 70000 149991 -9.06952
35000 70000 149991 -8.53899
30000 75000 149991 -9.08516
35000 75000 149993 -7.31715
35000 70000 149991 -8.53899
40000 70000 149993 -6.65888
35000 75000 149993 -7.31715
40000 75000 149993 -7.37989
30000 75000 149991 -9.08516
35000 75000 149993 -7.31715
30000 80000 149992 -7.66922
35000 80000 149992 -7.96767
35000 75000 149993 -7.31715
40000 75000 149993 -7.37989
35000 80000 149992 -7.96767
40000 80000 149994 -5.90727
40000 70000 149993 -6.65888
45000 70000 149993 -6.92019
40000 75000 149993 -7.37989
45000 75000 149993 -6.97115
45000 70000 149993 -6.92019
50000 70000 149996 -4.0668
45000 75000 149993 -6.97115
50000 75000 149994 -6.0676
40000 75000 149993 -7.37989
45000 75000 149993 -6.97115
40000 80000 149994 -5.90727
45000 80000 149995 -4.90895
45000 75000 149993 -6.97115
50000 75000 149994 -6.0676
45000 80000 149995 -4.90895
50000 80000 149994 -6.09253
50000 70000 149996 -4.0668
55000 70000 149995 -5.47356
50000 75000 149994 -6.0676
55000 75000 149996 -4.00961
55000 70000 149995 -5.47356
60000 70000 149999 -0.858164
55000 75000 149996 -4.00961
60000 75000 149998 -2.36015
50000 75000 149994 -6.0676
55000 75000 149996 -4.00961
50000 80000 149994 -6.09253
55000 80000 149998 -2.00555
55000 75000 149996 -4.00961
60000 75000 149998 -2.36015
55000 80000 149998 -2.00555
60000 80000 149997 -2.91343
60000 70000 149999 -0.858164
65000 70000 149999 -1.16767
60000 75000 149998 -2.36015
65000 75000 149998 -2.07849
65000 70000 149999 -1.16767
70000 70000 150000 -0.0578637
65000 75000 149998 -2.07849
70000 75000 150002 2.36171
60000 75000 149998 -2.36015
65000 75000 149998 -2.07849
60000 80000 149997 -2.91343
65000 80000 149996 -4.286
65000 75000 149998 -2.07849
70000 75000 150002 2.36171
65000 80000 149996 -4.286
70000 80000 149999 -0.883449
70000 70000 150000 -0.0578637
75000 70000 150003 2.91448
70000 75000 150002 2.36171
75000 75000 150002 2.43485
75000 70000 150003 2.91448
80000 70000 150006 5.74257
75000 75000 150002 2.43485
80000 75000 150004 4.2856
70000 75000 150002 2.36171
75000 75000 150002 2.43485
70000 80000 149999 -0.883449
75000 80000 150000 -0.490447
75000 75000 150002 2.43485
80000 75000 150004 4.2856
75000 80000 150000 -0.490447
80000 80000 150006 6.00523
80000 0 150010 9.607
85000 0 150009 9.41928
80000 5000 150008 7.87646
85000 5000 150009 8.70953
85000 0 150009 9.41928
90000 0 150009 8.50098
85000 5000 150009 8.70953
90000 5000 150010 10.313
80000 5000 150008 7.87646
85000 5000 150009 8.70953
80000 10000 150007 7.31022
85000 10000 150009 9.33818
85000 5000 150009 8.70953
90000 5000 150010 10.313
85000 10000 150009 9.33818
90000 10000 150010 10.3919
90000 0 150009 8.50098
95000 0 150008 7.77071
90000 5000 150010 10.313
95000 5000 150010 10.4545
95000 0 150008 7.77071
100000 0 150008 8.4728
95000 5000 150010 10.4545
100000 5000 150011 10.7278
90000 5000 150010 10.313
95000 5000 150010 10.4545
90000 10000 150010 10.3919
95000 10000 150013 12.7136
95000 5000 150010 10.4545
100000 5000 150011 10.7278
95000 10000 150013 12.7136
100000 10000 150010 10.3899
100000 0 150008 8.4728
105000 0 150012 11.766
100000 5000 150011 10.7278
105000 5000 150009 8.9876
105000 0 150012 11.766
110000 0 150011 10.7935
105000 5000 150009 8.9876
110000 5000 150011 10.8482
100000 5000 150011 10.7278
105000 5000 150009 8.9876
100000 10000 150010 10.3899
105000 10000 150010 10.3132
105000 5000 150009 8.9876
110000 5000 150011 10.8482
105000 10000 150010 10.3132
110000 10000 150009 8.91648
110000 0 150011 10.7935
115000 0 150003 3.10153
110000 5000 150011 10.8482
115000 5000 150003 3.46104
115000 0 150003 3.10153
120000 0 150002 2.09578
115000 5000 150003 3.46104
120000 5000 150001 0.88081
110000 5000 150011 10.8482
115000 5000 150003 3.46104
110000 10000 150009 8.91648
115000 10000 150007 6.5992
115000 5000 150003 3.46104
120000 5000 150001 0.88081
115000 10000 150007 6.5992
120000 10000 149999 -0.797194
120000 0 150002 2.09578
125000 0 149997 -3.0029
120000 5000 150001 0.88081
125000 5000 149997 -3.47693
125000 0 149997 -3.0029
130000 0 150002 1.97894
125000 5000 149997 -3.47693
130000 5000 149999 -1.05525
120000 5000 150001 0.88081
125000 5000 149997 -3.47693
120000 10000 149999 -0.797194
125000 10000 149996 -3.68487
125000 5000 149997 -3.47693
130000 5000 149999 -1.05525
125000 10000 149996 -3.68487
130000 10000 149998 -2.4484
130000 0 150002 1.97894
135000 0 150000 -0.410201
130000 5000 149999 -1.05525
135000 5000 149999 -0.941774
135000 0 150000 -0.410201
140000 0 150002 2.36887
135000 5000 149999 -0.941774
140000 5000 150007 7.45583
130000 5000 149999 -1.05525
135000 5000 149999 -0.941774
130000 10000 149998 -2.4484
135000 10000 150001 0.799542
135000 5000 149999 -0.941774
140000 5000 150007 7.45583
135000 10000 150001 0.799542
140000 10000 150007 6.70675
140000 0 150002 2.36887
145000 0 150010 9.7603
140000 5000 150007 7.45583
145000 5000 150005 4.67179
145000 0 150010 9.7603
150000 0 150006 6.1057
145000 5000 150005 4.67179
150000 5000 150009 9.07099
140000 5000 150007 7.45583
145000 5000 150005 4.67179
140000 10000 150007 6.70675
145000 10000 150009 8.7676
145000 5000 150005 4.67179
150000 5000 150009 9.07099
145000 10000 150009 8.7676
150000 10000 150011 10.6613
150000 0 150006 6.1057
155000 0 150008 7.68698
150000 5000 150009 9.07099
155000 5000 150009 8.91038
155000 0 150008 7.68698
160000 0 150010 10.455
155000 5000 150009 8.91038
160000 5000 150013 13.357
150000 5000 150009 9.07099
155000 5000 150009 8.91038
150000 10000 150011 10.6613
155000 10000 150009 8.55753
155000 5000 150009 8.91038
160000 5000 150013 13.357
155000 10000 150009 8.55753
160000 10000 150013 13.0297
80000 10000 150007 7.31022
85000 10000 150009 9.33818
80000 15000 150005 5.49186
85000 15000 150008 7.60619
85000 10000 150009 9.33818
90000 10000 150010 10.3919
85000 15000 150008 7.60619
90000 15000 150008 7.9182
80000 15000 150005 5.49186
85000 15000 150008 7.60619
80000 20000 150006 5.93982
85000 20000 150011 11.3033
85000 15000 150008 7.60619
90000 15000 150008 7.9182
85000 20000 150011 11.3033
90000 20000 150010 10.0185
90000 10000 150010 10.3919
95000 10000 150013 12.7136
90000 15000 150008 7.9182
95000 15000 150012 12.3795
95000 10000 150013 12.7136
100000 10000 150010 10.3899
95000 15000 150012 12.3795
100000 15000 150013 12.6002
90000 15000 150008 7.9182
95000 15000 150012 12.3795
90000 20000 150010 10.0185
95000 20000 150010 9.75661
95000 15000 150012 12.3795
100000 15000 150013 12.6002
95000 20000 150010 9.75661
100000 20000 150009 8.93064
100000 10000 150010 10.3899
105000 10000 150010 10.3132
100000 15000 150013 12.6002
105000 15000 150014 13.8883
105000 10000 150010 10.3132
110000 10000 150009 8.91648
105000 15000 150014 13.8883
110000 15000 150012 11.579
100000 15000 150013 12.6002
105000 15000 150014 13.8883
100000 20000 150009 8.93064
105000 20000 150012 12.0103
105000 15000 150014 13.8883
110000 15000 150012 11.579
105000 20000 150012 12.0103
110000 20000 150014 14.422
110000 10000 150009 8.91648
115000 10000 150007 6.5992
110000 15000 150012 11.579
115000 15000 150011 10.8581
115000 10000 150007 6.5992
120000 10000 149999 -0.797194
115000 15000 150011 10.8581
120000 15000 149999 -1.20742
110000 15000 150012 11.579
115000 15000 150011 10.8581
110000 20000 150014 14.422
115000 20000 150009 8.52358
115000 15000 150011 10.8581
120000 15000 149999 -1.20742
115000 20000 150009 8.52358
120000 20000 149999 -1.099
120000 10000 149999 -0.797194
125000 10000 149996 -3.68487
120000 15000 149999 -1.20742
125000 15000 149989 -11.2537
125000 10000 149996 -3.68487
130000 10000 149998 -2.4484
125000 15000 149989 -11.2537
130000 15000 149993 -6.66787
120000 15000 149999 -1.20742
125000 15000 149989 -11.2537
120000 20000 149999 -1.099
125000 20000 149985 -15.1728
125000 15000 149989 -11.2537
130000 15000 149993 -6.66787
125000 20000 149985 -15.1728
130000 20000 149982 -18.0202
130000 10000 149998 -2.4484
135000 10000 150001 0.799542
130000 15000 149993 -6.66787
135000 15000 149996 -4.4641
135000 10000 150001 0.799542
140000 10000 150007 6.70675
135000 15000 149996 -4.4641
140000 15000 150003 2.98182
130000 15000 149993 -6.66787
135000 15000 149996 -4.4641
130000 20000 149982 -18.0202
135000 20000 149995 -4.83128
135000 15000 149996 -4.4641
140000 15000 150003 2.98182
135000 20000 149995 -4.83128
140000 20000 150002 2.38814
140000 10000 150007 6.70675
145000 10000 150009 8.7676
140000 15000 150003 2.98182
145000 15000 150009 8.91085
145000 10000 150009 8.7676
150000 10000 150011 10.6613
145000 15000 150009 8.91085
150000 15000 150008 8.24457
140000 15000 150003 2.98182
145000 15000 150009 8.91085
140000 20000 150002 2.38814
145000 20000 150008 8.00216
145000 15000 150009 8.91085
150000 15000 150008 8.24457
145000 20000 150008 8.00216
150000 20000 150008 8.34735
150000 10000 150011 10.6613
155000 10000 150009 8.55753
150000 15000 150008 8.24457
155000 15000 150012 11.8743
155000 10000 150009 8.55753
160000 10000 150013 13.0297
155000 15000 150012 11.8743
160000 15000 150014 13.8527
150000 15000 150008 8.24457
155000 15000 150012 11.8743
150000 20000 150008 8.34735
155000 20000 150011 11.2082
155000 15000 150012 11.8743
160000 15000 150014 13.8527
155000 20000 150011 11.2082
160000 20000 150013 12.5572
80000 20000 150006 5.93982
85000 20000 150011 11.3033
80000 25000 150008 8.01303
85000 25000 150010 10.3293
85000 20000 150011 11.3033
90000 20000 150010 10.0185
85000 25000 150010 10.3293
90000 25000 150008 8.13221
80000 25000 150008 8.01303
85000 25000 150010 10.3293
80000 30000 150004 4.3069
85000 30000 150007 6.9549
85000 25000 150010 10.3293
90000 25000 150008 8.13221
85000 30000 150007 6.9549
90000 30000 150009 8.89515
90000 20000 150010 10.0185
95000 20000 150010 9.75661
90000 25000 150008 8.13221
95000 25000 150011 11.4988
95000 20000 150010 9.75661
100000 20000 150009 8.93064
95000 25000 150011 11.4988
100000 25000 150014 14.4465
90000 25000 150008 8.13221
95000 25000 150011 11.4988
90000 30000 150009 8.89515
95000 30000 150009 9.09615
95000 25000 150011 11.4988
100000 25000 150014 14.4465
95000 30000 150009 9.09615
100000 30000 150012 11.5909
100000 20000 150009 8.93064
105000 20000 150012 12.0103
100000 25000 150014 14.4465
105000 25000 150015 14.9362
105000 20000 150012 12.0103
110000 20000 150014 14.422
105000 25000 150015 14.9362
110000 25000 150015 15.3597
100000 25000 150014 14.4465
105000 25000 150015 14.9362
100000 30000 150012 11.5909
105000 30000 150011 10.9466
105000 25000 150015 14.9362
110000 25000 150015 15.3597
105000 30000 150011 10.9466
110000 30000 150012 11.7236
110000 20000 150014 14.422
115000 20000 150009 8.52358
110000 25000 150015 15.3597
115000 25000 150016 15.8208
115000 20000 150009 8.52358
120000 20000 149999 -1.099
115000 25000 150016 15.8208
120000 25000 150007 7.15469
110000 25000 150015 15.3597
115000 25000 150016 15.8208
110000 30000 150012 11.7236
115000 30000 150016 15.9394
115000 25000 150016 15.8208
120000 25000 150007 7.15469
115000 30000 150016 15.9394
120000 30000 150011 11.3248
120000 20000 149999 -1.099
125000 20000 149985 -15.1728
120000 25000 150007 7.15469
125000 25000 149991 -9.23243
125000 20000 149985 -15.1728
130000 20000 149982 -18.0202
125000 25000 149991 -9.23243
130000 25000 149980 -20.0819
120000 25000 150007 7.15469
125000 25000 149991 -9.23243
120000 30000 150011 11.3248
125000 30000 149999 -1.36917
125000 25000 149991 -9.23243
130000 25000 149980 -20.0819
125000 30000 149999 -1.36917
130000 30000 149984 -15.6633
130000 20000 149982 -18.0202
135000 20000 149995 -4.83128
130000 25000 149980 -20.0819
135000 25000 149989 -11.4131
135000 20000 149995 -4.83128
140000 20000 150002 2.38814
135000 25000 149989 -11.4131
140000 25000 149999 -1.37334
130000 25000 149980 -20.0819
135000 25000 149989 -11.4131
130000 30000 149984 -15.6633
135000 30000 149978 -21.5955
135000 25000 149989 -11.4131
140000 25000 149999 -1.37334
135000 30000 149978 -21.5955
140000 30000 149993 -6.80658
140000 20000 150002 2.38814
145000 20000 150008 8.00216
140000 25000 149999 -1.37334
145000 25000 150008 7.64274
145000 20000 150008 8.00216
150000 20000 150008 8.34735
145000 25000 150008 7.64274
150000 25000 150010 9.61917
140000 25000 149999 -1.37334
145000 25000 150008 7.64274
140000 30000 149993 -6.80658
145000 30000 150006 5.63864
145000 25000 150008 7.64274
150000 25000 150010 9.61917
145000 30000 150006 5.63864
150000 30000 150010 9.78288
150000 20000 150008 8.34735
155000 20000 150011 11.2082
150000 25000 150010 9.61917
155000 25000 150010 9.59519
155000 20000 150011 11.2082
160000 20000 150013 12.5572
155000 25000 150010 9.59519
160000 25000 150010 9.86203
150000 25000 150010 9.61917
155000 25000 150010 9.59519
150000 30000 150010 9.78288
155000 30000 150011 11.2725
155000 25000 150010 9.59519
160000 25000 150010 9.86203
155000 30000 150011 11.2725
160000 30000 150011 11.1193
80000 30000 150004 4.3069
85000 30000 150007 6.9549
80000 35000 150006 5.99279
85000 35000 150008 8.02278
85000 30000 150007 6.9549
90000 30000 150009 8.89515
85000 35000 150008 8.02278
90000 35000 150007 6.90986
80000 35000 150006 5.99279
85000 35000 150008 8.02278
80000 40000 150005 4.61572
85000 40000 150009 8.59853
85000 35000 150008 8.02278
90000 35000 150007 6.90986
85000 40000 150009 8.59853
90000 40000 150012 11.9285
90000 30000 150009 8.89515
95000 30000 150009 9.09615
90000 35000 150007 6.90986
95000 35000 150010 10.2741
95000 30000 150009 9.09615
100000 30000 150012 11.5909
95000 35000 150010 10.2741
100000 35000 150011 11.3854
90000 35000 150007 6.90986
95000 35000 150010 10.2741
90000 40000 150012 11.9285
95000 40000 150014 13.637
95000 35000 150010 10.2741
100000 35000 150011 11.3854
95000 40000 150014 13.637
100000 40000 150014 14.3072
100000 30000 150012 11.5909
105000 30000 150011 10.9466
100000 35000 150011 11.3854
105000 35000 150012 11.5909
105000 30000 150011 10.9466
110000 30000 150012 11.7236
105000 35000 150012 11.5909
110000 35000 150013 12.639
100000 35000 150011 11.3854
105000 35000 150012 11.5909
100000 40000 150014 14.3072
105000 40000 150012 12.3487
105000 35000 150012 11.5909
110000 35000 150013 12.639
105000 40000 150012 12.3487
110000 40000 150012 11.7104
110000 30000 150012 11.7236
115000 30000 150016 15.9394
110000 35000 150013 12.639
115000 35000 150014 14.401
115000 30000 150016 15.9394
120000 30000 150011 11.3248
115000 35000 150014 14.401
120000 35000 150013 12.7378
110000 35000 150013 12.639
115000 35000 150014 14.401
110000 40000 150012 11.7104
115000 40000 150017 17.2741
115000 35000 150014 14.401
120000 35000 150013 12.7378
115000 40000 150017 17.2741
120000 40000 150015 15.2323
120000 30000 150011 11.3248
125000 30000 149999 -1.36917
120000 35000 150013 12.7378
125000 35000 150009 9.47886
125000 30000 149999 -1.36917
130000 30000 149984 -15.6633
125000 35000 150009 9.47886
130000 35000 149989 -11.308
120000 35000 150013 12.7378
125000 35000 150009 9.47886
120000 40000 150015 15.2323
125000 40000 150009 9.09095
125000 35000 150009 9.47886
130000 35000 149989 -11.308
125000 40000 150009 9.09095
130000 40000 149999 -1.30685
130000 30000 149984 -15.6633
135000 30000 149978 -21.5955
130000 35000 149989 -11.308
135000 35000 149975 -24.5906
135000 30000 149978 -21.5955
140000 30000 149993 -6.80658
135000 35000 149975 -24.5906
140000 35000 149986 -13.8288
130000 35000 149989 -11.308
135000 35000 149975 -24.5906
130000 40000 149999 -1.30685
135000 40000 149981 -19.203
135000 35000 149975 -24.5906
140000 35000 149986 -13.8288
135000 40000 149981 -19.203
140000 40000 149979 -20.8101
140000 30000 149993 -6.80658
145000 30000 150006 5.63864
140000 35000 149986 -13.8288
145000 35000 150000 -0.184272
145000 30000 150006 5.63864
150000 30000 150010 9.78288
145000 35000 150000 -0.184272
150000 35000 150005 4.69308
140000 35000 149986 -13.8288
145000 35000 150000 -0.184272
140000 40000 149979 -20.8101
145000 40000 149992 -7.90873
145000 35000 150000 -0.184272
150000 35000 150005 4.69308
145000 40000 149992 -7.90873
150000 40000 150003 3.03117
150000 30000 150010 9.78288
155000 30000 150011 11.2725
150000 35000 150005 4.69308
155000 35000 150011 11.3801
155000 30000 150011 11.2725
160000 30000 150011 11.1193
155000 35000 150011 11.3801
160000 35000 150013 12.8523
150000 35000 150005 4.69308
155000 35000 150011 11.3801
150000 40000 150003 3.03117
155000 40000 150014 13.8344
155000 35000 150011 11.3801
160000 35000 150013 12.8523
155000 40000 150014 13.8344
160000 40000 150010 10.1244
80000 40000 150005 4.61572
85000 40000 150009 8.59853
80000 45000 150004 3.85801
85000 45000 150006 6.49931
85000 40000 150009 8.59853
90000 40000 150012 11.9285
85000 45000 150006 6.49931
90000 45000 150013 12.6632
80000 45000 150004 3.85801
85000 45000 150006 6.49931
80000 50000 150007 6.84232
85000 50000 150006 6.1375
85000 45000 150006 6.49931
90000 45000 150013 12.6632
85000 50000 150006 6.1375
90000 50000 150008 7.97589
90000 40000 150012 11.9285
95000 40000 150014 13.637
90000 45000 150013 12.6632
95000 45000 150010 9.78672
95000 40000 150014 13.637
100000 40000 150014 14.3072
95000 45000 150010 9.78672
100000 45000 150011 10.7687
90000 45000 150013 12.6632
95000 45000 150010 9.78672
90000 50000 150008 7.97589
95000 50000 150013 13.2793
95000 45000 150010 9.78672
100000 45000 150011 10.7687
95000 50000 150013 13.2793
100000 50000 150012 11.9904
100000 40000 150014 14.3072
105000 40000 150012 12.3487
100000 45000 150011 10.7687
105000 45000 150013 13.1237
105000 40000 150012 12.3487
110000 40000 150012 11.7104
105000 45000 150013 13.1237
110000 45000 150014 14.0408
100000 45000 150011 10.7687
105000 45000 150013 13.1237
100000 50000 150012 11.9904
105000 50000 150011 11.3756
105000 45000 150013 13.1237
110000 45000 150014 14.0408
105000 50000 150011 11.3756
110000 50000 150016 16.1163
110000 40000 150012 11.7104
115000 40000 150017 17.2741
110000 45000 150014 14.0408
115000 45000 150012 12.2939
115000 40000 150017 17.2741
120000 40000 150015 15.2323
115000 45000 150012 12.2939
120000 45000 150016 15.7974
110000 45000 150014 14.0408
115000 45000 150012 12.2939
110000 50000 150016 16.1163
115000 50000 150015 15.4503
115000 45000 150012 12.2939
120000 45000 150016 15.7974
115000 50000 150015 15.4503
120000 50000 150013 12.8319
120000 40000 150015 15.2323
125000 40000 150009 9.09095
120000 45000 150016 15.7974
125000 45000 150012 12.1227
125000 40000 150009 9.09095
130000 40000 149999 -1.30685
125000 45000 150012 12.1227
130000 45000 150006 6.08679
120000 45000 150016 15.7974
125000 45000 150012 12.1227
120000 50000 150013 12.8319
125000 50000 150014 13.6634
125000 45000 150012 12.1227
130000 45000 150006 6.08679
125000 50000 150014 13.6634
130000 50000 150011 11.0393
130000 40000 149999 -1.30685
135000 40000 149981 -19.203
130000 45000 150006 6.08679
135000 45000 149993 -6.84962
135000 40000 149981 -19.203
140000 40000 149979 -20.8101
135000 45000 149993 -6.84962
140000 45000 149976 -23.5328
130000 45000 150006 6.08679
135000 45000 149993 -6.84962
130000 50000 150011 11.0393
135000 50000 149999 -0.720371
135000 45000 149993 -6.84962
140000 45000 149976 -23.5328
135000 50000 149999 -0.720371
140000 50000 149980 -20.0178
140000 40000 149979 -20.8101
145000 40000 149992 -7.90873
140000 45000 149976 -23.5328
145000 45000 149979 -20.9317
145000 40000 149992 -7.90873
150000 40000 150003 3.03117
145000 45000 149979 -20.9317
150000 45000 149995 -4.51928
140000 45000 149976 -23.5328
145000 45000 149979 -20.9317
140000 50000 149980 -20.0178
145000 50000 149977 -22.688
145000 45000 149979 -20.9317
150000 45000 149995 -4.51928
145000 50000 149977 -22.688
150000 50000 149988 -12.467
150000 40000 150003 3.03117
155000 40000 150014 13.8344
150000 45000 149995 -4.51928
155000 45000 150008 7.7256
155000 40000 150014 13.8344
160000 40000 150010 10.1244
155000 45000 150008 7.7256
160000 45000 150013 12.8103
150000 45000 149995 -4.51928
155000 45000 150008 7.7256
150000 50000 149988 -12.467
155000 50000 150007 6.58516
155000 45000 150008 7.7256
160000 45000 150013 12.8103
155000 50000 150007 6.58516
160000 50000 150009 8.56505
80000 50000 150007 6.84232
85000 50000 150006 6.1375
80000 55000 150002 2.15849
85000 55000 150004 3.90357
85000 50000 150006 6.1375
90000 50000 150008 7.97589
85000 55000 150004 3.90357
90000 55000 150008 7.53283
80000 55000 150002 2.15849
85000 55000 150004 3.90357
80000 60000 150006 6.01447
85000 60000 150008 7.69069
85000 55000 150004 3.90357
90000 55000 150008 7.53283
85000 60000 150008 7.69069
90000 60000 150007 7.18764
90000 50000 150008 7.97589
95000 50000 150013 13.2793
90000 55000 150008 7.53283
95000 55000 150010 9.92518
95000 50000 150013 13.2793
100000 50000 150012 11.9904
95000 55000 150010 9.92518
100000 55000 150011 10.8778
90000 55000 150008 7.53283
95000 55000 150010 9.92518
90000 60000 150007 7.18764
95000 60000 150008 8.46952
95000 55000 150010 9.92518
100000 55000 150011 10.8778
95000 60000 150008 8.46952
100000 60000 150011 11.0909
100000 50000 150012 11.9904
105000 50000 150011 11.3756
100000 55000 150011 10.8778
105000 55000 150015 15.1008
105000 50000 150011 11.3756
110000 50000 150016 16.1163
105000 55000 150015 15.1008
110000 55000 150017 16.6609
100000 55000 150011 10.8778
105000 55000 150015 15.1008
100000 60000 150011 11.0909
105000 60000 150012 12.1052
105000 55000 150015 15.1008
110000 55000 150017 16.6609
105000 60000 150012 12.1052
110000 60000 150013 12.8115
110000 50000 150016 16.1163
115000 50000 150015 15.4503
110000 55000 150017 16.6609
115000 55000 150015 14.5958
115000 50000 150015 15.4503
120000 50000 150013 12.8319
115000 55000 150015 14.5958
120000 55000 150015 15.1398
110000 55000 150017 16.6609
115000 55000 150015 14.5958
110000 60000 150013 12.8115
115000 60000 150017 16.7102
115000 55000 150015 14.5958
120000 55000 150015 15.1398
115000 60000 150017 16.7102
120000 60000 150013 13.4279
120000 50000 150013 12.8319
125000 50000 150014 13.6634
120000 55000 150015 15.1398
125000 55000 150017 16.9963
125000 50000 150014 13.6634
130000 50000 150011 11.0393
125000 55000 150017 16.9963
130000 55000 150015 14.9084
120000 55000 150015 15.1398
125000 55000 150017 16.9963
120000 60000 150013 13.4279
125000 60000 150017 16.8423
125000 55000 150017 16.9963
130000 55000 150015 14.9084
125000 60000 150017 16.8423
130000 60000 150015 14.8257
130000 50000 150011 11.0393
135000 50000 149999 -0.720371
130000 55000 150015 14.9084
135000 55000 150009 9.19291
135000 50000 149999 -0.720371
140000 50000 149980 -20.0178
135000 55000 150009 9.19291
140000 55000 149994 -6.19949
130000 55000 150015 14.9084
135000 55000 150009 9.19291
130000 60000 150015 14.8257
135000 60000 150015 14.8144
135000 55000 150009 9.19291
140000 55000 149994 -6.19949
135000 60000 150015 14.8144
140000 60000 150001 0.815957
140000 50000 149980 -20.0178
145000 50000 149977 -22.688
140000 55000 149994 -6.19949
145000 55000 149978 -22.0888
145000 50000 149977 -22.688
150000 50000 149988 -12.467
145000 55000 149978 -22.0888
150000 55000 149982 -17.5041
140000 55000 149994 -6.19949
145000 55000 149978 -22.0888
140000 60000 150001 0.815957
145000 60000 149987 -13.2939
145000 55000 149978 -22.0888
150000 55000 149982 -17.5041
145000 60000 149987 -13.2939
150000 60000 149978 -21.7331
150000 50000 149988 -12.467
155000 50000 150007 6.58516
150000 55000 149982 -17.5041
155000 55000 149998 -2.19293
155000 50000 150007 6.58516
160000 50000 150009 8.56505
155000 55000 149998 -2.19293
160000 55000 150011 10.8354
150000 55000 149982 -17.5041
155000 55000 149998 -2.19293
150000 60000 149978 -21.7331
155000 60000 149987 -12.7041
155000 55000 149998 -2.19293
160000 55000 150011 10.8354
155000 60000 149987 -12.7041
160000 60000 149999 -1.08935
80000 60000 150006 6.01447
85000 60000 150008 7.69069
80000 65000 150004 4.02436
85000 65000 150004 4.14404
85000 60000 150008 7.69069
90000 60000 150007 7.18764
85000 65000 150004 4.14404
90000 65000 150009 9.4194
80000 65000 150004 4.02436
85000 65000 150004 4.14404
80000 70000 150006 5.74257
85000 70000 150005 5.23909
85000 65000 150004 4.14404
90000 65000 150009 9.4194
85000 70000 150005 5.23909
90000 70000 150009 8.68975
90000 60000 150007 7.18764
95000 60000 150008 8.46952
90000 65000 150009 9.4194
95000 65000 150011 11.1423
95000 60000 150008 8.46952
100000 60000 150011 11.0909
95000 65000 150011 11.1423
100000 65000 150010 9.93298
90000 65000 150009 9.4194
95000 65000 150011 11.1423
90000 70000 150009 8.68975
95000 70000 150011 10.7871
95000 65000 150011 11.1423
100000 65000 150010 9.93298
95000 70000 150011 10.7871
100000 70000 150009 9.48516
100000 60000 150011 11.0909
105000 60000 150012 12.1052
100000 65000 150010 9.93298
105000 65000 150015 14.7586
105000 60000 150012 12.1052
110000 60000 150013 12.8115
105000 65000 150015 14.7586
110000 65000 150014 14.1
100000 65000 150010 9.93298
105000 65000 150015 14.7586
100000 70000 150009 9.48516
105000 70000 150014 14.0126
105000 65000 150015 14.7586
110000 65000 150014 14.1
105000 70000 150014 14.0126
110000 70000 150014 13.8493
110000 60000 150013 12.8115
115000 60000 150017 16.7102
110000 65000 150014 14.1
115000 65000 150014 13.5389
115000 60000 150017 16.7102
120000 60000 150013 13.4279
115000 65000 150014 13.5389
120000 65000 150015 14.6605
110000 65000 150014 14.1
115000 65000 150014 13.5389
110000 70000 150014 13.8493
115000 70000 150018 18.3518
115000 65000 150014 13.5389
120000 65000 150015 14.6605
115000 70000 150018 18.3518
120000 70000 150018 17.7432
120000 60000 150013 13.4279
125000 60000 150017 16.8423
120000 65000 150015 14.6605
125000 65000 150018 17.5032
125000 60000 150017 16.8423
130000 60000 150015 14.8257
125000 65000 150018 17.5032
130000 65000 150013 13.2888
120000 65000 150015 14.6605
125000 65000 150018 17.5032
120000 70000 150018 17.7432
125000 70000 150016 16.0601
125000 65000 150018 17.5032
130000 65000 150013 13.2888
125000 70000 150016 16.0601
130000 70000 150015 15.1622
130000 60000 150015 14.8257
135000 60000 150015 14.8144
130000 65000 150013 13.2888
135000 65000 150011 11.3751
135000 60000 150015 14.8144
140000 60000 150001 0.815957
135000 65000 150011 11.3751
140000 65000 150006 5.96606
130000 65000 150013 13.2888
135000 65000 150011 11.3751
130000 70000 150015 15.1622
135000 70000 150017 16.817
135000 65000 150011 11.3751
140000 65000 150006 5.96606
135000 70000 150017 16.817
140000 70000 150009 9.3973
140000 60000 150001 0.815957
145000 60000 149987 -13.2939
140000 65000 150006 5.96606
145000 65000 149997 -2.98476
145000 60000 149987 -13.2939
150000 60000 149978 -21.7331
145000 65000 149997 -2.98476
150000 65000 149980 -19.9283
140000 65000 150006 5.96606
145000 65000 149997 -2.98476
140000 70000 150009 9.3973
145000 70000 150000 0.18125
145000 65000 149997 -2.98476
150000 65000 149980 -19.9283
145000 70000 150000 0.18125
150000 70000 149987 -13.1013
150000 60000 149978 -21.7331
155000 60000 149987 -12.7041
150000 65000 149980 -19.9283
155000 65000 149976 -24.3478
155000 60000 149987 -12.7041
160000 60000 149999 -1.08935
155000 65000 149976 -24.3478
160000 65000 149994 -5.59538
150000 65000 149980 -19.9283
155000 65000 149976 -24.3478
150000 70000 149987 -13.1013
155000 70000 149977 -22.9527
155000 65000 149976 -24.3478
160000 65000 149994 -5.59538
155000 70000 149977 -22.9527
160000 70000 149984 -15.9693
80000 70000 150006 5.74257
85000 70000 150005 5.23909
80000 75000 150004 4.2856
85000 75000 150005 4.60253
85000 70000 150005 5.23909
90000 70000 150009 8.68975
85000 75000 150005 4.60253
90000 75000 150009 9.47993
80000 75000 150004 4.2856
85000 75000 150005 4.60253
80000 80000 150006 6.00523
85000 80000 150004 4.45608
85000 75000 150005 4.60253
90000 75000 150009 9.47993
85000 80000 150004 4.45608
90000 80000 150006 5.60053
90000 70000 150009 8.68975
95000 70000 150011 10.7871
90000 75000 150009 9.47993
95000 75000 150011 10.8417
95000 70000 150011 10.7871
100000 70000 150009 9.48516
95000 75000 150011 10.8417
100000 75000 150009 8.85379
90000 75000 150009 9.47993
95000 75000 150011 10.8417
90000 80000 150006 5.60053
95000 80000 150007 7.3785
95000 75000 150011 10.8417
100000 75000 150009 8.85379
95000 80000 150007 7.3785
100000 80000 150012 11.668
100000 70000 150009 9.48516
105000 70000 150014 14.0126
100000 75000 150009 8.85379
105000 75000 150011 11.3913
105000 70000 150014 14.0126
110000 70000 150014 13.8493
105000 75000 150011 11.3913
110000 75000 150015 14.7757
100000 75000 150009 8.85379
105000 75000 150011 11.3913
100000 80000 150012 11.668
105000 80000 150012 12.0164
105000 75000 150011 11.3913
110000 75000 150015 14.7757
105000 80000 150012 12.0164
110000 80000 150015 14.8154
110000 70000 150014 13.8493
115000 70000 150018 18.3518
110000 75000 150015 14.7757
115000 75000 150013 12.9559
115000 70000 150018 18.3518
120000 70000 150018 17.7432
115000 75000 150013 12.9559
120000 75000 150015 15.318
110000 75000 150015 14.7757
115000 75000 150013 12.9559
110000 80000 150015 14.8154
115000 80000 150013 13.0433
115000 75000 150013 12.9559
120000 75000 150015 15.318
115000 80000 150013 13.0433
120000 80000 150015 14.9758
120000 70000 150018 17.7432
125000 70000 150016 16.0601
120000 75000 150015 15.318
125000 75000 150015 15.0265
125000 70000 150016 16.0601
130000 70000 150015 15.1622
125000 75000 150015 15.0265
130000 75000 150013 13.1778
120000 75000 150015 15.318
125000 75000 150015 15.0265
120000 80000 150015 14.9758
125000 80000 150016 15.9494
125000 75000 150015 15.0265
130000 75000 150013 13.1778
125000 80000 150016 15.9494
130000 80000 150013 13.1275
130000 70000 150015 15.1622
135000 70000 150017 16.817
130000 75000 150013 13.1778
135000 75000 150013 12.9297
135000 70000 150017 16.817
140000 70000 150009 9.3973
135000 75000 150013 12.9297
140000 75000 150014 13.648
130000 75000 150013 13.1778
135000 75000 150013 12.9297
130000 80000 150013 13.1275
135000 80000 150013 13.2028
135000 75000 150013 12.9297
140000 75000 150014 13.648
135000 80000 150013 13.2028
140000 80000 150014 14.1788
140000 70000 150009 9.3973
145000 70000 150000 0.18125
140000 75000 150014 13.648
145000 75000 150009 9.10419
145000 70000 150000 0.18125
150000 70000 149987 -13.1013
145000 75000 150009 9.10419
150000 75000 149996 -4.33883
140000 75000 150014 13.648
145000 75000 150009 9.10419
140000 80000 150014 14.1788
145000 80000 150013 13.4848
145000 75000 150009 9.10419
150000 75000 149996 -4.33883
145000 80000 150013 13.4848
150000 80000 150002 2.11433
150000 70000 149987 -13.1013
155000 70000 149977 -22.9527
150000 75000 149996 -4.33883
155000 75000 149977 -22.5214
155000 70000 149977 -22.9527
160000 70000 149984 -15.9693
155000 75000 149977 -22.5214
160000 75000 149972 -27.9389
150000 75000 149996 -4.33883
155000 75000 149977 -22.5214
150000 80000 150002 2.11433
155000 80000 149988 -11.9386
155000 75000 149977 -22.5214
160000 75000 149972 -27.9389
155000 80000 149988 -11.9386
160000 80000 149974 -26.3223
0 80000 149992 -8.49589
5000 80000 149991 -8.59209
0 85000 149989 -11.0906
5000 85000 149989 -11.041
5000 80000 149991 -8.59209
10000 80000 149989 -10.8956
5000 85000 149989 -11.041
10000 85000 149992 -8.44169
0 85000 149989 -11.0906
5000 85000 149989 -11.041
0 90000 149989 -11.1631
5000 90000 149990 -9.93886
5000 85000 149989 -11.041
10000 85000 149992 -8.44169
5000 90000 149990 -9.93886
10000 90000 149991 -8.79162
10000 80000 149989 -10.8956
15000 80000 149989 -10.6507
10000 85000 149992 -8.44169
15000 85000 149992 -7.50302
15000 80000 149989 -10.6507
20000 80000 149991 -8.50685
15000 85000 149992 -7.50302
20000 85000 149992 -7.52803
10000 85000 149992 -8.44169
15000 85000 149992 -7.50302
10000 90000 149991 -8.79162
15000 90000 149990 -9.50626
15000 85000 149992 -7.50302
20000 85000 149992 -7.52803
15000 90000 149990 -9.50626
20000 90000 149990 -9.52608
20000 80000 149991 -8.50685
25000 80000 149991 -9.45565
20000 85000 149992 -7.52803
25000 85000 149993 -7.49148
25000 80000 149991 -9.45565
30000 80000 149992 -7.66922
25000 85000 149993 -7.49148
30000 85000 149991 -8.51357
20000 85000 149992 -7.52803
25000 85000 149993 -7.49148
20000 90000 149990 -9.52608
25000 90000 149991 -9.06425
25000 85000 149993 -7.49148
30000 85000 149991 -8.51357
25000 90000 149991 -9.06425
30000 90000 149992 -7.60748
30000 80000 149992 -7.66922
35000 80000 149992 -7.96767
30000 85000 149991 -8.51357
35000 85000 149992 -7.9159
35000 80000 149992 -7.96767
40000 80000 149994 -5.90727
35000 85000 149992 -7.9159
40000 85000 149992 -7.81262
30000 85000 149991 -8.51357
35000 85000 149992 -7.9159
30000 90000 149992 -7.60748
35000 90000 149992 -8.15774
35000 85000 149992 -7.9159
40000 85000 149992 -7.81262
35000 90000 149992 -8.15774
40000 90000 149993 -7.16468
40000 80000 149994 -5.90727
45000 80000 149995 -4.90895
40000 85000 149992 -7.81262
45000 85000 149993 -7.07481
45000 80000 149995 -4.90895
50000 80000 149994 -6.09253
45000 85000 149993 -7.07481
50000 85000 149993 -6.52801
40000 85000 149992 -7.81262
45000 85000 149993 -7.07481
40000 90000 149993 -7.16468
45000 90000 149994 -5.77319
45000 85000 149993 -7.07481
50000 85000 149993 -6.52801
45000 90000 149994 -5.77319
50000 90000 149996 -3.66742
50000 80000 149994 -6.09253
55000 80000 149998 -2.00555
50000 85000 149993 -6.52801
55000 85000 149994 -6.01296
55000 80000 149998 -2.00555
60000 80000 149997 -2.91343
55000 85000 149994 -6.01296
60000 85000 149995 -5.04538
50000 85000 149993 -6.52801
55000 85000 149994 -6.01296
50000 90000 149996 -3.66742
55000 90000 149996 -3.68592
55000 85000 149994 -6.01296
60000 85000 149995 -5.04538
55000 90000 149996 -3.68592
60000 90000 149999 -1.37243
60000 80000 149997 -2.91343
65000 80000 149996 -4.286
60000 85000 149995 -5.04538
65000 85000 149999 -0.543727
65000 80000 149996 -4.286
70000 80000 149999 -0.883449
65000 85000 149999 -0.543727
70000 85000 149998 -1.72754
60000 85000 149995 -5.04538
65000 85000 149999 -0.543727
60000 90000 149999 -1.37243
65000 90000 149997 -3.31829
65000 85000 149999 -0.543727
70000 85000 149998 -1.72754
65000 90000 149997 -3.31829
70000 90000 149999 -1.22502
70000 80000 149999 -0.883449
75000 80000 150000 -0.490447
70000 85000 149998 -1.72754
75000 85000 150000 -0.366328
75000 80000 150000 -0.490447
80000 80000 150006 6.00523
75000 85000 150000 -0.366328
80000 85000 150003 3.38204
70000 85000 149998 -1.72754
75000 85000 150000 -0.366328
70000 90000 149999 -1.22502
75000 90000 149999 -0.746399
75000 85000 150000 -0.366328
80000 85000 150003 3.38204
75000 90000 149999 -0.746399
80000 90000 150005 4.587
80000 80000 150006 6.00523
85000 80000 150004 4.45608
80000 85000 150003 3.38204
85000 85000 150007 6.8837
85000 80000 150004 4.45608
90000 80000 150006 5.60053
85000 85000 150007 6.8837
90000 85000 150005 5.32736
80000 85000 150003 3.38204
85000 85000 150007 6.8837
80000 90000 150005 4.587
85000 90000 150007 6.74659
85000 85000 150007 6.8837
90000 85000 150005 5.32736
85000 90000 150007 6.74659
90000 90000 150006 6.26764
90000 80000 150006 5.60053
95000 80000 150007 7.3785
90000 85000 150005 5.32736
95000 85000 150008 7.85619
95000 80000 150007 7.3785
100000 80000 150012 11.668
95000 85000 150008 7.85619
100000 85000 150008 8.17854
90000 85000 150005 5.32736
95000 85000 150008 7.85619
90000 90000 150006 6.26764
95000 90000 150007 6.50857
95000 85000 150008 7.85619
100000 85000 150008 8.17854
95000 90000 150007 6.50857
100000 90000 150010 10.229
100000 80000 150012 11.668
105000 80000 150012 12.0164
100000 85000 150008 8.17854
105000 85000 150012 12.1249
105000 80000 150012 12.0164
110000 80000 150015 14.8154
105000 85000 150012 12.1249
110000 85000 150012 11.9713
100000 85000 150008 8.17854
105000 85000 150012 12.1249
100000 90000 150010 10.229
105000 90000 150010 9.68577
105000 85000 150012 12.1249
110000 85000 150012 11.9713
105000 90000 150010 9.68577
110000 90000 150011 10.979
0 90000 149989 -11.1631
5000 90000 149990 -9.93886
0 95000 149989 -11.0503
5000 95000 149989 -11.1044
5000 90000 149990 -9.93886
10000 90000 149991 -8.79162
5000 95000 149989 -11.1044
10000 95000 149989 -10.7424
0 95000 149989 -11.0503
5000 95000 149989 -11.1044
0 100000 149990 -10.0513
5000 100000 149989 -11.09
5000 95000 149989 -11.1044
10000 95000 149989 -10.7424
5000 100000 149989 -11.09
10000 100000 149989 -10.7461
10000 90000 149991 -8.79162
15000 90000 149990 -9.50626
10000 95000 149989 -10.7424
15000 95000 149990 -9.96035
15000 90000 149990 -9.50626
20000 90000 149990 -9.52608
15000 95000 149990 -9.96035
20000 95000 149993 -7.38499
10000 95000 149989 -10.7424
15000 95000 149990 -9.96035
10000 100000 149989 -10.7461
15000 100000 149992 -8.06717
15000 95000 149990 -9.96035
20000 95000 149993 -7.38499
15000 100000 149992 -8.06717
20000 100000 149991 -8.68417
20000 90000 149990 -9.52608
25000 90000 149991 -9.06425
20000 95000 149993 -7.38499
25000 95000 149990 -9.52686
25000 90000 149991 -9.06425
30000 90000 149992 -7.60748
25000 95000 149990 -9.52686
30000 95000 149991 -9.33234
20000 95000 149993 -7.38499
25000 95000 149990 -9.52686
20000 100000 149991 -8.68417
25000 100000 149991 -8.88111
25000 95000 149990 -9.52686
30000 95000 149991 -9.33234
25000 100000 149991 -8.88111
30000 100000 149992 -7.64651
30000 90000 149992 -7.60748
35000 90000 149992 -8.15774
30000 95000 149991 -9.33234
35000 95000 149991 -9.25505
35000 90000 149992 -8.15774
40000 90000 149993 -7.16468
35000 95000 149991 -9.25505
40000 95000 149995 -5.4711
30000 95000 149991 -9.33234
35000 95000 149991 -9.25505
30000 100000 149992 -7.64651
35000 100000 149992 -8.22236
35000 95000 149991 -9.25505
40000 95000 149995 -5.4711
35000 100000 149992 -8.22236
40000 100000 149991 -8.85841
40000 90000 149993 -7.16468
45000 90000 149994 -5.77319
40000 95000 149995 -5.4711
45000 95000 149992 -8.02456
45000 90000 149994 -5.77319
50000 90000 149996 -3.66742
45000 95000 149992 -8.02456
50000 95000 149994 -6.13669
40000 95000 149995 -5.4711
45000 95000 149992 -8.02456
40000 100000 149991 -8.85841
45000 100000 149993 -6.83627
45000 95000 149992 -8.02456
50000 95000 149994 -6.13669
45000 100000 149993 -6.83627
50000 100000 149996 -3.67656
50000 90000 149996 -3.66742
55000 90000 149996 -3.68592
50000 95000 149994 -6.13669
55000 95000 149994 -5.94256
55000 90000 149996 -3.68592
60000 90000 149999 -1.37243
55000 95000 149994 -5.94256
60000 95000 149999 -0.929421
50000 95000 149994 -6.13669
55000 95000 149994 -5.94256
50000 100000 149996 -3.67656
55000 100000 149998 -2.26357
55000 95000 149994 -5.94256
60000 95000 149999 -0.929421
55000 100000 149998 -2.26357
60000 100000 149999 -1.35598
60000 90000 149999 -1.37243
65000 90000 149997 -3.31829
60000 95000 149999 -0.929421
65000 95000 149996 -3.72279
65000 90000 149997 -3.31829
70000 90000 149999 -1.22502
65000 95000 149996 -3.72279
70000 95000 150001 1.49092
60000 95000 149999 -0.929421
65000 95000 149996 -3.72279
60000 100000 149999 -1.35598
65000 100000 149996 -3.89589
65000 95000 149996 -3.72279
70000 95000 150001 1.49092
65000 100000 149996 -3.89589
70000 100000 149997 -2.58507
70000 90000 149999 -1.22502
75000 90000 149999 -0.746399
70000 95000 150001 1.49092
75000 95000 150002 1.91803
75000 90000 149999 -0.746399
80000 90000 150005 4.587
75000 95000 150002 1.91803
80000 95000 150004 3.67583
70000 95000 150001 1.49092
75000 95000 150002 1.91803
70000 100000 149997 -2.58507
75000 100000 150001 0.937315
75000 95000 150002 1.91803
80000 95000 150004 3.67583
75000 100000 150001 0.937315
80000 100000 150001 1.03242
80000 90000 150005 4.587
85000 90000 150007 6.74659
80000 95000 150004 3.67583
85000 95000 150006 6.04755
85000 90000 150007 6.74659
90000 90000 150006 6.26764
85000 95000 150006 6.04755
90000 95000 150008 7.63678
80000 95000 150004 3.67583
85000 95000 150006 6.04755
80000 100000 150001 1.03242
85000 100000 150004 4.08165
85000 95000 150006 6.04755
90000 95000 150008 7.63678
85000 100000 150004 4.08165
90000 100000 150004 4.17119
90000 90000 150006 6.26764
95000 90000 150007 6.50857
90000 95000 150008 7.63678
95000 95000 150010 10.3143
95000 90000 150007 6.50857
100000 90000 150010 10.229
95000 95000 150010 10.3143
100000 95000 150008 8.08051
90000 95000 150008 7.63678
95000 95000 150010 10.3143
90000 100000 150004 4.17119
95000 100000 150007 7.2367
95000 95000 150010 10.3143
100000 95000 150008 8.08051
95000 100000 150007 7.2367
100000 100000 150009 9.42196
0 100000 149990 -10.0513
5000 100000 149989 -11.09
0 105000 149990 -10.4714
5000 105000 149989 -11.1492
5000 100000 149989 -11.09
10000 100000 149989 -10.7461
5000 105000 149989 -11.1492
10000 105000 149992 -8.4194
0 105000 149990 -10.4714
5000 105000 149989 -11.1492
0 110000 149989 -11.3222
5000 110000 149989 -10.9832
5000 105000 149989 -11.1492
10000 105000 149992 -8.4194
5000 110000 149989 -10.9832
10000 110000 149989 -10.9456
10000 100000 149989 -10.7461
15000 100000 149992 -8.06717
10000 105000 149992 -8.4194
15000 105000 149989 -10.547
15000 100000 149992 -8.06717
20000 100000 149991 -8.68417
15000 105000 149989 -10.547
20000 105000 149992 -7.63713
10000 105000 149992 -8.4194
15000 105000 149989 -10.547
10000 110000 149989 -10.9456
15000 110000 149990 -10.0853
15000 105000 149989 -10.547
20000 105000 149992 -7.63713
15000 110000 149990 -10.0853
20000 110000 149990 -9.87624
20000 100000 149991 -8.68417
25000 100000 149991 -8.88111
20000 105000 149992 -7.63713
25000 105000 149990 -9.58349
25000 100000 149991 -8.88111
30000 100000 149992 -7.64651
25000 105000 149990 -9.58349
30000 105000 149991 -9.35326
20000 105000 149992 -7.63713
25000 105000 149990 -9.58349
20000 110000 149990 -9.87624
25000 110000 149990 -9.56693
25000 105000 149990 -9.58349
30000 105000 149991 -9.35326
25000 110000 149990 -9.56693
30000 110000 149992 -7.811
30000 100000 149992 -7.64651
35000 100000 149992 -8.22236
30000 105000 149991 -9.35326
35000 105000 149991 -9.15684
35000 100000 149992 -8.22236
40000 100000 149991 -8.85841
35000 105000 149991 -9.15684
40000 105000 149994 -6.11481
30000 105000 149991 -9.35326
35000 105000 149991 -9.15684
30000 110000 149992 -7.811
35000 110000 149991 -9.09555
35000 105000 149991 -9.15684
40000 105000 149994 -6.11481
35000 110000 149991 -9.09555
40000 110000 149994 -5.79458
40000 100000 149991 -8.85841
45000 100000 149993 -6.83627
40000 105000 149994 -6.11481
45000 105000 149992 -7.7252
45000 100000 149993 -6.83627
50000 100000 149996 -3.67656
45000 105000 149992 -7.7252
50000 105000 149995 -5.04541
40000 105000 149994 -6.11481
45000 105000 149992 -7.7252
40000 110000 149994 -5.79458
45000 110000 149993 -7.49385
45000 105000 149992 -7.7252
50000 105000 149995 -5.04541
45000 110000 149993 -7.49385
50000 110000 149995 -5.49313
50000 100000 149996 -3.67656
55000 100000 149998 -2.26357
50000 105000 149995 -5.04541
55000 105000 149995 -5.06443
55000 100000 149998 -2.26357
60000 100000 149999 -1.35598
55000 105000 149995 -5.06443
60000 105000 149996 -4.22484
50000 105000 149995 -5.04541
55000 105000 149995 -5.06443
50000 110000 149995 -5.49313
55000 110000 149998 -2.4236
55000 105000 149995 -5.06443
60000 105000 149996 -4.22484
55000 110000 149998 -2.4236
60000 110000 149999 -1.17571
60000 100000 149999 -1.35598
65000 100000 149996 -3.89589
60000 105000 149996 -4.22484
65000 105000 149997 -3.32063
65000 100000 149996 -3.89589
70000 100000 149997 -2.58507
65000 105000 149997 -3.32063
70000 105000 150000 0.230985
60000 105000 149996 -4.22484
65000 105000 149997 -3.32063
60000 110000 149999 -1.17571
65000 110000 149997 -2.72297
65000 105000 149997 -3.32063
70000 105000 150000 0.230985
65000 110000 149997 -2.72297
70000 110000 150001 0.894681
70000 100000 149997 -2.58507
75000 100000 150001 0.937315
70000 105000 150000 0.230985
75000 105000 150000 -0.369516
75000 100000 150001 0.937315
80000 100000 150001 1.03242
75000 105000 150000 -0.369516
80000 105000 150005 5.10372
70000 105000 150000 0.230985
75000 105000 150000 -0.369516
70000 110000 150001 0.894681
75000 110000 150002 2.09966
75000 105000 150000 -0.369516
80000 105000 150005 5.10372
75000 110000 150002 2.09966
80000 110000 150004 3.82999
0 110000 149989 -11.3222
5000 110000 149989 -10.9832
0 115000 149992 -8.14525
5000 115000 149990 -10.2809
5000 110000 149989 -10.9832
10000 110000 149989 -10.9456
5000 115000 149990 -10.2809
10000 115000 149989 -10.8117
0 115000 149992 -8.14525
5000 115000 149990 -10.2809
0 120000 149991 -8.83979
5000 120000 149990 -9.77953
5000 115000 149990 -10.2809
10000 115000 149989 -10.8117
5000 120000 149990 -9.77953
10000 120000 149989 -11.0094
10000 110000 149989 -10.9456
15000 110000 149990 -10.0853
10000 115000 149989 -10.8117
15000 115000 149993 -7.335
15000 110000 149990 -10.0853
20000 110000 149990 -9.87624
15000 115000 149993 -7.335
20000 115000 149990 -9.56656
10000 115000 149989 -10.8117
15000 115000 149993 -7.335
10000 120000 149989 -11.0094
15000 120000 149990 -10.3092
15000 115000 149993 -7.335
20000 115000 149990 -9.56656
15000 120000 149990 -10.3092
20000 120000 149992 -8.17594
20000 110000 149990 -9.87624
25000 110000 149990 -9.56693
20000 115000 149990 -9.56656
25000 115000 149990 -9.55333
25000 110000 149990 -9.56693
30000 110000 149992 -7.811
25000 115000 149990 -9.55333
30000 115000 149991 -9.37059
20000 115000 149990 -9.56656
25000 115000 149990 -9.55333
20000 120000 149992 -8.17594
25000 120000 149993 -7.20993
25000 115000 149990 -9.55333
30000 115000 149991 -9.37059
25000 120000 149993 -7.20993
30000 120000 149991 -9.35858
30000 110000 149992 -7.811
35000 110000 149991 -9.09555
30000 115000 149991 -9.37059
35000 115000 149992 -7.6637
35000 110000 149991 -9.09555
40000 110000 149994 -5.79458
35000 115000 149992 -7.6637
40000 115000 149994 -6.25926
30000 115000 149991 -9.37059
35000 115000 149992 -7.6637
30000 120000 149991 -9.35858
35000 120000 149995 -5.34105
35000 115000 149992 -7.6637
40000 115000 149994 -6.25926
35000 120000 149995 -5.34105
40000 120000 149991 -9.14223
40000 110000 149994 -5.79458
45000 110000 149993 -7.49385
40000 115000 149994 -6.25926
45000 115000 149994 -5.57322
45000 110000 149993 -7.49385
50000 110000 149995 -5.49313
45000 115000 149994 -5.57322
50000 115000 149993 -7.3844
40000 115000 149994 -6.25926
45000 115000 149994 -5.57322
40000 120000 149991 -9.14223
45000 120000 149993 -7.3666
45000 115000 149994 -5.57322
50000 115000 149993 -7.3844
45000 120000 149993 -7.3666
50000 120000 149994 -6.42622
50000 110000 149995 -5.49313
55000 110000 149998 -2.4236
50000 115000 149993 -7.3844
55000 115000 149994 -6.03518
55000 110000 149998 -2.4236
60000 110000 149999 -1.17571
55000 115000 149994 -6.03518
60000 115000 149997 -3.24196
50000 115000 149993 -7.3844
55000 115000 149994 -6.03518
50000 120000 149994 -6.42622
55000 120000 149996 -4.365
55000 115000 149994 -6.03518
60000 115000 149997 -3.24196
55000 120000 149996 -4.365
60000 120000 149998 -2.41863
60000 110000 149999 -1.17571
65000 110000 149997 -2.72297
60000 115000 149997 -3.24196
65000 115000 149999 -0.865129
65000 110000 149997 -2.72297
70000 110000 150001 0.894681
65000 115000 149999 -0.865129
70000 115000 150001 1.30678
60000 115000 149997 -3.24196
65000 115000 149999 -0.865129
60000 120000 149998 -2.41863
65000 120000 149999 -0.980508
65000 115000 149999 -0.865129
70000 115000 150001 1.30678
65000 120000 149999 -0.980508
70000 120000 150001 1.07496
70000 110000 150001 0.894681
75000 110000 150002 2.09966
70000 115000 150001 1.30678
75000 115000 150000 0.174236
75000 110000 150002 2.09966
80000 110000 150004 3.82999
75000 115000 150000 0.174236
80000 115000 150001 0.632384
70000 115000 150001 1.30678
75000 115000 150000 0.174236
70000 120000 150001 1.07496
75000 120000 150003 2.82425
75000 115000 150000 0.174236
80000 115000 150001 0.632384
75000 120000 150003 2.82425
80000 120000 150001 1.24714
160000 0 150010 10.455
165000 0 150011 11.4691
160000 5000 150013 13.357
165000 5000 150011 11.2983
165000 0 150011 11.4691
170000 0 150015 15.2702
165000 5000 150011 11.2983
170000 5000 150015 14.9948
160000 5000 150013 13.357
165000 5000 150011 11.2983
160000 10000 150013 13.0297
165000 10000 150013 13.2066
165000 5000 150011 11.2983
170000 5000 150015 14.9948
165000 10000 150013 13.2066
170000 10000 150016 16.1944
170000 0 150015 15.2702
175000 0 150013 13.0865
170000 5000 150015 14.9948
175000 5000 150012 11.5878
175000 0 150013 13.0865
180000 0 150013 12.8434
175000 5000 150012 11.5878
180000 5000 150015 15.2063
170000 5000 150015 14.9948
175000 5000 150012 11.5878
170000 10000 150016 16.1944
175000 10000 150016 16.3598
175000 5000 150012 11.5878
180000 5000 150015 15.2063
175000 10000 150016 16.3598
180000 10000 150012 11.7594
180000 0 150013 12.8434
185000 0 150011 11.1847
180000 5000 150015 15.2063
185000 5000 150013 12.8418
185000 0 150011 11.1847
190000 0 150010 10.3565
185000 5000 150013 12.8418
190000 5000 150009 9.22569
180000 5000 150015 15.2063
185000 5000 150013 12.8418
180000 10000 150012 11.7594
185000 10000 150013 13.0483
185000 5000 150013 12.8418
190000 5000 150009 9.22569
185000 10000 150013 13.0483
190000 10000 150012 12.1282
190000 0 150010 10.3565
195000 0 150010 10.1049
190000 5000 150009 9.22569
195000 5000 150008 8.48799
195000 0 150010 10.1049
200000 0 150012 11.7268
195000 5000 150008 8.48799
200000 5000 150006 6.4696
190000 5000 150009 9.22569
195000 5000 150008 8.48799
190000 10000 150012 12.1282
195000 10000 150008 8.16034
195000 5000 150008 8.48799
200000 5000 150006 6.4696
195000 10000 150008 8.16034
200000 10000 150010 9.73354
200000 0 150012 11.7268
205000 0 150007 7.04005
200000 5000 150006 6.4696
205000 5000 150006 6.01746
205000 0 150007 7.04005
210000 0 150006 6.49259
205000 5000 150006 6.01746
210000 5000 150005 4.95502
200000 5000 150006 6.4696
205000 5000 150006 6.01746
200000 10000 150010 9.73354
205000 10000 150006 5.73544
205000 5000 150006 6.01746
210000 5000 150005 4.95502
205000 10000 150006 5.73544
210000 10000 150004 3.61954
210000 0 150006 6.49259
215000 0 150005 4.8206
210000 5000 150005 4.95502
215000 5000 150004 4.2015
215000 0 150005 4.8206
220000 0 150003 2.83317
215000 5000 150004 4.2015
220000 5000 150003 2.76235
210000 5000 150005 4.95502
215000 5000 150004 4.2015
210000 10000 150004 3.61954
215000 10000 150004 3.53798
215000 5000 150004 4.2015
220000 5000 150003 2.76235
215000 10000 150004 3.53798
220000 10000 150000 0.440944
220000 0 150003 2.83317
225000 0 149999 -1.10864
220000 5000 150003 2.76235
225000 5000 149999 -0.992087
225000 0 149999 -1.10864
230000 0 150000 0.362395
225000 5000 149999 -0.992087
230000 5000 149998 -2.42803
220000 5000 150003 2.76235
225000 5000 149999 -0.992087
220000 10000 150000 0.440944
225000 10000 150000 0.360006
225000 5000 149999 -0.992087
230000 5000 149998 -2.42803
225000 10000 150000 0.360006
230000 10000 149999 -1.35574
230000 0 150000 0.362395
235000 0 149999 -1.45835
230000 5000 149998 -2.42803
235000 5000 149999 -0.78644
235000 0 149999 -1.45835
240000 0 149999 -1.4136
235000 5000 149999 -0.78644
240000 5000 149997 -3.00479
230000 5000 149998 -2.42803
235000 5000 149999 -0.78644
230000 10000 149999 -1.35574
235000 10000 150000 -0.155398
235000 5000 149999 -0.78644
240000 5000 149997 -3.00479
235000 10000 150000 -0.155398
240000 10000 149994 -5.85405
160000 10000 150013 13.0297
165000 10000 150013 13.2066
160000 15000 150014 13.8527
165000 15000 150014 14.1459
165000 10000 150013 13.2066
170000 10000 150016 16.1944
165000 15000 150014 14.1459
170000 15000 150017 16.62
160000 15000 150014 13.8527
165000 15000 150014 14.1459
160000 20000 150013 12.5572
165000 20000 150011 10.8213
165000 15000 150014 14.1459
170000 15000 150017 16.62
165000 20000 150011 10.8213
170000 20000 150014 13.5964
170000 10000 150016 16.1944
175000 10000 150016 16.3598
170000 15000 150017 16.62
175000 15000 150015 14.94
175000 10000 150016 16.3598
180000 10000 150012 11.7594
175000 15000 150015 14.94
180000 15000 150016 15.833
170000 15000 150017 16.62
175000 15000 150015 14.94
170000 20000 150014 13.5964
175000 20000 150013 13.1187
175000 15000 150015 14.94
180000 15000 150016 15.833
175000 20000 150013 13.1187
180000 20000 150013 13.1227
180000 10000 150012 11.7594
185000 10000 150013 13.0483
180000 15000 150016 15.833
185000 15000 150014 14.3806
185000 10000 150013 13.0483
190000 10000 150012 12.1282
185000 15000 150014 14.3806
190000 15000 150011 11.1844
180000 15000 150016 15.833
185000 15000 150014 14.3806
180000 20000 150013 13.1227
185000 20000 150015 15.3867
185000 15000 150014 14.3806
190000 15000 150011 11.1844
185000 20000 150015 15.3867
190000 20000 150015 14.5181
190000 10000 150012 12.1282
195000 10000 150008 8.16034
190000 15000 150011 11.1844
195000 15000 150012 12.309
195000 10000 150008 8.16034
200000 10000 150010 9.73354
195000 15000 150012 12.309
200000 15000 150008 7.92205
190000 15000 150011 11.1844
195000 15000 150012 12.309
190000 20000 150015 14.5181
195000 20000 150012 12.4114
195000 15000 150012 12.309
200000 15000 150008 7.92205
195000 20000 150012 12.4114
200000 20000 150007 6.59032
200000 10000 150010 9.73354
205000 10000 150006 5.73544
200000 15000 150008 7.92205
205000 15000 150007 6.79889
205000 10000 150006 5.73544
210000 10000 150004 3.61954
205000 15000 150007 6.79889
210000 15000 150005 5.31353
200000 15000 150008 7.92205
205000 15000 150007 6.79889
200000 20000 150007 6.59032
205000 20000 150006 6.40964
205000 15000 150007 6.79889
210000 15000 150005 5.31353
205000 20000 150006 6.40964
210000 20000 150006 5.96009
210000 10000 150004 3.61954
215000 10000 150004 3.53798
210000 15000 150005 5.31353
215000 15000 150002 2.45884
215000 10000 150004 3.53798
220000 10000 150000 0.440944
215000 15000 150002 2.45884
220000 15000 150002 1.80432
210000 15000 150005 5.31353
215000 15000 150002 2.45884
210000 20000 150006 5.96009
215000 20000 150005 4.50773
215000 15000 150002 2.45884
220000 15000 150002 1.80432
215000 20000 150005 4.50773
220000 20000 150004 4.09934
220000 10000 150000 0.440944
225000 10000 150000 0.360006
220000 15000 150002 1.80432
225000 15000 150002 1.93427
225000 10000 150000 0.360006
230000 10000 149999 -1.35574
225000 15000 150002 1.93427
230000 15000 150000 0.173554
220000 15000 150002 1.80432
225000 15000 150002 1.93427
220000 20000 150004 4.09934
225000 20000 150002 1.99363
225000 15000 150002 1.93427
230000 15000 150000 0.173554
225000 20000 150002 1.99363
230000 20000 149997 -3.01731
230000 10000 149999 -1.35574
235000 10000 150000 -0.155398
230000 15000 150000 0.173554
235000 15000 149996 -3.80796
235000 10000 150000 -0.155398
240000 10000 149994 -5.85405
235000 15000 149996 -3.80796
240000 15000 149994 -5.88036
230000 15000 150000 0.173554
235000 15000 149996 -3.80796
230000 20000 149997 -3.01731
235000 20000 149996 -3.95601
235000 15000 149996 -3.80796
240000 15000 149994 -5.88036
235000 20000 149996 -3.95601
240000 20000 149996 -4.45844
160000 20000 150013 12.5572
165000 20000 150011 10.8213
160000 25000 150010 9.86203
165000 25000 150011 10.9361
165000 20000 150011 10.8213
170000 20000 150014 13.5964
165000 25000 150011 10.9361
170000 25000 150013 12.7163
160000 25000 150010 9.86203
165000 25000 150011 10.9361
160000 30000 150011 11.1193
165000 30000 150014 14.114
165000 25000 150011 10.9361
170000 25000 150013 12.7163
165000 30000 150014 14.114
170000 30000 150014 14.0393
170000 20000 150014 13.5964
175000 20000 150013 13.1187
170000 25000 150013 12.7163
175000 25000 150016 15.711
175000 20000 150013 13.1187
180000 20000 150013 13.1227
175000 25000 150016 15.711
180000 25000 150013 12.8932
170000 25000 150013 12.7163
175000 25000 150016 15.711
170000 30000 150014 14.0393
175000 30000 150013 12.9415
175000 25000 150016 15.711
180000 25000 150013 12.8932
175000 30000 150013 12.9415
180000 30000 150013 12.9803
180000 20000 150013 13.1227
185000 20000 150015 15.3867
180000 25000 150013 12.8932
185000 25000 150016 15.6097
185000 20000 150015 15.3867
190000 20000 150015 14.5181
185000 25000 150016 15.6097
190000 25000 150013 12.8308
180000 25000 150013 12.8932
185000 25000 150016 15.6097
180000 30000 150013 12.9803
185000 30000 150017 16.9035
185000 25000 150016 15.6097
190000 25000 150013 12.8308
185000 30000 150017 16.9035
190000 30000 150014 14.4663
190000 20000 150015 14.5181
195000 20000 150012 12.4114
190000 25000 150013 12.8308
195000 25000 150009 8.61512
195000 20000 150012 12.4114
200000 20000 150007 6.59032
195000 25000 150009 8.61512
200000 25000 150007 7.18736
190000 25000 150013 12.8308
195000 25000 150009 8.61512
190000 30000 150014 14.4663
195000 30000 150010 9.83271
195000 25000 150009 8.61512
200000 25000 150007 7.18736
195000 30000 150010 9.83271
200000 30000 150009 9.28846
200000 20000 150007 6.59032
205000 20000 150006 6.40964
200000 25000 150007 7.18736
205000 25000 150007 7.06077
205000 20000 150006 6.40964
210000 20000 150006 5.96009
205000 25000 150007 7.06077
210000 25000 150006 5.88463
200000 25000 150007 7.18736
205000 25000 150007 7.06077
200000 30000 150009 9.28846
205000 30000 150007 6.51611
205000 25000 150007 7.06077
210000 25000 150006 5.88463
205000 30000 150007 6.51611
210000 30000 150003 3.34443
210000 20000 150006 5.96009
215000 20000 150005 4.50773
210000 25000 150006 5.88463
215000 25000 150003 3.13811
215000 20000 150005 4.50773
220000 20000 150004 4.09934
215000 25000 150003 3.13811
220000 25000 150003 2.78315
210000 25000 150006 5.88463
215000 25000 150003 3.13811
210000 30000 150003 3.34443
215000 30000 150003 3.34675
215000 25000 150003 3.13811
220000 25000 150003 2.78315
215000 30000 150003 3.34675
220000 30000 150001 0.702368
220000 20000 150004 4.09934
225000 20000 150002 1.99363
220000 25000 150003 2.78315
225000 25000 149998 -1.95289
225000 20000 150002 1.99363
230000 20000 149997 -3.01731
225000 25000 149998 -1.95289
230000 25000 149997 -3.07784
220000 25000 150003 2.78315
225000 25000 149998 -1.95289
220000 30000 150001 0.702368
225000 30000 150003 3.14588
225000 25000 149998 -1.95289
230000 25000 149997 -3.07784
225000 30000 150003 3.14588
230000 30000 149998 -1.96846
230000 20000 149997 -3.01731
235000 20000 149996 -3.95601
230000 25000 149997 -3.07784
235000 25000 150000 -0.359159
235000 20000 149996 -3.95601
240000 20000 149996 -4.45844
235000 25000 150000 -0.359159
240000 25000 149998 -2.26567
230000 25000 149997 -3.07784
235000 25000 150000 -0.359159
230000 30000 149998 -1.96846
235000 30000 149997 -2.69311
235000 25000 150000 -0.359159
240000 25000 149998 -2.26567
235000 30000 149997 -2.69311
240000 30000 149996 -4.21402
160000 30000 150011 11.1193
165000 30000 150014 14.114
160000 35000 150013 12.8523
165000 35000 150013 12.9441
165000 30000 150014 14.114
170000 30000 150014 14.0393
165000 35000 150013 12.9441
170000 35000 150016 16.3401
160000 35000 150013 12.8523
165000 35000 150013 12.9441
160000 40000 150010 10.1244
165000 40000 150011 11.1919
165000 35000 150013 12.9441
170000 35000 150016 16.3401
165000 40000 150011 11.1919
170000 40000 150015 15.3614
170000 30000 150014 14.0393
175000 30000 150013 12.9415
170000 35000 150016 16.3401
175000 35000 150017 16.9291
175000 30000 150013 12.9415
180000 30000 150013 12.9803
175000 35000 150017 16.9291
180000 35000 150013 12.9141
170000 35000 150016 16.3401
175000 35000 150017 16.9291
170000 40000 150015 15.3614
175000 40000 150013 13.1532
175000 35000 150017 16.9291
180000 35000 150013 12.9141
175000 40000 150013 13.1532
180000 40000 150014 13.7007
180000 30000 150013 12.9803
185000 30000 150017 16.9035
180000 35000 150013 12.9141
185000 35000 150014 14.1578
185000 30000 150017 16.9035
190000 30000 150014 14.4663
185000 35000 150014 14.1578
190000 35000 150015 14.8052
180000 35000 150013 12.9141
185000 35000 150014 14.1578
180000 40000 150014 13.7007
185000 40000 150013 12.5686
185000 35000 150014 14.1578
190000 35000 150015 14.8052
185000 40000 150013 12.5686
190000 40000 150014 14.2455
190000 30000 150014 14.4663
195000 30000 150010 9.83271
190000 35000 150015 14.8052
195000 35000 150011 11.4639
195000 30000 150010 9.83271
200000 30000 150009 9.28846
195000 35000 150011 11.4639
200000 35000 150010 9.78043
190000 35000 150015 14.8052
195000 35000 150011 11.4639
190000 40000 150014 14.2455
195000 40000 150011 10.6036
195000 35000 150011 11.4639
200000 35000 150010 9.78043
195000 40000 150011 10.6036
200000 40000 150012 12.4687
200000 30000 150009 9.28846
205000 30000 150007 6.51611
200000 35000 150010 9.78043
205000 35000 150010 10.4686
205000 30000 150007 6.51611
210000 30000 150003 3.34443
205000 35000 150010 10.4686
210000 35000 150004 3.72664
200000 35000 150010 9.78043
205000 35000 150010 10.4686
200000 40000 150012 12.4687
205000 40000 150009 9.14599
205000 35000 150010 10.4686
210000 35000 150004 3.72664
205000 40000 150009 9.14599
210000 40000 150006 6.34381
210000 30000 150003 3.34443
215000 30000 150003 3.34675
210000 35000 150004 3.72664
215000 35000 150003 2.9731
215000 30000 150003 3.34675
220000 30000 150001 0.702368
215000 35000 150003 2.9731
220000 35000 150004 4.2772
210000 35000 150004 3.72664
215000 35000 150003 2.9731
210000 40000 150006 6.34381
215000 40000 150004 3.73174
215000 35000 150003 2.9731
220000 35000 150004 4.2772
215000 40000 150004 3.73174
220000 40000 150001 0.714438
220000 30000 150001 0.702368
225000 30000 150003 3.14588
220000 35000 150004 4.2772
225000 35000 150003 2.53677
225000 30000 150003 3.14588
230000 30000 149998 -1.96846
225000 35000 150003 2.53677
230000 35000 150002 1.60278
220000 35000 150004 4.2772
225000 35000 150003 2.53677
220000 40000 150001 0.714438
225000 40000 149999 -0.952891
225000 35000 150003 2.53677
230000 35000 150002 1.60278
225000 40000 149999 -0.952891
230000 40000 150001 0.83636
230000 30000 149998 -1.96846
235000 30000 149997 -2.69311
230000 35000 150002 1.60278
235000 35000 149999 -0.764096
235000 30000 149997 -2.69311
240000 30000 149996 -4.21402
235000 35000 149999 -0.764096
240000 35000 149994 -5.5537
230000 35000 150002 1.60278
235000 35000 149999 -0.764096
230000 40000 150001 0.83636
235000 40000 149997 -3.02628
235000 35000 149999 -0.764096
240000 35000 149994 -5.5537
235000 40000 149997 -3.02628
240000 40000 149996 -4.31572
160000 40000 150010 10.1244
165000 40000 150011 11.1919
160000 45000 150013 12.8103
165000 45000 150014 14.0326
165000 40000 150011 11.1919
170000 40000 150015 15.3614
165000 45000 150014 14.0326
170000 45000 150013 12.9585
160000 45000 150013 12.8103
165000 45000 150014 14.0326
160000 50000 150009 8.56505
165000 50000 150011 10.7811
165000 45000 150014 14.0326
170000 45000 150013 12.9585
165000 50000 150011 10.7811
170000 50000 150014 13.8316
170000 40000 150015 15.3614
175000 40000 150013 13.1532
170000 45000 150013 12.9585
175000 45000 150013 12.5186
175000 40000 150013 13.1532
180000 40000 150014 13.7007
175000 45000 150013 12.5186
180000 45000 150013 12.8066
170000 45000 150013 12.9585
175000 45000 150013 12.5186
170000 50000 150014 13.8316
175000 50000 150012 11.861
175000 45000 150013 12.5186
180000 45000 150013 12.8066
175000 50000 150012 11.861
180000 50000 150014 13.7775
180000 40000 150014 13.7007
185000 40000 150013 12.5686
180000 45000 150013 12.8066
185000 45000 150015 15.0168
185000 40000 150013 12.5686
190000 40000 150014 14.2455
185000 45000 150015 15.0168
190000 45000 150012 11.8702
180000 45000 150013 12.8066
185000 45000 150015 15.0168
180000 50000 150014 13.7775
185000 50000 150012 12.1679
185000 45000 150015 15.0168
190000 45000 150012 11.8702
185000 50000 150012 12.1679
190000 50000 150012 12.0642
190000 40000 150014 14.2455
195000 40000 150011 10.6036
190000 45000 150012 11.8702
195000 45000 150011 11.3959
195000 40000 150011 10.6036
200000 40000 150012 12.4687
195000 45000 150011 11.3959
200000 45000 150012 11.9981
190000 45000 150012 11.8702
195000 45000 150011 11.3959
190000 50000 150012 12.0642
195000 50000 150012 11.8231
195000 45000 150011 11.3959
200000 45000 150012 11.9981
195000 50000 150012 11.8231
200000 50000 150012 12.2699
200000 40000 150012 12.4687
205000 40000 150009 9.14599
200000 45000 150012 11.9981
205000 45000 150008 8.07335
205000 40000 150009 9.14599
210000 40000 150006 6.34381
205000 45000 150008 8.07335
210000 45000 150006 6.13201
200000 45000 150012 11.9981
205000 45000 150008 8.07335
200000 50000 150012 12.2699
205000 50000 150011 10.7909
205000 45000 150008 8.07335
210000 45000 150006 6.13201
205000 50000 150011 10.7909
210000 50000 150008 8.15431
210000 40000 150006 6.34381
215000 40000 150004 3.73174
210000 45000 150006 6.13201
215000 45000 150002 2.27211
215000 40000 150004 3.73174
220000 40000 150001 0.714438
215000 45000 150002 2.27211
220000 45000 150005 5.14816
210000 45000 150006 6.13201
215000 45000 150002 2.27211
210000 50000 150008 8.15431
215000 50000 150003 3.07214
215000 45000 150002 2.27211
220000 45000 150005 5.14816
215000 50000 150003 3.07214
220000 50000 150001 1.27537
220000 40000 150001 0.714438
225000 40000 149999 -0.952891
220000 45000 150005 5.14816
225000 45000 150003 2.90997
225000 40000 149999 -0.952891
230000 40000 150001 0.83636
225000 45000 150003 2.90997
230000 45000 149998 -1.84962
220000 45000 150005 5.14816
225000 45000 150003 2.90997
220000 50000 150001 1.27537
225000 50000 150003 2.64704
225000 45000 150003 2.90997
230000 45000 149998 -1.84962
225000 50000 150003 2.64704
230000 50000 149998 -2.29537
230000 40000 150001 0.83636
235000 40000 149997 -3.02628
230000 45000 149998 -1.84962
235000 45000 149997 -2.94241
235000 40000 149997 -3.02628
240000 40000 149996 -4.31572
235000 45000 149997 -2.94241
240000 45000 149995 -5.47751
230000 45000 149998 -1.84962
235000 45000 149997 -2.94241
230000 50000 149998 -2.29537
235000 50000 149997 -2.65791
235000 45000 149997 -2.94241
240000 45000 149995 -5.47751
235000 50000 149997 -2.65791
240000 50000 149998 -2.4839
160000 50000 150009 8.56505
165000 50000 150011 10.7811
160000 55000 150011 10.8354
165000 55000 150013 12.7916
165000 50000 150011 10.7811
170000 50000 150014 13.8316
165000 55000 150013 12.7916
170000 55000 150011 10.9733
160000 55000 150011 10.8354
165000 55000 150013 12.7916
160000 60000 149999 -1.08935
165000 60000 150013 12.9864
165000 55000 150013 12.7916
170000 55000 150011 10.9733
165000 60000 150013 12.9864
170000 60000 150012 11.9354
170000 50000 150014 13.8316
175000 50000 150012 11.861
170000 55000 150011 10.9733
175000 55000 150012 11.7616
175000 50000 150012 11.861
180000 50000 150014 13.7775
175000 55000 150012 11.7616
180000 55000 150013 12.985
170000 55000 150011 10.9733
175000 55000 150012 11.7616
170000 60000 150012 11.9354
175000 60000 150016 16.4623
175000 55000 150012 11.7616
180000 55000 150013 12.985
175000 60000 150016 16.4623
180000 60000 150014 13.8514
180000 50000 150014 13.7775
185000 50000 150012 12.1679
180000 55000 150013 12.985
185000 55000 150014 13.9783
185000 50000 150012 12.1679
190000 50000 150012 12.0642
185000 55000 150014 13.9783
190000 55000 150015 14.7884
180000 55000 150013 12.985
185000 55000 150014 13.9783
180000 60000 150014 13.8514
185000 60000 150012 11.8267
185000 55000 150014 13.9783
190000 55000 150015 14.7884
185000 60000 150012 11.8267
190000 60000 150012 11.5001
190000 50000 150012 12.0642
195000 50000 150012 11.8231
190000 55000 150015 14.7884
195000 55000 150013 12.5424
195000 50000 150012 11.8231
200000 50000 150012 12.2699
195000 55000 150013 12.5424
200000 55000 150010 9.80854
190000 55000 150015 14.7884
195000 55000 150013 12.5424
190000 60000 150012 11.5001
195000 60000 150011 11.1897
195000 55000 150013 12.5424
200000 55000 150010 9.80854
195000 60000 150011 11.1897
200000 60000 150010 10.4484
200000 50000 150012 12.2699
205000 50000 150011 10.7909
200000 55000 150010 9.80854
205000 55000 150007 7.45745
205000 50000 150011 10.7909
210000 50000 150008 8.15431
205000 55000 150007 7.45745
210000 55000 150005 5.35829
200000 55000 150010 9.80854
205000 55000 150007 7.45745
200000 60000 150010 10.4484
205000 60000 150012 12.1673
205000 55000 150007 7.45745
210000 55000 150005 5.35829
205000 60000 150012 12.1673
210000 60000 150009 8.57325
210000 50000 150008 8.15431
215000 50000 150003 3.07214
210000 55000 150005 5.35829
215000 55000 150005 5.35873
215000 50000 150003 3.07214
220000 50000 150001 1.27537
215000 55000 150005 5.35873
220000 55000 150002 2.22012
210000 55000 150005 5.35829
215000 55000 150005 5.35873
210000 60000 150009 8.57325
215000 60000 150007 6.82493
215000 55000 150005 5.35873
220000 55000 150002 2.22012
215000 60000 150007 6.82493
220000 60000 150002 2.11048
220000 50000 150001 1.27537
225000 50000 150003 2.64704
220000 55000 150002 2.22012
225000 55000 150001 0.522305
225000 50000 150003 2.64704
230000 50000 149998 -2.29537
225000 55000 150001 0.522305
230000 55000 150000 0.427159
220000 55000 150002 2.22012
225000 55000 150001 0.522305
220000 60000 150002 2.11048
225000 60000 150001 1.13888
225000 55000 150001 0.522305
230000 55000 150000 0.427159
225000 60000 150001 1.13888
230000 60000 149999 -0.812971
230000 50000 149998 -2.29537
235000 50000 149997 -2.65791
230000 55000 150000 0.427159
235000 55000 149999 -1.41122
235000 50000 149997 -2.65791
240000 50000 149998 -2.4839
235000 55000 149999 -1.41122
240000 55000 149996 -4.08244
230000 55000 150000 0.427159
235000 55000 149999 -1.41122
230000 60000 149999 -0.812971
235000 60000 149998 -1.6413
235000 55000 149999 -1.41122
240000 55000 149996 -4.08244
235000 60000 149998 -1.6413
240000 60000 149996 -3.9385
160000 60000 149999 -1.08935
165000 60000 150013 12.9864
160000 65000 149994 -5.59538
165000 65000 150004 4.08524
165000 60000 150013 12.9864
170000 60000 150012 11.9354
165000 65000 150004 4.08524
170000 65000 150012 12.4754
160000 65000 149994 -5.59538
165000 65000 150004 4.08524
160000 70000 149984 -15.9693
165000 70000 149999 -1.11326
165000 65000 150004 4.08524
170000 65000 150012 12.4754
165000 70000 149999 -1.11326
170000 70000 150013 13.1558
170000 60000 150012 11.9354
175000 60000 150016 16.4623
170000 65000 150012 12.4754
175000 65000 150017 16.5865
175000 60000 150016 16.4623
180000 60000 150014 13.8514
175000 65000 150017 16.5865
180000 65000 150014 13.8342
170000 65000 150012 12.4754
175000 65000 150017 16.5865
170000 70000 150013 13.1558
175000 70000 150013 12.9709
175000 65000 150017 16.5865
180000 65000 150014 13.8342
175000 70000 150013 12.9709
180000 70000 150012 12.1355
180000 60000 150014 13.8514
185000 60000 150012 11.8267
180000 65000 150014 13.8342
185000 65000 150013 12.5765
185000 60000 150012 11.8267
190000 60000 150012 11.5001
185000 65000 150013 12.5765
190000 65000 150014 13.8486
180000 65000 150014 13.8342
185000 65000 150013 12.5765
180000 70000 150012 12.1355
185000 70000 150013 12.7482
185000 65000 150013 12.5765
190000 65000 150014 13.8486
185000 70000 150013 12.7482
190000 70000 150014 14.0351
190000 60000 150012 11.5001
195000 60000 150011 11.1897
190000 65000 150014 13.8486
195000 65000 150010 10.4628
195000 60000 150011 11.1897
200000 60000 150010 10.4484
195000 65000 150010 10.4628
200000 65000 150014 13.5421
190000 65000 150014 13.8486
195000 65000 150010 10.4628
190000 70000 150014 14.0351
195000 70000 150015 15.4929
195000 65000 150010 10.4628
200000 65000 150014 13.5421
195000 70000 150015 15.4929
200000 70000 150011 11.2965
160000 70000 149984 -15.9693
165000 70000 149999 -1.11326
160000 75000 149972 -27.9389
165000 75000 149993 -7.12989
165000 70000 149999 -1.11326
170000 70000 150013 13.1558
165000 75000 149993 -7.12989
170000 75000 150003 3.12435
160000 75000 149972 -27.9389
165000 75000 149993 -7.12989
160000 80000 149974 -26.3223
165000 80000 149980 -19.6378
165000 75000 149993 -7.12989
170000 75000 150003 3.12435
165000 80000 149980 -19.6378
170000 80000 149999 -1.48613
170000 70000 150013 13.1558
175000 70000 150013 12.9709
170000 75000 150003 3.12435
175000 75000 150011 11.1666
175000 70000 150013 12.9709
180000 70000 150012 12.1355
175000 75000 150011 11.1666
180000 75000 150014 14.3802
170000 75000 150003 3.12435
175000 75000 150011 11.1666
170000 80000 149999 -1.48613
175000 80000 150015 14.6392
175000 75000 150011 11.1666
180000 75000 150014 14.3802
175000 80000 150015 14.6392
180000 80000 150015 15.1857
180000 70000 150012 12.1355
185000 70000 150013 12.7482
180000 75000 150014 14.3802
185000 75000 150017 16.8964
185000 70000 150013 12.7482
190000 70000 150014 14.0351
185000 75000 150017 16.8964
190000 75000 150017 17.0269
180000 75000 150014 14.3802
185000 75000 150017 16.8964
180000 80000 150015 15.1857
185000 80000 150015 14.5704
185000 75000 150017 16.8964
190000 75000 150017 17.0269
185000 80000 150015 14.5704
190000 80000 150017 16.8031
190000 70000 150014 14.0351
195000 70000 150015 15.4929
190000 75000 150017 17.0269
195000 75000 150013 12.9529
195000 70000 150015 15.4929
200000 70000 150011 11.2965
195000 75000 150013 12.9529
200000 75000 150011 11.0577
190000 75000 150017 17.0269
195000 75000 150013 12.9529
190000 80000 150017 16.8031
195000 80000 150015 15.2827
195000 75000 150013 12.9529
200000 75000 150011 11.0577
195000 80000 150015 15.2827
200000 80000 150015 15.2196
110000 80000 150015 14.8154
115000 80000 150013 13.0433
110000 85000 150012 11.9713
115000 85000 150013 12.6314
115000 80000 150013 13.0433
120000 80000 150015 14.9758
115000 85000 150013 12.6314
120000 85000 150016 16.4529
110000 85000 150012 11.9713
115000 85000 150013 12.6314
110000 90000 150011 10.979
115000 90000 150012 12.4158
115000 85000 150013 12.6314
120000 85000 150016 16.4529
115000 90000 150012 12.4158
120000 90000 150012 12.2643
120000 80000 150015 14.9758
125000 80000 150016 15.9494
120000 85000 150016 16.4529
125000 85000 150014 13.5921
125000 80000 150016 15.9494
130000 80000 150013 13.1275
125000 85000 150014 13.5921
130000 85000 150017 16.504
120000 85000 150016 16.4529
125000 85000 150014 13.5921
120000 90000 150012 12.2643
125000 90000 150014 13.7553
125000 85000 150014 13.5921
130000 85000 150017 16.504
125000 90000 150014 13.7553
130000 90000 150015 14.9747
130000 80000 150013 13.1275
135000 80000 150013 13.2028
130000 85000 150017 16.504
135000 85000 150016 16.4521
135000 80000 150013 13.2028
140000 80000 150014 14.1788
135000 85000 150016 16.4521
140000 85000 150014 14.4093
130000 85000 150017 16.504
135000 85000 150016 16.4521
130000 90000 150015 14.9747
135000 90000 150014 13.8482
135000 85000 150016 16.4521
140000 85000 150014 14.4093
135000 90000 150014 13.8482
140000 90000 150012 12.2562
140000 80000 150014 14.1788
145000 80000 150013 13.4848
140000 85000 150014 14.4093
145000 85000 150012 11.5895
145000 80000 150013 13.4848
150000 80000 150002 2.11433
145000 85000 150012 11.5895
150000 85000 150008 8.01712
140000 85000 150014 14.4093
145000 85000 150012 11.5895
140000 90000 150012 12.2562
145000 90000 150011 10.795
145000 85000 150012 11.5895
150000 85000 150008 8.01712
145000 90000 150011 10.795
150000 90000 150011 10.852
150000 80000 150002 2.11433
155000 80000 149988 -11.9386
150000 85000 150008 8.01712
155000 85000 149997 -3.11188
155000 80000 149988 -11.9386
160000 80000 149974 -26.3223
155000 85000 149997 -3.11188
160000 85000 149981 -18.6977
150000 85000 150008 8.01712
155000 85000 149997 -3.11188
150000 90000 150011 10.852
155000 90000 150003 2.95714
155000 85000 149997 -3.11188
160000 85000 149981 -18.6977
155000 90000 150003 2.95714
160000 90000 149993 -6.79131
100000 90000 150010 10.229
105000 90000 150010 9.68577
100000 95000 150008 8.08051
105000 95000 150010 9.78842
105000 90000 150010 9.68577
110000 90000 150011 10.979
105000 95000 150010 9.78842
110000 95000 150014 14.0676
100000 95000 150008 8.08051
105000 95000 150010 9.78842
100000 100000 150009 9.42196
105000 100000 150011 11.3071
105000 95000 150010 9.78842
110000 95000 150014 14.0676
105000 100000 150011 11.3071
110000 100000 150011 10.5227
110000 90000 150011 10.979
115000 90000 150012 12.4158
110000 95000 150014 14.0676
115000 95000 150012 12.0216
115000 90000 150012 12.4158
120000 90000 150012 12.2643
115000 95000 150012 12.0216
120000 95000 150013 13.2491
110000 95000 150014 14.0676
115000 95000 150012 12.0216
110000 100000 150011 10.5227
115000 100000 150016 15.7928
115000 95000 150012 12.0216
120000 95000 150013 13.2491
115000 100000 150016 15.7928
120000 100000 150013 13.3024
120000 90000 150012 12.2643
125000 90000 150014 13.7553
120000 95000 150013 13.2491
125000 95000 150014 13.9729
125000 90000 150014 13.7553
130000 90000 150015 14.9747
125000 95000 150014 13.9729
130000 95000 150015 14.9477
120000 95000 150013 13.2491
125000 95000 150014 13.9729
120000 100000 150013 13.3024
125000 100000 150013 13.4328
125000 95000 150014 13.9729
130000 95000 150015 14.9477
125000 100000 150013 13.4328
130000 100000 150015 14.8403
130000 90000 150015 14.9747
135000 90000 150014 13.8482
130000 95000 150015 14.9477
135000 95000 150013 12.9573
135000 90000 150014 13.8482
140000 90000 150012 12.2562
135000 95000 150013 12.9573
140000 95000 150016 15.9956
130000 95000 150015 14.9477
135000 95000 150013 12.9573
130000 100000 150015 14.8403
135000 100000 150013 13.0982
135000 95000 150013 12.9573
140000 95000 150016 15.9956
135000 100000 150013 13.0982
140000 100000 150013 12.8585
140000 90000 150012 12.2562
145000 90000 150011 10.795
140000 95000 150016 15.9956
145000 95000 150015 15.2194
145000 90000 150011 10.795
150000 90000 150011 10.852
145000 95000 150015 15.2194
150000 95000 150010 9.58722
140000 95000 150016 15.9956
145000 95000 150015 15.2194
140000 100000 150013 12.8585
145000 100000 150012 11.7878
145000 95000 150015 15.2194
150000 95000 150010 9.58722
145000 100000 150012 11.7878
150000 100000 150013 12.7561
150000 90000 150011 10.852
155000 90000 150003 2.95714
150000 95000 150010 9.58722
155000 95000 150005 5.14918
155000 90000 150003 2.95714
160000 90000 149993 -6.79131
155000 95000 150005 5.14918
160000 95000 150001 0.844921
150000 95000 150010 9.58722
155000 95000 150005 5.14918
150000 100000 150013 12.7561
155000 100000 150006 6.49236
155000 95000 150005 5.14918
160000 95000 150001 0.844921
155000 100000 150006 6.49236
160000 100000 150001 0.752087
80000 100000 150001 1.03242
85000 100000 150004 4.08165
80000 105000 150005 5.10372
85000 105000 150002 2.27687
85000 100000 150004 4.08165
90000 100000 150004 4.17119
85000 105000 150002 2.27687
90000 105000 150005 4.53919
80000 105000 150005 5.10372
85000 105000 150002 2.27687
80000 110000 150004 3.82999
85000 110000 150001 1.13805
85000 105000 150002 2.27687
90000 105000 150005 4.53919
85000 110000 150001 1.13805
90000 110000 150007 7.07201
90000 100000 150004 4.17119
95000 100000 150007 7.2367
90000 105000 150005 4.53919
95000 105000 150007 6.73155
95000 100000 150007 7.2367
100000 100000 150009 9.42196
95000 105000 150007 6.73155
100000 105000 150007 7.45967
90000 105000 150005 4.53919
95000 105000 150007 6.73155
90000 110000 150007 7.07201
95000 110000 150009 9.44998
95000 105000 150007 6.73155
100000 105000 150007 7.45967
95000 110000 150009 9.44998
100000 110000 150008 7.52049
100000 100000 150009 9.42196
105000 100000 150011 11.3071
100000 105000 150007 7.45967
105000 105000 150009 9.22325
105000 100000 150011 11.3071
110000 100000 150011 10.5227
105000 105000 150009 9.22325
110000 105000 150010 10.1883
100000 105000 150007 7.45967
105000 105000 150009 9.22325
100000 110000 150008 7.52049
105000 110000 150013 13.1189
105000 105000 150009 9.22325
110000 105000 150010 10.1883
105000 110000 150013 13.1189
110000 110000 150014 13.7959
110000 100000 150011 10.5227
115000 100000 150016 15.7928
110000 105000 150010 10.1883
115000 105000 150013 12.9152
115000 100000 150016 15.7928
120000 100000 150013 13.3024
115000 105000 150013 12.9152
120000 105000 150014 14.0089
110000 105000 150010 10.1883
115000 105000 150013 12.9152
110000 110000 150014 13.7959
115000 110000 150011 10.989
115000 105000 150013 12.9152
120000 105000 150014 14.0089
115000 110000 150011 10.989
120000 110000 150013 12.9152
120000 100000 150013 13.3024
125000 100000 150013 13.4328
120000 105000 150014 14.0089
125000 105000 150014 13.9071
125000 100000 150013 13.4328
130000 100000 150015 14.8403
125000 105000 150014 13.9071
130000 105000 150018 18.2929
120000 105000 150014 14.0089
125000 105000 150014 13.9071
120000 110000 150013 12.9152
125000 110000 150014 14.0455
125000 105000 150014 13.9071
130000 105000 150018 18.2929
125000 110000 150014 14.0455
130000 110000 150014 13.7523
130000 100000 150015 14.8403
135000 100000 150013 13.0982
130000 105000 150018 18.2929
135000 105000 150014 14.0232
135000 100000 150013 13.0982
140000 100000 150013 12.8585
135000 105000 150014 14.0232
140000 105000 150013 12.6621
130000 105000 150018 18.2929
135000 105000 150014 14.0232
130000 110000 150014 13.7523
135000 110000 150017 17.2797
135000 105000 150014 14.0232
140000 105000 150013 12.6621
135000 110000 150017 17.2797
140000 110000 150014 13.9702
140000 100000 150013 12.8585
145000 100000 150012 11.7878
140000 105000 150013 12.6621
145000 105000 150009 9.43093
145000 100000 150012 11.7878
150000 100000 150013 12.7561
145000 105000 150009 9.43093
150000 105000 150008 8.15354
140000 105000 150013 12.6621
145000 105000 150009 9.43093
140000 110000 150014 13.9702
145000 110000 150012 12.4359
145000 105000 150009 9.43093
150000 105000 150008 8.15354
145000 110000 150012 12.4359
150000 110000 150008 7.65673
150000 100000 150013 12.7561
155000 100000 150006 6.49236
150000 105000 150008 8.15354
155000 105000 150007 6.51633
155000 100000 150006 6.49236
160000 100000 150001 0.752087
155000 105000 150007 6.51633
160000 105000 150002 2.40806
150000 105000 150008 8.15354
155000 105000 150007 6.51633
150000 110000 150008 7.65673
155000 110000 150008 8.01921
155000 105000 150007 6.51633
160000 105000 150002 2.40806
155000 110000 150008 8.01921
160000 110000 150007 6.68823
80000 110000 150004 3.82999
85000 110000 150001 1.13805
80000 115000 150001 0.632384
85000 115000 150005 5.25417
85000 110000 150001 1.13805
90000 110000 150007 7.07201
85000 115000 150005 5.25417
90000 115000 150005 4.54907
80000 115000 150001 0.632384
85000 115000 150005 5.25417
80000 120000 150001 1.24714
85000 120000 150005 4.85619
85000 115000 150005 5.25417
90000 115000 150005 4.54907
85000 120000 150005 4.85619
90000 120000 150005 4.62193
90000 110000 150007 7.07201
95000 110000 150009 9.44998
90000 115000 150005 4.54907
95000 115000 150007 6.51155
95000 110000 150009 9.44998
100000 110000 150008 7.52049
95000 115000 150007 6.51155
100000 115000 150009 8.80819
90000 115000 150005 4.54907
95000 115000 150007 6.51155
90000 120000 150005 4.62193
95000 120000 150005 5.21502
95000 115000 150007 6.51155
100000 115000 150009 8.80819
95000 120000 150005 5.21502
100000 120000 150008 7.62671
100000 110000 150008 7.52049
105000 110000 150013 13.1189
100000 115000 150009 8.80819
105000 115000 150011 10.6185
105000 110000 150013 13.1189
110000 110000 150014 13.7959
105000 115000 150011 10.6185
110000 115000 150012 12.237
100000 115000 150009 8.80819
105000 115000 150011 10.6185
100000 120000 150008 7.62671
105000 120000 150009 8.81934
105000 115000 150011 10.6185
110000 115000 150012 12.237
105000 120000 150009 8.81934
110000 120000 150014 14.0968
110000 110000 150014 13.7959
115000 110000 150011 10.989
110000 115000 150012 12.237
115000 115000 150014 14.4595
115000 110000 150011 10.989
120000 110000 150013 12.9152
115000 115000 150014 14.4595
120000 115000 150016 16.1792
110000 115000 150012 12.237
115000 115000 150014 14.4595
110000 120000 150014 14.0968
115000 120000 150011 10.5084
115000 115000 150014 14.4595
120000 115000 150016 16.1792
115000 120000 150011 10.5084
120000 120000 150017 16.5515
120000 110000 150013 12.9152
125000 110000 150014 14.0455
120000 115000 150016 16.1792
125000 115000 150014 14.2055
125000 110000 150014 14.0455
130000 110000 150014 13.7523
125000 115000 150014 14.2055
130000 115000 150015 14.5133
120000 115000 150016 16.1792
125000 115000 150014 14.2055
120000 120000 150017 16.5515
125000 120000 150016 15.9851
125000 115000 150014 14.2055
130000 115000 150015 14.5133
125000 120000 150016 15.9851
130000 120000 150014 13.91
130000 110000 150014 13.7523
135000 110000 150017 17.2797
130000 115000 150015 14.5133
135000 115000 150016 15.9458
135000 110000 150017 17.2797
140000 110000 150014 13.9702
135000 115000 150016 15.9458
140000 115000 150012 12.2464
130000 115000 150015 14.5133
135000 115000 150016 15.9458
130000 120000 150014 13.91
135000 120000 150014 13.9081
135000 115000 150016 15.9458
140000 115000 150012 12.2464
135000 120000 150014 13.9081
140000 120000 150014 14.1083
140000 110000 150014 13.9702
145000 110000 150012 12.4359
140000 115000 150012 12.2464
145000 115000 150009 9.2814
145000 110000 150012 12.4359
150000 110000 150008 7.65673
145000 115000 150009 9.2814
150000 115000 150007 7.43229
140000 115000 150012 12.2464
145000 115000 150009 9.2814
140000 120000 150014 14.1083
145000 120000 150009 9.08963
145000 115000 150009 9.2814
150000 115000 150007 7.43229
145000 120000 150009 9.08963
150000 120000 150010 9.8789
150000 110000 150008 7.65673
155000 110000 150008 8.01921
150000 115000 150007 7.43229
155000 115000 150005 5.01273
155000 110000 150008 8.01921
160000 110000 150007 6.68823
155000 115000 150005 5.01273
160000 115000 150001 1.37157
150000 115000 150007 7.43229
155000 115000 150005 5.01273
150000 120000 150010 9.8789
155000 120000 150009 8.56338
155000 115000 150005 5.01273
160000 115000 150001 1.37157
155000 120000 150009 8.56338
160000 120000 150007 6.80531
240000 0 149999 -1.4136
245000 0 149992 -8.15499
240000 5000 149997 -3.00479
245000 5000 149995 -5.46947
245000 0 149992 -8.15499
250000 0 149993 -6.50338
245000 5000 149995 -5.46947
250000 5000 149992 -8.10422
240000 5000 149997 -3.00479
245000 5000 149995 -5.46947
240000 10000 149994 -5.85405
245000 10000 149993 -7.09269
245000 5000 149995 -5.46947
250000 5000 149992 -8.10422
245000 10000 149993 -7.09269
250000 10000 149993 -7.03155
250000 0 149993 -6.50338
255000 0 149991 -8.94575
250000 5000 149992 -8.10422
255000 5000 149993 -7.08721
255000 0 149991 -8.94575
260000 0 149992 -8.3179
255000 5000 149993 -7.08721
260000 5000 149990 -9.74832
250000 5000 149992 -8.10422
255000 5000 149993 -7.08721
250000 10000 149993 -7.03155
255000 10000 149991 -9.02975
255000 5000 149993 -7.08721
260000 5000 149990 -9.74832
255000 10000 149991 -9.02975
260000 10000 149993 -6.9831
260000 0 149992 -8.3179
265000 0 149987 -12.815
260000 5000 149990 -9.74832
265000 5000 149990 -9.73738
265000 0 149987 -12.815
270000 0 149990 -9.54597
265000 5000 149990 -9.73738
270000 5000 149989 -10.5078
260000 5000 149990 -9.74832
265000 5000 149990 -9.73738
260000 10000 149993 -6.9831
265000 10000 149990 -10.2366
265000 5000 149990 -9.73738
270000 5000 149989 -10.5078
265000 10000 149990 -10.2366
270000 10000 149989 -11.4141
270000 0 149990 -9.54597
275000 0 149986 -13.6925
270000 5000 149989 -10.5078
275000 5000 149991 -9.18735
275000 0 149986 -13.6925
280000 0 149987 -13.448
275000 5000 149991 -9.18735
280000 5000 149988 -12.1482
270000 5000 149989 -10.5078
275000 5000 149991 -9.18735
270000 10000 149989 -11.4141
275000 10000 149988 -11.855
275000 5000 149991 -9.18735
280000 5000 149988 -12.1482
275000 10000 149988 -11.855
280000 10000 149988 -11.6508
280000 0 149987 -13.448
285000 0 149988 -12.3874
280000 5000 149988 -12.1482
285000 5000 149987 -12.8123
285000 0 149988 -12.3874
290000 0 149989 -11.3603
285000 5000 149987 -12.8123
290000 5000 149990 -10.0315
280000 5000 149988 -12.1482
285000 5000 149987 -12.8123
280000 10000 149988 -11.6508
285000 10000 149988 -12.2846
285000 5000 149987 -12.8123
290000 5000 149990 -10.0315
285000 10000 149988 -12.2846
290000 10000 149987 -13.2586
290000 0 149989 -11.3603
295000 0 149987 -13.261
290000 5000 149990 -10.0315
295000 5000 149987 -13.4589
295000 0 149987 -13.261
300000 0 149987 -13.4015
295000 5000 149987 -13.4589
300000 5000 149986 -13.5947
290000 5000 149990 -10.0315
295000 5000 149987 -13.4589
290000 10000 149987 -13.2586
295000 10000 149988 -12.2396
295000 5000 149987 -13.4589
300000 5000 149986 -13.5947
295000 10000 149988 -12.2396
300000 10000 149987 -12.5818
240000 10000 149994 -5.85405
245000 10000 149993 -7.09269
240000 15000 149994 -5.88036
245000 15000 149996 -4.08353
245000 10000 149993 -7.09269
250000 10000 149993 -7.03155
245000 15000 149996 -4.08353
250000 15000 149995 -5.47949
240000 15000 149994 -5.88036
245000 15000 149996 -4.08353
240000 20000 149996 -4.45844
245000 20000 149993 -6.96114
245000 15000 149996 -4.08353
250000 15000 149995 -5.47949
245000 20000 149993 -6.96114
250000 20000 149992 -7.65871
250000 10000 149993 -7.03155
255000 10000 149991 -9.02975
250000 15000 149995 -5.47949
255000 15000 149993 -7.20922
255000 10000 149991 -9.02975
260000 10000 149993 -6.9831
255000 15000 149993 -7.20922
260000 15000 149990 -9.6705
250000 15000 149995 -5.47949
255000 15000 149993 -7.20922
250000 20000 149992 -7.65871
255000 20000 149992 -7.94582
255000 15000 149993 -7.20922
260000 15000 149990 -9.6705
255000 20000 149992 -7.94582
260000 20000 149992 -7.73934
260000 10000 149993 -6.9831
265000 10000 149990 -10.2366
260000 15000 149990 -9.6705
265000 15000 149992 -8.36415
265000 10000 149990 -10.2366
270000 10000 149989 -11.4141
265000 15000 149992 -8.36415
270000 15000 149988 -11.7586
260000 15000 149990 -9.6705
265000 15000 149992 -8.36415
260000 20000 149992 -7.73934
265000 20000 149989 -10.9065
265000 15000 149992 -8.36415
270000 15000 149988 -11.7586
265000 20000 149989 -10.9065
270000 20000 149990 -9.58492
270000 10000 149989 -11.4141
275000 10000 149988 -11.855
270000 15000 149988 -11.7586
275000 15000 149989 -11.0178
275000 10000 149988 -11.855
280000 10000 149988 -11.6508
275000 15000 149989 -11.0178
280000 15000 149989 -11.3016
270000 15000 149988 -11.7586
275000 15000 149989 -11.0178
270000 20000 149990 -9.58492
275000 20000 149988 -12.1962
275000 15000 149989 -11.0178
280000 15000 149989 -11.3016
275000 20000 149988 -12.1962
280000 20000 149987 -12.7517
280000 10000 149988 -11.6508
285000 10000 149988 -12.2846
280000 15000 149989 -11.3016
285000 15000 149987 -12.6335
285000 10000 149988 -12.2846
290000 10000 149987 -13.2586
285000 15000 149987 -12.6335
290000 15000 149987 -13.2632
280000 15000 149989 -11.3016
285000 15000 149987 -12.6335
280000 20000 149987 -12.7517
285000 20000 149987 -13.0971
285000 15000 149987 -12.6335
290000 15000 149987 -13.2632
285000 20000 149987 -13.0971
290000 20000 149987 -13.2349
290000 10000 149987 -13.2586
295000 10000 149988 -12.2396
290000 15000 149987 -13.2632
295000 15000 149987 -13.4223
295000 10000 149988 -12.2396
300000 10000 149987 -12.5818
295000 15000 149987 -13.4223
300000 15000 149987 -13.1362
290000 15000 149987 -13.2632
295000 15000 149987 -13.4223
290000 20000 149987 -13.2349
295000 20000 149987 -13.3412
295000 15000 149987 -13.4223
300000 15000 149987 -13.1362
295000 20000 149987 -13.3412
300000 20000 149987 -13.4869
240000 20000 149996 -4.45844
245000 20000 149993 -6.96114
240000 25000 149998 -2.26567
245000 25000 149995 -4.75975
245000 20000 149993 -6.96114
250000 20000 149992 -7.65871
245000 25000 149995 -4.75975
250000 25000 149992 -7.75538
240000 25000 149998 -2.26567
245000 25000 149995 -4.75975
240000 30000 149996 -4.21402
245000 30000 149993 -6.70242
245000 25000 149995 -4.75975
250000 25000 149992 -7.75538
245000 30000 149993 -6.70242
250000 30000 149994 -5.8537
250000 20000 149992 -7.65871
255000 20000 149992 -7.94582
250000 25000 149992 -7.75538
255000 25000 149993 -7.07042
255000 20000 149992 -7.94582
260000 20000 149992 -7.73934
255000 25000 149993 -7.07042
260000 25000 149990 -10.1552
250000 25000 149992 -7.75538
255000 25000 149993 -7.07042
250000 30000 149994 -5.8537
255000 30000 149993 -7.43525
255000 25000 149993 -7.07042
260000 25000 149990 -10.1552
255000 30000 149993 -7.43525
260000 30000 149991 -9.32091
260000 20000 149992 -7.73934
265000 20000 149989 -10.9065
260000 25000 149990 -10.1552
265000 25000 149989 -10.6672
265000 20000 149989 -10.9065
270000 20000 149990 -9.58492
265000 25000 149989 -10.6672
270000 25000 149987 -12.6578
260000 25000 149990 -10.1552
265000 25000 149989 -10.6672
260000 30000 149991 -9.32091
265000 30000 149992 -8.06594
265000 25000 149989 -10.6672
270000 25000 149987 -12.6578
265000 30000 149992 -8.06594
270000 30000 149990 -9.83338
270000 20000 149990 -9.58492
275000 20000 149988 -12.1962
270000 25000 149987 -12.6578
275000 25000 149989 -10.6382
275000 20000 149988 -12.1962
280000 20000 149987 -12.7517
275000 25000 149989 -10.6382
280000 25000 149990 -10.1482
270000 25000 149987 -12.6578
275000 25000 149989 -10.6382
270000 30000 149990 -9.83338
275000 30000 149990 -10.3104
275000 25000 149989 -10.6382
280000 25000 149990 -10.1482
275000 30000 149990 -10.3104
280000 30000 149989 -10.75
280000 20000 149987 -12.7517
285000 20000 149987 -13.0971
280000 25000 149990 -10.1482
285000 25000 149987 -13.1168
285000 20000 149987 -13.0971
290000 20000 149987 -13.2349
285000 25000 149987 -13.1168
290000 25000 149987 -13.1015
280000 25000 149990 -10.1482
285000 25000 149987 -13.1168
280000 30000 149989 -10.75
285000 30000 149987 -13.1031
285000 25000 149987 -13.1168
290000 25000 149987 -13.1015
285000 30000 149987 -13.1031
290000 30000 149987 -12.618
290000 20000 149987 -13.2349
295000 20000 149987 -13.3412
290000 25000 149987 -13.1015
295000 25000 149987 -13.2914
295000 20000 149987 -13.3412
300000 20000 149987 -13.4869
295000 25000 149987 -13.2914
300000 25000 149987 -13.3942
290000 25000 149987 -13.1015
295000 25000 149987 -13.2914
290000 30000 149987 -12.618
295000 30000 149987 -13.3812
295000 25000 149987 -13.2914
300000 25000 149987 -13.3942
295000 30000 149987 -13.3812
300000 30000 149987 -13.4266
240000 30000 149996 -4.21402
245000 30000 149993 -6.70242
240000 35000 149994 -5.5537
245000 35000 149994 -5.88476
245000 30000 149993 -6.70242
250000 30000 149994 -5.8537
245000 35000 149994 -5.88476
250000 35000 149994 -5.7029
240000 35000 149994 -5.5537
245000 35000 149994 -5.88476
240000 40000 149996 -4.31572
245000 40000 149994 -6.37468
245000 35000 149994 -5.88476
250000 35000 149994 -5.7029
245000 40000 149994 -6.37468
250000 40000 149994 -5.64825
250000 30000 149994 -5.8537
255000 30000 149993 -7.43525
250000 35000 149994 -5.7029
255000 35000 149993 -6.95964
255000 30000 149993 -7.43525
260000 30000 149991 -9.32091
255000 35000 149993 -6.95964
260000 35000 149990 -10.0576
250000 35000 149994 -5.7029
255000 35000 149993 -6.95964
250000 40000 149994 -5.64825
255000 40000 149993 -7.07929
255000 35000 149993 -6.95964
260000 35000 149990 -10.0576
255000 40000 149993 -7.07929
260000 40000 149993 -7.47717
260000 30000 149991 -9.32091
265000 30000 149992 -8.06594
260000 35000 149990 -10.0576
265000 35000 149990 -9.96623
265000 30000 149992 -8.06594
270000 30000 149990 -9.83338
265000 35000 149990 -9.96623
270000 35000 149988 -11.7144
260000 35000 149990 -10.0576
265000 35000 149990 -9.96623
260000 40000 149993 -7.47717
265000 40000 149990 -9.73921
265000 35000 149990 -9.96623
270000 35000 149988 -11.7144
265000 40000 149990 -9.73921
270000 40000 149989 -10.996
270000 30000 149990 -9.83338
275000 30000 149990 -10.3104
270000 35000 149988 -11.7144
275000 35000 149989 -10.5003
275000 30000 149990 -10.3104
280000 30000 149989 -10.75
275000 35000 149989 -10.5003
280000 35000 149989 -10.9173
270000 35000 149988 -11.7144
275000 35000 149989 -10.5003
270000 40000 149989 -10.996
275000 40000 149989 -10.5476
275000 35000 149989 -10.5003
280000 35000 149989 -10.9173
275000 40000 149989 -10.5476
280000 40000 149987 -12.6404
280000 30000 149989 -10.75
285000 30000 149987 -13.1031
280000 35000 149989 -10.9173
285000 35000 149988 -12.2735
285000 30000 149987 -13.1031
290000 30000 149987 -12.618
285000 35000 149988 -12.2735
290000 35000 149988 -11.7101
280000 35000 149989 -10.9173
285000 35000 149988 -12.2735
280000 40000 149987 -12.6404
285000 40000 149988 -11.8191
285000 35000 149988 -12.2735
290000 35000 149988 -11.7101
285000 40000 149988 -11.8191
290000 40000 149989 -10.9227
290000 30000 149987 -12.618
295000 30000 149987 -13.3812
290000 35000 149988 -11.7101
295000 35000 149989 -11.4165
295000 30000 149987 -13.3812
300000 30000 149987 -13.4266
295000 35000 149989 -11.4165
300000 35000 149989 -11.4889
290000 35000 149988 -11.7101
295000 35000 149989 -11.4165
290000 40000 149989 -10.9227
295000 40000 149987 -12.8228
295000 35000 149989 -11.4165
300000 35000 149989 -11.4889
295000 40000 149987 -12.8228
300000 40000 149987 -13.3823
240000 40000 149996 -4.31572
245000 40000 149994 -6.37468
240000 45000 149995 -5.47751
245000 45000 149995 -5.13695
245000 40000 149994 -6.37468
250000 40000 149994 -5.64825
245000 45000 149995 -5.13695
250000 45000 149993 -7.24606
240000 45000 149995 -5.47751
245000 45000 149995 -5.13695
240000 50000 149998 -2.4839
245000 50000 149994 -6.34073
245000 45000 149995 -5.13695
250000 45000 149993 -7.24606
245000 50000 149994 -6.34073
250000 50000 149995 -4.62242
250000 40000 149994 -5.64825
255000 40000 149993 -7.07929
250000 45000 149993 -7.24606
255000 45000 149992 -8.13833
255000 40000 149993 -7.07929
260000 40000 149993 -7.47717
255000 45000 149992 -8.13833
260000 45000 149991 -9.26201
250000 45000 149993 -7.24606
255000 45000 149992 -8.13833
250000 50000 149995 -4.62242
255000 50000 149995 -5.49319
255000 45000 149992 -8.13833
260000 45000 149991 -9.26201
255000 50000 149995 -5.49319
260000 50000 149993 -7.17865
260000 40000 149993 -7.47717
265000 40000 149990 -9.73921
260000 45000 149991 -9.26201
265000 45000 149989 -10.7427
265000 40000 149990 -9.73921
270000 40000 149989 -10.996
265000 45000 149989 -10.7427
270000 45000 149989 -11.3161
260000 45000 149991 -9.26201
265000 45000 149989 -10.7427
260000 50000 149993 -7.17865
265000 50000 149991 -8.59612
265000 45000 149989 -10.7427
270000 45000 149989 -11.3161
265000 50000 149991 -8.59612
270000 50000 149992 -8.41574
270000 40000 149989 -10.996
275000 40000 149989 -10.5476
270000 45000 149989 -11.3161
275000 45000 149990 -9.96158
275000 40000 149989 -10.5476
280000 40000 149987 -12.6404
275000 45000 149990 -9.96158
280000 45000 149988 -12.3177
270000 45000 149989 -11.3161
275000 45000 149990 -9.96158
270000 50000 149992 -8.41574
275000 50000 149988 -12.4793
275000 45000 149990 -9.96158
280000 45000 149988 -12.3177
275000 50000 149988 -12.4793
280000 50000 149988 -11.5344
280000 40000 149987 -12.6404
285000 40000 149988 -11.8191
280000 45000 149988 -12.3177
285000 45000 149987 -13.1011
285000 40000 149988 -11.8191
290000 40000 149989 -10.9227
285000 45000 149987 -13.1011
290000 45000 149987 -13.1084
280000 45000 149988 -12.3177
285000 45000 149987 -13.1011
280000 50000 149988 -11.5344
285000 50000 149987 -13.096
285000 45000 149987 -13.1011
290000 45000 149987 -13.1084
285000 50000 149987 -13.096
290000 50000 149990 -10.3404
290000 40000 149989 -10.9227
295000 40000 149987 -12.8228
290000 45000 149987 -13.1084
295000 45000 149987 -13.3359
295000 40000 149987 -12.8228
300000 40000 149987 -13.3823
295000 45000 149987 -13.3359
300000 45000 149990 -10.4358
290000 45000 149987 -13.1084
295000 45000 149987 -13.3359
290000 50000 149990 -10.3404
295000 50000 149988 -11.6544
295000 45000 149987 -13.3359
300000 45000 149990 -10.4358
295000 50000 149988 -11.6544
300000 50000 149985 -14.7271
240000 50000 149998 -2.4839
245000 50000 149994 -6.34073
240000 55000 149996 -4.08244
245000 55000 149996 -3.74815
245000 50000 149994 -6.34073
250000 50000 149995 -4.62242
245000 55000 149996 -3.74815
250000 55000 149993 -7.04312
240000 55000 149996 -4.08244
245000 55000 149996 -3.74815
240000 60000 149996 -3.9385
245000 60000 149994 -6.32277
245000 55000 149996 -3.74815
250000 55000 149993 -7.04312
245000 60000 149994 -6.32277
250000 60000 149996 -4.23244
250000 50000 149995 -4.62242
255000 50000 149995 -5.49319
250000 55000 149993 -7.04312
255000 55000 149992 -8.4055
255000 50000 149995 -5.49319
260000 50000 149993 -7.17865
255000 55000 149992 -8.4055
260000 55000 149990 -9.61759
250000 55000 149993 -7.04312
255000 55000 149992 -8.4055
250000 60000 149996 -4.23244
255000 60000 149995 -4.76045
255000 55000 149992 -8.4055
260000 55000 149990 -9.61759
255000 60000 149995 -4.76045
260000 60000 149994 -6.09804
260000 50000 149993 -7.17865
265000 50000 149991 -8.59612
260000 55000 149990 -9.61759
265000 55000 149989 -10.5077
265000 50000 149991 -8.59612
270000 50000 149992 -8.41574
265000 55000 149989 -10.5077
270000 55000 149989 -10.5142
260000 55000 149990 -9.61759
265000 55000 149989 -10.5077
260000 60000 149994 -6.09804
265000 60000 149991 -8.88733
265000 55000 149989 -10.5077
270000 55000 149989 -10.5142
265000 60000 149991 -8.88733
270000 60000 149990 -10.3129
270000 50000 149992 -8.41574
275000 50000 149988 -12.4793
270000 55000 149989 -10.5142
275000 55000 149987 -12.5389
275000 50000 149988 -12.4793
280000 50000 149988 -11.5344
275000 55000 149987 -12.5389
280000 55000 149987 -13.0924
270000 55000 149989 -10.5142
275000 55000 149987 -12.5389
270000 60000 149990 -10.3129
275000 60000 149988 -11.5861
275000 55000 149987 -12.5389
280000 55000 149987 -13.0924
275000 60000 149988 -11.5861
280000 60000 149988 -12.1136
280000 50000 149988 -11.5344
285000 50000 149987 -13.096
280000 55000 149987 -13.0924
285000 55000 149988 -11.5098
285000 50000 149987 -13.096
290000 50000 149990 -10.3404
285000 55000 149988 -11.5098
290000 55000 149987 -13.2311
280000 55000 149987 -13.0924
285000 55000 149988 -11.5098
280000 60000 149988 -12.1136
285000 60000 149987 -13.2026
285000 55000 149988 -11.5098
290000 55000 149987 -13.2311
285000 60000 149987 -13.2026
290000 60000 149988 -11.5046
290000 50000 149990 -10.3404
295000 50000 149988 -11.6544
290000 55000 149987 -13.2311
295000 55000 149989 -10.7829
295000 50000 149988 -11.6544
300000 50000 149985 -14.7271
295000 55000 149989 -10.7829
300000 55000 149989 -10.8591
290000 55000 149987 -13.2311
295000 55000 149989 -10.7829
290000 60000 149988 -11.5046
295000 60000 149988 -12.122
295000 55000 149989 -10.7829
300000 55000 149989 -10.8591
295000 60000 149988 -12.122
300000 60000 149987 -13.2759
200000 60000 150010 10.4484
205000 60000 150012 12.1673
200000 65000 150014 13.5421
205000 65000 150013 13.0487
205000 60000 150012 12.1673
210000 60000 150009 8.57325
205000 65000 150013 13.0487
210000 65000 150009 9.08573
200000 65000 150014 13.5421
205000 65000 150013 13.0487
200000 70000 150011 11.2965
205000 70000 150008 8.4247
205000 65000 150013 13.0487
210000 65000 150009 9.08573
205000 70000 150008 8.4247
210000 70000 150007 7.36803
210000 60000 150009 8.57325
215000 60000 150007 6.82493
210000 65000 150009 9.08573
215000 65000 150008 7.87685
215000 60000 150007 6.82493
220000 60000 150002 2.11048
215000 65000 150008 7.87685
220000 65000 150003 3.44648
210000 65000 150009 9.08573
215000 65000 150008 7.87685
210000 70000 150007 7.36803
215000 70000 150006 5.56021
215000 65000 150008 7.87685
220000 65000 150003 3.44648
215000 70000 150006 5.56021
220000 70000 150003 2.68238
220000 60000 150002 2.11048
225000 60000 150001 1.13888
220000 65000 150003 3.44648
225000 65000 150000 -0.0240445
225000 60000 150001 1.13888
230000 60000 149999 -0.812971
225000 65000 150000 -0.0240445
230000 65000 150003 3.19039
220000 65000 150003 3.44648
225000 65000 150000 -0.0240445
220000 70000 150003 2.68238
225000 70000 150004 4.17621
225000 65000 150000 -0.0240445
230000 65000 150003 3.19039
225000 70000 150004 4.17621
230000 70000 150000 -0.0668669
230000 60000 149999 -0.812971
235000 60000 149998 -1.6413
230000 65000 150003 3.19039
235000 65000 150000 0.071274
235000 60000 149998 -1.6413
240000 60000 149996 -3.9385
235000 65000 150000 0.071274
240000 65000 149996 -3.72617
230000 65000 150003 3.19039
235000 65000 150000 0.071274
230000 70000 150000 -0.0668669
235000 70000 150000 -0.137157
235000 65000 150000 0.071274
240000 65000 149996 -3.72617
235000 70000 150000 -0.137157
240000 70000 149999 -1.08904
240000 60000 149996 -3.9385
245000 60000 149994 -6.32277
240000 65000 149996 -3.72617
245000 65000 149996 -4.22647
245000 60000 149994 -6.32277
250000 60000 149996 -4.23244
245000 65000 149996 -4.22647
250000 65000 149996 -4.35717
240000 65000 149996 -3.72617
245000 65000 149996 -4.22647
240000 70000 149999 -1.08904
245000 70000 149994 -5.59233
245000 65000 149996 -4.22647
250000 65000 149996 -4.35717
245000 70000 149994 -5.59233
250000 70000 149997 -3.19738
250000 60000 149996 -4.23244
255000 60000 149995 -4.76045
250000 65000 149996 -4.35717
255000 65000 149992 -7.54624
255000 60000 149995 -4.76045
260000 60000 149994 -6.09804
255000 65000 149992 -7.54624
260000 65000 149991 -8.52148
250000 65000 149996 -4.35717
255000 65000 149992 -7.54624
250000 70000 149997 -3.19738
255000 70000 149992 -7.8316
255000 65000 149992 -7.54624
260000 65000 149991 -8.52148
255000 70000 149992 -7.8316
260000 70000 149993 -7.32545
260000 60000 149994 -6.09804
265000 60000 149991 -8.88733
260000 65000 149991 -8.52148
265000 65000 149990 -9.98644
265000 60000 149991 -8.88733
270000 60000 149990 -10.3129
265000 65000 149990 -9.98644
270000 65000 149988 -12.2256
260000 65000 149991 -8.52148
265000 65000 149990 -9.98644
260000 70000 149993 -7.32545
265000 70000 149993 -7.12549
265000 65000 149990 -9.98644
270000 65000 149988 -12.2256
265000 70000 149993 -7.12549
270000 70000 149989 -11.0963
270000 60000 149990 -10.3129
275000 60000 149988 -11.5861
270000 65000 149988 -12.2256
275000 65000 149987 -12.5643
275000 60000 149988 -11.5861
280000 60000 149988 -12.1136
275000 65000 149987 -12.5643
280000 65000 149989 -10.7959
270000 65000 149988 -12.2256
275000 65000 149987 -12.5643
270000 70000 149989 -11.0963
275000 70000 149988 -12.3057
275000 65000 149987 -12.5643
280000 65000 149989 -10.7959
275000 70000 149988 -12.3057
280000 70000 149987 -12.5643
280000 60000 149988 -12.1136
285000 60000 149987 -13.2026
280000 65000 149989 -10.7959
285000 65000 149987 -13.1573
285000 60000 149987 -13.2026
290000 60000 149988 -11.5046
285000 65000 149987 -13.1573
290000 65000 149988 -12.0347
280000 65000 149989 -10.7959
285000 65000 149987 -13.1573
280000 70000 149987 -12.5643
285000 70000 149989 -10.7073
285000 65000 149987 -13.1573
290000 65000 149988 -12.0347
285000 70000 149989 -10.7073
290000 70000 149987 -13.2234
290000 60000 149988 -11.5046
295000 60000 149988 -12.122
290000 65000 149988 -12.0347
295000 65000 149987 -13.2759
295000 60000 149988 -12.122
300000 60000 149987 -13.2759
295000 65000 149987 -13.2759
300000 65000 149987 -12.6627
290000 65000 149988 -12.0347
295000 65000 149987 -13.2759
290000 70000 149987 -13.2234
295000 70000 149988 -12.2468
295000 65000 149987 -13.2759
300000 65000 149987 -12.6627
295000 70000 149988 -12.2468
300000 70000 149987 -12.5096
200000 70000 150011 11.2965
205000 70000 150008 8.4247
200000 75000 150011 11.0577
205000 75000 150012 12.1585
205000 70000 150008 8.4247
210000 70000 150007 7.36803
205000 75000 150012 12.1585
210000 75000 150010 10.2687
200000 75000 150011 11.0577
205000 75000 150012 12.1585
200000 80000 150015 15.2196
205000 80000 150010 10.3421
205000 75000 150012 12.1585
210000 75000 150010 10.2687
205000 80000 150010 10.3421
210000 80000 150010 10.3375
210000 70000 150007 7.36803
215000 70000 150006 5.56021
210000 75000 150010 10.2687
215000 75000 150007 7.19852
215000 70000 150006 5.56021
220000 70000 150003 2.68238
215000 75000 150007 7.19852
220000 75000 150003 3.29513
210000 75000 150010 10.2687
215000 75000 150007 7.19852
210000 80000 150010 10.3375
215000 80000 150006 5.97617
215000 75000 150007 7.19852
220000 75000 150003 3.29513
215000 80000 150006 5.97617
220000 80000 150004 3.76257
220000 70000 150003 2.68238
225000 70000 150004 4.17621
220000 75000 150003 3.29513
225000 75000 150002 1.75468
225000 70000 150004 4.17621
230000 70000 150000 -0.0668669
225000 75000 150002 1.75468
230000 75000 150002 1.99036
220000 75000 150003 3.29513
225000 75000 150002 1.75468
220000 80000 150004 3.76257
225000 80000 150002 2.36564
225000 75000 150002 1.75468
230000 75000 150002 1.99036
225000 80000 150002 2.36564
230000 80000 149999 -1.16776
230000 70000 150000 -0.0668669
235000 70000 150000 -0.137157
230000 75000 150002 1.99036
235000 75000 149997 -3.22911
235000 70000 150000 -0.137157
240000 70000 149999 -1.08904
235000 75000 149997 -3.22911
240000 75000 149996 -4.37106
230000 75000 150002 1.99036
235000 75000 149997 -3.22911
230000 80000 149999 -1.16776
235000 80000 149998 -2.09876
235000 75000 149997 -3.22911
240000 75000 149996 -4.37106
235000 80000 149998 -2.09876
240000 80000 149998 -2.30617
240000 70000 149999 -1.08904
245000 70000 149994 -5.59233
240000 75000 149996 -4.37106
245000 75000 149994 -5.96913
245000 70000 149994 -5.59233
250000 70000 149997 -3.19738
245000 75000 149994 -5.96913
250000 75000 149992 -7.96631
240000 75000 149996 -4.37106
245000 75000 149994 -5.96913
240000 80000 149998 -2.30617
245000 80000 149995 -4.86999
245000 75000 149994 -5.96913
250000 75000 149992 -7.96631
245000 80000 149995 -4.86999
250000 80000 149996 -3.76871
250000 70000 149997 -3.19738
255000 70000 149992 -7.8316
250000 75000 149992 -7.96631
255000 75000 149992 -8.08892
255000 70000 149992 -7.8316
260000 70000 149993 -7.32545
255000 75000 149992 -8.08892
260000 75000 149990 -9.92402
250000 75000 149992 -7.96631
255000 75000 149992 -8.08892
250000 80000 149996 -3.76871
255000 80000 149994 -5.63784
255000 75000 149992 -8.08892
260000 75000 149990 -9.92402
255000 80000 149994 -5.63784
260000 80000 149990 -10.0648
260000 70000 149993 -7.32545
265000 70000 149993 -7.12549
260000 75000 149990 -9.92402
265000 75000 149989 -10.5916
265000 70000 149993 -7.12549
270000 70000 149989 -11.0963
265000 75000 149989 -10.5916
270000 75000 149992 -8.39168
260000 75000 149990 -9.92402
265000 75000 149989 -10.5916
260000 80000 149990 -10.0648
265000 80000 149990 -9.8366
265000 75000 149989 -10.5916
270000 75000 149992 -8.39168
265000 80000 149990 -9.8366
270000 80000 149988 -11.8998
270000 70000 149989 -11.0963
275000 70000 149988 -12.3057
270000 75000 149992 -8.39168
275000 75000 149988 -12.3392
275000 70000 149988 -12.3057
280000 70000 149987 -12.5643
275000 75000 149988 -12.3392
280000 75000 149990 -9.92995
270000 75000 149992 -8.39168
275000 75000 149988 -12.3392
270000 80000 149988 -11.8998
275000 80000 149989 -11.3204
275000 75000 149988 -12.3392
280000 75000 149990 -9.92995
275000 80000 149989 -11.3204
280000 80000 149987 -13.0958
280000 70000 149987 -12.5643
285000 70000 149989 -10.7073
280000 75000 149990 -9.92995
285000 75000 149988 -12.2286
285000 70000 149989 -10.7073
290000 70000 149987 -13.2234
285000 75000 149988 -12.2286
290000 75000 149988 -12.1697
280000 75000 149990 -9.92995
285000 75000 149988 -12.2286
280000 80000 149987 -13.0958
285000 80000 149987 -13.239
285000 75000 149988 -12.2286
290000 75000 149988 -12.1697
285000 80000 149987 -13.239
290000 80000 149989 -11.2861
290000 70000 149987 -13.2234
295000 70000 149988 -12.2468
290000 75000 149988 -12.1697
295000 75000 149988 -12.3168
295000 70000 149988 -12.2468
300000 70000 149987 -12.5096
295000 75000 149988 -12.3168
300000 75000 149989 -11.2131
290000 75000 149988 -12.1697
295000 75000 149988 -12.3168
290000 80000 149989 -11.2861
295000 80000 149988 -11.6016
295000 75000 149988 -12.3168
300000 75000 149989 -11.2131
295000 80000 149988 -11.6016
300000 80000 149987 -12.7185
160000 80000 149974 -26.3223
165000 80000 149980 -19.6378
160000 85000 149981 -18.6977
165000 85000 149971 -29.3464
165000 80000 149980 -19.6378
170000 80000 149999 -1.48613
165000 85000 149971 -29.3464
170000 85000 149991 -8.99083
160000 85000 149981 -18.6977
165000 85000 149971 -29.3464
160000 90000 149993 -6.79131
165000 90000 149975 -24.919
165000 85000 149971 -29.3464
170000 85000 149991 -8.99083
165000 90000 149975 -24.919
170000 90000 149980 -20.2976
170000 80000 149999 -1.48613
175000 80000 150015 14.6392
170000 85000 149991 -8.99083
175000 85000 150007 7.08877
175000 80000 150015 14.6392
180000 80000 150015 15.1857
175000 85000 150007 7.08877
180000 85000 150016 15.8702
170000 85000 149991 -8.99083
175000 85000 150007 7.08877
170000 90000 149980 -20.2976
175000 90000 149997 -3.10269
175000 85000 150007 7.08877
180000 85000 150016 15.8702
175000 90000 149997 -3.10269
180000 90000 150010 10.3856
180000 80000 150015 15.1857
185000 80000 150015 14.5704
180000 85000 150016 15.8702
185000 85000 150016 16.3034
185000 80000 150015 14.5704
190000 80000 150017 16.8031
185000 85000 150016 16.3034
190000 85000 150014 13.5367
180000 85000 150016 15.8702
185000 85000 150016 16.3034
180000 90000 150010 10.3856
185000 90000 150019 19.253
185000 85000 150016 16.3034
190000 85000 150014 13.5367
185000 90000 150019 19.253
190000 90000 150015 15.313
190000 80000 150017 16.8031
195000 80000 150015 15.2827
190000 85000 150014 13.5367
195000 85000 150012 11.8375
195000 80000 150015 15.2827
200000 80000 150015 15.2196
195000 85000 150012 11.8375
200000 85000 150012 12.3864
190000 85000 150014 13.5367
195000 85000 150012 11.8375
190000 90000 150015 15.313
195000 90000 150013 12.6836
195000 85000 150012 11.8375
200000 85000 150012 12.3864
195000 90000 150013 12.6836
200000 90000 150013 13.0092
200000 80000 150015 15.2196
205000 80000 150010 10.3421
200000 85000 150012 12.3864
205000 85000 150010 9.9864
205000 80000 150010 10.3421
210000 80000 150010 10.3375
205000 85000 150010 9.9864
210000 85000 150012 11.8502
200000 85000 150012 12.3864
205000 85000 150010 9.9864
200000 90000 150013 13.0092
205000 90000 150011 11.3579
205000 85000 150010 9.9864
210000 85000 150012 11.8502
205000 90000 150011 11.3579
210000 90000 150008 7.57616
210000 80000 150010 10.3375
215000 80000 150006 5.97617
210000 85000 150012 11.8502
215000 85000 150009 9.29143
215000 80000 150006 5.97617
220000 80000 150004 3.76257
215000 85000 150009 9.29143
220000 85000 150004 3.57078
210000 85000 150012 11.8502
215000 85000 150009 9.29143
210000 90000 150008 7.57616
215000 90000 150005 5.37501
215000 85000 150009 9.29143
220000 85000 150004 3.57078
215000 90000 150005 5.37501
220000 90000 150003 2.89785
220000 80000 150004 3.76257
225000 80000 150002 2.36564
220000 85000 150004 3.57078
225000 85000 150002 2.05427
225000 80000 150002 2.36564
230000 80000 149999 -1.16776
225000 85000 150002 2.05427
230000 85000 150003 2.81743
220000 85000 150004 3.57078
225000 85000 150002 2.05427
220000 90000 150003 2.89785
225000 90000 150005 5.13353
225000 85000 150002 2.05427
230000 85000 150003 2.81743
225000 90000 150005 5.13353
230000 90000 150001 1.35066
230000 80000 149999 -1.16776
235000 80000 149998 -2.09876
230000 85000 150003 2.81743
235000 85000 150000 0.271085
235000 80000 149998 -2.09876
240000 80000 149998 -2.30617
235000 85000 150000 0.271085
240000 85000 149997 -2.79927
230000 85000 150003 2.81743
235000 85000 150000 0.271085
230000 90000 150001 1.35066
235000 90000 149999 -1.31535
235000 85000 150000 0.271085
240000 85000 149997 -2.79927
235000 90000 149999 -1.31535
240000 90000 149996 -3.67778
240000 80000 149998 -2.30617
245000 80000 149995 -4.86999
240000 85000 149997 -2.79927
245000 85000 149995 -5.2943
245000 80000 149995 -4.86999
250000 80000 149996 -3.76871
245000 85000 149995 -5.2943
250000 85000 149996 -3.93945
240000 85000 149997 -2.79927
245000 85000 149995 -5.2943
240000 90000 149996 -3.67778
245000 90000 149995 -4.60538
245000 85000 149995 -5.2943
250000 85000 149996 -3.93945
245000 90000 149995 -4.60538
250000 90000 149992 -7.62267
250000 80000 149996 -3.76871
255000 80000 149994 -5.63784
250000 85000 149996 -3.93945
255000 85000 149992 -8.04457
255000 80000 149994 -5.63784
260000 80000 149990 -10.0648
255000 85000 149992 -8.04457
260000 85000 149990 -9.86131
250000 85000 149996 -3.93945
255000 85000 149992 -8.04457
250000 90000 149992 -7.62267
255000 90000 149993 -6.7954
255000 85000 149992 -8.04457
260000 85000 149990 -9.86131
255000 90000 149993 -6.7954
260000 90000 149994 -6.44704
260000 80000 149990 -10.0648
265000 80000 149990 -9.8366
260000 85000 149990 -9.86131
265000 85000 149989 -11.2288
265000 80000 149990 -9.8366
270000 80000 149988 -11.8998
265000 85000 149989 -11.2288
270000 85000 149991 -8.79454
260000 85000 149990 -9.86131
265000 85000 149989 -11.2288
260000 90000 149994 -6.44704
265000 90000 149991 -8.95019
265000 85000 149989 -11.2288
270000 85000 149991 -8.79454
265000 90000 149991 -8.95019
270000 90000 149989 -11.2434
270000 80000 149988 -11.8998
275000 80000 149989 -11.3204
270000 85000 149991 -8.79454
275000 85000 149987 -12.6182
275000 80000 149989 -11.3204
280000 80000 149987 -13.0958
275000 85000 149987 -12.6182
280000 85000 149989 -10.888
270000 85000 149991 -8.79454
275000 85000 149987 -12.6182
270000 90000 149989 -11.2434
275000 90000 149989 -10.6513
275000 85000 149987 -12.6182
280000 85000 149989 -10.888
275000 90000 149989 -10.6513
280000 90000 149989 -11.067
280000 80000 149987 -13.0958
285000 80000 149987 -13.239
280000 85000 149989 -10.888
285000 85000 149986 -13.5989
285000 80000 149987 -13.239
290000 80000 149989 -11.2861
285000 85000 149986 -13.5989
290000 85000 149987 -13.3049
280000 85000 149989 -10.888
285000 85000 149986 -13.5989
280000 90000 149989 -11.067
285000 90000 149988 -12.4236
285000 85000 149986 -13.5989
290000 85000 149987 -13.3049
285000 90000 149988 -12.4236
290000 90000 149987 -13.3266
290000 80000 149989 -11.2861
295000 80000 149988 -11.6016
290000 85000 149987 -13.3049
295000 85000 149987 -13.3402
295000 80000 149988 -11.6016
300000 80000 149987 -12.7185
295000 85000 149987 -13.3402
300000 85000 149987 -13.3402
290000 85000 149987 -13.3049
295000 85000 149987 -13.3402
290000 90000 149987 -13.3266
295000 90000 149987 -13.364
295000 85000 149987 -13.3402
300000 85000 149987 -13.3402
295000 90000 149987 -13.364
300000 90000 149987 -13.3825
160000 90000 149993 -6.79131
165000 90000 149975 -24.919
160000 95000 150001 0.844921
165000 95000 149982 -17.5554
165000 90000 149975 -24.919
170000 90000 149980 -20.2976
165000 95000 149982 -17.5554
170000 95000 149977 -22.5275
160000 95000 150001 0.844921
165000 95000 149982 -17.5554
160000 100000 150001 0.752087
165000 100000 149991 -8.52943
165000 95000 149982 -17.5554
170000 95000 149977 -22.5275
165000 100000 149991 -8.52943
170000 100000 149983 -16.8764
170000 90000 149980 -20.2976
175000 90000 149997 -3.10269
170000 95000 149977 -22.5275
175000 95000 149993 -6.93111
175000 90000 149997 -3.10269
180000 90000 150010 10.3856
175000 95000 149993 -6.93111
180000 95000 150005 4.59224
170000 95000 149977 -22.5275
175000 95000 149993 -6.93111
170000 100000 149983 -16.8764
175000 100000 149988 -12.2244
175000 95000 149993 -6.93111
180000 95000 150005 4.59224
175000 100000 149988 -12.2244
180000 100000 149999 -0.881255
180000 90000 150010 10.3856
185000 90000 150019 19.253
180000 95000 150005 4.59224
185000 95000 150017 17.0038
185000 90000 150019 19.253
190000 90000 150015 15.313
185000 95000 150017 17.0038
190000 95000 150014 14.3417
180000 95000 150005 4.59224
185000 95000 150017 17.0038
180000 100000 149999 -0.881255
185000 100000 150015 14.548
185000 95000 150017 17.0038
190000 95000 150014 14.3417
185000 100000 150015 14.548
190000 100000 150016 16.2934
190000 90000 150015 15.313
195000 90000 150013 12.6836
190000 95000 150014 14.3417
195000 95000 150016 15.7422
195000 90000 150013 12.6836
200000 90000 150013 13.0092
195000 95000 150016 15.7422
200000 95000 150013 12.758
190000 95000 150014 14.3417
195000 95000 150016 15.7422
190000 100000 150016 16.2934
195000 100000 150015 15.127
195000 95000 150016 15.7422
200000 95000 150013 12.758
195000 100000 150015 15.127
200000 100000 150013 13.2351
200000 90000 150013 13.0092
205000 90000 150011 11.3579
200000 95000 150013 12.758
205000 95000 150011 10.9618
205000 90000 150011 11.3579
210000 90000 150008 7.57616
205000 95000 150011 10.9618
210000 95000 150012 12.1334
200000 95000 150013 12.758
205000 95000 150011 10.9618
200000 100000 150013 13.2351
205000 100000 150010 10.4911
205000 95000 150011 10.9618
210000 95000 150012 12.1334
205000 100000 150010 10.4911
210000 100000 150009 8.77445
210000 90000 150008 7.57616
215000 90000 150005 5.37501
210000 95000 150012 12.1334
215000 95000 150006 6.40165
215000 90000 150005 5.37501
220000 90000 150003 2.89785
215000 95000 150006 6.40165
220000 95000 150003 3.18567
210000 95000 150012 12.1334
215000 95000 150006 6.40165
210000 100000 150009 8.77445
215000 100000 150009 8.70246
215000 95000 150006 6.40165
220000 95000 150003 3.18567
215000 100000 150009 8.70246
220000 100000 150004 4.10551
220000 90000 150003 2.89785
225000 90000 150005 5.13353
220000 95000 150003 3.18567
225000 95000 150004 3.8456
225000 90000 150005 5.13353
230000 90000 150001 1.35066
225000 95000 150004 3.8456
230000 95000 150000 -0.292094
220000 95000 150003 3.18567
225000 95000 150004 3.8456
220000 100000 150004 4.10551
225000 100000 150003 2.60386
225000 95000 150004 3.8456
230000 95000 150000 -0.292094
225000 100000 150003 2.60386
230000 100000 150001 0.665477
230000 90000 150001 1.35066
235000 90000 149999 -1.31535
230000 95000 150000 -0.292094
235000 95000 149998 -2.0569
235000 90000 149999 -1.31535
240000 90000 149996 -3.67778
235000 95000 149998 -2.0569
240000 95000 149999 -1.11142
230000 95000 150000 -0.292094
235000 95000 149998 -2.0569
230000 100000 150001 0.665477
235000 100000 150000 0.31516
235000 95000 149998 -2.0569
240000 95000 149999 -1.11142
235000 100000 150000 0.31516
240000 100000 149995 -4.77226
240000 90000 149996 -3.67778
245000 90000 149995 -4.60538
240000 95000 149999 -1.11142
245000 95000 149996 -4.03154
245000 90000 149995 -4.60538
250000 90000 149992 -7.62267
245000 95000 149996 -4.03154
250000 95000 149992 -7.7709
240000 95000 149999 -1.11142
245000 95000 149996 -4.03154
240000 100000 149995 -4.77226
245000 100000 149994 -6.05378
245000 95000 149996 -4.03154
250000 95000 149992 -7.7709
245000 100000 149994 -6.05378
250000 100000 149995 -5.35112
250000 90000 149992 -7.62267
255000 90000 149993 -6.7954
250000 95000 149992 -7.7709
255000 95000 149991 -9.33074
255000 90000 149993 -6.7954
260000 90000 149994 -6.44704
255000 95000 149991 -9.33074
260000 95000 149991 -9.23601
250000 95000 149992 -7.7709
255000 95000 149991 -9.33074
250000 100000 149995 -5.35112
255000 100000 149992 -7.76827
255000 95000 149991 -9.33074
260000 95000 149991 -9.23601
255000 100000 149992 -7.76827
260000 100000 149991 -9.32351
260000 90000 149994 -6.44704
265000 90000 149991 -8.95019
260000 95000 149991 -9.23601
265000 95000 149990 -9.76174
265000 90000 149991 -8.95019
270000 90000 149989 -11.2434
265000 95000 149990 -9.76174
270000 95000 149989 -11.1605
260000 95000 149991 -9.23601
265000 95000 149990 -9.76174
260000 100000 149991 -9.32351
265000 100000 149992 -7.92511
265000 95000 149990 -9.76174
270000 95000 149989 -11.1605
265000 100000 149992 -7.92511
270000 100000 149991 -9.26456
270000 90000 149989 -11.2434
275000 90000 149989 -10.6513
270000 95000 149989 -11.1605
275000 95000 149990 -9.9413
275000 90000 149989 -10.6513
280000 90000 149989 -11.067
275000 95000 149990 -9.9413
280000 95000 149987 -13.0321
270000 95000 149989 -11.1605
275000 95000 149990 -9.9413
270000 100000 149991 -9.26456
275000 100000 149989 -11.4189
275000 95000 149990 -9.9413
280000 95000 149987 -13.0321
275000 100000 149989 -11.4189
280000 100000 149987 -13.0682
280000 90000 149989 -11.067
285000 90000 149988 -12.4236
280000 95000 149987 -13.0321
285000 95000 149987 -13.2084
285000 90000 149988 -12.4236
290000 90000 149987 -13.3266
285000 95000 149987 -13.2084
290000 95000 149988 -12.0922
280000 95000 149987 -13.0321
285000 95000 149987 -13.2084
280000 100000 149987 -13.0682
285000 100000 149989 -10.6627
285000 95000 149987 -13.2084
290000 95000 149988 -12.0922
285000 100000 149989 -10.6627
290000 100000 149988 -11.6453
290000 90000 149987 -13.3266
295000 90000 149987 -13.364
290000 95000 149988 -12.0922
295000 95000 149988 -12.0104
295000 90000 149987 -13.364
300000 90000 149987 -13.3825
295000 95000 149988 -12.0104
300000 95000 149987 -13.3925
290000 95000 149988 -12.0922
295000 95000 149988 -12.0104
290000 100000 149988 -11.6453
295000 100000 149988 -11.8278
295000 95000 149988 -12.0104
300000 95000 149987 -13.3925
295000 100000 149988 -11.8278
300000 100000 149987 -13.4047
160000 100000 150001 0.752087
165000 100000 149991 -8.52943
160000 105000 150002 2.40806
165000 105000 149996 -4.36076
165000 100000 149991 -8.52943
170000 100000 149983 -16.8764
165000 105000 149996 -4.36076
170000 105000 149988 -11.9419
160000 105000 150002 2.40806
165000 105000 149996 -4.36076
160000 110000 150007 6.68823
165000 110000 149997 -2.79162
165000 105000 149996 -4.36076
170000 105000 149988 -11.9419
165000 110000 149997 -2.79162
170000 110000 149994 -5.5334
170000 100000 149983 -16.8764
175000 100000 149988 -12.2244
170000 105000 149988 -11.9419
175000 105000 149993 -7.15334
175000 100000 149988 -12.2244
180000 100000 149999 -0.881255
175000 105000 149993 -7.15334
180000 105000 149999 -1.37335
170000 105000 149988 -11.9419
175000 105000 149993 -7.15334
170000 110000 149994 -5.5334
175000 110000 149997 -2.50708
175000 105000 149993 -7.15334
180000 105000 149999 -1.37335
175000 110000 149997 -2.50708
180000 110000 150000 0.26644
180000 100000 149999 -0.881255
185000 100000 150015 14.548
180000 105000 149999 -1.37335
185000 105000 150010 10.4783
185000 100000 150015 14.548
190000 100000 150016 16.2934
185000 105000 150010 10.4783
190000 105000 150014 13.5385
180000 105000 149999 -1.37335
185000 105000 150010 10.4783
180000 110000 150000 0.26644
185000 110000 150006 5.73295
185000 105000 150010 10.4783
190000 105000 150014 13.5385
185000 110000 150006 5.73295
190000 110000 150010 9.62169
190000 100000 150016 16.2934
195000 100000 150015 15.127
190000 105000 150014 13.5385
195000 105000 150015 14.9042
195000 100000 150015 15.127
200000 100000 150013 13.2351
195000 105000 150015 14.9042
200000 105000 150013 12.5192
190000 105000 150014 13.5385
195000 105000 150015 14.9042
190000 110000 150010 9.62169
195000 110000 150010 9.88973
195000 105000 150015 14.9042
200000 105000 150013 12.5192
195000 110000 150010 9.88973
200000 110000 150009 9.21895
200000 100000 150013 13.2351
205000 100000 150010 10.4911
200000 105000 150013 12.5192
205000 105000 150008 8.11811
205000 100000 150010 10.4911
210000 100000 150009 8.77445
205000 105000 150008 8.11811
210000 105000 150007 7.12613
200000 105000 150013 12.5192
205000 105000 150008 8.11811
200000 110000 150009 9.21895
205000 110000 150009 8.54391
205000 105000 150008 8.11811
210000 105000 150007 7.12613
205000 110000 150009 8.54391
210000 110000 150007 6.78478
210000 100000 150009 8.77445
215000 100000 150009 8.70246
210000 105000 150007 7.12613
215000 105000 150007 6.76725
215000 100000 150009 8.70246
220000 100000 150004 4.10551
215000 105000 150007 6.76725
220000 105000 150006 5.73434
210000 105000 150007 7.12613
215000 105000 150007 6.76725
210000 110000 150007 6.78478
215000 110000 150006 5.59895
215000 105000 150007 6.76725
220000 105000 150006 5.73434
215000 110000 150006 5.59895
220000 110000 150005 5.17467
220000 100000 150004 4.10551
225000 100000 150003 2.60386
220000 105000 150006 5.73434
225000 105000 150006 5.60159
225000 100000 150003 2.60386
230000 100000 150001 0.665477
225000 105000 150006 5.60159
230000 105000 150001 1.12009
220000 105000 150006 5.73434
225000 105000 150006 5.60159
220000 110000 150005 5.17467
225000 110000 150002 1.8916
225000 105000 150006 5.60159
230000 105000 150001 1.12009
225000 110000 150002 1.8916
230000 110000 150000 0.136365
230000 100000 150001 0.665477
235000 100000 150000 0.31516
230000 105000 150001 1.12009
235000 105000 149997 -2.64799
235000 100000 150000 0.31516
240000 100000 149995 -4.77226
235000 105000 149997 -2.64799
240000 105000 149997 -3.07997
230000 105000 150001 1.12009
235000 105000 149997 -2.64799
230000 110000 150000 0.136365
235000 110000 150000 0.299488
235000 105000 149997 -2.64799
240000 105000 149997 -3.07997
235000 110000 150000 0.299488
240000 110000 149995 -4.84163
240000 100000 149995 -4.77226
245000 100000 149994 -6.05378
240000 105000 149997 -3.07997
245000 105000 149996 -3.55473
245000 100000 149994 -6.05378
250000 100000 149995 -5.35112
245000 105000 149996 -3.55473
250000 105000 149995 -5.25245
240000 105000 149997 -3.07997
245000 105000 149996 -3.55473
240000 110000 149995 -4.84163
245000 110000 149996 -4.45608
245000 105000 149996 -3.55473
250000 105000 149995 -5.25245
245000 110000 149996 -4.45608
250000 110000 149994 -6.39838
250000 100000 149995 -5.35112
255000 100000 149992 -7.76827
250000 105000 149995 -5.25245
255000 105000 149994 -5.98898
255000 100000 149992 -7.76827
260000 100000 149991 -9.32351
255000 105000 149994 -5.98898
260000 105000 149993 -6.53175
250000 105000 149995 -5.25245
255000 105000 149994 -5.98898
250000 110000 149994 -6.39838
255000 110000 149993 -7.3169
255000 105000 149994 -5.98898
260000 105000 149993 -6.53175
255000 110000 149993 -7.3169
260000 110000 149993 -7.32683
260000 100000 149991 -9.32351
265000 100000 149992 -7.92511
260000 105000 149993 -6.53175
265000 105000 149992 -8.14849
265000 100000 149992 -7.92511
270000 100000 149991 -9.26456
265000 105000 149992 -8.14849
270000 105000 149988 -11.891
260000 105000 149993 -6.53175
265000 105000 149992 -8.14849
260000 110000 149993 -7.32683
265000 110000 149992 -7.76127
265000 105000 149992 -8.14849
270000 105000 149988 -11.891
265000 110000 149992 -7.76127
270000 110000 149988 -11.5955
270000 100000 149991 -9.26456
275000 100000 149989 -11.4189
270000 105000 149988 -11.891
275000 105000 149990 -10.2819
275000 100000 149989 -11.4189
280000 100000 149987 -13.0682
275000 105000 149990 -10.2819
280000 105000 149987 -13.1126
270000 105000 149988 -11.891
275000 105000 149990 -10.2819
270000 110000 149988 -11.5955
275000 110000 149988 -11.6596
275000 105000 149990 -10.2819
280000 105000 149987 -13.1126
275000 110000 149988 -11.6596
280000 110000 149989 -11.0915
280000 100000 149987 -13.0682
285000 100000 149989 -10.6627
280000 105000 149987 -13.1126
285000 105000 149987 -12.64
285000 100000 149989 -10.6627
290000 100000 149988 -11.6453
285000 105000 149987 -12.64
290000 105000 149989 -11.3387
280000 105000 149987 -13.1126
285000 105000 149987 -12.64
280000 110000 149989 -11.0915
285000 110000 149988 -11.5171
285000 105000 149987 -12.64
290000 105000 149989 -11.3387
285000 110000 149988 -11.5171
290000 110000 149988 -11.8062
290000 100000 149988 -11.6453
295000 100000 149988 -11.8278
290000 105000 149989 -11.3387
295000 105000 149989 -10.9552
295000 100000 149988 -11.8278
300000 100000 149987 -13.4047
295000 105000 149989 -10.9552
300000 105000 149987 -13.4034
290000 105000 149989 -11.3387
295000 105000 149989 -10.9552
290000 110000 149988 -11.8062
295000 110000 149988 -12.3621
295000 105000 149989 -10.9552
300000 105000 149987 -13.4034
295000 110000 149988 -12.3621
300000 110000 149988 -11.8415
160000 110000 150007 6.68823
165000 110000 149997 -2.79162
160000 115000 150001 1.37157
165000 115000 149998 -1.86085
165000 110000 149997 -2.79162
170000 110000 149994 -5.5334
165000 115000 149998 -1.86085
170000 115000 149996 -3.68432
160000 115000 150001 1.37157
165000 115000 149998 -1.86085
160000 120000 150007 6.80531
165000 120000 150004 3.67508
165000 115000 149998 -1.86085
170000 115000 149996 -3.68432
165000 120000 150004 3.67508
170000 120000 149998 -1.61197
170000 110000 149994 -5.5334
175000 110000 149997 -2.50708
170000 115000 149996 -3.68432
175000 115000 149998 -2.25511
175000 110000 149997 -2.50708
180000 110000 150000 0.26644
175000 115000 149998 -2.25511
180000 115000 149999 -0.660814
170000 115000 149996 -3.68432
175000 115000 149998 -2.25511
170000 120000 149998 -1.61197
175000 120000 150001 0.510429
175000 115000 149998 -2.25511
180000 115000 149999 -0.660814
175000 120000 150001 0.510429
180000 120000 149999 -0.687024
180000 110000 150000 0.26644
185000 110000 150006 5.73295
180000 115000 149999 -0.660814
185000 115000 150003 3.13936
185000 110000 150006 5.73295
190000 110000 150010 9.62169
185000 115000 150003 3.13936
190000 115000 150011 10.7689
180000 115000 149999 -0.660814
185000 115000 150003 3.13936
180000 120000 149999 -0.687024
185000 120000 150003 2.74059
185000 115000 150003 3.13936
190000 115000 150011 10.7689
185000 120000 150003 2.74059
190000 120000 150008 8.46468
190000 110000 150010 9.62169
195000 110000 150010 9.88973
190000 115000 150011 10.7689
195000 115000 150008 7.77245
195000 110000 150010 9.88973
200000 110000 150009 9.21895
195000 115000 150008 7.77245
200000 115000 150008 7.79069
190000 115000 150011 10.7689
195000 115000 150008 7.77245
190000 120000 150008 8.46468
195000 120000 150009 9.05956
195000 115000 150008 7.77245
200000 115000 150008 7.79069
195000 120000 150009 9.05956
200000 120000 150008 8.04506
200000 110000 150009 9.21895
205000 110000 150009 8.54391
200000 115000 150008 7.79069
205000 115000 150010 9.83909
205000 110000 150009 8.54391
210000 110000 150007 6.78478
205000 115000 150010 9.83909
210000 115000 150011 11.4741
200000 115000 150008 7.79069
205000 115000 150010 9.83909
200000 120000 150008 8.04506
205000 120000 150009 9.36646
205000 115000 150010 9.83909
210000 115000 150011 11.4741
205000 120000 150009 9.36646
210000 120000 150009 9.42978
210000 110000 150007 6.78478
215000 110000 150006 5.59895
210000 115000 150011 11.4741
215000 115000 150006 5.77142
215000 110000 150006 5.59895
220000 110000 150005 5.17467
215000 115000 150006 5.77142
220000 115000 150007 6.67733
210000 115000 150011 11.4741
215000 115000 150006 5.77142
210000 120000 150009 9.42978
215000 120000 150008 7.87044
215000 115000 150006 5.77142
220000 115000 150007 6.67733
215000 120000 150008 7.87044
220000 120000 150004 4.0557
220000 110000 150005 5.17467
225000 110000 150002 1.8916
220000 115000 150007 6.67733
225000 115000 150002 2.43716
225000 110000 150002 1.8916
230000 110000 150000 0.136365
225000 115000 150002 2.43716
230000 115000 149999 -1.4641
220000 115000 150007 6.67733
225000 115000 150002 2.43716
220000 120000 150004 4.0557
225000 120000 150005 4.88866
225000 115000 150002 2.43716
230000 115000 149999 -1.4641
225000 120000 150005 4.88866
230000 120000 149999 -1.01544
230000 110000 150000 0.136365
235000 110000 150000 0.299488
230000 115000 149999 -1.4641
235000 115000 149997 -3.29089
235000 110000 150000 0.299488
240000 110000 149995 -4.84163
235000 115000 149997 -3.29089
240000 115000 150000 -0.0521628
230000 115000 149999 -1.4641
235000 115000 149997 -3.29089
230000 120000 149999 -1.01544
235000 120000 150000 0.233905
235000 115000 149997 -3.29089
240000 115000 150000 -0.0521628
235000 120000 150000 0.233905
240000 120000 149999 -1.35529
240000 110000 149995 -4.84163
245000 110000 149996 -4.45608
240000 115000 150000 -0.0521628
245000 115000 149995 -4.90413
245000 110000 149996 -4.45608
250000 110000 149994 -6.39838
245000 115000 149995 -4.90413
250000 115000 149995 -4.97755
240000 115000 150000 -0.0521628
245000 115000 149995 -4.90413
240000 120000 149999 -1.35529
245000 120000 149995 -4.80483
245000 115000 149995 -4.90413
250000 115000 149995 -4.97755
245000 120000 149995 -4.80483
250000 120000 149996 -3.537
250000 110000 149994 -6.39838
255000 110000 149993 -7.3169
250000 115000 149995 -4.97755
255000 115000 149991 -8.5917
255000 110000 149993 -7.3169
260000 110000 149993 -7.32683
255000 115000 149991 -8.5917
260000 115000 149991 -8.54713
250000 115000 149995 -4.97755
255000 115000 149991 -8.5917
250000 120000 149996 -3.537
255000 120000 149991 -8.62378
255000 115000 149991 -8.5917
260000 115000 149991 -8.54713
255000 120000 149991 -8.62378
260000 120000 149994 -5.97801
260000 110000 149993 -7.32683
265000 110000 149992 -7.76127
260000 115000 149991 -8.54713
265000 115000 149990 -10.323
265000 110000 149992 -7.76127
270000 110000 149988 -11.5955
265000 115000 149990 -10.323
270000 115000 149991 -8.56232
260000 115000 149991 -8.54713
265000 115000 149990 -10.323
260000 120000 149994 -5.97801
265000 120000 149989 -11.0862
265000 115000 149990 -10.323
270000 115000 149991 -8.56232
265000 120000 149989 -11.0862
270000 120000 149989 -10.7497
270000 110000 149988 -11.5955
275000 110000 149988 -11.6596
270000 115000 149991 -8.56232
275000 115000 149989 -10.5407
275000 110000 149988 -11.6596
280000 110000 149989 -11.0915
275000 115000 149989 -10.5407
280000 115000 149988 -11.527
270000 115000 149991 -8.56232
275000 115000 149989 -10.5407
270000 120000 149989 -10.7497
275000 120000 149988 -12.053
275000 115000 149989 -10.5407
280000 115000 149988 -11.527
275000 120000 149988 -12.053
280000 120000 149990 -10.3822
280000 110000 149989 -11.0915
285000 110000 149988 -11.5171
280000 115000 149988 -11.527
285000 115000 149987 -13.209
285000 110000 149988 -11.5171
290000 110000 149988 -11.8062
285000 115000 149987 -13.209
290000 115000 149987 -12.7552
280000 115000 149988 -11.527
285000 115000 149987 -13.209
280000 120000 149990 -10.3822
285000 120000 149987 -13.2403
285000 115000 149987 -13.209
290000 115000 149987 -12.7552
285000 120000 149987 -13.2403
290000 120000 149987 -13.3705
290000 110000 149988 -11.8062
295000 110000 149988 -12.3621
290000 115000 149987 -12.7552
295000 115000 149987 -13.3656
295000 110000 149988 -12.3621
300000 110000 149988 -11.8415
295000 115000 149987 -13.3656
300000 115000 149989 -10.9492
290000 115000 149987 -12.7552
295000 115000 149987 -13.3656
290000 120000 149987 -13.3705
295000 120000 149987 -13.4163
295000 115000 149987 -13.3656
300000 115000 149989 -10.9492
295000 120000 149987 -13.4163
300000 120000 149988 -11.6811
