# x y z topography
0 0 149989 -10.9032
5000 0 149990 -10.3612
0 5000 149989 -10.9832
5000 5000 149990 -10.2915
5000 0 149990 -10.3612
10000 0 149990 -9.57412
5000 5000 149990 -10.2915
10000 5000 149990 -9.60973
0 5000 149989 -10.9832
5000 5000 149990 -10.2915
0 10000 149990 -10.4443
5000 10000 149990 -9.97594
5000 5000 149990 -10.2915
10000 5000 149990 -9.60973
5000 10000 149990 -9.97594
10000 10000 149991 -9.482
10000 0 149990 -9.57412
15000 0 149991 -9.4812
10000 5000 149990 -9.60973
15000 5000 149991 -9.13704
15000 0 149991 -9.4812
20000 0 149991 -9.41019
15000 5000 149991 -9.13704
20000 5000 149991 -9.43735
10000 5000 149990 -9.60973
15000 5000 149991 -9.13704
10000 10000 149991 -9.482
15000 10000 149991 -9.47229
15000 5000 149991 -9.13704
20000 5000 149991 -9.43735
15000 10000 149991 -9.47229
20000 10000 149991 -9.48664
20000 0 149991 -9.41019
25000 0 149991 -9.29577
20000 5000 149991 -9.43735
25000 5000 149991 -9.35592
25000 0 149991 -9.29577
30000 0 149991 -9.05621
25000 5000 149991 -9.35592
30000 5000 149991 -9.022
20000 5000 149991 -9.43735
25000 5000 149991 -9.35592
20000 10000 149991 -9.48664
25000 10000 149991 -9.44958
25000 5000 149991 -9.35592
30000 5000 149991 -9.022
25000 10000 149991 -9.44958
30000 10000 149991 -8.94691
30000 0 149991 -9.05621
35000 0 149992 -8.02063
30000 5000 149991 -9.022
35000 5000 149991 -8.52745
35000 0 149992 -8.02063
40000 0 149992 -7.73713
35000 5000 149991 -8.52745
40000 5000 149992 -7.82976
30000 5000 149991 -9.022
35000 5000 149991 -8.52745
30000 10000 149991 -8.94691
35000 10000 149991 -8.53165
35000 5000 149991 -8.52745
40000 5000 149992 -7.82976
35000 10000 149991 -8.53165
40000 10000 149992 -7.87007
40000 0 149992 -7.73713
45000 0 149993 -7.02677
40000 5000 149992 -7.82976
45000 5000 149993 -7.2024
45000 0 149993 -7.02677
50000 0 149995 -4.78677
45000 5000 149993 -7.2024
50000 5000 149995 -5.35174
40000 5000 149992 -7.82976
45000 5000 149993 -7.2024
40000 10000 149992 -7.87007
45000 10000 149993 -7.31188
45000 5000 149993 -7.2024
50000 5000 149995 -5.35174
45000 10000 149993 -7.31188
50000 10000 149993 -6.68183
50000 0 149995 -4.78677
55000 0 149999 -1.26077
50000 5000 149995 -5.35174
55000 5000 149996 -3.5358
55000 0 149999 -1.26077
60000 0 150003 2.7066
55000 5000 149996 -3.5358
60000 5000 150000 0.347299
50000 5000 149995 -5.35174
55000 5000 149996 -3.5358
50000 10000 149993 -6.68183
55000 10000 149994 -5.5217
55000 5000 149996 -3.5358
60000 5000 150000 0.347299
55000 10000 149994 -5.5217
60000 10000 149996 -3.56282
60000 0 150003 2.7066
65000 0 150006 6.27609
60000 5000 150000 0.347299
65000 5000 150006 5.98177
65000 0 150006 6.27609
70000 0 150011 10.644
65000 5000 150006 5.98177
70000 5000 150010 10.1925
60000 5000 150000 0.347299
65000 5000 150006 5.98177
60000 10000 149996 -3.56282
65000 10000 149999 -0.589877
65000 5000 150006 5.98177
70000 5000 150010 10.1925
65000 10000 149999 -0.589877
70000 10000 150004 4.13182
70000 0 150011 10.644
75000 0 150015 14.8775
70000 5000 150010 10.1925
75000 5000 150014 13.5585
75000 0 150015 14.8775
80000 0 150020 20.1619
75000 5000 150014 13.5585
80000 5000 150019 19.2423
70000 5000 150010 10.1925
75000 5000 150014 13.5585
70000 10000 150004 4.13182
75000 10000 150013 12.6644
75000 5000 150014 13.5585
80000 5000 150019 19.2423
75000 10000 150013 12.6644
80000 10000 150017 16.523
0 10000 149990 -10.4443
5000 10000 149990 -9.97594
0 15000 149990 -10.4839
5000 15000 149990 -9.9243
5000 10000 149990 -9.97594
10000 10000 149991 -9.482
5000 15000 149990 -9.9243
10000 15000 149990 -9.65956
0 15000 149990 -10.4839
5000 15000 149990 -9.9243
0 20000 149990 -10.3099
5000 20000 149990 -9.99316
5000 15000 149990 -9.9243
10000 15000 149990 -9.65956
5000 20000 149990 -9.99316
10000 20000 149990 -9.84352
10000 10000 149991 -9.482
15000 10000 149991 -9.47229
10000 15000 149990 -9.65956
15000 15000 149990 -9.70194
15000 10000 149991 -9.47229
20000 10000 149991 -9.48664
15000 15000 149990 -9.70194
20000 15000 149990 -9.60852
10000 15000 149990 -9.65956
15000 15000 149990 -9.70194
10000 20000 149990 -9.84352
15000 20000 149990 -9.72449
15000 15000 149990 -9.70194
20000 15000 149990 -9.60852
15000 20000 149990 -9.72449
20000 20000 149990 -9.64006
20000 10000 149991 -9.48664
25000 10000 149991 -9.44958
20000 15000 149990 -9.60852
25000 15000 149990 -9.58772
25000 10000 149991 -9.44958
30000 10000 149991 -8.94691
25000 15000 149990 -9.58772
30000 15000 149991 -9.20954
20000 15000 149990 -9.60852
25000 15000 149990 -9.58772
20000 20000 149990 -9.64006
25000 20000 149990 -9.69044
25000 15000 149990 -9.58772
30000 15000 149991 -9.20954
25000 20000 149990 -9.69044
30000 20000 149991 -9.36501
30000 10000 149991 -8.94691
35000 10000 149991 -8.53165
30000 15000 149991 -9.20954
35000 15000 149992 -8.02585
35000 10000 149991 -8.53165
40000 10000 149992 -7.87007
35000 15000 149992 -8.02585
40000 15000 149992 -7.72773
30000 15000 149991 -9.20954
35000 15000 149992 -8.02585
30000 20000 149991 -9.36501
35000 20000 149991 -8.58158
35000 15000 149992 -8.02585
40000 15000 149992 -7.72773
35000 20000 149991 -8.58158
40000 20000 149993 -7.39903
40000 10000 149992 -7.87007
45000 10000 149993 -7.31188
40000 15000 149992 -7.72773
45000 15000 149993 -7.17284
45000 10000 149993 -7.31188
50000 10000 149993 -6.68183
45000 15000 149993 -7.17284
50000 15000 149995 -5.16625
40000 15000 149992 -7.72773
45000 15000 149993 -7.17284
40000 20000 149993 -7.39903
45000 20000 149993 -7.31672
45000 15000 149993 -7.17284
50000 15000 149995 -5.16625
45000 20000 149993 -7.31672
50000 20000 149993 -6.7582
50000 10000 149993 -6.68183
55000 10000 149994 -5.5217
50000 15000 149995 -5.16625
55000 15000 149997 -3.25583
55000 10000 149994 -5.5217
60000 10000 149996 -3.56282
55000 15000 149997 -3.25583
60000 15000 150000 0.451471
50000 15000 149995 -5.16625
55000 15000 149997 -3.25583
50000 20000 149993 -6.7582
55000 20000 149994 -5.80178
55000 15000 149997 -3.25583
60000 15000 150000 0.451471
55000 20000 149994 -5.80178
60000 20000 149998 -2.31871
60000 10000 149996 -3.56282
65000 10000 149999 -0.589877
60000 15000 150000 0.451471
65000 15000 150004 3.73071
65000 10000 149999 -0.589877
70000 10000 150004 4.13182
65000 15000 150004 3.73071
70000 15000 150004 4.17573
60000 15000 150000 0.451471
65000 15000 150004 3.73071
60000 20000 149998 -2.31871
65000 20000 150004 3.82894
65000 15000 150004 3.73071
70000 15000 150004 4.17573
65000 20000 150004 3.82894
70000 20000 150009 9.17969
70000 10000 150004 4.13182
75000 10000 150013 12.6644
70000 15000 150004 4.17573
75000 15000 150012 12.4367
75000 10000 150013 12.6644
80000 10000 150017 16.523
75000 15000 150012 12.4367
80000 15000 150017 16.5184
70000 15000 150004 4.17573
75000 15000 150012 12.4367
70000 20000 150009 9.17969
75000 20000 150014 13.6018
75000 15000 150012 12.4367
80000 15000 150017 16.5184
75000 20000 150014 13.6018
80000 20000 150019 19.3493
0 20000 149990 -10.3099
5000 20000 149990 -9.99316
0 25000 149990 -10.4494
5000 25000 149990 -10.0289
5000 20000 149990 -9.99316
10000 20000 149990 -9.84352
5000 25000 149990 -10.0289
10000 25000 149990 -9.64885
0 25000 149990 -10.4494
5000 25000 149990 -10.0289
0 30000 149990 -10.2125
5000 30000 149990 -10.133
5000 25000 149990 -10.0289
10000 25000 149990 -9.64885
5000 30000 149990 -10.133
10000 30000 149990 -10.0944
10000 20000 149990 -9.84352
15000 20000 149990 -9.72449
10000 25000 149990 -9.64885
15000 25000 149990 -9.81021
15000 20000 149990 -9.72449
20000 20000 149990 -9.64006
15000 25000 149990 -9.81021
20000 25000 149990 -9.97052
10000 25000 149990 -9.64885
15000 25000 149990 -9.81021
10000 30000 149990 -10.0944
15000 30000 149990 -10.093
15000 25000 149990 -9.81021
20000 25000 149990 -9.97052
15000 30000 149990 -10.093
20000 30000 149990 -9.87204
20000 20000 149990 -9.64006
25000 20000 149990 -9.69044
20000 25000 149990 -9.97052
25000 25000 149990 -9.78272
25000 20000 149990 -9.69044
30000 20000 149991 -9.36501
25000 25000 149990 -9.78272
30000 25000 149991 -9.39592
20000 25000 149990 -9.97052
25000 25000 149990 -9.78272
20000 30000 149990 -9.87204
25000 30000 149990 -9.74125
25000 25000 149990 -9.78272
30000 25000 149991 -9.39592
25000 30000 149990 -9.74125
30000 30000 149990 -9.69737
30000 20000 149991 -9.36501
35000 20000 149991 -8.58158
30000 25000 149991 -9.39592
35000 25000 149991 -8.75953
35000 20000 149991 -8.58158
40000 20000 149993 -7.39903
35000 25000 149991 -8.75953
40000 25000 149992 -7.5155
30000 25000 149991 -9.39592
35000 25000 149991 -8.75953
30000 30000 149990 -9.69737
35000 30000 149991 -9.0662
35000 25000 149991 -8.75953
40000 25000 149992 -7.5155
35000 30000 149991 -9.0662
40000 30000 149992 -7.72157
40000 20000 149993 -7.39903
45000 20000 149993 -7.31672
40000 25000 149992 -7.5155
45000 25000 149994 -6.21805
45000 20000 149993 -7.31672
50000 20000 149993 -6.7582
45000 25000 149994 -6.21805
50000 25000 149995 -5.11481
40000 25000 149992 -7.5155
45000 25000 149994 -6.21805
40000 30000 149992 -7.72157
45000 30000 149993 -6.7517
45000 25000 149994 -6.21805
50000 25000 149995 -5.11481
45000 30000 149993 -6.7517
50000 30000 149995 -4.93212
50000 20000 149993 -6.7582
55000 20000 149994 -5.80178
50000 25000 149995 -5.11481
55000 25000 149997 -3.24025
55000 20000 149994 -5.80178
60000 20000 149998 -2.31871
55000 25000 149997 -3.24025
60000 25000 149999 -1.14062
50000 25000 149995 -5.11481
55000 25000 149997 -3.24025
50000 30000 149995 -4.93212
55000 30000 149997 -3.10379
55000 25000 149997 -3.24025
60000 25000 149999 -1.14062
55000 30000 149997 -3.10379
60000 30000 150000 -0.487834
60000 20000 149998 -2.31871
65000 20000 150004 3.82894
60000 25000 149999 -1.14062
65000 25000 150002 2.10602
65000 20000 150004 3.82894
70000 20000 150009 9.17969
65000 25000 150002 2.10602
70000 25000 150005 4.93558
60000 25000 149999 -1.14062
65000 25000 150002 2.10602
60000 30000 150000 -0.487834
65000 30000 150000 0.33971
65000 25000 150002 2.10602
70000 25000 150005 4.93558
65000 30000 150000 0.33971
70000 30000 150005 4.83212
70000 20000 150009 9.17969
75000 20000 150014 13.6018
70000 25000 150005 4.93558
75000 25000 150011 10.642
75000 20000 150014 13.6018
80000 20000 150019 19.3493
75000 25000 150011 10.642
80000 25000 150017 17.4104
70000 25000 150005 4.93558
75000 25000 150011 10.642
70000 30000 150005 4.83212
75000 30000 150010 10.2719
75000 25000 150011 10.642
80000 25000 150017 17.4104
75000 30000 150010 10.2719
80000 30000 150015 15.1944
0 30000 149990 -10.2125
5000 30000 149990 -10.133
0 35000 149990 -10.2112
5000 35000 149990 -10.3314
5000 30000 149990 -10.133
10000 30000 149990 -10.0944
5000 35000 149990 -10.3314
10000 35000 149990 -10.3373
0 35000 149990 -10.2112
5000 35000 149990 -10.3314
0 40000 149990 -10.4797
5000 40000 149989 -10.666
5000 35000 149990 -10.3314
10000 35000 149990 -10.3373
5000 40000 149989 -10.666
10000 40000 149990 -10.3584
10000 30000 149990 -10.0944
15000 30000 149990 -10.093
10000 35000 149990 -10.3373
15000 35000 149990 -10.2549
15000 30000 149990 -10.093
20000 30000 149990 -9.87204
15000 35000 149990 -10.2549
20000 35000 149990 -10.1631
10000 35000 149990 -10.3373
15000 35000 149990 -10.2549
10000 40000 149990 -10.3584
15000 40000 149990 -10.4782
15000 35000 149990 -10.2549
20000 35000 149990 -10.1631
15000 40000 149990 -10.4782
20000 40000 149990 -10.2501
20000 30000 149990 -9.87204
25000 30000 149990 -9.74125
20000 35000 149990 -10.1631
25000 35000 149990 -9.81301
25000 30000 149990 -9.74125
30000 30000 149990 -9.69737
25000 35000 149990 -9.81301
30000 35000 149990 -9.84018
20000 35000 149990 -10.1631
25000 35000 149990 -9.81301
20000 40000 149990 -10.2501
25000 40000 149990 -10.2606
25000 35000 149990 -9.81301
30000 35000 149990 -9.84018
25000 40000 149990 -10.2606
30000 40000 149990 -9.97097
30000 30000 149990 -9.69737
35000 30000 149991 -9.0662
30000 35000 149990 -9.84018
35000 35000 149991 -9.48399
35000 30000 149991 -9.0662
40000 30000 149992 -7.72157
35000 35000 149991 -9.48399
40000 35000 149992 -8.33598
30000 35000 149990 -9.84018
35000 35000 149991 -9.48399
30000 40000 149990 -9.97097
35000 40000 149990 -9.64484
35000 35000 149991 -9.48399
40000 35000 149992 -8.33598
35000 40000 149990 -9.64484
40000 40000 149991 -8.52351
40000 30000 149992 -7.72157
45000 30000 149993 -6.7517
40000 35000 149992 -8.33598
45000 35000 149993 -6.73067
45000 30000 149993 -6.7517
50000 30000 149995 -4.93212
45000 35000 149993 -6.73067
50000 35000 149994 -6.16537
40000 35000 149992 -8.33598
45000 35000 149993 -6.73067
40000 40000 149991 -8.52351
45000 40000 149992 -7.66528
45000 35000 149993 -6.73067
50000 35000 149994 -6.16537
45000 40000 149992 -7.66528
50000 40000 149994 -6.36605
50000 30000 149995 -4.93212
55000 30000 149997 -3.10379
50000 35000 149994 -6.16537
55000 35000 149996 -4.29305
55000 30000 149997 -3.10379
60000 30000 150000 -0.487834
55000 35000 149996 -4.29305
60000 35000 149999 -1.33887
50000 35000 149994 -6.16537
55000 35000 149996 -4.29305
50000 40000 149994 -6.36605
55000 40000 149995 -4.8778
55000 35000 149996 -4.29305
60000 35000 149999 -1.33887
55000 40000 149995 -4.8778
60000 40000 149998 -2.26511
60000 30000 150000 -0.487834
65000 30000 150000 0.33971
60000 35000 149999 -1.33887
65000 35000 150003 2.84153
65000 30000 150000 0.33971
70000 30000 150005 4.83212
65000 35000 150003 2.84153
70000 35000 150004 3.76559
60000 35000 149999 -1.33887
65000 35000 150003 2.84153
60000 40000 149998 -2.26511
65000 40000 150001 0.7777
65000 35000 150003 2.84153
70000 35000 150004 3.76559
65000 40000 150001 0.7777
70000 40000 150004 4.42029
70000 30000 150005 4.83212
75000 30000 150010 10.2719
70000 35000 150004 3.76559
75000 35000 150009 9.15779
75000 30000 150010 10.2719
80000 30000 150015 15.1944
75000 35000 150009 9.15779
80000 35000 150016 15.9473
70000 35000 150004 3.76559
75000 35000 150009 9.15779
70000 40000 150004 4.42029
75000 40000 150010 9.76166
75000 35000 150009 9.15779
80000 35000 150016 15.9473
75000 40000 150010 9.76166
80000 40000 150011 10.6299
0 40000 149990 -10.4797
5000 40000 149989 -10.666
0 45000 149989 -11.0235
5000 45000 149989 -10.5419
5000 40000 149989 -10.666
10000 40000 149990 -10.3584
5000 45000 149989 -10.5419
10000 45000 149989 -10.761
0 45000 149989 -11.0235
5000 45000 149989 -10.5419
0 50000 149989 -11.1262
5000 50000 149989 -11.0551
5000 45000 149989 -10.5419
10000 45000 149989 -10.761
5000 50000 149989 -11.0551
10000 50000 149989 -11.0983
10000 40000 149990 -10.3584
15000 40000 149990 -10.4782
10000 45000 149989 -10.761
15000 45000 149989 -10.7847
15000 40000 149990 -10.4782
20000 40000 149990 -10.2501
15000 45000 149989 -10.7847
20000 45000 149989 -10.7505
10000 45000 149989 -10.761
15000 45000 149989 -10.7847
10000 50000 149989 -11.0983
15000 50000 149989 -10.9007
15000 45000 149989 -10.7847
20000 45000 149989 -10.7505
15000 50000 149989 -10.9007
20000 50000 149989 -10.852
20000 40000 149990 -10.2501
25000 40000 149990 -10.2606
20000 45000 149989 -10.7505
25000 45000 149990 -10.1065
25000 40000 149990 -10.2606
30000 40000 149990 -9.97097
25000 45000 149990 -10.1065
30000 45000 149990 -9.95976
20000 45000 149989 -10.7505
25000 45000 149990 -10.1065
20000 50000 149989 -10.852
25000 50000 149989 -10.5072
25000 45000 149990 -10.1065
30000 45000 149990 -9.95976
25000 50000 149989 -10.5072
30000 50000 149990 -10.1795
30000 40000 149990 -9.97097
35000 40000 149990 -9.64484
30000 45000 149990 -9.95976
35000 45000 149990 -9.72134
35000 40000 149990 -9.64484
40000 40000 149991 -8.52351
35000 45000 149990 -9.72134
40000 45000 149991 -9.36447
30000 45000 149990 -9.95976
35000 45000 149990 -9.72134
30000 50000 149990 -10.1795
35000 50000 149990 -9.6975
35000 45000 149990 -9.72134
40000 45000 149991 -9.36447
35000 50000 149990 -9.6975
40000 50000 149991 -8.84799
40000 40000 149991 -8.52351
45000 40000 149992 -7.66528
40000 45000 149991 -9.36447
45000 45000 149992 -7.99749
45000 40000 149992 -7.66528
50000 40000 149994 -6.36605
45000 45000 149992 -7.99749
50000 45000 149993 -6.96897
40000 45000 149991 -9.36447
45000 45000 149992 -7.99749
40000 50000 149991 -8.84799
45000 50000 149993 -6.96914
45000 45000 149992 -7.99749
50000 45000 149993 -6.96897
45000 50000 149993 -6.96914
50000 50000 149994 -6.07496
50000 40000 149994 -6.36605
55000 40000 149995 -4.8778
50000 45000 149993 -6.96897
55000 45000 149996 -4.28173
55000 40000 149995 -4.8778
60000 40000 149998 -2.26511
55000 45000 149996 -4.28173
60000 45000 149997 -3.3916
50000 45000 149993 -6.96897
55000 45000 149996 -4.28173
50000 50000 149994 -6.07496
55000 50000 149995 -4.75247
55000 45000 149996 -4.28173
60000 45000 149997 -3.3916
55000 50000 149995 -4.75247
60000 50000 149998 -2.27102
60000 40000 149998 -2.26511
65000 40000 150001 0.7777
60000 45000 149997 -3.3916
65000 45000 150000 0.336843
65000 40000 150001 0.7777
70000 40000 150004 4.42029
65000 45000 150000 0.336843
70000 45000 150005 4.90898
60000 45000 149997 -3.3916
65000 45000 150000 0.336843
60000 50000 149998 -2.27102
65000 50000 150001 1.22924
65000 45000 150000 0.336843
70000 45000 150005 4.90898
65000 50000 150001 1.22924
70000 50000 150004 3.56883
70000 40000 150004 4.42029
75000 40000 150010 9.76166
70000 45000 150005 4.90898
75000 45000 150009 8.5666
75000 40000 150010 9.76166
80000 40000 150011 10.6299
75000 45000 150009 8.5666
80000 45000 150013 13.0212
70000 45000 150005 4.90898
75000 45000 150009 8.5666
70000 50000 150004 3.56883
75000 50000 150006 5.92178
75000 45000 150009 8.5666
80000 45000 150013 13.0212
75000 50000 150006 5.92178
80000 50000 150011 10.6165
0 50000 149989 -11.1262
5000 50000 149989 -11.0551
0 55000 149989 -11.0625
5000 55000 149989 -11.0897
5000 50000 149989 -11.0551
10000 50000 149989 -11.0983
5000 55000 149989 -11.0897
10000 55000 149989 -11.1863
0 55000 149989 -11.0625
5000 55000 149989 -11.0897
0 60000 149989 -10.9106
5000 60000 149990 -10.1671
5000 55000 149989 -11.0897
10000 55000 149989 -11.1863
5000 60000 149990 -10.1671
10000 60000 149990 -10.4649
10000 50000 149989 -11.0983
15000 50000 149989 -10.9007
10000 55000 149989 -11.1863
15000 55000 149989 -11.3199
15000 50000 149989 -10.9007
20000 50000 149989 -10.852
15000 55000 149989 -11.3199
20000 55000 149989 -11.3274
10000 55000 149989 -11.1863
15000 55000 149989 -11.3199
10000 60000 149990 -10.4649
15000 60000 149989 -11.1504
15000 55000 149989 -11.3199
20000 55000 149989 -11.3274
15000 60000 149989 -11.1504
20000 60000 149989 -11.376
20000 50000 149989 -10.852
25000 50000 149989 -10.5072
20000 55000 149989 -11.3274
25000 55000 149989 -11.1229
25000 50000 149989 -10.5072
30000 50000 149990 -10.1795
25000 55000 149989 -11.1229
30000 55000 149989 -10.6081
20000 55000 149989 -11.3274
25000 55000 149989 -11.1229
20000 60000 149989 -11.376
25000 60000 149988 -11.5359
25000 55000 149989 -11.1229
30000 55000 149989 -10.6081
25000 60000 149988 -11.5359
30000 60000 149989 -11.2583
30000 50000 149990 -10.1795
35000 50000 149990 -9.6975
30000 55000 149989 -10.6081
35000 55000 149990 -9.80061
35000 50000 149990 -9.6975
40000 50000 149991 -8.84799
35000 55000 149990 -9.80061
40000 55000 149991 -8.94581
30000 55000 149989 -10.6081
35000 55000 149990 -9.80061
30000 60000 149989 -11.2583
35000 60000 149989 -10.77
35000 55000 149990 -9.80061
40000 55000 149991 -8.94581
35000 60000 149989 -10.77
40000 60000 149990 -10.1733
40000 50000 149991 -8.84799
45000 50000 149993 -6.96914
40000 55000 149991 -8.94581
45000 55000 149992 -7.94977
45000 50000 149993 -6.96914
50000 50000 149994 -6.07496
45000 55000 149992 -7.94977
50000 55000 149993 -7.12388
40000 55000 149991 -8.94581
45000 55000 149992 -7.94977
40000 60000 149990 -10.1733
45000 60000 149991 -9.07396
45000 55000 149992 -7.94977
50000 55000 149993 -7.12388
45000 60000 149991 -9.07396
50000 60000 149992 -8.43331
50000 50000 149994 -6.07496
55000 50000 149995 -4.75247
50000 55000 149993 -7.12388
55000 55000 149994 -5.66483
55000 50000 149995 -4.75247
60000 50000 149998 -2.27102
55000 55000 149994 -5.66483
60000 55000 149997 -2.63881
50000 55000 149993 -7.12388
55000 55000 149994 -5.66483
50000 60000 149992 -8.43331
55000 60000 149994 -6.09344
55000 55000 149994 -5.66483
60000 55000 149997 -2.63881
55000 60000 149994 -6.09344
60000 60000 149995 -4.67324
60000 50000 149998 -2.27102
65000 50000 150001 1.22924
60000 55000 149997 -2.63881
65000 55000 149999 -0.863642
65000 50000 150001 1.22924
70000 50000 150004 3.56883
65000 55000 149999 -0.863642
70000 55000 149999 -0.737239
60000 55000 149997 -2.63881
65000 55000 149999 -0.863642
60000 60000 149995 -4.67324
65000 60000 149996 -4.03487
65000 55000 149999 -0.863642
70000 55000 149999 -0.737239
65000 60000 149996 -4.03487
70000 60000 150000 0.453532
70000 50000 150004 3.56883
75000 50000 150006 5.92178
70000 55000 149999 -0.737239
75000 55000 150006 5.75257
75000 50000 150006 5.92178
80000 50000 150011 10.6165
75000 55000 150006 5.75257
80000 55000 150007 7.38659
70000 55000 149999 -0.737239
75000 55000 150006 5.75257
70000 60000 150000 0.453532
75000 60000 150004 4.3794
75000 55000 150006 5.75257
80000 55000 150007 7.38659
75000 60000 150004 4.3794
80000 60000 150008 8.451
0 60000 149989 -10.9106
5000 60000 149990 -10.1671
0 65000 149989 -10.8995
5000 65000 149989 -10.7224
5000 60000 149990 -10.1671
10000 60000 149990 -10.4649
5000 65000 149989 -10.7224
10000 65000 149989 -11.1503
0 65000 149989 -10.8995
5000 65000 149989 -10.7224
0 70000 149989 -11.1959
5000 70000 149989 -10.9915
5000 65000 149989 -10.7224
10000 65000 149989 -11.1503
5000 70000 149989 -10.9915
10000 70000 149989 -11.4028
10000 60000 149990 -10.4649
15000 60000 149989 -11.1504
10000 65000 149989 -11.1503
15000 65000 149989 -11.4443
15000 60000 149989 -11.1504
20000 60000 149989 -11.376
15000 65000 149989 -11.4443
20000 65000 149988 -11.6276
10000 65000 149989 -11.1503
15000 65000 149989 -11.4443
10000 70000 149989 -11.4028
15000 70000 149988 -11.7304
15000 65000 149989 -11.4443
20000 65000 149988 -11.6276
15000 70000 149988 -11.7304
20000 70000 149988 -11.5947
20000 60000 149989 -11.376
25000 60000 149988 -11.5359
20000 65000 149988 -11.6276
25000 65000 149988 -11.7057
25000 60000 149988 -11.5359
30000 60000 149989 -11.2583
25000 65000 149988 -11.7057
30000 65000 149989 -11.4791
20000 65000 149988 -11.6276
25000 65000 149988 -11.7057
20000 70000 149988 -11.5947
25000 70000 149988 -11.863
25000 65000 149988 -11.7057
30000 65000 149989 -11.4791
25000 70000 149988 -11.863
30000 70000 149988 -11.6497
30000 60000 149989 -11.2583
35000 60000 149989 -10.77
30000 65000 149989 -11.4791
35000 65000 149989 -10.9804
35000 60000 149989 -10.77
40000 60000 149990 -10.1733
35000 65000 149989 -10.9804
40000 65000 149990 -10.3881
30000 65000 149989 -11.4791
35000 65000 149989 -10.9804
30000 70000 149988 -11.6497
35000 70000 149989 -11.0273
35000 65000 149989 -10.9804
40000 65000 149990 -10.3881
35000 70000 149989 -11.0273
40000 70000 149990 -10.0529
40000 60000 149990 -10.1733
45000 60000 149991 -9.07396
40000 65000 149990 -10.3881
45000 65000 149990 -9.66625
45000 60000 149991 -9.07396
50000 60000 149992 -8.43331
45000 65000 149990 -9.66625
50000 65000 149992 -8.47614
40000 65000 149990 -10.3881
45000 65000 149990 -9.66625
40000 70000 149990 -10.0529
45000 70000 149991 -9.41124
45000 65000 149990 -9.66625
50000 65000 149992 -8.47614
45000 70000 149991 -9.41124
50000 70000 149991 -8.57363
50000 60000 149992 -8.43331
55000 60000 149994 -6.09344
50000 65000 149992 -8.47614
55000 65000 149993 -6.55245
55000 60000 149994 -6.09344
60000 60000 149995 -4.67324
55000 65000 149993 -6.55245
60000 65000 149995 -4.90819
50000 65000 149992 -8.47614
55000 65000 149993 -6.55245
50000 70000 149991 -8.57363
55000 70000 149993 -7.23613
55000 65000 149993 -6.55245
60000 65000 149995 -4.90819
55000 70000 149993 -7.23613
60000 70000 149996 -4.00849
60000 60000 149995 -4.67324
65000 60000 149996 -4.03487
60000 65000 149995 -4.90819
65000 65000 149997 -3.03703
65000 60000 149996 -4.03487
70000 60000 150000 0.453532
65000 65000 149997 -3.03703
70000 65000 149998 -1.80916
60000 65000 149995 -4.90819
65000 65000 149997 -3.03703
60000 70000 149996 -4.00849
65000 70000 149998 -1.71474
65000 65000 149997 -3.03703
70000 65000 149998 -1.80916
65000 70000 149998 -1.71474
70000 70000 150001 0.547048
70000 60000 150000 0.453532
75000 60000 150004 4.3794
70000 65000 149998 -1.80916
75000 65000 150002 2.22708
75000 60000 150004 4.3794
80000 60000 150008 8.451
75000 65000 150002 2.22708
80000 65000 150007 6.68026
70000 65000 149998 -1.80916
75000 65000 150002 2.22708
70000 70000 150001 0.547048
75000 70000 150004 3.52176
75000 65000 150002 2.22708
80000 65000 150007 6.68026
75000 70000 150004 3.52176
80000 70000 150007 6.98915
0 70000 149989 -11.1959
5000 70000 149989 -10.9915
0 75000 149988 -11.7276
5000 75000 149988 -11.6952
5000 70000 149989 -10.9915
10000 70000 149989 -11.4028
5000 75000 149988 -11.6952
10000 75000 149988 -11.7497
0 75000 149988 -11.7276
5000 75000 149988 -11.6952
0 80000 149988 -11.7511
5000 80000 149988 -12.0034
5000 75000 149988 -11.6952
10000 75000 149988 -11.7497
5000 80000 149988 -12.0034
10000 80000 149988 -12.4719
10000 70000 149989 -11.4028
15000 70000 149988 -11.7304
10000 75000 149988 -11.7497
15000 75000 149988 -12.0629
15000 70000 149988 -11.7304
20000 70000 149988 -11.5947
15000 75000 149988 -12.0629
20000 75000 149988 -12.0825
10000 75000 149988 -11.7497
15000 75000 149988 -12.0629
10000 80000 149988 -12.4719
15000 80000 149988 -12.0773
15000 75000 149988 -12.0629
20000 75000 149988 -12.0825
15000 80000 149988 -12.0773
20000 80000 149988 -12.0666
20000 70000 149988 -11.5947
25000 70000 149988 -11.863
20000 75000 149988 -12.0825
25000 75000 149988 -12.0586
25000 70000 149988 -11.863
30000 70000 149988 -11.6497
25000 75000 149988 -12.0586
30000 75000 149988 -11.6496
20000 75000 149988 -12.0825
25000 75000 149988 -12.0586
20000 80000 149988 -12.0666
25000 80000 149988 -11.9904
25000 75000 149988 -12.0586
30000 75000 149988 -11.6496
25000 80000 149988 -11.9904
30000 80000 149988 -11.6607
30000 70000 149988 -11.6497
35000 70000 149989 -11.0273
30000 75000 149988 -11.6496
35000 75000 149989 -10.9262
35000 70000 149989 -11.0273
40000 70000 149990 -10.0529
35000 75000 149989 -10.9262
40000 75000 149989 -10.5701
30000 75000 149988 -11.6496
35000 75000 149989 -10.9262
30000 80000 149988 -11.6607
35000 80000 149989 -11.2602
35000 75000 149989 -10.9262
40000 75000 149989 -10.5701
35000 80000 149989 -11.2602
40000 80000 149989 -10.5523
40000 70000 149990 -10.0529
45000 70000 149991 -9.41124
40000 75000 149989 -10.5701
45000 75000 149990 -9.96188
45000 70000 149991 -9.41124
50000 70000 149991 -8.57363
45000 75000 149990 -9.96188
50000 75000 149991 -9.33593
40000 75000 149989 -10.5701
45000 75000 149990 -9.96188
40000 80000 149989 -10.5523
45000 80000 149990 -10.2605
45000 75000 149990 -9.96188
50000 75000 149991 -9.33593
45000 80000 149990 -10.2605
50000 80000 149990 -9.77029
50000 70000 149991 -8.57363
55000 70000 149993 -7.23613
50000 75000 149991 -9.33593
55000 75000 149992 -7.79679
55000 70000 149993 -7.23613
60000 70000 149996 -4.00849
55000 75000 149992 -7.79679
60000 75000 149994 -5.82991
50000 75000 149991 -9.33593
55000 75000 149992 -7.79679
50000 80000 149990 -9.77029
55000 80000 149992 -8.32308
55000 75000 149992 -7.79679
60000 75000 149994 -5.82991
55000 80000 149992 -8.32308
60000 80000 149992 -7.52537
60000 70000 149996 -4.00849
65000 70000 149998 -1.71474
60000 75000 149994 -5.82991
65000 75000 149996 -4.04153
65000 70000 149998 -1.71474
70000 70000 150001 0.547048
65000 75000 149996 -4.04153
70000 75000 149998 -1.63585
60000 75000 149994 -5.82991
65000 75000 149996 -4.04153
60000 80000 149992 -7.52537
65000 80000 149993 -6.97287
65000 75000 149996 -4.04153
70000 75000 149998 -1.63585
65000 80000 149993 -6.97287
70000 80000 149996 -4.38768
70000 70000 150001 0.547048
75000 70000 150004 3.52176
70000 75000 149998 -1.63585
75000 75000 150000 -0.0441008
75000 70000 150004 3.52176
80000 70000 150007 6.98915
75000 75000 150000 -0.0441008
80000 75000 150002 2.07717
70000 75000 149998 -1.63585
75000 75000 150000 -0.0441008
70000 80000 149996 -4.38768
75000 80000 149999 -1.0231
75000 75000 150000 -0.0441008
80000 75000 150002 2.07717
75000 80000 149999 -1.0231
80000 80000 150006 5.84452
80000 0 150020 20.1619
85000 0 150023 23.1275
80000 5000 150019 19.2423
85000 5000 150023 23.2731
85000 0 150023 23.1275
90000 0 150025 24.8495
85000 5000 150023 23.2731
90000 5000 150025 25.4718
80000 5000 150019 19.2423
85000 5000 150023 23.2731
80000 10000 150017 16.523
85000 10000 150021 20.9583
85000 5000 150023 23.2731
90000 5000 150025 25.4718
85000 10000 150021 20.9583
90000 10000 150024 23.7224
90000 0 150025 24.8495
95000 0 150023 23.4689
90000 5000 150025 25.4718
95000 5000 150024 23.9736
95000 0 150023 23.4689
100000 0 150018 18.3202
95000 5000 150024 23.9736
100000 5000 150018 18.0893
90000 5000 150025 25.4718
95000 5000 150024 23.9736
90000 10000 150024 23.7224
95000 10000 150024 24.1304
95000 5000 150024 23.9736
100000 5000 150018 18.0893
95000 10000 150024 24.1304
100000 10000 150019 18.9133
100000 0 150018 18.3202
105000 0 150008 7.72122
100000 5000 150018 18.0893
105000 5000 150002 1.8585
105000 0 150008 7.72122
110000 0 149992 -8.49573
105000 5000 150002 1.8585
110000 5000 149981 -19.2084
100000 5000 150018 18.0893
105000 5000 150002 1.8585
100000 10000 150019 18.9133
105000 10000 150011 11.1081
105000 5000 150002 1.8585
110000 5000 149981 -19.2084
105000 10000 150011 11.1081
110000 10000 149999 -0.779822
110000 0 149992 -8.49573
115000 0 149972 -28.2761
110000 5000 149981 -19.2084
115000 5000 149961 -38.6662
115000 0 149972 -28.2761
120000 0 149957 -43.4759
115000 5000 149961 -38.6662
120000 5000 149950 -50.4498
110000 5000 149981 -19.2084
115000 5000 149961 -38.6662
110000 10000 149999 -0.779822
115000 10000 149972 -28.2849
115000 5000 149961 -38.6662
120000 5000 149950 -50.4498
115000 10000 149972 -28.2849
120000 10000 149947 -53.447
120000 0 149957 -43.4759
125000 0 149948 -52.3477
120000 5000 149950 -50.4498
125000 5000 149946 -53.9601
125000 0 149948 -52.3477
130000 0 149947 -52.8063
125000 5000 149946 -53.9601
130000 5000 149946 -54.0721
120000 5000 149950 -50.4498
125000 5000 149946 -53.9601
120000 10000 149947 -53.447
125000 10000 149940 -60.11
125000 5000 149946 -53.9601
130000 5000 149946 -54.0721
125000 10000 149940 -60.11
130000 10000 149941 -58.7913
130000 0 149947 -52.8063
135000 0 149952 -47.5363
130000 5000 149946 -54.0721
135000 5000 149948 -51.8141
135000 0 149952 -47.5363
140000 0 149957 -43.3473
135000 5000 149948 -51.8141
140000 5000 149965 -34.5595
130000 5000 149946 -54.0721
135000 5000 149948 -51.8141
130000 10000 149941 -58.7913
135000 10000 149948 -51.946
135000 5000 149948 -51.8141
140000 5000 149965 -34.5595
135000 10000 149948 -51.946
140000 10000 149964 -35.6652
140000 0 149957 -43.3473
145000 0 149978 -21.6213
140000 5000 149965 -34.5595
145000 5000 149971 -28.7408
145000 0 149978 -21.6213
150000 0 149985 -14.9471
145000 5000 149971 -28.7408
150000 5000 149983 -17.4165
140000 5000 149965 -34.5595
145000 5000 149971 -28.7408
140000 10000 149964 -35.6652
145000 10000 149982 -17.8234
145000 5000 149971 -28.7408
150000 5000 149983 -17.4165
145000 10000 149982 -17.8234
150000 10000 149993 -7.17904
150000 0 149985 -14.9471
155000 0 149995 -4.57582
150000 5000 149983 -17.4165
155000 5000 149997 -3.00107
155000 0 149995 -4.57582
160000 0 150006 5.70461
155000 5000 149997 -3.00107
160000 5000 150006 5.71035
150000 5000 149983 -17.4165
155000 5000 149997 -3.00107
150000 10000 149993 -7.17904
155000 10000 149999 -0.714259
155000 5000 149997 -3.00107
160000 5000 150006 5.71035
155000 10000 149999 -0.714259
160000 10000 150009 9.09347
80000 10000 150017 16.523
85000 10000 150021 20.9583
80000 15000 150017 16.5184
85000 15000 150022 21.8765
85000 10000 150021 20.9583
90000 10000 150024 23.7224
85000 15000 150022 21.8765
90000 15000 150022 22.4178
80000 15000 150017 16.5184
85000 15000 150022 21.8765
80000 20000 150019 19.3493
85000 20000 150025 24.5487
85000 15000 150022 21.8765
90000 15000 150022 22.4178
85000 20000 150025 24.5487
90000 20000 150026 25.8974
90000 10000 150024 23.7224
95000 10000 150024 24.1304
90000 15000 150022 22.4178
95000 15000 150025 24.5491
95000 10000 150024 24.1304
100000 10000 150019 18.9133
95000 15000 150025 24.5491
100000 15000 150025 24.5155
90000 15000 150022 22.4178
95000 15000 150025 24.5491
90000 20000 150026 25.8974
95000 20000 150026 26.0053
95000 15000 150025 24.5491
100000 15000 150025 24.5155
95000 20000 150026 26.0053
100000 20000 150025 24.9246
100000 10000 150019 18.9133
105000 10000 150011 11.1081
100000 15000 150025 24.5155
105000 15000 150024 23.9503
105000 10000 150011 11.1081
110000 10000 149999 -0.779822
105000 15000 150024 23.9503
110000 15000 150013 12.6794
100000 15000 150025 24.5155
105000 15000 150024 23.9503
100000 20000 150025 24.9246
105000 20000 150029 28.557
105000 15000 150024 23.9503
110000 15000 150013 12.6794
105000 20000 150029 28.557
110000 20000 150025 24.6118
110000 10000 149999 -0.779822
115000 10000 149972 -28.2849
110000 15000 150013 12.6794
115000 15000 149980 -20.0205
115000 10000 149972 -28.2849
120000 10000 149947 -53.447
115000 15000 149980 -20.0205
120000 15000 149945 -55.1392
110000 15000 150013 12.6794
115000 15000 149980 -20.0205
110000 20000 150025 24.6118
115000 20000 149991 -9.17914
115000 15000 149980 -20.0205
120000 15000 149945 -55.1392
115000 20000 149991 -9.17914
120000 20000 149946 -54.0479
120000 10000 149947 -53.447
125000 10000 149940 -60.11
120000 15000 149945 -55.1392
125000 15000 149924 -76.3883
125000 10000 149940 -60.11
130000 10000 149941 -58.7913
125000 15000 149924 -76.3883
130000 15000 149928 -72.3311
120000 15000 149945 -55.1392
125000 15000 149924 -76.3883
120000 20000 149946 -54.0479
125000 20000 149908 -91.8906
125000 15000 149924 -76.3883
130000 15000 149928 -72.3311
125000 20000 149908 -91.8906
130000 20000 149906 -93.6721
130000 10000 149941 -58.7913
135000 10000 149948 -51.946
130000 15000 149928 -72.3311
135000 15000 149945 -55.0417
135000 10000 149948 -51.946
140000 10000 149964 -35.6652
135000 15000 149945 -55.0417
140000 15000 149960 -39.8738
130000 15000 149928 -72.3311
135000 15000 149945 -55.0417
130000 20000 149906 -93.6721
135000 20000 149936 -64.2373
135000 15000 149945 -55.0417
140000 15000 149960 -39.8738
135000 20000 149936 -64.2373
140000 20000 149958 -41.9396
140000 10000 149964 -35.6652
145000 10000 149982 -17.8234
140000 15000 149960 -39.8738
145000 15000 149983 -17.1091
145000 10000 149982 -17.8234
150000 10000 149993 -7.17904
145000 15000 149983 -17.1091
150000 15000 149996 -4.33236
140000 15000 149960 -39.8738
145000 15000 149983 -17.1091
140000 20000 149958 -41.9396
145000 20000 149980 -19.9606
145000 15000 149983 -17.1091
150000 15000 149996 -4.33236
145000 20000 149980 -19.9606
150000 20000 149973 -27.2873
150000 10000 149993 -7.17904
155000 10000 149999 -0.714259
150000 15000 149996 -4.33236
155000 15000 150003 2.87805
155000 10000 149999 -0.714259
160000 10000 150009 9.09347
155000 15000 150003 2.87805
160000 15000 150010 10.4109
150000 15000 149996 -4.33236
155000 15000 150003 2.87805
150000 20000 149973 -27.2873
155000 20000 149989 -11.2676
155000 15000 150003 2.87805
160000 15000 150010 10.4109
155000 20000 149989 -11.2676
160000 20000 150005 4.68848
80000 20000 150019 19.3493
85000 20000 150025 24.5487
80000 25000 150017 17.4104
85000 25000 150024 23.5669
85000 20000 150025 24.5487
90000 20000 150026 25.8974
85000 25000 150024 23.5669
90000 25000 150026 26.041
80000 25000 150017 17.4104
85000 25000 150024 23.5669
80000 30000 150015 15.1944
85000 30000 150021 20.9287
85000 25000 150024 23.5669
90000 25000 150026 26.041
85000 30000 150021 20.9287
90000 30000 150026 25.9554
90000 20000 150026 25.8974
95000 20000 150026 26.0053
90000 25000 150026 26.041
95000 25000 150028 27.6102
95000 20000 150026 26.0053
100000 20000 150025 24.9246
95000 25000 150028 27.6102
100000 25000 150028 27.815
90000 25000 150026 26.041
95000 25000 150028 27.6102
90000 30000 150026 25.9554
95000 30000 150028 27.7819
95000 25000 150028 27.6102
100000 25000 150028 27.815
95000 30000 150028 27.7819
100000 30000 150029 28.9329
100000 20000 150025 24.9246
105000 20000 150029 28.557
100000 25000 150028 27.815
105000 25000 150030 30.3832
105000 20000 150029 28.557
110000 20000 150025 24.6118
105000 25000 150030 30.3832
110000 25000 150032 32.0134
100000 25000 150028 27.815
105000 25000 150030 30.3832
100000 30000 150029 28.9329
105000 30000 150030 29.7684
105000 25000 150030 30.3832
110000 25000 150032 32.0134
105000 30000 150030 29.7684
110000 30000 150032 32.1292
110000 20000 150025 24.6118
115000 20000 149991 -9.17914
110000 25000 150032 32.0134
115000 25000 150009 8.95276
115000 20000 149991 -9.17914
120000 20000 149946 -54.0479
115000 25000 150009 8.95276
120000 25000 149959 -40.8839
110000 25000 150032 32.0134
115000 25000 150009 8.95276
110000 30000 150032 32.1292
115000 30000 150021 20.8687
115000 25000 150009 8.95276
120000 25000 149959 -40.8839
115000 30000 150021 20.8687
120000 30000 149979 -20.8101
120000 20000 149946 -54.0479
125000 20000 149908 -91.8906
120000 25000 149959 -40.8839
125000 25000 149921 -78.6439
125000 20000 149908 -91.8906
130000 20000 149906 -93.6721
125000 25000 149921 -78.6439
130000 25000 149895 -105.28
120000 25000 149959 -40.8839
125000 25000 149921 -78.6439
120000 30000 149979 -20.8101
125000 30000 149943 -57.0012
125000 25000 149921 -78.6439
130000 25000 149895 -105.28
125000 30000 149943 -57.0012
130000 30000 149900 -100.476
130000 20000 149906 -93.6721
135000 20000 149936 -64.2373
130000 25000 149895 -105.28
135000 25000 149916 -83.711
135000 20000 149936 -64.2373
140000 20000 149958 -41.9396
135000 25000 149916 -83.711
140000 25000 149945 -54.6925
130000 25000 149895 -105.28
135000 25000 149916 -83.711
130000 30000 149900 -100.476
135000 30000 149894 -105.634
135000 25000 149916 -83.711
140000 25000 149945 -54.6925
135000 30000 149894 -105.634
140000 30000 149935 -64.6687
140000 20000 149958 -41.9396
145000 20000 149980 -19.9606
140000 25000 149945 -54.6925
145000 25000 149973 -27.0725
145000 20000 149980 -19.9606
150000 20000 149973 -27.2873
145000 25000 149973 -27.0725
150000 25000 149992 -7.76736
140000 25000 149945 -54.6925
145000 25000 149973 -27.0725
140000 30000 149935 -64.6687
145000 30000 149961 -39.4928
145000 25000 149973 -27.0725
150000 25000 149992 -7.76736
145000 30000 149961 -39.4928
150000 30000 149986 -13.6187
150000 20000 149973 -27.2873
155000 20000 149989 -11.2676
150000 25000 149992 -7.76736
155000 25000 150002 1.96186
155000 20000 149989 -11.2676
160000 20000 150005 4.68848
155000 25000 150002 1.96186
160000 25000 150003 3.10934
150000 25000 149992 -7.76736
155000 25000 150002 1.96186
150000 30000 149986 -13.6187
155000 30000 150003 2.61055
155000 25000 150002 1.96186
160000 25000 150003 3.10934
155000 30000 150003 2.61055
160000 30000 150012 11.6811
80000 30000 150015 15.1944
85000 30000 150021 20.9287
80000 35000 150016 15.9473
85000 35000 150019 19.4684
85000 30000 150021 20.9287
90000 30000 150026 25.9554
85000 35000 150019 19.4684
90000 35000 150021 21.2949
80000 35000 150016 15.9473
85000 35000 150019 19.4684
80000 40000 150011 10.6299
85000 40000 150019 18.5135
85000 35000 150019 19.4684
90000 35000 150021 21.2949
85000 40000 150019 18.5135
90000 40000 150024 24.2089
90000 30000 150026 25.9554
95000 30000 150028 27.7819
90000 35000 150021 21.2949
95000 35000 150027 27.1006
95000 30000 150028 27.7819
100000 30000 150029 28.9329
95000 35000 150027 27.1006
100000 35000 150029 29.3137
90000 35000 150021 21.2949
95000 35000 150027 27.1006
90000 40000 150024 24.2089
95000 40000 150028 27.5621
95000 35000 150027 27.1006
100000 35000 150029 29.3137
95000 40000 150028 27.5621
100000 40000 150030 30.0153
100000 30000 150029 28.9329
105000 30000 150030 29.7684
100000 35000 150029 29.3137
105000 35000 150030 30.0479
105000 30000 150030 29.7684
110000 30000 150032 32.1292
105000 35000 150030 30.0479
110000 35000 150032 31.6426
100000 35000 150029 29.3137
105000 35000 150030 30.0479
100000 40000 150030 30.0153
105000 40000 150030 30.0623
105000 35000 150030 30.0479
110000 35000 150032 31.6426
105000 40000 150030 30.0623
110000 40000 150029 29.3013
110000 30000 150032 32.1292
115000 30000 150021 20.8687
110000 35000 150032 31.6426
115000 35000 150028 28.4181
115000 30000 150021 20.8687
120000 30000 149979 -20.8101
115000 35000 150028 28.4181
120000 35000 150002 2.43847
110000 35000 150032 31.6426
115000 35000 150028 28.4181
110000 40000 150029 29.3013
115000 40000 150030 30.2926
115000 35000 150028 28.4181
120000 35000 150002 2.43847
115000 40000 150030 30.2926
120000 40000 150019 18.9871
120000 30000 149979 -20.8101
125000 30000 149943 -57.0012
120000 35000 150002 2.43847
125000 35000 149958 -41.8448
125000 30000 149943 -57.0012
130000 30000 149900 -100.476
125000 35000 149958 -41.8448
130000 35000 149921 -79.0193
120000 35000 150002 2.43847
125000 35000 149958 -41.8448
120000 40000 150019 18.9871
125000 40000 149982 -17.5905
125000 35000 149958 -41.8448
130000 35000 149921 -79.0193
125000 40000 149982 -17.5905
130000 40000 149944 -56.3875
130000 30000 149900 -100.476
135000 30000 149894 -105.634
130000 35000 149921 -79.0193
135000 35000 149885 -114.741
135000 30000 149894 -105.634
140000 30000 149935 -64.6687
135000 35000 149885 -114.741
140000 35000 149912 -88.4057
130000 35000 149921 -79.0193
135000 35000 149885 -114.741
130000 40000 149944 -56.3875
135000 40000 149896 -103.569
135000 35000 149885 -114.741
140000 35000 149912 -88.4057
135000 40000 149896 -103.569
140000 40000 149889 -110.733
140000 30000 149935 -64.6687
145000 30000 149961 -39.4928
140000 35000 149912 -88.4057
145000 35000 149945 -54.9221
145000 30000 149961 -39.4928
150000 30000 149986 -13.6187
145000 35000 149945 -54.9221
150000 35000 149968 -31.8788
140000 35000 149912 -88.4057
145000 35000 149945 -54.9221
140000 40000 149889 -110.733
145000 40000 149928 -71.6428
145000 35000 149945 -54.9221
150000 35000 149968 -31.8788
145000 40000 149928 -71.6428
150000 40000 149956 -44.2309
150000 30000 149986 -13.6187
155000 30000 150003 2.61055
150000 35000 149968 -31.8788
155000 35000 149999 -1.33242
155000 30000 150003 2.61055
160000 30000 150012 11.6811
155000 35000 149999 -1.33242
160000 35000 150013 13.4884
150000 35000 149968 -31.8788
155000 35000 149999 -1.33242
150000 40000 149956 -44.2309
155000 40000 149991 -8.65723
155000 35000 149999 -1.33242
160000 35000 150013 13.4884
155000 40000 149991 -8.65723
160000 40000 149988 -11.5641
80000 40000 150011 10.6299
85000 40000 150019 18.5135
80000 45000 150013 13.0212
85000 45000 150018 18.4815
85000 40000 150019 18.5135
90000 40000 150024 24.2089
85000 45000 150018 18.4815
90000 45000 150025 24.9989
80000 45000 150013 13.0212
85000 45000 150018 18.4815
80000 50000 150011 10.6165
85000 50000 150016 15.559
85000 45000 150018 18.4815
90000 45000 150025 24.9989
85000 50000 150016 15.559
90000 50000 150021 21.287
90000 40000 150024 24.2089
95000 40000 150028 27.5621
90000 45000 150025 24.9989
95000 45000 150028 27.5204
95000 40000 150028 27.5621
100000 40000 150030 30.0153
95000 45000 150028 27.5204
100000 45000 150029 28.5915
90000 45000 150025 24.9989
95000 45000 150028 27.5204
90000 50000 150021 21.287
95000 50000 150028 27.7465
95000 45000 150028 27.5204
100000 45000 150029 28.5915
95000 50000 150028 27.7465
100000 50000 150030 30.1371
100000 40000 150030 30.0153
105000 40000 150030 30.0623
100000 45000 150029 28.5915
105000 45000 150030 29.8331
105000 40000 150030 30.0623
110000 40000 150029 29.3013
105000 45000 150030 29.8331
110000 45000 150028 28.4291
100000 45000 150029 28.5915
105000 45000 150030 29.8331
100000 50000 150030 30.1371
105000 50000 150030 29.6633
105000 45000 150030 29.8331
110000 45000 150028 28.4291
105000 50000 150030 29.6633
110000 50000 150029 29.271
110000 40000 150029 29.3013
115000 40000 150030 30.2926
110000 45000 150028 28.4291
115000 45000 150024 24.3189
115000 40000 150030 30.2926
120000 40000 150019 18.9871
115000 45000 150024 24.3189
120000 45000 150019 19.1729
110000 45000 150028 28.4291
115000 45000 150024 24.3189
110000 50000 150029 29.271
115000 50000 150024 23.8578
115000 45000 150024 24.3189
120000 45000 150019 19.1729
115000 50000 150024 23.8578
120000 50000 150004 3.8689
120000 40000 150019 18.9871
125000 40000 149982 -17.5905
120000 45000 150019 19.1729
125000 45000 149967 -32.7926
125000 40000 149982 -17.5905
130000 40000 149944 -56.3875
125000 45000 149967 -32.7926
130000 45000 149954 -46.3879
120000 45000 150019 19.1729
125000 45000 149967 -32.7926
120000 50000 150004 3.8689
125000 50000 150013 12.7077
125000 45000 149967 -32.7926
130000 45000 149954 -46.3879
125000 50000 150013 12.7077
130000 50000 149984 -16.114
130000 40000 149944 -56.3875
135000 40000 149896 -103.569
130000 45000 149954 -46.3879
135000 45000 149925 -75.131
135000 40000 149896 -103.569
140000 40000 149889 -110.733
135000 45000 149925 -75.131
140000 45000 149881 -118.728
130000 45000 149954 -46.3879
135000 45000 149925 -75.131
130000 50000 149984 -16.114
135000 50000 149946 -54.074
135000 45000 149925 -75.131
140000 45000 149881 -118.728
135000 50000 149946 -54.074
140000 50000 149898 -101.828
140000 40000 149889 -110.733
145000 40000 149928 -71.6428
140000 45000 149881 -118.728
145000 45000 149898 -101.698
145000 40000 149928 -71.6428
150000 40000 149956 -44.2309
145000 45000 149898 -101.698
150000 45000 149944 -55.8502
140000 45000 149881 -118.728
145000 45000 149898 -101.698
140000 50000 149898 -101.828
145000 50000 149876 -124.198
145000 45000 149898 -101.698
150000 45000 149944 -55.8502
145000 50000 149876 -124.198
150000 50000 149923 -77.4053
150000 40000 149956 -44.2309
155000 40000 149991 -8.65723
150000 45000 149944 -55.8502
155000 45000 149958 -42.3984
155000 40000 149991 -8.65723
160000 40000 149988 -11.5641
155000 45000 149958 -42.3984
160000 45000 150005 4.50008
150000 45000 149944 -55.8502
155000 45000 149958 -42.3984
150000 50000 149923 -77.4053
155000 50000 149960 -40.2159
155000 45000 149958 -42.3984
160000 45000 150005 4.50008
155000 50000 149960 -40.2159
160000 50000 149977 -22.9658
80000 50000 150011 10.6165
85000 50000 150016 15.559
80000 55000 150007 7.38659
85000 55000 150012 12.0163
85000 50000 150016 15.559
90000 50000 150021 21.287
85000 55000 150012 12.0163
90000 55000 150018 17.6943
80000 55000 150007 7.38659
85000 55000 150012 12.0163
80000 60000 150008 8.451
85000 60000 150013 12.6871
85000 55000 150012 12.0163
90000 55000 150018 17.6943
85000 60000 150013 12.6871
90000 60000 150016 16.2712
90000 50000 150021 21.287
95000 50000 150028 27.7465
90000 55000 150018 17.6943
95000 55000 150024 23.843
95000 50000 150028 27.7465
100000 50000 150030 30.1371
95000 55000 150024 23.843
100000 55000 150028 28.3864
90000 55000 150018 17.6943
95000 55000 150024 23.843
90000 60000 150016 16.2712
95000 60000 150021 20.8648
95000 55000 150024 23.843
100000 55000 150028 28.3864
95000 60000 150021 20.8648
100000 60000 150026 26.0018
100000 50000 150030 30.1371
105000 50000 150030 29.6633
100000 55000 150028 28.3864
105000 55000 150031 30.8334
105000 50000 150030 29.6633
110000 50000 150029 29.271
105000 55000 150031 30.8334
110000 55000 150030 29.6302
100000 55000 150028 28.3864
105000 55000 150031 30.8334
100000 60000 150026 26.0018
105000 60000 150030 29.9593
105000 55000 150031 30.8334
110000 55000 150030 29.6302
105000 60000 150030 29.9593
110000 60000 150030 29.8573
110000 50000 150029 29.271
115000 50000 150024 23.8578
110000 55000 150030 29.6302
115000 55000 150027 26.5703
115000 50000 150024 23.8578
120000 50000 150004 3.8689
115000 55000 150027 26.5703
120000 55000 150025 25.4431
110000 55000 150030 29.6302
115000 55000 150027 26.5703
110000 60000 150030 29.8573
115000 60000 150029 28.533
115000 55000 150027 26.5703
120000 55000 150025 25.4431
115000 60000 150029 28.533
120000 60000 150027 26.9471
120000 50000 150004 3.8689
125000 50000 150013 12.7077
120000 55000 150025 25.4431
125000 55000 150024 23.6239
125000 50000 150013 12.7077
130000 50000 149984 -16.114
125000 55000 150024 23.6239
130000 55000 149994 -5.51592
120000 55000 150025 25.4431
125000 55000 150024 23.6239
120000 60000 150027 26.9471
125000 60000 150025 24.7334
125000 55000 150024 23.6239
130000 55000 149994 -5.51592
125000 60000 150025 24.7334
130000 60000 150015 14.5253
130000 50000 149984 -16.114
135000 50000 149946 -54.074
130000 55000 149994 -5.51592
135000 55000 149960 -39.8474
135000 50000 149946 -54.074
140000 50000 149898 -101.828
135000 55000 149960 -39.8474
140000 55000 149929 -70.6728
130000 55000 149994 -5.51592
135000 55000 149960 -39.8474
130000 60000 150015 14.5253
135000 60000 149983 -16.6742
135000 55000 149960 -39.8474
140000 55000 149929 -70.6728
135000 60000 149983 -16.6742
140000 60000 149945 -54.5727
140000 50000 149898 -101.828
145000 50000 149876 -124.198
140000 55000 149929 -70.6728
145000 55000 149880 -119.566
145000 50000 149876 -124.198
150000 50000 149923 -77.4053
145000 55000 149880 -119.566
150000 55000 149898 -102.431
140000 55000 149929 -70.6728
145000 55000 149880 -119.566
140000 60000 149945 -54.5727
145000 60000 149906 -94.0442
145000 55000 149880 -119.566
150000 55000 149898 -102.431
145000 60000 149906 -94.0442
150000 60000 149882 -117.563
150000 50000 149923 -77.4053
155000 50000 149960 -40.2159
150000 55000 149898 -102.431
155000 55000 149944 -56.4175
155000 50000 149960 -40.2159
160000 50000 149977 -22.9658
155000 55000 149944 -56.4175
160000 55000 149966 -34.2124
150000 55000 149898 -102.431
155000 55000 149944 -56.4175
150000 60000 149882 -117.563
155000 60000 149916 -83.8061
155000 55000 149944 -56.4175
160000 55000 149966 -34.2124
155000 60000 149916 -83.8061
160000 60000 149948 -51.8515
80000 60000 150008 8.451
85000 60000 150013 12.6871
80000 65000 150007 6.68026
85000 65000 150011 10.754
85000 60000 150013 12.6871
90000 60000 150016 16.2712
85000 65000 150011 10.754
90000 65000 150017 16.9517
80000 65000 150007 6.68026
85000 65000 150011 10.754
80000 70000 150007 6.98915
85000 70000 150010 10.1309
85000 65000 150011 10.754
90000 65000 150017 16.9517
85000 70000 150010 10.1309
90000 70000 150013 13.3026
90000 60000 150016 16.2712
95000 60000 150021 20.8648
90000 65000 150017 16.9517
95000 65000 150021 20.9686
95000 60000 150021 20.8648
100000 60000 150026 26.0018
95000 65000 150021 20.9686
100000 65000 150025 24.7282
90000 65000 150017 16.9517
95000 65000 150021 20.9686
90000 70000 150013 13.3026
95000 70000 150018 17.8548
95000 65000 150021 20.9686
100000 65000 150025 24.7282
95000 70000 150018 17.8548
100000 70000 150023 22.6291
100000 60000 150026 26.0018
105000 60000 150030 29.9593
100000 65000 150025 24.7282
105000 65000 150029 29.4438
105000 60000 150030 29.9593
110000 60000 150030 29.8573
105000 65000 150029 29.4438
110000 65000 150030 30.3341
100000 65000 150025 24.7282
105000 65000 150029 29.4438
100000 70000 150023 22.6291
105000 70000 150026 26.3343
105000 65000 150029 29.4438
110000 65000 150030 30.3341
105000 70000 150026 26.3343
110000 70000 150029 28.898
110000 60000 150030 29.8573
115000 60000 150029 28.533
110000 65000 150030 30.3341
115000 65000 150029 28.8897
115000 60000 150029 28.533
120000 60000 150027 26.9471
115000 65000 150029 28.8897
120000 65000 150027 27.2387
110000 65000 150030 30.3341
115000 65000 150029 28.8897
110000 70000 150029 28.898
115000 70000 150030 30.2103
115000 65000 150029 28.8897
120000 65000 150027 27.2387
115000 70000 150030 30.2103
120000 70000 150028 27.978
120000 60000 150027 26.9471
125000 60000 150025 24.7334
120000 65000 150027 27.2387
125000 65000 150025 25.004
125000 60000 150025 24.7334
130000 60000 150015 14.5253
125000 65000 150025 25.004
130000 65000 150011 11.1298
120000 65000 150027 27.2387
125000 65000 150025 25.004
120000 70000 150028 27.978
125000 70000 150024 23.5253
125000 65000 150025 25.004
130000 65000 150011 11.1298
125000 70000 150024 23.5253
130000 70000 150018 18.1277
130000 60000 150015 14.5253
135000 60000 149983 -16.6742
130000 65000 150011 11.1298
135000 65000 149983 -17.0404
135000 60000 149983 -16.6742
140000 60000 149945 -54.5727
135000 65000 149983 -17.0404
140000 65000 149963 -36.6609
130000 65000 150011 11.1298
135000 65000 149983 -17.0404
130000 70000 150018 18.1277
135000 70000 150009 9.12819
135000 65000 149983 -17.0404
140000 65000 149963 -36.6609
135000 70000 150009 9.12819
140000 70000 149978 -22.4126
140000 60000 149945 -54.5727
145000 60000 149906 -94.0442
140000 65000 149963 -36.6609
145000 65000 149939 -61.1433
145000 60000 149906 -94.0442
150000 60000 149882 -117.563
145000 65000 149939 -61.1433
150000 65000 149892 -107.966
140000 65000 149963 -36.6609
145000 65000 149939 -61.1433
140000 70000 149978 -22.4126
145000 70000 149947 -53.316
145000 65000 149939 -61.1433
150000 65000 149892 -107.966
145000 70000 149947 -53.316
150000 70000 149920 -79.6013
150000 60000 149882 -117.563
155000 60000 149916 -83.8061
150000 65000 149892 -107.966
155000 65000 149887 -112.975
155000 60000 149916 -83.8061
160000 60000 149948 -51.8515
155000 65000 149887 -112.975
160000 65000 149936 -64.2951
150000 65000 149892 -107.966
155000 65000 149887 -112.975
150000 70000 149920 -79.6013
155000 70000 149880 -120.244
155000 65000 149887 -112.975
160000 65000 149936 -64.2951
155000 70000 149880 -120.244
160000 70000 149903 -97.4863
80000 70000 150007 6.98915
85000 70000 150010 10.1309
80000 75000 150002 2.07717
85000 75000 150007 6.80647
85000 70000 150010 10.1309
90000 70000 150013 13.3026
85000 75000 150007 6.80647
90000 75000 150012 11.9492
80000 75000 150002 2.07717
85000 75000 150007 6.80647
80000 80000 150006 5.84452
85000 80000 150007 6.78147
85000 75000 150007 6.80647
90000 75000 150012 11.9492
85000 80000 150007 6.78147
90000 80000 150010 10.296
90000 70000 150013 13.3026
95000 70000 150018 17.8548
90000 75000 150012 11.9492
95000 75000 150016 16.1018
95000 70000 150018 17.8548
100000 70000 150023 22.6291
95000 75000 150016 16.1018
100000 75000 150020 19.6306
90000 75000 150012 11.9492
95000 75000 150016 16.1018
90000 80000 150010 10.296
95000 80000 150015 14.7292
95000 75000 150016 16.1018
100000 75000 150020 19.6306
95000 80000 150015 14.7292
100000 80000 150020 20.0656
100000 70000 150023 22.6291
105000 70000 150026 26.3343
100000 75000 150020 19.6306
105000 75000 150025 24.6416
105000 70000 150026 26.3343
110000 70000 150029 28.898
105000 75000 150025 24.6416
110000 75000 150028 28.1599
100000 75000 150020 19.6306
105000 75000 150025 24.6416
100000 80000 150020 20.0656
105000 80000 150023 23.3159
105000 75000 150025 24.6416
110000 75000 150028 28.1599
105000 80000 150023 23.3159
110000 80000 150026 26.1844
110000 70000 150029 28.898
115000 70000 150030 30.2103
110000 75000 150028 28.1599
115000 75000 150028 27.943
115000 70000 150030 30.2103
120000 70000 150028 27.978
115000 75000 150028 27.943
120000 75000 150028 27.738
110000 75000 150028 28.1599
115000 75000 150028 27.943
110000 80000 150026 26.1844
115000 80000 150027 26.6409
115000 75000 150028 27.943
120000 75000 150028 27.738
115000 80000 150027 26.6409
120000 80000 150027 26.767
120000 70000 150028 27.978
125000 70000 150024 23.5253
120000 75000 150028 27.738
125000 75000 150024 24.2501
125000 70000 150024 23.5253
130000 70000 150018 18.1277
125000 75000 150024 24.2501
130000 75000 150019 18.7977
120000 75000 150028 27.738
125000 75000 150024 24.2501
120000 80000 150027 26.767
125000 80000 150023 23.335
125000 75000 150024 24.2501
130000 75000 150019 18.7977
125000 80000 150023 23.335
130000 80000 150018 17.8516
130000 70000 150018 18.1277
135000 70000 150009 9.12819
130000 75000 150019 18.7977
135000 75000 150009 9.39143
135000 70000 150009 9.12819
140000 70000 149978 -22.4126
135000 75000 150009 9.39143
140000 75000 149984 -15.9699
130000 75000 150019 18.7977
135000 75000 150009 9.39143
130000 80000 150018 17.8516
135000 80000 150009 9.14157
135000 75000 150009 9.39143
140000 75000 149984 -15.9699
135000 80000 150009 9.14157
140000 80000 150008 7.69716
140000 70000 149978 -22.4126
145000 70000 149947 -53.316
140000 75000 149984 -15.9699
145000 75000 149963 -37.3933
145000 70000 149947 -53.316
150000 70000 149920 -79.6013
145000 75000 149963 -37.3933
150000 75000 149944 -55.8085
140000 75000 149984 -15.9699
145000 75000 149963 -37.3933
140000 80000 150008 7.69716
145000 80000 149993 -6.57423
145000 75000 149963 -37.3933
150000 75000 149944 -55.8085
145000 80000 149993 -6.57423
150000 80000 149957 -43.0398
150000 70000 149920 -79.6013
155000 70000 149880 -120.244
150000 75000 149944 -55.8085
155000 75000 149896 -103.635
155000 70000 149880 -120.244
160000 70000 149903 -97.4863
155000 75000 149896 -103.635
160000 75000 149878 -121.973
150000 75000 149944 -55.8085
155000 75000 149896 -103.635
150000 80000 149957 -43.0398
155000 80000 149924 -75.6375
155000 75000 149896 -103.635
160000 75000 149878 -121.973
155000 80000 149924 -75.6375
160000 80000 149877 -123.406
0 80000 149988 -11.7511
5000 80000 149988 -12.0034
0 85000 149987 -12.7682
5000 85000 149987 -12.8345
5000 80000 149988 -12.0034
10000 80000 149988 -12.4719
5000 85000 149987 -12.8345
10000 85000 149988 -11.7516
0 85000 149987 -12.7682
5000 85000 149987 -12.8345
0 90000 149987 -12.9343
5000 90000 149988 -12.2725
5000 85000 149987 -12.8345
10000 85000 149988 -11.7516
5000 90000 149988 -12.2725
10000 90000 149988 -11.8827
10000 80000 149988 -12.4719
15000 80000 149988 -12.0773
10000 85000 149988 -11.7516
15000 85000 149988 -11.5438
15000 80000 149988 -12.0773
20000 80000 149988 -12.0666
15000 85000 149988 -11.5438
20000 85000 149988 -11.8554
10000 85000 149988 -11.7516
15000 85000 149988 -11.5438
10000 90000 149988 -11.8827
15000 90000 149988 -12.2653
15000 85000 149988 -11.5438
20000 85000 149988 -11.8554
15000 90000 149988 -12.2653
20000 90000 149987 -12.6801
20000 80000 149988 -12.0666
25000 80000 149988 -11.9904
20000 85000 149988 -11.8554
25000 85000 149988 -12.2151
25000 80000 149988 -11.9904
30000 80000 149988 -11.6607
25000 85000 149988 -12.2151
30000 85000 149988 -12.0114
20000 85000 149988 -11.8554
25000 85000 149988 -12.2151
20000 90000 149987 -12.6801
25000 90000 149988 -12.3084
25000 85000 149988 -12.2151
30000 85000 149988 -12.0114
25000 90000 149988 -12.3084
30000 90000 149988 -11.934
30000 80000 149988 -11.6607
35000 80000 149989 -11.2602
30000 85000 149988 -12.0114
35000 85000 149988 -11.534
35000 80000 149989 -11.2602
40000 80000 149989 -10.5523
35000 85000 149988 -11.534
40000 85000 149989 -11.0311
30000 85000 149988 -12.0114
35000 85000 149988 -11.534
30000 90000 149988 -11.934
35000 90000 149989 -11.4503
35000 85000 149988 -11.534
40000 85000 149989 -11.0311
35000 90000 149989 -11.4503
40000 90000 149989 -10.6305
40000 80000 149989 -10.5523
45000 80000 149990 -10.2605
40000 85000 149989 -11.0311
45000 85000 149990 -10.4869
45000 80000 149990 -10.2605
50000 80000 149990 -9.77029
45000 85000 149990 -10.4869
50000 85000 149990 -9.88757
40000 85000 149989 -11.0311
45000 85000 149990 -10.4869
40000 90000 149989 -10.6305
45000 90000 149990 -10.2703
45000 85000 149990 -10.4869
50000 85000 149990 -9.88757
45000 90000 149990 -10.2703
50000 90000 149990 -9.94644
50000 80000 149990 -9.77029
55000 80000 149992 -8.32308
50000 85000 149990 -9.88757
55000 85000 149991 -9.42272
55000 80000 149992 -8.32308
60000 80000 149992 -7.52537
55000 85000 149991 -9.42272
60000 85000 149991 -8.54887
50000 85000 149990 -9.88757
55000 85000 149991 -9.42272
50000 90000 149990 -9.94644
55000 90000 149991 -9.38693
55000 85000 149991 -9.42272
60000 85000 149991 -8.54887
55000 90000 149991 -9.38693
60000 90000 149992 -7.98907
60000 80000 149992 -7.52537
65000 80000 149993 -6.97287
60000 85000 149991 -8.54887
65000 85000 149994 -5.9174
65000 80000 149993 -6.97287
70000 80000 149996 -4.38768
65000 85000 149994 -5.9174
70000 85000 149997 -3.32572
60000 85000 149991 -8.54887
65000 85000 149994 -5.9174
60000 90000 149992 -7.98907
65000 90000 149992 -7.60364
65000 85000 149994 -5.9174
70000 85000 149997 -3.32572
65000 90000 149992 -7.60364
70000 90000 149996 -3.56378
70000 80000 149996 -4.38768
75000 80000 149999 -1.0231
70000 85000 149997 -3.32572
75000 85000 150001 0.742076
75000 80000 149999 -1.0231
80000 80000 150006 5.84452
75000 85000 150001 0.742076
80000 85000 150002 1.89586
70000 85000 149997 -3.32572
75000 85000 150001 0.742076
70000 90000 149996 -3.56378
75000 90000 149997 -3.24055
75000 85000 150001 0.742076
80000 85000 150002 1.89586
75000 90000 149997 -3.24055
80000 90000 150003 2.70987
80000 80000 150006 5.84452
85000 80000 150007 6.78147
80000 85000 150002 1.89586
85000 85000 150007 6.6484
85000 80000 150007 6.78147
90000 80000 150010 10.296
85000 85000 150007 6.6484
90000 85000 150008 8.1797
80000 85000 150002 1.89586
85000 85000 150007 6.6484
80000 90000 150003 2.70987
85000 90000 150006 6.48561
85000 85000 150007 6.6484
90000 85000 150008 8.1797
85000 90000 150006 6.48561
90000 90000 150008 7.78335
90000 80000 150010 10.296
95000 80000 150015 14.7292
90000 85000 150008 8.1797
95000 85000 150013 12.8855
95000 80000 150015 14.7292
100000 80000 150020 20.0656
95000 85000 150013 12.8855
100000 85000 150016 16.1635
90000 85000 150008 8.1797
95000 85000 150013 12.8855
90000 90000 150008 7.78335
95000 90000 150012 11.5553
95000 85000 150013 12.8855
100000 85000 150016 16.1635
95000 90000 150012 11.5553
100000 90000 150015 15.3513
100000 80000 150020 20.0656
105000 80000 150023 23.3159
100000 85000 150016 16.1635
105000 85000 150021 20.5998
105000 80000 150023 23.3159
110000 80000 150026 26.1844
105000 85000 150021 20.5998
110000 85000 150023 22.6459
100000 85000 150016 16.1635
105000 85000 150021 20.5998
100000 90000 150015 15.3513
105000 90000 150019 18.7392
105000 85000 150021 20.5998
110000 85000 150023 22.6459
105000 90000 150019 18.7392
110000 90000 150021 21.3552
0 90000 149987 -12.9343
5000 90000 149988 -12.2725
0 95000 149987 -12.8707
5000 95000 149987 -12.9731
5000 90000 149988 -12.2725
10000 90000 149988 -11.8827
5000 95000 149987 -12.9731
10000 95000 149987 -12.9878
0 95000 149987 -12.8707
5000 95000 149987 -12.9731
0 100000 149987 -12.9311
5000 100000 149987 -13.0444
5000 95000 149987 -12.9731
10000 95000 149987 -12.9878
5000 100000 149987 -13.0444
10000 100000 149987 -13.03
10000 90000 149988 -11.8827
15000 90000 149988 -12.2653
10000 95000 149987 -12.9878
15000 95000 149987 -13.0178
15000 90000 149988 -12.2653
20000 90000 149987 -12.6801
15000 95000 149987 -13.0178
20000 95000 149987 -12.7397
10000 95000 149987 -12.9878
15000 95000 149987 -13.0178
10000 100000 149987 -13.03
15000 100000 149987 -13.1418
15000 95000 149987 -13.0178
20000 95000 149987 -12.7397
15000 100000 149987 -13.1418
20000 100000 149987 -12.8957
20000 90000 149987 -12.6801
25000 90000 149988 -12.3084
20000 95000 149987 -12.7397
25000 95000 149987 -12.7289
25000 90000 149988 -12.3084
30000 90000 149988 -11.934
25000 95000 149987 -12.7289
30000 95000 149988 -12.3611
20000 95000 149987 -12.7397
25000 95000 149987 -12.7289
20000 100000 149987 -12.8957
25000 100000 149987 -12.6159
25000 95000 149987 -12.7289
30000 95000 149988 -12.3611
25000 100000 149987 -12.6159
30000 100000 149988 -12.2829
30000 90000 149988 -11.934
35000 90000 149989 -11.4503
30000 95000 149988 -12.3611
35000 95000 149988 -11.8166
35000 90000 149989 -11.4503
40000 90000 149989 -10.6305
35000 95000 149988 -11.8166
40000 95000 149989 -11.2776
30000 95000 149988 -12.3611
35000 95000 149988 -11.8166
30000 100000 149988 -12.2829
35000 100000 149988 -12.0706
35000 95000 149988 -11.8166
40000 95000 149989 -11.2776
35000 100000 149988 -12.0706
40000 100000 149988 -11.8715
40000 90000 149989 -10.6305
45000 90000 149990 -10.2703
40000 95000 149989 -11.2776
45000 95000 149989 -11.2099
45000 90000 149990 -10.2703
50000 90000 149990 -9.94644
45000 95000 149989 -11.2099
50000 95000 149989 -10.6432
40000 95000 149989 -11.2776
45000 95000 149989 -11.2099
40000 100000 149988 -11.8715
45000 100000 149989 -11.1803
45000 95000 149989 -11.2099
50000 95000 149989 -10.6432
45000 100000 149989 -11.1803
50000 100000 149989 -10.5865
50000 90000 149990 -9.94644
55000 90000 149991 -9.38693
50000 95000 149989 -10.6432
55000 95000 149990 -9.76979
55000 90000 149991 -9.38693
60000 90000 149992 -7.98907
55000 95000 149990 -9.76979
60000 95000 149992 -7.96506
50000 95000 149989 -10.6432
55000 95000 149990 -9.76979
50000 100000 149989 -10.5865
55000 100000 149990 -10.0332
55000 95000 149990 -9.76979
60000 95000 149992 -7.96506
55000 100000 149990 -10.0332
60000 100000 149991 -9.07215
60000 90000 149992 -7.98907
65000 90000 149992 -7.60364
60000 95000 149992 -7.96506
65000 95000 149994 -6.23317
65000 90000 149992 -7.60364
70000 90000 149996 -3.56378
65000 95000 149994 -6.23317
70000 95000 149996 -4.00755
60000 95000 149992 -7.96506
65000 95000 149994 -6.23317
60000 100000 149991 -9.07215
65000 100000 149992 -8.32888
65000 95000 149994 -6.23317
70000 95000 149996 -4.00755
65000 100000 149992 -8.32888
70000 100000 149993 -7.23816
70000 90000 149996 -3.56378
75000 90000 149997 -3.24055
70000 95000 149996 -4.00755
75000 95000 149998 -2.05644
75000 90000 149997 -3.24055
80000 90000 150003 2.70987
75000 95000 149998 -2.05644
80000 95000 150002 2.30811
70000 95000 149996 -4.00755
75000 95000 149998 -2.05644
70000 100000 149993 -7.23816
75000 100000 149998 -2.49644
75000 95000 149998 -2.05644
80000 95000 150002 2.30811
75000 100000 149998 -2.49644
80000 100000 149997 -2.65997
80000 90000 150003 2.70987
85000 90000 150006 6.48561
80000 95000 150002 2.30811
85000 95000 150006 5.5757
85000 90000 150006 6.48561
90000 90000 150008 7.78335
85000 95000 150006 5.5757
90000 95000 150009 8.58989
80000 95000 150002 2.30811
85000 95000 150006 5.5757
80000 100000 149997 -2.65997
85000 100000 150003 3.01658
85000 95000 150006 5.5757
90000 95000 150009 8.58989
85000 100000 150003 3.01658
90000 100000 150004 3.56826
90000 90000 150008 7.78335
95000 90000 150012 11.5553
90000 95000 150009 8.58989
95000 95000 150011 10.8023
95000 90000 150012 11.5553
100000 90000 150015 15.3513
95000 95000 150011 10.8023
100000 95000 150013 13.3885
90000 95000 150009 8.58989
95000 95000 150011 10.8023
90000 100000 150004 3.56826
95000 100000 150007 7.25867
95000 95000 150011 10.8023
100000 95000 150013 13.3885
95000 100000 150007 7.25867
100000 100000 150014 13.539
0 100000 149987 -12.9311
5000 100000 149987 -13.0444
0 105000 149987 -12.8987
5000 105000 149987 -13.2587
5000 100000 149987 -13.0444
10000 100000 149987 -13.03
5000 105000 149987 -13.2587
10000 105000 149986 -13.582
0 105000 149987 -12.8987
5000 105000 149987 -13.2587
0 110000 149987 -12.9938
5000 110000 149987 -13.2433
5000 105000 149987 -13.2587
10000 105000 149986 -13.582
5000 110000 149987 -13.2433
10000 110000 149986 -14.2029
10000 100000 149987 -13.03
15000 100000 149987 -13.1418
10000 105000 149986 -13.582
15000 105000 149986 -13.987
15000 100000 149987 -13.1418
20000 100000 149987 -12.8957
15000 105000 149986 -13.987
20000 105000 149987 -13.1193
10000 105000 149986 -13.582
15000 105000 149986 -13.987
10000 110000 149986 -14.2029
15000 110000 149986 -14.2855
15000 105000 149986 -13.987
20000 105000 149987 -13.1193
15000 110000 149986 -14.2855
20000 110000 149986 -13.9595
20000 100000 149987 -12.8957
25000 100000 149987 -12.6159
20000 105000 149987 -13.1193
25000 105000 149987 -13.2056
25000 100000 149987 -12.6159
30000 100000 149988 -12.2829
25000 105000 149987 -13.2056
30000 105000 149987 -12.9781
20000 105000 149987 -13.1193
25000 105000 149987 -13.2056
20000 110000 149986 -13.9595
25000 110000 149987 -13.1232
25000 105000 149987 -13.2056
30000 105000 149987 -12.9781
25000 110000 149987 -13.1232
30000 110000 149988 -12.0906
30000 100000 149988 -12.2829
35000 100000 149988 -12.0706
30000 105000 149987 -12.9781
35000 105000 149988 -12.4713
35000 100000 149988 -12.0706
40000 100000 149988 -11.8715
35000 105000 149988 -12.4713
40000 105000 149988 -11.7891
30000 105000 149987 -12.9781
35000 105000 149988 -12.4713
30000 110000 149988 -12.0906
35000 110000 149988 -12.2134
35000 105000 149988 -12.4713
40000 105000 149988 -11.7891
35000 110000 149988 -12.2134
40000 110000 149988 -11.6529
40000 100000 149988 -11.8715
45000 100000 149989 -11.1803
40000 105000 149988 -11.7891
45000 105000 149989 -11.2433
45000 100000 149989 -11.1803
50000 100000 149989 -10.5865
45000 105000 149989 -11.2433
50000 105000 149989 -10.6932
40000 105000 149988 -11.7891
45000 105000 149989 -11.2433
40000 110000 149988 -11.6529
45000 110000 149989 -11.3476
45000 105000 149989 -11.2433
50000 105000 149989 -10.6932
45000 110000 149989 -11.3476
50000 110000 149989 -10.8449
50000 100000 149989 -10.5865
55000 100000 149990 -10.0332
50000 105000 149989 -10.6932
55000 105000 149990 -10.0098
55000 100000 149990 -10.0332
60000 100000 149991 -9.07215
55000 105000 149990 -10.0098
60000 105000 149991 -8.50783
50000 105000 149989 -10.6932
55000 105000 149990 -10.0098
50000 110000 149989 -10.8449
55000 110000 149990 -10.1505
55000 105000 149990 -10.0098
60000 105000 149991 -8.50783
55000 110000 149990 -10.1505
60000 110000 149991 -8.70968
60000 100000 149991 -9.07215
65000 100000 149992 -8.32888
60000 105000 149991 -8.50783
65000 105000 149993 -7.15242
65000 100000 149992 -8.32888
70000 100000 149993 -7.23816
65000 105000 149993 -7.15242
70000 105000 149996 -4.2479
60000 105000 149991 -8.50783
65000 105000 149993 -7.15242
60000 110000 149991 -8.70968
65000 110000 149992 -7.82867
65000 105000 149993 -7.15242
70000 105000 149996 -4.2479
65000 110000 149992 -7.82867
70000 110000 149995 -4.77884
70000 100000 149993 -7.23816
75000 100000 149998 -2.49644
70000 105000 149996 -4.2479
75000 105000 149999 -0.638734
75000 100000 149998 -2.49644
80000 100000 149997 -2.65997
75000 105000 149999 -0.638734
80000 105000 150003 3.03791
70000 105000 149996 -4.2479
75000 105000 149999 -0.638734
70000 110000 149995 -4.77884
75000 110000 149999 -1.33345
75000 105000 149999 -0.638734
80000 105000 150003 3.03791
75000 110000 149999 -1.33345
80000 110000 150001 1.30215
0 110000 149987 -12.9938
5000 110000 149987 -13.2433
0 115000 149988 -12.4318
5000 115000 149986 -13.7247
5000 110000 149987 -13.2433
10000 110000 149986 -14.2029
5000 115000 149986 -13.7247
10000 115000 149986 -14.1322
0 115000 149988 -12.4318
5000 115000 149986 -13.7247
0 120000 149987 -13.018
5000 120000 149986 -13.9186
5000 115000 149986 -13.7247
10000 115000 149986 -14.1322
5000 120000 149986 -13.9186
10000 120000 149985 -14.9921
10000 110000 149986 -14.2029
15000 110000 149986 -14.2855
10000 115000 149986 -14.1322
15000 115000 149986 -13.5418
15000 110000 149986 -14.2855
20000 110000 149986 -13.9595
15000 115000 149986 -13.5418
20000 115000 149987 -13.217
10000 115000 149986 -14.1322
15000 115000 149986 -13.5418
10000 120000 149985 -14.9921
15000 120000 149985 -14.5944
15000 115000 149986 -13.5418
20000 115000 149987 -13.217
15000 120000 149985 -14.5944
20000 120000 149987 -13.3843
20000 110000 149986 -13.9595
25000 110000 149987 -13.1232
20000 115000 149987 -13.217
25000 115000 149988 -12.4642
25000 110000 149987 -13.1232
30000 110000 149988 -12.0906
25000 115000 149988 -12.4642
30000 115000 149988 -12.2885
20000 115000 149987 -13.217
25000 115000 149988 -12.4642
20000 120000 149987 -13.3843
25000 120000 149988 -12.1869
25000 115000 149988 -12.4642
30000 115000 149988 -12.2885
25000 120000 149988 -12.1869
30000 120000 149988 -11.7221
30000 110000 149988 -12.0906
35000 110000 149988 -12.2134
30000 115000 149988 -12.2885
35000 115000 149988 -12.0204
35000 110000 149988 -12.2134
40000 110000 149988 -11.6529
35000 115000 149988 -12.0204
40000 115000 149988 -11.7296
30000 115000 149988 -12.2885
35000 115000 149988 -12.0204
30000 120000 149988 -11.7221
35000 120000 149988 -11.8364
35000 115000 149988 -12.0204
40000 115000 149988 -11.7296
35000 120000 149988 -11.8364
40000 120000 149988 -12.0342
40000 110000 149988 -11.6529
45000 110000 149989 -11.3476
40000 115000 149988 -11.7296
45000 115000 149989 -11.4658
45000 110000 149989 -11.3476
50000 110000 149989 -10.8449
45000 115000 149989 -11.4658
50000 115000 149989 -11.0006
40000 115000 149988 -11.7296
45000 115000 149989 -11.4658
40000 120000 149988 -12.0342
45000 120000 149988 -11.649
45000 115000 149989 -11.4658
50000 115000 149989 -11.0006
45000 120000 149988 -11.649
50000 120000 149989 -11.0088
50000 110000 149989 -10.8449
55000 110000 149990 -10.1505
50000 115000 149989 -11.0006
55000 115000 149990 -10.3689
55000 110000 149990 -10.1505
60000 110000 149991 -8.70968
55000 115000 149990 -10.3689
60000 115000 149991 -9.45963
50000 115000 149989 -11.0006
55000 115000 149990 -10.3689
50000 120000 149989 -11.0088
55000 120000 149990 -10.3533
55000 115000 149990 -10.3689
60000 115000 149991 -9.45963
55000 120000 149990 -10.3533
60000 120000 149991 -9.15312
60000 110000 149991 -8.70968
65000 110000 149992 -7.82867
60000 115000 149991 -9.45963
65000 115000 149993 -7.39304
65000 110000 149992 -7.82867
70000 110000 149995 -4.77884
65000 115000 149993 -7.39304
70000 115000 149993 -6.53269
60000 115000 149991 -9.45963
65000 115000 149993 -7.39304
60000 120000 149991 -9.15312
65000 120000 149993 -6.64357
65000 115000 149993 -7.39304
70000 115000 149993 -6.53269
65000 120000 149993 -6.64357
70000 120000 149997 -3.13178
70000 110000 149995 -4.77884
75000 110000 149999 -1.33345
70000 115000 149993 -6.53269
75000 115000 149997 -3.05982
75000 110000 149999 -1.33345
80000 110000 150001 1.30215
75000 115000 149997 -3.05982
80000 115000 150001 0.644837
70000 115000 149993 -6.53269
75000 115000 149997 -3.05982
70000 120000 149997 -3.13178
75000 120000 150000 -0.404099
75000 115000 149997 -3.05982
80000 115000 150001 0.644837
75000 120000 150000 -0.404099
80000 120000 150000 0.0294624
160000 0 150006 5.70461
165000 0 150013 13.4678
160000 5000 150006 5.71035
165000 5000 150013 13.2578
165000 0 150013 13.4678
170000 0 150021 20.5787
165000 5000 150013 13.2578
170000 5000 150021 20.7767
160000 5000 150006 5.71035
165000 5000 150013 13.2578
160000 10000 150009 9.09347
165000 10000 150016 16.0293
165000 5000 150013 13.2578
170000 5000 150021 20.7767
165000 10000 150016 16.0293
170000 10000 150022 21.6066
170000 0 150021 20.5787
175000 0 150022 22.3357
170000 5000 150021 20.7767
175000 5000 150023 23.0667
175000 0 150022 22.3357
180000 0 150024 23.7747
175000 5000 150023 23.0667
180000 5000 150024 24.1666
170000 5000 150021 20.7767
175000 5000 150023 23.0667
170000 10000 150022 21.6066
175000 10000 150025 24.8987
175000 5000 150023 23.0667
180000 5000 150024 24.1666
175000 10000 150025 24.8987
180000 10000 150024 23.6143
180000 0 150024 23.7747
185000 0 150023 22.8948
180000 5000 150024 24.1666
185000 5000 150023 23.0558
185000 0 150023 22.8948
190000 0 150022 22.3855
185000 5000 150023 23.0558
190000 5000 150020 20.2601
180000 5000 150024 24.1666
185000 5000 150023 23.0558
180000 10000 150024 23.6143
185000 10000 150024 23.7916
185000 5000 150023 23.0558
190000 5000 150020 20.2601
185000 10000 150024 23.7916
190000 10000 150023 22.7347
190000 0 150022 22.3855
195000 0 150022 21.9122
190000 5000 150020 20.2601
195000 5000 150020 20.4854
195000 0 150022 21.9122
200000 0 150020 20.0825
195000 5000 150020 20.4854
200000 5000 150018 18.3529
190000 5000 150020 20.2601
195000 5000 150020 20.4854
190000 10000 150023 22.7347
195000 10000 150018 18.2013
195000 5000 150020 20.4854
200000 5000 150018 18.3529
195000 10000 150018 18.2013
200000 10000 150018 18.5
200000 0 150020 20.0825
205000 0 150016 16.2754
200000 5000 150018 18.3529
205000 5000 150015 15.2813
205000 0 150016 16.2754
210000 0 150013 13.4874
205000 5000 150015 15.2813
210000 5000 150013 12.6444
200000 5000 150018 18.3529
205000 5000 150015 15.2813
200000 10000 150018 18.5
205000 10000 150016 15.674
205000 5000 150015 15.2813
210000 5000 150013 12.6444
205000 10000 150016 15.674
210000 10000 150011 11.4021
210000 0 150013 13.4874
215000 0 150011 11.1473
210000 5000 150013 12.6444
215000 5000 150009 9.15251
215000 0 150011 11.1473
220000 0 150009 8.77274
215000 5000 150009 9.15251
220000 5000 150006 5.63894
210000 5000 150013 12.6444
215000 5000 150009 9.15251
210000 10000 150011 11.4021
215000 10000 150008 8.49458
215000 5000 150009 9.15251
220000 5000 150006 5.63894
215000 10000 150008 8.49458
220000 10000 150003 3.27804
220000 0 150009 8.77274
225000 0 150006 5.77212
220000 5000 150006 5.63894
225000 5000 150001 1.3453
225000 0 150006 5.77212
230000 0 150004 3.97904
225000 5000 150001 1.3453
230000 5000 150001 0.626265
220000 5000 150006 5.63894
225000 5000 150001 1.3453
220000 10000 150003 3.27804
225000 10000 150006 5.64377
225000 5000 150001 1.3453
230000 5000 150001 0.626265
225000 10000 150006 5.64377
230000 10000 150005 4.63833
230000 0 150004 3.97904
235000 0 150004 3.54031
230000 5000 150001 0.626265
235000 5000 150002 1.58028
235000 0 150004 3.54031
240000 0 150003 3.24577
235000 5000 150002 1.58028
240000 5000 150002 2.22626
230000 5000 150001 0.626265
235000 5000 150002 1.58028
230000 10000 150005 4.63833
235000 10000 150003 2.75182
235000 5000 150002 1.58028
240000 5000 150002 2.22626
235000 10000 150003 2.75182
240000 10000 149999 -0.515173
160000 10000 150009 9.09347
165000 10000 150016 16.0293
160000 15000 150010 10.4109
165000 15000 150017 16.6488
165000 10000 150016 16.0293
170000 10000 150022 21.6066
165000 15000 150017 16.6488
170000 15000 150022 22.1515
160000 15000 150010 10.4109
165000 15000 150017 16.6488
160000 20000 150005 4.68848
165000 20000 150014 14.2521
165000 15000 150017 16.6488
170000 15000 150022 22.1515
165000 20000 150014 14.2521
170000 20000 150020 20.3335
170000 10000 150022 21.6066
175000 10000 150025 24.8987
170000 15000 150022 22.1515
175000 15000 150025 25.087
175000 10000 150025 24.8987
180000 10000 150024 23.6143
175000 15000 150025 25.087
180000 15000 150026 26.0026
170000 15000 150022 22.1515
175000 15000 150025 25.087
170000 20000 150020 20.3335
175000 20000 150025 25.351
175000 15000 150025 25.087
180000 15000 150026 26.0026
175000 20000 150025 25.351
180000 20000 150028 27.6059
180000 10000 150024 23.6143
185000 10000 150024 23.7916
180000 15000 150026 26.0026
185000 15000 150026 25.787
185000 10000 150024 23.7916
190000 10000 150023 22.7347
185000 15000 150026 25.787
190000 15000 150023 23.3165
180000 15000 150026 26.0026
185000 15000 150026 25.787
180000 20000 150028 27.6059
185000 20000 150028 28.2441
185000 15000 150026 25.787
190000 15000 150023 23.3165
185000 20000 150028 28.2441
190000 20000 150026 26.3755
190000 10000 150023 22.7347
195000 10000 150018 18.2013
190000 15000 150023 23.3165
195000 15000 150022 22.2275
195000 10000 150018 18.2013
200000 10000 150018 18.5
195000 15000 150022 22.2275
200000 15000 150018 17.7392
190000 15000 150023 23.3165
195000 15000 150022 22.2275
190000 20000 150026 26.3755
195000 20000 150022 22.1013
195000 15000 150022 22.2275
200000 15000 150018 17.7392
195000 20000 150022 22.1013
200000 20000 150017 16.5359
200000 10000 150018 18.5
205000 10000 150016 15.674
200000 15000 150018 17.7392
205000 15000 150015 14.75
205000 10000 150016 15.674
210000 10000 150011 11.4021
205000 15000 150015 14.75
210000 15000 150012 12.0142
200000 15000 150018 17.7392
205000 15000 150015 14.75
200000 20000 150017 16.5359
205000 20000 150014 14.0042
205000 15000 150015 14.75
210000 15000 150012 12.0142
205000 20000 150014 14.0042
210000 20000 150013 13.3818
210000 10000 150011 11.4021
215000 10000 150008 8.49458
210000 15000 150012 12.0142
215000 15000 150006 6.44284
215000 10000 150008 8.49458
220000 10000 150003 3.27804
215000 15000 150006 6.44284
220000 15000 150008 8.10889
210000 15000 150012 12.0142
215000 15000 150006 6.44284
210000 20000 150013 13.3818
215000 20000 150012 12.183
215000 15000 150006 6.44284
220000 15000 150008 8.10889
215000 20000 150012 12.183
220000 20000 150009 9.42402
220000 10000 150003 3.27804
225000 10000 150006 5.64377
220000 15000 150008 8.10889
225000 15000 150006 5.89666
225000 10000 150006 5.64377
230000 10000 150005 4.63833
225000 15000 150006 5.89666
230000 15000 150004 4.40654
220000 15000 150008 8.10889
225000 15000 150006 5.89666
220000 20000 150009 9.42402
225000 20000 150006 6.34123
225000 15000 150006 5.89666
230000 15000 150004 4.40654
225000 20000 150006 6.34123
230000 20000 150003 3.32891
230000 10000 150005 4.63833
235000 10000 150003 2.75182
230000 15000 150004 4.40654
235000 15000 150003 2.83734
235000 10000 150003 2.75182
240000 10000 149999 -0.515173
235000 15000 150003 2.83734
240000 15000 150001 1.09309
230000 15000 150004 4.40654
235000 15000 150003 2.83734
230000 20000 150003 3.32891
235000 20000 150003 2.64063
235000 15000 150003 2.83734
240000 15000 150001 1.09309
235000 20000 150003 2.64063
240000 20000 150002 2.12876
160000 20000 150005 4.68848
165000 20000 150014 14.2521
160000 25000 150003 3.10934
165000 25000 150011 10.8719
165000 20000 150014 14.2521
170000 20000 150020 20.3335
165000 25000 150011 10.8719
170000 25000 150019 18.8551
160000 25000 150003 3.10934
165000 25000 150011 10.8719
160000 30000 150012 11.6811
165000 30000 150018 17.7196
165000 25000 150011 10.8719
170000 25000 150019 18.8551
165000 30000 150018 17.7196
170000 30000 150022 22.3266
170000 20000 150020 20.3335
175000 20000 150025 25.351
170000 25000 150019 18.8551
175000 25000 150025 25.305
175000 20000 150025 25.351
180000 20000 150028 27.6059
175000 25000 150025 25.305
180000 25000 150028 28.1316
170000 25000 150019 18.8551
175000 25000 150025 25.305
170000 30000 150022 22.3266
175000 30000 150026 26.2944
175000 25000 150025 25.305
180000 25000 150028 28.1316
175000 30000 150026 26.2944
180000 30000 150029 29.0047
180000 20000 150028 27.6059
185000 20000 150028 28.2441
180000 25000 150028 28.1316
185000 25000 150029 29.3656
185000 20000 150028 28.2441
190000 20000 150026 26.3755
185000 25000 150029 29.3656
190000 25000 150026 26.2057
180000 25000 150028 28.1316
185000 25000 150029 29.3656
180000 30000 150029 29.0047
185000 30000 150031 31.4626
185000 25000 150029 29.3656
190000 25000 150026 26.2057
185000 30000 150031 31.4626
190000 30000 150029 28.6978
190000 20000 150026 26.3755
195000 20000 150022 22.1013
190000 25000 150026 26.2057
195000 25000 150022 22.4515
195000 20000 150022 22.1013
200000 20000 150017 16.5359
195000 25000 150022 22.4515
200000 25000 150021 20.5194
190000 25000 150026 26.2057
195000 25000 150022 22.4515
190000 30000 150029 28.6978
195000 30000 150025 24.862
195000 25000 150022 22.4515
200000 25000 150021 20.5194
195000 30000 150025 24.862
200000 30000 150021 21.4052
200000 20000 150017 16.5359
205000 20000 150014 14.0042
200000 25000 150021 20.5194
205000 25000 150019 18.5118
205000 20000 150014 14.0042
210000 20000 150013 13.3818
205000 25000 150019 18.5118
210000 25000 150016 16.0019
200000 25000 150021 20.5194
205000 25000 150019 18.5118
200000 30000 150021 21.4052
205000 30000 150017 17.2146
205000 25000 150019 18.5118
210000 25000 150016 16.0019
205000 30000 150017 17.2146
210000 30000 150014 13.5099
210000 20000 150013 13.3818
215000 20000 150012 12.183
210000 25000 150016 16.0019
215000 25000 150013 13.0273
215000 20000 150012 12.183
220000 20000 150009 9.42402
215000 25000 150013 13.0273
220000 25000 150011 10.5245
210000 25000 150016 16.0019
215000 25000 150013 13.0273
210000 30000 150014 13.5099
215000 30000 150012 12.2156
215000 25000 150013 13.0273
220000 25000 150011 10.5245
215000 30000 150012 12.2156
220000 30000 150009 8.77601
220000 20000 150009 9.42402
225000 20000 150006 6.34123
220000 25000 150011 10.5245
225000 25000 150006 6.28814
225000 20000 150006 6.34123
230000 20000 150003 3.32891
225000 25000 150006 6.28814
230000 25000 150004 4.05107
220000 25000 150011 10.5245
225000 25000 150006 6.28814
220000 30000 150009 8.77601
225000 30000 150007 7.21467
225000 25000 150006 6.28814
230000 25000 150004 4.05107
225000 30000 150007 7.21467
230000 30000 150003 3.25517
230000 20000 150003 3.32891
235000 20000 150003 2.64063
230000 25000 150004 4.05107
235000 25000 150003 3.24164
235000 20000 150003 2.64063
240000 20000 150002 2.12876
235000 25000 150003 3.24164
240000 25000 150002 2.04567
230000 25000 150004 4.05107
235000 25000 150003 3.24164
230000 30000 150003 3.25517
235000 30000 150003 3.17485
235000 25000 150003 3.24164
240000 25000 150002 2.04567
235000 30000 150003 3.17485
240000 30000 150002 2.37726
160000 30000 150012 11.6811
165000 30000 150018 17.7196
160000 35000 150013 13.4884
165000 35000 150017 16.9545
165000 30000 150018 17.7196
170000 30000 150022 22.3266
165000 35000 150017 16.9545
170000 35000 150022 22.4543
160000 35000 150013 13.4884
165000 35000 150017 16.9545
160000 40000 149988 -11.5641
165000 40000 150008 8.12857
165000 35000 150017 16.9545
170000 35000 150022 22.4543
165000 40000 150008 8.12857
170000 40000 150021 20.8524
170000 30000 150022 22.3266
175000 30000 150026 26.2944
170000 35000 150022 22.4543
175000 35000 150028 28.3769
175000 30000 150026 26.2944
180000 30000 150029 29.0047
175000 35000 150028 28.3769
180000 35000 150031 30.7245
170000 35000 150022 22.4543
175000 35000 150028 28.3769
170000 40000 150021 20.8524
175000 40000 150026 26.4257
175000 35000 150028 28.3769
180000 35000 150031 30.7245
175000 40000 150026 26.4257
180000 40000 150031 30.8513
180000 30000 150029 29.0047
185000 30000 150031 31.4626
180000 35000 150031 30.7245
185000 35000 150032 31.7298
185000 30000 150031 31.4626
190000 30000 150029 28.6978
185000 35000 150032 31.7298
190000 35000 150030 30.4358
180000 35000 150031 30.7245
185000 35000 150032 31.7298
180000 40000 150031 30.8513
185000 40000 150033 33.3638
185000 35000 150032 31.7298
190000 35000 150030 30.4358
185000 40000 150033 33.3638
190000 40000 150033 32.8549
190000 30000 150029 28.6978
195000 30000 150025 24.862
190000 35000 150030 30.4358
195000 35000 150027 27.3551
195000 30000 150025 24.862
200000 30000 150021 21.4052
195000 35000 150027 27.3551
200000 35000 150023 22.6466
190000 35000 150030 30.4358
195000 35000 150027 27.3551
190000 40000 150033 32.8549
195000 40000 150028 27.9788
195000 35000 150027 27.3551
200000 35000 150023 22.6466
195000 40000 150028 27.9788
200000 40000 150026 26.0593
200000 30000 150021 21.4052
205000 30000 150017 17.2146
200000 35000 150023 22.6466
205000 35000 150021 20.9758
205000 30000 150017 17.2146
210000 30000 150014 13.5099
205000 35000 150021 20.9758
210000 35000 150014 13.7445
200000 35000 150023 22.6466
205000 35000 150021 20.9758
200000 40000 150026 26.0593
205000 40000 150021 21.005
205000 35000 150021 20.9758
210000 35000 150014 13.7445
205000 40000 150021 21.005
210000 40000 150018 17.5557
210000 30000 150014 13.5099
215000 30000 150012 12.2156
210000 35000 150014 13.7445
215000 35000 150010 10.3284
215000 30000 150012 12.2156
220000 30000 150009 8.77601
215000 35000 150010 10.3284
220000 35000 150010 9.93828
210000 35000 150014 13.7445
215000 35000 150010 10.3284
210000 40000 150018 17.5557
215000 40000 150014 14.1062
215000 35000 150010 10.3284
220000 35000 150010 9.93828
215000 40000 150014 14.1062
220000 40000 150010 10.1405
220000 30000 150009 8.77601
225000 30000 150007 7.21467
220000 35000 150010 9.93828
225000 35000 150008 8.08999
225000 30000 150007 7.21467
230000 30000 150003 3.25517
225000 35000 150008 8.08999
230000 35000 150007 6.77234
220000 35000 150010 9.93828
225000 35000 150008 8.08999
220000 40000 150010 10.1405
225000 40000 150008 7.70166
225000 35000 150008 8.08999
230000 35000 150007 6.77234
225000 40000 150008 7.70166
230000 40000 150006 6.11579
230000 30000 150003 3.25517
235000 30000 150003 3.17485
230000 35000 150007 6.77234
235000 35000 150005 4.95966
235000 30000 150003 3.17485
240000 30000 150002 2.37726
235000 35000 150005 4.95966
240000 35000 150003 2.60157
230000 35000 150007 6.77234
235000 35000 150005 4.95966
230000 40000 150006 6.11579
235000 40000 150004 3.53533
235000 35000 150005 4.95966
240000 35000 150003 2.60157
235000 40000 150004 3.53533
240000 40000 150002 2.33477
160000 40000 149988 -11.5641
165000 40000 150008 8.12857
160000 45000 150005 4.50008
165000 45000 150016 16.4872
165000 40000 150008 8.12857
170000 40000 150021 20.8524
165000 45000 150016 16.4872
170000 45000 150020 19.7801
160000 45000 150005 4.50008
165000 45000 150016 16.4872
160000 50000 149977 -22.9658
165000 50000 149995 -4.62245
165000 45000 150016 16.4872
170000 45000 150020 19.7801
165000 50000 149995 -4.62245
170000 50000 150016 16.1041
170000 40000 150021 20.8524
175000 40000 150026 26.4257
170000 45000 150020 19.7801
175000 45000 150026 25.6974
175000 40000 150026 26.4257
180000 40000 150031 30.8513
175000 45000 150026 25.6974
180000 45000 150030 30.3198
170000 45000 150020 19.7801
175000 45000 150026 25.6974
170000 50000 150016 16.1041
175000 50000 150026 25.8412
175000 45000 150026 25.6974
180000 45000 150030 30.3198
175000 50000 150026 25.8412
180000 50000 150031 30.9988
180000 40000 150031 30.8513
185000 40000 150033 33.3638
180000 45000 150030 30.3198
185000 45000 150034 34.0139
185000 40000 150033 33.3638
190000 40000 150033 32.8549
185000 45000 150034 34.0139
190000 45000 150033 32.5746
180000 45000 150030 30.3198
185000 45000 150034 34.0139
180000 50000 150031 30.9988
185000 50000 150034 34.2675
185000 45000 150034 34.0139
190000 45000 150033 32.5746
185000 50000 150034 34.2675
190000 50000 150035 34.9894
190000 40000 150033 32.8549
195000 40000 150028 27.9788
190000 45000 150033 32.5746
195000 45000 150032 31.6802
195000 40000 150028 27.9788
200000 40000 150026 26.0593
195000 45000 150032 31.6802
200000 45000 150027 27.1663
190000 45000 150033 32.5746
195000 45000 150032 31.6802
190000 50000 150035 34.9894
195000 50000 150033 33.3255
195000 45000 150032 31.6802
200000 45000 150027 27.1663
195000 50000 150033 33.3255
200000 50000 150031 30.5232
200000 40000 150026 26.0593
205000 40000 150021 21.005
200000 45000 150027 27.1663
205000 45000 150022 22.2025
205000 40000 150021 21.005
210000 40000 150018 17.5557
205000 45000 150022 22.2025
210000 45000 150018 18.0906
200000 45000 150027 27.1663
205000 45000 150022 22.2025
200000 50000 150031 30.5232
205000 50000 150027 26.74
205000 45000 150022 22.2025
210000 45000 150018 18.0906
205000 50000 150027 26.74
210000 50000 150021 20.5789
210000 40000 150018 17.5557
215000 40000 150014 14.1062
210000 45000 150018 18.0906
215000 45000 150015 14.9067
215000 40000 150014 14.1062
220000 40000 150010 10.1405
215000 45000 150015 14.9067
220000 45000 150014 14.2861
210000 45000 150018 18.0906
215000 45000 150015 14.9067
210000 50000 150021 20.5789
215000 50000 150014 13.8971
215000 45000 150015 14.9067
220000 45000 150014 14.2861
215000 50000 150014 13.8971
220000 50000 150010 9.77377
220000 40000 150010 10.1405
225000 40000 150008 7.70166
220000 45000 150014 14.2861
225000 45000 150011 10.9889
225000 40000 150008 7.70166
230000 40000 150006 6.11579
225000 45000 150011 10.9889
230000 45000 150007 6.53924
220000 45000 150014 14.2861
225000 45000 150011 10.9889
220000 50000 150010 9.77377
225000 50000 150010 9.79874
225000 45000 150011 10.9889
230000 45000 150007 6.53924
225000 50000 150010 9.79874
230000 50000 150004 3.91958
230000 40000 150006 6.11579
235000 40000 150004 3.53533
230000 45000 150007 6.53924
235000 45000 150003 3.4733
235000 40000 150004 3.53533
240000 40000 150002 2.33477
235000 45000 150003 3.4733
240000 45000 150001 1.03562
230000 45000 150007 6.53924
235000 45000 150003 3.4733
230000 50000 150004 3.91958
235000 50000 150004 3.84659
235000 45000 150003 3.4733
240000 45000 150001 1.03562
235000 50000 150004 3.84659
240000 50000 150003 3.3053
160000 50000 149977 -22.9658
165000 50000 149995 -4.62245
160000 55000 149966 -34.2124
165000 55000 149994 -6.38575
165000 50000 149995 -4.62245
170000 50000 150016 16.1041
165000 55000 149994 -6.38575
170000 55000 150014 13.5297
160000 55000 149966 -34.2124
165000 55000 149994 -6.38575
160000 60000 149948 -51.8515
165000 60000 149987 -13.3978
165000 55000 149994 -6.38575
170000 55000 150014 13.5297
165000 60000 149987 -13.3978
170000 60000 149997 -3.19149
170000 50000 150016 16.1041
175000 50000 150026 25.8412
170000 55000 150014 13.5297
175000 55000 150021 21.4224
175000 50000 150026 25.8412
180000 50000 150031 30.9988
175000 55000 150021 21.4224
180000 55000 150029 29.0404
170000 55000 150014 13.5297
175000 55000 150021 21.4224
170000 60000 149997 -3.19149
175000 60000 150026 25.6037
175000 55000 150021 21.4224
180000 55000 150029 29.0404
175000 60000 150026 25.6037
180000 60000 150031 31.1447
180000 50000 150031 30.9988
185000 50000 150034 34.2675
180000 55000 150029 29.0404
185000 55000 150034 34.2377
185000 50000 150034 34.2675
190000 50000 150035 34.9894
185000 55000 150034 34.2377
190000 55000 150037 36.7685
180000 55000 150029 29.0404
185000 55000 150034 34.2377
180000 60000 150031 31.1447
185000 60000 150033 33.488
185000 55000 150034 34.2377
190000 55000 150037 36.7685
185000 60000 150033 33.488
190000 60000 150036 36.2309
190000 50000 150035 34.9894
195000 50000 150033 33.3255
190000 55000 150037 36.7685
195000 55000 150035 35.4469
195000 50000 150033 33.3255
200000 50000 150031 30.5232
195000 55000 150035 35.4469
200000 55000 150030 30.4847
190000 55000 150037 36.7685
195000 55000 150035 35.4469
190000 60000 150036 36.2309
195000 60000 150035 35.1641
195000 55000 150035 35.4469
200000 55000 150030 30.4847
195000 60000 150035 35.1641
200000 60000 150030 29.8762
200000 50000 150031 30.5232
205000 50000 150027 26.74
200000 55000 150030 30.4847
205000 55000 150025 24.7322
205000 50000 150027 26.74
210000 50000 150021 20.5789
205000 55000 150025 24.7322
210000 55000 150019 18.7084
200000 55000 150030 30.4847
205000 55000 150025 24.7322
200000 60000 150030 29.8762
205000 60000 150029 28.5193
205000 55000 150025 24.7322
210000 55000 150019 18.7084
205000 60000 150029 28.5193
210000 60000 150026 25.9693
210000 50000 150021 20.5789
215000 50000 150014 13.8971
210000 55000 150019 18.7084
215000 55000 150020 20.1168
215000 50000 150014 13.8971
220000 50000 150010 9.77377
215000 55000 150020 20.1168
220000 55000 150016 16.117
210000 55000 150019 18.7084
215000 55000 150020 20.1168
210000 60000 150026 25.9693
215000 60000 150022 22.2279
215000 55000 150020 20.1168
220000 55000 150016 16.117
215000 60000 150022 22.2279
220000 60000 150017 16.5258
220000 50000 150010 9.77377
225000 50000 150010 9.79874
220000 55000 150016 16.117
225000 55000 150009 9.22175
225000 50000 150010 9.79874
230000 50000 150004 3.91958
225000 55000 150009 9.22175
230000 55000 150008 8.22285
220000 55000 150016 16.117
225000 55000 150009 9.22175
220000 60000 150017 16.5258
225000 60000 150013 12.5189
225000 55000 150009 9.22175
230000 55000 150008 8.22285
225000 60000 150013 12.5189
230000 60000 150010 9.61033
230000 50000 150004 3.91958
235000 50000 150004 3.84659
230000 55000 150008 8.22285
235000 55000 150006 5.5795
235000 50000 150004 3.84659
240000 50000 150003 3.3053
235000 55000 150006 5.5795
240000 55000 150003 3.19418
230000 55000 150008 8.22285
235000 55000 150006 5.5795
230000 60000 150010 9.61033
235000 60000 150006 6.32798
235000 55000 150006 5.5795
240000 55000 150003 3.19418
235000 60000 150006 6.32798
240000 60000 150004 3.75812
160000 60000 149948 -51.8515
165000 60000 149987 -13.3978
160000 65000 149936 -64.2951
165000 65000 149955 -45.4767
165000 60000 149987 -13.3978
170000 60000 149997 -3.19149
165000 65000 149955 -45.4767
170000 65000 150003 3.43541
160000 65000 149936 -64.2951
165000 65000 149955 -45.4767
160000 70000 149903 -97.4863
165000 70000 149946 -54.0904
165000 65000 149955 -45.4767
170000 65000 150003 3.43541
165000 70000 149946 -54.0904
170000 70000 149988 -12.3484
170000 60000 149997 -3.19149
175000 60000 150026 25.6037
170000 65000 150003 3.43541
175000 65000 150028 28.3205
175000 60000 150026 25.6037
180000 60000 150031 31.1447
175000 65000 150028 28.3205
180000 65000 150033 32.9313
170000 65000 150003 3.43541
175000 65000 150028 28.3205
170000 70000 149988 -12.3484
175000 70000 150011 11.4032
175000 65000 150028 28.3205
180000 65000 150033 32.9313
175000 70000 150011 11.4032
180000 70000 150030 29.8041
180000 60000 150031 31.1447
185000 60000 150033 33.488
180000 65000 150033 32.9313
185000 65000 150035 35.0554
185000 60000 150033 33.488
190000 60000 150036 36.2309
185000 65000 150035 35.0554
190000 65000 150037 37.1032
180000 65000 150033 32.9313
185000 65000 150035 35.0554
180000 70000 150030 29.8041
185000 70000 150037 36.6818
185000 65000 150035 35.0554
190000 65000 150037 37.1032
185000 70000 150037 36.6818
190000 70000 150038 38.0834
190000 60000 150036 36.2309
195000 60000 150035 35.1641
190000 65000 150037 37.1032
195000 65000 150035 34.8592
195000 60000 150035 35.1641
200000 60000 150030 29.8762
195000 65000 150035 34.8592
200000 65000 150034 34.4563
190000 65000 150037 37.1032
195000 65000 150035 34.8592
190000 70000 150038 38.0834
195000 70000 150039 38.8235
195000 65000 150035 34.8592
200000 65000 150034 34.4563
195000 70000 150039 38.8235
200000 70000 150037 37.3997
160000 70000 149903 -97.4863
165000 70000 149946 -54.0904
160000 75000 149878 -121.973
165000 75000 149931 -69.4074
165000 70000 149946 -54.0904
170000 70000 149988 -12.3484
165000 75000 149931 -69.4074
170000 75000 149959 -40.9694
160000 75000 149878 -121.973
165000 75000 149931 -69.4074
160000 80000 149877 -123.406
165000 80000 149900 -100.366
165000 75000 149931 -69.4074
170000 75000 149959 -40.9694
165000 80000 149900 -100.366
170000 80000 149947 -53.1196
170000 70000 149988 -12.3484
175000 70000 150011 11.4032
170000 75000 149959 -40.9694
175000 75000 150000 0.200243
175000 70000 150011 11.4032
180000 70000 150030 29.8041
175000 75000 150000 0.200243
180000 75000 150031 30.7961
170000 75000 149959 -40.9694
175000 75000 150000 0.200243
170000 80000 149947 -53.1196
175000 80000 149992 -8.0011
175000 75000 150000 0.200243
180000 75000 150031 30.7961
175000 80000 149992 -8.0011
180000 80000 150026 26.4178
180000 70000 150030 29.8041
185000 70000 150037 36.6818
180000 75000 150031 30.7961
185000 75000 150040 39.7988
185000 70000 150037 36.6818
190000 70000 150038 38.0834
185000 75000 150040 39.7988
190000 75000 150041 40.9716
180000 75000 150031 30.7961
185000 75000 150040 39.7988
180000 80000 150026 26.4178
185000 80000 150039 38.9146
185000 75000 150040 39.7988
190000 75000 150041 40.9716
185000 80000 150039 38.9146
190000 80000 150041 41.3251
190000 70000 150038 38.0834
195000 70000 150039 38.8235
190000 75000 150041 40.9716
195000 75000 150040 40.0344
195000 70000 150039 38.8235
200000 70000 150037 37.3997
195000 75000 150040 40.0344
200000 75000 150038 37.5889
190000 75000 150041 40.9716
195000 75000 150040 40.0344
190000 80000 150041 41.3251
195000 80000 150040 40.3914
195000 75000 150040 40.0344
200000 75000 150038 37.5889
195000 80000 150040 40.3914
200000 80000 150039 39.3919
110000 80000 150026 26.1844
115000 80000 150027 26.6409
110000 85000 150023 22.6459
115000 85000 150025 24.9446
115000 80000 150027 26.6409
120000 80000 150027 26.767
115000 85000 150025 24.9446
120000 85000 150026 25.8984
110000 85000 150023 22.6459
115000 85000 150025 24.9446
110000 90000 150021 21.3552
115000 90000 150023 23.4559
115000 85000 150025 24.9446
120000 85000 150026 25.8984
115000 90000 150023 23.4559
120000 90000 150025 24.5646
120000 80000 150027 26.767
125000 80000 150023 23.335
120000 85000 150026 25.8984
125000 85000 150023 22.7134
125000 80000 150023 23.335
130000 80000 150018 17.8516
125000 85000 150023 22.7134
130000 85000 150019 18.5425
120000 85000 150026 25.8984
125000 85000 150023 22.7134
120000 90000 150025 24.5646
125000 90000 150023 22.8674
125000 85000 150023 22.7134
130000 85000 150019 18.5425
125000 90000 150023 22.8674
130000 90000 150018 18.2382
130000 80000 150018 17.8516
135000 80000 150009 9.14157
130000 85000 150019 18.5425
135000 85000 150015 15.3901
135000 80000 150009 9.14157
140000 80000 150008 7.69716
135000 85000 150015 15.3901
140000 85000 150012 12.4282
130000 85000 150019 18.5425
135000 85000 150015 15.3901
130000 90000 150018 18.2382
135000 90000 150012 12.1486
135000 85000 150015 15.3901
140000 85000 150012 12.4282
135000 90000 150012 12.1486
140000 90000 150002 2.13813
140000 80000 150008 7.69716
145000 80000 149993 -6.57423
140000 85000 150012 12.4282
145000 85000 150003 3.31088
145000 80000 149993 -6.57423
150000 80000 149957 -43.0398
145000 85000 150003 3.31088
150000 85000 149974 -26.0532
140000 85000 150012 12.4282
145000 85000 150003 3.31088
140000 90000 150002 2.13813
145000 90000 149983 -17.027
145000 85000 150003 3.31088
150000 85000 149974 -26.0532
145000 90000 149983 -17.027
150000 90000 149986 -13.8921
150000 80000 149957 -43.0398
155000 80000 149924 -75.6375
150000 85000 149974 -26.0532
155000 85000 149944 -56.1681
155000 80000 149924 -75.6375
160000 80000 149877 -123.406
155000 85000 149944 -56.1681
160000 85000 149899 -100.954
150000 85000 149974 -26.0532
155000 85000 149944 -56.1681
150000 90000 149986 -13.8921
155000 90000 149960 -40.0726
155000 85000 149944 -56.1681
160000 85000 149899 -100.954
155000 90000 149960 -40.0726
160000 90000 149930 -69.6227
100000 90000 150015 15.3513
105000 90000 150019 18.7392
100000 95000 150013 13.3885
105000 95000 150018 17.9097
105000 90000 150019 18.7392
110000 90000 150021 21.3552
105000 95000 150018 17.9097
110000 95000 150021 21.2441
100000 95000 150013 13.3885
105000 95000 150018 17.9097
100000 100000 150014 13.539
105000 100000 150017 16.696
105000 95000 150018 17.9097
110000 95000 150021 21.2441
105000 100000 150017 16.696
110000 100000 150017 17.4081
110000 90000 150021 21.3552
115000 90000 150023 23.4559
110000 95000 150021 21.2441
115000 95000 150021 21.1377
115000 90000 150023 23.4559
120000 90000 150025 24.5646
115000 95000 150021 21.1377
120000 95000 150023 22.6255
110000 95000 150021 21.2441
115000 95000 150021 21.1377
110000 100000 150017 17.4081
115000 100000 150021 21.1005
115000 95000 150021 21.1377
120000 95000 150023 22.6255
115000 100000 150021 21.1005
120000 100000 150022 21.7145
120000 90000 150025 24.5646
125000 90000 150023 22.8674
120000 95000 150023 22.6255
125000 95000 150022 21.6158
125000 90000 150023 22.8674
130000 90000 150018 18.2382
125000 95000 150022 21.6158
130000 95000 150018 17.7745
120000 95000 150023 22.6255
125000 95000 150022 21.6158
120000 100000 150022 21.7145
125000 100000 150020 20.3367
125000 95000 150022 21.6158
130000 95000 150018 17.7745
125000 100000 150020 20.3367
130000 100000 150017 17.0901
130000 90000 150018 18.2382
135000 90000 150012 12.1486
130000 95000 150018 17.7745
135000 95000 150013 12.951
135000 90000 150012 12.1486
140000 90000 150002 2.13813
135000 95000 150013 12.951
140000 95000 150009 8.75524
130000 95000 150018 17.7745
135000 95000 150013 12.951
130000 100000 150017 17.0901
135000 100000 150013 12.5837
135000 95000 150013 12.951
140000 95000 150009 8.75524
135000 100000 150013 12.5837
140000 100000 150008 8.20926
140000 90000 150002 2.13813
145000 90000 149983 -17.027
140000 95000 150009 8.75524
145000 95000 150006 5.7282
145000 90000 149983 -17.027
150000 90000 149986 -13.8921
145000 95000 150006 5.7282
150000 95000 149996 -4.49296
140000 95000 150009 8.75524
145000 95000 150006 5.7282
140000 100000 150008 8.20926
145000 100000 150004 3.72694
145000 95000 150006 5.7282
150000 95000 149996 -4.49296
145000 100000 150004 3.72694
150000 100000 149998 -2.31182
150000 90000 149986 -13.8921
155000 90000 149960 -40.0726
150000 95000 149996 -4.49296
155000 95000 149970 -30.1332
155000 90000 149960 -40.0726
160000 90000 149930 -69.6227
155000 95000 149970 -30.1332
160000 95000 149946 -54.4681
150000 95000 149996 -4.49296
155000 95000 149970 -30.1332
150000 100000 149998 -2.31182
155000 100000 149980 -19.5375
155000 95000 149970 -30.1332
160000 95000 149946 -54.4681
155000 100000 149980 -19.5375
160000 100000 149956 -44.1871
80000 100000 149997 -2.65997
85000 100000 150003 3.01658
80000 105000 150003 3.03791
85000 105000 150005 4.69218
85000 100000 150003 3.01658
90000 100000 150004 3.56826
85000 105000 150005 4.69218
90000 105000 150007 6.61445
80000 105000 150003 3.03791
85000 105000 150005 4.69218
80000 110000 150001 1.30215
85000 110000 150002 1.95414
85000 105000 150005 4.69218
90000 105000 150007 6.61445
85000 110000 150002 1.95414
90000 110000 150005 5.27066
90000 100000 150004 3.56826
95000 100000 150007 7.25867
90000 105000 150007 6.61445
95000 105000 150008 8.38324
95000 100000 150007 7.25867
100000 100000 150014 13.539
95000 105000 150008 8.38324
100000 105000 150011 11.196
90000 105000 150007 6.61445
95000 105000 150008 8.38324
90000 110000 150005 5.27066
95000 110000 150010 9.74745
95000 105000 150008 8.38324
100000 105000 150011 11.196
95000 110000 150010 9.74745
100000 110000 150013 12.97
100000 100000 150014 13.539
105000 100000 150017 16.696
100000 105000 150011 11.196
105000 105000 150015 14.8814
105000 100000 150017 16.696
110000 100000 150017 17.4081
105000 105000 150015 14.8814
110000 105000 150018 18.2128
100000 105000 150011 11.196
105000 105000 150015 14.8814
100000 110000 150013 12.97
105000 110000 150017 16.7926
105000 105000 150015 14.8814
110000 105000 150018 18.2128
105000 110000 150017 16.7926
110000 110000 150017 17.1967
110000 100000 150017 17.4081
115000 100000 150021 21.1005
110000 105000 150018 18.2128
115000 105000 150020 19.5158
115000 100000 150021 21.1005
120000 100000 150022 21.7145
115000 105000 150020 19.5158
120000 105000 150020 20.1939
110000 105000 150018 18.2128
115000 105000 150020 19.5158
110000 110000 150017 17.1967
115000 110000 150017 16.84
115000 105000 150020 19.5158
120000 105000 150020 20.1939
115000 110000 150017 16.84
120000 110000 150018 18.0606
120000 100000 150022 21.7145
125000 100000 150020 20.3367
120000 105000 150020 20.1939
125000 105000 150020 20.3912
125000 100000 150020 20.3367
130000 100000 150017 17.0901
125000 105000 150020 20.3912
130000 105000 150019 18.919
120000 105000 150020 20.1939
125000 105000 150020 20.3912
120000 110000 150018 18.0606
125000 110000 150020 19.5633
125000 105000 150020 20.3912
130000 105000 150019 18.919
125000 110000 150020 19.5633
130000 110000 150017 17.0538
130000 100000 150017 17.0901
135000 100000 150013 12.5837
130000 105000 150019 18.919
135000 105000 150012 11.7737
135000 100000 150013 12.5837
140000 100000 150008 8.20926
135000 105000 150012 11.7737
140000 105000 150004 3.80053
130000 105000 150019 18.919
135000 105000 150012 11.7737
130000 110000 150017 17.0538
135000 110000 150013 13.1586
135000 105000 150012 11.7737
140000 105000 150004 3.80053
135000 110000 150013 13.1586
140000 110000 150005 5.32137
140000 100000 150008 8.20926
145000 100000 150004 3.72694
140000 105000 150004 3.80053
145000 105000 149995 -4.88737
145000 100000 150004 3.72694
150000 100000 149998 -2.31182
145000 105000 149995 -4.88737
150000 105000 149992 -7.64979
140000 105000 150004 3.80053
145000 105000 149995 -4.88737
140000 110000 150005 5.32137
145000 110000 150000 0.136093
145000 105000 149995 -4.88737
150000 105000 149992 -7.64979
145000 110000 150000 0.136093
150000 110000 149986 -13.9948
150000 100000 149998 -2.31182
155000 100000 149980 -19.5375
150000 105000 149992 -7.64979
155000 105000 149983 -16.8283
155000 100000 149980 -19.5375
160000 100000 149956 -44.1871
155000 105000 149983 -16.8283
160000 105000 149962 -38.2286
150000 105000 149992 -7.64979
155000 105000 149983 -16.8283
150000 110000 149986 -13.9948
155000 110000 149978 -22.2806
155000 105000 149983 -16.8283
160000 105000 149962 -38.2286
155000 110000 149978 -22.2806
160000 110000 149966 -34.2777
80000 110000 150001 1.30215
85000 110000 150002 1.95414
80000 115000 150001 0.644837
85000 115000 150004 4.00553
85000 110000 150002 1.95414
90000 110000 150005 5.27066
85000 115000 150004 4.00553
90000 115000 150006 6.25197
80000 115000 150001 0.644837
85000 115000 150004 4.00553
80000 120000 150000 0.0294624
85000 120000 150002 2.30712
85000 115000 150004 4.00553
90000 115000 150006 6.25197
85000 120000 150002 2.30712
90000 120000 150004 4.49684
90000 110000 150005 5.27066
95000 110000 150010 9.74745
90000 115000 150006 6.25197
95000 115000 150010 9.8616
95000 110000 150010 9.74745
100000 110000 150013 12.97
95000 115000 150010 9.8616
100000 115000 150013 13.1395
90000 115000 150006 6.25197
95000 115000 150010 9.8616
90000 120000 150004 4.49684
95000 120000 150007 6.63747
95000 115000 150010 9.8616
100000 115000 150013 13.1395
95000 120000 150007 6.63747
100000 120000 150009 8.86395
100000 110000 150013 12.97
105000 110000 150017 16.7926
100000 115000 150013 13.1395
105000 115000 150014 14.171
105000 110000 150017 16.7926
110000 110000 150017 17.1967
105000 115000 150014 14.171
110000 115000 150016 16.0821
100000 115000 150013 13.1395
105000 115000 150014 14.171
100000 120000 150009 8.86395
105000 120000 150014 14.091
105000 115000 150014 14.171
110000 115000 150016 16.0821
105000 120000 150014 14.091
110000 120000 150017 16.8357
110000 110000 150017 17.1967
115000 110000 150017 16.84
110000 115000 150016 16.0821
115000 115000 150018 17.8984
115000 110000 150017 16.84
120000 110000 150018 18.0606
115000 115000 150018 17.8984
120000 115000 150019 18.7767
110000 115000 150016 16.0821
115000 115000 150018 17.8984
110000 120000 150017 16.8357
115000 120000 150017 16.6248
115000 115000 150018 17.8984
120000 115000 150019 18.7767
115000 120000 150017 16.6248
120000 120000 150019 18.8557
120000 110000 150018 18.0606
125000 110000 150020 19.5633
120000 115000 150019 18.7767
125000 115000 150019 19.0141
125000 110000 150020 19.5633
130000 110000 150017 17.0538
125000 115000 150019 19.0141
130000 115000 150017 17.4614
120000 115000 150019 18.7767
125000 115000 150019 19.0141
120000 120000 150019 18.8557
125000 120000 150019 19.2654
125000 115000 150019 19.0141
130000 115000 150017 17.4614
125000 120000 150019 19.2654
130000 120000 150017 17.1799
130000 110000 150017 17.0538
135000 110000 150013 13.1586
130000 115000 150017 17.4614
135000 115000 150013 12.5485
135000 110000 150013 13.1586
140000 110000 150005 5.32137
135000 115000 150013 12.5485
140000 115000 150004 3.62742
130000 115000 150017 17.4614
135000 115000 150013 12.5485
130000 120000 150017 17.1799
135000 120000 150013 13.2474
135000 115000 150013 12.5485
140000 115000 150004 3.62742
135000 120000 150013 13.2474
140000 120000 150008 8.14827
140000 110000 150005 5.32137
145000 110000 150000 0.136093
140000 115000 150004 3.62742
145000 115000 149992 -7.77437
145000 110000 150000 0.136093
150000 110000 149986 -13.9948
145000 115000 149992 -7.77437
150000 115000 149980 -20.291
140000 115000 150004 3.62742
145000 115000 149992 -7.77437
140000 120000 150008 8.14827
145000 120000 149999 -1.17472
145000 115000 149992 -7.77437
150000 115000 149980 -20.291
145000 120000 149999 -1.17472
150000 120000 149990 -10.3097
150000 110000 149986 -13.9948
155000 110000 149978 -22.2806
150000 115000 149980 -20.291
155000 115000 149966 -34.1423
155000 110000 149978 -22.2806
160000 110000 149966 -34.2777
155000 115000 149966 -34.1423
160000 115000 149955 -45.1142
150000 115000 149980 -20.291
155000 115000 149966 -34.1423
150000 120000 149990 -10.3097
155000 120000 149981 -19.319
155000 115000 149966 -34.1423
160000 115000 149955 -45.1142
155000 120000 149981 -19.319
160000 120000 149970 -30.0109
240000 0 150003 3.24577
245000 0 150002 1.55093
240000 5000 150002 2.22626
245000 5000 150001 1.23592
245000 0 150002 1.55093
250000 0 150000 -0.224991
245000 5000 150001 1.23592
250000 5000 149998 -2.14242
240000 5000 150002 2.22626
245000 5000 150001 1.23592
240000 10000 149999 -0.515173
245000 10000 149999 -1.15629
245000 5000 150001 1.23592
250000 5000 149998 -2.14242
245000 10000 149999 -1.15629
250000 10000 150000 -0.0635442
250000 0 150000 -0.224991
255000 0 149998 -1.61155
250000 5000 149998 -2.14242
255000 5000 149998 -1.76173
255000 0 149998 -1.61155
260000 0 149998 -2.32326
255000 5000 149998 -1.76173
260000 5000 149997 -3.07857
250000 5000 149998 -2.14242
255000 5000 149998 -1.76173
250000 10000 150000 -0.0635442
255000 10000 149998 -1.80857
255000 5000 149998 -1.76173
260000 5000 149997 -3.07857
255000 10000 149998 -1.80857
260000 10000 149997 -2.54053
260000 0 149998 -2.32326
265000 0 149997 -3.44525
260000 5000 149997 -3.07857
265000 5000 149997 -3.16248
265000 0 149997 -3.44525
270000 0 149996 -3.63062
265000 5000 149997 -3.16248
270000 5000 149997 -3.27014
260000 5000 149997 -3.07857
265000 5000 149997 -3.16248
260000 10000 149997 -2.54053
265000 10000 149997 -3.17894
265000 5000 149997 -3.16248
270000 5000 149997 -3.27014
265000 10000 149997 -3.17894
270000 10000 149997 -3.28162
270000 0 149996 -3.63062
275000 0 149996 -3.82055
270000 5000 149997 -3.27014
275000 5000 149997 -3.35987
275000 0 149996 -3.82055
280000 0 149996 -3.89889
275000 5000 149997 -3.35987
280000 5000 149996 -3.56739
270000 5000 149997 -3.27014
275000 5000 149997 -3.35987
270000 10000 149997 -3.28162
275000 10000 149997 -3.37203
275000 5000 149997 -3.35987
280000 5000 149996 -3.56739
275000 10000 149997 -3.37203
280000 10000 149997 -3.44565
280000 0 149996 -3.89889
285000 0 149996 -3.94988
280000 5000 149996 -3.56739
285000 5000 149997 -3.49082
285000 0 149996 -3.94988
290000 0 149996 -3.52122
285000 5000 149997 -3.49082
290000 5000 149997 -2.90584
280000 5000 149996 -3.56739
285000 5000 149997 -3.49082
280000 10000 149997 -3.44565
285000 10000 149997 -3.43796
285000 5000 149997 -3.49082
290000 5000 149997 -2.90584
285000 10000 149997 -3.43796
290000 10000 149997 -3.31295
290000 0 149996 -3.52122
295000 0 149997 -2.70975
290000 5000 149997 -2.90584
295000 5000 149997 -2.60258
295000 0 149997 -2.70975
300000 0 149998 -2.04575
295000 5000 149997 -2.60258
300000 5000 149997 -2.56021
290000 5000 149997 -2.90584
295000 5000 149997 -2.60258
290000 10000 149997 -3.31295
295000 10000 149997 -2.69996
295000 5000 149997 -2.60258
300000 5000 149997 -2.56021
295000 10000 149997 -2.69996
300000 10000 149997 -2.67358
240000 10000 149999 -0.515173
245000 10000 149999 -1.15629
240000 15000 150001 1.09309
245000 15000 150001 1.16202
245000 10000 149999 -1.15629
250000 10000 150000 -0.0635442
245000 15000 150001 1.16202
250000 15000 150000 0.366101
240000 15000 150001 1.09309
245000 15000 150001 1.16202
240000 20000 150002 2.12876
245000 20000 150000 0.129176
245000 15000 150001 1.16202
250000 15000 150000 0.366101
245000 20000 150000 0.129176
250000 20000 150000 0.356055
250000 10000 150000 -0.0635442
255000 10000 149998 -1.80857
250000 15000 150000 0.366101
255000 15000 149999 -0.750653
255000 10000 149998 -1.80857
260000 10000 149997 -2.54053
255000 15000 149999 -0.750653
260000 15000 149998 -2.0794
250000 15000 150000 0.366101
255000 15000 149999 -0.750653
250000 20000 150000 0.356055
255000 20000 150000 -0.30886
255000 15000 149999 -0.750653
260000 15000 149998 -2.0794
255000 20000 150000 -0.30886
260000 20000 149999 -1.31429
260000 10000 149997 -2.54053
265000 10000 149997 -3.17894
260000 15000 149998 -2.0794
265000 15000 149997 -2.77389
265000 10000 149997 -3.17894
270000 10000 149997 -3.28162
265000 15000 149997 -2.77389
270000 15000 149997 -3.23999
260000 15000 149998 -2.0794
265000 15000 149997 -2.77389
260000 20000 149999 -1.31429
265000 20000 149997 -2.97805
265000 15000 149997 -2.77389
270000 15000 149997 -3.23999
265000 20000 149997 -2.97805
270000 20000 149997 -2.82069
270000 10000 149997 -3.28162
275000 10000 149997 -3.37203
270000 15000 149997 -3.23999
275000 15000 149997 -3.30181
275000 10000 149997 -3.37203
280000 10000 149997 -3.44565
275000 15000 149997 -3.30181
280000 15000 149997 -3.38237
270000 15000 149997 -3.23999
275000 15000 149997 -3.30181
270000 20000 149997 -2.82069
275000 20000 149997 -3.26651
275000 15000 149997 -3.30181
280000 15000 149997 -3.38237
275000 20000 149997 -3.26651
280000 20000 149997 -3.37055
280000 10000 149997 -3.44565
285000 10000 149997 -3.43796
280000 15000 149997 -3.38237
285000 15000 149997 -3.42164
285000 10000 149997 -3.43796
290000 10000 149997 -3.31295
285000 15000 149997 -3.42164
290000 15000 149997 -3.3172
280000 15000 149997 -3.38237
285000 15000 149997 -3.42164
280000 20000 149997 -3.37055
285000 20000 149997 -3.40864
285000 15000 149997 -3.42164
290000 15000 149997 -3.3172
285000 20000 149997 -3.40864
290000 20000 149997 -3.31004
290000 10000 149997 -3.31295
295000 10000 149997 -2.69996
290000 15000 149997 -3.3172
295000 15000 149997 -3.01739
295000 10000 149997 -2.69996
300000 10000 149997 -2.67358
295000 15000 149997 -3.01739
300000 15000 149997 -2.86685
290000 15000 149997 -3.3172
295000 15000 149997 -3.01739
290000 20000 149997 -3.31004
295000 20000 149997 -2.91892
295000 15000 149997 -3.01739
300000 15000 149997 -2.86685
295000 20000 149997 -2.91892
300000 20000 149997 -2.97403
240000 20000 150002 2.12876
245000 20000 150000 0.129176
240000 25000 150002 2.04567
245000 25000 150001 1.29152
245000 20000 150000 0.129176
250000 20000 150000 0.356055
245000 25000 150001 1.29152
250000 25000 149999 -0.933223
240000 25000 150002 2.04567
245000 25000 150001 1.29152
240000 30000 150002 2.37726
245000 30000 150001 1.09928
245000 25000 150001 1.29152
250000 25000 149999 -0.933223
245000 30000 150001 1.09928
250000 30000 149999 -0.505463
250000 20000 150000 0.356055
255000 20000 150000 -0.30886
250000 25000 149999 -0.933223
255000 25000 149999 -1.01777
255000 20000 150000 -0.30886
260000 20000 149999 -1.31429
255000 25000 149999 -1.01777
260000 25000 149998 -2.37187
250000 25000 149999 -0.933223
255000 25000 149999 -1.01777
250000 30000 149999 -0.505463
255000 30000 149999 -1.26164
255000 25000 149999 -1.01777
260000 25000 149998 -2.37187
255000 30000 149999 -1.26164
260000 30000 149998 -1.63892
260000 20000 149999 -1.31429
265000 20000 149997 -2.97805
260000 25000 149998 -2.37187
265000 25000 149998 -2.24722
265000 20000 149997 -2.97805
270000 20000 149997 -2.82069
265000 25000 149998 -2.24722
270000 25000 149997 -2.63092
260000 25000 149998 -2.37187
265000 25000 149998 -2.24722
260000 30000 149998 -1.63892
265000 30000 149998 -1.70873
265000 25000 149998 -2.24722
270000 25000 149997 -2.63092
265000 30000 149998 -1.70873
270000 30000 149998 -1.96263
270000 20000 149997 -2.82069
275000 20000 149997 -3.26651
270000 25000 149997 -2.63092
275000 25000 149997 -2.51384
275000 20000 149997 -3.26651
280000 20000 149997 -3.37055
275000 25000 149997 -2.51384
280000 25000 149997 -2.72644
270000 25000 149997 -2.63092
275000 25000 149997 -2.51384
270000 30000 149998 -1.96263
275000 30000 149998 -2.30668
275000 25000 149997 -2.51384
280000 25000 149997 -2.72644
275000 30000 149998 -2.30668
280000 30000 149997 -2.87925
280000 20000 149997 -3.37055
285000 20000 149997 -3.40864
280000 25000 149997 -2.72644
285000 25000 149997 -3.45127
285000 20000 149997 -3.40864
290000 20000 149997 -3.31004
285000 25000 149997 -3.45127
290000 25000 149997 -3.49473
280000 25000 149997 -2.72644
285000 25000 149997 -3.45127
280000 30000 149997 -2.87925
285000 30000 149997 -3.40572
285000 25000 149997 -3.45127
290000 25000 149997 -3.49473
285000 30000 149997 -3.40572
290000 30000 149997 -3.47567
290000 20000 149997 -3.31004
295000 20000 149997 -2.91892
290000 25000 149997 -3.49473
295000 25000 149997 -3.11331
295000 20000 149997 -2.91892
300000 20000 149997 -2.97403
295000 25000 149997 -3.11331
300000 25000 149997 -3.22113
290000 25000 149997 -3.49473
295000 25000 149997 -3.11331
290000 30000 149997 -3.47567
295000 30000 149996 -3.53852
295000 25000 149997 -3.11331
300000 25000 149997 -3.22113
295000 30000 149996 -3.53852
300000 30000 149996 -3.66703
240000 30000 150002 2.37726
245000 30000 150001 1.09928
240000 35000 150003 2.60157
245000 35000 150002 1.52759
245000 30000 150001 1.09928
250000 30000 149999 -0.505463
245000 35000 150002 1.52759
250000 35000 150001 0.749463
240000 35000 150003 2.60157
245000 35000 150002 1.52759
240000 40000 150002 2.33477
245000 40000 150001 1.27158
245000 35000 150002 1.52759
250000 35000 150001 0.749463
245000 40000 150001 1.27158
250000 40000 150001 1.27296
250000 30000 149999 -0.505463
255000 30000 149999 -1.26164
250000 35000 150001 0.749463
255000 35000 149999 -0.993387
255000 30000 149999 -1.26164
260000 30000 149998 -1.63892
255000 35000 149999 -0.993387
260000 35000 149998 -1.99243
250000 35000 150001 0.749463
255000 35000 149999 -0.993387
250000 40000 150001 1.27296
255000 40000 150000 0.430407
255000 35000 149999 -0.993387
260000 35000 149998 -1.99243
255000 40000 150000 0.430407
260000 40000 149999 -0.682827
260000 30000 149998 -1.63892
265000 30000 149998 -1.70873
260000 35000 149998 -1.99243
265000 35000 149997 -2.52659
265000 30000 149998 -1.70873
270000 30000 149998 -1.96263
265000 35000 149997 -2.52659
270000 35000 149997 -2.74432
260000 35000 149998 -1.99243
265000 35000 149997 -2.52659
260000 40000 149999 -0.682827
265000 40000 149998 -1.90276
265000 35000 149997 -2.52659
270000 35000 149997 -2.74432
265000 40000 149998 -1.90276
270000 40000 149998 -2.05077
270000 30000 149998 -1.96263
275000 30000 149998 -2.30668
270000 35000 149997 -2.74432
275000 35000 149997 -2.51074
275000 30000 149998 -2.30668
280000 30000 149997 -2.87925
275000 35000 149997 -2.51074
280000 35000 149998 -2.46807
270000 35000 149997 -2.74432
275000 35000 149997 -2.51074
270000 40000 149998 -2.05077
275000 40000 149998 -1.52303
275000 35000 149997 -2.51074
280000 35000 149998 -2.46807
275000 40000 149998 -1.52303
280000 40000 149998 -2.03425
280000 30000 149997 -2.87925
285000 30000 149997 -3.40572
280000 35000 149998 -2.46807
285000 35000 149997 -3.00726
285000 30000 149997 -3.40572
290000 30000 149997 -3.47567
285000 35000 149997 -3.00726
290000 35000 149997 -3.12674
280000 35000 149998 -2.46807
285000 35000 149997 -3.00726
280000 40000 149998 -2.03425
285000 40000 149998 -2.36408
285000 35000 149997 -3.00726
290000 35000 149997 -3.12674
285000 40000 149998 -2.36408
290000 40000 149998 -2.44801
290000 30000 149997 -3.47567
295000 30000 149996 -3.53852
290000 35000 149997 -3.12674
295000 35000 149997 -3.25915
295000 30000 149996 -3.53852
300000 30000 149996 -3.66703
295000 35000 149997 -3.25915
300000 35000 149997 -3.40437
290000 35000 149997 -3.12674
295000 35000 149997 -3.25915
290000 40000 149998 -2.44801
295000 40000 149997 -2.91344
295000 35000 149997 -3.25915
300000 35000 149997 -3.40437
295000 40000 149997 -2.91344
300000 40000 149996 -3.78495
240000 40000 150002 2.33477
245000 40000 150001 1.27158
240000 45000 150001 1.03562
245000 45000 150001 1.3479
245000 40000 150001 1.27158
250000 40000 150001 1.27296
245000 45000 150001 1.3479
250000 45000 150000 -0.440923
240000 45000 150001 1.03562
245000 45000 150001 1.3479
240000 50000 150003 3.3053
245000 50000 150002 2.21837
245000 45000 150001 1.3479
250000 45000 150000 -0.440923
245000 50000 150002 2.21837
250000 50000 150001 1.45047
250000 40000 150001 1.27296
255000 40000 150000 0.430407
250000 45000 150000 -0.440923
255000 45000 150000 -0.402618
255000 40000 150000 0.430407
260000 40000 149999 -0.682827
255000 45000 150000 -0.402618
260000 45000 149998 -1.65587
250000 45000 150000 -0.440923
255000 45000 150000 -0.402618
250000 50000 150001 1.45047
255000 50000 150000 0.497236
255000 45000 150000 -0.402618
260000 45000 149998 -1.65587
255000 50000 150000 0.497236
260000 50000 150000 -0.419571
260000 40000 149999 -0.682827
265000 40000 149998 -1.90276
260000 45000 149998 -1.65587
265000 45000 149998 -1.80761
265000 40000 149998 -1.90276
270000 40000 149998 -2.05077
265000 45000 149998 -1.80761
270000 45000 149998 -1.91947
260000 45000 149998 -1.65587
265000 45000 149998 -1.80761
260000 50000 150000 -0.419571
265000 50000 149999 -1.19149
265000 45000 149998 -1.80761
270000 45000 149998 -1.91947
265000 50000 149999 -1.19149
270000 50000 149998 -1.69094
270000 40000 149998 -2.05077
275000 40000 149998 -1.52303
270000 45000 149998 -1.91947
275000 45000 149999 -1.44162
275000 40000 149998 -1.52303
280000 40000 149998 -2.03425
275000 45000 149999 -1.44162
280000 45000 149998 -1.71429
270000 45000 149998 -1.91947
275000 45000 149999 -1.44162
270000 50000 149998 -1.69094
275000 50000 149998 -2.12197
275000 45000 149999 -1.44162
280000 45000 149998 -1.71429
275000 50000 149998 -2.12197
280000 50000 149998 -2.01976
280000 40000 149998 -2.03425
285000 40000 149998 -2.36408
280000 45000 149998 -1.71429
285000 45000 149997 -2.57959
285000 40000 149998 -2.36408
290000 40000 149998 -2.44801
285000 45000 149997 -2.57959
290000 45000 149997 -3.13103
280000 45000 149998 -1.71429
285000 45000 149997 -2.57959
280000 50000 149998 -2.01976
285000 50000 149998 -2.27187
285000 45000 149997 -2.57959
290000 45000 149997 -3.13103
285000 50000 149998 -2.27187
290000 50000 149998 -2.27863
290000 40000 149998 -2.44801
295000 40000 149997 -2.91344
290000 45000 149997 -3.13103
295000 45000 149997 -3.41186
295000 40000 149997 -2.91344
300000 40000 149996 -3.78495
295000 45000 149997 -3.41186
300000 45000 149997 -3.20924
290000 45000 149997 -3.13103
295000 45000 149997 -3.41186
290000 50000 149998 -2.27863
295000 50000 149997 -2.6849
295000 45000 149997 -3.41186
300000 45000 149997 -3.20924
295000 50000 149997 -2.6849
300000 50000 149996 -3.61034
240000 50000 150003 3.3053
245000 50000 150002 2.21837
240000 55000 150003 3.19418
245000 55000 150002 2.31266
245000 50000 150002 2.21837
250000 50000 150001 1.45047
245000 55000 150002 2.31266
250000 55000 150000 0.0137512
240000 55000 150003 3.19418
245000 55000 150002 2.31266
240000 60000 150004 3.75812
245000 60000 150001 1.26899
245000 55000 150002 2.31266
250000 55000 150000 0.0137512
245000 60000 150001 1.26899
250000 60000 150001 0.916209
250000 50000 150001 1.45047
255000 50000 150000 0.497236
250000 55000 150000 0.0137512
255000 55000 149999 -1.39127
255000 50000 150000 0.497236
260000 50000 150000 -0.419571
255000 55000 149999 -1.39127
260000 55000 149998 -1.54712
250000 55000 150000 0.0137512
255000 55000 149999 -1.39127
250000 60000 150001 0.916209
255000 60000 150001 0.792932
255000 55000 149999 -1.39127
260000 55000 149998 -1.54712
255000 60000 150001 0.792932
260000 60000 150000 0.0459521
260000 50000 150000 -0.419571
265000 50000 149999 -1.19149
260000 55000 149998 -1.54712
265000 55000 149998 -1.73537
265000 50000 149999 -1.19149
270000 50000 149998 -1.69094
265000 55000 149998 -1.73537
270000 55000 149999 -1.23703
260000 55000 149998 -1.54712
265000 55000 149998 -1.73537
260000 60000 150000 0.0459521
265000 60000 149999 -0.912587
265000 55000 149998 -1.73537
270000 55000 149999 -1.23703
265000 60000 149999 -0.912587
270000 60000 149999 -0.871209
270000 50000 149998 -1.69094
275000 50000 149998 -2.12197
270000 55000 149999 -1.23703
275000 55000 149998 -1.83132
275000 50000 149998 -2.12197
280000 50000 149998 -2.01976
275000 55000 149998 -1.83132
280000 55000 149997 -2.62125
270000 55000 149999 -1.23703
275000 55000 149998 -1.83132
270000 60000 149999 -0.871209
275000 60000 149998 -1.85667
275000 55000 149998 -1.83132
280000 55000 149997 -2.62125
275000 60000 149998 -1.85667
280000 60000 149998 -2.34627
280000 50000 149998 -2.01976
285000 50000 149998 -2.27187
280000 55000 149997 -2.62125
285000 55000 149998 -2.19453
285000 50000 149998 -2.27187
290000 50000 149998 -2.27863
285000 55000 149998 -2.19453
290000 55000 149997 -2.8781
280000 55000 149997 -2.62125
285000 55000 149998 -2.19453
280000 60000 149998 -2.34627
285000 60000 149997 -2.99621
285000 55000 149998 -2.19453
290000 55000 149997 -2.8781
285000 60000 149997 -2.99621
290000 60000 149997 -2.86884
290000 50000 149998 -2.27863
295000 50000 149997 -2.6849
290000 55000 149997 -2.8781
295000 55000 149997 -3.19347
295000 50000 149997 -2.6849
300000 50000 149996 -3.61034
295000 55000 149997 -3.19347
300000 55000 149997 -3.3449
290000 55000 149997 -2.8781
295000 55000 149997 -3.19347
290000 60000 149997 -2.86884
295000 60000 149997 -3.44709
295000 55000 149997 -3.19347
300000 55000 149997 -3.3449
295000 60000 149997 -3.44709
300000 60000 149996 -3.87726
200000 60000 150030 29.8762
205000 60000 150029 28.5193
200000 65000 150034 34.4563
205000 65000 150033 32.8877
205000 60000 150029 28.5193
210000 60000 150026 25.9693
205000 65000 150033 32.8877
210000 65000 150028 27.5596
200000 65000 150034 34.4563
205000 65000 150033 32.8877
200000 70000 150037 37.3997
205000 70000 150032 32.2735
205000 65000 150033 32.8877
210000 65000 150028 27.5596
205000 70000 150032 32.2735
210000 70000 150026 25.9764
210000 60000 150026 25.9693
215000 60000 150022 22.2279
210000 65000 150028 27.5596
215000 65000 150023 22.9704
215000 60000 150022 22.2279
220000 60000 150017 16.5258
215000 65000 150023 22.9704
220000 65000 150019 19.1748
210000 65000 150028 27.5596
215000 65000 150023 22.9704
210000 70000 150026 25.9764
215000 70000 150022 22.3558
215000 65000 150023 22.9704
220000 65000 150019 19.1748
215000 70000 150022 22.3558
220000 70000 150016 16.0658
220000 60000 150017 16.5258
225000 60000 150013 12.5189
220000 65000 150019 19.1748
225000 65000 150015 14.7478
225000 60000 150013 12.5189
230000 60000 150010 9.61033
225000 65000 150015 14.7478
230000 65000 150011 11.0618
220000 65000 150019 19.1748
225000 65000 150015 14.7478
220000 70000 150016 16.0658
225000 70000 150014 13.5376
225000 65000 150015 14.7478
230000 65000 150011 11.0618
225000 70000 150014 13.5376
230000 70000 150008 8.12848
230000 60000 150010 9.61033
235000 60000 150006 6.32798
230000 65000 150011 11.0618
235000 65000 150007 7.17826
235000 60000 150006 6.32798
240000 60000 150004 3.75812
235000 65000 150007 7.17826
240000 65000 150004 3.90635
230000 65000 150011 11.0618
235000 65000 150007 7.17826
230000 70000 150008 8.12848
235000 70000 150005 4.88534
235000 65000 150007 7.17826
240000 65000 150004 3.90635
235000 70000 150005 4.88534
240000 70000 150004 4.47448
240000 60000 150004 3.75812
245000 60000 150001 1.26899
240000 65000 150004 3.90635
245000 65000 150003 2.96789
245000 60000 150001 1.26899
250000 60000 150001 0.916209
245000 65000 150003 2.96789
250000 65000 150002 2.17409
240000 65000 150004 3.90635
245000 65000 150003 2.96789
240000 70000 150004 4.47448
245000 70000 150002 2.26782
245000 65000 150003 2.96789
250000 65000 150002 2.17409
245000 70000 150002 2.26782
250000 70000 150002 2.14063
250000 60000 150001 0.916209
255000 60000 150001 0.792932
250000 65000 150002 2.17409
255000 65000 150000 0.489949
255000 60000 150001 0.792932
260000 60000 150000 0.0459521
255000 65000 150000 0.489949
260000 65000 149999 -0.868022
250000 65000 150002 2.17409
255000 65000 150000 0.489949
250000 70000 150002 2.14063
255000 70000 150000 0.123063
255000 65000 150000 0.489949
260000 65000 149999 -0.868022
255000 70000 150000 0.123063
260000 70000 150000 -0.11308
260000 60000 150000 0.0459521
265000 60000 149999 -0.912587
260000 65000 149999 -0.868022
265000 65000 149998 -1.67492
265000 60000 149999 -0.912587
270000 60000 149999 -0.871209
265000 65000 149998 -1.67492
270000 65000 149998 -1.82092
260000 65000 149999 -0.868022
265000 65000 149998 -1.67492
260000 70000 150000 -0.11308
265000 70000 149999 -0.523226
265000 65000 149998 -1.67492
270000 65000 149998 -1.82092
265000 70000 149999 -0.523226
270000 70000 149998 -1.52176
270000 60000 149999 -0.871209
275000 60000 149998 -1.85667
270000 65000 149998 -1.82092
275000 65000 149998 -2.04353
275000 60000 149998 -1.85667
280000 60000 149998 -2.34627
275000 65000 149998 -2.04353
280000 65000 149998 -2.05141
270000 65000 149998 -1.82092
275000 65000 149998 -2.04353
270000 70000 149998 -1.52176
275000 70000 149999 -1.44536
275000 65000 149998 -2.04353
280000 65000 149998 -2.05141
275000 70000 149999 -1.44536
280000 70000 149998 -1.54572
280000 60000 149998 -2.34627
285000 60000 149997 -2.99621
280000 65000 149998 -2.05141
285000 65000 149998 -2.06055
285000 60000 149997 -2.99621
290000 60000 149997 -2.86884
285000 65000 149998 -2.06055
290000 65000 149997 -2.63336
280000 65000 149998 -2.05141
285000 65000 149998 -2.06055
280000 70000 149998 -1.54572
285000 70000 149999 -1.31592
285000 65000 149998 -2.06055
290000 65000 149997 -2.63336
285000 70000 149999 -1.31592
290000 70000 149998 -2.4135
290000 60000 149997 -2.86884
295000 60000 149997 -3.44709
290000 65000 149997 -2.63336
295000 65000 149996 -3.58431
295000 60000 149997 -3.44709
300000 60000 149996 -3.87726
295000 65000 149996 -3.58431
300000 65000 149996 -3.9813
290000 65000 149997 -2.63336
295000 65000 149996 -3.58431
290000 70000 149998 -2.4135
295000 70000 149997 -3.12096
295000 65000 149996 -3.58431
300000 65000 149996 -3.9813
295000 70000 149997 -3.12096
300000 70000 149996 -3.91017
200000 70000 150037 37.3997
205000 70000 150032 32.2735
200000 75000 150038 37.5889
205000 75000 150034 34.2655
205000 70000 150032 32.2735
210000 70000 150026 25.9764
205000 75000 150034 34.2655
210000 75000 150030 30.1973
200000 75000 150038 37.5889
205000 75000 150034 34.2655
200000 80000 150039 39.3919
205000 80000 150036 35.7521
205000 75000 150034 34.2655
210000 75000 150030 30.1973
205000 80000 150036 35.7521
210000 80000 150031 30.7577
210000 70000 150026 25.9764
215000 70000 150022 22.3558
210000 75000 150030 30.1973
215000 75000 150025 24.526
215000 70000 150022 22.3558
220000 70000 150016 16.0658
215000 75000 150025 24.526
220000 75000 150018 17.9775
210000 75000 150030 30.1973
215000 75000 150025 24.526
210000 80000 150031 30.7577
215000 80000 150026 25.7151
215000 75000 150025 24.526
220000 75000 150018 17.9775
215000 80000 150026 25.7151
220000 80000 150021 20.9341
220000 70000 150016 16.0658
225000 70000 150014 13.5376
220000 75000 150018 17.9775
225000 75000 150015 14.9522
225000 70000 150014 13.5376
230000 70000 150008 8.12848
225000 75000 150015 14.9522
230000 75000 150010 9.96685
220000 75000 150018 17.9775
225000 75000 150015 14.9522
220000 80000 150021 20.9341
225000 80000 150015 14.5838
225000 75000 150015 14.9522
230000 75000 150010 9.96685
225000 80000 150015 14.5838
230000 80000 150009 9.01674
230000 70000 150008 8.12848
235000 70000 150005 4.88534
230000 75000 150010 9.96685
235000 75000 150003 3.47627
235000 70000 150005 4.88534
240000 70000 150004 4.47448
235000 75000 150003 3.47627
240000 75000 150001 1.3796
230000 75000 150010 9.96685
235000 75000 150003 3.47627
230000 80000 150009 9.01674
235000 80000 150007 7.39424
235000 75000 150003 3.47627
240000 75000 150001 1.3796
235000 80000 150007 7.39424
240000 80000 150006 5.50366
240000 70000 150004 4.47448
245000 70000 150002 2.26782
240000 75000 150001 1.3796
245000 75000 150000 0.369679
245000 70000 150002 2.26782
250000 70000 150002 2.14063
245000 75000 150000 0.369679
250000 75000 150000 -0.0786827
240000 75000 150001 1.3796
245000 75000 150000 0.369679
240000 80000 150006 5.50366
245000 80000 150003 3.46747
245000 75000 150000 0.369679
250000 75000 150000 -0.0786827
245000 80000 150003 3.46747
250000 80000 150003 2.68608
250000 70000 150002 2.14063
255000 70000 150000 0.123063
250000 75000 150000 -0.0786827
255000 75000 150000 -0.21965
255000 70000 150000 0.123063
260000 70000 150000 -0.11308
255000 75000 150000 -0.21965
260000 75000 149999 -0.509237
250000 75000 150000 -0.0786827
255000 75000 150000 -0.21965
250000 80000 150003 2.68608
255000 80000 150001 1.21283
255000 75000 150000 -0.21965
260000 75000 149999 -0.509237
255000 80000 150001 1.21283
260000 80000 150000 -0.399497
260000 70000 150000 -0.11308
265000 70000 149999 -0.523226
260000 75000 149999 -0.509237
265000 75000 149999 -0.741122
265000 70000 149999 -0.523226
270000 70000 149998 -1.52176
265000 75000 149999 -0.741122
270000 75000 149999 -0.606869
260000 75000 149999 -0.509237
265000 75000 149999 -0.741122
260000 80000 150000 -0.399497
265000 80000 149999 -0.552125
265000 75000 149999 -0.741122
270000 75000 149999 -0.606869
265000 80000 149999 -0.552125
270000 80000 149999 -0.644526
270000 70000 149998 -1.52176
275000 70000 149999 -1.44536
270000 75000 149999 -0.606869
275000 75000 149999 -0.695379
275000 70000 149999 -1.44536
280000 70000 149998 -1.54572
275000 75000 149999 -0.695379
280000 75000 150000 -0.264456
270000 75000 149999 -0.606869
275000 75000 149999 -0.695379
270000 80000 149999 -0.644526
275000 80000 149999 -0.585024
275000 75000 149999 -0.695379
280000 75000 150000 -0.264456
275000 80000 149999 -0.585024
280000 80000 149999 -0.898035
280000 70000 149998 -1.54572
285000 70000 149999 -1.31592
280000 75000 150000 -0.264456
285000 75000 149999 -0.799997
285000 70000 149999 -1.31592
290000 70000 149998 -2.4135
285000 75000 149999 -0.799997
290000 75000 149998 -1.71569
280000 75000 150000 -0.264456
285000 75000 149999 -0.799997
280000 80000 149999 -0.898035
285000 80000 149999 -1.23607
285000 75000 149999 -0.799997
290000 75000 149998 -1.71569
285000 80000 149999 -1.23607
290000 80000 149999 -1.48554
290000 70000 149998 -2.4135
295000 70000 149997 -3.12096
290000 75000 149998 -1.71569
295000 75000 149997 -2.6923
295000 70000 149997 -3.12096
300000 70000 149996 -3.91017
295000 75000 149997 -2.6923
300000 75000 149997 -3.28892
290000 75000 149998 -1.71569
295000 75000 149997 -2.6923
290000 80000 149999 -1.48554
295000 80000 149998 -2.40918
295000 75000 149997 -2.6923
300000 75000 149997 -3.28892
295000 80000 149998 -2.40918
300000 80000 149997 -3.3909
160000 80000 149877 -123.406
165000 80000 149900 -100.366
160000 85000 149899 -100.954
165000 85000 149878 -121.863
165000 80000 149900 -100.366
170000 80000 149947 -53.1196
165000 85000 149878 -121.863
170000 85000 149932 -67.5717
160000 85000 149899 -100.954
165000 85000 149878 -121.863
160000 90000 149930 -69.6227
165000 90000 149887 -113.337
165000 85000 149878 -121.863
170000 85000 149932 -67.5717
165000 90000 149887 -113.337
170000 90000 149904 -95.6122
170000 80000 149947 -53.1196
175000 80000 149992 -8.0011
170000 85000 149932 -67.5717
175000 85000 149966 -33.9633
175000 80000 149992 -8.0011
180000 80000 150026 26.4178
175000 85000 149966 -33.9633
180000 85000 150009 8.83356
170000 85000 149932 -67.5717
175000 85000 149966 -33.9633
170000 90000 149904 -95.6122
175000 90000 149947 -52.8154
175000 85000 149966 -33.9633
180000 85000 150009 8.83356
175000 90000 149947 -52.8154
180000 90000 149992 -8.03904
180000 80000 150026 26.4178
185000 80000 150039 38.9146
180000 85000 150009 8.83356
185000 85000 150039 39.1118
185000 80000 150039 38.9146
190000 80000 150041 41.3251
185000 85000 150039 39.1118
190000 85000 150042 41.8788
180000 85000 150009 8.83356
185000 85000 150039 39.1118
180000 90000 149992 -8.03904
185000 90000 150035 34.9959
185000 85000 150039 39.1118
190000 85000 150042 41.8788
185000 90000 150035 34.9959
190000 90000 150045 44.6128
190000 80000 150041 41.3251
195000 80000 150040 40.3914
190000 85000 150042 41.8788
195000 85000 150039 39.3438
195000 80000 150040 40.3914
200000 80000 150039 39.3919
195000 85000 150039 39.3438
200000 85000 150039 38.7251
190000 85000 150042 41.8788
195000 85000 150039 39.3438
190000 90000 150045 44.6128
195000 90000 150040 39.9335
195000 85000 150039 39.3438
200000 85000 150039 38.7251
195000 90000 150040 39.9335
200000 90000 150038 37.8619
200000 80000 150039 39.3919
205000 80000 150036 35.7521
200000 85000 150039 38.7251
205000 85000 150037 36.5195
205000 80000 150036 35.7521
210000 80000 150031 30.7577
205000 85000 150037 36.5195
210000 85000 150034 33.9874
200000 85000 150039 38.7251
205000 85000 150037 36.5195
200000 90000 150038 37.8619
205000 90000 150036 35.7647
205000 85000 150037 36.5195
210000 85000 150034 33.9874
205000 90000 150036 35.7647
210000 90000 150031 30.6874
210000 80000 150031 30.7577
215000 80000 150026 25.7151
210000 85000 150034 33.9874
215000 85000 150028 28.3927
215000 80000 150026 25.7151
220000 80000 150021 20.9341
215000 85000 150028 28.3927
220000 85000 150022 21.9819
210000 85000 150034 33.9874
215000 85000 150028 28.3927
210000 90000 150031 30.6874
215000 90000 150025 25.4764
215000 85000 150028 28.3927
220000 85000 150022 21.9819
215000 90000 150025 25.4764
220000 90000 150020 20.1994
220000 80000 150021 20.9341
225000 80000 150015 14.5838
220000 85000 150022 21.9819
225000 85000 150017 16.8718
225000 80000 150015 14.5838
230000 80000 150009 9.01674
225000 85000 150017 16.8718
230000 85000 150014 13.5401
220000 85000 150022 21.9819
225000 85000 150017 16.8718
220000 90000 150020 20.1994
225000 90000 150017 17.2244
225000 85000 150017 16.8718
230000 85000 150014 13.5401
225000 90000 150017 17.2244
230000 90000 150013 12.9144
230000 80000 150009 9.01674
235000 80000 150007 7.39424
230000 85000 150014 13.5401
235000 85000 150010 9.76336
235000 80000 150007 7.39424
240000 80000 150006 5.50366
235000 85000 150010 9.76336
240000 85000 150005 5.2661
230000 85000 150014 13.5401
235000 85000 150010 9.76336
230000 90000 150013 12.9144
235000 90000 150008 7.55147
235000 85000 150010 9.76336
240000 85000 150005 5.2661
235000 90000 150008 7.55147
240000 90000 150004 4.32519
240000 80000 150006 5.50366
245000 80000 150003 3.46747
240000 85000 150005 5.2661
245000 85000 150002 2.26956
245000 80000 150003 3.46747
250000 80000 150003 2.68608
245000 85000 150002 2.26956
250000 85000 150002 1.74728
240000 85000 150005 5.2661
245000 85000 150002 2.26956
240000 90000 150004 4.32519
245000 90000 150003 3.30557
245000 85000 150002 2.26956
250000 85000 150002 1.74728
245000 90000 150003 3.30557
250000 90000 150001 1.2212
250000 80000 150003 2.68608
255000 80000 150001 1.21283
250000 85000 150002 1.74728
255000 85000 150000 -0.129179
255000 80000 150001 1.21283
260000 80000 150000 -0.399497
255000 85000 150000 -0.129179
260000 85000 150000 -0.3958
250000 85000 150002 1.74728
255000 85000 150000 -0.129179
250000 90000 150001 1.2212
255000 90000 150001 0.699616
255000 85000 150000 -0.129179
260000 85000 150000 -0.3958
255000 90000 150001 0.699616
260000 90000 150000 -0.10489
260000 80000 150000 -0.399497
265000 80000 149999 -0.552125
260000 85000 150000 -0.3958
265000 85000 149999 -0.540333
265000 80000 149999 -0.552125
270000 80000 149999 -0.644526
265000 85000 149999 -0.540333
270000 85000 149999 -0.628246
260000 85000 150000 -0.3958
265000 85000 149999 -0.540333
260000 90000 150000 -0.10489
265000 90000 149999 -0.551156
265000 85000 149999 -0.540333
270000 85000 149999 -0.628246
265000 90000 149999 -0.551156
270000 90000 149999 -0.671849
270000 80000 149999 -0.644526
275000 80000 149999 -0.585024
270000 85000 149999 -0.628246
275000 85000 149999 -0.724863
275000 80000 149999 -0.585024
280000 80000 149999 -0.898035
275000 85000 149999 -0.724863
280000 85000 149999 -0.714494
270000 85000 149999 -0.628246
275000 85000 149999 -0.724863
270000 90000 149999 -0.671849
275000 90000 149999 -0.742655
275000 85000 149999 -0.724863
280000 85000 149999 -0.714494
275000 90000 149999 -0.742655
280000 90000 149999 -0.745475
280000 80000 149999 -0.898035
285000 80000 149999 -1.23607
280000 85000 149999 -0.714494
285000 85000 149999 -1.4901
285000 80000 149999 -1.23607
290000 80000 149999 -1.48554
285000 85000 149999 -1.4901
290000 85000 149998 -2.19227
280000 85000 149999 -0.714494
285000 85000 149999 -1.4901
280000 90000 149999 -0.745475
285000 90000 149999 -0.889619
285000 85000 149999 -1.4901
290000 85000 149998 -2.19227
285000 90000 149999 -0.889619
290000 90000 149998 -1.98841
290000 80000 149999 -1.48554
295000 80000 149998 -2.40918
290000 85000 149998 -2.19227
295000 85000 149997 -2.91935
295000 80000 149998 -2.40918
300000 80000 149997 -3.3909
295000 85000 149997 -2.91935
300000 85000 149997 -3.28793
290000 85000 149998 -2.19227
295000 85000 149997 -2.91935
290000 90000 149998 -1.98841
295000 90000 149997 -2.90053
295000 85000 149997 -2.91935
300000 85000 149997 -3.28793
295000 90000 149997 -2.90053
300000 90000 149997 -3.22121
160000 90000 149930 -69.6227
165000 90000 149887 -113.337
160000 95000 149946 -54.4681
165000 95000 149913 -87.3054
165000 90000 149887 -113.337
170000 90000 149904 -95.6122
165000 95000 149913 -87.3054
170000 95000 149894 -105.956
160000 95000 149946 -54.4681
165000 95000 149913 -87.3054
160000 100000 149956 -44.1871
165000 100000 149935 -65.3334
165000 95000 149913 -87.3054
170000 95000 149894 -105.956
165000 100000 149935 -65.3334
170000 100000 149908 -92.3548
170000 90000 149904 -95.6122
175000 90000 149947 -52.8154
170000 95000 149894 -105.956
175000 95000 149934 -66.4582
175000 90000 149947 -52.8154
180000 90000 149992 -8.03904
175000 95000 149934 -66.4582
180000 95000 149971 -29.2347
170000 95000 149894 -105.956
175000 95000 149934 -66.4582
170000 100000 149908 -92.3548
175000 100000 149920 -80.1994
175000 95000 149934 -66.4582
180000 95000 149971 -29.2347
175000 100000 149920 -80.1994
180000 100000 149952 -47.5238
180000 90000 149992 -8.03904
185000 90000 150035 34.9959
180000 95000 149971 -29.2347
185000 95000 150019 19.4038
185000 90000 150035 34.9959
190000 90000 150045 44.6128
185000 95000 150019 19.4038
190000 95000 150043 43.0479
180000 95000 149971 -29.2347
185000 95000 150019 19.4038
180000 100000 149952 -47.5238
185000 100000 150001 1.08543
185000 95000 150019 19.4038
190000 95000 150043 43.0479
185000 100000 150001 1.08543
190000 100000 150036 36.0028
190000 90000 150045 44.6128
195000 90000 150040 39.9335
190000 95000 150043 43.0479
195000 95000 150041 41.2532
195000 90000 150040 39.9335
200000 90000 150038 37.8619
195000 95000 150041 41.2532
200000 95000 150037 37.0988
190000 95000 150043 43.0479
195000 95000 150041 41.2532
190000 100000 150036 36.0028
195000 100000 150040 39.7712
195000 95000 150041 41.2532
200000 95000 150037 37.0988
195000 100000 150040 39.7712
200000 100000 150036 36.0914
200000 90000 150038 37.8619
205000 90000 150036 35.7647
200000 95000 150037 37.0988
205000 95000 150035 34.979
205000 90000 150036 35.7647
210000 90000 150031 30.6874
205000 95000 150035 34.979
210000 95000 150034 33.8716
200000 95000 150037 37.0988
205000 95000 150035 34.979
200000 100000 150036 36.0914
205000 100000 150034 34.4851
205000 95000 150035 34.979
210000 95000 150034 33.8716
205000 100000 150034 34.4851
210000 100000 150030 30.0126
210000 90000 150031 30.6874
215000 90000 150025 25.4764
210000 95000 150034 33.8716
215000 95000 150028 28.0557
215000 90000 150025 25.4764
220000 90000 150020 20.1994
215000 95000 150028 28.0557
220000 95000 150022 21.8295
210000 95000 150034 33.8716
215000 95000 150028 28.0557
210000 100000 150030 30.0126
215000 100000 150030 30.3563
215000 95000 150028 28.0557
220000 95000 150022 21.8295
215000 100000 150030 30.3563
220000 100000 150025 24.815
220000 90000 150020 20.1994
225000 90000 150017 17.2244
220000 95000 150022 21.8295
225000 95000 150017 16.9403
225000 90000 150017 17.2244
230000 90000 150013 12.9144
225000 95000 150017 16.9403
230000 95000 150011 11.1215
220000 95000 150022 21.8295
225000 95000 150017 16.9403
220000 100000 150025 24.815
225000 100000 150019 19.3312
225000 95000 150017 16.9403
230000 95000 150011 11.1215
225000 100000 150019 19.3312
230000 100000 150015 14.9397
230000 90000 150013 12.9144
235000 90000 150008 7.55147
230000 95000 150011 11.1215
235000 95000 150008 8.12176
235000 90000 150008 7.55147
240000 90000 150004 4.32519
235000 95000 150008 8.12176
240000 95000 150007 7.04054
230000 95000 150011 11.1215
235000 95000 150008 8.12176
230000 100000 150015 14.9397
235000 100000 150010 10.1175
235000 95000 150008 8.12176
240000 95000 150007 7.04054
235000 100000 150010 10.1175
240000 100000 150005 5.33556
240000 90000 150004 4.32519
245000 90000 150003 3.30557
240000 95000 150007 7.04054
245000 95000 150005 4.78638
245000 90000 150003 3.30557
250000 90000 150001 1.2212
245000 95000 150005 4.78638
250000 95000 150001 1.03582
240000 95000 150007 7.04054
245000 95000 150005 4.78638
240000 100000 150005 5.33556
245000 100000 150002 2.01977
245000 95000 150005 4.78638
250000 95000 150001 1.03582
245000 100000 150002 2.01977
250000 100000 150001 1.43603
250000 90000 150001 1.2212
255000 90000 150001 0.699616
250000 95000 150001 1.03582
255000 95000 150000 -0.258121
255000 90000 150001 0.699616
260000 90000 150000 -0.10489
255000 95000 150000 -0.258121
260000 95000 150000 -0.414041
250000 95000 150001 1.03582
255000 95000 150000 -0.258121
250000 100000 150001 1.43603
255000 100000 150000 0.0109471
255000 95000 150000 -0.258121
260000 95000 150000 -0.414041
255000 100000 150000 0.0109471
260000 100000 150000 -0.327916
260000 90000 150000 -0.10489
265000 90000 149999 -0.551156
260000 95000 150000 -0.414041
265000 95000 149999 -0.584014
265000 90000 149999 -0.551156
270000 90000 149999 -0.671849
265000 95000 149999 -0.584014
270000 95000 149999 -0.756539
260000 95000 150000 -0.414041
265000 95000 149999 -0.584014
260000 100000 150000 -0.327916
265000 100000 150000 -0.228451
265000 95000 149999 -0.584014
270000 95000 149999 -0.756539
265000 100000 150000 -0.228451
270000 100000 149999 -0.58479
270000 90000 149999 -0.671849
275000 90000 149999 -0.742655
270000 95000 149999 -0.756539
275000 95000 149999 -0.842851
275000 90000 149999 -0.742655
280000 90000 149999 -0.745475
275000 95000 149999 -0.842851
280000 95000 149999 -1.48193
270000 95000 149999 -0.756539
275000 95000 149999 -0.842851
270000 100000 149999 -0.58479
275000 100000 149999 -0.872733
275000 95000 149999 -0.842851
280000 95000 149999 -1.48193
275000 100000 149999 -0.872733
280000 100000 149999 -1.19354
280000 90000 149999 -0.745475
285000 90000 149999 -0.889619
280000 95000 149999 -1.48193
285000 95000 149999 -1.08768
285000 90000 149999 -0.889619
290000 90000 149998 -1.98841
285000 95000 149999 -1.08768
290000 95000 149998 -1.72642
280000 95000 149999 -1.48193
285000 95000 149999 -1.08768
280000 100000 149999 -1.19354
285000 100000 149998 -1.53249
285000 95000 149999 -1.08768
290000 95000 149998 -1.72642
285000 100000 149998 -1.53249
290000 100000 149998 -1.86762
290000 90000 149998 -1.98841
295000 90000 149997 -2.90053
290000 95000 149998 -1.72642
295000 95000 149998 -2.25039
295000 90000 149997 -2.90053
300000 90000 149997 -3.22121
295000 95000 149998 -2.25039
300000 95000 149997 -3.26943
290000 95000 149998 -1.72642
295000 95000 149998 -2.25039
290000 100000 149998 -1.86762
295000 100000 149997 -3.00785
295000 95000 149998 -2.25039
300000 95000 149997 -3.26943
295000 100000 149997 -3.00785
300000 100000 149997 -3.45555
160000 100000 149956 -44.1871
165000 100000 149935 -65.3334
160000 105000 149962 -38.2286
165000 105000 149945 -55.3932
165000 100000 149935 -65.3334
170000 100000 149908 -92.3548
165000 105000 149945 -55.3932
170000 105000 149930 -69.9188
160000 105000 149962 -38.2286
165000 105000 149945 -55.3932
160000 110000 149966 -34.2777
165000 110000 149948 -52.039
165000 105000 149945 -55.3932
170000 105000 149930 -69.9188
165000 110000 149948 -52.039
170000 110000 149943 -56.8704
170000 100000 149908 -92.3548
175000 100000 149920 -80.1994
170000 105000 149930 -69.9188
175000 105000 149932 -67.6122
175000 100000 149920 -80.1994
180000 100000 149952 -47.5238
175000 105000 149932 -67.6122
180000 105000 149952 -48.3218
170000 105000 149930 -69.9188
175000 105000 149932 -67.6122
170000 110000 149943 -56.8704
175000 110000 149945 -55.3802
175000 105000 149932 -67.6122
180000 105000 149952 -48.3218
175000 110000 149945 -55.3802
180000 110000 149957 -43.2431
180000 100000 149952 -47.5238
185000 100000 150001 1.08543
180000 105000 149952 -48.3218
185000 105000 149988 -11.8418
185000 100000 150001 1.08543
190000 100000 150036 36.0028
185000 105000 149988 -11.8418
190000 105000 150022 22.1196
180000 105000 149952 -48.3218
185000 105000 149988 -11.8418
180000 110000 149957 -43.2431
185000 110000 149982 -18.2281
185000 105000 149988 -11.8418
190000 105000 150022 22.1196
185000 110000 149982 -18.2281
190000 110000 150008 7.94012
190000 100000 150036 36.0028
195000 100000 150040 39.7712
190000 105000 150022 22.1196
195000 105000 150034 33.7273
195000 100000 150040 39.7712
200000 100000 150036 36.0914
195000 105000 150034 33.7273
200000 105000 150033 33.1786
190000 105000 150022 22.1196
195000 105000 150034 33.7273
190000 110000 150008 7.94012
195000 110000 150024 23.9642
195000 105000 150034 33.7273
200000 105000 150033 33.1786
195000 110000 150024 23.9642
200000 110000 150029 29.1371
200000 100000 150036 36.0914
205000 100000 150034 34.4851
200000 105000 150033 33.1786
205000 105000 150033 32.5266
205000 100000 150034 34.4851
210000 100000 150030 30.0126
205000 105000 150033 32.5266
210000 105000 150030 30.1239
200000 105000 150033 33.1786
205000 105000 150033 32.5266
200000 110000 150029 29.1371
205000 110000 150032 31.5503
205000 105000 150033 32.5266
210000 105000 150030 30.1239
205000 110000 150032 31.5503
210000 110000 150029 28.8777
210000 100000 150030 30.0126
215000 100000 150030 30.3563
210000 105000 150030 30.1239
215000 105000 150024 23.6495
215000 100000 150030 30.3563
220000 100000 150025 24.815
215000 105000 150024 23.6495
220000 105000 150024 24.1439
210000 105000 150030 30.1239
215000 105000 150024 23.6495
210000 110000 150029 28.8777
215000 110000 150024 24.1755
215000 105000 150024 23.6495
220000 105000 150024 24.1439
215000 110000 150024 24.1755
220000 110000 150017 17.1888
220000 100000 150025 24.815
225000 100000 150019 19.3312
220000 105000 150024 24.1439
225000 105000 150021 21.4562
225000 100000 150019 19.3312
230000 100000 150015 14.9397
225000 105000 150021 21.4562
230000 105000 150015 15.1146
220000 105000 150024 24.1439
225000 105000 150021 21.4562
220000 110000 150017 17.1888
225000 110000 150017 17.4845
225000 105000 150021 21.4562
230000 105000 150015 15.1146
225000 110000 150017 17.4845
230000 110000 150015 14.8757
230000 100000 150015 14.9397
235000 100000 150010 10.1175
230000 105000 150015 15.1146
235000 105000 150010 9.92671
235000 100000 150010 10.1175
240000 100000 150005 5.33556
235000 105000 150010 9.92671
240000 105000 150008 7.70198
230000 105000 150015 15.1146
235000 105000 150010 9.92671
230000 110000 150015 14.8757
235000 110000 150010 9.86906
235000 105000 150010 9.92671
240000 105000 150008 7.70198
235000 110000 150010 9.86906
240000 110000 150003 2.95539
240000 100000 150005 5.33556
245000 100000 150002 2.01977
240000 105000 150008 7.70198
245000 105000 150004 4.46628
245000 100000 150002 2.01977
250000 100000 150001 1.43603
245000 105000 150004 4.46628
250000 105000 150002 1.93529
240000 105000 150008 7.70198
245000 105000 150004 4.46628
240000 110000 150003 2.95539
245000 110000 150003 3.15612
245000 105000 150004 4.46628
250000 105000 150002 1.93529
245000 110000 150003 3.15612
250000 110000 150002 2.24907
250000 100000 150001 1.43603
255000 100000 150000 0.0109471
250000 105000 150002 1.93529
255000 105000 150000 0.408542
255000 100000 150000 0.0109471
260000 100000 150000 -0.327916
255000 105000 150000 0.408542
260000 105000 150001 0.548319
250000 105000 150002 1.93529
255000 105000 150000 0.408542
250000 110000 150002 2.24907
255000 110000 150002 1.73198
255000 105000 150000 0.408542
260000 105000 150001 0.548319
255000 110000 150002 1.73198
260000 110000 150000 0.156795
260000 100000 150000 -0.327916
265000 100000 150000 -0.228451
260000 105000 150001 0.548319
265000 105000 150000 -0.0555221
265000 100000 150000 -0.228451
270000 100000 149999 -0.58479
265000 105000 150000 -0.0555221
270000 105000 149999 -1.13774
260000 105000 150001 0.548319
265000 105000 150000 -0.0555221
260000 110000 150000 0.156795
265000 110000 149999 -0.537241
265000 105000 150000 -0.0555221
270000 105000 149999 -1.13774
265000 110000 149999 -0.537241
270000 110000 149999 -1.38039
270000 100000 149999 -0.58479
275000 100000 149999 -0.872733
270000 105000 149999 -1.13774
275000 105000 149999 -0.935299
275000 100000 149999 -0.872733
280000 100000 149999 -1.19354
275000 105000 149999 -0.935299
280000 105000 149999 -1.27924
270000 105000 149999 -1.13774
275000 105000 149999 -0.935299
270000 110000 149999 -1.38039
275000 110000 149999 -1.45317
275000 105000 149999 -0.935299
280000 105000 149999 -1.27924
275000 110000 149999 -1.45317
280000 110000 149999 -1.45559
280000 100000 149999 -1.19354
285000 100000 149998 -1.53249
280000 105000 149999 -1.27924
285000 105000 149998 -2.04247
285000 100000 149998 -1.53249
290000 100000 149998 -1.86762
285000 105000 149998 -2.04247
290000 105000 149998 -2.47272
280000 105000 149999 -1.27924
285000 105000 149998 -2.04247
280000 110000 149999 -1.45559
285000 110000 149998 -1.69194
285000 105000 149998 -2.04247
290000 105000 149998 -2.47272
285000 110000 149998 -1.69194
290000 110000 149998 -2.07406
290000 100000 149998 -1.86762
295000 100000 149997 -3.00785
290000 105000 149998 -2.47272
295000 105000 149997 -2.96456
295000 100000 149997 -3.00785
300000 100000 149997 -3.45555
295000 105000 149997 -2.96456
300000 105000 149997 -3.47498
290000 105000 149998 -2.47272
295000 105000 149997 -2.96456
290000 110000 149998 -2.07406
295000 110000 149997 -2.8185
295000 105000 149997 -2.96456
300000 105000 149997 -3.47498
295000 110000 149997 -2.8185
300000 110000 149997 -3.45185
160000 110000 149966 -34.2777
165000 110000 149948 -52.039
160000 115000 149955 -45.1142
165000 115000 149951 -48.8644
165000 110000 149948 -52.039
170000 110000 149943 -56.8704
165000 115000 149951 -48.8644
170000 115000 149949 -51.3494
160000 115000 149955 -45.1142
165000 115000 149951 -48.8644
160000 120000 149970 -30.0109
165000 120000 149958 -41.9102
165000 115000 149951 -48.8644
170000 115000 149949 -51.3494
165000 120000 149958 -41.9102
170000 120000 149952 -48.2646
170000 110000 149943 -56.8704
175000 110000 149945 -55.3802
170000 115000 149949 -51.3494
175000 115000 149951 -48.5254
175000 110000 149945 -55.3802
180000 110000 149957 -43.2431
175000 115000 149951 -48.5254
180000 115000 149958 -42.4259
170000 115000 149949 -51.3494
175000 115000 149951 -48.5254
170000 120000 149952 -48.2646
175000 120000 149955 -45.2915
175000 115000 149951 -48.5254
180000 115000 149958 -42.4259
175000 120000 149955 -45.2915
180000 120000 149964 -35.6026
180000 110000 149957 -43.2431
185000 110000 149982 -18.2281
180000 115000 149958 -42.4259
185000 115000 149973 -26.515
185000 110000 149982 -18.2281
190000 110000 150008 7.94012
185000 115000 149973 -26.515
190000 115000 149996 -4.18637
180000 115000 149958 -42.4259
185000 115000 149973 -26.515
180000 120000 149964 -35.6026
185000 120000 149979 -21.043
185000 115000 149973 -26.515
190000 115000 149996 -4.18637
185000 120000 149979 -21.043
190000 120000 149997 -2.71087
190000 110000 150008 7.94012
195000 110000 150024 23.9642
190000 115000 149996 -4.18637
195000 115000 150012 11.7242
195000 110000 150024 23.9642
200000 110000 150029 29.1371
195000 115000 150012 11.7242
200000 115000 150027 26.8312
190000 115000 149996 -4.18637
195000 115000 150012 11.7242
190000 120000 149997 -2.71087
195000 120000 150017 17.3399
195000 115000 150012 11.7242
200000 115000 150027 26.8312
195000 120000 150017 17.3399
200000 120000 150029 28.7312
200000 110000 150029 29.1371
205000 110000 150032 31.5503
200000 115000 150027 26.8312
205000 115000 150032 32.1664
205000 110000 150032 31.5503
210000 110000 150029 28.8777
205000 115000 150032 32.1664
210000 115000 150032 31.7725
200000 115000 150027 26.8312
205000 115000 150032 32.1664
200000 120000 150029 28.7312
205000 120000 150033 32.5379
205000 115000 150032 32.1664
210000 115000 150032 31.7725
205000 120000 150033 32.5379
210000 120000 150032 31.8336
210000 110000 150029 28.8777
215000 110000 150024 24.1755
210000 115000 150032 31.7725
215000 115000 150026 26.2619
215000 110000 150024 24.1755
220000 110000 150017 17.1888
215000 115000 150026 26.2619
220000 115000 150022 22.0711
210000 115000 150032 31.7725
215000 115000 150026 26.2619
210000 120000 150032 31.8336
215000 120000 150029 29.0516
215000 115000 150026 26.2619
220000 115000 150022 22.0711
215000 120000 150029 29.0516
220000 120000 150025 25.0766
220000 110000 150017 17.1888
225000 110000 150017 17.4845
220000 115000 150022 22.0711
225000 115000 150016 16.2663
225000 110000 150017 17.4845
230000 110000 150015 14.8757
225000 115000 150016 16.2663
230000 115000 150009 8.5346
220000 115000 150022 22.0711
225000 115000 150016 16.2663
220000 120000 150025 25.0766
225000 120000 150020 20.4304
225000 115000 150016 16.2663
230000 115000 150009 8.5346
225000 120000 150020 20.4304
230000 120000 150015 14.8503
230000 110000 150015 14.8757
235000 110000 150010 9.86906
230000 115000 150009 8.5346
235000 115000 150006 5.9909
235000 110000 150010 9.86906
240000 110000 150003 2.95539
235000 115000 150006 5.9909
240000 115000 150008 8.33351
230000 115000 150009 8.5346
235000 115000 150006 5.9909
230000 120000 150015 14.8503
235000 120000 150012 11.9003
235000 115000 150006 5.9909
240000 115000 150008 8.33351
235000 120000 150012 11.9003
240000 120000 150010 9.71651
240000 110000 150003 2.95539
245000 110000 150003 3.15612
240000 115000 150008 8.33351
245000 115000 150006 6.25586
245000 110000 150003 3.15612
250000 110000 150002 2.24907
245000 115000 150006 6.25586
250000 115000 150004 4.19613
240000 115000 150008 8.33351
245000 115000 150006 6.25586
240000 120000 150010 9.71651
245000 120000 150007 6.66227
245000 115000 150006 6.25586
250000 115000 150004 4.19613
245000 120000 150007 6.66227
250000 120000 150004 4.08152
250000 110000 150002 2.24907
255000 110000 150002 1.73198
250000 115000 150004 4.19613
255000 115000 150002 1.83313
255000 110000 150002 1.73198
260000 110000 150000 0.156795
255000 115000 150002 1.83313
260000 115000 150000 -0.23345
250000 115000 150004 4.19613
255000 115000 150002 1.83313
250000 120000 150004 4.08152
255000 120000 150002 1.52042
255000 115000 150002 1.83313
260000 115000 150000 -0.23345
255000 120000 150002 1.52042
260000 120000 150001 0.938113
260000 110000 150000 0.156795
265000 110000 149999 -0.537241
260000 115000 150000 -0.23345
265000 115000 149999 -1.20215
265000 110000 149999 -0.537241
270000 110000 149999 -1.38039
265000 115000 149999 -1.20215
270000 115000 149999 -0.64808
260000 115000 150000 -0.23345
265000 115000 149999 -1.20215
260000 120000 150001 0.938113
265000 120000 150000 -0.227821
265000 115000 149999 -1.20215
270000 115000 149999 -0.64808
265000 120000 150000 -0.227821
270000 120000 149999 -0.792213
270000 110000 149999 -1.38039
275000 110000 149999 -1.45317
270000 115000 149999 -0.64808
275000 115000 149999 -0.904188
275000 110000 149999 -1.45317
280000 110000 149999 -1.45559
275000 115000 149999 -0.904188
280000 115000 149999 -1.33002
270000 115000 149999 -0.64808
275000 115000 149999 -0.904188
270000 120000 149999 -0.792213
275000 120000 149999 -1.15829
275000 115000 149999 -0.904188
280000 115000 149999 -1.33002
275000 120000 149999 -1.15829
280000 120000 149999 -0.90676
280000 110000 149999 -1.45559
285000 110000 149998 -1.69194
280000 115000 149999 -1.33002
285000 115000 149998 -2.13342
285000 110000 149998 -1.69194
290000 110000 149998 -2.07406
285000 115000 149998 -2.13342
290000 115000 149997 -2.66487
280000 115000 149999 -1.33002
285000 115000 149998 -2.13342
280000 120000 149999 -0.90676
285000 120000 149998 -1.98515
285000 115000 149998 -2.13342
290000 115000 149997 -2.66487
285000 120000 149998 -1.98515
290000 120000 149997 -3.09144
290000 110000 149998 -2.07406
295000 110000 149997 -2.8185
290000 115000 149997 -2.66487
295000 115000 149997 -3.10213
295000 110000 149997 -2.8185
300000 110000 149997 -3.45185
295000 115000 149997 -3.10213
300000 115000 149997 -3.31072
290000 115000 149997 -2.66487
295000 115000 149997 -3.10213
290000 120000 149997 -3.09144
295000 120000 149997 -3.49144
295000 115000 149997 -3.10213
300000 115000 149997 -3.31072
295000 120000 149997 -3.49144
300000 120000 149997 -3.45814
