# x y z topography
0 0 150001 0.704404
5000 0 150001 1.11194
0 5000 150001 0.597807
5000 5000 150001 1.24238
5000 0 150001 1.11194
10000 0 150002 1.74312
5000 5000 150001 1.24238
10000 5000 150002 1.67431
0 5000 150001 0.597807
5000 5000 150001 1.24238
0 10000 150001 1.15935
5000 10000 150002 1.56865
5000 5000 150001 1.24238
10000 5000 150002 1.67431
5000 10000 150002 1.56865
10000 10000 150002 1.85639
10000 0 150002 1.74312
15000 0 150002 1.67737
10000 5000 150002 1.67431
15000 5000 150002 2.23539
15000 0 150002 1.67737
20000 0 150002 1.82695
15000 5000 150002 2.23539
20000 5000 150002 1.62308
10000 5000 150002 1.67431
15000 5000 150002 2.23539
10000 10000 150002 1.85639
15000 10000 150002 1.64785
15000 5000 150002 2.23539
20000 5000 150002 1.62308
15000 10000 150002 1.64785
20000 10000 150002 1.78823
20000 0 150002 1.82695
25000 0 150002 1.86431
20000 5000 150002 1.62308
25000 5000 150002 1.6495
25000 0 150002 1.86431
30000 0 150002 1.81972
25000 5000 150002 1.6495
30000 5000 150002 1.82682
20000 5000 150002 1.62308
25000 5000 150002 1.6495
20000 10000 150002 1.78823
25000 10000 150002 1.60384
25000 5000 150002 1.6495
30000 5000 150002 1.82682
25000 10000 150002 1.60384
30000 10000 150002 2.06063
30000 0 150002 1.81972
35000 0 150003 2.78629
30000 5000 150002 1.82682
35000 5000 150002 1.99845
35000 0 150003 2.78629
40000 0 150002 2.38149
35000 5000 150002 1.99845
40000 5000 150002 2.1902
30000 5000 150002 1.82682
35000 5000 150002 1.99845
30000 10000 150002 2.06063
35000 10000 150002 2.01238
35000 5000 150002 1.99845
40000 5000 150002 2.1902
35000 10000 150002 2.01238
40000 10000 150002 2.17968
40000 0 150002 2.38149
45000 0 150003 2.74748
40000 5000 150002 2.1902
45000 5000 150002 2.43337
45000 0 150003 2.74748
50000 0 150005 4.8246
45000 5000 150002 2.43337
50000 5000 150004 4.1984
40000 5000 150002 2.1902
45000 5000 150002 2.43337
40000 10000 150002 2.17968
45000 10000 150002 2.33166
45000 5000 150002 2.43337
50000 5000 150004 4.1984
45000 10000 150002 2.33166
50000 10000 150003 2.63364
50000 0 150005 4.8246
55000 0 150008 7.79187
50000 5000 150004 4.1984
55000 5000 150006 5.65447
55000 0 150008 7.79187
60000 0 150011 11.3336
55000 5000 150006 5.65447
60000 5000 150009 9.08982
50000 5000 150004 4.1984
55000 5000 150006 5.65447
50000 10000 150003 2.63364
55000 10000 150003 3.38291
55000 5000 150006 5.65447
60000 5000 150009 9.08982
55000 10000 150003 3.38291
60000 10000 150005 5.15348
60000 0 150011 11.3336
65000 0 150014 13.9873
60000 5000 150009 9.08982
65000 5000 150014 14.3391
65000 0 150014 13.9873
70000 0 150018 17.7098
65000 5000 150014 14.3391
70000 5000 150018 17.6242
60000 5000 150009 9.08982
65000 5000 150014 14.3391
60000 10000 150005 5.15348
65000 10000 150008 7.86451
65000 5000 150014 14.3391
70000 5000 150018 17.6242
65000 10000 150008 7.86451
70000 10000 150012 12.0013
70000 0 150018 17.7098
75000 0 150021 20.9631
70000 5000 150018 17.6242
75000 5000 150021 20.502
75000 0 150021 20.9631
80000 0 150026 26.0071
75000 5000 150021 20.502
80000 5000 150025 25.179
70000 5000 150018 17.6242
75000 5000 150021 20.502
70000 10000 150012 12.0013
75000 10000 150020 19.7286
75000 5000 150021 20.502
80000 5000 150025 25.179
75000 10000 150020 19.7286
80000 10000 150023 22.8742
0 10000 150001 1.15935
5000 10000 150002 1.56865
0 15000 150001 1.03919
5000 15000 150002 1.57437
5000 10000 150002 1.56865
10000 10000 150002 1.85639
5000 15000 150002 1.57437
10000 15000 150002 1.67974
0 15000 150001 1.03919
5000 15000 150002 1.57437
0 20000 150001 1.28986
5000 20000 150001 1.44489
5000 15000 150002 1.57437
10000 15000 150002 1.67974
5000 20000 150001 1.44489
10000 20000 150001 1.36821
10000 10000 150002 1.85639
15000 10000 150002 1.64785
10000 15000 150002 1.67974
15000 15000 150001 1.45211
15000 10000 150002 1.64785
20000 10000 150002 1.78823
15000 15000 150001 1.45211
20000 15000 150002 1.5823
10000 15000 150002 1.67974
15000 15000 150001 1.45211
10000 20000 150001 1.36821
15000 20000 150001 1.4403
15000 15000 150001 1.45211
20000 15000 150002 1.5823
15000 20000 150001 1.4403
20000 20000 150002 1.76882
20000 10000 150002 1.78823
25000 10000 150002 1.60384
20000 15000 150002 1.5823
25000 15000 150001 1.34918
25000 10000 150002 1.60384
30000 10000 150002 2.06063
25000 15000 150001 1.34918
30000 15000 150002 1.56737
20000 15000 150002 1.5823
25000 15000 150001 1.34918
20000 20000 150002 1.76882
25000 20000 150001 1.30211
25000 15000 150001 1.34918
30000 15000 150002 1.56737
25000 20000 150001 1.30211
30000 20000 150001 1.3877
30000 10000 150002 2.06063
35000 10000 150002 2.01238
30000 15000 150002 1.56737
35000 15000 150003 2.78105
35000 10000 150002 2.01238
40000 10000 150002 2.17968
35000 15000 150003 2.78105
40000 15000 150002 2.28038
30000 15000 150002 1.56737
35000 15000 150003 2.78105
30000 20000 150001 1.3877
35000 20000 150002 2.21209
35000 15000 150003 2.78105
40000 15000 150002 2.28038
35000 20000 150002 2.21209
40000 20000 150003 3.00015
40000 10000 150002 2.17968
45000 10000 150002 2.33166
40000 15000 150002 2.28038
45000 15000 150003 2.63759
45000 10000 150002 2.33166
50000 10000 150003 2.63364
45000 15000 150003 2.63759
50000 15000 150004 4.48415
40000 15000 150002 2.28038
45000 15000 150003 2.63759
40000 20000 150003 3.00015
45000 20000 150002 2.4
45000 15000 150003 2.63759
50000 15000 150004 4.48415
45000 20000 150002 2.4
50000 20000 150003 2.71178
50000 10000 150003 2.63364
55000 10000 150003 3.38291
50000 15000 150004 4.48415
55000 15000 150006 6.00568
55000 10000 150003 3.38291
60000 10000 150005 5.15348
55000 15000 150006 6.00568
60000 15000 150009 9.28241
50000 15000 150004 4.48415
55000 15000 150006 6.00568
50000 20000 150003 2.71178
55000 20000 150003 3.47525
55000 15000 150006 6.00568
60000 15000 150009 9.28241
55000 20000 150003 3.47525
60000 20000 150006 6.29557
60000 10000 150005 5.15348
65000 10000 150008 7.86451
60000 15000 150009 9.28241
65000 15000 150012 12.0265
65000 10000 150008 7.86451
70000 10000 150012 12.0013
65000 15000 150012 12.0265
70000 15000 150012 12.0207
60000 15000 150009 9.28241
65000 15000 150012 12.0265
60000 20000 150006 6.29557
65000 20000 150012 12.0858
65000 15000 150012 12.0265
70000 15000 150012 12.0207
65000 20000 150012 12.0858
70000 20000 150017 16.5959
70000 10000 150012 12.0013
75000 10000 150020 19.7286
70000 15000 150012 12.0207
75000 15000 150020 19.6107
75000 10000 150020 19.7286
80000 10000 150023 22.8742
75000 15000 150020 19.6107
80000 15000 150023 22.712
70000 15000 150012 12.0207
75000 15000 150020 19.6107
70000 20000 150017 16.5959
75000 20000 150020 20.4072
75000 15000 150020 19.6107
80000 15000 150023 22.712
75000 20000 150020 20.4072
80000 20000 150025 25.2132
0 20000 150001 1.28986
5000 20000 150001 1.44489
0 25000 150001 0.9973
5000 25000 150001 1.38353
5000 20000 150001 1.44489
10000 20000 150001 1.36821
5000 25000 150001 1.38353
10000 25000 150002 1.76707
0 25000 150001 0.9973
5000 25000 150001 1.38353
0 30000 150001 1.27931
5000 30000 150001 1.33723
5000 25000 150001 1.38353
10000 25000 150002 1.76707
5000 30000 150001 1.33723
10000 30000 150001 1.32513
10000 20000 150001 1.36821
15000 20000 150001 1.4403
10000 25000 150002 1.76707
15000 25000 150002 1.67892
15000 20000 150001 1.4403
20000 20000 150002 1.76882
15000 25000 150002 1.67892
20000 25000 150001 1.20535
10000 25000 150002 1.76707
15000 25000 150002 1.67892
10000 30000 150001 1.32513
15000 30000 150001 1.15601
15000 25000 150002 1.67892
20000 25000 150001 1.20535
15000 30000 150001 1.15601
20000 30000 150002 1.58984
20000 20000 150002 1.76882
25000 20000 150001 1.30211
20000 25000 150001 1.20535
25000 25000 150001 1.23304
25000 20000 150001 1.30211
30000 20000 150001 1.3877
25000 25000 150001 1.23304
30000 25000 150001 1.43092
20000 25000 150001 1.20535
25000 25000 150001 1.23304
20000 30000 150002 1.58984
25000 30000 150001 1.49217
25000 25000 150001 1.23304
30000 25000 150001 1.43092
25000 30000 150001 1.49217
30000 30000 150001 1.17428
30000 20000 150001 1.3877
35000 20000 150002 2.21209
30000 25000 150001 1.43092
35000 25000 150002 1.99798
35000 20000 150002 2.21209
40000 20000 150003 3.00015
35000 25000 150002 1.99798
40000 25000 150003 3.1078
30000 25000 150001 1.43092
35000 25000 150002 1.99798
30000 30000 150001 1.17428
35000 30000 150002 1.60737
35000 25000 150002 1.99798
40000 25000 150003 3.1078
35000 30000 150002 1.60737
40000 30000 150003 2.9285
40000 20000 150003 3.00015
45000 20000 150002 2.4
40000 25000 150003 3.1078
45000 25000 150004 3.97474
45000 20000 150002 2.4
50000 20000 150003 2.71178
45000 25000 150004 3.97474
50000 25000 150005 4.76871
40000 25000 150003 3.1078
45000 25000 150004 3.97474
40000 30000 150003 2.9285
45000 30000 150003 3.36782
45000 25000 150004 3.97474
50000 25000 150005 4.76871
45000 30000 150003 3.36782
50000 30000 150005 4.83612
50000 20000 150003 2.71178
55000 20000 150003 3.47525
50000 25000 150005 4.76871
55000 25000 150006 6.15822
55000 20000 150003 3.47525
60000 20000 150006 6.29557
55000 25000 150006 6.15822
60000 25000 150008 8.07342
50000 25000 150005 4.76871
55000 25000 150006 6.15822
50000 30000 150005 4.83612
55000 30000 150006 6.1431
55000 25000 150006 6.15822
60000 25000 150008 8.07342
55000 30000 150006 6.1431
60000 30000 150008 8.20228
60000 20000 150006 6.29557
65000 20000 150012 12.0858
60000 25000 150008 8.07342
65000 25000 150011 10.8573
65000 20000 150012 12.0858
70000 20000 150017 16.5959
65000 25000 150011 10.8573
70000 25000 150013 12.7293
60000 25000 150008 8.07342
65000 25000 150011 10.8573
60000 30000 150008 8.20228
65000 30000 150009 9.10773
65000 25000 150011 10.8573
70000 25000 150013 12.7293
65000 30000 150009 9.10773
70000 30000 150013 12.992
70000 20000 150017 16.5959
75000 20000 150020 20.4072
70000 25000 150013 12.7293
75000 25000 150018 17.9175
75000 20000 150020 20.4072
80000 20000 150025 25.2132
75000 25000 150018 17.9175
80000 25000 150024 23.7425
70000 25000 150013 12.7293
75000 25000 150018 17.9175
70000 30000 150013 12.992
75000 30000 150017 17.4848
75000 25000 150018 17.9175
80000 25000 150024 23.7425
75000 30000 150017 17.4848
80000 30000 150021 21.421
0 30000 150001 1.27931
5000 30000 150001 1.33723
0 35000 150001 1.34862
5000 35000 150001 1.2154
5000 30000 150001 1.33723
10000 30000 150001 1.32513
5000 35000 150001 1.2154
10000 35000 150001 0.993349
0 35000 150001 1.34862
5000 35000 150001 1.2154
0 40000 150001 1.14423
5000 40000 150001 0.723146
5000 35000 150001 1.2154
10000 35000 150001 0.993349
5000 40000 150001 0.723146
10000 40000 150001 1.1126
10000 30000 150001 1.32513
15000 30000 150001 1.15601
10000 35000 150001 0.993349
15000 35000 150001 1.0683
15000 30000 150001 1.15601
20000 30000 150002 1.58984
15000 35000 150001 1.0683
20000 35000 150001 1.17051
10000 35000 150001 0.993349
15000 35000 150001 1.0683
10000 40000 150001 1.1126
15000 40000 150001 0.97952
15000 35000 150001 1.0683
20000 35000 150001 1.17051
15000 40000 150001 0.97952
20000 40000 150001 1.29871
20000 30000 150002 1.58984
25000 30000 150001 1.49217
20000 35000 150001 1.17051
25000 35000 150001 1.42242
25000 30000 150001 1.49217
30000 30000 150001 1.17428
25000 35000 150001 1.42242
30000 35000 150001 1.12165
20000 35000 150001 1.17051
25000 35000 150001 1.42242
20000 40000 150001 1.29871
25000 40000 150001 0.92918
25000 35000 150001 1.42242
30000 35000 150001 1.12165
25000 40000 150001 0.92918
30000 40000 150001 1.00414
30000 30000 150001 1.17428
35000 30000 150002 1.60737
30000 35000 150001 1.12165
35000 35000 150001 1.23913
35000 30000 150002 1.60737
40000 30000 150003 2.9285
35000 35000 150001 1.23913
40000 35000 150002 2.18216
30000 35000 150001 1.12165
35000 35000 150001 1.23913
30000 40000 150001 1.00414
35000 40000 150001 1.12808
35000 35000 150001 1.23913
40000 35000 150002 2.18216
35000 40000 150001 1.12808
40000 40000 150002 2.11761
40000 30000 150003 2.9285
45000 30000 150003 3.36782
40000 35000 150002 2.18216
45000 35000 150003 3.36264
45000 30000 150003 3.36782
50000 30000 150005 4.83612
45000 35000 150003 3.36264
50000 35000 150004 3.53031
40000 35000 150002 2.18216
45000 35000 150003 3.36264
40000 40000 150002 2.11761
45000 40000 150003 2.5558
45000 35000 150003 3.36264
50000 35000 150004 3.53031
45000 40000 150003 2.5558
50000 40000 150003 3.39961
50000 30000 150005 4.83612
55000 30000 150006 6.1431
50000 35000 150004 3.53031
55000 35000 150005 5.13628
55000 30000 150006 6.1431
60000 30000 150008 8.20228
55000 35000 150005 5.13628
60000 35000 150007 7.48933
50000 35000 150004 3.53031
55000 35000 150005 5.13628
50000 40000 150003 3.39961
55000 40000 150004 4.44382
55000 35000 150005 5.13628
60000 35000 150007 7.48933
55000 40000 150004 4.44382
60000 40000 150007 6.66432
60000 30000 150008 8.20228
65000 30000 150009 9.10773
60000 35000 150007 7.48933
65000 35000 150011 11.1603
65000 30000 150009 9.10773
70000 30000 150013 12.992
65000 35000 150011 11.1603
70000 35000 150012 11.8188
60000 35000 150007 7.48933
65000 35000 150011 11.1603
60000 40000 150007 6.66432
65000 40000 150009 9.29151
65000 35000 150011 11.1603
70000 35000 150012 11.8188
65000 40000 150009 9.29151
70000 40000 150012 12.0066
70000 30000 150013 12.992
75000 30000 150017 17.4848
70000 35000 150012 11.8188
75000 35000 150016 16.4136
75000 30000 150017 17.4848
80000 30000 150021 21.421
75000 35000 150016 16.4136
80000 35000 150022 22.3046
70000 35000 150012 11.8188
75000 35000 150016 16.4136
70000 40000 150012 12.0066
75000 40000 150017 17.1043
75000 35000 150016 16.4136
80000 35000 150022 22.3046
75000 40000 150017 17.1043
80000 40000 150017 17.3513
0 40000 150001 1.14423
5000 40000 150001 0.723146
0 45000 150000 0.423737
5000 45000 150001 1.09334
5000 40000 150001 0.723146
10000 40000 150001 1.1126
5000 45000 150001 1.09334
10000 45000 150001 0.978863
0 45000 150000 0.423737
5000 45000 150001 1.09334
0 50000 150000 0.371723
5000 50000 150001 0.59993
5000 45000 150001 1.09334
10000 45000 150001 0.978863
5000 50000 150001 0.59993
10000 50000 150000 0.434037
10000 40000 150001 1.1126
15000 40000 150001 0.97952
10000 45000 150001 0.978863
15000 45000 150001 0.810921
15000 40000 150001 0.97952
20000 40000 150001 1.29871
15000 45000 150001 0.810921
20000 45000 150001 0.751997
10000 45000 150001 0.978863
15000 45000 150001 0.810921
10000 50000 150000 0.434037
15000 50000 150001 0.839671
15000 45000 150001 0.810921
20000 45000 150001 0.751997
15000 50000 150001 0.839671
20000 50000 150001 0.603288
20000 40000 150001 1.29871
25000 40000 150001 0.92918
20000 45000 150001 0.751997
25000 45000 150001 1.21495
25000 40000 150001 0.92918
30000 40000 150001 1.00414
25000 45000 150001 1.21495
30000 45000 150001 0.983473
20000 45000 150001 0.751997
25000 45000 150001 1.21495
20000 50000 150001 0.603288
25000 50000 150001 0.868941
25000 45000 150001 1.21495
30000 45000 150001 0.983473
25000 50000 150001 0.868941
30000 50000 150001 1.07121
30000 40000 150001 1.00414
35000 40000 150001 1.12808
30000 45000 150001 0.983473
35000 45000 150001 1.06835
35000 40000 150001 1.12808
40000 40000 150002 2.11761
35000 45000 150001 1.06835
40000 45000 150001 1.23802
30000 45000 150001 0.983473
35000 45000 150001 1.06835
30000 50000 150001 1.07121
35000 50000 150001 1.38322
35000 45000 150001 1.06835
40000 45000 150001 1.23802
35000 50000 150001 1.38322
40000 50000 150002 1.83054
40000 40000 150002 2.11761
45000 40000 150003 2.5558
40000 45000 150001 1.23802
45000 45000 150002 2.38372
45000 40000 150003 2.5558
50000 40000 150003 3.39961
45000 45000 150002 2.38372
50000 45000 150003 2.76979
40000 45000 150001 1.23802
45000 45000 150002 2.38372
40000 50000 150002 1.83054
45000 50000 150003 3.49303
45000 45000 150002 2.38372
50000 45000 150003 2.76979
45000 50000 150003 3.49303
50000 50000 150004 3.70075
50000 40000 150003 3.39961
55000 40000 150004 4.44382
50000 45000 150003 2.76979
55000 45000 150005 5.29461
55000 40000 150004 4.44382
60000 40000 150007 6.66432
55000 45000 150005 5.29461
60000 45000 150005 5.46581
50000 45000 150003 2.76979
55000 45000 150005 5.29461
50000 50000 150004 3.70075
55000 50000 150005 4.75625
55000 45000 150005 5.29461
60000 45000 150005 5.46581
55000 50000 150005 4.75625
60000 50000 150007 6.83921
60000 40000 150007 6.66432
65000 40000 150009 9.29151
60000 45000 150005 5.46581
65000 45000 150009 9.03072
65000 40000 150009 9.29151
70000 40000 150012 12.0066
65000 45000 150009 9.03072
70000 45000 150013 12.9377
60000 45000 150005 5.46581
65000 45000 150009 9.03072
60000 50000 150007 6.83921
65000 50000 150010 9.73117
65000 45000 150009 9.03072
70000 45000 150013 12.9377
65000 50000 150010 9.73117
70000 50000 150012 11.7486
70000 40000 150012 12.0066
75000 40000 150017 17.1043
70000 45000 150013 12.9377
75000 45000 150016 15.587
75000 40000 150017 17.1043
80000 40000 150017 17.3513
75000 45000 150016 15.587
80000 45000 150019 19.384
70000 45000 150013 12.9377
75000 45000 150016 15.587
70000 50000 150012 11.7486
75000 50000 150014 13.6627
75000 45000 150016 15.587
80000 45000 150019 19.384
75000 50000 150014 13.6627
80000 50000 150018 17.9215
0 50000 150000 0.371723
5000 50000 150001 0.59993
0 55000 150001 0.542899
5000 55000 150001 0.571054
5000 50000 150001 0.59993
10000 50000 150000 0.434037
5000 55000 150001 0.571054
10000 55000 150000 0.407094
0 55000 150001 0.542899
5000 55000 150001 0.571054
0 60000 150001 0.717934
5000 60000 150002 1.64909
5000 55000 150001 0.571054
10000 55000 150000 0.407094
5000 60000 150002 1.64909
10000 60000 150001 1.48829
10000 50000 150000 0.434037
15000 50000 150001 0.839671
10000 55000 150000 0.407094
15000 55000 150000 0.371691
15000 50000 150001 0.839671
20000 50000 150001 0.603288
15000 55000 150000 0.371691
20000 55000 150000 0.32552
10000 55000 150000 0.407094
15000 55000 150000 0.371691
10000 60000 150001 1.48829
15000 60000 150001 0.664713
15000 55000 150000 0.371691
20000 55000 150000 0.32552
15000 60000 150001 0.664713
20000 60000 150001 0.536503
20000 50000 150001 0.603288
25000 50000 150001 0.868941
20000 55000 150000 0.32552
25000 55000 150000 0.34123
25000 50000 150001 0.868941
30000 50000 150001 1.07121
25000 55000 150000 0.34123
30000 55000 150001 0.724395
20000 55000 150000 0.32552
25000 55000 150000 0.34123
20000 60000 150001 0.536503
25000 60000 150000 -0.01201
25000 55000 150000 0.34123
30000 55000 150001 0.724395
25000 60000 150000 -0.01201
30000 60000 150000 0.0966252
30000 50000 150001 1.07121
35000 50000 150001 1.38322
30000 55000 150001 0.724395
35000 55000 150001 1.46838
35000 50000 150001 1.38322
40000 50000 150002 1.83054
35000 55000 150001 1.46838
40000 55000 150002 2.09665
30000 55000 150001 0.724395
35000 55000 150001 1.46838
30000 60000 150000 0.0966252
35000 60000 150000 0.357451
35000 55000 150001 1.46838
40000 55000 150002 2.09665
35000 60000 150000 0.357451
40000 60000 150001 0.655122
40000 50000 150002 1.83054
45000 50000 150003 3.49303
40000 55000 150002 2.09665
45000 55000 150003 2.64371
45000 50000 150003 3.49303
50000 50000 150004 3.70075
45000 55000 150003 2.64371
50000 55000 150003 2.93505
40000 55000 150002 2.09665
45000 55000 150003 2.64371
40000 60000 150001 0.655122
45000 60000 150002 1.57391
45000 55000 150003 2.64371
50000 55000 150003 2.93505
45000 60000 150002 1.57391
50000 60000 150002 1.51571
50000 50000 150004 3.70075
55000 50000 150005 4.75625
50000 55000 150003 2.93505
55000 55000 150004 4.01526
55000 50000 150005 4.75625
60000 50000 150007 6.83921
55000 55000 150004 4.01526
60000 55000 150007 6.56833
50000 55000 150003 2.93505
55000 55000 150004 4.01526
50000 60000 150002 1.51571
55000 60000 150004 3.54698
55000 55000 150004 4.01526
60000 55000 150007 6.56833
55000 60000 150004 3.54698
60000 60000 150004 4.46775
60000 50000 150007 6.83921
65000 50000 150010 9.73117
60000 55000 150007 6.56833
65000 55000 150008 8.07092
65000 50000 150010 9.73117
70000 50000 150012 11.7486
65000 55000 150008 8.07092
70000 55000 150008 7.54157
60000 55000 150007 6.56833
65000 55000 150008 8.07092
60000 60000 150004 4.46775
65000 60000 150005 4.73366
65000 55000 150008 8.07092
70000 55000 150008 7.54157
65000 60000 150005 4.73366
70000 60000 150009 8.66322
70000 50000 150012 11.7486
75000 50000 150014 13.6627
70000 55000 150008 7.54157
75000 55000 150013 13.4606
75000 50000 150014 13.6627
80000 50000 150018 17.9215
75000 55000 150013 13.4606
80000 55000 150014 14.3621
70000 55000 150008 7.54157
75000 55000 150013 13.4606
70000 60000 150009 8.66322
75000 60000 150012 12.1133
75000 55000 150013 13.4606
80000 55000 150014 14.3621
75000 60000 150012 12.1133
80000 60000 150016 16.0258
0 60000 150001 0.717934
5000 60000 150002 1.64909
0 65000 150001 0.868479
5000 65000 150001 1.0982
5000 60000 150002 1.64909
10000 60000 150001 1.48829
5000 65000 150001 1.0982
10000 65000 150001 0.653822
0 65000 150001 0.868479
5000 65000 150001 1.0982
0 70000 150001 0.673318
5000 70000 150001 0.896869
5000 65000 150001 1.0982
10000 65000 150001 0.653822
5000 70000 150001 0.896869
10000 70000 150001 0.53509
10000 60000 150001 1.48829
15000 60000 150001 0.664713
10000 65000 150001 0.653822
15000 65000 150000 0.417204
15000 60000 150001 0.664713
20000 60000 150001 0.536503
15000 65000 150000 0.417204
20000 65000 150000 0.0882574
10000 65000 150001 0.653822
15000 65000 150000 0.417204
10000 70000 150001 0.53509
15000 70000 150000 0.156911
15000 65000 150000 0.417204
20000 65000 150000 0.0882574
15000 70000 150000 0.156911
20000 70000 150000 0.408985
20000 60000 150001 0.536503
25000 60000 150000 -0.01201
20000 65000 150000 0.0882574
25000 65000 150000 -0.0790306
25000 60000 150000 -0.01201
30000 60000 150000 0.0966252
25000 65000 150000 -0.0790306
30000 65000 150000 -0.00864345
20000 65000 150000 0.0882574
25000 65000 150000 -0.0790306
20000 70000 150000 0.408985
25000 70000 150000 -0.124558
25000 65000 150000 -0.0790306
30000 65000 150000 -0.00864345
25000 70000 150000 -0.124558
30000 70000 150000 -0.120589
30000 60000 150000 0.0966252
35000 60000 150000 0.357451
30000 65000 150000 -0.00864345
35000 65000 150000 0.286213
35000 60000 150000 0.357451
40000 60000 150001 0.655122
35000 65000 150000 0.286213
40000 65000 150001 0.591358
30000 65000 150000 -0.00864345
35000 65000 150000 0.286213
30000 70000 150000 -0.120589
35000 70000 150000 0.252807
35000 65000 150000 0.286213
40000 65000 150001 0.591358
35000 70000 150000 0.252807
40000 70000 150001 0.938812
40000 60000 150001 0.655122
45000 60000 150002 1.57391
40000 65000 150001 0.591358
45000 65000 150001 0.860431
45000 60000 150002 1.57391
50000 60000 150002 1.51571
45000 65000 150001 0.860431
50000 65000 150002 1.76693
40000 65000 150001 0.591358
45000 65000 150001 0.860431
40000 70000 150001 0.938812
45000 70000 150001 1.11686
45000 65000 150001 0.860431
50000 65000 150002 1.76693
45000 70000 150001 1.11686
50000 70000 150002 1.82451
50000 60000 150002 1.51571
55000 60000 150004 3.54698
50000 65000 150002 1.76693
55000 65000 150003 3.40875
55000 60000 150004 3.54698
60000 60000 150004 4.46775
55000 65000 150003 3.40875
60000 65000 150004 4.36993
50000 65000 150002 1.76693
55000 65000 150003 3.40875
50000 70000 150002 1.82451
55000 70000 150003 2.57109
55000 65000 150003 3.40875
60000 65000 150004 4.36993
55000 70000 150003 2.57109
60000 70000 150006 5.54308
60000 60000 150004 4.46775
65000 60000 150005 4.73366
60000 65000 150004 4.36993
65000 65000 150006 5.89472
65000 60000 150005 4.73366
70000 60000 150009 8.66322
65000 65000 150006 5.89472
70000 65000 150007 6.51343
60000 65000 150004 4.36993
65000 65000 150006 5.89472
60000 70000 150006 5.54308
65000 70000 150007 7.13948
65000 65000 150006 5.89472
70000 65000 150007 6.51343
65000 70000 150007 7.13948
70000 70000 150009 8.75608
70000 60000 150009 8.66322
75000 60000 150012 12.1133
70000 65000 150007 6.51343
75000 65000 150010 10.4294
75000 60000 150012 12.1133
80000 60000 150016 16.0258
75000 65000 150010 10.4294
80000 65000 150014 14.2718
70000 65000 150007 6.51343
75000 65000 150010 10.4294
70000 70000 150009 8.75608
75000 70000 150011 11.439
75000 65000 150010 10.4294
80000 65000 150014 14.2718
75000 70000 150011 11.439
80000 70000 150014 14.3914
0 70000 150001 0.673318
5000 70000 150001 0.896869
0 75000 150000 0.178478
5000 75000 150000 0.216129
5000 70000 150001 0.896869
10000 70000 150001 0.53509
5000 75000 150000 0.216129
10000 75000 150000 0.160639
0 75000 150000 0.178478
5000 75000 150000 0.216129
0 80000 150000 0.391407
5000 80000 150000 0.127156
5000 75000 150000 0.216129
10000 75000 150000 0.160639
5000 80000 150000 0.127156
10000 80000 150000 -0.445936
10000 70000 150001 0.53509
15000 70000 150000 0.156911
10000 75000 150000 0.160639
15000 75000 150000 -0.101594
15000 70000 150000 0.156911
20000 70000 150000 0.408985
15000 75000 150000 -0.101594
20000 75000 150000 -0.216662
10000 75000 150000 0.160639
15000 75000 150000 -0.101594
10000 80000 150000 -0.445936
15000 80000 150000 -0.113055
15000 75000 150000 -0.101594
20000 75000 150000 -0.216662
15000 80000 150000 -0.113055
20000 80000 150000 -0.15632
20000 70000 150000 0.408985
25000 70000 150000 -0.124558
20000 75000 150000 -0.216662
25000 75000 150000 -0.235416
25000 70000 150000 -0.124558
30000 70000 150000 -0.120589
25000 75000 150000 -0.235416
30000 75000 150000 -0.0693213
20000 75000 150000 -0.216662
25000 75000 150000 -0.235416
20000 80000 150000 -0.15632
25000 80000 150000 -0.235416
25000 75000 150000 -0.235416
30000 75000 150000 -0.0693213
25000 80000 150000 -0.235416
30000 80000 150000 0.0203757
30000 70000 150000 -0.120589
35000 70000 150000 0.252807
30000 75000 150000 -0.0693213
35000 75000 150000 0.408121
35000 70000 150000 0.252807
40000 70000 150001 0.938812
35000 75000 150000 0.408121
40000 75000 150000 0.448639
30000 75000 150000 -0.0693213
35000 75000 150000 0.408121
30000 80000 150000 0.0203757
35000 80000 150000 0.108429
35000 75000 150000 0.408121
40000 75000 150000 0.448639
35000 80000 150000 0.108429
40000 80000 150001 0.683606
40000 70000 150001 0.938812
45000 70000 150001 1.11686
40000 75000 150000 0.448639
45000 75000 150001 0.684256
45000 70000 150001 1.11686
50000 70000 150002 1.82451
45000 75000 150001 0.684256
50000 75000 150001 0.927179
40000 75000 150000 0.448639
45000 75000 150001 0.684256
40000 80000 150001 0.683606
45000 80000 150001 0.575117
45000 75000 150001 0.684256
50000 75000 150001 0.927179
45000 80000 150001 0.575117
50000 80000 150001 0.646703
50000 70000 150002 1.82451
55000 70000 150003 2.57109
50000 75000 150001 0.927179
55000 75000 150002 2.18421
55000 70000 150003 2.57109
60000 70000 150006 5.54308
55000 75000 150002 2.18421
60000 75000 150004 3.71111
50000 75000 150001 0.927179
55000 75000 150002 2.18421
50000 80000 150001 0.646703
55000 80000 150002 1.88612
55000 75000 150002 2.18421
60000 75000 150004 3.71111
55000 80000 150002 1.88612
60000 80000 150002 2.11582
60000 70000 150006 5.54308
65000 70000 150007 7.13948
60000 75000 150004 3.71111
65000 75000 150005 5.09852
65000 70000 150007 7.13948
70000 70000 150009 8.75608
65000 75000 150005 5.09852
70000 75000 150007 7.34043
60000 75000 150004 3.71111
65000 75000 150005 5.09852
60000 80000 150002 2.11582
65000 80000 150002 2.11733
65000 75000 150005 5.09852
70000 75000 150007 7.34043
65000 80000 150002 2.11733
70000 80000 150005 4.50877
70000 70000 150009 8.75608
75000 70000 150011 11.439
70000 75000 150007 7.34043
75000 75000 150008 8.42732
75000 70000 150011 11.439
80000 70000 150014 14.3914
75000 75000 150008 8.42732
80000 75000 150010 10.2253
70000 75000 150007 7.34043
75000 75000 150008 8.42732
70000 80000 150005 4.50877
75000 80000 150007 7.17479
75000 75000 150008 8.42732
80000 75000 150010 10.2253
75000 80000 150007 7.17479
80000 80000 150014 13.7
80000 0 150026 26.0071
85000 0 150028 28.305
80000 5000 150025 25.179
85000 5000 150028 28.4179
85000 0 150028 28.305
90000 0 150029 29.2538
85000 5000 150028 28.4179
90000 5000 150030 29.9841
80000 5000 150025 25.179
85000 5000 150028 28.4179
80000 10000 150023 22.8742
85000 10000 150027 26.5622
85000 5000 150028 28.4179
90000 5000 150030 29.9841
85000 10000 150027 26.5622
90000 10000 150029 28.6276
90000 0 150029 29.2538
95000 0 150028 27.9801
90000 5000 150030 29.9841
95000 5000 150029 28.6168
95000 0 150028 27.9801
100000 0 150024 23.9291
95000 5000 150029 28.6168
100000 5000 150024 24.3042
90000 5000 150030 29.9841
95000 5000 150029 28.6168
90000 10000 150029 28.6276
95000 10000 150029 28.7012
95000 5000 150029 28.6168
100000 5000 150024 24.3042
95000 10000 150029 28.7012
100000 10000 150025 25.4823
100000 0 150024 23.9291
105000 0 150016 15.5424
100000 5000 150024 24.3042
105000 5000 150013 12.7922
105000 0 150016 15.5424
110000 0 150002 1.68953
105000 5000 150013 12.7922
110000 5000 149996 -4.28337
100000 5000 150024 24.3042
105000 5000 150013 12.7922
100000 10000 150025 25.4823
105000 10000 150020 20.111
105000 5000 150013 12.7922
110000 5000 149996 -4.28337
105000 10000 150020 20.111
110000 10000 150009 8.92777
110000 0 150002 1.68953
115000 0 149983 -16.6324
110000 5000 149996 -4.28337
115000 5000 149977 -23.429
115000 0 149983 -16.6324
120000 0 149969 -30.652
115000 5000 149977 -23.429
120000 5000 149964 -36.2082
110000 5000 149996 -4.28337
115000 5000 149977 -23.429
110000 10000 150009 8.92777
115000 10000 149985 -15.0368
115000 5000 149977 -23.429
120000 5000 149964 -36.2082
115000 10000 149985 -15.0368
120000 10000 149961 -39.4445
120000 0 149969 -30.652
125000 0 149961 -39.4096
120000 5000 149964 -36.2082
125000 5000 149959 -40.9552
125000 0 149961 -39.4096
130000 0 149960 -40.294
125000 5000 149959 -40.9552
130000 5000 149958 -41.5727
120000 5000 149964 -36.2082
125000 5000 149959 -40.9552
120000 10000 149961 -39.4445
125000 10000 149953 -47.0535
125000 5000 149959 -40.9552
130000 5000 149958 -41.5727
125000 10000 149953 -47.0535
130000 10000 149954 -46.3902
130000 0 149960 -40.294
135000 0 149963 -36.501
130000 5000 149958 -41.5727
135000 5000 149960 -40.0658
135000 0 149963 -36.501
140000 0 149967 -33.0459
135000 5000 149960 -40.0658
140000 5000 149975 -25.096
130000 5000 149958 -41.5727
135000 5000 149960 -40.0658
130000 10000 149954 -46.3902
135000 10000 149960 -40.3468
135000 5000 149960 -40.0658
140000 5000 149975 -25.096
135000 10000 149960 -40.3468
140000 10000 149974 -26.109
140000 0 149967 -33.0459
145000 0 149986 -14.2194
140000 5000 149975 -25.096
145000 5000 149979 -20.6803
145000 0 149986 -14.2194
150000 0 149990 -9.70244
145000 5000 149979 -20.6803
150000 5000 149990 -10.3456
140000 5000 149975 -25.096
145000 5000 149979 -20.6803
140000 10000 149974 -26.109
145000 10000 149988 -11.5273
145000 5000 149979 -20.6803
150000 5000 149990 -10.3456
145000 10000 149988 -11.5273
150000 10000 149997 -3.02219
150000 0 149990 -9.70244
155000 0 149998 -1.76285
150000 5000 149990 -10.3456
155000 5000 150000 0.394098
155000 0 149998 -1.76285
160000 0 150006 6.21984
155000 5000 150000 0.394098
160000 5000 150007 6.71061
150000 5000 149990 -10.3456
155000 5000 150000 0.394098
150000 10000 149997 -3.02219
155000 10000 150002 1.5248
155000 5000 150000 0.394098
160000 5000 150007 6.71061
155000 10000 150002 1.5248
160000 10000 150009 9.36506
80000 10000 150023 22.8742
85000 10000 150027 26.5622
80000 15000 150023 22.712
85000 15000 150027 27.3428
85000 10000 150027 26.5622
90000 10000 150029 28.6276
85000 15000 150027 27.3428
90000 15000 150027 27.1069
80000 15000 150023 22.712
85000 15000 150027 27.3428
80000 20000 150025 25.2132
85000 20000 150030 29.7535
85000 15000 150027 27.3428
90000 15000 150027 27.1069
85000 20000 150030 29.7535
90000 20000 150030 30.3499
90000 10000 150029 28.6276
95000 10000 150029 28.7012
90000 15000 150027 27.1069
95000 15000 150029 29.0615
95000 10000 150029 28.7012
100000 10000 150025 25.4823
95000 15000 150029 29.0615
100000 15000 150029 28.8136
90000 15000 150027 27.1069
95000 15000 150029 29.0615
90000 20000 150030 30.3499
95000 20000 150030 30.1638
95000 15000 150029 29.0615
100000 15000 150029 28.8136
95000 20000 150030 30.1638
100000 20000 150029 28.5632
100000 10000 150025 25.4823
105000 10000 150020 20.111
100000 15000 150029 28.8136
105000 15000 150029 28.6097
105000 10000 150020 20.111
110000 10000 150009 8.92777
105000 15000 150029 28.6097
110000 15000 150020 19.8864
100000 15000 150029 28.8136
105000 15000 150029 28.6097
100000 20000 150029 28.5632
105000 20000 150032 31.5259
105000 15000 150029 28.6097
110000 15000 150020 19.8864
105000 20000 150032 31.5259
110000 20000 150030 29.7061
110000 10000 150009 8.92777
115000 10000 149985 -15.0368
110000 15000 150020 19.8864
115000 15000 149992 -7.56932
115000 10000 149985 -15.0368
120000 10000 149961 -39.4445
115000 15000 149992 -7.56932
120000 15000 149959 -41.2796
110000 15000 150020 19.8864
115000 15000 149992 -7.56932
110000 20000 150030 29.7061
115000 20000 150002 1.8391
115000 15000 149992 -7.56932
120000 15000 149959 -41.2796
115000 20000 150002 1.8391
120000 20000 149959 -41.0659
120000 10000 149961 -39.4445
125000 10000 149953 -47.0535
120000 15000 149959 -41.2796
125000 15000 149937 -62.9998
125000 10000 149953 -47.0535
130000 10000 149954 -46.3902
125000 15000 149937 -62.9998
130000 15000 149940 -59.7415
120000 15000 149959 -41.2796
125000 15000 149937 -62.9998
120000 20000 149959 -41.0659
125000 20000 149922 -77.6576
125000 15000 149937 -62.9998
130000 15000 149940 -59.7415
125000 20000 149922 -77.6576
130000 20000 149919 -81.1291
130000 10000 149954 -46.3902
135000 10000 149960 -40.3468
130000 15000 149940 -59.7415
135000 15000 149957 -43.1489
135000 10000 149960 -40.3468
140000 10000 149974 -26.109
135000 15000 149957 -43.1489
140000 15000 149970 -30.2412
130000 15000 149940 -59.7415
135000 15000 149957 -43.1489
130000 20000 149919 -81.1291
135000 20000 149947 -52.9121
135000 15000 149957 -43.1489
140000 15000 149970 -30.2412
135000 20000 149947 -52.9121
140000 20000 149968 -32.0416
140000 10000 149974 -26.109
145000 10000 149988 -11.5273
140000 15000 149970 -30.2412
145000 15000 149989 -10.7969
145000 10000 149988 -11.5273
150000 10000 149997 -3.02219
145000 15000 149989 -10.7969
150000 15000 149999 -1.06717
140000 15000 149970 -30.2412
145000 15000 149989 -10.7969
140000 20000 149968 -32.0416
145000 20000 149987 -12.6408
145000 15000 149989 -10.7969
150000 15000 149999 -1.06717
145000 20000 149987 -12.6408
150000 20000 149981 -18.8552
150000 10000 149997 -3.02219
155000 10000 150002 1.5248
150000 15000 149999 -1.06717
155000 15000 150005 4.92889
155000 10000 150002 1.5248
160000 10000 150009 9.36506
155000 15000 150005 4.92889
160000 15000 150010 10.4097
150000 15000 149999 -1.06717
155000 15000 150005 4.92889
150000 20000 149981 -18.8552
155000 20000 149996 -4.07057
155000 15000 150005 4.92889
160000 15000 150010 10.4097
155000 20000 149996 -4.07057
160000 20000 150007 7.17073
80000 20000 150025 25.2132
85000 20000 150030 29.7535
80000 25000 150024 23.7425
85000 25000 150029 28.9983
85000 20000 150030 29.7535
90000 20000 150030 30.3499
85000 25000 150029 28.9983
90000 25000 150030 30.3469
80000 25000 150024 23.7425
85000 25000 150029 28.9983
80000 30000 150021 21.421
85000 30000 150026 26.2137
85000 25000 150029 28.9983
90000 25000 150030 30.3469
85000 30000 150026 26.2137
90000 30000 150031 30.5283
90000 20000 150030 30.3499
95000 20000 150030 30.1638
90000 25000 150030 30.3469
95000 25000 150032 31.5962
95000 20000 150030 30.1638
100000 20000 150029 28.5632
95000 25000 150032 31.5962
100000 25000 150032 31.6162
90000 25000 150030 30.3469
95000 25000 150032 31.5962
90000 30000 150031 30.5283
95000 30000 150032 31.5828
95000 25000 150032 31.5962
100000 25000 150032 31.6162
95000 30000 150032 31.5828
100000 30000 150032 32.3574
100000 20000 150029 28.5632
105000 20000 150032 31.5259
100000 25000 150032 31.6162
105000 25000 150033 33.3155
105000 20000 150032 31.5259
110000 20000 150030 29.7061
105000 25000 150033 33.3155
110000 25000 150035 35.0718
100000 25000 150032 31.6162
105000 25000 150033 33.3155
100000 30000 150032 32.3574
105000 30000 150032 32.3858
105000 25000 150033 33.3155
110000 25000 150035 35.0718
105000 30000 150032 32.3858
110000 30000 150034 34.0772
110000 20000 150030 29.7061
115000 20000 150002 1.8391
110000 25000 150035 35.0718
115000 25000 150018 18.0365
115000 20000 150002 1.8391
120000 20000 149959 -41.0659
115000 25000 150018 18.0365
120000 25000 149973 -26.6425
110000 25000 150035 35.0718
115000 25000 150018 18.0365
110000 30000 150034 34.0772
115000 30000 150027 27.124
115000 25000 150018 18.0365
120000 25000 149973 -26.6425
115000 30000 150027 27.124
120000 30000 149992 -8.3462
120000 20000 149959 -41.0659
125000 20000 149922 -77.6576
120000 25000 149973 -26.6425
125000 25000 149935 -64.5808
125000 20000 149922 -77.6576
130000 20000 149919 -81.1291
125000 25000 149935 -64.5808
130000 25000 149908 -92.2099
120000 25000 149973 -26.6425
125000 25000 149935 -64.5808
120000 30000 149992 -8.3462
125000 30000 149958 -42.2172
125000 25000 149935 -64.5808
130000 25000 149908 -92.2099
125000 30000 149958 -42.2172
130000 30000 149913 -86.9535
130000 20000 149919 -81.1291
135000 20000 149947 -52.9121
130000 25000 149908 -92.2099
135000 25000 149928 -72.0621
135000 20000 149947 -52.9121
140000 20000 149968 -32.0416
135000 25000 149928 -72.0621
140000 25000 149958 -42.474
130000 25000 149908 -92.2099
135000 25000 149928 -72.0621
130000 30000 149913 -86.9535
135000 30000 149906 -93.9074
135000 25000 149928 -72.0621
140000 25000 149958 -42.474
135000 30000 149906 -93.9074
140000 30000 149946 -54.2154
140000 20000 149968 -32.0416
145000 20000 149987 -12.6408
140000 25000 149958 -42.474
145000 25000 149981 -18.8425
145000 20000 149987 -12.6408
150000 20000 149981 -18.8552
145000 25000 149981 -18.8425
150000 25000 149997 -3.041
140000 25000 149958 -42.474
145000 25000 149981 -18.8425
140000 30000 149946 -54.2154
145000 30000 149969 -30.6349
145000 25000 149981 -18.8425
150000 25000 149997 -3.041
145000 30000 149969 -30.6349
150000 30000 149992 -7.73679
150000 20000 149981 -18.8552
155000 20000 149996 -4.07057
150000 25000 149997 -3.041
155000 25000 150004 4.0286
155000 20000 149996 -4.07057
160000 20000 150007 7.17073
155000 25000 150004 4.0286
160000 25000 150005 4.64189
150000 25000 149997 -3.041
155000 25000 150004 4.0286
150000 30000 149992 -7.73679
155000 30000 150005 4.71365
155000 25000 150004 4.0286
160000 25000 150005 4.64189
155000 30000 150005 4.71365
160000 30000 150011 10.9238
80000 30000 150021 21.421
85000 30000 150026 26.2137
80000 35000 150022 22.3046
85000 35000 150025 25.2143
85000 30000 150026 26.2137
90000 30000 150031 30.5283
85000 35000 150025 25.2143
90000 35000 150026 26.3238
80000 35000 150022 22.3046
85000 35000 150025 25.2143
80000 40000 150017 17.3513
85000 40000 150025 24.5421
85000 35000 150025 25.2143
90000 35000 150026 26.3238
85000 40000 150025 24.5421
90000 40000 150029 29.3267
90000 30000 150031 30.5283
95000 30000 150032 31.5828
90000 35000 150026 26.3238
95000 35000 150031 31.2307
95000 30000 150032 31.5828
100000 30000 150032 32.3574
95000 35000 150031 31.2307
100000 35000 150033 32.6853
90000 35000 150026 26.3238
95000 35000 150031 31.2307
90000 40000 150029 29.3267
95000 40000 150032 31.8441
95000 35000 150031 31.2307
100000 35000 150033 32.6853
95000 40000 150032 31.8441
100000 40000 150034 33.5816
100000 30000 150032 32.3574
105000 30000 150032 32.3858
100000 35000 150033 32.6853
105000 35000 150033 32.7839
105000 30000 150032 32.3858
110000 30000 150034 34.0772
105000 35000 150033 32.7839
110000 35000 150034 33.7281
100000 35000 150033 32.6853
105000 35000 150033 32.7839
100000 40000 150034 33.5816
105000 40000 150033 32.9166
105000 35000 150033 32.7839
110000 35000 150034 33.7281
105000 40000 150033 32.9166
110000 40000 150032 31.7026
110000 30000 150034 34.0772
115000 30000 150027 27.124
110000 35000 150034 33.7281
115000 35000 150032 32.1803
115000 30000 150027 27.124
120000 30000 149992 -8.3462
115000 35000 150032 32.1803
120000 35000 150012 11.7491
110000 35000 150034 33.7281
115000 35000 150032 32.1803
110000 40000 150032 31.7026
115000 40000 150033 32.7903
115000 35000 150032 32.1803
120000 35000 150012 11.7491
115000 40000 150033 32.7903
120000 40000 150025 24.51
120000 30000 149992 -8.3462
125000 30000 149958 -42.2172
120000 35000 150012 11.7491
125000 35000 149972 -27.9073
125000 30000 149958 -42.2172
130000 30000 149913 -86.9535
125000 35000 149972 -27.9073
130000 35000 149934 -65.9424
120000 35000 150012 11.7491
125000 35000 149972 -27.9073
120000 40000 150025 24.51
125000 40000 149993 -6.89201
125000 35000 149972 -27.9073
130000 35000 149934 -65.9424
125000 40000 149993 -6.89201
130000 40000 149957 -42.5268
130000 30000 149913 -86.9535
135000 30000 149906 -93.9074
130000 35000 149934 -65.9424
135000 35000 149897 -102.819
135000 30000 149906 -93.9074
140000 30000 149946 -54.2154
135000 35000 149897 -102.819
140000 35000 149922 -77.6031
130000 35000 149934 -65.9424
135000 35000 149897 -102.819
130000 40000 149957 -42.5268
135000 40000 149909 -91.3713
135000 35000 149897 -102.819
140000 35000 149922 -77.6031
135000 40000 149909 -91.3713
140000 40000 149901 -99.4606
140000 30000 149946 -54.2154
145000 30000 149969 -30.6349
140000 35000 149922 -77.6031
145000 35000 149957 -43.2888
145000 30000 149969 -30.6349
150000 30000 149992 -7.73679
145000 35000 149957 -43.2888
150000 35000 149976 -23.8215
140000 35000 149922 -77.6031
145000 35000 149957 -43.2888
140000 40000 149901 -99.4606
145000 40000 149938 -61.5009
145000 35000 149957 -43.2888
150000 35000 149976 -23.8215
145000 40000 149938 -61.5009
150000 40000 149965 -35.0981
150000 30000 149992 -7.73679
155000 30000 150005 4.71365
150000 35000 149976 -23.8215
155000 35000 150002 2.0475
155000 30000 150005 4.71365
160000 30000 150011 10.9238
155000 35000 150002 2.0475
160000 35000 150013 13.2336
150000 35000 149976 -23.8215
155000 35000 150002 2.0475
150000 40000 149965 -35.0981
155000 40000 149997 -3.39593
155000 35000 150002 2.0475
160000 35000 150013 13.2336
155000 40000 149997 -3.39593
160000 40000 149994 -6.21231
80000 40000 150017 17.3513
85000 40000 150025 24.5421
80000 45000 150019 19.384
85000 45000 150024 24.2791
85000 40000 150025 24.5421
90000 40000 150029 29.3267
85000 45000 150024 24.2791
90000 45000 150030 30.152
80000 45000 150019 19.384
85000 45000 150024 24.2791
80000 50000 150018 17.9215
85000 50000 150022 21.7099
85000 45000 150024 24.2791
90000 45000 150030 30.152
85000 50000 150022 21.7099
90000 50000 150026 26.4945
90000 40000 150029 29.3267
95000 40000 150032 31.8441
90000 45000 150030 30.152
95000 45000 150031 31.4326
95000 40000 150032 31.8441
100000 40000 150034 33.5816
95000 45000 150031 31.4326
100000 45000 150032 31.725
90000 45000 150030 30.152
95000 45000 150031 31.4326
90000 50000 150026 26.4945
95000 50000 150032 32.1904
95000 45000 150031 31.4326
100000 45000 150032 31.725
95000 50000 150032 32.1904
100000 50000 150033 33.4707
100000 40000 150034 33.5816
105000 40000 150033 32.9166
100000 45000 150032 31.725
105000 45000 150033 32.7671
105000 40000 150033 32.9166
110000 40000 150032 31.7026
105000 45000 150033 32.7671
110000 45000 150032 31.5095
100000 45000 150032 31.725
105000 45000 150033 32.7671
100000 50000 150033 33.4707
105000 50000 150032 32.4585
105000 45000 150033 32.7671
110000 45000 150032 31.5095
105000 50000 150032 32.4585
110000 50000 150032 32.3063
110000 40000 150032 31.7026
115000 40000 150033 32.7903
110000 45000 150032 31.5095
115000 45000 150029 28.752
115000 40000 150033 32.7903
120000 40000 150025 24.51
115000 45000 150029 28.752
120000 45000 150026 25.7755
110000 45000 150032 31.5095
115000 45000 150029 28.752
110000 50000 150032 32.3063
115000 50000 150029 29.1151
115000 45000 150029 28.752
120000 45000 150026 25.7755
115000 50000 150029 29.1151
120000 50000 150014 14.3864
120000 40000 150025 24.51
125000 40000 149993 -6.89201
120000 45000 150026 25.7755
125000 45000 149981 -18.7814
125000 40000 149993 -6.89201
130000 40000 149957 -42.5268
125000 45000 149981 -18.7814
130000 45000 149966 -33.8246
120000 45000 150026 25.7755
125000 45000 149981 -18.7814
120000 50000 150014 14.3864
125000 50000 150019 18.638
125000 45000 149981 -18.7814
130000 45000 149966 -33.8246
125000 50000 150019 18.638
130000 50000 149994 -6.45935
130000 40000 149957 -42.5268
135000 40000 149909 -91.3713
130000 45000 149966 -33.8246
135000 45000 149937 -62.7523
135000 40000 149909 -91.3713
140000 40000 149901 -99.4606
135000 45000 149937 -62.7523
140000 45000 149893 -106.802
130000 45000 149966 -33.8246
135000 45000 149937 -62.7523
130000 50000 149994 -6.45935
135000 50000 149958 -41.6731
135000 45000 149937 -62.7523
140000 45000 149893 -106.802
135000 50000 149958 -41.6731
140000 50000 149910 -90.3152
140000 40000 149901 -99.4606
145000 40000 149938 -61.5009
140000 45000 149893 -106.802
145000 45000 149909 -91.4434
145000 40000 149938 -61.5009
150000 40000 149965 -35.0981
145000 45000 149909 -91.4434
150000 45000 149955 -45.0733
140000 45000 149893 -106.802
145000 45000 149909 -91.4434
140000 50000 149910 -90.3152
145000 50000 149887 -112.768
145000 45000 149909 -91.4434
150000 45000 149955 -45.0733
145000 50000 149887 -112.768
150000 50000 149932 -68.178
150000 40000 149965 -35.0981
155000 40000 149997 -3.39593
150000 45000 149955 -45.0733
155000 45000 149966 -33.5422
155000 40000 149997 -3.39593
160000 40000 149994 -6.21231
155000 45000 149966 -33.5422
160000 45000 150007 6.71204
150000 45000 149955 -45.0733
155000 45000 149966 -33.5422
150000 50000 149932 -68.178
155000 50000 149968 -31.8281
155000 45000 149966 -33.5422
160000 45000 150007 6.71204
155000 50000 149968 -31.8281
160000 50000 149983 -17.4238
80000 50000 150018 17.9215
85000 50000 150022 21.7099
80000 55000 150014 14.3621
85000 55000 150018 18.3103
85000 50000 150022 21.7099
90000 50000 150026 26.4945
85000 55000 150018 18.3103
90000 55000 150023 23.2598
80000 55000 150014 14.3621
85000 55000 150018 18.3103
80000 60000 150016 16.0258
85000 60000 150019 19.4793
85000 55000 150018 18.3103
90000 55000 150023 23.2598
85000 60000 150019 19.4793
90000 60000 150022 22.0949
90000 50000 150026 26.4945
95000 50000 150032 32.1904
90000 55000 150023 23.2598
95000 55000 150028 28.4677
95000 50000 150032 32.1904
100000 50000 150033 33.4707
95000 55000 150028 28.4677
100000 55000 150032 32.0163
90000 55000 150023 23.2598
95000 55000 150028 28.4677
90000 60000 150022 22.0949
95000 60000 150026 25.7141
95000 55000 150028 28.4677
100000 55000 150032 32.0163
95000 60000 150026 25.7141
100000 60000 150030 29.884
100000 50000 150033 33.4707
105000 50000 150032 32.4585
100000 55000 150032 32.0163
105000 55000 150034 33.8873
105000 50000 150032 32.4585
110000 50000 150032 32.3063
105000 55000 150034 33.8873
110000 55000 150033 32.7018
100000 55000 150032 32.0163
105000 55000 150034 33.8873
100000 60000 150030 29.884
105000 60000 150033 33.0017
105000 55000 150034 33.8873
110000 55000 150033 32.7018
105000 60000 150033 33.0017
110000 60000 150033 32.5366
110000 50000 150032 32.3063
115000 50000 150029 29.1151
110000 55000 150033 32.7018
115000 55000 150030 29.9561
115000 50000 150029 29.1151
120000 50000 150014 14.3864
115000 55000 150030 29.9561
120000 55000 150029 28.7733
110000 55000 150033 32.7018
115000 55000 150030 29.9561
110000 60000 150033 32.5366
115000 60000 150031 31.2665
115000 55000 150030 29.9561
120000 55000 150029 28.7733
115000 60000 150031 31.2665
120000 60000 150029 29.1021
120000 50000 150014 14.3864
125000 50000 150019 18.638
120000 55000 150029 28.7733
125000 55000 150027 27.3771
125000 50000 150019 18.638
130000 50000 149994 -6.45935
125000 55000 150027 27.3771
130000 55000 150005 4.90184
120000 55000 150029 28.7733
125000 55000 150027 27.3771
120000 60000 150029 29.1021
125000 60000 150028 27.9516
125000 55000 150027 27.3771
130000 55000 150005 4.90184
125000 60000 150028 27.9516
130000 60000 150019 19.4683
130000 50000 149994 -6.45935
135000 50000 149958 -41.6731
130000 55000 150005 4.90184
135000 55000 149972 -28.0662
135000 50000 149958 -41.6731
140000 50000 149910 -90.3152
135000 55000 149972 -28.0662
140000 55000 149941 -59.3849
130000 55000 150005 4.90184
135000 55000 149972 -28.0662
130000 60000 150019 19.4683
135000 60000 149993 -6.88423
135000 55000 149972 -28.0662
140000 55000 149941 -59.3849
135000 60000 149993 -6.88423
140000 60000 149958 -42.2533
140000 50000 149910 -90.3152
145000 50000 149887 -112.768
140000 55000 149941 -59.3849
145000 55000 149892 -108.08
145000 50000 149887 -112.768
150000 50000 149932 -68.178
145000 55000 149892 -108.08
150000 55000 149908 -92.0481
140000 55000 149941 -59.3849
145000 55000 149892 -108.08
140000 60000 149958 -42.2533
145000 60000 149917 -83.217
145000 55000 149892 -108.08
150000 55000 149908 -92.0481
145000 60000 149917 -83.217
150000 60000 149893 -106.731
150000 50000 149932 -68.178
155000 50000 149968 -31.8281
150000 55000 149908 -92.0481
155000 55000 149954 -46.3986
155000 50000 149968 -31.8281
160000 50000 149983 -17.4238
155000 55000 149954 -46.3986
160000 55000 149974 -26.3761
150000 55000 149908 -92.0481
155000 55000 149954 -46.3986
150000 60000 149893 -106.731
155000 60000 149926 -74.245
155000 55000 149954 -46.3986
160000 55000 149974 -26.3761
155000 60000 149926 -74.245
160000 60000 149957 -43.0698
80000 60000 150016 16.0258
85000 60000 150019 19.4793
80000 65000 150014 14.2718
85000 65000 150017 17.4109
85000 60000 150019 19.4793
90000 60000 150022 22.0949
85000 65000 150017 17.4109
90000 65000 150023 23.0127
80000 65000 150014 14.2718
85000 65000 150017 17.4109
80000 70000 150014 14.3914
85000 70000 150017 16.9544
85000 65000 150017 17.4109
90000 65000 150023 23.0127
85000 70000 150017 16.9544
90000 70000 150020 19.7488
90000 60000 150022 22.0949
95000 60000 150026 25.7141
90000 65000 150023 23.0127
95000 65000 150026 26.1055
95000 60000 150026 25.7141
100000 60000 150030 29.884
95000 65000 150026 26.1055
100000 65000 150029 28.7324
90000 65000 150023 23.0127
95000 65000 150026 26.1055
90000 70000 150020 19.7488
95000 70000 150023 23.4788
95000 65000 150026 26.1055
100000 65000 150029 28.7324
95000 70000 150023 23.4788
100000 70000 150027 26.9847
100000 60000 150030 29.884
105000 60000 150033 33.0017
100000 65000 150029 28.7324
105000 65000 150033 32.8496
105000 60000 150033 33.0017
110000 60000 150033 32.5366
105000 65000 150033 32.8496
110000 65000 150033 33.1064
100000 65000 150029 28.7324
105000 65000 150033 32.8496
100000 70000 150027 26.9847
105000 70000 150030 30.1866
105000 65000 150033 32.8496
110000 65000 150033 33.1064
105000 70000 150030 30.1866
110000 70000 150032 31.8146
110000 60000 150033 32.5366
115000 60000 150031 31.2665
110000 65000 150033 33.1064
115000 65000 150031 31.3626
115000 60000 150031 31.2665
120000 60000 150029 29.1021
115000 65000 150031 31.3626
120000 65000 150030 29.5977
110000 65000 150033 33.1064
115000 65000 150031 31.3626
110000 70000 150032 31.8146
115000 70000 150033 32.9411
115000 65000 150031 31.3626
120000 65000 150030 29.5977
115000 70000 150033 32.9411
120000 70000 150031 30.529
120000 60000 150029 29.1021
125000 60000 150028 27.9516
120000 65000 150030 29.5977
125000 65000 150028 27.7622
125000 60000 150028 27.9516
130000 60000 150019 19.4683
125000 65000 150028 27.7622
130000 65000 150018 17.8386
120000 65000 150030 29.5977
125000 65000 150028 27.7622
120000 70000 150031 30.529
125000 70000 150026 26.4415
125000 65000 150028 27.7622
130000 65000 150018 17.8386
125000 70000 150026 26.4415
130000 70000 150022 21.8551
130000 60000 150019 19.4683
135000 60000 149993 -6.88423
130000 65000 150018 17.8386
135000 65000 149994 -6.30084
135000 60000 149993 -6.88423
140000 60000 149958 -42.2533
135000 65000 149994 -6.30084
140000 65000 149973 -26.5934
130000 65000 150018 17.8386
135000 65000 149994 -6.30084
130000 70000 150022 21.8551
135000 70000 150014 14.4132
135000 65000 149994 -6.30084
140000 65000 149973 -26.5934
135000 70000 150014 14.4132
140000 70000 149986 -14.0504
140000 60000 149958 -42.2533
145000 60000 149917 -83.217
140000 65000 149973 -26.5934
145000 65000 149949 -51.1728
145000 60000 149917 -83.217
150000 60000 149893 -106.731
145000 65000 149949 -51.1728
150000 65000 149903 -97.4482
140000 65000 149973 -26.5934
145000 65000 149949 -51.1728
140000 70000 149986 -14.0504
145000 70000 149958 -42.1526
145000 65000 149949 -51.1728
150000 65000 149903 -97.4482
145000 70000 149958 -42.1526
150000 70000 149930 -69.8983
150000 60000 149893 -106.731
155000 60000 149926 -74.245
150000 65000 149903 -97.4482
155000 65000 149898 -102.228
155000 60000 149926 -74.245
160000 60000 149957 -43.0698
155000 65000 149898 -102.228
160000 65000 149944 -55.5251
150000 65000 149903 -97.4482
155000 65000 149898 -102.228
150000 70000 149930 -69.8983
155000 70000 149891 -109.219
155000 65000 149898 -102.228
160000 65000 149944 -55.5251
155000 70000 149891 -109.219
160000 70000 149912 -87.9909
80000 70000 150014 14.3914
85000 70000 150017 16.9544
80000 75000 150010 10.2253
85000 75000 150014 14.2645
85000 70000 150017 16.9544
90000 70000 150020 19.7488
85000 75000 150014 14.2645
90000 75000 150019 18.7268
80000 75000 150010 10.2253
85000 75000 150014 14.2645
80000 80000 150014 13.7
85000 80000 150014 13.8673
85000 75000 150014 14.2645
90000 75000 150019 18.7268
85000 80000 150014 13.8673
90000 80000 150017 16.7698
90000 70000 150020 19.7488
95000 70000 150023 23.4788
90000 75000 150019 18.7268
95000 75000 150022 22.2728
95000 70000 150023 23.4788
100000 70000 150027 26.9847
95000 75000 150022 22.2728
100000 75000 150024 24.4104
90000 75000 150019 18.7268
95000 75000 150022 22.2728
90000 80000 150017 16.7698
95000 80000 150020 20.4757
95000 75000 150022 22.2728
100000 75000 150024 24.4104
95000 80000 150020 20.4757
100000 80000 150025 25.0611
100000 70000 150027 26.9847
105000 70000 150030 30.1866
100000 75000 150024 24.4104
105000 75000 150028 28.4439
105000 70000 150030 30.1866
110000 70000 150032 31.8146
105000 75000 150028 28.4439
110000 75000 150031 31.2882
100000 75000 150024 24.4104
105000 75000 150028 28.4439
100000 80000 150025 25.0611
105000 80000 150027 27.3525
105000 75000 150028 28.4439
110000 75000 150031 31.2882
105000 80000 150027 27.3525
110000 80000 150030 29.6462
110000 70000 150032 31.8146
115000 70000 150033 32.9411
110000 75000 150031 31.2882
115000 75000 150030 30.3226
115000 70000 150033 32.9411
120000 70000 150031 30.529
115000 75000 150030 30.3226
120000 75000 150030 30.0619
110000 75000 150031 31.2882
115000 75000 150030 30.3226
110000 80000 150030 29.6462
115000 80000 150029 29.3606
115000 75000 150030 30.3226
120000 75000 150030 30.0619
115000 80000 150029 29.3606
120000 80000 150029 29.2661
120000 70000 150031 30.529
125000 70000 150026 26.4415
120000 75000 150030 30.0619
125000 75000 150027 26.7759
125000 70000 150026 26.4415
130000 70000 150022 21.8551
125000 75000 150027 26.7759
130000 75000 150022 21.5064
120000 75000 150030 30.0619
125000 75000 150027 26.7759
120000 80000 150029 29.2661
125000 80000 150026 26.0822
125000 75000 150027 26.7759
130000 75000 150022 21.5064
125000 80000 150026 26.0822
130000 80000 150021 20.6934
130000 70000 150022 21.8551
135000 70000 150014 14.4132
130000 75000 150022 21.5064
135000 75000 150015 14.568
135000 70000 150014 14.4132
140000 70000 149986 -14.0504
135000 75000 150015 14.568
140000 75000 149996 -4.29068
130000 75000 150022 21.5064
135000 75000 150015 14.568
130000 80000 150021 20.6934
135000 80000 150015 14.5222
135000 75000 150015 14.568
140000 75000 149996 -4.29068
135000 80000 150015 14.5222
140000 80000 150012 12.059
140000 70000 149986 -14.0504
145000 70000 149958 -42.1526
140000 75000 149996 -4.29068
145000 75000 149972 -27.7261
145000 70000 149958 -42.1526
150000 70000 149930 -69.8983
145000 75000 149972 -27.7261
150000 75000 149955 -44.5064
140000 75000 149996 -4.29068
145000 75000 149972 -27.7261
140000 80000 150012 12.059
145000 80000 149999 -0.963781
145000 75000 149972 -27.7261
150000 75000 149955 -44.5064
145000 80000 149999 -0.963781
150000 80000 149966 -34.1888
150000 70000 149930 -69.8983
155000 70000 149891 -109.219
150000 75000 149955 -44.5064
155000 75000 149906 -93.6691
155000 70000 149891 -109.219
160000 70000 149912 -87.9909
155000 75000 149906 -93.6691
160000 75000 149887 -112.5
150000 75000 149955 -44.5064
155000 75000 149906 -93.6691
150000 80000 149966 -34.1888
155000 80000 149933 -66.6008
155000 75000 149906 -93.6691
160000 75000 149887 -112.5
155000 80000 149933 -66.6008
160000 80000 149886 -113.588
0 80000 150000 0.391407
5000 80000 150000 0.127156
0 85000 149999 -0.680601
5000 85000 149999 -0.83232
5000 80000 150000 0.127156
10000 80000 150000 -0.445936
5000 85000 149999 -0.83232
10000 85000 150000 0.359828
0 85000 149999 -0.680601
5000 85000 149999 -0.83232
0 90000 149999 -0.862683
5000 90000 150000 -0.113415
5000 85000 149999 -0.83232
10000 85000 150000 0.359828
5000 90000 150000 -0.113415
10000 90000 150000 0.291909
10000 80000 150000 -0.445936
15000 80000 150000 -0.113055
10000 85000 150000 0.359828
15000 85000 150001 0.63006
15000 80000 150000 -0.113055
20000 80000 150000 -0.15632
15000 85000 150001 0.63006
20000 85000 150000 0.404051
10000 85000 150000 0.359828
15000 85000 150001 0.63006
10000 90000 150000 0.291909
15000 90000 150000 -0.0663312
15000 85000 150001 0.63006
20000 85000 150000 0.404051
15000 90000 150000 -0.0663312
20000 90000 149999 -0.548465
20000 80000 150000 -0.15632
25000 80000 150000 -0.235416
20000 85000 150000 0.404051
25000 85000 150000 -0.195592
25000 80000 150000 -0.235416
30000 80000 150000 0.0203757
25000 85000 150000 -0.195592
30000 85000 150000 -0.201194
20000 85000 150000 0.404051
25000 85000 150000 -0.195592
20000 90000 149999 -0.548465
25000 90000 150000 -0.323603
25000 85000 150000 -0.195592
30000 85000 150000 -0.201194
25000 90000 150000 -0.323603
30000 90000 150000 -0.0898822
30000 80000 150000 0.0203757
35000 80000 150000 0.108429
30000 85000 150000 -0.201194
35000 85000 150000 0.00755203
35000 80000 150000 0.108429
40000 80000 150001 0.683606
35000 85000 150000 0.00755203
40000 85000 150000 0.227137
30000 85000 150000 -0.201194
35000 85000 150000 0.00755203
30000 90000 150000 -0.0898822
35000 90000 150000 0.091331
35000 85000 150000 0.00755203
40000 85000 150000 0.227137
35000 90000 150000 0.091331
40000 90000 150001 0.751108
40000 80000 150001 0.683606
45000 80000 150001 0.575117
40000 85000 150000 0.227137
45000 85000 150000 0.420549
45000 80000 150001 0.575117
50000 80000 150001 0.646703
45000 85000 150000 0.420549
50000 85000 150001 0.592432
40000 85000 150000 0.227137
45000 85000 150000 0.420549
40000 90000 150001 0.751108
45000 90000 150001 0.776062
45000 85000 150000 0.420549
50000 85000 150001 0.592432
45000 90000 150001 0.776062
50000 90000 150001 0.832648
50000 80000 150001 0.646703
55000 80000 150002 1.88612
50000 85000 150001 0.592432
55000 85000 150001 0.722284
55000 80000 150002 1.88612
60000 80000 150002 2.11582
55000 85000 150001 0.722284
60000 85000 150001 1.2315
50000 85000 150001 0.592432
55000 85000 150001 0.722284
50000 90000 150001 0.832648
55000 90000 150001 0.963514
55000 85000 150001 0.722284
60000 85000 150001 1.2315
55000 90000 150001 0.963514
60000 90000 150002 1.98932
60000 80000 150002 2.11582
65000 80000 150002 2.11733
60000 85000 150001 1.2315
65000 85000 150004 3.56727
65000 80000 150002 2.11733
70000 80000 150005 4.50877
65000 85000 150004 3.56727
70000 85000 150005 5.35699
60000 85000 150001 1.2315
65000 85000 150004 3.56727
60000 90000 150002 1.98932
65000 90000 150002 1.71956
65000 85000 150004 3.56727
70000 85000 150005 5.35699
65000 90000 150002 1.71956
70000 90000 150005 5.49613
70000 80000 150005 4.50877
75000 80000 150007 7.17479
70000 85000 150005 5.35699
75000 85000 150009 8.72991
75000 80000 150007 7.17479
80000 80000 150014 13.7
75000 85000 150009 8.72991
80000 85000 150010 9.78705
70000 85000 150005 5.35699
75000 85000 150009 8.72991
70000 90000 150005 5.49613
75000 90000 150005 5.44385
75000 85000 150009 8.72991
80000 85000 150010 9.78705
75000 90000 150005 5.44385
80000 90000 150011 10.9018
80000 80000 150014 13.7
85000 80000 150014 13.8673
80000 85000 150010 9.78705
85000 85000 150014 14.1818
85000 80000 150014 13.8673
90000 80000 150017 16.7698
85000 85000 150014 14.1818
90000 85000 150015 14.7905
80000 85000 150010 9.78705
85000 85000 150014 14.1818
80000 90000 150011 10.9018
85000 90000 150014 14.0157
85000 85000 150014 14.1818
90000 85000 150015 14.7905
85000 90000 150014 14.0157
90000 90000 150015 14.6849
90000 80000 150017 16.7698
95000 80000 150020 20.4757
90000 85000 150015 14.7905
95000 85000 150019 18.9147
95000 80000 150020 20.4757
100000 80000 150025 25.0611
95000 85000 150019 18.9147
100000 85000 150021 21.0645
90000 85000 150015 14.7905
95000 85000 150019 18.9147
90000 90000 150015 14.6849
95000 90000 150017 17.4746
95000 85000 150019 18.9147
100000 85000 150021 21.0645
95000 90000 150017 17.4746
100000 90000 150021 20.7163
100000 80000 150025 25.0611
105000 80000 150027 27.3525
100000 85000 150021 21.0645
105000 85000 150025 24.9166
105000 80000 150027 27.3525
110000 80000 150030 29.6462
105000 85000 150025 24.9166
110000 85000 150026 26.2112
100000 85000 150021 21.0645
105000 85000 150025 24.9166
100000 90000 150021 20.7163
105000 90000 150023 23.3062
105000 85000 150025 24.9166
110000 85000 150026 26.2112
105000 90000 150023 23.3062
110000 90000 150025 25.0304
0 90000 149999 -0.862683
5000 90000 150000 -0.113415
0 95000 149999 -0.725927
5000 95000 149999 -0.860335
5000 90000 150000 -0.113415
10000 90000 150000 0.291909
5000 95000 149999 -0.860335
10000 95000 149999 -0.936778
0 95000 149999 -0.725927
5000 95000 149999 -0.860335
0 100000 149999 -0.81022
5000 100000 149999 -0.934627
5000 95000 149999 -0.860335
10000 95000 149999 -0.936778
5000 100000 149999 -0.934627
10000 100000 149999 -0.856037
10000 90000 150000 0.291909
15000 90000 150000 -0.0663312
10000 95000 149999 -0.936778
15000 95000 149999 -0.867202
15000 90000 150000 -0.0663312
20000 90000 149999 -0.548465
15000 95000 149999 -0.867202
20000 95000 150000 -0.418489
10000 95000 149999 -0.936778
15000 95000 149999 -0.867202
10000 100000 149999 -0.856037
15000 100000 149999 -0.754337
15000 95000 149999 -0.867202
20000 95000 150000 -0.418489
15000 100000 149999 -0.754337
20000 100000 149999 -0.565242
20000 90000 149999 -0.548465
25000 90000 150000 -0.323603
20000 95000 150000 -0.418489
25000 95000 149999 -0.72503
25000 90000 150000 -0.323603
30000 90000 150000 -0.0898822
25000 95000 149999 -0.72503
30000 95000 149999 -0.531091
20000 95000 150000 -0.418489
25000 95000 149999 -0.72503
20000 100000 149999 -0.565242
25000 100000 149999 -0.554086
25000 95000 149999 -0.72503
30000 95000 149999 -0.531091
25000 100000 149999 -0.554086
30000 100000 150000 -0.371575
30000 90000 150000 -0.0898822
35000 90000 150000 0.091331
30000 95000 149999 -0.531091
35000 95000 150000 -0.237185
35000 90000 150000 0.091331
40000 90000 150001 0.751108
35000 95000 150000 -0.237185
40000 95000 150000 0.121459
30000 95000 149999 -0.531091
35000 95000 150000 -0.237185
30000 100000 150000 -0.371575
35000 100000 150000 -0.404321
35000 95000 150000 -0.237185
40000 95000 150000 0.121459
35000 100000 150000 -0.404321
40000 100000 150000 -0.445787
40000 90000 150001 0.751108
45000 90000 150001 0.776062
40000 95000 150000 0.121459
45000 95000 150000 -0.191568
45000 90000 150001 0.776062
50000 90000 150001 0.832648
45000 95000 150000 -0.191568
50000 95000 150000 -0.00162096
40000 95000 150000 0.121459
45000 95000 150000 -0.191568
40000 100000 150000 -0.445787
45000 100000 150000 -0.17794
45000 95000 150000 -0.191568
50000 95000 150000 -0.00162096
45000 100000 150000 -0.17794
50000 100000 150000 0.0534288
50000 90000 150001 0.832648
55000 90000 150001 0.963514
50000 95000 150000 -0.00162096
55000 95000 150000 0.412728
55000 90000 150001 0.963514
60000 90000 150002 1.98932
55000 95000 150000 0.412728
60000 95000 150002 2.19565
50000 95000 150000 -0.00162096
55000 95000 150000 0.412728
50000 100000 150000 0.0534288
55000 100000 150000 0.262706
55000 95000 150000 0.412728
60000 95000 150002 2.19565
55000 100000 150000 0.262706
60000 100000 150001 1.09941
60000 90000 150002 1.98932
65000 90000 150002 1.71956
60000 95000 150002 2.19565
65000 95000 150003 3.24055
65000 90000 150002 1.71956
70000 90000 150005 5.49613
65000 95000 150003 3.24055
70000 95000 150005 5.27616
60000 95000 150002 2.19565
65000 95000 150003 3.24055
60000 100000 150001 1.09941
65000 100000 150001 1.02671
65000 95000 150003 3.24055
70000 95000 150005 5.27616
65000 100000 150001 1.02671
70000 100000 150002 1.72589
70000 90000 150005 5.49613
75000 90000 150005 5.44385
70000 95000 150005 5.27616
75000 95000 150007 6.75782
75000 90000 150005 5.44385
80000 90000 150011 10.9018
75000 95000 150007 6.75782
80000 95000 150010 10.4688
70000 95000 150005 5.27616
75000 95000 150007 6.75782
70000 100000 150002 1.72589
75000 100000 150006 6.39788
75000 95000 150007 6.75782
80000 95000 150010 10.4688
75000 100000 150006 6.39788
80000 100000 150006 5.91965
80000 90000 150011 10.9018
85000 90000 150014 14.0157
80000 95000 150010 10.4688
85000 95000 150013 13.2189
85000 90000 150014 14.0157
90000 90000 150015 14.6849
85000 95000 150013 13.2189
90000 95000 150016 15.5474
80000 95000 150010 10.4688
85000 95000 150013 13.2189
80000 100000 150006 5.91965
85000 100000 150011 10.8241
85000 95000 150013 13.2189
90000 95000 150016 15.5474
85000 100000 150011 10.8241
90000 100000 150011 10.9822
90000 90000 150015 14.6849
95000 90000 150017 17.4746
90000 95000 150016 15.5474
95000 95000 150017 17.4535
95000 90000 150017 17.4746
100000 90000 150021 20.7163
95000 95000 150017 17.4535
100000 95000 150019 19.0277
90000 95000 150016 15.5474
95000 95000 150017 17.4535
90000 100000 150011 10.9822
95000 100000 150014 13.9607
95000 95000 150017 17.4535
100000 95000 150019 19.0277
95000 100000 150014 13.9607
100000 100000 150019 19.2826
0 100000 149999 -0.81022
5000 100000 149999 -0.934627
0 105000 149999 -0.823742
5000 105000 149999 -1.10922
5000 100000 149999 -0.934627
10000 100000 149999 -0.856037
5000 105000 149999 -1.10922
10000 105000 149999 -1.05755
0 105000 149999 -0.823742
5000 105000 149999 -1.10922
0 110000 149999 -1.02885
5000 110000 149999 -0.984047
5000 105000 149999 -1.10922
10000 105000 149999 -1.05755
5000 110000 149999 -0.984047
10000 110000 149998 -1.68609
10000 100000 149999 -0.856037
15000 100000 149999 -0.754337
10000 105000 149999 -1.05755
15000 105000 149999 -1.39407
15000 100000 149999 -0.754337
20000 100000 149999 -0.565242
15000 105000 149999 -1.39407
20000 105000 149999 -0.734994
10000 105000 149999 -1.05755
15000 105000 149999 -1.39407
10000 110000 149998 -1.68609
15000 110000 149998 -1.78955
15000 105000 149999 -1.39407
20000 105000 149999 -0.734994
15000 110000 149998 -1.78955
20000 110000 149999 -1.49496
20000 100000 149999 -0.565242
25000 100000 149999 -0.554086
20000 105000 149999 -0.734994
25000 105000 149999 -0.998549
25000 100000 149999 -0.554086
30000 100000 150000 -0.371575
25000 105000 149999 -0.998549
30000 105000 149999 -0.91982
20000 105000 149999 -0.734994
25000 105000 149999 -0.998549
20000 110000 149999 -1.49496
25000 110000 149999 -0.906673
25000 105000 149999 -0.998549
30000 105000 149999 -0.91982
25000 110000 149999 -0.906673
30000 110000 150000 0.0180226
30000 100000 150000 -0.371575
35000 100000 150000 -0.404321
30000 105000 149999 -0.91982
35000 105000 149999 -0.707352
35000 100000 150000 -0.404321
40000 100000 150000 -0.445787
35000 105000 149999 -0.707352
40000 105000 150000 -0.310041
30000 105000 149999 -0.91982
35000 105000 149999 -0.707352
30000 110000 150000 0.0180226
35000 110000 149999 -0.527792
35000 105000 149999 -0.707352
40000 105000 150000 -0.310041
35000 110000 149999 -0.527792
40000 110000 150000 -0.128306
40000 100000 150000 -0.445787
45000 100000 150000 -0.17794
40000 105000 150000 -0.310041
45000 105000 150000 -0.244804
45000 100000 150000 -0.17794
50000 100000 150000 0.0534288
45000 105000 150000 -0.244804
50000 105000 150000 -0.0289056
40000 105000 150000 -0.310041
45000 105000 150000 -0.244804
40000 110000 150000 -0.128306
45000 110000 150000 -0.30242
45000 105000 150000 -0.244804
50000 105000 150000 -0.0289056
45000 110000 150000 -0.30242
50000 110000 150000 -0.088964
50000 100000 150000 0.0534288
55000 100000 150000 0.262706
50000 105000 150000 -0.0289056
55000 105000 150000 0.251767
55000 100000 150000 0.262706
60000 100000 150001 1.09941
55000 105000 150000 0.251767
60000 105000 150001 1.46694
50000 105000 150000 -0.0289056
55000 105000 150000 0.251767
50000 110000 150000 -0.088964
55000 110000 150000 0.280228
55000 105000 150000 0.251767
60000 105000 150001 1.46694
55000 110000 150000 0.280228
60000 110000 150001 1.45939
60000 100000 150001 1.09941
65000 100000 150001 1.02671
60000 105000 150001 1.46694
65000 105000 150002 2.2574
65000 100000 150001 1.02671
70000 100000 150002 1.72589
65000 105000 150002 2.2574
70000 105000 150005 4.92508
60000 105000 150001 1.46694
65000 105000 150002 2.2574
60000 110000 150001 1.45939
65000 110000 150002 1.55333
65000 105000 150002 2.2574
70000 105000 150005 4.92508
65000 110000 150002 1.55333
70000 110000 150005 4.66016
70000 100000 150002 1.72589
75000 100000 150006 6.39788
70000 105000 150005 4.92508
75000 105000 150008 7.83582
75000 100000 150006 6.39788
80000 100000 150006 5.91965
75000 105000 150008 7.83582
80000 105000 150011 11.179
70000 105000 150005 4.92508
75000 105000 150008 7.83582
70000 110000 150005 4.66016
75000 110000 150008 7.57452
75000 105000 150008 7.83582
80000 105000 150011 11.179
75000 110000 150008 7.57452
80000 110000 150010 9.58645
0 110000 149999 -1.02885
5000 110000 149999 -0.984047
0 115000 150000 -0.203993
5000 115000 149999 -1.2634
5000 110000 149999 -0.984047
10000 110000 149998 -1.68609
5000 115000 149999 -1.2634
10000 115000 149998 -1.56982
0 115000 150000 -0.203993
5000 115000 149999 -1.2634
0 120000 149999 -0.861711
5000 120000 149998 -1.52985
5000 115000 149999 -1.2634
10000 115000 149998 -1.56982
5000 120000 149998 -1.52985
10000 120000 149998 -2.47587
10000 110000 149998 -1.68609
15000 110000 149998 -1.78955
10000 115000 149998 -1.56982
15000 115000 149999 -0.874936
15000 110000 149998 -1.78955
20000 110000 149999 -1.49496
15000 115000 149999 -0.874936
20000 115000 149999 -0.906026
10000 115000 149998 -1.56982
15000 115000 149999 -0.874936
10000 120000 149998 -2.47587
15000 120000 149998 -1.99103
15000 115000 149999 -0.874936
20000 115000 149999 -0.906026
15000 120000 149998 -1.99103
20000 120000 149999 -0.899388
20000 110000 149999 -1.49496
25000 110000 149999 -0.906673
20000 115000 149999 -0.906026
25000 115000 150000 -0.294061
25000 110000 149999 -0.906673
30000 110000 150000 0.0180226
25000 115000 150000 -0.294061
30000 115000 150000 -0.348901
20000 115000 149999 -0.906026
25000 115000 150000 -0.294061
20000 120000 149999 -0.899388
25000 120000 150000 0.0975673
25000 115000 150000 -0.294061
30000 115000 150000 -0.348901
25000 120000 150000 0.0975673
30000 120000 150000 0.360683
30000 110000 150000 0.0180226
35000 110000 149999 -0.527792
30000 115000 150000 -0.348901
35000 115000 150000 -0.239382
35000 110000 149999 -0.527792
40000 110000 150000 -0.128306
35000 115000 150000 -0.239382
40000 115000 150000 -0.199941
30000 115000 150000 -0.348901
35000 115000 150000 -0.239382
30000 120000 150000 0.360683
35000 120000 150000 0.245384
35000 115000 150000 -0.239382
40000 115000 150000 -0.199941
35000 120000 150000 0.245384
40000 120000 149999 -0.508566
40000 110000 150000 -0.128306
45000 110000 150000 -0.30242
40000 115000 150000 -0.199941
45000 115000 150000 -0.315401
45000 110000 150000 -0.30242
50000 110000 150000 -0.088964
45000 115000 150000 -0.315401
50000 115000 150000 -0.149217
40000 115000 150000 -0.199941
45000 115000 150000 -0.315401
40000 120000 149999 -0.508566
45000 120000 150000 -0.439066
45000 115000 150000 -0.315401
50000 115000 150000 -0.149217
45000 120000 150000 -0.439066
50000 120000 150000 -0.188085
50000 110000 150000 -0.088964
55000 110000 150000 0.280228
50000 115000 150000 -0.149217
55000 115000 150000 0.11974
55000 110000 150000 0.280228
60000 110000 150001 1.45939
55000 115000 150000 0.11974
60000 115000 150001 0.726447
50000 115000 150000 -0.149217
55000 115000 150000 0.11974
50000 120000 150000 -0.188085
55000 120000 150000 0.057435
55000 115000 150000 0.11974
60000 115000 150001 0.726447
55000 120000 150000 0.057435
60000 120000 150001 0.945985
60000 110000 150001 1.45939
65000 110000 150002 1.55333
60000 115000 150001 0.726447
65000 115000 150002 2.37435
65000 110000 150002 1.55333
70000 110000 150005 4.66016
65000 115000 150002 2.37435
70000 115000 150004 3.65943
60000 115000 150001 0.726447
65000 115000 150002 2.37435
60000 120000 150001 0.945985
65000 120000 150003 2.99018
65000 115000 150002 2.37435
70000 115000 150004 3.65943
65000 120000 150003 2.99018
70000 120000 150006 6.02376
70000 110000 150005 4.66016
75000 110000 150008 7.57452
70000 115000 150004 3.65943
75000 115000 150006 6.22235
75000 110000 150008 7.57452
80000 110000 150010 9.58645
75000 115000 150006 6.22235
80000 115000 150009 8.73161
70000 115000 150004 3.65943
75000 115000 150006 6.22235
70000 120000 150006 6.02376
75000 120000 150009 8.50424
75000 115000 150006 6.22235
80000 115000 150009 8.73161
75000 120000 150009 8.50424
80000 120000 150009 8.87821
160000 0 150006 6.21984
165000 0 150012 12.0361
160000 5000 150007 6.71061
165000 5000 150012 12.0279
165000 0 150012 12.0361
170000 0 150018 17.6543
165000 5000 150012 12.0279
170000 5000 150018 17.8944
160000 5000 150007 6.71061
165000 5000 150012 12.0279
160000 10000 150009 9.36506
165000 10000 150014 14.3071
165000 5000 150012 12.0279
170000 5000 150018 17.8944
165000 10000 150014 14.3071
170000 10000 150018 18.46
170000 0 150018 17.6543
175000 0 150018 17.9411
170000 5000 150018 17.8944
175000 5000 150019 18.6057
175000 0 150018 17.9411
180000 0 150019 18.5138
175000 5000 150019 18.6057
180000 5000 150019 19.0382
170000 5000 150018 17.8944
175000 5000 150019 18.6057
170000 10000 150018 18.46
175000 10000 150020 20.4685
175000 5000 150019 18.6057
180000 5000 150019 19.0382
175000 10000 150020 20.4685
180000 10000 150018 18.2263
180000 0 150019 18.5138
185000 0 150017 16.9234
180000 5000 150019 19.0382
185000 5000 150017 17.2489
185000 0 150017 16.9234
190000 0 150016 15.6884
185000 5000 150017 17.2489
190000 5000 150014 13.8305
180000 5000 150019 19.0382
185000 5000 150017 17.2489
180000 10000 150018 18.2263
185000 10000 150018 17.9905
185000 5000 150017 17.2489
190000 5000 150014 13.8305
185000 10000 150018 17.9905
190000 10000 150016 16.297
190000 0 150016 15.6884
195000 0 150015 14.6273
190000 5000 150014 13.8305
195000 5000 150013 13.2952
195000 0 150015 14.6273
200000 0 150013 12.6165
195000 5000 150013 13.2952
200000 5000 150011 10.7049
190000 5000 150014 13.8305
195000 5000 150013 13.2952
190000 10000 150016 16.297
195000 10000 150012 11.5016
195000 5000 150013 13.2952
200000 5000 150011 10.7049
195000 10000 150012 11.5016
200000 10000 150011 11.1286
200000 0 150013 12.6165
205000 0 150008 8.3326
200000 5000 150011 10.7049
205000 5000 150007 7.39072
205000 0 150008 8.3326
210000 0 150005 5.3987
205000 5000 150007 7.39072
210000 5000 150005 4.59761
200000 5000 150011 10.7049
205000 5000 150007 7.39072
200000 10000 150011 11.1286
205000 10000 150008 7.63706
205000 5000 150007 7.39072
210000 5000 150005 4.59761
205000 10000 150008 7.63706
210000 10000 150003 3.30386
210000 0 150005 5.3987
215000 0 150003 2.73789
210000 5000 150005 4.59761
215000 5000 150001 0.966989
215000 0 150003 2.73789
220000 0 150000 -0.0687921
215000 5000 150001 0.966989
220000 5000 149997 -2.56142
210000 5000 150005 4.59761
215000 5000 150001 0.966989
210000 10000 150003 3.30386
215000 10000 150001 0.666066
215000 5000 150001 0.966989
220000 5000 149997 -2.56142
215000 10000 150001 0.666066
220000 10000 149995 -5.07932
220000 0 150000 -0.0687921
225000 0 149996 -3.56356
220000 5000 149997 -2.56142
225000 5000 149992 -7.76739
225000 0 149996 -3.56356
230000 0 149994 -5.6885
225000 5000 149992 -7.76739
230000 5000 149991 -9.19782
220000 5000 149997 -2.56142
225000 5000 149992 -7.76739
220000 10000 149995 -5.07932
225000 10000 149996 -3.50788
225000 5000 149992 -7.76739
230000 5000 149991 -9.19782
225000 10000 149996 -3.50788
230000 10000 149995 -5.04663
230000 0 149994 -5.6885
235000 0 149993 -6.82019
230000 5000 149991 -9.19782
235000 5000 149992 -8.44418
235000 0 149993 -6.82019
240000 0 149992 -7.80464
235000 5000 149992 -8.44418
240000 5000 149991 -8.61814
230000 5000 149991 -9.19782
235000 5000 149992 -8.44418
230000 10000 149995 -5.04663
235000 10000 149993 -7.31536
235000 5000 149992 -8.44418
240000 5000 149991 -8.61814
235000 10000 149993 -7.31536
240000 10000 149989 -11.4447
160000 10000 150009 9.36506
165000 10000 150014 14.3071
160000 15000 150010 10.4097
165000 15000 150015 14.9221
165000 10000 150014 14.3071
170000 10000 150018 18.46
165000 15000 150015 14.9221
170000 15000 150019 19.0671
160000 15000 150010 10.4097
165000 15000 150015 14.9221
160000 20000 150007 7.17073
165000 20000 150013 12.8176
165000 15000 150015 14.9221
170000 15000 150019 19.0671
165000 20000 150013 12.8176
170000 20000 150017 17.2313
170000 10000 150018 18.46
175000 10000 150020 20.4685
170000 15000 150019 19.0671
175000 15000 150021 20.5339
175000 10000 150020 20.4685
180000 10000 150018 18.2263
175000 15000 150021 20.5339
180000 15000 150021 20.7002
170000 15000 150019 19.0671
175000 15000 150021 20.5339
170000 20000 150017 17.2313
175000 20000 150021 20.7419
175000 15000 150021 20.5339
180000 15000 150021 20.7002
175000 20000 150021 20.7419
180000 20000 150022 21.8486
180000 10000 150018 18.2263
185000 10000 150018 17.9905
180000 15000 150021 20.7002
185000 15000 150020 19.7107
185000 10000 150018 17.9905
190000 10000 150016 16.297
185000 15000 150020 19.7107
190000 15000 150017 16.5903
180000 15000 150021 20.7002
185000 15000 150020 19.7107
180000 20000 150022 21.8486
185000 20000 150022 21.9865
185000 15000 150020 19.7107
190000 15000 150017 16.5903
185000 20000 150022 21.9865
190000 20000 150020 19.7315
190000 10000 150016 16.297
195000 10000 150012 11.5016
190000 15000 150017 16.5903
195000 15000 150015 15.1616
195000 10000 150012 11.5016
200000 10000 150011 11.1286
195000 15000 150015 15.1616
200000 15000 150011 10.5021
190000 15000 150017 16.5903
195000 15000 150015 15.1616
190000 20000 150020 19.7315
195000 20000 150015 15.2419
195000 15000 150015 15.1616
200000 15000 150011 10.5021
195000 20000 150015 15.2419
200000 20000 150009 9.35946
200000 10000 150011 11.1286
205000 10000 150008 7.63706
200000 15000 150011 10.5021
205000 15000 150007 7.19106
205000 10000 150008 7.63706
210000 10000 150003 3.30386
205000 15000 150007 7.19106
210000 15000 150004 4.20002
200000 15000 150011 10.5021
205000 15000 150007 7.19106
200000 20000 150009 9.35946
205000 20000 150007 6.64254
205000 15000 150007 7.19106
210000 15000 150004 4.20002
205000 20000 150007 6.64254
210000 20000 150005 5.40287
210000 10000 150003 3.30386
215000 10000 150001 0.666066
210000 15000 150004 4.20002
215000 15000 149999 -1.34428
215000 10000 150001 0.666066
220000 10000 149995 -5.07932
215000 15000 149999 -1.34428
220000 15000 149999 -0.793252
210000 15000 150004 4.20002
215000 15000 149999 -1.34428
210000 20000 150005 5.40287
215000 20000 150003 3.41332
215000 15000 149999 -1.34428
220000 15000 149999 -0.793252
215000 20000 150003 3.41332
220000 20000 150001 0.503691
220000 10000 149995 -5.07932
225000 10000 149996 -3.50788
220000 15000 149999 -0.793252
225000 15000 149997 -3.3909
225000 10000 149996 -3.50788
230000 10000 149995 -5.04663
225000 15000 149997 -3.3909
230000 15000 149995 -5.4054
220000 15000 149999 -0.793252
225000 15000 149997 -3.3909
220000 20000 150001 0.503691
225000 20000 149997 -2.98025
225000 15000 149997 -3.3909
230000 15000 149995 -5.4054
225000 20000 149997 -2.98025
230000 20000 149993 -6.68513
230000 10000 149995 -5.04663
235000 10000 149993 -7.31536
230000 15000 149995 -5.4054
235000 15000 149992 -7.57177
235000 10000 149993 -7.31536
240000 10000 149989 -11.4447
235000 15000 149992 -7.57177
240000 15000 149990 -9.93841
230000 15000 149995 -5.4054
235000 15000 149992 -7.57177
230000 20000 149993 -6.68513
235000 20000 149992 -7.89724
235000 15000 149992 -7.57177
240000 15000 149990 -9.93841
235000 20000 149992 -7.89724
240000 20000 149991 -8.90033
160000 20000 150007 7.17073
165000 20000 150013 12.8176
160000 25000 150005 4.64189
165000 25000 150010 10.1649
165000 20000 150013 12.8176
170000 20000 150017 17.2313
165000 25000 150010 10.1649
170000 25000 150016 15.9658
160000 25000 150005 4.64189
165000 25000 150010 10.1649
160000 30000 150011 10.9238
165000 30000 150016 15.7176
165000 25000 150010 10.1649
170000 25000 150016 15.9658
165000 30000 150016 15.7176
170000 30000 150019 19.0679
170000 20000 150017 17.2313
175000 20000 150021 20.7419
170000 25000 150016 15.9658
175000 25000 150021 21.1007
175000 20000 150021 20.7419
180000 20000 150022 21.8486
175000 25000 150021 21.1007
180000 25000 150022 22.2377
170000 25000 150016 15.9658
175000 25000 150021 21.1007
170000 30000 150019 19.0679
175000 30000 150022 21.5533
175000 25000 150021 21.1007
180000 25000 150022 22.2377
175000 30000 150022 21.5533
180000 30000 150023 23.0079
180000 20000 150022 21.8486
185000 20000 150022 21.9865
180000 25000 150022 22.2377
185000 25000 150023 22.8477
185000 20000 150022 21.9865
190000 20000 150020 19.7315
185000 25000 150023 22.8477
190000 25000 150019 19.3493
180000 25000 150022 22.2377
185000 25000 150023 22.8477
180000 30000 150023 23.0079
185000 30000 150025 24.7468
185000 25000 150023 22.8477
190000 25000 150019 19.3493
185000 30000 150025 24.7468
190000 30000 150022 21.5708
190000 20000 150020 19.7315
195000 20000 150015 15.2419
190000 25000 150019 19.3493
195000 25000 150015 15.0595
195000 20000 150015 15.2419
200000 20000 150009 9.35946
195000 25000 150015 15.0595
200000 25000 150013 12.7752
190000 25000 150019 19.3493
195000 25000 150015 15.0595
190000 30000 150022 21.5708
195000 30000 150017 17.2731
195000 25000 150015 15.0595
200000 25000 150013 12.7752
195000 30000 150017 17.2731
200000 30000 150014 13.6584
200000 20000 150009 9.35946
205000 20000 150007 6.64254
200000 25000 150013 12.7752
205000 25000 150010 10.2677
205000 20000 150007 6.64254
210000 20000 150005 5.40287
205000 25000 150010 10.2677
210000 25000 150007 7.31621
200000 25000 150013 12.7752
205000 25000 150010 10.2677
200000 30000 150014 13.6584
205000 30000 150009 9.04912
205000 25000 150010 10.2677
210000 25000 150007 7.31621
205000 30000 150009 9.04912
210000 30000 150005 5.07963
210000 20000 150005 5.40287
215000 20000 150003 3.41332
210000 25000 150007 7.31621
215000 25000 150004 3.99754
215000 20000 150003 3.41332
220000 20000 150001 0.503691
215000 25000 150004 3.99754
220000 25000 150001 1.39195
210000 25000 150007 7.31621
215000 25000 150004 3.99754
210000 30000 150005 5.07963
215000 30000 150003 3.4652
215000 25000 150004 3.99754
220000 25000 150001 1.39195
215000 30000 150003 3.4652
220000 30000 150000 -0.455142
220000 20000 150001 0.503691
225000 20000 149997 -2.98025
220000 25000 150001 1.39195
225000 25000 149997 -3.39253
225000 20000 149997 -2.98025
230000 20000 149993 -6.68513
225000 25000 149997 -3.39253
230000 25000 149994 -6.05197
220000 25000 150001 1.39195
225000 25000 149997 -3.39253
220000 30000 150000 -0.455142
225000 30000 149998 -2.07945
225000 25000 149997 -3.39253
230000 25000 149994 -6.05197
225000 30000 149998 -2.07945
230000 30000 149993 -6.85762
230000 20000 149993 -6.68513
235000 20000 149992 -7.89724
230000 25000 149994 -6.05197
235000 25000 149993 -7.0524
235000 20000 149992 -7.89724
240000 20000 149991 -8.90033
235000 25000 149993 -7.0524
240000 25000 149991 -8.86864
230000 25000 149994 -6.05197
235000 25000 149993 -7.0524
230000 30000 149993 -6.85762
235000 30000 149993 -7.29393
235000 25000 149993 -7.0524
240000 25000 149991 -8.86864
235000 30000 149993 -7.29393
240000 30000 149991 -8.69267
160000 30000 150011 10.9238
165000 30000 150016 15.7176
160000 35000 150013 13.2336
165000 35000 150015 15.3057
165000 30000 150016 15.7176
170000 30000 150019 19.0679
165000 35000 150015 15.3057
170000 35000 150019 19.388
160000 35000 150013 13.2336
165000 35000 150015 15.3057
160000 40000 149994 -6.21231
165000 40000 150009 9.21897
165000 35000 150015 15.3057
170000 35000 150019 19.388
165000 40000 150009 9.21897
170000 40000 150018 18.3573
170000 30000 150019 19.0679
175000 30000 150022 21.5533
170000 35000 150019 19.388
175000 35000 150024 23.627
175000 30000 150022 21.5533
180000 30000 150023 23.0079
175000 35000 150024 23.627
180000 35000 150024 24.4147
170000 35000 150019 19.388
175000 35000 150024 23.627
170000 40000 150018 18.3573
175000 40000 150022 21.6434
175000 35000 150024 23.627
180000 35000 150024 24.4147
175000 40000 150022 21.6434
180000 40000 150025 24.617
180000 30000 150023 23.0079
185000 30000 150025 24.7468
180000 35000 150024 24.4147
185000 35000 150025 24.5982
185000 30000 150025 24.7468
190000 30000 150022 21.5708
185000 35000 150025 24.5982
190000 35000 150023 22.9749
180000 35000 150024 24.4147
185000 35000 150025 24.5982
180000 40000 150025 24.617
185000 40000 150026 25.892
185000 35000 150025 24.5982
190000 35000 150023 22.9749
185000 40000 150026 25.892
190000 40000 150025 25.0081
190000 30000 150022 21.5708
195000 30000 150017 17.2731
190000 35000 150023 22.9749
195000 35000 150020 19.5081
195000 30000 150017 17.2731
200000 30000 150014 13.6584
195000 35000 150020 19.5081
200000 35000 150015 14.5467
190000 35000 150023 22.9749
195000 35000 150020 19.5081
190000 40000 150025 25.0081
195000 40000 150020 19.9102
195000 35000 150020 19.5081
200000 35000 150015 14.5467
195000 40000 150020 19.9102
200000 40000 150018 18.0616
200000 30000 150014 13.6584
205000 30000 150009 9.04912
200000 35000 150015 14.5467
205000 35000 150013 12.7957
205000 30000 150009 9.04912
210000 30000 150005 5.07963
205000 35000 150013 12.7957
210000 35000 150005 5.42213
200000 35000 150015 14.5467
205000 35000 150013 12.7957
200000 40000 150018 18.0616
205000 40000 150013 12.7821
205000 35000 150013 12.7957
210000 35000 150005 5.42213
205000 40000 150013 12.7821
210000 40000 150009 8.77409
210000 30000 150005 5.07963
215000 30000 150003 3.4652
210000 35000 150005 5.42213
215000 35000 150002 1.90605
215000 30000 150003 3.4652
220000 30000 150000 -0.455142
215000 35000 150002 1.90605
220000 35000 150001 0.857754
210000 35000 150005 5.42213
215000 35000 150002 1.90605
210000 40000 150009 8.77409
215000 40000 150005 4.80382
215000 35000 150002 1.90605
220000 35000 150001 0.857754
215000 40000 150005 4.80382
220000 40000 150000 0.432049
220000 30000 150000 -0.455142
225000 30000 149998 -2.07945
220000 35000 150001 0.857754
225000 35000 149999 -1.39314
225000 30000 149998 -2.07945
230000 30000 149993 -6.85762
225000 35000 149999 -1.39314
230000 35000 149997 -3.22515
220000 35000 150001 0.857754
225000 35000 149999 -1.39314
220000 40000 150000 0.432049
225000 40000 149998 -2.3219
225000 35000 149999 -1.39314
230000 35000 149997 -3.22515
225000 40000 149998 -2.3219
230000 40000 149996 -3.91085
230000 30000 149993 -6.85762
235000 30000 149993 -7.29393
230000 35000 149997 -3.22515
235000 35000 149994 -5.57118
235000 30000 149993 -7.29393
240000 30000 149991 -8.69267
235000 35000 149994 -5.57118
240000 35000 149991 -8.61732
230000 35000 149997 -3.22515
235000 35000 149994 -5.57118
230000 40000 149996 -3.91085
235000 40000 149993 -7.07829
235000 35000 149994 -5.57118
240000 35000 149991 -8.61732
235000 40000 149993 -7.07829
240000 40000 149991 -8.75249
160000 40000 149994 -6.21231
165000 40000 150009 9.21897
160000 45000 150007 6.71204
165000 45000 150016 15.562
165000 40000 150009 9.21897
170000 40000 150018 18.3573
165000 45000 150016 15.562
170000 45000 150017 17.484
160000 45000 150007 6.71204
165000 45000 150016 15.562
160000 50000 149983 -17.4238
165000 50000 149999 -1.15111
165000 45000 150016 15.562
170000 45000 150017 17.484
165000 50000 149999 -1.15111
170000 50000 150015 14.87
170000 40000 150018 18.3573
175000 40000 150022 21.6434
170000 45000 150017 17.484
175000 45000 150021 20.9777
175000 40000 150022 21.6434
180000 40000 150025 24.617
175000 45000 150021 20.9777
180000 45000 150024 24.1074
170000 45000 150017 17.484
175000 45000 150021 20.9777
170000 50000 150015 14.87
175000 50000 150021 21.1388
175000 45000 150021 20.9777
180000 45000 150024 24.1074
175000 50000 150021 21.1388
180000 50000 150025 24.8317
180000 40000 150025 24.617
185000 40000 150026 25.892
180000 45000 150024 24.1074
185000 45000 150027 26.5916
185000 40000 150026 25.892
190000 40000 150025 25.0081
185000 45000 150027 26.5916
190000 45000 150024 24.4098
180000 45000 150024 24.1074
185000 45000 150027 26.5916
180000 50000 150025 24.8317
185000 50000 150027 26.6166
185000 45000 150027 26.5916
190000 45000 150024 24.4098
185000 50000 150027 26.6166
190000 50000 150027 26.5106
190000 40000 150025 25.0081
195000 40000 150020 19.9102
190000 45000 150024 24.4098
195000 45000 150023 23.1556
195000 40000 150020 19.9102
200000 40000 150018 18.0616
195000 45000 150023 23.1556
200000 45000 150019 18.798
190000 45000 150024 24.4098
195000 45000 150023 23.1556
190000 50000 150027 26.5106
195000 50000 150024 24.4556
195000 45000 150023 23.1556
200000 45000 150019 18.798
195000 50000 150024 24.4556
200000 50000 150022 21.591
200000 40000 150018 18.0616
205000 40000 150013 12.7821
200000 45000 150019 18.798
205000 45000 150013 13.4262
205000 40000 150013 12.7821
210000 40000 150009 8.77409
205000 45000 150013 13.4262
210000 45000 150009 8.86003
200000 45000 150019 18.798
205000 45000 150013 13.4262
200000 50000 150022 21.591
205000 50000 150018 17.7111
205000 45000 150013 13.4262
210000 45000 150009 8.86003
205000 50000 150018 17.7111
210000 50000 150011 11.3318
210000 40000 150009 8.77409
215000 40000 150005 4.80382
210000 45000 150009 8.86003
215000 45000 150005 5.33575
215000 40000 150005 4.80382
220000 40000 150000 0.432049
215000 45000 150005 5.33575
220000 45000 150005 4.54204
210000 45000 150009 8.86003
215000 45000 150005 5.33575
210000 50000 150011 11.3318
215000 50000 150005 4.61757
215000 45000 150005 5.33575
220000 45000 150005 4.54204
215000 50000 150005 4.61757
220000 50000 150000 0.339494
220000 40000 150000 0.432049
225000 40000 149998 -2.3219
220000 45000 150005 4.54204
225000 45000 150001 0.894924
225000 40000 149998 -2.3219
230000 40000 149996 -3.91085
225000 45000 150001 0.894924
230000 45000 149996 -3.75072
220000 45000 150005 4.54204
225000 45000 150001 0.894924
220000 50000 150000 0.339494
225000 50000 150000 -0.026401
225000 45000 150001 0.894924
230000 45000 149996 -3.75072
225000 50000 150000 -0.026401
230000 50000 149994 -6.32587
230000 40000 149996 -3.91085
235000 40000 149993 -7.07829
230000 45000 149996 -3.75072
235000 45000 149993 -7.06233
235000 40000 149993 -7.07829
240000 40000 149991 -8.75249
235000 45000 149993 -7.06233
240000 45000 149990 -10.136
230000 45000 149996 -3.75072
235000 45000 149993 -7.06233
230000 50000 149994 -6.32587
235000 50000 149993 -6.79652
235000 45000 149993 -7.06233
240000 45000 149990 -10.136
235000 50000 149993 -6.79652
240000 50000 149992 -7.77587
160000 50000 149983 -17.4238
165000 50000 149999 -1.15111
160000 55000 149974 -26.3761
165000 55000 149998 -1.63134
165000 50000 149999 -1.15111
170000 50000 150015 14.87
165000 55000 149998 -1.63134
170000 55000 150012 12.087
160000 55000 149974 -26.3761
165000 55000 149998 -1.63134
160000 60000 149957 -43.0698
165000 60000 149992 -8.2655
165000 55000 149998 -1.63134
170000 55000 150012 12.087
165000 60000 149992 -8.2655
170000 60000 150003 3.05405
170000 50000 150015 14.87
175000 50000 150021 21.1388
170000 55000 150012 12.087
175000 55000 150018 18.1753
175000 50000 150021 21.1388
180000 50000 150025 24.8317
175000 55000 150018 18.1753
180000 55000 150023 23.364
170000 55000 150012 12.087
175000 55000 150018 18.1753
170000 60000 150003 3.05405
175000 60000 150022 22.1582
175000 55000 150018 18.1753
180000 55000 150023 23.364
175000 60000 150022 22.1582
180000 60000 150025 25.1678
180000 50000 150025 24.8317
185000 50000 150027 26.6166
180000 55000 150023 23.364
185000 55000 150027 26.8911
185000 50000 150027 26.6166
190000 50000 150027 26.5106
185000 55000 150027 26.8911
190000 55000 150028 28.2835
180000 55000 150023 23.364
185000 55000 150027 26.8911
180000 60000 150025 25.1678
185000 60000 150026 25.9852
185000 55000 150027 26.8911
190000 55000 150028 28.2835
185000 60000 150026 25.9852
190000 60000 150027 27.4537
190000 50000 150027 26.5106
195000 50000 150024 24.4556
190000 55000 150028 28.2835
195000 55000 150026 26.3777
195000 50000 150024 24.4556
200000 50000 150022 21.591
195000 55000 150026 26.3777
200000 55000 150021 21.2383
190000 55000 150028 28.2835
195000 55000 150026 26.3777
190000 60000 150027 27.4537
195000 60000 150026 25.9715
195000 55000 150026 26.3777
200000 55000 150021 21.2383
195000 60000 150026 25.9715
200000 60000 150021 21.0165
200000 50000 150022 21.591
205000 50000 150018 17.7111
200000 55000 150021 21.2383
205000 55000 150016 15.6319
205000 50000 150018 17.7111
210000 50000 150011 11.3318
205000 55000 150016 15.6319
210000 55000 150010 9.50732
200000 55000 150021 21.2383
205000 55000 150016 15.6319
200000 60000 150021 21.0165
205000 60000 150019 19.3251
205000 55000 150016 15.6319
210000 55000 150010 9.50732
205000 60000 150019 19.3251
210000 60000 150016 15.9744
210000 50000 150011 11.3318
215000 50000 150005 4.61757
210000 55000 150010 9.50732
215000 55000 150010 10.1863
215000 50000 150005 4.61757
220000 50000 150000 0.339494
215000 55000 150010 10.1863
220000 55000 150006 6.00945
210000 55000 150010 9.50732
215000 55000 150010 10.1863
210000 60000 150016 15.9744
215000 60000 150012 12.031
215000 55000 150010 10.1863
220000 55000 150006 6.00945
215000 60000 150012 12.031
220000 60000 150006 6.09677
220000 50000 150000 0.339494
225000 50000 150000 -0.026401
220000 55000 150006 6.00945
225000 55000 149999 -0.574454
225000 50000 150000 -0.026401
230000 50000 149994 -6.32587
225000 55000 149999 -0.574454
230000 55000 149998 -2.12319
220000 55000 150006 6.00945
225000 55000 149999 -0.574454
220000 60000 150006 6.09677
225000 60000 150002 2.02044
225000 55000 149999 -0.574454
230000 55000 149998 -2.12319
225000 60000 150002 2.02044
230000 60000 149999 -1.11909
230000 50000 149994 -6.32587
235000 50000 149993 -6.79652
230000 55000 149998 -2.12319
235000 55000 149995 -5.33189
235000 50000 149993 -6.79652
240000 50000 149992 -7.77587
235000 55000 149995 -5.33189
240000 55000 149992 -8.14918
230000 55000 149998 -2.12319
235000 55000 149995 -5.33189
230000 60000 149999 -1.11909
235000 60000 149995 -4.63182
235000 55000 149995 -5.33189
240000 55000 149992 -8.14918
235000 60000 149995 -4.63182
240000 60000 149992 -7.51153
160000 60000 149957 -43.0698
165000 60000 149992 -8.2655
160000 65000 149944 -55.5251
165000 65000 149963 -36.5786
165000 60000 149992 -8.2655
170000 60000 150003 3.05405
165000 65000 149963 -36.5786
170000 65000 150005 5.21288
160000 65000 149944 -55.5251
165000 65000 149963 -36.5786
160000 70000 149912 -87.9909
165000 70000 149954 -45.5065
165000 65000 149963 -36.5786
170000 65000 150005 5.21288
165000 70000 149954 -45.5065
170000 70000 149992 -8.27076
170000 60000 150003 3.05405
175000 60000 150022 22.1582
170000 65000 150005 5.21288
175000 65000 150024 24.1493
175000 60000 150022 22.1582
180000 60000 150025 25.1678
175000 65000 150024 24.1493
180000 65000 150026 26.4204
170000 65000 150005 5.21288
175000 65000 150024 24.1493
170000 70000 149992 -8.27076
175000 70000 150013 12.713
175000 65000 150024 24.1493
180000 65000 150026 26.4204
175000 70000 150013 12.713
180000 70000 150025 24.8842
180000 60000 150025 25.1678
185000 60000 150026 25.9852
180000 65000 150026 26.4204
185000 65000 150027 27.2923
185000 60000 150026 25.9852
190000 60000 150027 27.4537
185000 65000 150027 27.2923
190000 65000 150028 28.333
180000 65000 150026 26.4204
185000 65000 150027 27.2923
180000 70000 150025 24.8842
185000 70000 150029 28.7108
185000 65000 150027 27.2923
190000 65000 150028 28.333
185000 70000 150029 28.7108
190000 70000 150029 29.1903
190000 60000 150027 27.4537
195000 60000 150026 25.9715
190000 65000 150028 28.333
195000 65000 150026 25.5216
195000 60000 150026 25.9715
200000 60000 150021 21.0165
195000 65000 150026 25.5216
200000 65000 150025 24.9909
190000 65000 150028 28.333
195000 65000 150026 25.5216
190000 70000 150029 29.1903
195000 70000 150029 29.3242
195000 65000 150026 25.5216
200000 65000 150025 24.9909
195000 70000 150029 29.3242
200000 70000 150027 27.2713
160000 70000 149912 -87.9909
165000 70000 149954 -45.5065
160000 75000 149887 -112.5
165000 75000 149938 -61.5518
165000 70000 149954 -45.5065
170000 70000 149992 -8.27076
165000 75000 149938 -61.5518
170000 75000 149966 -33.7163
160000 75000 149887 -112.5
165000 75000 149938 -61.5518
160000 80000 149886 -113.588
165000 80000 149908 -92.1372
165000 75000 149938 -61.5518
170000 75000 149966 -33.7163
165000 80000 149908 -92.1372
170000 80000 149955 -45.1721
170000 70000 149992 -8.27076
175000 70000 150013 12.713
170000 75000 149966 -33.7163
175000 75000 150002 2.3852
175000 70000 150013 12.713
180000 70000 150025 24.8842
175000 75000 150002 2.3852
180000 75000 150026 25.9215
170000 75000 149966 -33.7163
175000 75000 150002 2.3852
170000 80000 149955 -45.1721
175000 80000 149996 -4.41972
175000 75000 150002 2.3852
180000 75000 150026 25.9215
175000 80000 149996 -4.41972
180000 80000 150023 23.486
180000 70000 150025 24.8842
185000 70000 150029 28.7108
180000 75000 150026 25.9215
185000 75000 150032 31.8002
185000 70000 150029 28.7108
190000 70000 150029 29.1903
185000 75000 150032 31.8002
190000 75000 150032 32.0344
180000 75000 150026 25.9215
185000 75000 150032 31.8002
180000 80000 150023 23.486
185000 80000 150031 31.2484
185000 75000 150032 31.8002
190000 75000 150032 32.0344
185000 80000 150031 31.2484
190000 80000 150032 32.1069
190000 70000 150029 29.1903
195000 70000 150029 29.3242
190000 75000 150032 32.0344
195000 75000 150030 30.1889
195000 70000 150029 29.3242
200000 70000 150027 27.2713
195000 75000 150030 30.1889
200000 75000 150027 27.3769
190000 75000 150032 32.0344
195000 75000 150030 30.1889
190000 80000 150032 32.1069
195000 80000 150031 30.568
195000 75000 150030 30.1889
200000 75000 150027 27.3769
195000 80000 150031 30.568
200000 80000 150029 29.1731
110000 80000 150030 29.6462
115000 80000 150029 29.3606
110000 85000 150026 26.2112
115000 85000 150028 27.8313
115000 80000 150029 29.3606
120000 80000 150029 29.2661
115000 85000 150028 27.8313
120000 85000 150029 28.5466
110000 85000 150026 26.2112
115000 85000 150028 27.8313
110000 90000 150025 25.0304
115000 90000 150027 26.5285
115000 85000 150028 27.8313
120000 85000 150029 28.5466
115000 90000 150027 26.5285
120000 90000 150027 27.2012
120000 80000 150029 29.2661
125000 80000 150026 26.0822
120000 85000 150029 28.5466
125000 85000 150025 25.267
125000 80000 150026 26.0822
130000 80000 150021 20.6934
125000 85000 150025 25.267
130000 85000 150021 21.4336
120000 85000 150029 28.5466
125000 85000 150025 25.267
120000 90000 150027 27.2012
125000 90000 150025 25.4348
125000 85000 150025 25.267
130000 85000 150021 21.4336
125000 90000 150025 25.4348
130000 90000 150021 21.1807
130000 80000 150021 20.6934
135000 80000 150015 14.5222
130000 85000 150021 21.4336
135000 85000 150018 18.0479
135000 80000 150015 14.5222
140000 80000 150012 12.059
135000 85000 150018 18.0479
140000 85000 150015 14.8474
130000 85000 150021 21.4336
135000 85000 150018 18.0479
130000 90000 150021 21.1807
135000 90000 150016 15.7601
135000 85000 150018 18.0479
140000 85000 150015 14.8474
135000 90000 150016 15.7601
140000 90000 150008 7.76919
140000 80000 150012 12.059
145000 80000 149999 -0.963781
140000 85000 150015 14.8474
145000 85000 150007 7.04691
145000 80000 149999 -0.963781
150000 80000 149966 -34.1888
145000 85000 150007 7.04691
150000 85000 149982 -18.0335
140000 85000 150015 14.8474
145000 85000 150007 7.04691
140000 90000 150008 7.76919
145000 90000 149992 -8.43255
145000 85000 150007 7.04691
150000 85000 149982 -18.0335
145000 90000 149992 -8.43255
150000 90000 149993 -7.35621
150000 80000 149966 -34.1888
155000 80000 149933 -66.6008
150000 85000 149982 -18.0335
155000 85000 149955 -45.1684
155000 80000 149933 -66.6008
160000 80000 149886 -113.588
155000 85000 149955 -45.1684
160000 85000 149908 -92.3013
150000 85000 149982 -18.0335
155000 85000 149955 -45.1684
150000 90000 149993 -7.35621
155000 90000 149968 -32.2266
155000 85000 149955 -45.1684
160000 85000 149908 -92.3013
155000 90000 149968 -32.2266
160000 90000 149939 -61.3428
100000 90000 150021 20.7163
105000 90000 150023 23.3062
100000 95000 150019 19.0277
105000 95000 150023 22.5711
105000 90000 150023 23.3062
110000 90000 150025 25.0304
105000 95000 150023 22.5711
110000 95000 150025 25.3617
100000 95000 150019 19.0277
105000 95000 150023 22.5711
100000 100000 150019 19.2826
105000 100000 150022 21.6557
105000 95000 150023 22.5711
110000 95000 150025 25.3617
105000 100000 150022 21.6557
110000 100000 150022 21.6676
110000 90000 150025 25.0304
115000 90000 150027 26.5285
110000 95000 150025 25.3617
115000 95000 150025 24.5622
115000 90000 150027 26.5285
120000 90000 150027 27.2012
115000 95000 150025 24.5622
120000 95000 150025 25.4485
110000 95000 150025 25.3617
115000 95000 150025 24.5622
110000 100000 150022 21.6676
115000 100000 150025 24.9525
115000 95000 150025 24.5622
120000 95000 150025 25.4485
115000 100000 150025 24.9525
120000 100000 150025 24.758
120000 90000 150027 27.2012
125000 90000 150025 25.4348
120000 95000 150025 25.4485
125000 95000 150024 24.4267
125000 90000 150025 25.4348
130000 90000 150021 21.1807
125000 95000 150024 24.4267
130000 95000 150021 20.8084
120000 95000 150025 25.4485
125000 95000 150024 24.4267
120000 100000 150025 24.758
125000 100000 150023 23.2279
125000 95000 150024 24.4267
130000 95000 150021 20.8084
125000 100000 150023 23.2279
130000 100000 150020 20.2113
130000 90000 150021 21.1807
135000 90000 150016 15.7601
130000 95000 150021 20.8084
135000 95000 150016 15.9907
135000 90000 150016 15.7601
140000 90000 150008 7.76919
135000 95000 150016 15.9907
140000 95000 150013 12.909
130000 95000 150021 20.8084
135000 95000 150016 15.9907
130000 100000 150020 20.2113
135000 100000 150016 15.8602
135000 95000 150016 15.9907
140000 95000 150013 12.909
135000 100000 150016 15.8602
140000 100000 150012 11.8711
140000 90000 150008 7.76919
145000 90000 149992 -8.43255
140000 95000 150013 12.909
145000 95000 150009 9.16553
145000 90000 149992 -8.43255
150000 90000 149993 -7.35621
145000 95000 150009 9.16553
150000 95000 150000 -0.478251
140000 95000 150013 12.909
145000 95000 150009 9.16553
140000 100000 150012 11.8711
145000 100000 150007 6.88722
145000 95000 150009 9.16553
150000 95000 150000 -0.478251
145000 100000 150007 6.88722
150000 100000 150001 1.41554
150000 90000 149993 -7.35621
155000 90000 149968 -32.2266
150000 95000 150000 -0.478251
155000 95000 149977 -23.0111
155000 90000 149968 -32.2266
160000 90000 149939 -61.3428
155000 95000 149977 -23.0111
160000 95000 149955 -45.4652
150000 95000 150000 -0.478251
155000 95000 149977 -23.0111
150000 100000 150001 1.41554
155000 100000 149986 -13.9504
155000 95000 149977 -23.0111
160000 95000 149955 -45.4652
155000 100000 149986 -13.9504
160000 100000 149963 -36.6506
80000 100000 150006 5.91965
85000 100000 150011 10.8241
80000 105000 150011 11.179
85000 105000 150012 12.087
85000 100000 150011 10.8241
90000 100000 150011 10.9822
85000 105000 150012 12.087
90000 105000 150013 13.4902
80000 105000 150011 11.179
85000 105000 150012 12.087
80000 110000 150010 9.58645
85000 110000 150009 9.42944
85000 105000 150012 12.087
90000 105000 150013 13.4902
85000 110000 150009 9.42944
90000 110000 150012 12.3397
90000 100000 150011 10.9822
95000 100000 150014 13.9607
90000 105000 150013 13.4902
95000 105000 150015 14.715
95000 100000 150014 13.9607
100000 100000 150019 19.2826
95000 105000 150015 14.715
100000 105000 150017 16.9531
90000 105000 150013 13.4902
95000 105000 150015 14.715
90000 110000 150012 12.3397
95000 110000 150016 16.2825
95000 105000 150015 14.715
100000 105000 150017 16.9531
95000 110000 150016 16.2825
100000 110000 150018 18.3937
100000 100000 150019 19.2826
105000 100000 150022 21.6557
100000 105000 150017 16.9531
105000 105000 150020 19.8583
105000 100000 150022 21.6557
110000 100000 150022 21.6676
105000 105000 150020 19.8583
110000 105000 150022 22.4453
100000 105000 150017 16.9531
105000 105000 150020 19.8583
100000 110000 150018 18.3937
105000 110000 150022 21.8677
105000 105000 150020 19.8583
110000 105000 150022 22.4453
105000 110000 150022 21.8677
110000 110000 150022 21.8868
110000 100000 150022 21.6676
115000 100000 150025 24.9525
110000 105000 150022 22.4453
115000 105000 150023 23.4559
115000 100000 150025 24.9525
120000 100000 150025 24.758
115000 105000 150023 23.4559
120000 105000 150024 23.6277
110000 105000 150022 22.4453
115000 105000 150023 23.4559
110000 110000 150022 21.8868
115000 110000 150021 20.8727
115000 105000 150023 23.4559
120000 105000 150024 23.6277
115000 110000 150021 20.8727
120000 110000 150021 21.4522
120000 100000 150025 24.758
125000 100000 150023 23.2279
120000 105000 150024 23.6277
125000 105000 150023 23.1811
125000 100000 150023 23.2279
130000 100000 150020 20.2113
125000 105000 150023 23.1811
130000 105000 150022 22.2082
120000 105000 150024 23.6277
125000 105000 150023 23.1811
120000 110000 150021 21.4522
125000 110000 150023 22.5174
125000 105000 150023 23.1811
130000 105000 150022 22.2082
125000 110000 150023 22.5174
130000 110000 150020 19.9826
130000 100000 150020 20.2113
135000 100000 150016 15.8602
130000 105000 150022 22.2082
135000 105000 150015 15.344
135000 100000 150016 15.8602
140000 100000 150012 11.8711
135000 105000 150015 15.344
140000 105000 150008 8.09099
130000 105000 150022 22.2082
135000 105000 150015 15.344
130000 110000 150020 19.9826
135000 110000 150017 16.8552
135000 105000 150015 15.344
140000 105000 150008 8.09099
135000 110000 150017 16.8552
140000 110000 150009 9.29779
140000 100000 150012 11.8711
145000 100000 150007 6.88722
140000 105000 150008 8.09099
145000 105000 150000 0.457362
145000 100000 150007 6.88722
150000 100000 150001 1.41554
145000 105000 150000 0.457362
150000 105000 149996 -3.60792
140000 105000 150008 8.09099
145000 105000 150000 0.457362
140000 110000 150009 9.29779
145000 110000 150004 4.42328
145000 105000 150000 0.457362
150000 105000 149996 -3.60792
145000 110000 150004 4.42328
150000 110000 149993 -7.16093
150000 100000 150001 1.41554
155000 100000 149986 -13.9504
150000 105000 149996 -3.60792
155000 105000 149988 -11.9596
155000 100000 149986 -13.9504
160000 100000 149963 -36.6506
155000 105000 149988 -11.9596
160000 105000 149969 -31.3231
150000 105000 149996 -3.60792
155000 105000 149988 -11.9596
150000 110000 149993 -7.16093
155000 110000 149984 -16.3323
155000 105000 149988 -11.9596
160000 105000 149969 -31.3231
155000 110000 149984 -16.3323
160000 110000 149973 -27.481
80000 110000 150010 9.58645
85000 110000 150009 9.42944
80000 115000 150009 8.73161
85000 115000 150012 11.639
85000 110000 150009 9.42944
90000 110000 150012 12.3397
85000 115000 150012 11.639
90000 115000 150013 13.2017
80000 115000 150009 8.73161
85000 115000 150012 11.639
80000 120000 150009 8.87821
85000 120000 150011 10.5054
85000 115000 150012 11.639
90000 115000 150013 13.2017
85000 120000 150011 10.5054
90000 120000 150012 12.1183
90000 110000 150012 12.3397
95000 110000 150016 16.2825
90000 115000 150013 13.2017
95000 115000 150016 16.1996
95000 110000 150016 16.2825
100000 110000 150018 18.3937
95000 115000 150016 16.1996
100000 115000 150019 18.8805
90000 115000 150013 13.2017
95000 115000 150016 16.1996
90000 120000 150012 12.1183
95000 120000 150013 13.4224
95000 115000 150016 16.1996
100000 115000 150019 18.8805
95000 120000 150013 13.4224
100000 120000 150015 14.863
100000 110000 150018 18.3937
105000 110000 150022 21.8677
100000 115000 150019 18.8805
105000 115000 150020 19.5108
105000 110000 150022 21.8677
110000 110000 150022 21.8868
105000 115000 150020 19.5108
110000 115000 150021 20.8549
100000 115000 150019 18.8805
105000 115000 150020 19.5108
100000 120000 150015 14.863
105000 120000 150019 19.2261
105000 115000 150020 19.5108
110000 115000 150021 20.8549
105000 120000 150019 19.2261
110000 120000 150022 21.6084
110000 110000 150022 21.8868
115000 110000 150021 20.8727
110000 115000 150021 20.8549
115000 115000 150022 22.1077
115000 110000 150021 20.8727
120000 110000 150021 21.4522
115000 115000 150022 22.1077
120000 115000 150023 22.5382
110000 115000 150021 20.8549
115000 115000 150022 22.1077
110000 120000 150022 21.6084
115000 120000 150021 20.657
115000 115000 150022 22.1077
120000 115000 150023 22.5382
115000 120000 150021 20.657
120000 120000 150023 22.6921
120000 110000 150021 21.4522
125000 110000 150023 22.5174
120000 115000 150023 22.5382
125000 115000 150022 22.0386
125000 110000 150023 22.5174
130000 110000 150020 19.9826
125000 115000 150022 22.0386
130000 115000 150020 20.4413
120000 115000 150023 22.5382
125000 115000 150022 22.0386
120000 120000 150023 22.6921
125000 120000 150022 22.435
125000 115000 150022 22.0386
130000 115000 150020 20.4413
125000 120000 150022 22.435
130000 120000 150020 20.0883
130000 110000 150020 19.9826
135000 110000 150017 16.8552
130000 115000 150020 20.4413
135000 115000 150016 16.2938
135000 110000 150017 16.8552
140000 110000 150009 9.29779
135000 115000 150016 16.2938
140000 115000 150008 8.10934
130000 115000 150020 20.4413
135000 115000 150016 16.2938
130000 120000 150020 20.0883
135000 120000 150016 16.3267
135000 115000 150016 16.2938
140000 115000 150008 8.10934
135000 120000 150016 16.3267
140000 120000 150012 11.8042
140000 110000 150009 9.29779
145000 110000 150004 4.42328
140000 115000 150008 8.10934
145000 115000 149998 -1.57569
145000 110000 150004 4.42328
150000 110000 149993 -7.16093
145000 115000 149998 -1.57569
150000 115000 149987 -12.7006
140000 115000 150008 8.10934
145000 115000 149998 -1.57569
140000 120000 150012 11.8042
145000 120000 150003 2.97464
145000 115000 149998 -1.57569
150000 115000 149987 -12.7006
145000 120000 150003 2.97464
150000 120000 149995 -5.21597
150000 110000 149993 -7.16093
155000 110000 149984 -16.3323
150000 115000 149987 -12.7006
155000 115000 149974 -26.1061
155000 110000 149984 -16.3323
160000 110000 149973 -27.481
155000 115000 149974 -26.1061
160000 115000 149963 -37.2496
150000 115000 149987 -12.7006
155000 115000 149974 -26.1061
150000 120000 149995 -5.21597
155000 120000 149986 -13.8098
155000 115000 149974 -26.1061
160000 115000 149963 -37.2496
155000 120000 149986 -13.8098
160000 120000 149976 -23.8631
240000 0 149992 -7.80464
245000 0 149990 -10.1349
240000 5000 149991 -8.61814
245000 5000 149990 -10.2471
245000 0 149990 -10.1349
250000 0 149988 -12.0501
245000 5000 149990 -10.2471
250000 5000 149986 -13.9196
240000 5000 149991 -8.61814
245000 5000 149990 -10.2471
240000 10000 149989 -11.4447
245000 10000 149987 -12.5402
245000 5000 149990 -10.2471
250000 5000 149986 -13.9196
245000 10000 149987 -12.5402
250000 10000 149988 -11.9687
250000 0 149988 -12.0501
255000 0 149986 -13.7159
250000 5000 149986 -13.9196
255000 5000 149986 -13.7391
255000 0 149986 -13.7159
260000 0 149985 -14.6388
255000 5000 149986 -13.7391
260000 5000 149984 -15.7369
250000 5000 149986 -13.9196
255000 5000 149986 -13.7391
250000 10000 149988 -11.9687
255000 10000 149986 -13.9998
255000 5000 149986 -13.7391
260000 5000 149984 -15.7369
255000 10000 149986 -13.9998
260000 10000 149985 -14.7758
260000 0 149985 -14.6388
265000 0 149984 -16.4176
260000 5000 149984 -15.7369
265000 5000 149984 -15.9478
265000 0 149984 -16.4176
270000 0 149983 -16.7267
265000 5000 149984 -15.9478
270000 5000 149984 -16.3253
260000 5000 149984 -15.7369
265000 5000 149984 -15.9478
260000 10000 149985 -14.7758
265000 10000 149984 -16.2281
265000 5000 149984 -15.9478
270000 5000 149984 -16.3253
265000 10000 149984 -16.2281
270000 10000 149983 -16.5565
270000 0 149983 -16.7267
275000 0 149982 -17.5576
270000 5000 149984 -16.3253
275000 5000 149983 -16.5932
275000 0 149982 -17.5576
280000 0 149982 -17.7257
275000 5000 149983 -16.5932
280000 5000 149983 -17.1826
270000 5000 149984 -16.3253
275000 5000 149983 -16.5932
270000 10000 149983 -16.5565
275000 10000 149983 -16.9696
275000 5000 149983 -16.5932
280000 5000 149983 -17.1826
275000 10000 149983 -16.9696
280000 10000 149983 -17.1823
280000 0 149982 -17.7257
285000 0 149982 -17.7709
280000 5000 149983 -17.1826
285000 5000 149983 -17.3468
285000 0 149982 -17.7709
290000 0 149983 -17.4024
285000 5000 149983 -17.3468
290000 5000 149983 -16.7494
280000 5000 149983 -17.1826
285000 5000 149983 -17.3468
280000 10000 149983 -17.1823
285000 10000 149983 -17.3519
285000 5000 149983 -17.3468
290000 5000 149983 -16.7494
285000 10000 149983 -17.3519
290000 10000 149983 -17.4184
290000 0 149983 -17.4024
295000 0 149983 -17.0268
290000 5000 149983 -16.7494
295000 5000 149983 -16.999
295000 0 149983 -17.0268
300000 0 149983 -16.5735
295000 5000 149983 -16.999
300000 5000 149983 -17.1439
290000 5000 149983 -16.7494
295000 5000 149983 -16.999
290000 10000 149983 -17.4184
295000 10000 149983 -16.9575
295000 5000 149983 -16.999
300000 5000 149983 -17.1439
295000 10000 149983 -16.9575
300000 10000 149983 -17.1434
240000 10000 149989 -11.4447
245000 10000 149987 -12.5402
240000 15000 149990 -9.93841
245000 15000 149990 -10.3639
245000 10000 149987 -12.5402
250000 10000 149988 -11.9687
245000 15000 149990 -10.3639
250000 15000 149988 -11.5911
240000 15000 149990 -9.93841
245000 15000 149990 -10.3639
240000 20000 149991 -8.90033
245000 20000 149988 -11.6284
245000 15000 149990 -10.3639
250000 15000 149988 -11.5911
245000 20000 149988 -11.6284
250000 20000 149988 -11.7493
250000 10000 149988 -11.9687
255000 10000 149986 -13.9998
250000 15000 149988 -11.5911
255000 15000 149987 -12.9509
255000 10000 149986 -13.9998
260000 10000 149985 -14.7758
255000 15000 149987 -12.9509
260000 15000 149985 -14.5652
250000 15000 149988 -11.5911
255000 15000 149987 -12.9509
250000 20000 149988 -11.7493
255000 20000 149987 -12.5873
255000 15000 149987 -12.9509
260000 15000 149985 -14.5652
255000 20000 149987 -12.5873
260000 20000 149986 -13.7418
260000 10000 149985 -14.7758
265000 10000 149984 -16.2281
260000 15000 149985 -14.5652
265000 15000 149985 -15.4826
265000 10000 149984 -16.2281
270000 10000 149983 -16.5565
265000 15000 149985 -15.4826
270000 15000 149983 -16.6198
260000 15000 149985 -14.5652
265000 15000 149985 -15.4826
260000 20000 149986 -13.7418
265000 20000 149984 -16.0024
265000 15000 149985 -15.4826
270000 15000 149983 -16.6198
265000 20000 149984 -16.0024
270000 20000 149984 -15.9613
270000 10000 149983 -16.5565
275000 10000 149983 -16.9696
270000 15000 149983 -16.6198
275000 15000 149983 -16.865
275000 10000 149983 -16.9696
280000 10000 149983 -17.1823
275000 15000 149983 -16.865
280000 15000 149983 -17.0856
270000 15000 149983 -16.6198
275000 15000 149983 -16.865
270000 20000 149984 -15.9613
275000 20000 149983 -16.8977
275000 15000 149983 -16.865
280000 15000 149983 -17.0856
275000 20000 149983 -16.8977
280000 20000 149983 -17.1746
280000 10000 149983 -17.1823
285000 10000 149983 -17.3519
280000 15000 149983 -17.0856
285000 15000 149983 -17.3581
285000 10000 149983 -17.3519
290000 10000 149983 -17.4184
285000 15000 149983 -17.3581
290000 15000 149983 -17.4191
280000 15000 149983 -17.0856
285000 15000 149983 -17.3581
280000 20000 149983 -17.1746
285000 20000 149983 -17.3525
285000 15000 149983 -17.3581
290000 15000 149983 -17.4191
285000 20000 149983 -17.3525
290000 20000 149983 -17.4194
290000 10000 149983 -17.4184
295000 10000 149983 -16.9575
290000 15000 149983 -17.4191
295000 15000 149983 -17.3731
295000 10000 149983 -16.9575
300000 10000 149983 -17.1434
295000 15000 149983 -17.3731
300000 15000 149983 -17.3636
290000 15000 149983 -17.4191
295000 15000 149983 -17.3731
290000 20000 149983 -17.4194
295000 20000 149983 -17.2588
295000 15000 149983 -17.3731
300000 15000 149983 -17.3636
295000 20000 149983 -17.2588
300000 20000 149983 -17.4715
240000 20000 149991 -8.90033
245000 20000 149988 -11.6284
240000 25000 149991 -8.86864
245000 25000 149990 -10.1721
245000 20000 149988 -11.6284
250000 20000 149988 -11.7493
245000 25000 149990 -10.1721
250000 25000 149987 -12.9597
240000 25000 149991 -8.86864
245000 25000 149990 -10.1721
240000 30000 149991 -8.69267
245000 30000 149989 -10.5178
245000 25000 149990 -10.1721
250000 25000 149987 -12.9597
245000 30000 149989 -10.5178
250000 30000 149988 -12.2712
250000 20000 149988 -11.7493
255000 20000 149987 -12.5873
250000 25000 149987 -12.9597
255000 25000 149987 -13.1979
255000 20000 149987 -12.5873
260000 20000 149986 -13.7418
255000 25000 149987 -13.1979
260000 25000 149985 -14.9098
250000 25000 149987 -12.9597
255000 25000 149987 -13.1979
250000 30000 149988 -12.2712
255000 30000 149986 -13.5116
255000 25000 149987 -13.1979
260000 25000 149985 -14.9098
255000 30000 149986 -13.5116
260000 30000 149986 -14.2917
260000 20000 149986 -13.7418
265000 20000 149984 -16.0024
260000 25000 149985 -14.9098
265000 25000 149985 -15.203
265000 20000 149984 -16.0024
270000 20000 149984 -15.9613
265000 25000 149985 -15.203
270000 25000 149984 -15.9566
260000 25000 149985 -14.9098
265000 25000 149985 -15.203
260000 30000 149986 -14.2917
265000 30000 149985 -14.6406
265000 25000 149985 -15.203
270000 25000 149984 -15.9566
265000 30000 149985 -14.6406
270000 30000 149985 -15.25
270000 20000 149984 -15.9613
275000 20000 149983 -16.8977
270000 25000 149984 -15.9566
275000 25000 149984 -16.0006
275000 20000 149983 -16.8977
280000 20000 149983 -17.1746
275000 25000 149984 -16.0006
280000 25000 149984 -16.3864
270000 25000 149984 -15.9566
275000 25000 149984 -16.0006
270000 30000 149985 -15.25
275000 30000 149984 -15.883
275000 25000 149984 -16.0006
280000 25000 149984 -16.3864
275000 30000 149984 -15.883
280000 30000 149983 -16.6744
280000 20000 149983 -17.1746
285000 20000 149983 -17.3525
280000 25000 149984 -16.3864
285000 25000 149983 -17.4718
285000 20000 149983 -17.3525
290000 20000 149983 -17.4194
285000 25000 149983 -17.4718
290000 25000 149983 -17.4223
280000 25000 149984 -16.3864
285000 25000 149983 -17.4718
280000 30000 149983 -16.6744
285000 30000 149983 -17.4467
285000 25000 149983 -17.4718
290000 25000 149983 -17.4223
285000 30000 149983 -17.4467
290000 30000 149982 -17.6018
290000 20000 149983 -17.4194
295000 20000 149983 -17.2588
290000 25000 149983 -17.4223
295000 25000 149983 -17.3406
295000 20000 149983 -17.2588
300000 20000 149983 -17.4715
295000 25000 149983 -17.3406
300000 25000 149982 -17.59
290000 25000 149983 -17.4223
295000 25000 149983 -17.3406
290000 30000 149982 -17.6018
295000 30000 149982 -17.8504
295000 25000 149983 -17.3406
300000 25000 149982 -17.59
295000 30000 149982 -17.8504
300000 30000 149982 -18.0178
240000 30000 149991 -8.69267
245000 30000 149989 -10.5178
240000 35000 149991 -8.61732
245000 35000 149990 -10.0791
245000 30000 149989 -10.5178
250000 30000 149988 -12.2712
245000 35000 149990 -10.0791
250000 35000 149989 -11.1931
240000 35000 149991 -8.61732
245000 35000 149990 -10.0791
240000 40000 149991 -8.75249
245000 40000 149990 -10.343
245000 35000 149990 -10.0791
250000 35000 149989 -11.1931
245000 40000 149990 -10.343
250000 40000 149989 -10.7328
250000 30000 149988 -12.2712
255000 30000 149986 -13.5116
250000 35000 149989 -11.1931
255000 35000 149987 -13.2362
255000 30000 149986 -13.5116
260000 30000 149986 -14.2917
255000 35000 149987 -13.2362
260000 35000 149985 -14.7342
250000 35000 149989 -11.1931
255000 35000 149987 -13.2362
250000 40000 149989 -10.7328
255000 40000 149988 -11.9303
255000 35000 149987 -13.2362
260000 35000 149985 -14.7342
255000 40000 149988 -11.9303
260000 40000 149987 -13.3254
260000 30000 149986 -14.2917
265000 30000 149985 -14.6406
260000 35000 149985 -14.7342
265000 35000 149984 -15.5357
265000 30000 149985 -14.6406
270000 30000 149985 -15.25
265000 35000 149984 -15.5357
270000 35000 149984 -16.3044
260000 35000 149985 -14.7342
265000 35000 149984 -15.5357
260000 40000 149987 -13.3254
265000 40000 149985 -14.9732
265000 35000 149984 -15.5357
270000 35000 149984 -16.3044
265000 40000 149985 -14.9732
270000 40000 149985 -15.4332
270000 30000 149985 -15.25
275000 30000 149984 -15.883
270000 35000 149984 -16.3044
275000 35000 149984 -16.1216
275000 30000 149984 -15.883
280000 30000 149983 -16.6744
275000 35000 149984 -16.1216
280000 35000 149984 -16.2792
270000 35000 149984 -16.3044
275000 35000 149984 -16.1216
270000 40000 149985 -15.4332
275000 40000 149985 -15.1603
275000 35000 149984 -16.1216
280000 35000 149984 -16.2792
275000 40000 149985 -15.1603
280000 40000 149984 -16.009
280000 30000 149983 -16.6744
285000 30000 149983 -17.4467
280000 35000 149984 -16.2792
285000 35000 149983 -17.0025
285000 30000 149983 -17.4467
290000 30000 149982 -17.6018
285000 35000 149983 -17.0025
290000 35000 149983 -17.1628
280000 35000 149984 -16.2792
285000 35000 149983 -17.0025
280000 40000 149984 -16.009
285000 40000 149984 -16.455
285000 35000 149983 -17.0025
290000 35000 149983 -17.1628
285000 40000 149984 -16.455
290000 40000 149984 -16.4775
290000 30000 149982 -17.6018
295000 30000 149982 -17.8504
290000 35000 149983 -17.1628
295000 35000 149983 -17.3721
295000 30000 149982 -17.8504
300000 30000 149982 -18.0178
295000 35000 149983 -17.3721
300000 35000 149982 -17.5297
290000 35000 149983 -17.1628
295000 35000 149983 -17.3721
290000 40000 149984 -16.4775
295000 40000 149983 -17.0281
295000 35000 149983 -17.3721
300000 35000 149982 -17.5297
295000 40000 149983 -17.0281
300000 40000 149982 -17.9564
240000 40000 149991 -8.75249
245000 40000 149990 -10.343
240000 45000 149990 -10.136
245000 45000 149990 -10.1621
245000 40000 149990 -10.343
250000 40000 149989 -10.7328
245000 45000 149990 -10.1621
250000 45000 149988 -12.4104
240000 45000 149990 -10.136
245000 45000 149990 -10.1621
240000 50000 149992 -7.77587
245000 50000 149991 -9.49864
245000 45000 149990 -10.1621
250000 45000 149988 -12.4104
245000 50000 149991 -9.49864
250000 50000 149990 -10.4739
250000 40000 149989 -10.7328
255000 40000 149988 -11.9303
250000 45000 149988 -12.4104
255000 45000 149987 -12.692
255000 40000 149988 -11.9303
260000 40000 149987 -13.3254
255000 45000 149987 -12.692
260000 45000 149985 -14.6942
250000 45000 149988 -12.4104
255000 45000 149987 -12.692
250000 50000 149990 -10.4739
255000 50000 149988 -11.7309
255000 45000 149987 -12.692
260000 45000 149985 -14.6942
255000 50000 149988 -11.7309
260000 50000 149987 -13.1311
260000 40000 149987 -13.3254
265000 40000 149985 -14.9732
260000 45000 149985 -14.6942
265000 45000 149985 -15.2053
265000 40000 149985 -14.9732
270000 40000 149985 -15.4332
265000 45000 149985 -15.2053
270000 45000 149984 -15.546
260000 45000 149985 -14.6942
265000 45000 149985 -15.2053
260000 50000 149987 -13.1311
265000 50000 149986 -14.3098
265000 45000 149985 -15.2053
270000 45000 149984 -15.546
265000 50000 149986 -14.3098
270000 50000 149985 -15.1017
270000 40000 149985 -15.4332
275000 40000 149985 -15.1603
270000 45000 149984 -15.546
275000 45000 149985 -15.0477
275000 40000 149985 -15.1603
280000 40000 149984 -16.009
275000 45000 149985 -15.0477
280000 45000 149984 -15.6779
270000 45000 149984 -15.546
275000 45000 149985 -15.0477
270000 50000 149985 -15.1017
275000 50000 149984 -15.9082
275000 45000 149985 -15.0477
280000 45000 149984 -15.6779
275000 50000 149984 -15.9082
280000 50000 149984 -15.9741
280000 40000 149984 -16.009
285000 40000 149984 -16.455
280000 45000 149984 -15.6779
285000 45000 149983 -16.7245
285000 40000 149984 -16.455
290000 40000 149984 -16.4775
285000 45000 149983 -16.7245
290000 45000 149983 -17.2768
280000 45000 149984 -15.6779
285000 45000 149983 -16.7245
280000 50000 149984 -15.9741
285000 50000 149984 -16.4541
285000 45000 149983 -16.7245
290000 45000 149983 -17.2768
285000 50000 149984 -16.4541
290000 50000 149984 -16.309
290000 40000 149984 -16.4775
295000 40000 149983 -17.0281
290000 45000 149983 -17.2768
295000 45000 149982 -17.5645
295000 40000 149983 -17.0281
300000 40000 149982 -17.9564
295000 45000 149982 -17.5645
300000 45000 149983 -17.1623
290000 45000 149983 -17.2768
295000 45000 149982 -17.5645
290000 50000 149984 -16.309
295000 50000 149983 -16.7401
295000 45000 149982 -17.5645
300000 45000 149983 -17.1623
295000 50000 149983 -16.7401
300000 50000 149982 -17.7077
240000 50000 149992 -7.77587
245000 50000 149991 -9.49864
240000 55000 149992 -8.14918
245000 55000 149991 -9.12734
245000 50000 149991 -9.49864
250000 50000 149990 -10.4739
245000 55000 149991 -9.12734
250000 55000 149988 -11.9462
240000 55000 149992 -8.14918
245000 55000 149991 -9.12734
240000 60000 149992 -7.51153
245000 60000 149990 -10.4239
245000 55000 149991 -9.12734
250000 55000 149988 -11.9462
245000 60000 149990 -10.4239
250000 60000 149989 -10.8793
250000 50000 149990 -10.4739
255000 50000 149988 -11.7309
250000 55000 149988 -11.9462
255000 55000 149986 -13.9958
255000 50000 149988 -11.7309
260000 50000 149987 -13.1311
255000 55000 149986 -13.9958
260000 55000 149985 -14.5921
250000 55000 149988 -11.9462
255000 55000 149986 -13.9958
250000 60000 149989 -10.8793
255000 60000 149989 -11.4087
255000 55000 149986 -13.9958
260000 55000 149985 -14.5921
255000 60000 149989 -11.4087
260000 60000 149987 -12.6304
260000 50000 149987 -13.1311
265000 50000 149986 -14.3098
260000 55000 149985 -14.5921
265000 55000 149985 -15.1682
265000 50000 149986 -14.3098
270000 50000 149985 -15.1017
265000 55000 149985 -15.1682
270000 55000 149985 -14.7138
260000 55000 149985 -14.5921
265000 55000 149985 -15.1682
260000 60000 149987 -12.6304
265000 60000 149986 -14.1035
265000 55000 149985 -15.1682
270000 55000 149985 -14.7138
265000 60000 149986 -14.1035
270000 60000 149986 -14.3638
270000 50000 149985 -15.1017
275000 50000 149984 -15.9082
270000 55000 149985 -14.7138
275000 55000 149984 -15.6191
275000 50000 149984 -15.9082
280000 50000 149984 -15.9741
275000 55000 149984 -15.6191
280000 55000 149984 -16.4308
270000 55000 149985 -14.7138
275000 55000 149984 -15.6191
270000 60000 149986 -14.3638
275000 60000 149984 -15.6795
275000 55000 149984 -15.6191
280000 55000 149984 -16.4308
275000 60000 149984 -15.6795
280000 60000 149984 -16.2029
280000 50000 149984 -15.9741
285000 50000 149984 -16.4541
280000 55000 149984 -16.4308
285000 55000 149984 -16.1565
285000 50000 149984 -16.4541
290000 50000 149984 -16.309
285000 55000 149984 -16.1565
290000 55000 149983 -16.9665
280000 55000 149984 -16.4308
285000 55000 149984 -16.1565
280000 60000 149984 -16.2029
285000 60000 149983 -16.894
285000 55000 149984 -16.1565
290000 55000 149983 -16.9665
285000 60000 149983 -16.894
290000 60000 149983 -16.8138
290000 50000 149984 -16.309
295000 50000 149983 -16.7401
290000 55000 149983 -16.9665
295000 55000 149983 -17.1206
295000 50000 149983 -16.7401
300000 50000 149982 -17.7077
295000 55000 149983 -17.1206
300000 55000 149983 -17.205
290000 55000 149983 -16.9665
295000 55000 149983 -17.1206
290000 60000 149983 -16.8138
295000 60000 149983 -17.4237
295000 55000 149983 -17.1206
300000 55000 149983 -17.205
295000 60000 149983 -17.4237
300000 60000 149982 -17.9547
200000 60000 150021 21.0165
205000 60000 150019 19.3251
200000 65000 150025 24.9909
205000 65000 150023 22.9242
205000 60000 150019 19.3251
210000 60000 150016 15.9744
205000 65000 150023 22.9242
210000 65000 150017 17.3413
200000 65000 150025 24.9909
205000 65000 150023 22.9242
200000 70000 150027 27.2713
205000 70000 150022 22.1156
205000 65000 150023 22.9242
210000 65000 150017 17.3413
205000 70000 150022 22.1156
210000 70000 150016 15.774
210000 60000 150016 15.9744
215000 60000 150012 12.031
210000 65000 150017 17.3413
215000 65000 150013 12.7174
215000 60000 150012 12.031
220000 60000 150006 6.09677
215000 65000 150013 12.7174
220000 65000 150009 8.53628
210000 65000 150017 17.3413
215000 65000 150013 12.7174
210000 70000 150016 15.774
215000 70000 150012 12.3428
215000 65000 150013 12.7174
220000 65000 150009 8.53628
215000 70000 150012 12.3428
220000 70000 150006 5.83747
220000 60000 150006 6.09677
225000 60000 150002 2.02044
220000 65000 150009 8.53628
225000 65000 150004 3.9912
225000 60000 150002 2.02044
230000 60000 149999 -1.11909
225000 65000 150004 3.9912
230000 65000 150001 0.524424
220000 65000 150009 8.53628
225000 65000 150004 3.9912
220000 70000 150006 5.83747
225000 70000 150004 3.79377
225000 65000 150004 3.9912
230000 65000 150001 0.524424
225000 70000 150004 3.79377
230000 70000 149998 -2.10789
230000 60000 149999 -1.11909
235000 60000 149995 -4.63182
230000 65000 150001 0.524424
235000 65000 149996 -3.67351
235000 60000 149995 -4.63182
240000 60000 149992 -7.51153
235000 65000 149996 -3.67351
240000 65000 149992 -7.61437
230000 65000 150001 0.524424
235000 65000 149996 -3.67351
230000 70000 149998 -2.10789
235000 70000 149994 -5.59373
235000 65000 149996 -3.67351
240000 65000 149992 -7.61437
235000 70000 149994 -5.59373
240000 70000 149993 -6.65826
240000 60000 149992 -7.51153
245000 60000 149990 -10.4239
240000 65000 149992 -7.61437
245000 65000 149991 -8.7432
245000 60000 149990 -10.4239
250000 60000 149989 -10.8793
245000 65000 149991 -8.7432
250000 65000 149990 -9.90407
240000 65000 149992 -7.61437
245000 65000 149991 -8.7432
240000 70000 149993 -6.65826
245000 70000 149990 -9.62318
245000 65000 149991 -8.7432
250000 65000 149990 -9.90407
245000 70000 149990 -9.62318
250000 70000 149990 -9.75733
250000 60000 149989 -10.8793
255000 60000 149989 -11.4087
250000 65000 149990 -9.90407
255000 65000 149988 -12.0647
255000 60000 149989 -11.4087
260000 60000 149987 -12.6304
255000 65000 149988 -12.0647
260000 65000 149986 -13.742
250000 65000 149990 -9.90407
255000 65000 149988 -12.0647
250000 70000 149990 -9.75733
255000 70000 149988 -12.4794
255000 65000 149988 -12.0647
260000 65000 149986 -13.742
255000 70000 149988 -12.4794
260000 70000 149987 -12.9698
260000 60000 149987 -12.6304
265000 60000 149986 -14.1035
260000 65000 149986 -13.742
265000 65000 149985 -15.0899
265000 60000 149986 -14.1035
270000 60000 149986 -14.3638
265000 65000 149985 -15.0899
270000 65000 149984 -15.6941
260000 65000 149986 -13.742
265000 65000 149985 -15.0899
260000 70000 149987 -12.9698
265000 70000 149986 -13.7058
265000 65000 149985 -15.0899
270000 65000 149984 -15.6941
265000 70000 149986 -13.7058
270000 70000 149985 -15.1956
270000 60000 149986 -14.3638
275000 60000 149984 -15.6795
270000 65000 149984 -15.6941
275000 65000 149984 -16.0326
275000 60000 149984 -15.6795
280000 60000 149984 -16.2029
275000 65000 149984 -16.0326
280000 65000 149984 -15.9137
270000 65000 149984 -15.6941
275000 65000 149984 -16.0326
270000 70000 149985 -15.1956
275000 70000 149985 -15.3858
275000 65000 149984 -16.0326
280000 65000 149984 -15.9137
275000 70000 149985 -15.3858
280000 70000 149984 -15.5645
280000 60000 149984 -16.2029
285000 60000 149983 -16.894
280000 65000 149984 -15.9137
285000 65000 149984 -16.0891
285000 60000 149983 -16.894
290000 60000 149983 -16.8138
285000 65000 149984 -16.0891
290000 65000 149983 -16.6292
280000 65000 149984 -15.9137
285000 65000 149984 -16.0891
280000 70000 149984 -15.5645
285000 70000 149985 -15.3264
285000 65000 149984 -16.0891
290000 65000 149983 -16.6292
285000 70000 149985 -15.3264
290000 70000 149983 -16.5033
290000 60000 149983 -16.8138
295000 60000 149983 -17.4237
290000 65000 149983 -16.6292
295000 65000 149982 -17.5932
295000 60000 149983 -17.4237
300000 60000 149982 -17.9547
295000 65000 149982 -17.5932
300000 65000 149982 -17.9019
290000 65000 149983 -16.6292
295000 65000 149982 -17.5932
290000 70000 149983 -16.5033
295000 70000 149983 -17.0217
295000 65000 149982 -17.5932
300000 65000 149982 -17.9019
295000 70000 149983 -17.0217
300000 70000 149982 -17.8021
200000 70000 150027 27.2713
205000 70000 150022 22.1156
200000 75000 150027 27.3769
205000 75000 150024 24.0828
205000 70000 150022 22.1156
210000 70000 150016 15.774
205000 75000 150024 24.0828
210000 75000 150020 19.8192
200000 75000 150027 27.3769
205000 75000 150024 24.0828
200000 80000 150029 29.1731
205000 80000 150025 25.1126
205000 75000 150024 24.0828
210000 75000 150020 19.8192
205000 80000 150025 25.1126
210000 80000 150020 20.0685
210000 70000 150016 15.774
215000 70000 150012 12.3428
210000 75000 150020 19.8192
215000 75000 150014 14.12
215000 70000 150012 12.3428
220000 70000 150006 5.83747
215000 75000 150014 14.12
220000 75000 150008 7.63547
210000 75000 150020 19.8192
215000 75000 150014 14.12
210000 80000 150020 20.0685
215000 80000 150015 14.9055
215000 75000 150014 14.12
220000 75000 150008 7.63547
215000 80000 150015 14.9055
220000 80000 150010 10.06
220000 70000 150006 5.83747
225000 70000 150004 3.79377
220000 75000 150008 7.63547
225000 75000 150004 4.42339
225000 70000 150004 3.79377
230000 70000 149998 -2.10789
225000 75000 150004 4.42339
230000 75000 150000 -0.250524
220000 75000 150008 7.63547
225000 75000 150004 4.42339
220000 80000 150010 10.06
225000 80000 150004 4.00559
225000 75000 150004 4.42339
230000 75000 150000 -0.250524
225000 80000 150004 4.00559
230000 80000 149998 -1.60353
230000 70000 149998 -2.10789
235000 70000 149994 -5.59373
230000 75000 150000 -0.250524
235000 75000 149993 -7.26017
235000 70000 149994 -5.59373
240000 70000 149993 -6.65826
235000 75000 149993 -7.26017
240000 75000 149990 -9.93525
230000 75000 150000 -0.250524
235000 75000 149993 -7.26017
230000 80000 149998 -1.60353
235000 80000 149996 -3.63173
235000 75000 149993 -7.26017
240000 75000 149990 -9.93525
235000 80000 149996 -3.63173
240000 80000 149994 -5.95716
240000 70000 149993 -6.65826
245000 70000 149990 -9.62318
240000 75000 149990 -9.93525
245000 75000 149988 -11.6736
245000 70000 149990 -9.62318
250000 70000 149990 -9.75733
245000 75000 149988 -11.6736
250000 75000 149987 -12.6085
240000 75000 149990 -9.93525
245000 75000 149988 -11.6736
240000 80000 149994 -5.95716
245000 80000 149992 -8.35431
245000 75000 149988 -11.6736
250000 75000 149987 -12.6085
245000 80000 149992 -8.35431
250000 80000 149991 -9.3258
250000 70000 149990 -9.75733
255000 70000 149988 -12.4794
250000 75000 149987 -12.6085
255000 75000 149987 -12.851
255000 70000 149988 -12.4794
260000 70000 149987 -12.9698
255000 75000 149987 -12.851
260000 75000 149986 -13.8117
250000 75000 149987 -12.6085
255000 75000 149987 -12.851
250000 80000 149991 -9.3258
255000 80000 149989 -11.2723
255000 75000 149987 -12.851
260000 75000 149986 -13.8117
255000 80000 149989 -11.2723
260000 80000 149986 -13.7887
260000 70000 149987 -12.9698
265000 70000 149986 -13.7058
260000 75000 149986 -13.8117
265000 75000 149986 -14.2944
265000 70000 149986 -13.7058
270000 70000 149985 -15.1956
265000 75000 149986 -14.2944
270000 75000 149986 -14.2477
260000 75000 149986 -13.8117
265000 75000 149986 -14.2944
260000 80000 149986 -13.7887
265000 80000 149986 -14.2829
265000 75000 149986 -14.2944
270000 75000 149986 -14.2477
265000 80000 149986 -14.2829
270000 80000 149985 -14.6156
270000 70000 149985 -15.1956
275000 70000 149985 -15.3858
270000 75000 149986 -14.2477
275000 75000 149985 -14.7144
275000 70000 149985 -15.3858
280000 70000 149984 -15.5645
275000 75000 149985 -14.7144
280000 75000 149986 -14.2199
270000 75000 149986 -14.2477
275000 75000 149985 -14.7144
270000 80000 149985 -14.6156
275000 80000 149985 -14.7521
275000 75000 149985 -14.7144
280000 75000 149986 -14.2199
275000 80000 149985 -14.7521
280000 80000 149985 -15.0523
280000 70000 149984 -15.5645
285000 70000 149985 -15.3264
280000 75000 149986 -14.2199
285000 75000 149985 -14.9623
285000 70000 149985 -15.3264
290000 70000 149983 -16.5033
285000 75000 149985 -14.9623
290000 75000 149984 -15.8254
280000 75000 149986 -14.2199
285000 75000 149985 -14.9623
280000 80000 149985 -15.0523
285000 80000 149984 -15.5267
285000 75000 149985 -14.9623
290000 75000 149984 -15.8254
285000 80000 149984 -15.5267
290000 80000 149984 -15.5992
290000 70000 149983 -16.5033
295000 70000 149983 -17.0217
290000 75000 149984 -15.8254
295000 75000 149983 -16.6758
295000 70000 149983 -17.0217
300000 70000 149982 -17.8021
295000 75000 149983 -16.6758
300000 75000 149983 -17.093
290000 75000 149984 -15.8254
295000 75000 149983 -16.6758
290000 80000 149984 -15.5992
295000 80000 149984 -16.3831
295000 75000 149983 -16.6758
300000 75000 149983 -17.093
295000 80000 149984 -16.3831
300000 80000 149983 -17.3509
160000 80000 149886 -113.588
165000 80000 149908 -92.1372
160000 85000 149908 -92.3013
165000 85000 149887 -113.226
165000 80000 149908 -92.1372
170000 80000 149955 -45.1721
165000 85000 149887 -113.226
170000 85000 149939 -60.5011
160000 85000 149908 -92.3013
165000 85000 149887 -113.226
160000 90000 149939 -61.3428
165000 90000 149895 -104.748
165000 85000 149887 -113.226
170000 85000 149939 -60.5011
165000 90000 149895 -104.748
170000 90000 149912 -88.3533
170000 80000 149955 -45.1721
175000 80000 149996 -4.41972
170000 85000 149939 -60.5011
175000 85000 149972 -28.2527
175000 80000 149996 -4.41972
180000 80000 150023 23.486
175000 85000 149972 -28.2527
180000 85000 150010 9.69071
170000 85000 149939 -60.5011
175000 85000 149972 -28.2527
170000 90000 149912 -88.3533
175000 90000 149954 -45.6528
175000 85000 149972 -28.2527
180000 85000 150010 9.69071
175000 90000 149954 -45.6528
180000 90000 149994 -5.95347
180000 80000 150023 23.486
185000 80000 150031 31.2484
180000 85000 150010 9.69071
185000 85000 150032 32.171
185000 80000 150031 31.2484
190000 80000 150032 32.1069
185000 85000 150032 32.171
190000 85000 150032 32.1302
180000 85000 150010 9.69071
185000 85000 150032 32.171
180000 90000 149994 -5.95347
185000 90000 150030 29.9306
185000 85000 150032 32.171
190000 85000 150032 32.1302
185000 90000 150030 29.9306
190000 90000 150035 34.825
190000 80000 150032 32.1069
195000 80000 150031 30.568
190000 85000 150032 32.1302
195000 85000 150029 29.266
195000 80000 150031 30.568
200000 80000 150029 29.1731
195000 85000 150029 29.266
200000 85000 150028 28.3608
190000 85000 150032 32.1302
195000 85000 150029 29.266
190000 90000 150035 34.825
195000 90000 150030 29.8625
195000 85000 150029 29.266
200000 85000 150028 28.3608
195000 90000 150030 29.8625
200000 90000 150028 27.6446
200000 80000 150029 29.1731
205000 80000 150025 25.1126
200000 85000 150028 28.3608
205000 85000 150026 25.7171
205000 80000 150025 25.1126
210000 80000 150020 20.0685
205000 85000 150026 25.7171
210000 85000 150023 23.1564
200000 85000 150028 28.3608
205000 85000 150026 25.7171
200000 90000 150028 27.6446
205000 90000 150025 25.2658
205000 85000 150026 25.7171
210000 85000 150023 23.1564
205000 90000 150025 25.2658
210000 90000 150020 20.0314
210000 80000 150020 20.0685
215000 80000 150015 14.9055
210000 85000 150023 23.1564
215000 85000 150017 17.4741
215000 80000 150015 14.9055
220000 80000 150010 10.06
215000 85000 150017 17.4741
220000 85000 150011 10.9105
210000 85000 150023 23.1564
215000 85000 150017 17.4741
210000 90000 150020 20.0314
215000 90000 150015 14.74
215000 85000 150017 17.4741
220000 85000 150011 10.9105
215000 90000 150015 14.74
220000 90000 150010 9.54021
220000 80000 150010 10.06
225000 80000 150004 4.00559
220000 85000 150011 10.9105
225000 85000 150006 5.995
225000 80000 150004 4.00559
230000 80000 149998 -1.60353
225000 85000 150006 5.995
230000 85000 150003 2.51326
220000 85000 150011 10.9105
225000 85000 150006 5.995
220000 90000 150010 9.54021
225000 90000 150007 6.70374
225000 85000 150006 5.995
230000 85000 150003 2.51326
225000 90000 150007 6.70374
230000 90000 150002 1.92123
230000 80000 149998 -1.60353
235000 80000 149996 -3.63173
230000 85000 150003 2.51326
235000 85000 149999 -1.47972
235000 80000 149996 -3.63173
240000 80000 149994 -5.95716
235000 85000 149999 -1.47972
240000 85000 149994 -6.24397
230000 85000 150003 2.51326
235000 85000 149999 -1.47972
230000 90000 150002 1.92123
235000 90000 149997 -3.49533
235000 85000 149999 -1.47972
240000 85000 149994 -6.24397
235000 90000 149997 -3.49533
240000 90000 149993 -7.08554
240000 80000 149994 -5.95716
245000 80000 149992 -8.35431
240000 85000 149994 -6.24397
245000 85000 149990 -9.76002
245000 80000 149992 -8.35431
250000 80000 149991 -9.3258
245000 85000 149990 -9.76002
250000 85000 149990 -10.3178
240000 85000 149994 -6.24397
245000 85000 149990 -9.76002
240000 90000 149993 -7.08554
245000 90000 149991 -8.59235
245000 85000 149990 -9.76002
250000 85000 149990 -10.3178
245000 90000 149991 -8.59235
250000 90000 149989 -11.1938
250000 80000 149991 -9.3258
255000 80000 149989 -11.2723
250000 85000 149990 -10.3178
255000 85000 149987 -13.2098
255000 80000 149989 -11.2723
260000 80000 149986 -13.7887
255000 85000 149987 -13.2098
260000 85000 149986 -13.8029
250000 85000 149990 -10.3178
255000 85000 149987 -13.2098
250000 90000 149989 -11.1938
255000 90000 149988 -11.9379
255000 85000 149987 -13.2098
260000 85000 149986 -13.8029
255000 90000 149988 -11.9379
260000 90000 149987 -13.1393
260000 80000 149986 -13.7887
265000 80000 149986 -14.2829
260000 85000 149986 -13.8029
265000 85000 149986 -14.2812
265000 80000 149986 -14.2829
270000 80000 149985 -14.6156
265000 85000 149986 -14.2812
270000 85000 149986 -14.4569
260000 85000 149986 -13.8029
265000 85000 149986 -14.2812
260000 90000 149987 -13.1393
265000 90000 149986 -14.2619
265000 85000 149986 -14.2812
270000 85000 149986 -14.4569
265000 90000 149986 -14.2619
270000 90000 149985 -14.6638
270000 80000 149985 -14.6156
275000 80000 149985 -14.7521
270000 85000 149986 -14.4569
275000 85000 149985 -14.8904
275000 80000 149985 -14.7521
280000 80000 149985 -15.0523
275000 85000 149985 -14.8904
280000 85000 149985 -14.9023
270000 85000 149986 -14.4569
275000 85000 149985 -14.8904
270000 90000 149985 -14.6638
275000 90000 149985 -14.814
275000 85000 149985 -14.8904
280000 85000 149985 -14.9023
275000 90000 149985 -14.814
280000 90000 149985 -14.9465
280000 80000 149985 -15.0523
285000 80000 149984 -15.5267
280000 85000 149985 -14.9023
285000 85000 149984 -15.7275
285000 80000 149984 -15.5267
290000 80000 149984 -15.5992
285000 85000 149984 -15.7275
290000 85000 149984 -16.2878
280000 85000 149985 -14.9023
285000 85000 149984 -15.7275
280000 90000 149985 -14.9465
285000 90000 149985 -15.1956
285000 85000 149984 -15.7275
290000 85000 149984 -16.2878
285000 90000 149985 -15.1956
290000 90000 149984 -16.2238
290000 80000 149984 -15.5992
295000 80000 149984 -16.3831
290000 85000 149984 -16.2878
295000 85000 149983 -16.9672
295000 80000 149984 -16.3831
300000 80000 149983 -17.3509
295000 85000 149983 -16.9672
300000 85000 149983 -17.346
290000 85000 149984 -16.2878
295000 85000 149983 -16.9672
290000 90000 149984 -16.2238
295000 90000 149983 -17.037
295000 85000 149983 -16.9672
300000 85000 149983 -17.346
295000 90000 149983 -17.037
300000 90000 149983 -17.3232
160000 90000 149939 -61.3428
165000 90000 149895 -104.748
160000 95000 149955 -45.4652
165000 95000 149920 -79.6299
165000 90000 149895 -104.748
170000 90000 149912 -88.3533
165000 95000 149920 -79.6299
170000 95000 149902 -98.3526
160000 95000 149955 -45.4652
165000 95000 149920 -79.6299
160000 100000 149963 -36.6506
165000 100000 149942 -57.9446
165000 95000 149920 -79.6299
170000 95000 149902 -98.3526
165000 100000 149942 -57.9446
170000 100000 149915 -84.933
170000 90000 149912 -88.3533
175000 90000 149954 -45.6528
170000 95000 149902 -98.3526
175000 95000 149940 -60.3022
175000 90000 149954 -45.6528
180000 90000 149994 -5.95347
175000 95000 149940 -60.3022
180000 95000 149975 -25.2359
170000 95000 149902 -98.3526
175000 95000 149940 -60.3022
170000 100000 149915 -84.933
175000 100000 149926 -73.8006
175000 95000 149940 -60.3022
180000 95000 149975 -25.2359
175000 100000 149926 -73.8006
180000 100000 149957 -42.619
180000 90000 149994 -5.95347
185000 90000 150030 29.9306
180000 95000 149975 -25.2359
185000 95000 150017 17.229
185000 90000 150030 29.9306
190000 90000 150035 34.825
185000 95000 150017 17.229
190000 95000 150034 34.1072
180000 95000 149975 -25.2359
185000 95000 150017 17.229
180000 100000 149957 -42.619
185000 100000 150002 1.81163
185000 95000 150017 17.229
190000 95000 150034 34.1072
185000 100000 150002 1.81163
190000 100000 150029 29.0626
190000 90000 150035 34.825
195000 90000 150030 29.8625
190000 95000 150034 34.1072
195000 95000 150031 31.2425
195000 90000 150030 29.8625
200000 90000 150028 27.6446
195000 95000 150031 31.2425
200000 95000 150027 27.0019
190000 95000 150034 34.1072
195000 95000 150031 31.2425
190000 100000 150029 29.0626
195000 100000 150030 30.0465
195000 95000 150031 31.2425
200000 95000 150027 27.0019
195000 100000 150030 30.0465
200000 100000 150026 26.0113
200000 90000 150028 27.6446
205000 90000 150025 25.2658
200000 95000 150027 27.0019
205000 95000 150024 24.4378
205000 90000 150025 25.2658
210000 90000 150020 20.0314
205000 95000 150024 24.4378
210000 95000 150023 22.9461
200000 95000 150027 27.0019
205000 95000 150024 24.4378
200000 100000 150026 26.0113
205000 100000 150024 24.0071
205000 95000 150024 24.4378
210000 95000 150023 22.9461
205000 100000 150024 24.0071
210000 100000 150019 19.4851
210000 90000 150020 20.0314
215000 90000 150015 14.74
210000 95000 150023 22.9461
215000 95000 150017 16.7568
215000 90000 150015 14.74
220000 90000 150010 9.54021
215000 95000 150017 16.7568
220000 95000 150011 10.7661
210000 95000 150023 22.9461
215000 95000 150017 16.7568
210000 100000 150019 19.4851
215000 100000 150019 19.1616
215000 95000 150017 16.7568
220000 95000 150011 10.7661
215000 100000 150019 19.1616
220000 100000 150013 13.3106
220000 90000 150010 9.54021
225000 90000 150007 6.70374
220000 95000 150011 10.7661
225000 95000 150006 6.31034
225000 90000 150007 6.70374
230000 90000 150002 1.92123
225000 95000 150006 6.31034
230000 95000 150000 0.303657
220000 95000 150011 10.7661
225000 95000 150006 6.31034
220000 100000 150013 13.3106
225000 100000 150008 7.9446
225000 95000 150006 6.31034
230000 95000 150000 0.303657
225000 100000 150008 7.9446
230000 100000 150004 3.51444
230000 90000 150002 1.92123
235000 90000 149997 -3.49533
230000 95000 150000 0.303657
235000 95000 149997 -3.23494
235000 90000 149997 -3.49533
240000 90000 149993 -7.08554
235000 95000 149997 -3.23494
240000 95000 149995 -4.58294
230000 95000 150000 0.303657
235000 95000 149997 -3.23494
230000 100000 150004 3.51444
235000 100000 149999 -1.3325
235000 95000 149997 -3.23494
240000 95000 149995 -4.58294
235000 100000 149999 -1.3325
240000 100000 149994 -6.47716
240000 90000 149993 -7.08554
245000 90000 149991 -8.59235
240000 95000 149995 -4.58294
245000 95000 149993 -7.1936
245000 90000 149991 -8.59235
250000 90000 149989 -11.1938
245000 95000 149993 -7.1936
250000 95000 149989 -11.4488
240000 95000 149995 -4.58294
245000 95000 149993 -7.1936
240000 100000 149994 -6.47716
245000 100000 149990 -10.1352
245000 95000 149993 -7.1936
250000 95000 149989 -11.4488
245000 100000 149990 -10.1352
250000 100000 149989 -10.9026
250000 90000 149989 -11.1938
255000 90000 149988 -11.9379
250000 95000 149989 -11.4488
255000 95000 149987 -13.4165
255000 90000 149988 -11.9379
260000 90000 149987 -13.1393
255000 95000 149987 -13.4165
260000 95000 149986 -13.9335
250000 95000 149989 -11.4488
255000 95000 149987 -13.4165
250000 100000 149989 -10.9026
255000 100000 149987 -12.9245
255000 95000 149987 -13.4165
260000 95000 149986 -13.9335
255000 100000 149987 -12.9245
260000 100000 149986 -13.8838
260000 90000 149987 -13.1393
265000 90000 149986 -14.2619
260000 95000 149986 -13.9335
265000 95000 149986 -14.2083
265000 90000 149986 -14.2619
270000 90000 149985 -14.6638
265000 95000 149986 -14.2083
270000 95000 149985 -14.7858
260000 95000 149986 -13.9335
265000 95000 149986 -14.2083
260000 100000 149986 -13.8838
265000 100000 149986 -13.7505
265000 95000 149986 -14.2083
270000 95000 149985 -14.7858
265000 100000 149986 -13.7505
270000 100000 149986 -14.341
270000 90000 149985 -14.6638
275000 90000 149985 -14.814
270000 95000 149985 -14.7858
275000 95000 149985 -14.8264
275000 90000 149985 -14.814
280000 90000 149985 -14.9465
275000 95000 149985 -14.8264
280000 95000 149984 -15.6766
270000 95000 149985 -14.7858
275000 95000 149985 -14.8264
270000 100000 149986 -14.341
275000 100000 149985 -15.0017
275000 95000 149985 -14.8264
280000 95000 149984 -15.6766
275000 100000 149985 -15.0017
280000 100000 149985 -15.3334
280000 90000 149985 -14.9465
285000 90000 149985 -15.1956
280000 95000 149984 -15.6766
285000 95000 149985 -15.3865
285000 90000 149985 -15.1956
290000 90000 149984 -16.2238
285000 95000 149985 -15.3865
290000 95000 149984 -15.9286
280000 95000 149984 -15.6766
285000 95000 149985 -15.3865
280000 100000 149985 -15.3334
285000 100000 149984 -15.6146
285000 95000 149985 -15.3865
290000 95000 149984 -15.9286
285000 100000 149984 -15.6146
290000 100000 149984 -15.9526
290000 90000 149984 -16.2238
295000 90000 149983 -17.037
290000 95000 149984 -15.9286
295000 95000 149984 -16.2707
295000 90000 149983 -17.037
300000 90000 149983 -17.3232
295000 95000 149984 -16.2707
300000 95000 149983 -17.3421
290000 95000 149984 -15.9286
295000 95000 149984 -16.2707
290000 100000 149984 -15.9526
295000 100000 149983 -16.9634
295000 95000 149984 -16.2707
300000 95000 149983 -17.3421
295000 100000 149983 -16.9634
300000 100000 149983 -17.4704
160000 100000 149963 -36.6506
165000 100000 149942 -57.9446
160000 105000 149969 -31.3231
165000 105000 149953 -47.2509
165000 100000 149942 -57.9446
170000 100000 149915 -84.933
165000 105000 149953 -47.2509
170000 105000 149937 -63.3445
160000 105000 149969 -31.3231
165000 105000 149953 -47.2509
160000 110000 149973 -27.481
165000 110000 149956 -44.2355
165000 105000 149953 -47.2509
170000 105000 149937 -63.3445
165000 110000 149956 -44.2355
170000 110000 149950 -49.559
170000 100000 149915 -84.933
175000 100000 149926 -73.8006
170000 105000 149937 -63.3445
175000 105000 149938 -61.5012
175000 100000 149926 -73.8006
180000 100000 149957 -42.619
175000 105000 149938 -61.5012
180000 105000 149957 -43.4307
170000 105000 149937 -63.3445
175000 105000 149938 -61.5012
170000 110000 149950 -49.559
175000 110000 149951 -48.8382
175000 105000 149938 -61.5012
180000 105000 149957 -43.4307
175000 110000 149951 -48.8382
180000 110000 149961 -38.7966
180000 100000 149957 -42.619
185000 100000 150002 1.81163
180000 105000 149957 -43.4307
185000 105000 149990 -10.3478
185000 100000 150002 1.81163
190000 100000 150029 29.0626
185000 105000 149990 -10.3478
190000 105000 150017 17.4062
180000 105000 149957 -43.4307
185000 105000 149990 -10.3478
180000 110000 149961 -38.7966
185000 110000 149983 -16.5003
185000 105000 149990 -10.3478
190000 105000 150017 17.4062
185000 110000 149983 -16.5003
190000 110000 150005 5.33378
190000 100000 150029 29.0626
195000 100000 150030 30.0465
190000 105000 150017 17.4062
195000 105000 150025 25.313
195000 100000 150030 30.0465
200000 100000 150026 26.0113
195000 105000 150025 25.313
200000 105000 150024 23.5279
190000 105000 150017 17.4062
195000 105000 150025 25.313
190000 110000 150005 5.33378
195000 110000 150018 17.69
195000 105000 150025 25.313
200000 105000 150024 23.5279
195000 110000 150018 17.69
200000 110000 150020 20.4758
200000 100000 150026 26.0113
205000 100000 150024 24.0071
200000 105000 150024 23.5279
205000 105000 150022 21.954
205000 100000 150024 24.0071
210000 100000 150019 19.4851
205000 105000 150022 21.954
210000 105000 150019 19.378
200000 105000 150024 23.5279
205000 105000 150022 21.954
200000 110000 150020 20.4758
205000 110000 150021 21.0891
205000 105000 150022 21.954
210000 105000 150019 19.378
205000 110000 150021 21.0891
210000 110000 150018 18.1113
210000 100000 150019 19.4851
215000 100000 150019 19.1616
210000 105000 150019 19.378
215000 105000 150014 13.7296
215000 100000 150019 19.1616
220000 100000 150013 13.3106
215000 105000 150014 13.7296
220000 105000 150013 13.1275
210000 105000 150019 19.378
215000 105000 150014 13.7296
210000 110000 150018 18.1113
215000 110000 150013 13.3979
215000 105000 150014 13.7296
220000 105000 150013 13.1275
215000 110000 150013 13.3979
220000 110000 150007 6.98712
220000 100000 150013 13.3106
225000 100000 150008 7.9446
220000 105000 150013 13.1275
225000 105000 150010 10.01
225000 100000 150008 7.9446
230000 100000 150004 3.51444
225000 105000 150010 10.01
230000 105000 150004 3.55998
220000 105000 150013 13.1275
225000 105000 150010 10.01
220000 110000 150007 6.98712
225000 110000 150006 6.3794
225000 105000 150010 10.01
230000 105000 150004 3.55998
225000 110000 150006 6.3794
230000 110000 150003 3.28469
230000 100000 150004 3.51444
235000 100000 149999 -1.3325
230000 105000 150004 3.55998
235000 105000 149998 -1.79446
235000 100000 149999 -1.3325
240000 100000 149994 -6.47716
235000 105000 149998 -1.79446
240000 105000 149996 -4.09641
230000 105000 150004 3.55998
235000 105000 149998 -1.79446
230000 110000 150003 3.28469
235000 110000 149999 -1.43467
235000 105000 149998 -1.79446
240000 105000 149996 -4.09641
235000 110000 149999 -1.43467
240000 110000 149991 -8.66247
240000 100000 149994 -6.47716
245000 100000 149990 -10.1352
240000 105000 149996 -4.09641
245000 105000 149993 -7.49093
245000 100000 149990 -10.1352
250000 100000 149989 -10.9026
245000 105000 149993 -7.49093
250000 105000 149990 -10.4991
240000 105000 149996 -4.09641
245000 105000 149993 -7.49093
240000 110000 149991 -8.66247
245000 110000 149991 -8.79325
245000 105000 149993 -7.49093
250000 105000 149990 -10.4991
245000 110000 149991 -8.79325
250000 110000 149990 -10.2528
250000 100000 149989 -10.9026
255000 100000 149987 -12.9245
250000 105000 149990 -10.4991
255000 105000 149988 -12.4198
255000 100000 149987 -12.9245
260000 100000 149986 -13.8838
255000 105000 149988 -12.4198
260000 105000 149987 -12.5599
250000 105000 149990 -10.4991
255000 105000 149988 -12.4198
250000 110000 149990 -10.2528
255000 110000 149989 -11.1987
255000 105000 149988 -12.4198
260000 105000 149987 -12.5599
255000 110000 149989 -11.1987
260000 110000 149987 -13.0283
260000 100000 149986 -13.8838
265000 100000 149986 -13.7505
260000 105000 149987 -12.5599
265000 105000 149986 -13.5292
265000 100000 149986 -13.7505
270000 100000 149986 -14.341
265000 105000 149986 -13.5292
270000 105000 149985 -14.9598
260000 105000 149987 -12.5599
265000 105000 149986 -13.5292
260000 110000 149987 -13.0283
265000 110000 149986 -13.8694
265000 105000 149986 -13.5292
270000 105000 149985 -14.9598
265000 110000 149986 -13.8694
270000 110000 149985 -15.1831
270000 100000 149986 -14.341
275000 100000 149985 -15.0017
270000 105000 149985 -14.9598
275000 105000 149985 -14.8088
275000 100000 149985 -15.0017
280000 100000 149985 -15.3334
275000 105000 149985 -14.8088
280000 105000 149985 -15.4055
270000 105000 149985 -14.9598
275000 105000 149985 -14.8088
270000 110000 149985 -15.1831
275000 110000 149985 -15.375
275000 105000 149985 -14.8088
280000 105000 149985 -15.4055
275000 110000 149985 -15.375
280000 110000 149984 -15.5003
280000 100000 149985 -15.3334
285000 100000 149984 -15.6146
280000 105000 149985 -15.4055
285000 105000 149984 -16.1918
285000 100000 149984 -15.6146
290000 100000 149984 -15.9526
285000 105000 149984 -16.1918
290000 105000 149984 -16.4736
280000 105000 149985 -15.4055
285000 105000 149984 -16.1918
280000 110000 149984 -15.5003
285000 110000 149984 -15.7503
285000 105000 149984 -16.1918
290000 105000 149984 -16.4736
285000 110000 149984 -15.7503
290000 110000 149984 -16.0689
290000 100000 149984 -15.9526
295000 100000 149983 -16.9634
290000 105000 149984 -16.4736
295000 105000 149983 -16.8832
295000 100000 149983 -16.9634
300000 100000 149983 -17.4704
295000 105000 149983 -16.8832
300000 105000 149983 -17.458
290000 105000 149984 -16.4736
295000 105000 149983 -16.8832
290000 110000 149984 -16.0689
295000 110000 149983 -16.8362
295000 105000 149983 -16.8832
300000 105000 149983 -17.458
295000 110000 149983 -16.8362
300000 110000 149983 -17.3612
160000 110000 149973 -27.481
165000 110000 149956 -44.2355
160000 115000 149963 -37.2496
165000 115000 149958 -41.993
165000 110000 149956 -44.2355
170000 110000 149950 -49.559
165000 115000 149958 -41.993
170000 115000 149955 -45.0804
160000 115000 149963 -37.2496
165000 115000 149958 -41.993
160000 120000 149976 -23.8631
165000 120000 149965 -35.1482
165000 115000 149958 -41.993
170000 115000 149955 -45.0804
165000 120000 149965 -35.1482
170000 120000 149958 -41.9681
170000 110000 149950 -49.559
175000 110000 149951 -48.8382
170000 115000 149955 -45.0804
175000 115000 149957 -43.1783
175000 110000 149951 -48.8382
180000 110000 149961 -38.7966
175000 115000 149957 -43.1783
180000 115000 149962 -38.094
170000 115000 149955 -45.0804
175000 115000 149957 -43.1783
170000 120000 149958 -41.9681
175000 120000 149960 -40.0994
175000 115000 149957 -43.1783
180000 115000 149962 -38.094
175000 120000 149960 -40.0994
180000 120000 149968 -32.3805
180000 110000 149961 -38.7966
185000 110000 149983 -16.5003
180000 115000 149962 -38.094
185000 115000 149976 -23.5314
185000 110000 149983 -16.5003
190000 110000 150005 5.33378
185000 115000 149976 -23.5314
190000 115000 149997 -3.45892
180000 115000 149962 -38.094
185000 115000 149976 -23.5314
180000 120000 149968 -32.3805
185000 120000 149980 -20.0115
185000 115000 149976 -23.5314
190000 115000 149997 -3.45892
185000 120000 149980 -20.0115
190000 120000 149995 -4.52427
190000 110000 150005 5.33378
195000 110000 150018 17.69
190000 115000 149997 -3.45892
195000 115000 150008 7.58492
195000 110000 150018 17.69
200000 110000 150020 20.4758
195000 115000 150008 7.58492
200000 115000 150019 18.5666
190000 115000 149997 -3.45892
195000 115000 150008 7.58492
190000 120000 149995 -4.52427
195000 120000 150012 11.8239
195000 115000 150008 7.58492
200000 115000 150019 18.5666
195000 120000 150012 11.8239
200000 120000 150020 19.942
200000 110000 150020 20.4758
205000 110000 150021 21.0891
200000 115000 150019 18.5666
205000 115000 150022 21.8762
205000 110000 150021 21.0891
210000 110000 150018 18.1113
205000 115000 150022 21.8762
210000 115000 150021 21.0852
200000 115000 150019 18.5666
205000 115000 150022 21.8762
200000 120000 150020 19.942
205000 120000 150022 22.2213
205000 115000 150022 21.8762
210000 115000 150021 21.0852
205000 120000 150022 22.2213
210000 120000 150021 21.0002
210000 110000 150018 18.1113
215000 110000 150013 13.3979
210000 115000 150021 21.0852
215000 115000 150016 15.5472
215000 110000 150013 13.3979
220000 110000 150007 6.98712
215000 115000 150016 15.5472
220000 115000 150012 11.5759
210000 115000 150021 21.0852
215000 115000 150016 15.5472
210000 120000 150021 21.0002
215000 120000 150018 17.8636
215000 115000 150016 15.5472
220000 115000 150012 11.5759
215000 120000 150018 17.8636
220000 120000 150014 13.6064
220000 110000 150007 6.98712
225000 110000 150006 6.3794
220000 115000 150012 11.5759
225000 115000 150005 5.44481
225000 110000 150006 6.3794
230000 110000 150003 3.28469
225000 115000 150005 5.44481
230000 115000 149998 -2.21515
220000 115000 150012 11.5759
225000 115000 150005 5.44481
220000 120000 150014 13.6064
225000 120000 150009 9.04189
225000 115000 150005 5.44481
230000 115000 149998 -2.21515
225000 120000 150009 9.04189
230000 120000 150003 3.06858
230000 110000 150003 3.28469
235000 110000 149999 -1.43467
230000 115000 149998 -2.21515
235000 115000 149995 -5.07701
235000 110000 149999 -1.43467
240000 110000 149991 -8.66247
235000 115000 149995 -5.07701
240000 115000 149997 -3.20391
230000 115000 149998 -2.21515
235000 115000 149995 -5.07701
230000 120000 150003 3.06858
235000 120000 150000 0.169596
235000 115000 149995 -5.07701
240000 115000 149997 -3.20391
235000 120000 150000 0.169596
240000 120000 149998 -2.31122
240000 110000 149991 -8.66247
245000 110000 149991 -8.79325
240000 115000 149997 -3.20391
245000 115000 149994 -6.08293
245000 110000 149991 -8.79325
250000 110000 149990 -10.2528
245000 115000 149994 -6.08293
250000 115000 149992 -8.43893
240000 115000 149997 -3.20391
245000 115000 149994 -6.08293
240000 120000 149998 -2.31122
245000 120000 149994 -5.73366
245000 115000 149994 -6.08293
250000 115000 149992 -8.43893
245000 120000 149994 -5.73366
250000 120000 149991 -8.50634
250000 110000 149990 -10.2528
255000 110000 149989 -11.1987
250000 115000 149992 -8.43893
255000 115000 149989 -11.1826
255000 110000 149989 -11.1987
260000 110000 149987 -13.0283
255000 115000 149989 -11.1826
260000 115000 149987 -13.4515
250000 115000 149992 -8.43893
255000 115000 149989 -11.1826
250000 120000 149991 -8.50634
255000 120000 149988 -11.6344
255000 115000 149989 -11.1826
260000 115000 149987 -13.4515
255000 120000 149988 -11.6344
260000 120000 149988 -12.1794
260000 110000 149987 -13.0283
265000 110000 149986 -13.8694
260000 115000 149987 -13.4515
265000 115000 149985 -14.7057
265000 110000 149986 -13.8694
270000 110000 149985 -15.1831
265000 115000 149985 -14.7057
270000 115000 149986 -14.1443
260000 115000 149987 -13.4515
265000 115000 149985 -14.7057
260000 120000 149988 -12.1794
265000 120000 149986 -13.6677
265000 115000 149985 -14.7057
270000 115000 149986 -14.1443
265000 120000 149986 -13.6677
270000 120000 149986 -14.4458
270000 110000 149985 -15.1831
275000 110000 149985 -15.375
270000 115000 149986 -14.1443
275000 115000 149985 -14.8113
275000 110000 149985 -15.375
280000 110000 149984 -15.5003
275000 115000 149985 -14.8113
280000 115000 149985 -15.3689
270000 115000 149986 -14.1443
275000 115000 149985 -14.8113
270000 120000 149986 -14.4458
275000 120000 149985 -15.1408
275000 115000 149985 -14.8113
280000 115000 149985 -15.3689
275000 120000 149985 -15.1408
280000 120000 149985 -14.8964
280000 110000 149984 -15.5003
285000 110000 149984 -15.7503
280000 115000 149985 -15.3689
285000 115000 149984 -16.2032
285000 110000 149984 -15.7503
290000 110000 149984 -16.0689
285000 115000 149984 -16.2032
290000 115000 149983 -16.6749
280000 115000 149985 -15.3689
285000 115000 149984 -16.2032
280000 120000 149985 -14.8964
285000 120000 149984 -16.1275
285000 115000 149984 -16.2032
290000 115000 149983 -16.6749
285000 120000 149984 -16.1275
290000 120000 149983 -17.1863
290000 110000 149984 -16.0689
295000 110000 149983 -16.8362
290000 115000 149983 -16.6749
295000 115000 149983 -17.1485
295000 110000 149983 -16.8362
300000 110000 149983 -17.3612
295000 115000 149983 -17.1485
300000 115000 149983 -17.1726
290000 115000 149983 -16.6749
295000 115000 149983 -17.1485
290000 120000 149983 -17.1863
295000 120000 149982 -17.5281
295000 115000 149983 -17.1485
300000 115000 149983 -17.1726
295000 120000 149982 -17.5281
300000 120000 149983 -17.3448
