# x y z topography
0 0 149991 -9.40982
5000 0 149991 -9.05963
0 5000 149990 -9.5448
5000 5000 149991 -8.89941
5000 0 149991 -9.05963
10000 0 149992 -8.47641
5000 5000 149991 -8.89941
10000 5000 149991 -8.58795
0 5000 149990 -9.5448
5000 5000 149991 -8.89941
0 10000 149991 -8.9972
5000 10000 149991 -8.57592
5000 5000 149991 -8.89941
10000 5000 149991 -8.58795
5000 10000 149991 -8.57592
10000 10000 149992 -8.36515
10000 0 149992 -8.47641
15000 0 149991 -8.58273
10000 5000 149991 -8.58795
15000 5000 149992 -7.90212
15000 0 149991 -8.58273
20000 0 149992 -8.32228
15000 5000 149992 -7.90212
20000 5000 149991 -8.68917
10000 5000 149991 -8.58795
15000 5000 149992 -7.90212
10000 10000 149992 -8.36515
15000 10000 149991 -8.58334
15000 5000 149992 -7.90212
20000 5000 149991 -8.68917
15000 10000 149991 -8.58334
20000 10000 149992 -8.31155
20000 0 149992 -8.32228
25000 0 149992 -8.27316
20000 5000 149991 -8.68917
25000 5000 149991 -8.63837
25000 0 149992 -8.27316
30000 0 149992 -8.46666
25000 5000 149991 -8.63837
30000 5000 149992 -8.43201
20000 5000 149991 -8.68917
25000 5000 149991 -8.63837
20000 10000 149992 -8.31155
25000 10000 149991 -8.63655
25000 5000 149991 -8.63837
30000 5000 149992 -8.43201
25000 10000 149991 -8.63655
30000 10000 149992 -8.08952
30000 0 149992 -8.46666
35000 0 149993 -7.26993
30000 5000 149992 -8.43201
35000 5000 149992 -8.2093
35000 0 149993 -7.26993
40000 0 149992 -7.65725
35000 5000 149992 -8.2093
40000 5000 149992 -7.93542
30000 5000 149992 -8.43201
35000 5000 149992 -8.2093
30000 10000 149992 -8.08952
35000 10000 149992 -8.19315
35000 5000 149992 -8.2093
40000 5000 149992 -7.93542
35000 10000 149992 -8.19315
40000 10000 149992 -7.93197
40000 0 149992 -7.65725
45000 0 149993 -7.09194
40000 5000 149992 -7.93542
45000 5000 149993 -7.43174
45000 0 149993 -7.09194
50000 0 149995 -4.83963
45000 5000 149993 -7.43174
50000 5000 149994 -5.51883
40000 5000 149992 -7.93542
45000 5000 149993 -7.43174
40000 10000 149992 -7.93197
45000 10000 149992 -7.61018
45000 5000 149993 -7.43174
50000 5000 149994 -5.51883
45000 10000 149992 -7.61018
50000 10000 149993 -7.20273
50000 0 149995 -4.83963
55000 0 149998 -2.03854
50000 5000 149994 -5.51883
55000 5000 149996 -4.02899
55000 0 149998 -2.03854
60000 0 150002 1.54356
55000 5000 149996 -4.02899
60000 5000 149999 -0.624526
50000 5000 149994 -5.51883
55000 5000 149996 -4.02899
50000 10000 149993 -7.20273
55000 10000 149993 -6.51731
55000 5000 149996 -4.02899
60000 5000 149999 -0.624526
55000 10000 149993 -6.51731
60000 10000 149996 -4.40278
60000 0 150002 1.54356
65000 0 150004 4.01929
60000 5000 149999 -0.624526
65000 5000 150005 4.73928
65000 0 150004 4.01929
70000 0 150008 7.86508
65000 5000 150005 4.73928
70000 5000 150008 7.90731
60000 5000 149999 -0.624526
65000 5000 150005 4.73928
60000 10000 149996 -4.40278
65000 10000 149999 -1.46417
65000 5000 150005 4.73928
70000 5000 150008 7.90731
65000 10000 149999 -1.46417
70000 10000 150003 2.71594
70000 0 150008 7.86508
75000 0 150011 10.9023
70000 5000 150008 7.90731
75000 5000 150011 10.9154
75000 0 150011 10.9023
80000 0 150016 16.2808
75000 5000 150011 10.9154
80000 5000 150015 15.4242
70000 5000 150008 7.90731
75000 5000 150011 10.9154
70000 10000 150003 2.71594
75000 10000 150010 10.2263
75000 5000 150011 10.9154
80000 5000 150015 15.4242
75000 10000 150010 10.2263
80000 10000 150013 13.406
0 10000 149991 -8.9972
5000 10000 149991 -8.57592
0 15000 149991 -9.15676
5000 15000 149991 -8.61968
5000 10000 149991 -8.57592
10000 10000 149992 -8.36515
5000 15000 149991 -8.61968
10000 15000 149991 -8.51867
0 15000 149991 -9.15676
5000 15000 149991 -8.61968
0 20000 149991 -8.8688
5000 20000 149991 -8.73294
5000 15000 149991 -8.61968
10000 15000 149991 -8.51867
5000 20000 149991 -8.73294
10000 20000 149991 -8.8485
10000 10000 149992 -8.36515
15000 10000 149991 -8.58334
10000 15000 149991 -8.51867
15000 15000 149991 -8.74024
15000 10000 149991 -8.58334
20000 10000 149992 -8.31155
15000 15000 149991 -8.74024
20000 15000 149991 -8.5573
10000 15000 149991 -8.51867
15000 15000 149991 -8.74024
10000 20000 149991 -8.8485
15000 20000 149991 -8.74987
15000 15000 149991 -8.74024
20000 15000 149991 -8.5573
15000 20000 149991 -8.74987
20000 20000 149992 -8.26743
20000 10000 149992 -8.31155
25000 10000 149991 -8.63655
20000 15000 149991 -8.5573
25000 15000 149991 -8.96394
25000 10000 149991 -8.63655
30000 10000 149992 -8.08952
25000 15000 149991 -8.96394
30000 15000 149991 -8.73203
20000 15000 149991 -8.5573
25000 15000 149991 -8.96394
20000 20000 149992 -8.26743
25000 20000 149991 -8.96718
25000 15000 149991 -8.96394
30000 15000 149991 -8.73203
25000 20000 149991 -8.96718
30000 20000 149991 -8.81987
30000 10000 149992 -8.08952
35000 10000 149992 -8.19315
30000 15000 149991 -8.73203
35000 15000 149993 -7.22962
35000 10000 149992 -8.19315
40000 10000 149992 -7.93197
35000 15000 149993 -7.22962
40000 15000 149992 -7.87648
30000 15000 149991 -8.73203
35000 15000 149993 -7.22962
30000 20000 149991 -8.81987
35000 20000 149992 -7.81028
35000 15000 149993 -7.22962
40000 15000 149992 -7.87648
35000 20000 149992 -7.81028
40000 20000 149993 -6.86983
40000 10000 149992 -7.93197
45000 10000 149992 -7.61018
40000 15000 149992 -7.87648
45000 15000 149993 -7.25592
45000 10000 149992 -7.61018
50000 10000 149993 -7.20273
45000 15000 149993 -7.25592
50000 15000 149995 -5.25806
40000 15000 149992 -7.87648
45000 15000 149993 -7.25592
40000 20000 149993 -6.86983
45000 20000 149992 -7.55006
45000 15000 149993 -7.25592
50000 15000 149995 -5.25806
45000 20000 149992 -7.55006
50000 20000 149993 -7.00865
50000 10000 149993 -7.20273
55000 10000 149993 -6.51731
50000 15000 149995 -5.25806
55000 15000 149996 -3.6927
55000 10000 149993 -6.51731
60000 10000 149996 -4.40278
55000 15000 149996 -3.6927
60000 15000 150000 -0.388357
50000 15000 149995 -5.25806
55000 15000 149996 -3.6927
50000 20000 149993 -7.00865
55000 20000 149994 -6.12402
55000 15000 149996 -3.6927
60000 15000 150000 -0.388357
55000 20000 149994 -6.12402
60000 20000 149996 -3.53241
60000 10000 149996 -4.40278
65000 10000 149999 -1.46417
60000 15000 150000 -0.388357
65000 15000 150002 2.36043
65000 10000 149999 -1.46417
70000 10000 150003 2.71594
65000 15000 150002 2.36043
70000 15000 150003 2.72738
60000 15000 150000 -0.388357
65000 15000 150002 2.36043
60000 20000 149996 -3.53241
65000 20000 150002 2.4846
65000 15000 150002 2.36043
70000 15000 150003 2.72738
65000 20000 150002 2.4846
70000 20000 150007 6.85061
70000 10000 150003 2.71594
75000 10000 150010 10.2263
70000 15000 150003 2.72738
75000 15000 150010 10.2009
75000 10000 150010 10.2263
80000 10000 150013 13.406
75000 15000 150010 10.2009
80000 15000 150013 13.1322
70000 15000 150003 2.72738
75000 15000 150010 10.2009
70000 20000 150007 6.85061
75000 20000 150011 10.77
75000 15000 150010 10.2009
80000 15000 150013 13.1322
75000 20000 150011 10.77
80000 20000 150015 15.4447
0 20000 149991 -8.8688
5000 20000 149991 -8.73294
0 25000 149991 -9.24118
5000 25000 149991 -8.83021
5000 20000 149991 -8.73294
10000 20000 149991 -8.8485
5000 25000 149991 -8.83021
10000 25000 149992 -8.41955
0 25000 149991 -9.24118
5000 25000 149991 -8.83021
0 30000 149991 -8.94832
5000 30000 149991 -8.87478
5000 25000 149991 -8.83021
10000 25000 149992 -8.41955
5000 30000 149991 -8.87478
10000 30000 149991 -8.85176
10000 20000 149991 -8.8485
15000 20000 149991 -8.74987
10000 25000 149992 -8.41955
15000 25000 149992 -8.4115
15000 20000 149991 -8.74987
20000 20000 149992 -8.26743
15000 25000 149992 -8.4115
20000 25000 149991 -9.01829
10000 25000 149992 -8.41955
15000 25000 149992 -8.4115
10000 30000 149991 -8.85176
15000 30000 149991 -9.05662
15000 25000 149992 -8.4115
20000 25000 149991 -9.01829
15000 30000 149991 -9.05662
20000 30000 149992 -8.48139
20000 20000 149992 -8.26743
25000 20000 149991 -8.96718
20000 25000 149991 -9.01829
25000 25000 149991 -8.97275
25000 20000 149991 -8.96718
30000 20000 149991 -8.81987
25000 25000 149991 -8.97275
30000 25000 149991 -8.67019
20000 25000 149991 -9.01829
25000 25000 149991 -8.97275
20000 30000 149992 -8.48139
25000 30000 149991 -8.53886
25000 25000 149991 -8.97275
30000 25000 149991 -8.67019
25000 30000 149991 -8.53886
30000 30000 149991 -8.91364
30000 20000 149991 -8.81987
35000 20000 149992 -7.81028
30000 25000 149991 -8.67019
35000 25000 149992 -8.00295
35000 20000 149992 -7.81028
40000 20000 149993 -6.86983
35000 25000 149992 -8.00295
40000 25000 149993 -6.70078
30000 25000 149991 -8.67019
35000 25000 149992 -8.00295
30000 30000 149991 -8.91364
35000 30000 149992 -8.47453
35000 25000 149992 -8.00295
40000 25000 149993 -6.70078
35000 30000 149992 -8.47453
40000 30000 149993 -6.82446
40000 20000 149993 -6.86983
45000 20000 149992 -7.55006
40000 25000 149993 -6.70078
45000 25000 149994 -5.78563
45000 20000 149992 -7.55006
50000 20000 149993 -7.00865
45000 25000 149994 -5.78563
50000 25000 149995 -4.81934
40000 25000 149993 -6.70078
45000 25000 149994 -5.78563
40000 30000 149993 -6.82446
45000 30000 149994 -6.44969
45000 25000 149994 -5.78563
50000 25000 149995 -4.81934
45000 30000 149994 -6.44969
50000 30000 149995 -4.8539
50000 20000 149993 -7.00865
55000 20000 149994 -6.12402
50000 25000 149995 -4.81934
55000 25000 149997 -3.46197
55000 20000 149994 -6.12402
60000 20000 149996 -3.53241
55000 25000 149997 -3.46197
60000 25000 149999 -1.34732
50000 25000 149995 -4.81934
55000 25000 149997 -3.46197
50000 30000 149995 -4.8539
55000 30000 149996 -3.56458
55000 25000 149997 -3.46197
60000 25000 149999 -1.34732
55000 30000 149996 -3.56458
60000 30000 149998 -1.56202
60000 20000 149996 -3.53241
65000 20000 150002 2.4846
60000 25000 149999 -1.34732
65000 25000 150002 1.537
65000 20000 150002 2.4846
70000 20000 150007 6.85061
65000 25000 150002 1.537
70000 25000 150003 3.17789
60000 25000 149999 -1.34732
65000 25000 150002 1.537
60000 30000 149998 -1.56202
65000 30000 150000 -0.219775
65000 25000 150002 1.537
70000 25000 150003 3.17789
65000 30000 150000 -0.219775
70000 30000 150004 3.67507
70000 20000 150007 6.85061
75000 20000 150011 10.77
70000 25000 150003 3.17789
75000 25000 150009 8.578
75000 20000 150011 10.77
80000 20000 150015 15.4447
75000 25000 150009 8.578
80000 25000 150014 14.2899
70000 25000 150003 3.17789
75000 25000 150009 8.578
70000 30000 150004 3.67507
75000 30000 150008 8.0324
75000 25000 150009 8.578
80000 25000 150014 14.2899
75000 30000 150008 8.0324
80000 30000 150012 11.8552
0 30000 149991 -8.94832
5000 30000 149991 -8.87478
0 35000 149991 -8.81375
5000 35000 149991 -8.92971
5000 30000 149991 -8.87478
10000 30000 149991 -8.85176
5000 35000 149991 -8.92971
10000 35000 149991 -9.19727
0 35000 149991 -8.81375
5000 35000 149991 -8.92971
0 40000 149991 -8.95298
5000 40000 149991 -9.43666
5000 35000 149991 -8.92971
10000 35000 149991 -9.19727
5000 40000 149991 -9.43666
10000 40000 149991 -9.02088
10000 30000 149991 -8.85176
15000 30000 149991 -9.05662
10000 35000 149991 -9.19727
15000 35000 149991 -9.13345
15000 30000 149991 -9.05662
20000 30000 149992 -8.48139
15000 35000 149991 -9.13345
20000 35000 149991 -8.98084
10000 35000 149991 -9.19727
15000 35000 149991 -9.13345
10000 40000 149991 -9.02088
15000 40000 149991 -9.18251
15000 35000 149991 -9.13345
20000 35000 149991 -8.98084
15000 40000 149991 -9.18251
20000 40000 149991 -8.69205
20000 30000 149992 -8.48139
25000 30000 149991 -8.53886
20000 35000 149991 -8.98084
25000 35000 149991 -8.65633
25000 30000 149991 -8.53886
30000 30000 149991 -8.91364
25000 35000 149991 -8.65633
30000 35000 149991 -8.92214
20000 35000 149991 -8.98084
25000 35000 149991 -8.65633
20000 40000 149991 -8.69205
25000 40000 149991 -9.11201
25000 35000 149991 -8.65633
30000 35000 149991 -8.92214
25000 40000 149991 -9.11201
30000 40000 149991 -8.97
30000 30000 149991 -8.91364
35000 30000 149992 -8.47453
30000 35000 149991 -8.92214
35000 35000 149991 -8.76664
35000 30000 149992 -8.47453
40000 30000 149993 -6.82446
35000 35000 149991 -8.76664
40000 35000 149992 -7.65316
30000 35000 149991 -8.92214
35000 35000 149991 -8.76664
30000 40000 149991 -8.97
35000 40000 149991 -8.80295
35000 35000 149991 -8.76664
40000 35000 149992 -7.65316
35000 40000 149991 -8.80295
40000 40000 149992 -7.71016
40000 30000 149993 -6.82446
45000 30000 149994 -6.44969
40000 35000 149992 -7.65316
45000 35000 149994 -6.49206
45000 30000 149994 -6.44969
50000 30000 149995 -4.8539
45000 35000 149994 -6.49206
50000 35000 149994 -6.2354
40000 35000 149992 -7.65316
45000 35000 149994 -6.49206
40000 40000 149992 -7.71016
45000 40000 149993 -7.24135
45000 35000 149994 -6.49206
50000 35000 149994 -6.2354
45000 40000 149993 -7.24135
50000 40000 149994 -6.34045
50000 30000 149995 -4.8539
55000 30000 149996 -3.56458
50000 35000 149994 -6.2354
55000 35000 149996 -4.4533
55000 30000 149996 -3.56458
60000 30000 149998 -1.56202
55000 35000 149996 -4.4533
60000 35000 149998 -2.1605
50000 35000 149994 -6.2354
55000 35000 149996 -4.4533
50000 40000 149994 -6.34045
55000 40000 149995 -5.20873
55000 35000 149996 -4.4533
60000 35000 149998 -2.1605
55000 40000 149995 -5.20873
60000 40000 149997 -2.89785
60000 30000 149998 -1.56202
65000 30000 150000 -0.219775
60000 35000 149998 -2.1605
65000 35000 150002 1.53951
65000 30000 150000 -0.219775
70000 30000 150004 3.67507
65000 35000 150002 1.53951
70000 35000 150002 2.41606
60000 35000 149998 -2.1605
65000 35000 150002 1.53951
60000 40000 149997 -2.89785
65000 40000 150000 -0.153748
65000 35000 150002 1.53951
70000 35000 150002 2.41606
65000 40000 150000 -0.153748
70000 40000 150002 2.36658
70000 30000 150004 3.67507
75000 30000 150008 8.0324
70000 35000 150002 2.41606
75000 35000 150007 7.00339
75000 30000 150008 8.0324
80000 30000 150012 11.8552
75000 35000 150007 7.00339
80000 35000 150013 12.8089
70000 35000 150002 2.41606
75000 35000 150007 7.00339
70000 40000 150002 2.36658
75000 40000 150008 7.75556
75000 35000 150007 7.00339
80000 35000 150013 12.8089
75000 40000 150008 7.75556
80000 40000 150008 8.15942
0 40000 149991 -8.95298
5000 40000 149991 -9.43666
0 45000 149990 -9.71221
5000 45000 149991 -9.03101
5000 40000 149991 -9.43666
10000 40000 149991 -9.02088
5000 45000 149991 -9.03101
10000 45000 149991 -9.07192
0 45000 149990 -9.71221
5000 45000 149991 -9.03101
0 50000 149990 -9.74845
5000 50000 149991 -9.48981
5000 45000 149991 -9.03101
10000 45000 149991 -9.07192
5000 50000 149991 -9.48981
10000 50000 149990 -9.67048
10000 40000 149991 -9.02088
15000 40000 149991 -9.18251
10000 45000 149991 -9.07192
15000 45000 149991 -9.23537
15000 40000 149991 -9.18251
20000 40000 149991 -8.69205
15000 45000 149991 -9.23537
20000 45000 149991 -9.27606
10000 45000 149991 -9.07192
15000 45000 149991 -9.23537
10000 50000 149990 -9.67048
15000 50000 149991 -9.1314
15000 45000 149991 -9.23537
20000 45000 149991 -9.27606
15000 50000 149991 -9.1314
20000 50000 149991 -9.37417
20000 40000 149991 -8.69205
25000 40000 149991 -9.11201
20000 45000 149991 -9.27606
25000 45000 149991 -8.74647
25000 40000 149991 -9.11201
30000 40000 149991 -8.97
25000 45000 149991 -8.74647
30000 45000 149991 -8.97834
20000 45000 149991 -9.27606
25000 45000 149991 -8.74647
20000 50000 149991 -9.37417
25000 50000 149991 -9.06373
25000 45000 149991 -8.74647
30000 45000 149991 -8.97834
25000 50000 149991 -9.06373
30000 50000 149991 -8.77236
30000 40000 149991 -8.97
35000 40000 149991 -8.80295
30000 45000 149991 -8.97834
35000 45000 149991 -8.80458
35000 40000 149991 -8.80295
40000 40000 149992 -7.71016
35000 45000 149991 -8.80458
40000 45000 149991 -8.54061
30000 45000 149991 -8.97834
35000 45000 149991 -8.80458
30000 50000 149991 -8.77236
35000 50000 149992 -8.391
35000 45000 149991 -8.80458
40000 45000 149991 -8.54061
35000 50000 149992 -8.391
40000 50000 149992 -8.0012
40000 40000 149992 -7.71016
45000 40000 149993 -7.24135
40000 45000 149991 -8.54061
45000 45000 149993 -7.31574
45000 40000 149993 -7.24135
50000 40000 149994 -6.34045
45000 45000 149993 -7.31574
50000 45000 149993 -6.88491
40000 45000 149991 -8.54061
45000 45000 149993 -7.31574
40000 50000 149992 -8.0012
45000 50000 149994 -6.17538
45000 45000 149993 -7.31574
50000 45000 149993 -6.88491
45000 50000 149994 -6.17538
50000 50000 149994 -6.03685
50000 40000 149994 -6.34045
55000 40000 149995 -5.20873
50000 45000 149993 -6.88491
55000 45000 149996 -4.20902
55000 40000 149995 -5.20873
60000 40000 149997 -2.89785
55000 45000 149996 -4.20902
60000 45000 149996 -4.11683
50000 45000 149993 -6.88491
55000 45000 149996 -4.20902
50000 50000 149994 -6.03685
55000 50000 149995 -4.77983
55000 45000 149996 -4.20902
60000 45000 149996 -4.11683
55000 50000 149995 -4.77983
60000 50000 149997 -2.60176
60000 40000 149997 -2.89785
65000 40000 150000 -0.153748
60000 45000 149996 -4.11683
65000 45000 150000 -0.263452
65000 40000 150000 -0.153748
70000 40000 150002 2.36658
65000 45000 150000 -0.263452
70000 45000 150004 3.62064
60000 45000 149996 -4.11683
65000 45000 150000 -0.263452
60000 50000 149997 -2.60176
65000 50000 150000 0.229488
65000 45000 150000 -0.263452
70000 45000 150004 3.62064
65000 50000 150000 0.229488
70000 50000 150002 2.47392
70000 40000 150002 2.36658
75000 40000 150008 7.75556
70000 45000 150004 3.62064
75000 45000 150006 6.07739
75000 40000 150008 7.75556
80000 40000 150008 8.15942
75000 45000 150006 6.07739
80000 45000 150010 9.96405
70000 45000 150004 3.62064
75000 45000 150006 6.07739
70000 50000 150002 2.47392
75000 50000 150005 4.57622
75000 45000 150006 6.07739
80000 45000 150010 9.96405
75000 50000 150005 4.57622
80000 50000 150009 9.08294
0 50000 149990 -9.74845
5000 50000 149991 -9.48981
0 55000 149990 -9.56023
5000 55000 149990 -9.5165
5000 50000 149991 -9.48981
10000 50000 149990 -9.67048
5000 55000 149990 -9.5165
10000 55000 149990 -9.68473
0 55000 149990 -9.56023
5000 55000 149990 -9.5165
0 60000 149991 -9.36979
5000 60000 149992 -8.35026
5000 55000 149990 -9.5165
10000 55000 149990 -9.68473
5000 60000 149992 -8.35026
10000 60000 149992 -8.45075
10000 50000 149990 -9.67048
15000 50000 149991 -9.1314
10000 55000 149990 -9.68473
15000 55000 149990 -9.67066
15000 50000 149991 -9.1314
20000 50000 149991 -9.37417
15000 55000 149990 -9.67066
20000 55000 149990 -9.62762
10000 55000 149990 -9.68473
15000 55000 149990 -9.67066
10000 60000 149992 -8.45075
15000 60000 149991 -9.37641
15000 55000 149990 -9.67066
20000 55000 149990 -9.62762
15000 60000 149991 -9.37641
20000 60000 149991 -9.28391
20000 50000 149991 -9.37417
25000 50000 149991 -9.06373
20000 55000 149990 -9.62762
25000 55000 149990 -9.53215
25000 50000 149991 -9.06373
30000 50000 149991 -8.77236
25000 55000 149990 -9.53215
30000 55000 149991 -9.09881
20000 55000 149990 -9.62762
25000 55000 149990 -9.53215
20000 60000 149991 -9.28391
25000 60000 149990 -9.83269
25000 55000 149990 -9.53215
30000 55000 149991 -9.09881
25000 60000 149990 -9.83269
30000 60000 149990 -9.68827
30000 50000 149991 -8.77236
35000 50000 149992 -8.391
30000 55000 149991 -9.09881
35000 55000 149992 -8.24647
35000 50000 149992 -8.391
40000 50000 149992 -8.0012
35000 55000 149992 -8.24647
40000 55000 149992 -7.521
30000 55000 149991 -9.09881
35000 55000 149992 -8.24647
30000 60000 149990 -9.68827
35000 60000 149991 -9.39558
35000 55000 149992 -8.24647
40000 55000 149992 -7.521
35000 60000 149991 -9.39558
40000 60000 149991 -9.07686
40000 50000 149992 -8.0012
45000 50000 149994 -6.17538
40000 55000 149992 -7.521
45000 55000 149993 -6.9425
45000 50000 149994 -6.17538
50000 50000 149994 -6.03685
45000 55000 149993 -6.9425
50000 55000 149993 -6.61674
40000 55000 149992 -7.521
45000 55000 149993 -6.9425
40000 60000 149991 -9.07686
45000 60000 149992 -7.97929
45000 55000 149993 -6.9425
50000 55000 149993 -6.61674
45000 60000 149992 -7.97929
50000 60000 149992 -8.10986
50000 50000 149994 -6.03685
55000 50000 149995 -4.77983
50000 55000 149993 -6.61674
55000 55000 149995 -5.44938
55000 50000 149995 -4.77983
60000 50000 149997 -2.60176
55000 55000 149995 -5.44938
60000 55000 149997 -2.88499
50000 55000 149993 -6.61674
55000 55000 149995 -5.44938
50000 60000 149992 -8.10986
55000 60000 149994 -5.99937
55000 55000 149995 -5.44938
60000 55000 149997 -2.88499
55000 60000 149994 -5.99937
60000 60000 149995 -5.0663
60000 50000 149997 -2.60176
65000 50000 150000 0.229488
60000 55000 149997 -2.88499
65000 55000 149999 -1.13997
65000 50000 150000 0.229488
70000 50000 150002 2.47392
65000 55000 149999 -1.13997
70000 55000 149998 -1.6094
60000 55000 149997 -2.88499
65000 55000 149999 -1.13997
60000 60000 149995 -5.0663
65000 60000 149995 -4.54423
65000 55000 149999 -1.13997
70000 55000 149998 -1.6094
65000 60000 149995 -4.54423
70000 60000 149999 -0.548067
70000 50000 150002 2.47392
75000 50000 150005 4.57622
70000 55000 149998 -1.6094
75000 55000 150004 4.35558
75000 50000 150005 4.57622
80000 50000 150009 9.08294
75000 55000 150004 4.35558
80000 55000 150005 5.37774
70000 55000 149998 -1.6094
75000 55000 150004 4.35558
70000 60000 149999 -0.548067
75000 60000 150003 3.10803
75000 55000 150004 4.35558
80000 55000 150005 5.37774
75000 60000 150003 3.10803
80000 60000 150007 7.36428
0 60000 149991 -9.36979
5000 60000 149992 -8.35026
0 65000 149991 -9.13275
5000 65000 149991 -8.90466
5000 60000 149992 -8.35026
10000 60000 149992 -8.45075
5000 65000 149991 -8.90466
10000 65000 149991 -9.41464
0 65000 149991 -9.13275
5000 65000 149991 -8.90466
0 70000 149991 -9.25132
5000 70000 149991 -9.0621
5000 65000 149991 -8.90466
10000 65000 149991 -9.41464
5000 70000 149991 -9.0621
10000 70000 149991 -9.44261
10000 60000 149992 -8.45075
15000 60000 149991 -9.37641
10000 65000 149991 -9.41464
15000 65000 149990 -9.58489
15000 60000 149991 -9.37641
20000 60000 149991 -9.28391
15000 65000 149990 -9.58489
20000 65000 149990 -9.82173
10000 65000 149991 -9.41464
15000 65000 149990 -9.58489
10000 70000 149991 -9.44261
15000 70000 149990 -9.84278
15000 65000 149990 -9.58489
20000 65000 149990 -9.82173
15000 70000 149990 -9.84278
20000 70000 149991 -9.3864
20000 60000 149991 -9.28391
25000 60000 149990 -9.83269
20000 65000 149990 -9.82173
25000 65000 149990 -9.88591
25000 60000 149990 -9.83269
30000 60000 149990 -9.68827
25000 65000 149990 -9.88591
30000 65000 149990 -9.73207
20000 65000 149990 -9.82173
25000 65000 149990 -9.88591
20000 70000 149991 -9.3864
25000 70000 149990 -9.88591
25000 65000 149990 -9.88591
30000 65000 149990 -9.73207
25000 70000 149990 -9.88591
30000 70000 149990 -9.77945
30000 60000 149990 -9.68827
35000 60000 149991 -9.39558
30000 65000 149990 -9.73207
35000 65000 149991 -9.4159
35000 60000 149991 -9.39558
40000 60000 149991 -9.07686
35000 65000 149991 -9.4159
40000 65000 149991 -9.06174
30000 65000 149990 -9.73207
35000 65000 149991 -9.4159
30000 70000 149990 -9.77945
35000 70000 149991 -9.43975
35000 65000 149991 -9.4159
40000 65000 149991 -9.06174
35000 70000 149991 -9.43975
40000 70000 149991 -8.67031
40000 60000 149991 -9.07686
45000 60000 149992 -7.97929
40000 65000 149991 -9.06174
45000 65000 149991 -8.77127
45000 60000 149992 -7.97929
50000 60000 149992 -8.10986
45000 65000 149991 -8.77127
50000 65000 149992 -7.66744
40000 65000 149991 -9.06174
45000 65000 149991 -8.77127
40000 70000 149991 -8.67031
45000 70000 149991 -8.50853
45000 65000 149991 -8.77127
50000 65000 149992 -7.66744
45000 70000 149991 -8.50853
50000 70000 149992 -7.61093
50000 60000 149992 -8.10986
55000 60000 149994 -5.99937
50000 65000 149992 -7.66744
55000 65000 149994 -5.92093
55000 60000 149994 -5.99937
60000 60000 149995 -5.0663
55000 65000 149994 -5.92093
60000 65000 149995 -5.01386
50000 65000 149992 -7.66744
55000 65000 149994 -5.92093
50000 70000 149992 -7.61093
55000 70000 149993 -6.87181
55000 65000 149994 -5.92093
60000 65000 149995 -5.01386
55000 70000 149993 -6.87181
60000 70000 149996 -3.69663
60000 60000 149995 -5.0663
65000 60000 149995 -4.54423
60000 65000 149995 -5.01386
65000 65000 149997 -3.30991
65000 60000 149995 -4.54423
70000 60000 149999 -0.548067
65000 65000 149997 -3.30991
70000 65000 149997 -2.60836
60000 65000 149995 -5.01386
65000 65000 149997 -3.30991
60000 70000 149996 -3.69663
65000 70000 149998 -2.1412
65000 65000 149997 -3.30991
70000 65000 149997 -2.60836
65000 70000 149998 -2.1412
70000 70000 149999 -0.504514
70000 60000 149999 -0.548067
75000 60000 150003 3.10803
70000 65000 149997 -2.60836
75000 65000 150002 1.70698
75000 60000 150003 3.10803
80000 60000 150007 7.36428
75000 65000 150002 1.70698
80000 65000 150006 5.64173
70000 65000 149997 -2.60836
75000 65000 150002 1.70698
70000 70000 149999 -0.504514
75000 70000 150003 2.52556
75000 65000 150002 1.70698
80000 65000 150006 5.64173
75000 70000 150003 2.52556
80000 70000 150006 5.68836
0 70000 149991 -9.25132
5000 70000 149991 -9.0621
0 75000 149990 -9.75659
5000 75000 149990 -9.75266
5000 70000 149991 -9.0621
10000 70000 149991 -9.44261
5000 75000 149990 -9.75266
10000 75000 149990 -9.84226
0 75000 149990 -9.75659
5000 75000 149990 -9.75266
0 80000 149991 -9.40182
5000 80000 149990 -9.7069
5000 75000 149990 -9.75266
10000 75000 149990 -9.84226
5000 80000 149990 -9.7069
10000 80000 149990 -10.2547
10000 70000 149991 -9.44261
15000 70000 149990 -9.84278
10000 75000 149990 -9.84226
15000 75000 149990 -10.0558
15000 70000 149990 -9.84278
20000 70000 149991 -9.3864
15000 75000 149990 -10.0558
20000 75000 149990 -10.0333
10000 75000 149990 -9.84226
15000 75000 149990 -10.0558
10000 80000 149990 -10.2547
15000 80000 149990 -10.0509
15000 75000 149990 -10.0558
20000 75000 149990 -10.0333
15000 80000 149990 -10.0509
20000 80000 149990 -9.95905
20000 70000 149991 -9.3864
25000 70000 149990 -9.88591
20000 75000 149990 -10.0333
25000 75000 149990 -9.95718
25000 70000 149990 -9.88591
30000 70000 149990 -9.77945
25000 75000 149990 -9.95718
30000 75000 149990 -9.7303
20000 75000 149990 -10.0333
25000 75000 149990 -9.95718
20000 80000 149990 -9.95905
25000 80000 149990 -9.94867
25000 75000 149990 -9.95718
30000 75000 149990 -9.7303
25000 80000 149990 -9.94867
30000 80000 149990 -9.62406
30000 70000 149990 -9.77945
35000 70000 149991 -9.43975
30000 75000 149990 -9.7303
35000 75000 149991 -9.27443
35000 70000 149991 -9.43975
40000 70000 149991 -8.67031
35000 75000 149991 -9.27443
40000 75000 149991 -9.18532
30000 75000 149990 -9.7303
35000 75000 149991 -9.27443
30000 80000 149990 -9.62406
35000 80000 149990 -9.52977
35000 75000 149991 -9.27443
40000 75000 149991 -9.18532
35000 80000 149990 -9.52977
40000 80000 149991 -8.85942
40000 70000 149991 -8.67031
45000 70000 149991 -8.50853
40000 75000 149991 -9.18532
45000 75000 149991 -8.88165
45000 70000 149991 -8.50853
50000 70000 149992 -7.61093
45000 75000 149991 -8.88165
50000 75000 149991 -8.5302
40000 75000 149991 -9.18532
45000 75000 149991 -8.88165
40000 80000 149991 -8.85942
45000 80000 149991 -8.93641
45000 75000 149991 -8.88165
50000 75000 149991 -8.5302
45000 80000 149991 -8.93641
50000 80000 149991 -8.7639
50000 70000 149992 -7.61093
55000 70000 149993 -6.87181
50000 75000 149991 -8.5302
55000 75000 149993 -7.12239
55000 70000 149993 -6.87181
60000 70000 149996 -3.69663
55000 75000 149993 -7.12239
60000 75000 149995 -5.49268
50000 75000 149991 -8.5302
55000 75000 149993 -7.12239
50000 80000 149991 -8.7639
55000 80000 149993 -7.2615
55000 75000 149993 -7.12239
60000 75000 149995 -5.49268
55000 80000 149993 -7.2615
60000 80000 149993 -6.98783
60000 70000 149996 -3.69663
65000 70000 149998 -2.1412
60000 75000 149995 -5.49268
65000 75000 149996 -4.00344
65000 70000 149998 -2.1412
70000 70000 149999 -0.504514
65000 75000 149996 -4.00344
70000 75000 149999 -1.42208
60000 75000 149995 -5.49268
65000 75000 149996 -4.00344
60000 80000 149993 -6.98783
65000 80000 149993 -6.93238
65000 75000 149996 -4.00344
70000 75000 149999 -1.42208
65000 80000 149993 -6.93238
70000 80000 149996 -4.29206
70000 70000 149999 -0.504514
75000 70000 150003 2.52556
70000 75000 149999 -1.42208
75000 75000 150000 -0.167266
75000 70000 150003 2.52556
80000 70000 150006 5.68836
75000 75000 150000 -0.167266
80000 75000 150002 2.01609
70000 75000 149999 -1.42208
75000 75000 150000 -0.167266
70000 80000 149996 -4.29206
75000 80000 149998 -1.56491
75000 75000 150000 -0.167266
80000 75000 150002 2.01609
75000 80000 149998 -1.56491
80000 80000 150005 5.21803
80000 0 150016 16.2808
85000 0 150019 18.6644
80000 5000 150015 15.4242
85000 5000 150019 18.7357
85000 0 150019 18.6644
90000 0 150020 19.7241
85000 5000 150019 18.7357
90000 5000 150021 20.5189
80000 5000 150015 15.4242
85000 5000 150019 18.7357
80000 10000 150013 13.406
85000 10000 150017 17.1546
85000 5000 150019 18.7357
90000 5000 150021 20.5189
85000 10000 150017 17.1546
90000 10000 150019 19.4025
90000 0 150020 19.7241
95000 0 150019 19.0574
90000 5000 150021 20.5189
95000 5000 150020 19.7797
95000 0 150019 19.0574
100000 0 150016 16.2166
95000 5000 150020 19.7797
100000 5000 150017 16.7981
90000 5000 150021 20.5189
95000 5000 150020 19.7797
90000 10000 150019 19.4025
95000 10000 150020 19.9311
95000 5000 150020 19.7797
100000 5000 150017 16.7981
95000 10000 150020 19.9311
100000 10000 150018 17.6356
100000 0 150016 16.2166
105000 0 150010 9.82472
100000 5000 150017 16.7981
105000 5000 150008 7.81764
105000 0 150010 9.82472
110000 0 149998 -1.81723
105000 5000 150008 7.81764
110000 5000 149993 -6.57672
100000 5000 150017 16.7981
105000 5000 150008 7.81764
100000 10000 150018 17.6356
105000 10000 150014 13.8271
105000 5000 150008 7.81764
110000 5000 149993 -6.57672
105000 10000 150014 13.8271
110000 10000 150005 4.71034
110000 0 149998 -1.81723
115000 0 149982 -18.4983
110000 5000 149993 -6.57672
115000 5000 149976 -24.0558
115000 0 149982 -18.4983
120000 0 149969 -30.9434
115000 5000 149976 -24.0558
120000 5000 149964 -36.005
110000 5000 149993 -6.57672
115000 5000 149976 -24.0558
110000 10000 150005 4.71034
115000 10000 149984 -16.2752
115000 5000 149976 -24.0558
120000 5000 149964 -36.005
115000 10000 149984 -16.2752
120000 10000 149961 -38.9157
120000 0 149969 -30.9434
125000 0 149961 -38.8101
120000 5000 149964 -36.005
125000 5000 149959 -40.5045
125000 0 149961 -38.8101
130000 0 149961 -38.9793
125000 5000 149959 -40.5045
130000 5000 149959 -40.5436
120000 5000 149964 -36.005
125000 5000 149959 -40.5045
120000 10000 149961 -38.9157
125000 10000 149954 -46.3247
125000 5000 149959 -40.5045
130000 5000 149959 -40.5436
125000 10000 149954 -46.3247
130000 10000 149955 -44.9721
130000 0 149961 -38.9793
135000 0 149965 -35.1858
130000 5000 149959 -40.5436
135000 5000 149962 -38.2812
135000 0 149965 -35.1858
140000 0 149969 -31.0594
135000 5000 149962 -38.2812
140000 5000 149976 -23.6473
130000 5000 149959 -40.5436
135000 5000 149962 -38.2812
130000 10000 149955 -44.9721
135000 10000 149962 -38.4497
135000 5000 149962 -38.2812
140000 5000 149976 -23.6473
135000 10000 149962 -38.4497
140000 10000 149975 -24.5052
140000 0 149969 -31.0594
145000 0 149987 -13.0987
140000 5000 149976 -23.6473
145000 5000 149981 -19.2964
145000 0 149987 -13.0987
150000 0 149991 -8.88797
145000 5000 149981 -19.2964
150000 5000 149991 -8.61112
140000 5000 149976 -23.6473
145000 5000 149981 -19.2964
140000 10000 149975 -24.5052
145000 10000 149989 -11.0186
145000 5000 149981 -19.2964
150000 5000 149991 -8.61112
145000 10000 149989 -11.0186
150000 10000 149997 -2.81666
150000 0 149991 -8.88797
155000 0 149999 -1.41614
150000 5000 149991 -8.61112
155000 5000 150001 0.867684
155000 0 149999 -1.41614
160000 0 150006 6.43426
155000 5000 150001 0.867684
160000 5000 150007 7.23867
150000 5000 149991 -8.61112
155000 5000 150001 0.867684
150000 10000 149997 -2.81666
155000 10000 150002 1.61942
155000 5000 150001 0.867684
160000 5000 150007 7.23867
155000 10000 150002 1.61942
160000 10000 150009 9.49775
80000 10000 150013 13.406
85000 10000 150017 17.1546
80000 15000 150013 13.1322
85000 15000 150018 17.8222
85000 10000 150017 17.1546
90000 10000 150019 19.4025
85000 15000 150018 17.8222
90000 15000 150018 17.7865
80000 15000 150013 13.1322
85000 15000 150018 17.8222
80000 20000 150015 15.4447
85000 20000 150020 20.1374
85000 15000 150018 17.8222
90000 15000 150018 17.7865
85000 20000 150020 20.1374
90000 20000 150021 20.8418
90000 10000 150019 19.4025
95000 10000 150020 19.9311
90000 15000 150018 17.7865
95000 15000 150020 20.2719
95000 10000 150020 19.9311
100000 10000 150018 17.6356
95000 15000 150020 20.2719
100000 15000 150021 20.5072
90000 15000 150018 17.7865
95000 15000 150020 20.2719
90000 20000 150021 20.8418
95000 20000 150021 21.113
95000 15000 150020 20.2719
100000 15000 150021 20.5072
95000 20000 150021 21.113
100000 20000 150020 19.9911
100000 10000 150018 17.6356
105000 10000 150014 13.8271
100000 15000 150021 20.5072
105000 15000 150021 21.1423
105000 10000 150014 13.8271
110000 10000 150005 4.71034
105000 15000 150021 21.1423
110000 15000 150014 14.3187
100000 15000 150021 20.5072
105000 15000 150021 21.1423
100000 20000 150020 19.9911
105000 20000 150023 23.2458
105000 15000 150021 21.1423
110000 15000 150014 14.3187
105000 20000 150023 23.2458
110000 20000 150023 22.9543
110000 10000 150005 4.71034
115000 10000 149984 -16.2752
110000 15000 150014 14.3187
115000 15000 149991 -9.17129
115000 10000 149984 -16.2752
120000 10000 149961 -38.9157
115000 15000 149991 -9.17129
120000 15000 149958 -41.782
110000 15000 150014 14.3187
115000 15000 149991 -9.17129
110000 20000 150023 22.9543
115000 20000 149999 -0.864182
115000 15000 149991 -9.17129
120000 15000 149958 -41.782
115000 20000 149999 -0.864182
120000 20000 149959 -40.9153
120000 10000 149961 -38.9157
125000 10000 149954 -46.3247
120000 15000 149958 -41.782
125000 15000 149938 -61.7684
125000 10000 149954 -46.3247
130000 10000 149955 -44.9721
125000 15000 149938 -61.7684
130000 15000 149942 -57.8972
120000 15000 149958 -41.782
125000 15000 149938 -61.7684
120000 20000 149959 -40.9153
125000 20000 149924 -75.6925
125000 15000 149938 -61.7684
130000 15000 149942 -57.8972
125000 20000 149924 -75.6925
130000 20000 149921 -79.0632
130000 10000 149955 -44.9721
135000 10000 149962 -38.4497
130000 15000 149942 -57.8972
135000 15000 149958 -41.6442
135000 10000 149962 -38.4497
140000 10000 149975 -24.5052
135000 15000 149958 -41.6442
140000 15000 149971 -28.5672
130000 15000 149942 -57.8972
135000 15000 149958 -41.6442
130000 20000 149921 -79.0632
135000 20000 149949 -50.8934
135000 15000 149958 -41.6442
140000 15000 149971 -28.5672
135000 20000 149949 -50.8934
140000 20000 149970 -30.2612
140000 10000 149975 -24.5052
145000 10000 149989 -11.0186
140000 15000 149971 -28.5672
145000 15000 149990 -10.3034
145000 10000 149989 -11.0186
150000 10000 149997 -2.81666
145000 15000 149990 -10.3034
150000 15000 149999 -1.46463
140000 15000 149971 -28.5672
145000 15000 149990 -10.3034
140000 20000 149970 -30.2612
145000 20000 149988 -11.7346
145000 15000 149990 -10.3034
150000 15000 149999 -1.46463
145000 20000 149988 -11.7346
150000 20000 149984 -16.1595
150000 10000 149997 -2.81666
155000 10000 150002 1.61942
150000 15000 149999 -1.46463
155000 15000 150005 4.91006
155000 10000 150002 1.61942
160000 10000 150009 9.49775
155000 15000 150005 4.91006
160000 15000 150010 10.3412
150000 15000 149999 -1.46463
155000 15000 150005 4.91006
150000 20000 149984 -16.1595
155000 20000 149999 -1.41265
155000 15000 150005 4.91006
160000 15000 150010 10.3412
155000 20000 149999 -1.41265
160000 20000 150008 8.24095
80000 20000 150015 15.4447
85000 20000 150020 20.1374
80000 25000 150014 14.2899
85000 25000 150020 19.5123
85000 20000 150020 20.1374
90000 20000 150021 20.8418
85000 25000 150020 19.5123
90000 25000 150021 20.752
80000 25000 150014 14.2899
85000 25000 150020 19.5123
80000 30000 150012 11.8552
85000 30000 150017 16.6459
85000 25000 150020 19.5123
90000 25000 150021 20.752
85000 30000 150017 16.6459
90000 30000 150021 21.0675
90000 20000 150021 20.8418
95000 20000 150021 21.113
90000 25000 150021 20.752
95000 25000 150022 22.4963
95000 20000 150021 21.113
100000 20000 150020 19.9911
95000 25000 150022 22.4963
100000 25000 150023 23.147
90000 25000 150021 20.752
95000 25000 150022 22.4963
90000 30000 150021 21.0675
95000 30000 150022 22.3549
95000 25000 150022 22.4963
100000 25000 150023 23.147
95000 30000 150022 22.3549
100000 30000 150024 23.6311
100000 20000 150020 19.9911
105000 20000 150023 23.2458
100000 25000 150023 23.147
105000 25000 150025 25.0766
105000 20000 150023 23.2458
110000 20000 150023 22.9543
105000 25000 150025 25.0766
110000 25000 150027 27.3096
100000 25000 150023 23.147
105000 25000 150025 25.0766
100000 30000 150024 23.6311
105000 30000 150024 23.9241
105000 25000 150025 25.0766
110000 25000 150027 27.3096
105000 30000 150024 23.9241
110000 30000 150026 25.81
110000 20000 150023 22.9543
115000 20000 149999 -0.864182
110000 25000 150027 27.3096
115000 25000 150014 13.9751
115000 20000 149999 -0.864182
120000 20000 149959 -40.9153
115000 25000 150014 13.9751
120000 25000 149974 -26.4655
110000 25000 150027 27.3096
115000 25000 150014 13.9751
110000 30000 150026 25.81
115000 30000 150022 21.5037
115000 25000 150014 13.9751
120000 25000 149974 -26.4655
115000 30000 150022 21.5037
120000 30000 149991 -9.45034
120000 20000 149959 -40.9153
125000 20000 149924 -75.6925
120000 25000 149974 -26.4655
125000 25000 149937 -62.8996
125000 20000 149924 -75.6925
130000 20000 149921 -79.0632
125000 25000 149937 -62.8996
130000 25000 149911 -89.4996
120000 25000 149974 -26.4655
125000 25000 149937 -62.8996
120000 30000 149991 -9.45034
125000 30000 149958 -42.3862
125000 25000 149937 -62.8996
130000 25000 149911 -89.4996
125000 30000 149958 -42.3862
130000 30000 149916 -83.9271
130000 20000 149921 -79.0632
135000 20000 149949 -50.8934
130000 25000 149911 -89.4996
135000 25000 149930 -69.5106
135000 20000 149949 -50.8934
140000 20000 149970 -30.2612
135000 25000 149930 -69.5106
140000 25000 149960 -40.1599
130000 25000 149911 -89.4996
135000 25000 149930 -69.5106
130000 30000 149916 -83.9271
135000 30000 149909 -90.7791
135000 25000 149930 -69.5106
140000 25000 149960 -40.1599
135000 30000 149909 -90.7791
140000 30000 149948 -51.8066
140000 20000 149970 -30.2612
145000 20000 149988 -11.7346
140000 25000 149960 -40.1599
145000 25000 149983 -17.3124
145000 20000 149988 -11.7346
150000 20000 149984 -16.1595
145000 25000 149983 -17.3124
150000 25000 149997 -2.61842
140000 25000 149960 -40.1599
145000 25000 149983 -17.3124
140000 30000 149948 -51.8066
145000 30000 149971 -28.5177
145000 25000 149983 -17.3124
150000 25000 149997 -2.61842
145000 30000 149971 -28.5177
150000 30000 149993 -6.51388
150000 20000 149984 -16.1595
155000 20000 149999 -1.41265
150000 25000 149997 -2.61842
155000 25000 150004 3.97675
155000 20000 149999 -1.41265
160000 20000 150008 8.24095
155000 25000 150004 3.97675
160000 25000 150005 5.38184
150000 25000 149997 -2.61842
155000 25000 150004 3.97675
150000 30000 149993 -6.51388
155000 30000 150005 4.79945
155000 25000 150004 3.97675
160000 25000 150005 5.38184
155000 30000 150005 4.79945
160000 30000 150011 10.5334
80000 30000 150012 11.8552
85000 30000 150017 16.6459
80000 35000 150013 12.8089
85000 35000 150016 15.8855
85000 30000 150017 16.6459
90000 30000 150021 21.0675
85000 35000 150016 15.8855
90000 35000 150017 17.1685
80000 35000 150013 12.8089
85000 35000 150016 15.8855
80000 40000 150008 8.15942
85000 40000 150015 15.4109
85000 35000 150016 15.8855
90000 35000 150017 17.1685
85000 40000 150015 15.4109
90000 40000 150020 20.2454
90000 30000 150021 21.0675
95000 30000 150022 22.3549
90000 35000 150017 17.1685
95000 35000 150022 22.1781
95000 30000 150022 22.3549
100000 30000 150024 23.6311
95000 35000 150022 22.1781
100000 35000 150024 23.9189
90000 35000 150017 17.1685
95000 35000 150022 22.1781
90000 40000 150020 20.2454
95000 40000 150023 22.9434
95000 35000 150022 22.1781
100000 35000 150024 23.9189
95000 40000 150023 22.9434
100000 40000 150025 24.9623
100000 30000 150024 23.6311
105000 30000 150024 23.9241
100000 35000 150024 23.9189
105000 35000 150024 24.3808
105000 30000 150024 23.9241
110000 30000 150026 25.81
105000 35000 150024 24.3808
110000 35000 150026 25.6087
100000 35000 150024 23.9189
105000 35000 150024 24.3808
100000 40000 150025 24.9623
105000 40000 150025 24.5573
105000 35000 150024 24.3808
110000 35000 150026 25.6087
105000 40000 150025 24.5573
110000 40000 150024 23.7242
110000 30000 150026 25.81
115000 30000 150022 21.5037
110000 35000 150026 25.6087
115000 35000 150025 25.3006
115000 30000 150022 21.5037
120000 30000 149991 -9.45034
115000 35000 150025 25.3006
120000 35000 150009 8.5521
110000 35000 150026 25.6087
115000 35000 150025 25.3006
110000 40000 150024 23.7242
115000 40000 150026 25.5028
115000 35000 150025 25.3006
120000 35000 150009 8.5521
115000 40000 150026 25.5028
120000 40000 150019 19.3452
120000 30000 149991 -9.45034
125000 30000 149958 -42.3862
120000 35000 150009 8.5521
125000 35000 149973 -27.0669
125000 30000 149958 -42.3862
130000 30000 149916 -83.9271
125000 35000 149973 -27.0669
130000 35000 149936 -63.7808
120000 35000 150009 8.5521
125000 35000 149973 -27.0669
120000 40000 150019 19.3452
125000 40000 149992 -8.0702
125000 35000 149973 -27.0669
130000 35000 149936 -63.7808
125000 40000 149992 -8.0702
130000 40000 149958 -41.8677
130000 30000 149916 -83.9271
135000 30000 149909 -90.7791
130000 35000 149936 -63.7808
135000 35000 149901 -99.4154
135000 30000 149909 -90.7791
140000 30000 149948 -51.8066
135000 35000 149901 -99.4154
140000 35000 149926 -74.4662
130000 35000 149936 -63.7808
135000 35000 149901 -99.4154
130000 40000 149958 -41.8677
135000 40000 149912 -88.2508
135000 35000 149901 -99.4154
140000 35000 149926 -74.4662
135000 40000 149912 -88.2508
140000 40000 149904 -95.7381
140000 30000 149948 -51.8066
145000 30000 149971 -28.5177
140000 35000 149926 -74.4662
145000 35000 149960 -39.869
145000 30000 149971 -28.5177
150000 30000 149993 -6.51388
145000 35000 149960 -39.869
150000 35000 149979 -21.2714
140000 35000 149926 -74.4662
145000 35000 149960 -39.869
140000 40000 149904 -95.7381
145000 40000 149942 -58.1701
145000 35000 149960 -39.869
150000 35000 149979 -21.2714
145000 40000 149942 -58.1701
150000 40000 149968 -31.7867
150000 30000 149993 -6.51388
155000 30000 150005 4.79945
150000 35000 149979 -21.2714
155000 35000 150003 2.80379
155000 30000 150005 4.79945
160000 30000 150011 10.5334
155000 35000 150003 2.80379
160000 35000 150013 12.9718
150000 35000 149979 -21.2714
155000 35000 150003 2.80379
150000 40000 149968 -31.7867
155000 40000 149998 -1.60458
155000 35000 150003 2.80379
160000 35000 150013 12.9718
155000 40000 149998 -1.60458
160000 40000 149997 -3.192
80000 40000 150008 8.15942
85000 40000 150015 15.4109
80000 45000 150010 9.96405
85000 45000 150015 15.0147
85000 40000 150015 15.4109
90000 40000 150020 20.2454
85000 45000 150015 15.0147
90000 45000 150021 21.0766
80000 45000 150010 9.96405
85000 45000 150015 15.0147
80000 50000 150009 9.08294
85000 50000 150013 12.6578
85000 45000 150015 15.0147
90000 45000 150021 21.0766
85000 50000 150013 12.6578
90000 50000 150017 17.4404
90000 40000 150020 20.2454
95000 40000 150023 22.9434
90000 45000 150021 21.0766
95000 45000 150022 22.279
95000 40000 150023 22.9434
100000 40000 150025 24.9623
95000 45000 150022 22.279
100000 45000 150023 22.9094
90000 45000 150021 21.0766
95000 45000 150022 22.279
90000 50000 150017 17.4404
95000 50000 150023 23.3568
95000 45000 150022 22.279
100000 45000 150023 22.9094
95000 50000 150023 23.3568
100000 50000 150025 24.6741
100000 40000 150025 24.9623
105000 40000 150025 24.5573
100000 45000 150023 22.9094
105000 45000 150024 24.4525
105000 40000 150025 24.5573
110000 40000 150024 23.7242
105000 45000 150024 24.4525
110000 45000 150024 23.7701
100000 45000 150023 22.9094
105000 45000 150024 24.4525
100000 50000 150025 24.6741
105000 50000 150024 24.0508
105000 45000 150024 24.4525
110000 45000 150024 23.7701
105000 50000 150024 24.0508
110000 50000 150025 24.662
110000 40000 150024 23.7242
115000 40000 150026 25.5028
110000 45000 150024 23.7701
115000 45000 150022 22.0697
115000 40000 150026 25.5028
120000 40000 150019 19.3452
115000 45000 150022 22.0697
120000 45000 150021 20.8568
110000 45000 150024 23.7701
115000 45000 150022 22.0697
110000 50000 150025 24.662
115000 50000 150023 22.6662
115000 45000 150022 22.0697
120000 45000 150021 20.8568
115000 50000 150023 22.6662
120000 50000 150012 11.9644
120000 40000 150019 19.3452
125000 40000 149992 -8.0702
120000 45000 150021 20.8568
125000 45000 149982 -17.6923
125000 40000 149992 -8.0702
130000 40000 149958 -41.8677
125000 45000 149982 -17.6923
130000 45000 149967 -32.942
120000 45000 150021 20.8568
125000 45000 149982 -17.6923
120000 50000 150012 11.9644
125000 50000 150015 14.6979
125000 45000 149982 -17.6923
130000 45000 149967 -32.942
125000 50000 150015 14.6979
130000 50000 149993 -7.15665
130000 40000 149958 -41.8677
135000 40000 149912 -88.2508
130000 45000 149967 -32.942
135000 45000 149940 -60.2145
135000 40000 149912 -88.2508
140000 40000 149904 -95.7381
135000 45000 149940 -60.2145
140000 45000 149898 -102.317
130000 45000 149967 -32.942
135000 45000 149940 -60.2145
130000 50000 149993 -7.15665
135000 50000 149960 -40.4532
135000 45000 149940 -60.2145
140000 45000 149898 -102.317
135000 50000 149960 -40.4532
140000 50000 149913 -86.5759
140000 40000 149904 -95.7381
145000 40000 149942 -58.1701
140000 45000 149898 -102.317
145000 45000 149913 -87.3865
145000 40000 149942 -58.1701
150000 40000 149968 -31.7867
145000 45000 149913 -87.3865
150000 45000 149958 -41.8665
140000 45000 149898 -102.317
145000 45000 149913 -87.3865
140000 50000 149913 -86.5759
145000 50000 149893 -106.944
145000 45000 149913 -87.3865
150000 45000 149958 -41.8665
145000 50000 149893 -106.944
150000 50000 149936 -64.2218
150000 40000 149968 -31.7867
155000 40000 149998 -1.60458
150000 45000 149958 -41.8665
155000 45000 149971 -29.2625
155000 40000 149998 -1.60458
160000 40000 149997 -3.192
155000 45000 149971 -29.2625
160000 45000 150008 7.77411
150000 45000 149958 -41.8665
155000 45000 149971 -29.2625
150000 50000 149936 -64.2218
155000 50000 149972 -27.9807
155000 45000 149971 -29.2625
160000 45000 150008 7.77411
155000 50000 149972 -27.9807
160000 50000 149986 -14.1357
80000 50000 150009 9.08294
85000 50000 150013 12.6578
80000 55000 150005 5.37774
85000 55000 150009 9.41155
85000 50000 150013 12.6578
90000 50000 150017 17.4404
85000 55000 150009 9.41155
90000 55000 150014 14.4886
80000 55000 150005 5.37774
85000 55000 150009 9.41155
80000 60000 150007 7.36428
85000 60000 150011 10.9016
85000 55000 150009 9.41155
90000 55000 150014 14.4886
85000 60000 150011 10.9016
90000 60000 150013 13.4783
90000 50000 150017 17.4404
95000 50000 150023 23.3568
90000 55000 150014 14.4886
95000 55000 150020 19.7384
95000 50000 150023 23.3568
100000 50000 150025 24.6741
95000 55000 150020 19.7384
100000 55000 150023 23.3723
90000 55000 150014 14.4886
95000 55000 150020 19.7384
90000 60000 150013 13.4783
95000 60000 150017 17.1534
95000 55000 150020 19.7384
100000 55000 150023 23.3723
95000 60000 150017 17.1534
100000 60000 150021 21.4124
100000 50000 150025 24.6741
105000 50000 150024 24.0508
100000 55000 150023 23.3723
105000 55000 150026 25.6315
105000 50000 150024 24.0508
110000 50000 150025 24.662
105000 55000 150026 25.6315
110000 55000 150025 25.0982
100000 55000 150023 23.3723
105000 55000 150026 25.6315
100000 60000 150021 21.4124
105000 60000 150025 24.7035
105000 55000 150026 25.6315
110000 55000 150025 25.0982
105000 60000 150025 24.7035
110000 60000 150025 24.7088
110000 50000 150025 24.662
115000 50000 150023 22.6662
110000 55000 150025 25.0982
115000 55000 150023 22.998
115000 50000 150023 22.6662
120000 50000 150012 11.9644
115000 55000 150023 22.998
120000 55000 150022 22.4169
110000 55000 150025 25.0982
115000 55000 150023 22.998
110000 60000 150025 24.7088
115000 60000 150024 24.2279
115000 55000 150023 22.998
120000 55000 150022 22.4169
115000 60000 150024 24.2279
120000 60000 150022 22.4534
120000 50000 150012 11.9644
125000 50000 150015 14.6979
120000 55000 150022 22.4169
125000 55000 150022 22.0377
125000 50000 150015 14.6979
130000 50000 149993 -7.15665
125000 55000 150022 22.0377
130000 55000 150004 4.15049
120000 55000 150022 22.4169
125000 55000 150022 22.0377
120000 60000 150022 22.4534
125000 60000 150022 22.3901
125000 55000 150022 22.0377
130000 55000 150004 4.15049
125000 60000 150022 22.3901
130000 60000 150016 15.7453
130000 50000 149993 -7.15665
135000 50000 149960 -40.4532
130000 55000 150004 4.15049
135000 55000 149974 -26.4996
135000 50000 149960 -40.4532
140000 50000 149913 -86.5759
135000 55000 149974 -26.4996
140000 55000 149944 -56.3949
130000 55000 150004 4.15049
135000 55000 149974 -26.4996
130000 60000 150016 15.7453
135000 60000 149993 -6.65152
135000 55000 149974 -26.4996
140000 55000 149944 -56.3949
135000 60000 149993 -6.65152
140000 60000 149960 -39.9802
140000 50000 149913 -86.5759
145000 50000 149893 -106.944
140000 55000 149944 -56.3949
145000 55000 149897 -102.971
145000 50000 149893 -106.944
150000 50000 149936 -64.2218
145000 55000 149897 -102.971
150000 55000 149913 -87.0968
140000 55000 149944 -56.3949
145000 55000 149897 -102.971
140000 60000 149960 -39.9802
145000 60000 149921 -78.9834
145000 55000 149897 -102.971
150000 55000 149913 -87.0968
145000 60000 149921 -78.9834
150000 60000 149899 -101.125
150000 50000 149936 -64.2218
155000 50000 149972 -27.9807
150000 55000 149913 -87.0968
155000 55000 149958 -42.1838
155000 50000 149972 -27.9807
160000 50000 149986 -14.1357
155000 55000 149958 -42.1838
160000 55000 149978 -21.5532
150000 55000 149913 -87.0968
155000 55000 149958 -42.1838
150000 60000 149899 -101.125
155000 60000 149931 -69.0372
155000 55000 149958 -42.1838
160000 55000 149978 -21.5532
155000 60000 149931 -69.0372
160000 60000 149962 -37.6543
80000 60000 150007 7.36428
85000 60000 150011 10.9016
80000 65000 150006 5.64173
85000 65000 150009 8.76781
85000 60000 150011 10.9016
90000 60000 150013 13.4783
85000 65000 150009 8.76781
90000 65000 150015 14.5595
80000 65000 150006 5.64173
85000 65000 150009 8.76781
80000 70000 150006 5.68836
85000 70000 150008 8.40265
85000 65000 150009 8.76781
90000 65000 150015 14.5595
85000 70000 150008 8.40265
90000 70000 150012 11.6196
90000 60000 150013 13.4783
95000 60000 150017 17.1534
90000 65000 150015 14.5595
95000 65000 150018 17.7286
95000 60000 150017 17.1534
100000 60000 150021 21.4124
95000 65000 150018 17.7286
100000 65000 150020 20.3084
90000 65000 150015 14.5595
95000 65000 150018 17.7286
90000 70000 150012 11.6196
95000 70000 150015 15.4305
95000 65000 150018 17.7286
100000 65000 150020 20.3084
95000 70000 150015 15.4305
100000 70000 150019 18.7443
100000 60000 150021 21.4124
105000 60000 150025 24.7035
100000 65000 150020 20.3084
105000 65000 150025 24.7684
105000 60000 150025 24.7035
110000 60000 150025 24.7088
105000 65000 150025 24.7684
110000 65000 150025 25.3272
100000 65000 150020 20.3084
105000 65000 150025 24.7684
100000 70000 150019 18.7443
105000 70000 150022 22.3796
105000 65000 150025 24.7684
110000 65000 150025 25.3272
105000 70000 150022 22.3796
110000 70000 150024 24.151
110000 60000 150025 24.7088
115000 60000 150024 24.2279
110000 65000 150025 25.3272
115000 65000 150024 24.1358
115000 60000 150024 24.2279
120000 60000 150022 22.4534
115000 65000 150024 24.1358
120000 65000 150023 23.0857
110000 65000 150025 25.3272
115000 65000 150024 24.1358
110000 70000 150024 24.151
115000 70000 150026 25.9293
115000 65000 150024 24.1358
120000 65000 150023 23.0857
115000 70000 150026 25.9293
120000 70000 150024 24.1622
120000 60000 150022 22.4534
125000 60000 150022 22.3901
120000 65000 150023 23.0857
125000 65000 150022 22.1892
125000 60000 150022 22.3901
130000 60000 150016 15.7453
125000 65000 150022 22.1892
130000 65000 150015 14.6266
120000 65000 150023 23.0857
125000 65000 150022 22.1892
120000 70000 150024 24.1622
125000 70000 150021 20.9393
125000 65000 150022 22.1892
130000 65000 150015 14.6266
125000 70000 150021 20.9393
130000 70000 150018 17.5443
130000 60000 150016 15.7453
135000 60000 149993 -6.65152
130000 65000 150015 14.6266
135000 65000 149994 -5.7573
135000 60000 149993 -6.65152
140000 60000 149960 -39.9802
135000 65000 149994 -5.7573
140000 65000 149975 -24.7558
130000 65000 150015 14.6266
135000 65000 149994 -5.7573
130000 70000 150018 17.5443
135000 70000 150012 12.0518
135000 65000 149994 -5.7573
140000 65000 149975 -24.7558
135000 70000 150012 12.0518
140000 70000 149987 -13.1629
140000 60000 149960 -39.9802
145000 60000 149921 -78.9834
140000 65000 149975 -24.7558
145000 65000 149952 -48.0438
145000 60000 149921 -78.9834
150000 60000 149899 -101.125
145000 65000 149952 -48.0438
150000 65000 149908 -92.3414
140000 65000 149975 -24.7558
145000 65000 149952 -48.0438
140000 70000 149987 -13.1629
145000 70000 149961 -39.2314
145000 65000 149952 -48.0438
150000 65000 149908 -92.3414
145000 70000 149961 -39.2314
150000 70000 149934 -65.7982
150000 60000 149899 -101.125
155000 60000 149931 -69.0372
150000 65000 149908 -92.3414
155000 65000 149904 -96.1066
155000 60000 149931 -69.0372
160000 60000 149962 -37.6543
155000 65000 149904 -96.1066
160000 65000 149950 -50.1562
150000 65000 149908 -92.3414
155000 65000 149904 -96.1066
150000 70000 149934 -65.7982
155000 70000 149897 -102.742
155000 65000 149904 -96.1066
160000 65000 149950 -50.1562
155000 70000 149897 -102.742
160000 70000 149918 -81.5648
80000 70000 150006 5.68836
85000 70000 150008 8.40265
80000 75000 150002 2.01609
85000 75000 150006 6.11723
85000 70000 150008 8.40265
90000 70000 150012 11.6196
85000 75000 150006 6.11723
90000 75000 150011 10.7441
80000 75000 150002 2.01609
85000 75000 150006 6.11723
80000 80000 150005 5.21803
85000 80000 150006 5.55851
85000 75000 150006 6.11723
90000 75000 150011 10.7441
85000 80000 150006 5.55851
90000 80000 150009 8.60124
90000 70000 150012 11.6196
95000 70000 150015 15.4305
90000 75000 150011 10.7441
95000 75000 150014 14.4815
95000 70000 150015 15.4305
100000 70000 150019 18.7443
95000 75000 150014 14.4815
100000 75000 150016 16.4069
90000 75000 150011 10.7441
95000 75000 150014 14.4815
90000 80000 150009 8.60124
95000 80000 150012 12.4356
95000 75000 150014 14.4815
100000 75000 150016 16.4069
95000 80000 150012 12.4356
100000 80000 150017 17.2229
100000 70000 150019 18.7443
105000 70000 150022 22.3796
100000 75000 150016 16.4069
105000 75000 150021 20.5645
105000 70000 150022 22.3796
110000 70000 150024 24.151
105000 75000 150021 20.5645
110000 75000 150024 23.7382
100000 75000 150016 16.4069
105000 75000 150021 20.5645
100000 80000 150017 17.2229
105000 80000 150020 19.6503
105000 75000 150021 20.5645
110000 75000 150024 23.7382
105000 80000 150020 19.6503
110000 80000 150022 22.2641
110000 70000 150024 24.151
115000 70000 150026 25.9293
110000 75000 150024 23.7382
115000 75000 150023 23.0698
115000 70000 150026 25.9293
120000 70000 150024 24.1622
115000 75000 150023 23.0698
120000 75000 150024 23.5298
110000 75000 150024 23.7382
115000 75000 150023 23.0698
110000 80000 150022 22.2641
115000 80000 150022 22.3448
115000 75000 150023 23.0698
120000 75000 150024 23.5298
115000 80000 150022 22.3448
120000 80000 150023 22.8397
120000 70000 150024 24.1622
125000 70000 150021 20.9393
120000 75000 150024 23.5298
125000 75000 150021 21.1665
125000 70000 150021 20.9393
130000 70000 150018 17.5443
125000 75000 150021 21.1665
130000 75000 150017 16.7793
120000 75000 150024 23.5298
125000 75000 150021 21.1665
120000 80000 150023 22.8397
125000 80000 150021 20.5917
125000 75000 150021 21.1665
130000 75000 150017 16.7793
125000 80000 150021 20.5917
130000 80000 150016 16.035
130000 70000 150018 17.5443
135000 70000 150012 12.0518
130000 75000 150017 16.7793
135000 75000 150012 11.9424
135000 70000 150012 12.0518
140000 70000 149987 -13.1629
135000 75000 150012 11.9424
140000 75000 149997 -2.52308
130000 75000 150017 16.7793
135000 75000 150012 11.9424
130000 80000 150016 16.035
135000 80000 150012 11.8799
135000 75000 150012 11.9424
140000 75000 149997 -2.52308
135000 80000 150012 11.8799
140000 80000 150010 10.1788
140000 70000 149987 -13.1629
145000 70000 149961 -39.2314
140000 75000 149997 -2.52308
145000 75000 149975 -25.1403
145000 70000 149961 -39.2314
150000 70000 149934 -65.7982
145000 75000 149975 -25.1403
150000 75000 149960 -40.308
140000 75000 149997 -2.52308
145000 75000 149975 -25.1403
140000 80000 150010 10.1788
145000 80000 149999 -1.05375
145000 75000 149975 -25.1403
150000 75000 149960 -40.308
145000 80000 149999 -1.05375
150000 80000 149969 -31.2783
150000 70000 149934 -65.7982
155000 70000 149897 -102.742
150000 75000 149960 -40.308
155000 75000 149912 -88.3151
155000 70000 149897 -102.742
160000 70000 149918 -81.5648
155000 75000 149912 -88.3151
160000 75000 149894 -105.691
150000 75000 149960 -40.308
155000 75000 149912 -88.3151
150000 80000 149969 -31.2783
155000 80000 149938 -62.057
155000 75000 149912 -88.3151
160000 75000 149894 -105.691
155000 80000 149938 -62.057
160000 80000 149893 -106.72
0 80000 149991 -9.40182
5000 80000 149990 -9.7069
0 85000 149989 -10.5425
5000 85000 149989 -10.6245
5000 80000 149990 -9.7069
10000 80000 149990 -10.2547
5000 85000 149989 -10.6245
10000 85000 149991 -9.49918
0 85000 149989 -10.5425
5000 85000 149989 -10.6245
0 90000 149989 -10.7661
5000 90000 149990 -9.95147
5000 85000 149989 -10.6245
10000 85000 149991 -9.49918
5000 90000 149990 -9.95147
10000 90000 149990 -9.51487
10000 80000 149990 -10.2547
15000 80000 149990 -10.0509
10000 85000 149991 -9.49918
15000 85000 149991 -9.1619
15000 80000 149990 -10.0509
20000 80000 149990 -9.95905
15000 85000 149991 -9.1619
20000 85000 149991 -9.27232
10000 85000 149991 -9.49918
15000 85000 149991 -9.1619
10000 90000 149990 -9.51487
15000 90000 149990 -9.85059
15000 85000 149991 -9.1619
20000 85000 149991 -9.27232
15000 90000 149990 -9.85059
20000 90000 149990 -10.1831
20000 80000 149990 -9.95905
25000 80000 149990 -9.94867
20000 85000 149991 -9.27232
25000 85000 149990 -9.85867
25000 80000 149990 -9.94867
30000 80000 149990 -9.62406
25000 85000 149990 -9.85867
30000 85000 149990 -9.80813
20000 85000 149991 -9.27232
25000 85000 149990 -9.85867
20000 90000 149990 -10.1831
25000 90000 149990 -9.98399
25000 85000 149990 -9.85867
30000 85000 149990 -9.80813
25000 90000 149990 -9.98399
30000 90000 149990 -9.69645
30000 80000 149990 -9.62406
35000 80000 149990 -9.52977
30000 85000 149990 -9.80813
35000 85000 149990 -9.58259
35000 80000 149990 -9.52977
40000 80000 149991 -8.85942
35000 85000 149990 -9.58259
40000 85000 149991 -9.32661
30000 85000 149990 -9.80813
35000 85000 149990 -9.58259
30000 90000 149990 -9.69645
35000 90000 149990 -9.54741
35000 85000 149990 -9.58259
40000 85000 149991 -9.32661
35000 90000 149990 -9.54741
40000 90000 149991 -8.80186
40000 80000 149991 -8.85942
45000 80000 149991 -8.93641
40000 85000 149991 -9.32661
45000 85000 149991 -9.07226
45000 80000 149991 -8.93641
50000 80000 149991 -8.7639
45000 85000 149991 -9.07226
50000 85000 149991 -8.80368
40000 85000 149991 -9.32661
45000 85000 149991 -9.07226
40000 90000 149991 -8.80186
45000 90000 149991 -8.61986
45000 85000 149991 -9.07226
50000 85000 149991 -8.80368
45000 90000 149991 -8.61986
50000 90000 149992 -8.34313
50000 80000 149991 -8.7639
55000 80000 149993 -7.2615
50000 85000 149991 -8.80368
55000 85000 149992 -8.44893
55000 80000 149993 -7.2615
60000 80000 149993 -6.98783
55000 85000 149992 -8.44893
60000 85000 149992 -7.88526
50000 85000 149991 -8.80368
55000 85000 149992 -8.44893
50000 90000 149992 -8.34313
55000 90000 149992 -8.14427
55000 85000 149992 -8.44893
60000 85000 149992 -7.88526
55000 90000 149992 -8.14427
60000 90000 149993 -6.92654
60000 80000 149993 -6.98783
65000 80000 149993 -6.93238
60000 85000 149992 -7.88526
65000 85000 149995 -5.24569
65000 80000 149993 -6.93238
70000 80000 149996 -4.29206
65000 85000 149995 -5.24569
70000 85000 149996 -3.60279
60000 85000 149992 -7.88526
65000 85000 149995 -5.24569
60000 90000 149993 -6.92654
65000 90000 149993 -7.20157
65000 85000 149995 -5.24569
70000 85000 149996 -3.60279
65000 90000 149993 -7.20157
70000 90000 149997 -3.27724
70000 80000 149996 -4.29206
75000 80000 149998 -1.56491
70000 85000 149996 -3.60279
75000 85000 150000 -0.240204
75000 80000 149998 -1.56491
80000 80000 150005 5.21803
75000 85000 150000 -0.240204
80000 85000 150001 1.33164
70000 85000 149996 -3.60279
75000 85000 150000 -0.240204
70000 90000 149997 -3.27724
75000 90000 149997 -3.03647
75000 85000 150000 -0.240204
80000 85000 150001 1.33164
75000 90000 149997 -3.03647
80000 90000 150003 2.54881
80000 80000 150005 5.21803
85000 80000 150006 5.55851
80000 85000 150001 1.33164
85000 85000 150006 6.10892
85000 80000 150006 5.55851
90000 80000 150009 8.60124
85000 85000 150006 6.10892
90000 85000 150007 6.77501
80000 85000 150001 1.33164
85000 85000 150006 6.10892
80000 90000 150003 2.54881
85000 90000 150006 5.87979
85000 85000 150006 6.10892
90000 85000 150007 6.77501
85000 90000 150006 5.87979
90000 90000 150007 6.86298
90000 80000 150009 8.60124
95000 80000 150012 12.4356
90000 85000 150007 6.77501
95000 85000 150011 11.0961
95000 80000 150012 12.4356
100000 80000 150017 17.2229
95000 85000 150011 11.0961
100000 85000 150013 13.2021
90000 85000 150007 6.77501
95000 85000 150011 11.0961
90000 90000 150007 6.86298
95000 90000 150010 9.56643
95000 85000 150011 11.0961
100000 85000 150013 13.2021
95000 90000 150010 9.56643
100000 90000 150013 13.2024
100000 80000 150017 17.2229
105000 80000 150020 19.6503
100000 85000 150013 13.2021
105000 85000 150017 17.3565
105000 80000 150020 19.6503
110000 80000 150022 22.2641
105000 85000 150017 17.3565
110000 85000 150019 18.965
100000 85000 150013 13.2021
105000 85000 150017 17.3565
100000 90000 150013 13.2024
105000 90000 150016 15.8818
105000 85000 150017 17.3565
110000 85000 150019 18.965
105000 90000 150016 15.8818
110000 90000 150018 17.8174
0 90000 149989 -10.7661
5000 90000 149990 -9.95147
0 95000 149989 -10.5967
5000 95000 149989 -10.7296
5000 90000 149990 -9.95147
10000 90000 149990 -9.51487
5000 95000 149989 -10.7296
10000 95000 149989 -10.7182
0 95000 149989 -10.5967
5000 95000 149989 -10.7296
0 100000 149989 -10.6897
5000 100000 149989 -10.809
5000 95000 149989 -10.7296
10000 95000 149989 -10.7182
5000 100000 149989 -10.809
10000 100000 149989 -10.6355
10000 90000 149990 -9.51487
15000 90000 149990 -9.85059
10000 95000 149989 -10.7182
15000 95000 149989 -10.6196
15000 90000 149990 -9.85059
20000 90000 149990 -10.1831
15000 95000 149989 -10.6196
20000 95000 149990 -10.0429
10000 95000 149989 -10.7182
15000 95000 149989 -10.6196
10000 100000 149989 -10.6355
15000 100000 149990 -10.3848
15000 95000 149989 -10.6196
20000 95000 149990 -10.0429
15000 100000 149990 -10.3848
20000 100000 149990 -10.2006
20000 90000 149990 -10.1831
25000 90000 149990 -9.98399
20000 95000 149990 -10.0429
25000 95000 149990 -10.42
25000 90000 149990 -9.98399
30000 90000 149990 -9.69645
25000 95000 149990 -10.42
30000 95000 149990 -10.1951
20000 95000 149990 -10.0429
25000 95000 149990 -10.42
20000 100000 149990 -10.2006
25000 100000 149990 -10.211
25000 95000 149990 -10.42
30000 95000 149990 -10.1951
25000 100000 149990 -10.211
30000 100000 149990 -9.97589
30000 90000 149990 -9.69645
35000 90000 149990 -9.54741
30000 95000 149990 -10.1951
35000 95000 149990 -9.86939
35000 90000 149990 -9.54741
40000 90000 149991 -8.80186
35000 95000 149990 -9.86939
40000 95000 149991 -9.34953
30000 95000 149990 -10.1951
35000 95000 149990 -9.86939
30000 100000 149990 -9.97589
35000 100000 149990 -10.0053
35000 95000 149990 -9.86939
40000 95000 149991 -9.34953
35000 100000 149990 -10.0053
40000 100000 149990 -9.93143
40000 90000 149991 -8.80186
45000 90000 149991 -8.61986
40000 95000 149991 -9.34953
45000 95000 149990 -9.60376
45000 90000 149991 -8.61986
50000 90000 149992 -8.34313
45000 95000 149990 -9.60376
50000 95000 149991 -9.27237
40000 95000 149991 -9.34953
45000 95000 149990 -9.60376
40000 100000 149990 -9.93143
45000 100000 149990 -9.60094
45000 95000 149990 -9.60376
50000 95000 149991 -9.27237
45000 100000 149990 -9.60094
50000 100000 149991 -9.25646
50000 90000 149992 -8.34313
55000 90000 149992 -8.14427
50000 95000 149991 -9.27237
55000 95000 149991 -8.83795
55000 90000 149992 -8.14427
60000 90000 149993 -6.92654
55000 95000 149991 -8.83795
60000 95000 149993 -6.65268
50000 95000 149991 -9.27237
55000 95000 149991 -8.83795
50000 100000 149991 -9.25646
55000 100000 149991 -8.82571
55000 95000 149991 -8.83795
60000 95000 149993 -6.65268
55000 100000 149991 -8.82571
60000 100000 149992 -7.80546
60000 90000 149993 -6.92654
65000 90000 149993 -7.20157
60000 95000 149993 -6.65268
65000 95000 149994 -5.67976
65000 90000 149993 -7.20157
70000 90000 149997 -3.27724
65000 95000 149994 -5.67976
70000 95000 149997 -3.33808
60000 95000 149993 -6.65268
65000 95000 149994 -5.67976
60000 100000 149992 -7.80546
65000 100000 149992 -7.91163
65000 95000 149994 -5.67976
70000 95000 149997 -3.33808
65000 100000 149992 -7.91163
70000 100000 149993 -6.97958
70000 90000 149997 -3.27724
75000 90000 149997 -3.03647
70000 95000 149997 -3.33808
75000 95000 149998 -1.70659
75000 90000 149997 -3.03647
80000 90000 150003 2.54881
75000 95000 149998 -1.70659
80000 95000 150002 2.06581
70000 95000 149997 -3.33808
75000 95000 149998 -1.70659
70000 100000 149993 -6.97958
75000 100000 149998 -2.07621
75000 95000 149998 -1.70659
80000 95000 150002 2.06581
75000 100000 149998 -2.07621
80000 100000 149998 -2.19635
80000 90000 150003 2.54881
85000 90000 150006 5.87979
80000 95000 150002 2.06581
85000 95000 150005 5.10581
85000 90000 150006 5.87979
90000 90000 150007 6.86298
85000 95000 150005 5.10581
90000 95000 150008 7.65933
80000 95000 150002 2.06581
85000 95000 150005 5.10581
80000 100000 149998 -2.19635
85000 100000 150003 2.78707
85000 95000 150005 5.10581
90000 95000 150008 7.65933
85000 100000 150003 2.78707
90000 100000 150003 3.37744
90000 90000 150007 6.86298
95000 90000 150010 9.56643
90000 95000 150008 7.65933
95000 95000 150010 10.0667
95000 90000 150010 9.56643
100000 90000 150013 13.2024
95000 95000 150010 10.0667
100000 95000 150012 11.5496
90000 95000 150008 7.65933
95000 95000 150010 10.0667
90000 100000 150003 3.37744
95000 100000 150007 6.56222
95000 95000 150010 10.0667
100000 95000 150012 11.5496
95000 100000 150007 6.56222
100000 100000 150012 11.9077
0 100000 149989 -10.6897
5000 100000 149989 -10.809
0 105000 149989 -10.7461
5000 105000 149989 -10.9987
5000 100000 149989 -10.809
10000 100000 149989 -10.6355
5000 105000 149989 -10.9987
10000 105000 149989 -10.6897
0 105000 149989 -10.7461
5000 105000 149989 -10.9987
0 110000 149989 -11.0535
5000 110000 149989 -10.8315
5000 105000 149989 -10.9987
10000 105000 149989 -10.6897
5000 110000 149989 -10.8315
10000 110000 149989 -11.2655
10000 100000 149989 -10.6355
15000 100000 149990 -10.3848
10000 105000 149989 -10.6897
15000 105000 149989 -11.0355
15000 100000 149990 -10.3848
20000 100000 149990 -10.2006
15000 105000 149989 -11.0355
20000 105000 149990 -10.3175
10000 105000 149989 -10.6897
15000 105000 149989 -11.0355
10000 110000 149989 -11.2655
15000 110000 149989 -11.2539
15000 105000 149989 -11.0355
20000 105000 149990 -10.3175
15000 110000 149989 -11.2539
20000 110000 149989 -10.9981
20000 100000 149990 -10.2006
25000 100000 149990 -10.211
20000 105000 149990 -10.3175
25000 105000 149989 -10.634
25000 100000 149990 -10.211
30000 100000 149990 -9.97589
25000 105000 149989 -10.634
30000 105000 149989 -10.5094
20000 105000 149990 -10.3175
25000 105000 149989 -10.634
20000 110000 149989 -10.9981
25000 110000 149989 -10.6237
25000 105000 149989 -10.634
30000 105000 149989 -10.5094
25000 110000 149989 -10.6237
30000 110000 149990 -9.61224
30000 100000 149990 -9.97589
35000 100000 149990 -10.0053
30000 105000 149989 -10.5094
35000 105000 149990 -10.2408
35000 100000 149990 -10.0053
40000 100000 149990 -9.93143
35000 105000 149990 -10.2408
40000 105000 149990 -9.70821
30000 105000 149989 -10.5094
35000 105000 149990 -10.2408
30000 110000 149990 -9.61224
35000 110000 149990 -10.123
35000 105000 149990 -10.2408
40000 105000 149990 -9.70821
35000 110000 149990 -10.123
40000 110000 149991 -9.48617
40000 100000 149990 -9.93143
45000 100000 149990 -9.60094
40000 105000 149990 -9.70821
45000 105000 149990 -9.62316
45000 100000 149990 -9.60094
50000 100000 149991 -9.25646
45000 105000 149990 -9.62316
50000 105000 149991 -9.2819
40000 105000 149990 -9.70821
45000 105000 149990 -9.62316
40000 110000 149991 -9.48617
45000 110000 149990 -9.64027
45000 105000 149990 -9.62316
50000 105000 149991 -9.2819
45000 110000 149990 -9.64027
50000 110000 149991 -9.30383
50000 100000 149991 -9.25646
55000 100000 149991 -8.82571
50000 105000 149991 -9.2819
55000 105000 149991 -8.89003
55000 100000 149991 -8.82571
60000 100000 149992 -7.80546
55000 105000 149991 -8.89003
60000 105000 149993 -7.45628
50000 105000 149991 -9.2819
55000 105000 149991 -8.89003
50000 110000 149991 -9.30383
55000 110000 149991 -8.76141
55000 105000 149991 -8.89003
60000 105000 149993 -7.45628
55000 110000 149991 -8.76141
60000 110000 149993 -7.33636
60000 100000 149992 -7.80546
65000 100000 149992 -7.91163
60000 105000 149993 -7.45628
65000 105000 149993 -6.59413
65000 100000 149992 -7.91163
70000 100000 149993 -6.97958
65000 105000 149993 -6.59413
70000 105000 149996 -3.73082
60000 105000 149993 -7.45628
65000 105000 149993 -6.59413
60000 110000 149993 -7.33636
65000 110000 149993 -7.27522
65000 105000 149993 -6.59413
70000 105000 149996 -3.73082
65000 110000 149993 -7.27522
70000 110000 149996 -3.89273
70000 100000 149993 -6.97958
75000 100000 149998 -2.07621
70000 105000 149996 -3.73082
75000 105000 149999 -0.93539
75000 100000 149998 -2.07621
80000 100000 149998 -2.19635
75000 105000 149999 -0.93539
80000 105000 150003 2.71522
70000 105000 149996 -3.73082
75000 105000 149999 -0.93539
70000 110000 149996 -3.89273
75000 110000 149999 -0.95689
75000 105000 149999 -0.93539
80000 105000 150003 2.71522
75000 110000 149999 -0.95689
80000 110000 150001 1.17118
0 110000 149989 -11.0535
5000 110000 149989 -10.8315
0 115000 149990 -10.0662
5000 115000 149989 -11.0061
5000 110000 149989 -10.8315
10000 110000 149989 -11.2655
5000 115000 149989 -11.0061
10000 115000 149989 -11.1581
0 115000 149990 -10.0662
5000 115000 149989 -11.0061
0 120000 149989 -10.7768
5000 120000 149989 -11.2963
5000 115000 149989 -11.0061
10000 115000 149989 -11.1581
5000 120000 149989 -11.2963
10000 120000 149988 -12.0849
10000 110000 149989 -11.2655
15000 110000 149989 -11.2539
10000 115000 149989 -11.1581
15000 115000 149990 -10.3171
15000 110000 149989 -11.2539
20000 110000 149989 -10.9981
15000 115000 149990 -10.3171
20000 115000 149989 -10.5843
10000 115000 149989 -11.1581
15000 115000 149990 -10.3171
10000 120000 149988 -12.0849
15000 120000 149989 -11.4918
15000 115000 149990 -10.3171
20000 115000 149989 -10.5843
15000 120000 149989 -11.4918
20000 120000 149990 -10.4769
20000 110000 149989 -10.9981
25000 110000 149989 -10.6237
20000 115000 149989 -10.5843
25000 115000 149990 -10.0536
25000 110000 149989 -10.6237
30000 110000 149990 -9.61224
25000 115000 149990 -10.0536
30000 115000 149990 -10.0884
20000 115000 149989 -10.5843
25000 115000 149990 -10.0536
20000 120000 149990 -10.4769
25000 120000 149990 -9.597
25000 115000 149990 -10.0536
30000 115000 149990 -10.0884
25000 120000 149990 -9.597
30000 120000 149991 -9.36101
30000 110000 149990 -9.61224
35000 110000 149990 -10.123
30000 115000 149990 -10.0884
35000 115000 149990 -9.77913
35000 110000 149990 -10.123
40000 110000 149991 -9.48617
35000 115000 149990 -9.77913
40000 115000 149990 -9.53821
30000 115000 149990 -10.0884
35000 115000 149990 -9.77913
30000 120000 149991 -9.36101
35000 120000 149991 -9.15938
35000 115000 149990 -9.77913
40000 115000 149990 -9.53821
35000 120000 149991 -9.15938
40000 120000 149990 -9.91923
40000 110000 149991 -9.48617
45000 110000 149990 -9.64027
40000 115000 149990 -9.53821
45000 115000 149990 -9.62023
45000 110000 149990 -9.64027
50000 110000 149991 -9.30383
45000 115000 149990 -9.62023
50000 115000 149991 -9.31931
40000 115000 149990 -9.53821
45000 115000 149990 -9.62023
40000 120000 149990 -9.91923
45000 120000 149990 -9.68532
45000 115000 149990 -9.62023
50000 115000 149991 -9.31931
45000 120000 149990 -9.68532
50000 120000 149991 -9.35027
50000 110000 149991 -9.30383
55000 110000 149991 -8.76141
50000 115000 149991 -9.31931
55000 115000 149991 -8.92531
55000 110000 149991 -8.76141
60000 110000 149993 -7.33636
55000 115000 149991 -8.92531
60000 115000 149992 -8.13623
50000 115000 149991 -9.31931
55000 115000 149991 -8.92531
50000 120000 149991 -9.35027
55000 120000 149991 -8.9778
55000 115000 149991 -8.92531
60000 115000 149992 -8.13623
55000 120000 149991 -8.9778
60000 120000 149992 -7.86008
60000 110000 149993 -7.33636
65000 110000 149993 -7.27522
60000 115000 149992 -8.13623
65000 115000 149994 -6.21444
65000 110000 149993 -7.27522
70000 110000 149996 -3.89273
65000 115000 149994 -6.21444
70000 115000 149996 -4.193
60000 115000 149992 -8.13623
65000 115000 149994 -6.21444
60000 120000 149992 -7.86008
65000 120000 149994 -5.72044
65000 115000 149994 -6.21444
70000 115000 149996 -4.193
65000 120000 149994 -5.72044
70000 120000 149997 -2.66554
70000 110000 149996 -3.89273
75000 110000 149999 -0.95689
70000 115000 149996 -4.193
75000 115000 149998 -2.0369
75000 110000 149999 -0.95689
80000 110000 150001 1.17118
75000 115000 149998 -2.0369
80000 115000 150000 0.185934
70000 115000 149996 -4.193
75000 115000 149998 -2.0369
70000 120000 149997 -2.66554
75000 120000 150000 -0.0872903
75000 115000 149998 -2.0369
80000 115000 150000 0.185934
75000 120000 150000 -0.0872903
80000 120000 150001 0.655479
160000 0 150006 6.43426
165000 0 150012 12.3331
160000 5000 150007 7.23867
165000 5000 150012 12.3896
165000 0 150012 12.3331
170000 0 150018 18.2244
165000 5000 150012 12.3896
170000 5000 150018 18.4723
160000 5000 150007 7.23867
165000 5000 150012 12.3896
160000 10000 150009 9.49775
165000 10000 150014 14.4365
165000 5000 150012 12.3896
170000 5000 150018 18.4723
165000 10000 150014 14.4365
170000 10000 150019 18.9631
170000 0 150018 18.2244
175000 0 150019 18.808
170000 5000 150018 18.4723
175000 5000 150019 19.4003
175000 0 150019 18.808
180000 0 150020 19.901
175000 5000 150019 19.4003
180000 5000 150021 20.5111
170000 5000 150018 18.4723
175000 5000 150019 19.4003
170000 10000 150019 18.9631
175000 10000 150021 21.3005
175000 5000 150019 19.4003
180000 5000 150021 20.5111
175000 10000 150021 21.3005
180000 10000 150020 19.5166
180000 0 150020 19.901
185000 0 150019 18.8766
180000 5000 150021 20.5111
185000 5000 150019 19.3123
185000 0 150019 18.8766
190000 0 150018 18.3087
185000 5000 150019 19.3123
190000 5000 150017 16.5479
180000 5000 150021 20.5111
185000 5000 150019 19.3123
180000 10000 150020 19.5166
185000 10000 150020 20.07
185000 5000 150019 19.3123
190000 5000 150017 16.5479
185000 10000 150020 20.07
190000 10000 150019 19.0533
190000 0 150018 18.3087
195000 0 150018 17.9902
190000 5000 150017 16.5479
195000 5000 150017 16.6967
195000 0 150018 17.9902
200000 0 150017 16.9497
195000 5000 150017 16.6967
200000 5000 150015 14.9018
190000 5000 150017 16.5479
195000 5000 150017 16.6967
190000 10000 150019 19.0533
195000 10000 150015 15.0853
195000 5000 150017 16.6967
200000 5000 150015 14.9018
195000 10000 150015 15.0853
200000 10000 150015 15.4912
200000 0 150017 16.9497
205000 0 150013 13.3315
200000 5000 150015 14.9018
205000 5000 150012 12.4116
205000 0 150013 13.3315
210000 0 150011 11.2495
205000 5000 150012 12.4116
210000 5000 150010 10.4321
200000 5000 150015 14.9018
205000 5000 150012 12.4116
200000 10000 150015 15.4912
205000 10000 150013 12.5694
205000 5000 150012 12.4116
210000 5000 150010 10.4321
205000 10000 150013 12.5694
210000 10000 150009 9.15947
210000 0 150011 11.2495
215000 0 150009 9.31696
210000 5000 150010 10.4321
215000 5000 150008 7.6465
215000 0 150009 9.31696
220000 0 150007 7.23036
215000 5000 150008 7.6465
220000 5000 150005 5.17946
210000 5000 150010 10.4321
215000 5000 150008 7.6465
210000 10000 150009 9.15947
215000 10000 150008 7.50414
215000 5000 150008 7.6465
220000 5000 150005 5.17946
215000 10000 150008 7.50414
220000 10000 150003 2.56078
220000 0 150007 7.23036
225000 0 150004 4.40583
220000 5000 150005 5.17946
225000 5000 150000 0.363302
225000 0 150004 4.40583
230000 0 150003 3.11195
225000 5000 150000 0.363302
230000 5000 149999 -0.512503
220000 5000 150005 5.17946
225000 5000 150000 0.363302
220000 10000 150003 2.56078
225000 10000 150005 4.59704
225000 5000 150000 0.363302
230000 5000 149999 -0.512503
225000 10000 150005 4.59704
230000 10000 150004 3.67734
230000 0 150003 3.11195
235000 0 150002 2.49159
230000 5000 149999 -0.512503
235000 5000 150001 1.10933
235000 0 150002 2.49159
240000 0 150002 2.00926
235000 5000 150001 1.10933
240000 5000 150001 1.29306
230000 5000 149999 -0.512503
235000 5000 150001 1.10933
230000 10000 150004 3.67734
235000 10000 150002 2.15892
235000 5000 150001 1.10933
240000 5000 150001 1.29306
235000 10000 150002 2.15892
240000 10000 149998 -1.67665
160000 10000 150009 9.49775
165000 10000 150014 14.4365
160000 15000 150010 10.3412
165000 15000 150015 15.047
165000 10000 150014 14.4365
170000 10000 150019 18.9631
165000 15000 150015 15.047
170000 15000 150020 19.5843
160000 15000 150010 10.3412
165000 15000 150015 15.047
160000 20000 150008 8.24095
165000 20000 150013 12.9985
165000 15000 150015 15.047
170000 15000 150020 19.5843
165000 20000 150013 12.9985
170000 20000 150018 17.7073
170000 10000 150019 18.9631
175000 10000 150021 21.3005
170000 15000 150020 19.5843
175000 15000 150021 21.2548
175000 10000 150021 21.3005
180000 10000 150020 19.5166
175000 15000 150021 21.2548
180000 15000 150022 22.0956
170000 15000 150020 19.5843
175000 15000 150021 21.2548
170000 20000 150018 17.7073
175000 20000 150021 21.387
175000 15000 150021 21.2548
180000 15000 150022 22.0956
175000 20000 150021 21.387
180000 20000 150023 22.8675
180000 10000 150020 19.5166
185000 10000 150020 20.07
180000 15000 150022 22.0956
185000 15000 150022 21.6238
185000 10000 150020 20.07
190000 10000 150019 19.0533
185000 15000 150022 21.6238
190000 15000 150019 19.1854
180000 15000 150022 22.0956
185000 15000 150022 21.6238
180000 20000 150023 22.8675
185000 20000 150024 23.7892
185000 15000 150022 21.6238
190000 15000 150019 19.1854
185000 20000 150024 23.7892
190000 20000 150022 22.3705
190000 10000 150019 19.0533
195000 10000 150015 15.0853
190000 15000 150019 19.1854
195000 15000 150019 18.6344
195000 10000 150015 15.0853
200000 10000 150015 15.4912
195000 15000 150019 18.6344
200000 15000 150015 14.8672
190000 15000 150019 19.1854
195000 15000 150019 18.6344
190000 20000 150022 22.3705
195000 20000 150019 18.7884
195000 15000 150019 18.6344
200000 15000 150015 14.8672
195000 20000 150019 18.7884
200000 20000 150014 13.7406
200000 10000 150015 15.4912
205000 10000 150013 12.5694
200000 15000 150015 14.8672
205000 15000 150012 12.3806
205000 10000 150013 12.5694
210000 10000 150009 9.15947
205000 15000 150012 12.3806
210000 15000 150010 10.1751
200000 15000 150015 14.8672
205000 15000 150012 12.3806
200000 20000 150014 13.7406
205000 20000 150012 11.8939
205000 15000 150012 12.3806
210000 15000 150010 10.1751
205000 20000 150012 11.8939
210000 20000 150011 11.2851
210000 10000 150009 9.15947
215000 10000 150008 7.50414
210000 15000 150010 10.1751
215000 15000 150006 5.59439
215000 10000 150008 7.50414
220000 10000 150003 2.56078
215000 15000 150006 5.59439
220000 15000 150006 6.49456
210000 15000 150010 10.1751
215000 15000 150006 5.59439
210000 20000 150011 11.2851
215000 20000 150010 9.82482
215000 15000 150006 5.59439
220000 15000 150006 6.49456
215000 20000 150010 9.82482
220000 20000 150008 7.81715
220000 10000 150003 2.56078
225000 10000 150005 4.59704
220000 15000 150006 6.49456
225000 15000 150005 4.72069
225000 10000 150005 4.59704
230000 10000 150004 3.67734
225000 15000 150005 4.72069
230000 15000 150003 3.28155
220000 15000 150006 6.49456
225000 15000 150005 4.72069
220000 20000 150008 7.81715
225000 20000 150005 5.06089
225000 15000 150005 4.72069
230000 15000 150003 3.28155
225000 20000 150005 5.06089
230000 20000 150002 1.9051
230000 10000 150004 3.67734
235000 10000 150002 2.15892
230000 15000 150003 3.28155
235000 15000 150002 1.63646
235000 10000 150002 2.15892
240000 10000 149998 -1.67665
235000 15000 150002 1.63646
240000 15000 150000 -0.202108
230000 15000 150003 3.28155
235000 15000 150002 1.63646
230000 20000 150002 1.9051
235000 20000 150001 1.25385
235000 15000 150002 1.63646
240000 15000 150000 -0.202108
235000 20000 150001 1.25385
240000 20000 150001 0.827305
160000 20000 150008 8.24095
165000 20000 150013 12.9985
160000 25000 150005 5.38184
165000 25000 150011 10.77
165000 20000 150013 12.9985
170000 20000 150018 17.7073
165000 25000 150011 10.77
170000 25000 150017 16.5326
160000 25000 150005 5.38184
165000 25000 150011 10.77
160000 30000 150011 10.5334
165000 30000 150016 15.7613
165000 25000 150011 10.77
170000 25000 150017 16.5326
165000 30000 150016 15.7613
170000 30000 150019 19.4369
170000 20000 150018 17.7073
175000 20000 150021 21.387
170000 25000 150017 16.5326
175000 25000 150022 21.9967
175000 20000 150021 21.387
180000 20000 150023 22.8675
175000 25000 150022 21.9967
180000 25000 150023 23.1813
170000 25000 150017 16.5326
175000 25000 150022 21.9967
170000 30000 150019 19.4369
175000 30000 150022 22.0968
175000 25000 150022 21.9967
180000 25000 150023 23.1813
175000 30000 150022 22.0968
180000 30000 150024 23.8659
180000 20000 150023 22.8675
185000 20000 150024 23.7892
180000 25000 150023 23.1813
185000 25000 150025 24.5062
185000 20000 150024 23.7892
190000 20000 150022 22.3705
185000 25000 150025 24.5062
190000 25000 150022 21.8707
180000 25000 150023 23.1813
185000 25000 150025 24.5062
180000 30000 150024 23.8659
185000 30000 150026 26.3035
185000 25000 150025 24.5062
190000 25000 150022 21.8707
185000 30000 150026 26.3035
190000 30000 150024 23.9338
190000 20000 150022 22.3705
195000 20000 150019 18.7884
190000 25000 150022 21.8707
195000 25000 150018 18.3204
195000 20000 150019 18.7884
200000 20000 150014 13.7406
195000 25000 150018 18.3204
200000 25000 150017 16.8227
190000 25000 150022 21.8707
195000 25000 150018 18.3204
190000 30000 150024 23.9338
195000 30000 150020 20.3876
195000 25000 150018 18.3204
200000 25000 150017 16.8227
195000 30000 150020 20.3876
200000 30000 150018 17.741
200000 20000 150014 13.7406
205000 20000 150012 11.8939
200000 25000 150017 16.8227
205000 25000 150015 15.0672
205000 20000 150012 11.8939
210000 20000 150011 11.2851
205000 25000 150015 15.0672
210000 25000 150013 12.8365
200000 25000 150017 16.8227
205000 25000 150015 15.0672
200000 30000 150018 17.741
205000 30000 150014 13.8572
205000 25000 150015 15.0672
210000 25000 150013 12.8365
205000 30000 150014 13.8572
210000 30000 150011 10.6972
210000 20000 150011 11.2851
215000 20000 150010 9.82482
210000 25000 150013 12.8365
215000 25000 150010 10.2684
215000 20000 150010 9.82482
220000 20000 150008 7.81715
215000 25000 150010 10.2684
220000 25000 150009 8.57437
210000 25000 150013 12.8365
215000 25000 150010 10.2684
210000 30000 150011 10.6972
215000 30000 150010 9.89227
215000 25000 150010 10.2684
220000 25000 150009 8.57437
215000 30000 150010 9.89227
220000 30000 150007 6.68161
220000 20000 150008 7.81715
225000 20000 150005 5.06089
220000 25000 150009 8.57437
225000 25000 150004 4.42592
225000 20000 150005 5.06089
230000 20000 150002 1.9051
225000 25000 150004 4.42592
230000 25000 150002 2.45246
220000 25000 150009 8.57437
225000 25000 150004 4.42592
220000 30000 150007 6.68161
225000 30000 150006 6.01392
225000 25000 150004 4.42592
230000 25000 150002 2.45246
225000 30000 150006 6.01392
230000 30000 150002 1.64758
230000 20000 150002 1.9051
235000 20000 150001 1.25385
230000 25000 150002 2.45246
235000 25000 150002 2.26323
235000 20000 150001 1.25385
240000 20000 150001 0.827305
235000 25000 150002 2.26323
240000 25000 150001 0.971652
230000 25000 150002 2.45246
235000 25000 150002 2.26323
230000 30000 150002 1.64758
235000 30000 150002 1.90344
235000 25000 150002 2.26323
240000 25000 150001 0.971652
235000 30000 150002 1.90344
240000 30000 150001 1.0229
160000 30000 150011 10.5334
165000 30000 150016 15.7613
160000 35000 150013 12.9718
165000 35000 150015 15.3867
165000 30000 150016 15.7613
170000 30000 150019 19.4369
165000 35000 150015 15.3867
170000 35000 150020 19.8535
160000 35000 150013 12.9718
165000 35000 150015 15.3867
160000 40000 149997 -3.192
165000 40000 150011 10.6412
165000 35000 150015 15.3867
170000 35000 150020 19.8535
165000 40000 150011 10.6412
170000 40000 150019 19.1021
170000 30000 150019 19.4369
175000 30000 150022 22.0968
170000 35000 150020 19.8535
175000 35000 150024 24.1526
175000 30000 150022 22.0968
180000 30000 150024 23.8659
175000 35000 150024 24.1526
180000 35000 150025 25.0701
170000 35000 150020 19.8535
175000 35000 150024 24.1526
170000 40000 150019 19.1021
175000 40000 150022 22.1403
175000 35000 150024 24.1526
180000 35000 150025 25.0701
175000 40000 150022 22.1403
180000 40000 150025 25.3243
180000 30000 150024 23.8659
185000 30000 150026 26.3035
180000 35000 150025 25.0701
185000 35000 150026 25.8867
185000 30000 150026 26.3035
190000 30000 150024 23.9338
185000 35000 150026 25.8867
190000 35000 150025 25.1615
180000 35000 150025 25.0701
185000 35000 150026 25.8867
180000 40000 150025 25.3243
185000 40000 150027 26.932
185000 35000 150026 25.8867
190000 35000 150025 25.1615
185000 40000 150027 26.932
190000 40000 150027 26.9343
190000 30000 150024 23.9338
195000 30000 150020 20.3876
190000 35000 150025 25.1615
195000 35000 150022 22.4865
195000 30000 150020 20.3876
200000 30000 150018 17.741
195000 35000 150022 22.4865
200000 35000 150018 18.4146
190000 35000 150025 25.1615
195000 35000 150022 22.4865
190000 40000 150027 26.9343
195000 40000 150023 22.7576
195000 35000 150022 22.4865
200000 35000 150018 18.4146
195000 40000 150023 22.7576
200000 40000 150022 21.9068
200000 30000 150018 17.741
205000 30000 150014 13.8572
200000 35000 150018 18.4146
205000 35000 150018 17.5997
205000 30000 150014 13.8572
210000 30000 150011 10.6972
205000 35000 150018 17.5997
210000 35000 150011 11.0572
200000 35000 150018 18.4146
205000 35000 150018 17.5997
200000 40000 150022 21.9068
205000 40000 150018 17.5378
205000 35000 150018 17.5997
210000 35000 150011 11.0572
205000 40000 150018 17.5378
210000 40000 150014 14.2437
210000 30000 150011 10.6972
215000 30000 150010 9.89227
210000 35000 150011 11.0572
215000 35000 150009 8.58169
215000 30000 150010 9.89227
220000 30000 150007 6.68161
215000 35000 150009 8.58169
220000 35000 150008 8.16002
210000 35000 150011 11.0572
215000 35000 150009 8.58169
210000 40000 150014 14.2437
215000 40000 150011 11.0277
215000 35000 150009 8.58169
220000 35000 150008 8.16002
215000 40000 150011 11.0277
220000 40000 150007 7.41466
220000 30000 150007 6.68161
225000 30000 150006 6.01392
220000 35000 150008 8.16002
225000 35000 150007 6.55923
225000 30000 150006 6.01392
230000 30000 150002 1.64758
225000 35000 150007 6.55923
230000 35000 150005 5.36658
220000 35000 150008 8.16002
225000 35000 150007 6.55923
220000 40000 150007 7.41466
225000 40000 150005 5.38674
225000 35000 150007 6.55923
230000 35000 150005 5.36658
225000 40000 150005 5.38674
230000 40000 150005 4.65902
230000 30000 150002 1.64758
235000 30000 150002 1.90344
230000 35000 150005 5.36658
235000 35000 150004 3.59561
235000 30000 150002 1.90344
240000 30000 150001 1.0229
235000 35000 150004 3.59561
240000 35000 150001 0.985493
230000 35000 150005 5.36658
235000 35000 150004 3.59561
230000 40000 150005 4.65902
235000 40000 150002 2.08728
235000 35000 150004 3.59561
240000 35000 150001 0.985493
235000 40000 150002 2.08728
240000 40000 150001 0.961795
160000 40000 149997 -3.192
165000 40000 150011 10.6412
160000 45000 150008 7.77411
165000 45000 150016 15.9525
165000 40000 150011 10.6412
170000 40000 150019 19.1021
165000 45000 150016 15.9525
170000 45000 150018 18.1736
160000 45000 150008 7.77411
165000 45000 150016 15.9525
160000 50000 149986 -14.1357
165000 50000 150002 1.80207
165000 45000 150016 15.9525
170000 45000 150018 18.1736
165000 50000 150002 1.80207
170000 50000 150016 16.1571
170000 40000 150019 19.1021
175000 40000 150022 22.1403
170000 45000 150018 18.1736
175000 45000 150022 21.5009
175000 40000 150022 22.1403
180000 40000 150025 25.3243
175000 45000 150022 21.5009
180000 45000 150025 24.8496
170000 45000 150018 18.1736
175000 45000 150022 21.5009
170000 50000 150016 16.1571
175000 50000 150022 21.664
175000 45000 150022 21.5009
180000 45000 150025 24.8496
175000 50000 150022 21.664
180000 50000 150026 25.5968
180000 40000 150025 25.3243
185000 40000 150027 26.932
180000 45000 150025 24.8496
185000 45000 150028 27.7009
185000 40000 150027 26.932
190000 40000 150027 26.9343
185000 45000 150028 27.7009
190000 45000 150026 26.1431
180000 45000 150025 24.8496
185000 45000 150028 27.7009
180000 50000 150026 25.5968
185000 50000 150028 27.5294
185000 45000 150028 27.7009
190000 45000 150026 26.1431
185000 50000 150028 27.5294
190000 50000 150028 28.0428
190000 40000 150027 26.9343
195000 40000 150023 22.7576
190000 45000 150026 26.1431
195000 45000 150026 25.6878
195000 40000 150023 22.7576
200000 40000 150022 21.9068
195000 45000 150026 25.6878
200000 45000 150023 22.5048
190000 45000 150026 26.1431
195000 45000 150026 25.6878
190000 50000 150028 28.0428
195000 50000 150027 26.7871
195000 45000 150026 25.6878
200000 45000 150023 22.5048
195000 50000 150027 26.7871
200000 50000 150025 24.9256
200000 40000 150022 21.9068
205000 40000 150018 17.5378
200000 45000 150023 22.5048
205000 45000 150018 17.8875
205000 40000 150018 17.5378
210000 40000 150014 14.2437
205000 45000 150018 17.8875
210000 45000 150014 14.1096
200000 45000 150023 22.5048
205000 45000 150018 17.8875
200000 50000 150025 24.9256
205000 50000 150022 21.9812
205000 45000 150018 17.8875
210000 45000 150014 14.1096
205000 50000 150022 21.9812
210000 50000 150017 16.5527
210000 40000 150014 14.2437
215000 40000 150011 11.0277
210000 45000 150014 14.1096
215000 45000 150011 11.4073
215000 40000 150011 11.0277
220000 40000 150007 7.41466
215000 45000 150011 11.4073
220000 45000 150011 11.4748
210000 45000 150014 14.1096
215000 45000 150011 11.4073
210000 50000 150017 16.5527
215000 50000 150011 10.7938
215000 45000 150011 11.4073
220000 45000 150011 11.4748
215000 50000 150011 10.7938
220000 50000 150007 7.4095
220000 40000 150007 7.41466
225000 40000 150005 5.38674
220000 45000 150011 11.4748
225000 45000 150009 8.53961
225000 40000 150005 5.38674
230000 40000 150005 4.65902
225000 45000 150009 8.53961
230000 45000 150005 4.64404
220000 45000 150011 11.4748
225000 45000 150009 8.53961
220000 50000 150007 7.4095
225000 50000 150008 7.8081
225000 45000 150009 8.53961
230000 45000 150005 4.64404
225000 50000 150008 7.8081
230000 50000 150002 2.10631
230000 40000 150005 4.65902
235000 40000 150002 2.08728
230000 45000 150005 4.64404
235000 45000 150002 2.13384
235000 40000 150002 2.08728
240000 40000 150001 0.961795
235000 45000 150002 2.13384
240000 45000 150000 -0.489724
230000 45000 150005 4.64404
235000 45000 150002 2.13384
230000 50000 150002 2.10631
235000 50000 150002 2.33681
235000 45000 150002 2.13384
240000 45000 150000 -0.489724
235000 50000 150002 2.33681
240000 50000 150002 1.94799
160000 50000 149986 -14.1357
165000 50000 150002 1.80207
160000 55000 149978 -21.5532
165000 55000 150003 2.70835
165000 50000 150002 1.80207
170000 50000 150016 16.1571
165000 55000 150003 2.70835
170000 55000 150014 13.6827
160000 55000 149978 -21.5532
165000 55000 150003 2.70835
160000 60000 149962 -37.6543
165000 60000 149996 -4.13532
165000 55000 150003 2.70835
170000 55000 150014 13.6827
165000 60000 149996 -4.13532
170000 60000 150008 7.73399
170000 50000 150016 16.1571
175000 50000 150022 21.664
170000 55000 150014 13.6827
175000 55000 150019 19.3071
175000 50000 150022 21.664
180000 50000 150026 25.5968
175000 55000 150019 19.3071
180000 55000 150024 24.3523
170000 55000 150014 13.6827
175000 55000 150019 19.3071
170000 60000 150008 7.73399
175000 60000 150023 23.1953
175000 55000 150019 19.3071
180000 55000 150024 24.3523
175000 60000 150023 23.1953
180000 60000 150026 25.9492
180000 50000 150026 25.5968
185000 50000 150028 27.5294
180000 55000 150024 24.3523
185000 55000 150028 28.0207
185000 50000 150028 27.5294
190000 50000 150028 28.0428
185000 55000 150028 28.0207
190000 55000 150030 29.8366
180000 55000 150024 24.3523
185000 55000 150028 28.0207
180000 60000 150026 25.9492
185000 60000 150027 27.0421
185000 55000 150028 28.0207
190000 55000 150030 29.8366
185000 60000 150027 27.0421
190000 60000 150029 28.7939
190000 50000 150028 28.0428
195000 50000 150027 26.7871
190000 55000 150030 29.8366
195000 55000 150029 28.5864
195000 50000 150027 26.7871
200000 50000 150025 24.9256
195000 55000 150029 28.5864
200000 55000 150024 24.3524
190000 55000 150030 29.8366
195000 55000 150029 28.5864
190000 60000 150029 28.7939
195000 60000 150028 28.0703
195000 55000 150029 28.5864
200000 55000 150024 24.3524
195000 60000 150028 28.0703
200000 60000 150024 24.3328
200000 50000 150025 24.9256
205000 50000 150022 21.9812
200000 55000 150024 24.3524
205000 55000 150020 19.8716
205000 50000 150022 21.9812
210000 50000 150017 16.5527
205000 55000 150020 19.8716
210000 55000 150015 14.7013
200000 55000 150024 24.3524
205000 55000 150020 19.8716
200000 60000 150024 24.3328
205000 60000 150024 23.5776
205000 55000 150020 19.8716
210000 55000 150015 14.7013
205000 60000 150024 23.5776
210000 60000 150021 20.7639
210000 50000 150017 16.5527
215000 50000 150011 10.7938
210000 55000 150015 14.7013
215000 55000 150016 16.0129
215000 50000 150011 10.7938
220000 50000 150007 7.4095
215000 55000 150016 16.0129
220000 55000 150013 12.6634
210000 55000 150015 14.7013
215000 55000 150016 16.0129
210000 60000 150021 20.7639
215000 60000 150018 17.7172
215000 55000 150016 16.0129
220000 55000 150013 12.6634
215000 60000 150018 17.7172
220000 60000 150013 12.6173
220000 50000 150007 7.4095
225000 50000 150008 7.8081
220000 55000 150013 12.6634
225000 55000 150007 7.31307
225000 50000 150008 7.8081
230000 50000 150002 2.10631
225000 55000 150007 7.31307
230000 55000 150006 6.34818
220000 55000 150013 12.6634
225000 55000 150007 7.31307
220000 60000 150013 12.6173
225000 60000 150009 9.45989
225000 55000 150007 7.31307
230000 55000 150006 6.34818
225000 60000 150009 9.45989
230000 60000 150007 7.07578
230000 50000 150002 2.10631
235000 50000 150002 2.33681
230000 55000 150006 6.34818
235000 55000 150004 3.66834
235000 50000 150002 2.33681
240000 50000 150002 1.94799
235000 55000 150004 3.66834
240000 55000 150001 1.43655
230000 55000 150006 6.34818
235000 55000 150004 3.66834
230000 60000 150007 7.07578
235000 60000 150004 4.32283
235000 55000 150004 3.66834
240000 55000 150001 1.43655
235000 60000 150004 4.32283
240000 60000 150002 2.08173
160000 60000 149962 -37.6543
165000 60000 149996 -4.13532
160000 65000 149950 -50.1562
165000 65000 149970 -30.0138
165000 60000 149996 -4.13532
170000 60000 150008 7.73399
165000 65000 149970 -30.0138
170000 65000 150008 8.21506
160000 65000 149950 -50.1562
165000 65000 149970 -30.0138
160000 70000 149918 -81.5648
165000 70000 149961 -38.7454
165000 65000 149970 -30.0138
170000 65000 150008 8.21506
165000 70000 149961 -38.7454
170000 70000 149996 -3.53939
170000 60000 150008 7.73399
175000 60000 150023 23.1953
170000 65000 150008 8.21506
175000 65000 150025 24.8626
175000 60000 150023 23.1953
180000 60000 150026 25.9492
175000 65000 150025 24.8626
180000 65000 150027 26.9633
170000 65000 150008 8.21506
175000 65000 150025 24.8626
170000 70000 149996 -3.53939
175000 70000 150016 16.1956
175000 65000 150025 24.8626
180000 65000 150027 26.9633
175000 70000 150016 16.1956
180000 70000 150026 25.9641
180000 60000 150026 25.9492
185000 60000 150027 27.0421
180000 65000 150027 26.9633
185000 65000 150028 28.2152
185000 60000 150027 27.0421
190000 60000 150029 28.7939
185000 65000 150028 28.2152
190000 65000 150030 29.6842
180000 65000 150027 26.9633
185000 65000 150028 28.2152
180000 70000 150026 25.9641
185000 70000 150029 29.4543
185000 65000 150028 28.2152
190000 65000 150030 29.6842
185000 70000 150029 29.4543
190000 70000 150030 30.4731
190000 60000 150029 28.7939
195000 60000 150028 28.0703
190000 65000 150030 29.6842
195000 65000 150028 27.5456
195000 60000 150028 28.0703
200000 60000 150024 24.3328
195000 65000 150028 27.5456
200000 65000 150028 28.0478
190000 65000 150030 29.6842
195000 65000 150028 27.5456
190000 70000 150030 30.4731
195000 70000 150031 31.3211
195000 65000 150028 27.5456
200000 65000 150028 28.0478
195000 70000 150031 31.3211
200000 70000 150030 29.898
160000 70000 149918 -81.5648
165000 70000 149961 -38.7454
160000 75000 149894 -105.691
165000 75000 149945 -55.3477
165000 70000 149961 -38.7454
170000 70000 149996 -3.53939
165000 75000 149945 -55.3477
170000 75000 149973 -27.1273
160000 75000 149894 -105.691
165000 75000 149945 -55.3477
160000 80000 149893 -106.72
165000 80000 149915 -85.1441
165000 75000 149945 -55.3477
170000 75000 149973 -27.1273
165000 80000 149915 -85.1441
170000 80000 149962 -37.8584
170000 70000 149996 -3.53939
175000 70000 150016 16.1956
170000 75000 149973 -27.1273
175000 75000 150007 6.64506
175000 70000 150016 16.1956
180000 70000 150026 25.9641
175000 75000 150007 6.64506
180000 75000 150027 27.1876
170000 75000 149973 -27.1273
175000 75000 150007 6.64506
170000 80000 149962 -37.8584
175000 80000 150001 0.823657
175000 75000 150007 6.64506
180000 75000 150027 27.1876
175000 80000 150001 0.823657
180000 80000 150026 25.7853
180000 70000 150026 25.9641
185000 70000 150029 29.4543
180000 75000 150027 27.1876
185000 75000 150033 32.5526
185000 70000 150029 29.4543
190000 70000 150030 30.4731
185000 75000 150033 32.5526
190000 75000 150033 33.3048
180000 75000 150027 27.1876
185000 75000 150033 32.5526
180000 80000 150026 25.7853
185000 80000 150032 32.0622
185000 75000 150033 32.5526
190000 75000 150033 33.3048
185000 80000 150032 32.0622
190000 80000 150033 33.2438
190000 70000 150030 30.4731
195000 70000 150031 31.3211
190000 75000 150033 33.3048
195000 75000 150032 31.9341
195000 70000 150031 31.3211
200000 70000 150030 29.898
195000 75000 150032 31.9341
200000 75000 150030 29.9471
190000 75000 150033 33.3048
195000 75000 150032 31.9341
190000 80000 150033 33.2438
195000 80000 150032 32.3844
195000 75000 150032 31.9341
200000 75000 150030 29.9471
195000 80000 150032 32.3844
200000 80000 150032 31.797
110000 80000 150022 22.2641
115000 80000 150022 22.3448
110000 85000 150019 18.965
115000 85000 150021 20.9188
115000 80000 150022 22.3448
120000 80000 150023 22.8397
115000 85000 150021 20.9188
120000 85000 150022 22.2646
110000 85000 150019 18.965
115000 85000 150021 20.9188
110000 90000 150018 17.8174
115000 90000 150020 19.7364
115000 85000 150021 20.9188
120000 85000 150022 22.2646
115000 90000 150020 19.7364
120000 90000 150021 20.913
120000 80000 150023 22.8397
125000 80000 150021 20.5917
120000 85000 150022 22.2646
125000 85000 150020 19.6628
125000 80000 150021 20.5917
130000 80000 150016 16.035
125000 85000 150020 19.6628
130000 85000 150017 16.9761
120000 85000 150022 22.2646
125000 85000 150020 19.6628
120000 90000 150021 20.913
125000 90000 150020 19.8687
125000 85000 150020 19.6628
130000 85000 150017 16.9761
125000 90000 150020 19.8687
130000 90000 150017 16.7303
130000 80000 150016 16.035
135000 80000 150012 11.8799
130000 85000 150017 16.9761
135000 85000 150014 14.4297
135000 80000 150012 11.8799
140000 80000 150010 10.1788
135000 85000 150014 14.4297
140000 85000 150012 12.0479
130000 85000 150017 16.9761
135000 85000 150014 14.4297
130000 90000 150017 16.7303
135000 90000 150012 12.497
135000 85000 150014 14.4297
140000 85000 150012 12.0479
135000 90000 150012 12.497
140000 90000 150006 6.32513
140000 80000 150010 10.1788
145000 80000 149999 -1.05375
140000 85000 150012 12.0479
145000 85000 150006 5.79713
145000 80000 149999 -1.05375
150000 80000 149969 -31.2783
145000 85000 150006 5.79713
150000 85000 149984 -15.7903
140000 85000 150012 12.0479
145000 85000 150006 5.79713
140000 90000 150006 6.32513
145000 90000 149993 -6.91501
145000 85000 150006 5.79713
150000 85000 149984 -15.7903
145000 90000 149993 -6.91501
150000 90000 149994 -6.04488
150000 80000 149969 -31.2783
155000 80000 149938 -62.057
150000 85000 149984 -15.7903
155000 85000 149960 -39.9803
155000 80000 149938 -62.057
160000 80000 149893 -106.72
155000 85000 149960 -39.9803
160000 85000 149914 -86.159
150000 85000 149984 -15.7903
155000 85000 149960 -39.9803
150000 90000 149994 -6.04488
155000 90000 149971 -28.8311
155000 85000 149960 -39.9803
160000 85000 149914 -86.159
155000 90000 149971 -28.8311
160000 90000 149944 -56.0237
100000 90000 150013 13.2024
105000 90000 150016 15.8818
100000 95000 150012 11.5496
105000 95000 150015 15.2263
105000 90000 150016 15.8818
110000 90000 150018 17.8174
105000 95000 150015 15.2263
110000 95000 150018 18.3935
100000 95000 150012 11.5496
105000 95000 150015 15.2263
100000 100000 150012 11.9077
105000 100000 150014 14.4602
105000 95000 150015 15.2263
110000 95000 150018 18.3935
105000 100000 150014 14.4602
110000 100000 150015 14.8119
110000 90000 150018 17.8174
115000 90000 150020 19.7364
110000 95000 150018 18.3935
115000 95000 150018 17.9815
115000 90000 150020 19.7364
120000 90000 150021 20.913
115000 95000 150018 17.9815
120000 95000 150019 19.3131
110000 95000 150018 18.3935
115000 95000 150018 17.9815
110000 100000 150015 14.8119
115000 100000 150019 18.6301
115000 95000 150018 17.9815
120000 95000 150019 19.3131
115000 100000 150019 18.6301
120000 100000 150019 18.7743
120000 90000 150021 20.913
125000 90000 150020 19.8687
120000 95000 150019 19.3131
125000 95000 150019 19.0197
125000 90000 150020 19.8687
130000 90000 150017 16.7303
125000 95000 150019 19.0197
130000 95000 150016 16.4043
120000 95000 150019 19.3131
125000 95000 150019 19.0197
120000 100000 150019 18.7743
125000 100000 150018 17.9121
125000 95000 150019 19.0197
130000 95000 150016 16.4043
125000 100000 150018 17.9121
130000 100000 150016 15.8701
130000 90000 150017 16.7303
135000 90000 150012 12.497
130000 95000 150016 16.4043
135000 95000 150012 12.4765
135000 90000 150012 12.497
140000 90000 150006 6.32513
135000 95000 150012 12.4765
140000 95000 150011 10.8085
130000 95000 150016 16.4043
135000 95000 150012 12.4765
130000 100000 150016 15.8701
135000 100000 150012 12.4543
135000 95000 150012 12.4765
140000 95000 150011 10.8085
135000 100000 150012 12.4543
140000 100000 150010 9.63239
140000 90000 150006 6.32513
145000 90000 149993 -6.91501
140000 95000 150011 10.8085
145000 95000 150008 7.83227
145000 90000 149993 -6.91501
150000 90000 149994 -6.04488
145000 95000 150008 7.83227
150000 95000 149999 -0.516017
140000 95000 150011 10.8085
145000 95000 150008 7.83227
140000 100000 150010 9.63239
145000 100000 150005 5.49094
145000 95000 150008 7.83227
150000 95000 149999 -0.516017
145000 100000 150005 5.49094
150000 100000 150001 1.29499
150000 90000 149994 -6.04488
155000 90000 149971 -28.8311
150000 95000 149999 -0.516017
155000 95000 149980 -20.1061
155000 90000 149971 -28.8311
160000 90000 149944 -56.0237
155000 95000 149980 -20.1061
160000 95000 149960 -39.6716
150000 95000 149999 -0.516017
155000 95000 149980 -20.1061
150000 100000 150001 1.29499
155000 100000 149988 -12.0726
155000 95000 149980 -20.1061
160000 95000 149960 -39.6716
155000 100000 149988 -12.0726
160000 100000 149968 -32.3301
80000 100000 149998 -2.19635
85000 100000 150003 2.78707
80000 105000 150003 2.71522
85000 105000 150004 3.75305
85000 100000 150003 2.78707
90000 100000 150003 3.37744
85000 105000 150004 3.75305
90000 105000 150006 5.50516
80000 105000 150003 2.71522
85000 105000 150004 3.75305
80000 110000 150001 1.17118
85000 110000 150001 1.1688
85000 105000 150004 3.75305
90000 105000 150006 5.50516
85000 110000 150001 1.1688
90000 110000 150005 4.58211
90000 100000 150003 3.37744
95000 100000 150007 6.56222
90000 105000 150006 5.50516
95000 105000 150007 7.12624
95000 100000 150007 6.56222
100000 100000 150012 11.9077
95000 105000 150007 7.12624
100000 105000 150010 9.60365
90000 105000 150006 5.50516
95000 105000 150007 7.12624
90000 110000 150005 4.58211
95000 110000 150009 8.78285
95000 105000 150007 7.12624
100000 105000 150010 9.60365
95000 110000 150009 8.78285
100000 110000 150011 10.838
100000 100000 150012 11.9077
105000 100000 150014 14.4602
100000 105000 150010 9.60365
105000 105000 150013 12.6879
105000 100000 150014 14.4602
110000 100000 150015 14.8119
105000 105000 150013 12.6879
110000 105000 150016 15.5088
100000 105000 150010 9.60365
105000 105000 150013 12.6879
100000 110000 150011 10.838
105000 110000 150015 14.752
105000 105000 150013 12.6879
110000 105000 150016 15.5088
105000 110000 150015 14.752
110000 110000 150015 15.2352
110000 100000 150015 14.8119
115000 100000 150019 18.6301
110000 105000 150016 15.5088
115000 105000 150017 17.1504
115000 100000 150019 18.6301
120000 100000 150019 18.7743
115000 105000 150017 17.1504
120000 105000 150018 17.8947
110000 105000 150016 15.5088
115000 105000 150017 17.1504
110000 110000 150015 15.2352
115000 110000 150015 14.6508
115000 105000 150017 17.1504
120000 105000 150018 17.8947
115000 110000 150015 14.6508
120000 110000 150016 15.7339
120000 100000 150019 18.7743
125000 100000 150018 17.9121
120000 105000 150018 17.8947
125000 105000 150018 17.8911
125000 100000 150018 17.9121
130000 100000 150016 15.8701
125000 105000 150018 17.8911
130000 105000 150018 17.9782
120000 105000 150018 17.8947
125000 105000 150018 17.8911
120000 110000 150016 15.7339
125000 110000 150017 17.3316
125000 105000 150018 17.8911
130000 105000 150018 17.9782
125000 110000 150017 17.3316
130000 110000 150016 15.5252
130000 100000 150016 15.8701
135000 100000 150012 12.4543
130000 105000 150018 17.9782
135000 105000 150012 12.1272
135000 100000 150012 12.4543
140000 100000 150010 9.63239
135000 105000 150012 12.1272
140000 105000 150006 6.25745
130000 105000 150018 17.9782
135000 105000 150012 12.1272
130000 110000 150016 15.5252
135000 110000 150014 13.6802
135000 105000 150012 12.1272
140000 105000 150006 6.25745
135000 110000 150014 13.6802
140000 110000 150007 7.31144
140000 100000 150010 9.63239
145000 100000 150005 5.49094
140000 105000 150006 6.25745
145000 105000 150000 0.00749926
145000 100000 150005 5.49094
150000 100000 150001 1.29499
145000 105000 150000 0.00749926
150000 105000 149997 -3.37125
140000 105000 150006 6.25745
145000 105000 150000 0.00749926
140000 110000 150007 7.31144
145000 110000 150003 3.48937
145000 105000 150000 0.00749926
150000 105000 149997 -3.37125
145000 110000 150003 3.48937
150000 110000 149994 -5.98161
150000 100000 150001 1.29499
155000 100000 149988 -12.0726
150000 105000 149997 -3.37125
155000 105000 149990 -10.3935
155000 100000 149988 -12.0726
160000 100000 149968 -32.3301
155000 105000 149990 -10.3935
160000 105000 149973 -27.3817
150000 105000 149997 -3.37125
155000 105000 149990 -10.3935
150000 110000 149994 -5.98161
155000 110000 149986 -13.9969
155000 105000 149990 -10.3935
160000 105000 149973 -27.3817
155000 110000 149986 -13.9969
160000 110000 149976 -23.6389
80000 110000 150001 1.17118
85000 110000 150001 1.1688
80000 115000 150000 0.185934
85000 115000 150003 3.43188
85000 110000 150001 1.1688
90000 110000 150005 4.58211
85000 115000 150003 3.43188
90000 115000 150005 5.26359
80000 115000 150000 0.185934
85000 115000 150003 3.43188
80000 120000 150001 0.655479
85000 120000 150003 2.64643
85000 115000 150003 3.43188
90000 115000 150005 5.26359
85000 120000 150003 2.64643
90000 120000 150005 4.53928
90000 110000 150005 4.58211
95000 110000 150009 8.78285
90000 115000 150005 5.26359
95000 115000 150009 8.5356
95000 110000 150009 8.78285
100000 110000 150011 10.838
95000 115000 150009 8.5356
100000 115000 150011 11.4937
90000 115000 150005 5.26359
95000 115000 150009 8.5356
90000 120000 150005 4.53928
95000 120000 150006 5.97849
95000 115000 150009 8.5356
100000 115000 150011 11.4937
95000 120000 150006 5.97849
100000 120000 150008 7.65431
100000 110000 150011 10.838
105000 110000 150015 14.752
100000 115000 150011 11.4937
105000 115000 150013 12.5285
105000 110000 150015 14.752
110000 110000 150015 15.2352
105000 115000 150013 12.5285
110000 115000 150014 14.2431
100000 115000 150011 11.4937
105000 115000 150013 12.5285
100000 120000 150008 7.65431
105000 120000 150012 12.1101
105000 115000 150013 12.5285
110000 115000 150014 14.2431
105000 120000 150012 12.1101
110000 120000 150015 15.0097
110000 110000 150015 15.2352
115000 110000 150015 14.6508
110000 115000 150014 14.2431
115000 115000 150016 15.987
115000 110000 150015 14.6508
120000 110000 150016 15.7339
115000 115000 150016 15.987
120000 115000 150017 17.0193
110000 115000 150014 14.2431
115000 115000 150016 15.987
110000 120000 150015 15.0097
115000 120000 150014 14.4044
115000 115000 150016 15.987
120000 115000 150017 17.0193
115000 120000 150014 14.4044
120000 120000 150017 17.2236
120000 110000 150016 15.7339
125000 110000 150017 17.3316
120000 115000 150017 17.0193
125000 115000 150017 16.8965
125000 110000 150017 17.3316
130000 110000 150016 15.5252
125000 115000 150017 16.8965
130000 115000 150016 16.0448
120000 115000 150017 17.0193
125000 115000 150017 16.8965
120000 120000 150017 17.2236
125000 120000 150017 17.4013
125000 115000 150017 16.8965
130000 115000 150016 16.0448
125000 120000 150017 17.4013
130000 120000 150016 15.6787
130000 110000 150016 15.5252
135000 110000 150014 13.6802
130000 115000 150016 16.0448
135000 115000 150013 13.1705
135000 110000 150014 13.6802
140000 110000 150007 7.31144
135000 115000 150013 13.1705
140000 115000 150006 6.20603
130000 115000 150016 16.0448
135000 115000 150013 13.1705
130000 120000 150016 15.6787
135000 120000 150013 12.864
135000 115000 150013 13.1705
140000 115000 150006 6.20603
135000 120000 150013 12.864
140000 120000 150010 9.59026
140000 110000 150007 7.31144
145000 110000 150003 3.48937
140000 115000 150006 6.20603
145000 115000 149998 -1.58401
145000 110000 150003 3.48937
150000 110000 149994 -5.98161
145000 115000 149998 -1.58401
150000 115000 149989 -10.8573
140000 115000 150006 6.20603
145000 115000 149998 -1.58401
140000 120000 150010 9.59026
145000 120000 150002 1.98864
145000 115000 149998 -1.58401
150000 115000 149989 -10.8573
145000 120000 150002 1.98864
150000 120000 149995 -4.5933
150000 110000 149994 -5.98161
155000 110000 149986 -13.9969
150000 115000 149989 -10.8573
155000 115000 149977 -22.8022
155000 110000 149986 -13.9969
160000 110000 149976 -23.6389
155000 115000 149977 -22.8022
160000 115000 149967 -32.7963
150000 115000 149989 -10.8573
155000 115000 149977 -22.8022
150000 120000 149995 -4.5933
155000 120000 149988 -11.9103
155000 115000 149977 -22.8022
160000 115000 149967 -32.7963
155000 120000 149988 -11.9103
160000 120000 149980 -20.4343
240000 0 150002 2.00926
245000 0 150000 0.0647927
240000 5000 150001 1.29306
245000 5000 150000 0.068007
245000 0 150000 0.0647927
250000 0 149999 -1.21694
245000 5000 150000 0.068007
250000 5000 149997 -3.08805
240000 5000 150001 1.29306
245000 5000 150000 0.068007
240000 10000 149998 -1.67665
245000 10000 149998 -2.19406
245000 5000 150000 0.068007
250000 5000 149997 -3.08805
245000 10000 149998 -2.19406
250000 10000 149999 -1.20831
250000 0 149999 -1.21694
255000 0 149998 -2.45422
250000 5000 149997 -3.08805
255000 5000 149998 -2.38419
255000 0 149998 -2.45422
260000 0 149997 -2.90456
255000 5000 149998 -2.38419
260000 5000 149996 -4.37112
250000 5000 149997 -3.08805
255000 5000 149998 -2.38419
250000 10000 149999 -1.20831
255000 10000 149997 -2.803
255000 5000 149998 -2.38419
260000 5000 149996 -4.37112
255000 10000 149997 -2.803
260000 10000 149997 -2.98437
260000 0 149997 -2.90456
265000 0 149996 -4.424
260000 5000 149996 -4.37112
265000 5000 149996 -3.83428
265000 0 149996 -4.424
270000 0 149996 -4.24487
265000 5000 149996 -3.83428
270000 5000 149996 -3.86145
260000 5000 149996 -4.37112
265000 5000 149996 -3.83428
260000 10000 149997 -2.98437
265000 10000 149995 -4.55619
265000 5000 149996 -3.83428
270000 5000 149996 -3.86145
265000 10000 149995 -4.55619
270000 10000 149996 -4.16977
270000 0 149996 -4.24487
275000 0 149995 -5.00122
270000 5000 149996 -3.86145
275000 5000 149996 -3.81039
275000 0 149995 -5.00122
280000 0 149995 -4.97335
275000 5000 149996 -3.81039
280000 5000 149995 -4.5562
270000 5000 149996 -3.86145
275000 5000 149996 -3.81039
270000 10000 149996 -4.16977
275000 10000 149996 -4.46666
275000 5000 149996 -3.81039
280000 5000 149995 -4.5562
275000 10000 149996 -4.46666
280000 10000 149996 -4.40204
280000 0 149995 -4.97335
285000 0 149995 -4.86057
280000 5000 149995 -4.5562
285000 5000 149995 -4.5562
285000 0 149995 -4.86057
290000 0 149996 -4.37912
285000 5000 149995 -4.5562
290000 5000 149996 -3.69857
280000 5000 149995 -4.5562
285000 5000 149995 -4.5562
280000 10000 149996 -4.40204
285000 10000 149995 -4.5562
285000 5000 149995 -4.5562
290000 5000 149996 -3.69857
285000 10000 149995 -4.5562
290000 10000 149995 -4.52334
290000 0 149996 -4.37912
295000 0 149996 -4.16523
290000 5000 149996 -3.69857
295000 5000 149996 -4.17931
295000 0 149996 -4.16523
300000 0 149996 -3.76514
295000 5000 149996 -4.17931
300000 5000 149996 -4.35021
290000 5000 149996 -3.69857
295000 5000 149996 -4.17931
290000 10000 149995 -4.52334
295000 10000 149996 -4.03472
295000 5000 149996 -4.17931
300000 5000 149996 -4.35021
295000 10000 149996 -4.03472
300000 10000 149996 -4.27063
240000 10000 149998 -1.67665
245000 10000 149998 -2.19406
240000 15000 150000 -0.202108
245000 15000 150000 -0.0584764
245000 10000 149998 -2.19406
250000 10000 149999 -1.20831
245000 15000 150000 -0.0584764
250000 15000 149999 -0.84679
240000 15000 150000 -0.202108
245000 15000 150000 -0.0584764
240000 20000 150001 0.827305
245000 20000 149999 -1.40116
245000 15000 150000 -0.0584764
250000 15000 149999 -0.84679
245000 20000 149999 -1.40116
250000 20000 149999 -1.10413
250000 10000 149999 -1.20831
255000 10000 149997 -2.803
250000 15000 149999 -0.84679
255000 15000 149998 -1.7452
255000 10000 149997 -2.803
260000 10000 149997 -2.98437
255000 15000 149998 -1.7452
260000 15000 149997 -2.94511
250000 15000 149999 -0.84679
255000 15000 149998 -1.7452
250000 20000 149999 -1.10413
255000 20000 149999 -1.45422
255000 15000 149998 -1.7452
260000 15000 149997 -2.94511
255000 20000 149999 -1.45422
260000 20000 149998 -2.07335
260000 10000 149997 -2.98437
265000 10000 149995 -4.55619
260000 15000 149997 -2.94511
265000 15000 149997 -3.34431
265000 10000 149995 -4.55619
270000 10000 149996 -4.16977
265000 15000 149997 -3.34431
270000 15000 149995 -4.5562
260000 15000 149997 -2.94511
265000 15000 149997 -3.34431
260000 20000 149998 -2.07335
265000 20000 149996 -4.05476
265000 15000 149997 -3.34431
270000 15000 149995 -4.5562
265000 20000 149996 -4.05476
270000 20000 149996 -3.54466
270000 10000 149996 -4.16977
275000 10000 149996 -4.46666
270000 15000 149995 -4.5562
275000 15000 149996 -4.26998
275000 10000 149996 -4.46666
280000 10000 149996 -4.40204
275000 15000 149996 -4.26998
280000 15000 149996 -4.28515
270000 15000 149995 -4.5562
275000 15000 149996 -4.26998
270000 20000 149996 -3.54466
275000 20000 149995 -4.55619
275000 15000 149996 -4.26998
280000 15000 149996 -4.28515
275000 20000 149995 -4.55619
280000 20000 149995 -4.5562
280000 10000 149996 -4.40204
285000 10000 149995 -4.5562
280000 15000 149996 -4.28515
285000 15000 149995 -4.5562
285000 10000 149995 -4.5562
290000 10000 149995 -4.52334
285000 15000 149995 -4.5562
290000 15000 149995 -4.52476
280000 15000 149996 -4.28515
285000 15000 149995 -4.5562
280000 20000 149995 -4.5562
285000 20000 149995 -4.5562
285000 15000 149995 -4.5562
290000 15000 149995 -4.52476
285000 20000 149995 -4.5562
290000 20000 149995 -4.52229
290000 10000 149995 -4.52334
295000 10000 149996 -4.03472
290000 15000 149995 -4.52476
295000 15000 149995 -4.51258
295000 10000 149996 -4.03472
300000 10000 149996 -4.27063
295000 15000 149995 -4.51258
300000 15000 149995 -4.50364
290000 15000 149995 -4.52476
295000 15000 149995 -4.51258
290000 20000 149995 -4.52229
295000 20000 149996 -4.37683
295000 15000 149995 -4.51258
300000 15000 149995 -4.50364
295000 20000 149996 -4.37683
300000 20000 149995 -4.6057
240000 20000 150001 0.827305
245000 20000 149999 -1.40116
240000 25000 150001 0.971652
245000 25000 150000 0.109752
245000 20000 149999 -1.40116
250000 20000 149999 -1.10413
245000 25000 150000 0.109752
250000 25000 149998 -2.27278
240000 25000 150001 0.971652
245000 25000 150000 0.109752
240000 30000 150001 1.0229
245000 30000 150000 -0.349608
245000 25000 150000 0.109752
250000 25000 149998 -2.27278
245000 30000 150000 -0.349608
250000 30000 149999 -1.45897
250000 20000 149999 -1.10413
255000 20000 149999 -1.45422
250000 25000 149998 -2.27278
255000 25000 149998 -2.00818
255000 20000 149999 -1.45422
260000 20000 149998 -2.07335
255000 25000 149998 -2.00818
260000 25000 149997 -3.3488
250000 25000 149998 -2.27278
255000 25000 149998 -2.00818
250000 30000 149999 -1.45897
255000 30000 149998 -2.33801
255000 25000 149998 -2.00818
260000 25000 149997 -3.3488
255000 30000 149998 -2.33801
260000 30000 149997 -2.71675
260000 20000 149998 -2.07335
265000 20000 149996 -4.05476
260000 25000 149997 -3.3488
265000 25000 149997 -3.19724
265000 20000 149996 -4.05476
270000 20000 149996 -3.54466
265000 25000 149997 -3.19724
270000 25000 149996 -3.66968
260000 25000 149997 -3.3488
265000 25000 149997 -3.19724
260000 30000 149997 -2.71675
265000 30000 149997 -2.58752
265000 25000 149997 -3.19724
270000 25000 149996 -3.66968
265000 30000 149997 -2.58752
270000 30000 149997 -2.9276
270000 20000 149996 -3.54466
275000 20000 149995 -4.55619
270000 25000 149996 -3.66968
275000 25000 149997 -3.41406
275000 20000 149995 -4.55619
280000 20000 149995 -4.5562
275000 25000 149997 -3.41406
280000 25000 149996 -3.59851
270000 25000 149996 -3.66968
275000 25000 149997 -3.41406
270000 30000 149997 -2.9276
275000 30000 149997 -3.34495
275000 25000 149997 -3.41406
280000 25000 149996 -3.59851
275000 30000 149997 -3.34495
280000 30000 149996 -3.96579
280000 20000 149995 -4.5562
285000 20000 149995 -4.5562
280000 25000 149996 -3.59851
285000 25000 149995 -4.62175
285000 20000 149995 -4.5562
290000 20000 149995 -4.52229
285000 25000 149995 -4.62175
290000 25000 149996 -4.47006
280000 25000 149996 -3.59851
285000 25000 149995 -4.62175
280000 30000 149996 -3.96579
285000 30000 149995 -4.63857
285000 25000 149995 -4.62175
290000 25000 149996 -4.47006
285000 30000 149995 -4.63857
290000 30000 149995 -4.65978
290000 20000 149995 -4.52229
295000 20000 149996 -4.37683
290000 25000 149996 -4.47006
295000 25000 149996 -4.37849
295000 20000 149996 -4.37683
300000 20000 149995 -4.6057
295000 25000 149996 -4.37849
300000 25000 149995 -4.6569
290000 25000 149996 -4.47006
295000 25000 149996 -4.37849
290000 30000 149995 -4.65978
295000 30000 149995 -4.86427
295000 25000 149996 -4.37849
300000 25000 149995 -4.6569
295000 30000 149995 -4.86427
300000 30000 149995 -5.04307
240000 30000 150001 1.0229
245000 30000 150000 -0.349608
240000 35000 150001 0.985493
245000 35000 150000 0.0923396
245000 30000 150000 -0.349608
250000 30000 149999 -1.45897
245000 35000 150000 0.0923396
250000 35000 150000 -0.499823
240000 35000 150001 0.985493
245000 35000 150000 0.0923396
240000 40000 150001 0.961795
245000 40000 150000 -0.186603
245000 35000 150000 0.0923396
250000 35000 150000 -0.499823
245000 40000 150000 -0.186603
250000 40000 150000 -0.0825209
250000 30000 149999 -1.45897
255000 30000 149998 -2.33801
250000 35000 150000 -0.499823
255000 35000 149998 -2.02441
255000 30000 149998 -2.33801
260000 30000 149997 -2.71675
255000 35000 149998 -2.02441
260000 35000 149997 -3.205
250000 35000 150000 -0.499823
255000 35000 149998 -2.02441
250000 40000 150000 -0.0825209
255000 40000 149999 -0.83439
255000 35000 149998 -2.02441
260000 35000 149997 -3.205
255000 40000 149999 -0.83439
260000 40000 149998 -1.72926
260000 30000 149997 -2.71675
265000 30000 149997 -2.58752
260000 35000 149997 -3.205
265000 35000 149996 -3.54417
265000 30000 149997 -2.58752
270000 30000 149997 -2.9276
265000 35000 149996 -3.54417
270000 35000 149996 -4.13241
260000 35000 149997 -3.205
265000 35000 149996 -3.54417
260000 40000 149998 -1.72926
265000 40000 149997 -3.02845
265000 35000 149996 -3.54417
270000 35000 149996 -4.13241
265000 40000 149997 -3.02845
270000 40000 149997 -3.19095
270000 30000 149997 -2.9276
275000 30000 149997 -3.34495
270000 35000 149996 -4.13241
275000 35000 149996 -3.60433
275000 30000 149997 -3.34495
280000 30000 149996 -3.96579
275000 35000 149996 -3.60433
280000 35000 149996 -3.59538
270000 35000 149996 -4.13241
275000 35000 149996 -3.60433
270000 40000 149997 -3.19095
275000 40000 149997 -2.7094
275000 35000 149996 -3.60433
280000 35000 149996 -3.59538
275000 40000 149997 -2.7094
280000 40000 149997 -3.45549
280000 30000 149996 -3.96579
285000 30000 149995 -4.63857
280000 35000 149996 -3.59538
285000 35000 149996 -4.16794
285000 30000 149995 -4.63857
290000 30000 149995 -4.65978
285000 35000 149996 -4.16794
290000 35000 149996 -4.16884
280000 35000 149996 -3.59538
285000 35000 149996 -4.16794
280000 40000 149997 -3.45549
285000 40000 149996 -3.66928
285000 35000 149996 -4.16794
290000 35000 149996 -4.16884
285000 40000 149996 -3.66928
290000 40000 149997 -3.46478
290000 30000 149995 -4.65978
295000 30000 149995 -4.86427
290000 35000 149996 -4.16884
295000 35000 149996 -4.32357
295000 30000 149995 -4.86427
300000 30000 149995 -5.04307
295000 35000 149996 -4.32357
300000 35000 149996 -4.46482
290000 35000 149996 -4.16884
295000 35000 149996 -4.32357
290000 40000 149997 -3.46478
295000 40000 149996 -3.99777
295000 35000 149996 -4.32357
300000 35000 149996 -4.46482
295000 40000 149996 -3.99777
300000 40000 149995 -4.92625
240000 40000 150001 0.961795
245000 40000 150000 -0.186603
240000 45000 150000 -0.489724
245000 45000 150000 0.0783074
245000 40000 150000 -0.186603
250000 40000 150000 -0.0825209
245000 45000 150000 0.0783074
250000 45000 149998 -1.76237
240000 45000 150000 -0.489724
245000 45000 150000 0.0783074
240000 50000 150002 1.94799
245000 50000 150001 0.559536
245000 45000 150000 0.0783074
250000 45000 149998 -1.76237
245000 50000 150001 0.559536
250000 50000 150000 0.207741
250000 40000 150000 -0.0825209
255000 40000 149999 -0.83439
250000 45000 149998 -1.76237
255000 45000 149998 -1.56259
255000 40000 149999 -0.83439
260000 40000 149998 -1.72926
255000 45000 149998 -1.56259
260000 45000 149997 -3.24485
250000 45000 149998 -1.76237
255000 45000 149998 -1.56259
250000 50000 150000 0.207741
255000 50000 149999 -0.549072
255000 45000 149998 -1.56259
260000 45000 149997 -3.24485
255000 50000 149999 -0.549072
260000 50000 149998 -1.568
260000 40000 149998 -1.72926
265000 40000 149997 -3.02845
260000 45000 149997 -3.24485
265000 45000 149996 -3.56802
265000 40000 149997 -3.02845
270000 40000 149997 -3.19095
265000 45000 149996 -3.56802
270000 45000 149996 -3.59366
260000 45000 149997 -3.24485
265000 45000 149996 -3.56802
260000 50000 149998 -1.568
265000 50000 149998 -2.41049
265000 45000 149996 -3.56802
270000 45000 149996 -3.59366
265000 50000 149998 -2.41049
270000 50000 149997 -2.86517
270000 40000 149997 -3.19095
275000 40000 149997 -2.7094
270000 45000 149996 -3.59366
275000 45000 149997 -2.57232
275000 40000 149997 -2.7094
280000 40000 149997 -3.45549
275000 45000 149997 -2.57232
280000 45000 149997 -3.12704
270000 45000 149996 -3.59366
275000 45000 149997 -2.57232
270000 50000 149997 -2.86517
275000 50000 149996 -3.59516
275000 45000 149997 -2.57232
280000 45000 149997 -3.12704
275000 50000 149996 -3.59516
280000 50000 149997 -3.41529
280000 40000 149997 -3.45549
285000 40000 149996 -3.66928
280000 45000 149997 -3.12704
285000 45000 149996 -3.98987
285000 40000 149996 -3.66928
290000 40000 149997 -3.46478
285000 45000 149996 -3.98987
290000 45000 149996 -4.34346
280000 45000 149997 -3.12704
285000 45000 149996 -3.98987
280000 50000 149997 -3.41529
285000 50000 149996 -3.75264
285000 45000 149996 -3.98987
290000 45000 149996 -4.34346
285000 50000 149996 -3.75264
290000 50000 149997 -3.28446
290000 40000 149997 -3.46478
295000 40000 149996 -3.99777
290000 45000 149996 -4.34346
295000 45000 149995 -4.53616
295000 40000 149996 -3.99777
300000 40000 149995 -4.92625
295000 45000 149995 -4.53616
300000 45000 149996 -3.97271
290000 45000 149996 -4.34346
295000 45000 149995 -4.53616
290000 50000 149997 -3.28446
295000 50000 149996 -3.64588
295000 45000 149995 -4.53616
300000 45000 149996 -3.97271
295000 50000 149996 -3.64588
300000 50000 149995 -4.61793
240000 50000 150002 1.94799
245000 50000 150001 0.559536
240000 55000 150001 1.43655
245000 55000 150001 1.07617
245000 50000 150001 0.559536
250000 50000 150000 0.207741
245000 55000 150001 1.07617
250000 55000 149999 -1.2713
240000 55000 150001 1.43655
245000 55000 150001 1.07617
240000 60000 150002 2.08173
245000 60000 150000 -0.264641
245000 55000 150001 1.07617
250000 55000 149999 -1.2713
245000 60000 150000 -0.264641
250000 60000 150000 -0.119121
250000 50000 150000 0.207741
255000 50000 149999 -0.549072
250000 55000 149999 -1.2713
255000 55000 149997 -2.98134
255000 50000 149999 -0.549072
260000 50000 149998 -1.568
255000 55000 149997 -2.98134
260000 55000 149997 -3.19435
250000 55000 149999 -1.2713
255000 55000 149997 -2.98134
250000 60000 150000 -0.119121
255000 60000 150000 -0.245405
255000 55000 149997 -2.98134
260000 55000 149997 -3.19435
255000 60000 150000 -0.245405
260000 60000 149999 -1.09481
260000 50000 149998 -1.568
265000 50000 149998 -2.41049
260000 55000 149997 -3.19435
265000 55000 149997 -3.43291
265000 50000 149998 -2.41049
270000 50000 149997 -2.86517
265000 55000 149997 -3.43291
270000 55000 149997 -2.54554
260000 55000 149997 -3.19435
265000 55000 149997 -3.43291
260000 60000 149999 -1.09481
265000 60000 149998 -2.25818
265000 55000 149997 -3.43291
270000 55000 149997 -2.54554
265000 60000 149998 -2.25818
270000 60000 149998 -2.21236
270000 50000 149997 -2.86517
275000 50000 149996 -3.59516
270000 55000 149997 -2.54554
275000 55000 149997 -3.2916
275000 50000 149996 -3.59516
280000 50000 149997 -3.41529
275000 55000 149997 -3.2916
280000 55000 149996 -3.8265
270000 55000 149997 -2.54554
275000 55000 149997 -3.2916
270000 60000 149998 -2.21236
275000 60000 149997 -3.33869
275000 55000 149997 -3.2916
280000 55000 149996 -3.8265
275000 60000 149997 -3.33869
280000 60000 149996 -3.65127
280000 50000 149997 -3.41529
285000 50000 149996 -3.75264
280000 55000 149996 -3.8265
285000 55000 149997 -3.36335
285000 50000 149996 -3.75264
290000 50000 149997 -3.28446
285000 55000 149997 -3.36335
290000 55000 149996 -4.03122
280000 55000 149996 -3.8265
285000 55000 149997 -3.36335
280000 60000 149996 -3.65127
285000 60000 149996 -4.06473
285000 55000 149997 -3.36335
290000 55000 149996 -4.03122
285000 60000 149996 -4.06473
290000 60000 149996 -3.797
290000 50000 149997 -3.28446
295000 50000 149996 -3.64588
290000 55000 149996 -4.03122
295000 55000 149996 -3.92473
295000 50000 149996 -3.64588
300000 50000 149995 -4.61793
295000 55000 149996 -3.92473
300000 55000 149996 -3.93704
290000 55000 149996 -4.03122
295000 55000 149996 -3.92473
290000 60000 149996 -3.797
295000 60000 149996 -4.26752
295000 55000 149996 -3.92473
300000 55000 149996 -3.93704
295000 60000 149996 -4.26752
300000 60000 149995 -4.77704
200000 60000 150024 24.3328
205000 60000 150024 23.5776
200000 65000 150028 28.0478
205000 65000 150027 26.7422
205000 60000 150024 23.5776
210000 60000 150021 20.7639
205000 65000 150027 26.7422
210000 65000 150022 22.0311
200000 65000 150028 28.0478
205000 65000 150027 26.7422
200000 70000 150030 29.898
205000 70000 150026 25.7665
205000 65000 150027 26.7422
210000 65000 150022 22.0311
205000 70000 150026 25.7665
210000 70000 150020 20.4321
210000 60000 150021 20.7639
215000 60000 150018 17.7172
210000 65000 150022 22.0311
215000 65000 150018 18.3898
215000 60000 150018 17.7172
220000 60000 150013 12.6173
215000 65000 150018 18.3898
220000 65000 150015 14.9135
210000 65000 150022 22.0311
215000 65000 150018 18.3898
210000 70000 150020 20.4321
215000 70000 150018 18.0189
215000 65000 150018 18.3898
220000 65000 150015 14.9135
215000 70000 150018 18.0189
220000 70000 150012 12.4023
220000 60000 150013 12.6173
225000 60000 150009 9.45989
220000 65000 150015 14.9135
225000 65000 150011 11.2381
225000 60000 150009 9.45989
230000 60000 150007 7.07578
225000 65000 150011 11.2381
230000 65000 150009 8.86449
220000 65000 150015 14.9135
225000 65000 150011 11.2381
220000 70000 150012 12.4023
225000 70000 150011 11.36
225000 65000 150011 11.2381
230000 65000 150009 8.86449
225000 70000 150011 11.36
230000 70000 150006 6.34588
230000 60000 150007 7.07578
235000 60000 150004 4.32283
230000 65000 150009 8.86449
235000 65000 150005 5.3544
235000 60000 150004 4.32283
240000 60000 150002 2.08173
235000 65000 150005 5.3544
240000 65000 150002 1.85407
230000 65000 150009 8.86449
235000 65000 150005 5.3544
230000 70000 150006 6.34588
235000 70000 150004 3.64813
235000 65000 150005 5.3544
240000 65000 150002 1.85407
235000 70000 150004 3.64813
240000 70000 150003 3.02725
240000 60000 150002 2.08173
245000 60000 150000 -0.264641
240000 65000 150002 1.85407
245000 65000 150001 1.3565
245000 60000 150000 -0.264641
250000 60000 150000 -0.119121
245000 65000 150001 1.3565
250000 65000 150001 0.670523
240000 65000 150002 1.85407
245000 65000 150001 1.3565
240000 70000 150003 3.02725
245000 70000 150000 0.429645
245000 65000 150001 1.3565
250000 65000 150001 0.670523
245000 70000 150000 0.429645
250000 70000 150001 0.932805
250000 60000 150000 -0.119121
255000 60000 150000 -0.245405
250000 65000 150001 0.670523
255000 65000 149999 -1.11793
255000 60000 150000 -0.245405
260000 60000 149999 -1.09481
255000 65000 149999 -1.11793
260000 65000 149998 -2.33669
250000 65000 150001 0.670523
255000 65000 149999 -1.11793
250000 70000 150001 0.932805
255000 70000 149998 -1.54197
255000 65000 149999 -1.11793
260000 65000 149998 -2.33669
255000 70000 149998 -1.54197
260000 70000 149998 -1.52557
260000 60000 149999 -1.09481
265000 60000 149998 -2.25818
260000 65000 149998 -2.33669
265000 65000 149997 -3.35242
265000 60000 149998 -2.25818
270000 60000 149998 -2.21236
265000 65000 149997 -3.35242
270000 65000 149996 -3.80294
260000 65000 149998 -2.33669
265000 65000 149997 -3.35242
260000 70000 149998 -1.52557
265000 70000 149998 -1.85113
265000 65000 149997 -3.35242
270000 65000 149996 -3.80294
265000 70000 149998 -1.85113
270000 70000 149997 -3.09772
270000 60000 149998 -2.21236
275000 60000 149997 -3.33869
270000 65000 149996 -3.80294
275000 65000 149996 -3.80295
275000 60000 149997 -3.33869
280000 60000 149996 -3.65127
275000 65000 149996 -3.80295
280000 65000 149997 -3.32061
270000 65000 149996 -3.80294
275000 65000 149996 -3.80295
270000 70000 149997 -3.09772
275000 70000 149997 -3.11306
275000 65000 149996 -3.80295
280000 65000 149997 -3.32061
275000 70000 149997 -3.11306
280000 70000 149997 -3.06832
280000 60000 149996 -3.65127
285000 60000 149996 -4.06473
280000 65000 149997 -3.32061
285000 65000 149997 -3.3797
285000 60000 149996 -4.06473
290000 60000 149996 -3.797
285000 65000 149997 -3.3797
290000 65000 149996 -3.66655
280000 65000 149997 -3.32061
285000 65000 149997 -3.3797
280000 70000 149997 -3.06832
285000 70000 149997 -2.60182
285000 65000 149997 -3.3797
290000 65000 149996 -3.66655
285000 70000 149997 -2.60182
290000 70000 149996 -3.61072
290000 60000 149996 -3.797
295000 60000 149996 -4.26752
290000 65000 149996 -3.66655
295000 65000 149996 -4.46908
295000 60000 149996 -4.26752
300000 60000 149995 -4.77704
295000 65000 149996 -4.46908
300000 65000 149995 -4.65026
290000 65000 149996 -3.66655
295000 65000 149996 -4.46908
290000 70000 149996 -3.61072
295000 70000 149996 -3.85188
295000 65000 149996 -4.46908
300000 65000 149995 -4.65026
295000 70000 149996 -3.85188
300000 70000 149995 -4.54645
200000 70000 150030 29.898
205000 70000 150026 25.7665
200000 75000 150030 29.9471
205000 75000 150028 27.7448
205000 70000 150026 25.7665
210000 70000 150020 20.4321
205000 75000 150028 27.7448
210000 75000 150024 24.4221
200000 75000 150030 29.9471
205000 75000 150028 27.7448
200000 80000 150032 31.797
205000 80000 150028 28.4996
205000 75000 150028 27.7448
210000 75000 150024 24.4221
205000 80000 150028 28.4996
210000 80000 150024 24.4883
210000 70000 150020 20.4321
215000 70000 150018 18.0189
210000 75000 150024 24.4221
215000 75000 150020 19.6514
215000 70000 150018 18.0189
220000 70000 150012 12.4023
215000 75000 150020 19.6514
220000 75000 150014 14.1467
210000 75000 150024 24.4221
215000 75000 150020 19.6514
210000 80000 150024 24.4883
215000 80000 150020 20.2186
215000 75000 150020 19.6514
220000 75000 150014 14.1467
215000 80000 150020 20.2186
220000 80000 150016 16.285
220000 70000 150012 12.4023
225000 70000 150011 11.36
220000 75000 150014 14.1467
225000 75000 150012 11.7558
225000 70000 150011 11.36
230000 70000 150006 6.34588
225000 75000 150012 11.7558
230000 75000 150008 8.14631
220000 75000 150014 14.1467
225000 75000 150012 11.7558
220000 80000 150016 16.285
225000 80000 150011 11.3719
225000 75000 150012 11.7558
230000 75000 150008 8.14631
225000 80000 150011 11.3719
230000 80000 150007 6.64485
230000 70000 150006 6.34588
235000 70000 150004 3.64813
230000 75000 150008 8.14631
235000 75000 150002 1.85995
235000 70000 150004 3.64813
240000 70000 150003 3.02725
235000 75000 150002 1.85995
240000 75000 150000 -0.236726
230000 75000 150008 8.14631
235000 75000 150002 1.85995
230000 80000 150007 6.64485
235000 80000 150005 5.26858
235000 75000 150002 1.85995
240000 75000 150000 -0.236726
235000 80000 150005 5.26858
240000 80000 150004 3.51027
240000 70000 150003 3.02725
245000 70000 150000 0.429645
240000 75000 150000 -0.236726
245000 75000 149998 -1.7379
245000 70000 150000 0.429645
250000 70000 150001 0.932805
245000 75000 149998 -1.7379
250000 75000 149998 -2.23409
240000 75000 150000 -0.236726
245000 75000 149998 -1.7379
240000 80000 150004 3.51027
245000 80000 150002 1.65958
245000 75000 149998 -1.7379
250000 75000 149998 -2.23409
245000 80000 150002 1.65958
250000 80000 150001 1.28671
250000 70000 150001 0.932805
255000 70000 149998 -1.54197
250000 75000 149998 -2.23409
255000 75000 149998 -1.89138
255000 70000 149998 -1.54197
260000 70000 149998 -1.52557
255000 75000 149998 -1.89138
260000 75000 149997 -2.79282
250000 75000 149998 -2.23409
255000 75000 149998 -1.89138
250000 80000 150001 1.28671
255000 80000 150000 -0.259323
255000 75000 149998 -1.89138
260000 75000 149997 -2.79282
255000 80000 150000 -0.259323
260000 80000 149997 -2.62961
260000 70000 149998 -1.52557
265000 70000 149998 -1.85113
260000 75000 149997 -2.79282
265000 75000 149997 -2.82464
265000 70000 149998 -1.85113
270000 70000 149997 -3.09772
265000 75000 149997 -2.82464
270000 75000 149998 -2.13054
260000 75000 149997 -2.79282
265000 75000 149997 -2.82464
260000 80000 149997 -2.62961
265000 80000 149997 -2.70538
265000 75000 149997 -2.82464
270000 75000 149998 -2.13054
265000 80000 149997 -2.70538
270000 80000 149997 -2.8076
270000 70000 149997 -3.09772
275000 70000 149997 -3.11306
270000 75000 149998 -2.13054
275000 75000 149998 -2.48076
275000 70000 149997 -3.11306
280000 70000 149997 -3.06832
275000 75000 149998 -2.48076
280000 75000 149998 -1.67189
270000 75000 149998 -2.13054
275000 75000 149998 -2.48076
270000 80000 149997 -2.8076
275000 80000 149997 -2.60544
275000 75000 149998 -2.48076
280000 75000 149998 -1.67189
275000 80000 149997 -2.60544
280000 80000 149997 -2.69893
280000 70000 149997 -3.06832
285000 70000 149997 -2.60182
280000 75000 149998 -1.67189
285000 75000 149998 -2.35124
285000 70000 149997 -2.60182
290000 70000 149996 -3.61072
285000 75000 149998 -2.35124
290000 75000 149997 -2.9649
280000 75000 149998 -1.67189
285000 75000 149998 -2.35124
280000 80000 149997 -2.69893
285000 80000 149997 -2.98358
285000 75000 149998 -2.35124
290000 75000 149997 -2.9649
285000 80000 149997 -2.98358
290000 80000 149997 -2.74221
290000 70000 149996 -3.61072
295000 70000 149996 -3.85188
290000 75000 149997 -2.9649
295000 75000 149996 -3.57981
295000 70000 149996 -3.85188
300000 70000 149995 -4.54645
295000 75000 149996 -3.57981
300000 75000 149996 -3.80222
290000 75000 149997 -2.9649
295000 75000 149996 -3.57981
290000 80000 149997 -2.74221
295000 80000 149997 -3.28851
295000 75000 149996 -3.57981
300000 75000 149996 -3.80222
295000 80000 149997 -3.28851
300000 80000 149996 -4.17295
160000 80000 149893 -106.72
165000 80000 149915 -85.1441
160000 85000 149914 -86.159
165000 85000 149894 -105.705
165000 80000 149915 -85.1441
170000 80000 149962 -37.8584
165000 85000 149894 -105.705
170000 85000 149946 -53.8136
160000 85000 149914 -86.159
165000 85000 149894 -105.705
160000 90000 149944 -56.0237
165000 90000 149903 -97.4862
165000 85000 149894 -105.705
170000 85000 149946 -53.8136
165000 90000 149903 -97.4862
170000 90000 149919 -80.8222
170000 80000 149962 -37.8584
175000 80000 150001 0.823657
170000 85000 149946 -53.8136
175000 85000 149978 -21.5123
175000 80000 150001 0.823657
180000 80000 150026 25.7853
175000 85000 149978 -21.5123
180000 85000 150014 14.2453
170000 85000 149946 -53.8136
175000 85000 149978 -21.5123
170000 90000 149919 -80.8222
175000 90000 149962 -37.7093
175000 85000 149978 -21.5123
180000 85000 150014 14.2453
175000 90000 149962 -37.7093
180000 90000 149999 -0.653283
180000 80000 150026 25.7853
185000 80000 150032 32.0622
180000 85000 150014 14.2453
185000 85000 150033 33.2119
185000 80000 150032 32.0622
190000 80000 150033 33.2438
185000 85000 150033 33.2119
190000 85000 150033 32.9197
180000 85000 150014 14.2453
185000 85000 150033 33.2119
180000 90000 149999 -0.653283
185000 90000 150032 32.04
185000 85000 150033 33.2119
190000 85000 150033 32.9197
185000 90000 150032 32.04
190000 90000 150036 35.5812
190000 80000 150033 33.2438
195000 80000 150032 32.3844
190000 85000 150033 32.9197
195000 85000 150031 30.9371
195000 80000 150032 32.3844
200000 80000 150032 31.797
195000 85000 150031 30.9371
200000 85000 150031 30.8959
190000 85000 150033 32.9197
195000 85000 150031 30.9371
190000 90000 150036 35.5812
195000 90000 150032 31.537
195000 85000 150031 30.9371
200000 85000 150031 30.8959
195000 90000 150032 31.537
200000 90000 150030 30.2906
200000 80000 150032 31.797
205000 80000 150028 28.4996
200000 85000 150031 30.8959
205000 85000 150029 29.0019
205000 80000 150028 28.4996
210000 80000 150024 24.4883
205000 85000 150029 29.0019
210000 85000 150027 27.4961
200000 85000 150031 30.8959
205000 85000 150029 29.0019
200000 90000 150030 30.2906
205000 90000 150029 28.6976
205000 85000 150029 29.0019
210000 85000 150027 27.4961
205000 90000 150029 28.6976
210000 90000 150024 24.3625
210000 80000 150024 24.4883
215000 80000 150020 20.2186
210000 85000 150027 27.4961
215000 85000 150023 22.7454
215000 80000 150020 20.2186
220000 80000 150016 16.285
215000 85000 150023 22.7454
220000 85000 150017 17.0267
210000 85000 150027 27.4961
215000 85000 150023 22.7454
210000 90000 150024 24.3625
215000 90000 150020 20.0038
215000 85000 150023 22.7454
220000 85000 150017 17.0267
215000 90000 150020 20.0038
220000 90000 150016 15.8073
220000 80000 150016 16.285
225000 80000 150011 11.3719
220000 85000 150017 17.0267
225000 85000 150013 13.1839
225000 80000 150011 11.3719
230000 80000 150007 6.64485
225000 85000 150013 13.1839
230000 85000 150011 10.5299
220000 85000 150017 17.0267
225000 85000 150013 13.1839
220000 90000 150016 15.8073
225000 90000 150014 14.0614
225000 85000 150013 13.1839
230000 85000 150011 10.5299
225000 90000 150014 14.0614
230000 90000 150010 9.93681
230000 80000 150007 6.64485
235000 80000 150005 5.26858
230000 85000 150011 10.5299
235000 85000 150007 7.2784
235000 80000 150005 5.26858
240000 80000 150004 3.51027
235000 85000 150007 7.2784
240000 85000 150003 3.22092
230000 85000 150011 10.5299
235000 85000 150007 7.2784
230000 90000 150010 9.93681
235000 90000 150005 5.35171
235000 85000 150007 7.2784
240000 85000 150003 3.22092
235000 90000 150005 5.35171
240000 90000 150002 2.42246
240000 80000 150004 3.51027
245000 80000 150002 1.65958
240000 85000 150003 3.22092
245000 85000 150000 0.190412
245000 80000 150002 1.65958
250000 80000 150001 1.28671
245000 85000 150000 0.190412
250000 85000 150000 0.301862
240000 85000 150003 3.22092
245000 85000 150000 0.190412
240000 90000 150002 2.42246
245000 90000 150001 1.34667
245000 85000 150000 0.190412
250000 85000 150000 0.301862
245000 90000 150001 1.34667
250000 90000 149999 -0.804741
250000 80000 150001 1.28671
255000 80000 150000 -0.259323
250000 85000 150000 0.301862
255000 85000 149997 -2.54514
255000 80000 150000 -0.259323
260000 80000 149997 -2.62961
255000 85000 149997 -2.54514
260000 85000 149997 -2.86799
250000 85000 150000 0.301862
255000 85000 149997 -2.54514
250000 90000 149999 -0.804741
255000 90000 149999 -0.994808
255000 85000 149997 -2.54514
260000 85000 149997 -2.86799
255000 90000 149999 -0.994808
260000 90000 149998 -1.75278
260000 80000 149997 -2.62961
265000 80000 149997 -2.70538
260000 85000 149997 -2.86799
265000 85000 149997 -2.868
265000 80000 149997 -2.70538
270000 80000 149997 -2.8076
265000 85000 149997 -2.868
270000 85000 149998 -2.4443
260000 85000 149997 -2.86799
265000 85000 149997 -2.868
260000 90000 149998 -1.75278
265000 90000 149997 -2.62469
265000 85000 149997 -2.868
270000 85000 149998 -2.4443
265000 90000 149997 -2.62469
270000 90000 149997 -2.868
270000 80000 149997 -2.8076
275000 80000 149997 -2.60544
270000 85000 149998 -2.4443
275000 85000 149997 -2.75356
275000 80000 149997 -2.60544
280000 80000 149997 -2.69893
275000 85000 149997 -2.75356
280000 85000 149998 -2.49638
270000 85000 149998 -2.4443
275000 85000 149997 -2.75356
270000 90000 149997 -2.868
275000 90000 149997 -2.62583
275000 85000 149997 -2.75356
280000 85000 149998 -2.49638
275000 90000 149997 -2.62583
280000 90000 149997 -2.54906
280000 80000 149997 -2.69893
285000 80000 149997 -2.98358
280000 85000 149998 -2.49638
285000 85000 149997 -3.184
285000 80000 149997 -2.98358
290000 80000 149997 -2.74221
285000 85000 149997 -3.184
290000 85000 149997 -3.46478
280000 85000 149998 -2.49638
285000 85000 149997 -3.184
280000 90000 149997 -2.54906
285000 90000 149997 -2.64943
285000 85000 149997 -3.184
290000 85000 149997 -3.46478
285000 90000 149997 -2.64943
290000 90000 149997 -3.45068
290000 80000 149997 -2.74221
295000 80000 149997 -3.28851
290000 85000 149997 -3.46478
295000 85000 149996 -3.93469
295000 80000 149997 -3.28851
300000 80000 149996 -4.17295
295000 85000 149996 -3.93469
300000 85000 149996 -4.24341
290000 85000 149997 -3.46478
295000 85000 149996 -3.93469
290000 90000 149997 -3.45068
295000 90000 149996 -4.03971
295000 85000 149996 -3.93469
300000 85000 149996 -4.24341
295000 90000 149996 -4.03971
300000 90000 149996 -4.25096
160000 90000 149944 -56.0237
165000 90000 149903 -97.4862
160000 95000 149960 -39.6716
165000 95000 149927 -73.2922
165000 90000 149903 -97.4862
170000 90000 149919 -80.8222
165000 95000 149927 -73.2922
170000 95000 149910 -90.3484
160000 95000 149960 -39.6716
165000 95000 149927 -73.2922
160000 100000 149968 -32.3301
165000 100000 149948 -52.1155
165000 95000 149927 -73.2922
170000 95000 149910 -90.3484
165000 100000 149948 -52.1155
170000 100000 149922 -77.5121
170000 90000 149919 -80.8222
175000 90000 149962 -37.7093
170000 95000 149910 -90.3484
175000 95000 149947 -52.8697
175000 90000 149962 -37.7093
180000 90000 149999 -0.653283
175000 95000 149947 -52.8697
180000 95000 149981 -18.5368
170000 95000 149910 -90.3484
175000 95000 149947 -52.8697
170000 100000 149922 -77.5121
175000 100000 149934 -65.9823
175000 95000 149947 -52.8697
180000 95000 149981 -18.5368
175000 100000 149934 -65.9823
180000 100000 149965 -35.1237
180000 90000 149999 -0.653283
185000 90000 150032 32.04
180000 95000 149981 -18.5368
185000 95000 150021 20.9705
185000 90000 150032 32.04
190000 90000 150036 35.5812
185000 95000 150021 20.9705
190000 95000 150035 35.1715
180000 95000 149981 -18.5368
185000 95000 150021 20.9705
180000 100000 149965 -35.1237
185000 100000 150007 7.39068
185000 95000 150021 20.9705
190000 95000 150035 35.1715
185000 100000 150007 7.39068
190000 100000 150031 31.1862
190000 90000 150036 35.5812
195000 90000 150032 31.537
190000 95000 150035 35.1715
195000 95000 150033 32.9917
195000 90000 150032 31.537
200000 90000 150030 30.2906
195000 95000 150033 32.9917
200000 95000 150030 29.7238
190000 95000 150035 35.1715
195000 95000 150033 32.9917
190000 100000 150031 31.1862
195000 100000 150032 31.9309
195000 95000 150033 32.9917
200000 95000 150030 29.7238
195000 100000 150032 31.9309
200000 100000 150029 28.7733
200000 90000 150030 30.2906
205000 90000 150029 28.6976
200000 95000 150030 29.7238
205000 95000 150028 27.9317
205000 90000 150029 28.6976
210000 90000 150024 24.3625
205000 95000 150028 27.9317
210000 95000 150027 27.2467
200000 95000 150030 29.7238
205000 95000 150028 27.9317
200000 100000 150029 28.7733
205000 100000 150028 27.5212
205000 95000 150028 27.9317
210000 95000 150027 27.2467
205000 100000 150028 27.5212
210000 100000 150024 23.9184
210000 90000 150024 24.3625
215000 90000 150020 20.0038
210000 95000 150027 27.2467
215000 95000 150022 21.77
215000 90000 150020 20.0038
220000 90000 150016 15.8073
215000 95000 150022 21.77
220000 95000 150017 16.8589
210000 95000 150027 27.2467
215000 95000 150022 21.77
210000 100000 150024 23.9184
215000 100000 150024 24.2597
215000 95000 150022 21.77
220000 95000 150017 16.8589
215000 100000 150024 24.2597
220000 100000 150019 19.2031
220000 90000 150016 15.8073
225000 90000 150014 14.0614
220000 95000 150017 16.8589
225000 95000 150014 13.6198
225000 90000 150014 14.0614
230000 90000 150010 9.93681
225000 95000 150014 13.6198
230000 95000 150008 8.4024
220000 95000 150017 16.8589
225000 95000 150014 13.6198
220000 100000 150019 19.2031
225000 100000 150015 14.8659
225000 95000 150014 13.6198
230000 95000 150008 8.4024
225000 100000 150015 14.8659
230000 100000 150011 11.2735
230000 90000 150010 9.93681
235000 90000 150005 5.35171
230000 95000 150008 8.4024
235000 95000 150005 5.45695
235000 90000 150005 5.35171
240000 90000 150002 2.42246
235000 95000 150005 5.45695
240000 95000 150005 4.79271
230000 95000 150008 8.4024
235000 95000 150005 5.45695
230000 100000 150011 11.2735
235000 100000 150007 7.32053
235000 95000 150005 5.45695
240000 95000 150005 4.79271
235000 100000 150007 7.32053
240000 100000 150003 2.79163
240000 90000 150002 2.42246
245000 90000 150001 1.34667
240000 95000 150005 4.79271
245000 95000 150003 2.69722
245000 90000 150001 1.34667
250000 90000 149999 -0.804741
245000 95000 150003 2.69722
250000 95000 149999 -1.07348
240000 95000 150005 4.79271
245000 95000 150003 2.69722
240000 100000 150003 2.79163
245000 100000 150000 -0.220858
245000 95000 150003 2.69722
250000 95000 149999 -1.07348
245000 100000 150000 -0.220858
250000 100000 150000 -0.409346
250000 90000 149999 -0.804741
255000 90000 149999 -0.994808
250000 95000 149999 -1.07348
255000 95000 149997 -2.78133
255000 90000 149999 -0.994808
260000 90000 149998 -1.75278
255000 95000 149997 -2.78133
260000 95000 149997 -2.88544
250000 95000 149999 -1.07348
255000 95000 149997 -2.78133
250000 100000 150000 -0.409346
255000 100000 149998 -2.11433
255000 95000 149997 -2.78133
260000 95000 149997 -2.88544
255000 100000 149998 -2.11433
260000 100000 149997 -3.02721
260000 90000 149998 -1.75278
265000 90000 149997 -2.62469
260000 95000 149997 -2.88544
265000 95000 149997 -2.60546
265000 90000 149997 -2.62469
270000 90000 149997 -2.868
265000 95000 149997 -2.60546
270000 95000 149997 -3.02722
260000 95000 149997 -2.88544
265000 95000 149997 -2.60546
260000 100000 149997 -3.02721
265000 100000 149998 -2.06593
265000 95000 149997 -2.60546
270000 95000 149997 -3.02722
265000 100000 149998 -2.06593
270000 100000 149998 -2.3476
270000 90000 149997 -2.868
275000 90000 149997 -2.62583
270000 95000 149997 -3.02722
275000 95000 149997 -2.59347
275000 90000 149997 -2.62583
280000 90000 149997 -2.54906
275000 95000 149997 -2.59347
280000 95000 149997 -3.2507
270000 95000 149997 -3.02722
275000 95000 149997 -2.59347
270000 100000 149998 -2.3476
275000 100000 149997 -2.84827
275000 95000 149997 -2.59347
280000 95000 149997 -3.2507
275000 100000 149997 -2.84827
280000 100000 149997 -2.93828
280000 90000 149997 -2.54906
285000 90000 149997 -2.64943
280000 95000 149997 -3.2507
285000 95000 149997 -2.83249
285000 90000 149997 -2.64943
290000 90000 149997 -3.45068
285000 95000 149997 -2.83249
290000 95000 149997 -3.10496
280000 95000 149997 -3.2507
285000 95000 149997 -2.83249
280000 100000 149997 -2.93828
285000 100000 149997 -2.89974
285000 95000 149997 -2.83249
290000 95000 149997 -3.10496
285000 100000 149997 -2.89974
290000 100000 149997 -3.05331
290000 90000 149997 -3.45068
295000 90000 149996 -4.03971
290000 95000 149997 -3.10496
295000 95000 149997 -3.20631
295000 90000 149996 -4.03971
300000 90000 149996 -4.25096
295000 95000 149997 -3.20631
300000 95000 149996 -4.27291
290000 95000 149997 -3.10496
295000 95000 149997 -3.20631
290000 100000 149997 -3.05331
295000 100000 149996 -3.83179
295000 95000 149997 -3.20631
300000 95000 149996 -4.27291
295000 100000 149996 -3.83179
300000 100000 149996 -4.36059
160000 100000 149968 -32.3301
165000 100000 149948 -52.1155
160000 105000 149973 -27.3817
165000 105000 149959 -41.0133
165000 100000 149948 -52.1155
170000 100000 149922 -77.5121
165000 105000 149959 -41.0133
170000 105000 149943 -56.7614
160000 105000 149973 -27.3817
165000 105000 149959 -41.0133
160000 110000 149976 -23.6389
165000 110000 149962 -38.2757
165000 105000 149959 -41.0133
170000 105000 149943 -56.7614
165000 110000 149962 -38.2757
170000 110000 149957 -43.2457
170000 100000 149922 -77.5121
175000 100000 149934 -65.9823
170000 105000 149943 -56.7614
175000 105000 149946 -54.0863
175000 100000 149934 -65.9823
180000 100000 149965 -35.1237
175000 105000 149946 -54.0863
180000 105000 149964 -35.5307
170000 105000 149943 -56.7614
175000 105000 149946 -54.0863
170000 110000 149957 -43.2457
175000 110000 149959 -41.2683
175000 105000 149946 -54.0863
180000 105000 149964 -35.5307
175000 110000 149959 -41.2683
180000 110000 149968 -31.6146
180000 100000 149965 -35.1237
185000 100000 150007 7.39068
180000 105000 149964 -35.5307
185000 105000 149996 -4.17461
185000 100000 150007 7.39068
190000 100000 150031 31.1862
185000 105000 149996 -4.17461
190000 105000 150021 20.8532
180000 105000 149964 -35.5307
185000 105000 149996 -4.17461
180000 110000 149968 -31.6146
185000 110000 149990 -10.1365
185000 105000 149996 -4.17461
190000 105000 150021 20.8532
185000 110000 149990 -10.1365
190000 110000 150010 10.1237
190000 100000 150031 31.1862
195000 100000 150032 31.9309
190000 105000 150021 20.8532
195000 105000 150028 27.8715
195000 100000 150032 31.9309
200000 100000 150029 28.7733
195000 105000 150028 27.8715
200000 105000 150027 26.5737
190000 105000 150021 20.8532
195000 105000 150028 27.8715
190000 110000 150010 10.1237
195000 110000 150021 21.3804
195000 105000 150028 27.8715
200000 105000 150027 26.5737
195000 110000 150021 21.3804
200000 110000 150024 23.947
200000 100000 150029 28.7733
205000 100000 150028 27.5212
200000 105000 150027 26.5737
205000 105000 150025 25.4237
205000 100000 150028 27.5212
210000 100000 150024 23.9184
205000 105000 150025 25.4237
210000 105000 150024 23.682
200000 105000 150027 26.5737
205000 105000 150025 25.4237
200000 110000 150024 23.947
205000 110000 150025 24.5961
205000 105000 150025 25.4237
210000 105000 150024 23.682
205000 110000 150025 24.5961
210000 110000 150022 22.438
210000 100000 150024 23.9184
215000 100000 150024 24.2597
210000 105000 150024 23.682
215000 105000 150020 19.5627
215000 100000 150024 24.2597
220000 100000 150019 19.2031
215000 105000 150020 19.5627
220000 105000 150019 19.273
210000 105000 150024 23.682
215000 105000 150020 19.5627
210000 110000 150022 22.438
215000 110000 150019 18.7197
215000 105000 150020 19.5627
220000 105000 150019 19.273
215000 110000 150019 18.7197
220000 110000 150014 13.761
220000 100000 150019 19.2031
225000 100000 150015 14.8659
220000 105000 150019 19.273
225000 105000 150017 16.9199
225000 100000 150015 14.8659
230000 100000 150011 11.2735
225000 105000 150017 16.9199
230000 105000 150011 11.2819
220000 105000 150019 19.273
225000 105000 150017 16.9199
220000 110000 150014 13.761
225000 110000 150013 13.4717
225000 105000 150017 16.9199
230000 105000 150011 11.2819
225000 110000 150013 13.4717
230000 110000 150011 10.9619
230000 100000 150011 11.2735
235000 100000 150007 7.32053
230000 105000 150011 11.2819
235000 105000 150007 6.67157
235000 100000 150007 7.32053
240000 100000 150003 2.79163
235000 105000 150007 6.67157
240000 105000 150005 5.12389
230000 105000 150011 11.2819
235000 105000 150007 6.67157
230000 110000 150011 10.9619
235000 110000 150007 7.27736
235000 105000 150007 6.67157
240000 105000 150005 5.12389
235000 110000 150007 7.27736
240000 110000 150001 0.735924
240000 100000 150003 2.79163
245000 100000 150000 -0.220858
240000 105000 150005 5.12389
245000 105000 150002 2.45965
245000 100000 150000 -0.220858
250000 100000 150000 -0.409346
245000 105000 150002 2.45965
250000 105000 150000 -0.0624074
240000 105000 150005 5.12389
245000 105000 150002 2.45965
240000 110000 150001 0.735924
245000 110000 150001 1.20635
245000 105000 150002 2.45965
250000 105000 150000 -0.0624074
245000 110000 150001 1.20635
250000 110000 150000 0.144664
250000 100000 150000 -0.409346
255000 100000 149998 -2.11433
250000 105000 150000 -0.0624074
255000 105000 149999 -1.48168
255000 100000 149998 -2.11433
260000 100000 149997 -3.02721
255000 105000 149999 -1.48168
260000 105000 149999 -1.19968
250000 105000 150000 -0.0624074
255000 105000 149999 -1.48168
250000 110000 150000 0.144664
255000 110000 150000 -0.409517
255000 105000 149999 -1.48168
260000 105000 149999 -1.19968
255000 110000 150000 -0.409517
260000 110000 149998 -1.72028
260000 100000 149997 -3.02721
265000 100000 149998 -2.06593
260000 105000 149999 -1.19968
265000 105000 149998 -1.85398
265000 100000 149998 -2.06593
270000 100000 149998 -2.3476
265000 105000 149998 -1.85398
270000 105000 149997 -3.04257
260000 105000 149999 -1.19968
265000 105000 149998 -1.85398
260000 110000 149998 -1.72028
265000 110000 149998 -2.11036
265000 105000 149998 -1.85398
270000 105000 149997 -3.04257
265000 110000 149998 -2.11036
270000 110000 149997 -3.26429
270000 100000 149998 -2.3476
275000 100000 149997 -2.84827
270000 105000 149997 -3.04257
275000 105000 149997 -2.53269
275000 100000 149997 -2.84827
280000 100000 149997 -2.93828
275000 105000 149997 -2.53269
280000 105000 149997 -3.00586
270000 105000 149997 -3.04257
275000 105000 149997 -2.53269
270000 110000 149997 -3.26429
275000 110000 149997 -3.1725
275000 105000 149997 -2.53269
280000 105000 149997 -3.00586
275000 110000 149997 -3.1725
280000 110000 149997 -3.02219
280000 100000 149997 -2.93828
285000 100000 149997 -2.89974
280000 105000 149997 -3.00586
285000 105000 149996 -3.53402
285000 100000 149997 -2.89974
290000 100000 149997 -3.05331
285000 105000 149996 -3.53402
290000 105000 149996 -3.50409
280000 105000 149997 -3.00586
285000 105000 149996 -3.53402
280000 110000 149997 -3.02219
285000 110000 149997 -3.01124
285000 105000 149996 -3.53402
290000 105000 149996 -3.50409
285000 110000 149997 -3.01124
290000 110000 149997 -3.09275
290000 100000 149997 -3.05331
295000 100000 149996 -3.83179
290000 105000 149996 -3.50409
295000 105000 149996 -3.7346
295000 100000 149996 -3.83179
300000 100000 149996 -4.36059
295000 105000 149996 -3.7346
300000 105000 149996 -4.33476
290000 105000 149996 -3.50409
295000 105000 149996 -3.7346
290000 110000 149997 -3.09275
295000 110000 149996 -3.76799
295000 105000 149996 -3.7346
300000 105000 149996 -4.33476
295000 110000 149996 -3.76799
300000 110000 149996 -4.18853
160000 110000 149976 -23.6389
165000 110000 149962 -38.2757
160000 115000 149967 -32.7963
165000 115000 149963 -36.6928
165000 110000 149962 -38.2757
170000 110000 149957 -43.2457
165000 115000 149963 -36.6928
170000 115000 149961 -38.6404
160000 115000 149967 -32.7963
165000 115000 149963 -36.6928
160000 120000 149980 -20.4343
165000 120000 149970 -30.1093
165000 115000 149963 -36.6928
170000 115000 149961 -38.6404
165000 120000 149970 -30.1093
170000 120000 149964 -35.984
170000 110000 149957 -43.2457
175000 110000 149959 -41.2683
170000 115000 149961 -38.6404
175000 115000 149964 -36.2698
175000 110000 149959 -41.2683
180000 110000 149968 -31.6146
175000 115000 149964 -36.2698
180000 115000 149969 -31.0648
170000 115000 149961 -38.6404
175000 115000 149964 -36.2698
170000 120000 149964 -35.984
175000 120000 149966 -33.6707
175000 115000 149964 -36.2698
180000 115000 149969 -31.0648
175000 120000 149966 -33.6707
180000 120000 149974 -26.0812
180000 110000 149968 -31.6146
185000 110000 149990 -10.1365
180000 115000 149969 -31.0648
185000 115000 149984 -16.4813
185000 110000 149990 -10.1365
190000 110000 150010 10.1237
185000 115000 149984 -16.4813
190000 115000 150003 3.27235
180000 115000 149969 -31.0648
185000 115000 149984 -16.4813
180000 120000 149974 -26.0812
185000 120000 149986 -13.9407
185000 115000 149984 -16.4813
190000 115000 150003 3.27235
185000 120000 149986 -13.9407
190000 120000 150001 0.934111
190000 110000 150010 10.1237
195000 110000 150021 21.3804
190000 115000 150003 3.27235
195000 115000 150012 12.491
195000 110000 150021 21.3804
200000 110000 150024 23.947
195000 115000 150012 12.491
200000 115000 150022 22.1733
190000 115000 150003 3.27235
195000 115000 150012 12.491
190000 120000 150001 0.934111
195000 120000 150016 16.0087
195000 115000 150012 12.491
200000 115000 150022 22.1733
195000 120000 150016 16.0087
200000 120000 150023 23.2897
200000 110000 150024 23.947
205000 110000 150025 24.5961
200000 115000 150022 22.1733
205000 115000 150025 25.4711
205000 110000 150025 24.5961
210000 110000 150022 22.438
205000 115000 150025 25.4711
210000 115000 150025 25.4535
200000 115000 150022 22.1733
205000 115000 150025 25.4711
200000 120000 150023 23.2897
205000 120000 150026 25.7964
205000 115000 150025 25.4711
210000 115000 150025 25.4535
205000 120000 150026 25.7964
210000 120000 150025 25.2574
210000 110000 150022 22.438
215000 110000 150019 18.7197
210000 115000 150025 25.4535
215000 115000 150021 20.8462
215000 110000 150019 18.7197
220000 110000 150014 13.761
215000 115000 150021 20.8462
220000 115000 150018 18.083
210000 115000 150025 25.4535
215000 115000 150021 20.8462
210000 120000 150025 25.2574
215000 120000 150023 22.9391
215000 115000 150021 20.8462
220000 115000 150018 18.083
215000 120000 150023 22.9391
220000 120000 150020 19.5478
220000 110000 150014 13.761
225000 110000 150013 13.4717
220000 115000 150018 18.083
225000 115000 150013 12.746
225000 110000 150013 13.4717
230000 110000 150011 10.9619
225000 115000 150013 12.746
230000 115000 150006 5.92525
220000 115000 150018 18.083
225000 115000 150013 12.746
220000 120000 150020 19.5478
225000 120000 150016 16.0231
225000 115000 150013 12.746
230000 115000 150006 5.92525
225000 120000 150016 16.0231
230000 120000 150011 10.6432
230000 110000 150011 10.9619
235000 110000 150007 7.27736
230000 115000 150006 5.92525
235000 115000 150004 3.76959
235000 110000 150007 7.27736
240000 110000 150001 0.735924
235000 115000 150004 3.76959
240000 115000 150006 6.16801
230000 115000 150006 5.92525
235000 115000 150004 3.76959
230000 120000 150011 10.6432
235000 120000 150009 8.61712
235000 115000 150004 3.76959
240000 115000 150006 6.16801
235000 120000 150009 8.61712
240000 120000 150007 6.76807
240000 110000 150001 0.735924
245000 110000 150001 1.20635
240000 115000 150006 6.16801
245000 115000 150004 3.59469
245000 110000 150001 1.20635
250000 110000 150000 0.144664
245000 115000 150004 3.59469
250000 115000 150002 1.85797
240000 115000 150006 6.16801
245000 115000 150004 3.59469
240000 120000 150007 6.76807
245000 120000 150004 3.92787
245000 115000 150004 3.59469
250000 115000 150002 1.85797
245000 120000 150004 3.92787
250000 120000 150002 1.84117
250000 110000 150000 0.144664
255000 110000 150000 -0.409517
250000 115000 150002 1.85797
255000 115000 150000 -0.452338
255000 110000 150000 -0.409517
260000 110000 149998 -1.72028
255000 115000 150000 -0.452338
260000 115000 149998 -2.18072
250000 115000 150002 1.85797
255000 115000 150000 -0.452338
250000 120000 150002 1.84117
255000 120000 149999 -0.957869
255000 115000 150000 -0.452338
260000 115000 149998 -2.18072
255000 120000 149999 -0.957869
260000 120000 149999 -0.831358
260000 110000 149998 -1.72028
265000 110000 149998 -2.11036
260000 115000 149998 -2.18072
265000 115000 149997 -3.01862
265000 110000 149998 -2.11036
270000 110000 149997 -3.26429
265000 115000 149997 -3.01862
270000 115000 149998 -2.01985
260000 115000 149998 -2.18072
265000 115000 149997 -3.01862
260000 120000 149999 -0.831358
265000 120000 149998 -2.00294
265000 115000 149997 -3.01862
270000 115000 149998 -2.01985
265000 120000 149998 -2.00294
270000 120000 149998 -2.44629
270000 110000 149997 -3.26429
275000 110000 149997 -3.1725
270000 115000 149998 -2.01985
275000 115000 149997 -2.57817
275000 110000 149997 -3.1725
280000 110000 149997 -3.02219
275000 115000 149997 -2.57817
280000 115000 149997 -2.91778
270000 115000 149998 -2.01985
275000 115000 149997 -2.57817
270000 120000 149998 -2.44629
275000 120000 149997 -2.96037
275000 115000 149997 -2.57817
280000 115000 149997 -2.91778
275000 120000 149997 -2.96037
280000 120000 149998 -2.37139
280000 110000 149997 -3.02219
285000 110000 149997 -3.01124
280000 115000 149997 -2.91778
285000 115000 149996 -3.50212
285000 110000 149997 -3.01124
290000 110000 149997 -3.09275
285000 115000 149996 -3.50212
290000 115000 149996 -3.71323
280000 115000 149997 -2.91778
285000 115000 149996 -3.50212
280000 120000 149998 -2.37139
285000 120000 149997 -3.4469
285000 115000 149996 -3.50212
290000 115000 149996 -3.71323
285000 120000 149997 -3.4469
290000 120000 149996 -4.25659
290000 110000 149997 -3.09275
295000 110000 149996 -3.76799
290000 115000 149996 -3.71323
295000 115000 149996 -4.10358
295000 110000 149996 -3.76799
300000 110000 149996 -4.18853
295000 115000 149996 -4.10358
300000 115000 149996 -3.97141
290000 115000 149996 -3.71323
295000 115000 149996 -4.10358
290000 120000 149996 -4.25659
295000 120000 149996 -4.46361
295000 115000 149996 -4.10358
300000 115000 149996 -3.97141
295000 120000 149996 -4.46361
300000 120000 149996 -4.16834
