# x y z topography
0 0 149986 -14.095
5000 0 149984 -15.5421
0 5000 149986 -14.0195
5000 5000 149990 -10.2193
5000 0 149984 -15.5421
10000 0 149990 -10.2984
5000 5000 149990 -10.2193
10000 5000 149988 -12.1414
0 5000 149986 -14.0195
5000 5000 149990 -10.2193
0 10000 149987 -12.9882
5000 10000 149990 -9.62594
5000 5000 149990 -10.2193
10000 5000 149988 -12.1414
5000 10000 149990 -9.62594
10000 10000 149988 -11.6697
10000 0 149990 -10.2984
15000 0 149987 -12.7207
10000 5000 149988 -12.1414
15000 5000 149991 -9.22143
15000 0 149987 -12.7207
20000 0 149991 -8.78334
15000 5000 149991 -9.22143
20000 5000 149989 -10.6183
10000 5000 149988 -12.1414
15000 5000 149991 -9.22143
10000 10000 149988 -11.6697
15000 10000 149988 -11.8674
15000 5000 149991 -9.22143
20000 5000 149989 -10.6183
15000 10000 149988 -11.8674
20000 10000 149991 -8.58039
20000 0 149991 -8.78334
25000 0 149992 -8.42466
20000 5000 149989 -10.6183
25000 5000 149989 -11.0041
25000 0 149992 -8.42466
30000 0 149989 -10.9077
25000 5000 149989 -11.0041
30000 5000 149992 -7.90849
20000 5000 149989 -10.6183
25000 5000 149989 -11.0041
20000 10000 149991 -8.58039
25000 10000 149991 -9.03647
25000 5000 149989 -11.0041
30000 5000 149992 -7.90849
25000 10000 149991 -9.03647
30000 10000 149992 -8.23905
30000 0 149989 -10.9077
35000 0 149994 -6.39759
30000 5000 149992 -7.90849
35000 5000 149989 -10.7797
35000 0 149994 -6.39759
40000 0 149989 -10.6235
35000 5000 149989 -10.7797
40000 5000 149990 -10.4266
30000 5000 149992 -7.90849
35000 5000 149989 -10.7797
30000 10000 149992 -8.23905
35000 10000 149989 -10.7973
35000 5000 149989 -10.7797
40000 5000 149990 -10.4266
35000 10000 149989 -10.7973
40000 10000 149990 -9.94617
40000 0 149989 -10.6235
45000 0 149991 -9.07997
40000 5000 149990 -10.4266
45000 5000 149991 -9.27032
45000 0 149991 -9.07997
50000 0 149994 -6.49182
45000 5000 149991 -9.27032
50000 5000 149992 -8.3234
40000 5000 149990 -10.4266
45000 5000 149991 -9.27032
40000 10000 149990 -9.94617
45000 10000 149990 -9.63275
45000 5000 149991 -9.27032
50000 5000 149992 -8.3234
45000 10000 149990 -9.63275
50000 10000 149991 -8.50968
50000 0 149994 -6.49182
55000 0 149994 -6.46253
50000 5000 149992 -8.3234
55000 5000 149993 -7.3773
55000 0 149994 -6.46253
60000 0 149999 -1.44726
55000 5000 149993 -7.3773
60000 5000 149996 -3.76732
50000 5000 149992 -8.3234
55000 5000 149993 -7.3773
50000 10000 149991 -8.50968
55000 10000 149993 -6.68633
55000 5000 149993 -7.3773
60000 5000 149996 -3.76732
55000 10000 149993 -6.68633
60000 10000 149995 -5.08874
60000 0 149999 -1.44726
65000 0 149995 -4.97035
60000 5000 149996 -3.76732
65000 5000 150001 0.899358
65000 0 149995 -4.97035
70000 0 150001 0.997238
65000 5000 150001 0.899358
70000 5000 150000 0.355809
60000 5000 149996 -3.76732
65000 5000 150001 0.899358
60000 10000 149995 -5.08874
65000 10000 149996 -3.98447
65000 5000 150001 0.899358
70000 5000 150000 0.355809
65000 10000 149996 -3.98447
70000 10000 149997 -2.67897
70000 0 150001 0.997238
75000 0 149998 -2.25595
70000 5000 150000 0.355809
75000 5000 150002 1.85552
75000 0 149998 -2.25595
80000 0 150006 5.67942
75000 5000 150002 1.85552
80000 5000 150004 3.84501
70000 5000 150000 0.355809
75000 5000 150002 1.85552
70000 10000 149997 -2.67897
75000 10000 150002 1.86489
75000 5000 150002 1.85552
80000 5000 150004 3.84501
75000 10000 150002 1.86489
80000 10000 150003 3.29595
0 10000 149987 -12.9882
5000 10000 149990 -9.62594
0 15000 149987 -12.6105
5000 15000 149988 -12.0114
5000 10000 149990 -9.62594
10000 10000 149988 -11.6697
5000 15000 149988 -12.0114
10000 15000 149988 -11.9765
0 15000 149987 -12.6105
5000 15000 149988 -12.0114
0 20000 149990 -10.3378
5000 20000 149989 -10.9193
5000 15000 149988 -12.0114
10000 15000 149988 -11.9765
5000 20000 149989 -10.9193
10000 20000 149988 -12.0114
10000 10000 149988 -11.6697
15000 10000 149988 -11.8674
10000 15000 149988 -11.9765
15000 15000 149988 -11.8748
15000 10000 149988 -11.8674
20000 10000 149991 -8.58039
15000 15000 149988 -11.8748
20000 15000 149989 -10.6566
10000 15000 149988 -11.9765
15000 15000 149988 -11.8748
10000 20000 149988 -12.0114
15000 20000 149988 -11.9229
15000 15000 149988 -11.8748
20000 15000 149989 -10.6566
15000 20000 149988 -11.9229
20000 20000 149992 -8.14955
20000 10000 149991 -8.58039
25000 10000 149991 -9.03647
20000 15000 149989 -10.6566
25000 15000 149989 -11.0439
25000 10000 149991 -9.03647
30000 10000 149992 -8.23905
25000 15000 149989 -11.0439
30000 15000 149989 -10.9393
20000 15000 149989 -10.6566
25000 15000 149989 -11.0439
20000 20000 149992 -8.14955
25000 20000 149989 -11.3278
25000 15000 149989 -11.0439
30000 15000 149989 -10.9393
25000 20000 149989 -11.3278
30000 20000 149989 -10.5817
30000 10000 149992 -8.23905
35000 10000 149989 -10.7973
30000 15000 149989 -10.9393
35000 15000 149994 -6.46771
35000 10000 149989 -10.7973
40000 10000 149990 -9.94617
35000 15000 149994 -6.46771
40000 15000 149991 -8.86779
30000 15000 149989 -10.9393
35000 15000 149994 -6.46771
30000 20000 149989 -10.5817
35000 20000 149993 -7.3875
35000 15000 149994 -6.46771
40000 15000 149991 -8.86779
35000 20000 149993 -7.3875
40000 20000 149994 -6.27087
40000 10000 149990 -9.94617
45000 10000 149990 -9.63275
40000 15000 149991 -8.86779
45000 15000 149992 -8.28203
45000 10000 149990 -9.63275
50000 10000 149991 -8.50968
45000 15000 149992 -8.28203
50000 15000 149993 -7.39387
40000 15000 149991 -8.86779
45000 15000 149992 -8.28203
40000 20000 149994 -6.27087
45000 20000 149992 -8.26206
45000 15000 149992 -8.28203
50000 15000 149993 -7.39387
45000 20000 149992 -8.26206
50000 20000 149992 -7.57223
50000 10000 149991 -8.50968
55000 10000 149993 -6.68633
50000 15000 149993 -7.39387
55000 15000 149994 -5.96298
55000 10000 149993 -6.68633
60000 10000 149995 -5.08874
55000 15000 149994 -5.96298
60000 15000 149997 -2.75391
50000 15000 149993 -7.39387
55000 15000 149994 -5.96298
50000 20000 149992 -7.57223
55000 20000 149993 -6.91087
55000 15000 149994 -5.96298
60000 15000 149997 -2.75391
55000 20000 149993 -6.91087
60000 20000 149994 -5.8021
60000 10000 149995 -5.08874
65000 10000 149996 -3.98447
60000 15000 149997 -2.75391
65000 15000 149997 -2.95208
65000 10000 149996 -3.98447
70000 10000 149997 -2.67897
65000 15000 149997 -2.95208
70000 15000 149997 -2.69891
60000 15000 149997 -2.75391
65000 15000 149997 -2.95208
60000 20000 149994 -5.8021
65000 20000 149998 -1.53008
65000 15000 149997 -2.95208
70000 15000 149997 -2.69891
65000 20000 149998 -1.53008
70000 20000 149999 -0.565186
70000 10000 149997 -2.67897
75000 10000 150002 1.86489
70000 15000 149997 -2.69891
75000 15000 150004 3.59355
75000 10000 150002 1.86489
80000 10000 150003 3.29595
75000 15000 150004 3.59355
80000 15000 150001 1.38949
70000 15000 149997 -2.69891
75000 15000 150004 3.59355
70000 20000 149999 -0.565186
75000 20000 150002 2.23556
75000 15000 150004 3.59355
80000 15000 150001 1.38949
75000 20000 150002 2.23556
80000 20000 150002 1.55621
0 20000 149990 -10.3378
5000 20000 149989 -10.9193
0 25000 149988 -12.0386
5000 25000 149988 -12.0066
5000 20000 149989 -10.9193
10000 20000 149988 -12.0114
5000 25000 149988 -12.0066
10000 25000 149988 -11.9529
0 25000 149988 -12.0386
5000 25000 149988 -12.0066
0 30000 149986 -13.8826
5000 30000 149988 -11.8218
5000 25000 149988 -12.0066
10000 25000 149988 -11.9529
5000 30000 149988 -11.8218
10000 30000 149989 -11.3942
10000 20000 149988 -12.0114
15000 20000 149988 -11.9229
10000 25000 149988 -11.9529
15000 25000 149990 -10.2003
15000 20000 149988 -11.9229
20000 20000 149992 -8.14955
15000 25000 149990 -10.2003
20000 25000 149988 -11.5948
10000 25000 149988 -11.9529
15000 25000 149990 -10.2003
10000 30000 149989 -11.3942
15000 30000 149988 -11.9156
15000 25000 149990 -10.2003
20000 25000 149988 -11.5948
15000 30000 149988 -11.9156
20000 30000 149991 -9.15985
20000 20000 149992 -8.14955
25000 20000 149989 -11.3278
20000 25000 149988 -11.5948
25000 25000 149989 -11.3932
25000 20000 149989 -11.3278
30000 20000 149989 -10.5817
25000 25000 149989 -11.3932
30000 25000 149991 -9.12583
20000 25000 149988 -11.5948
25000 25000 149989 -11.3932
20000 30000 149991 -9.15985
25000 30000 149992 -7.7604
25000 25000 149989 -11.3932
30000 25000 149991 -9.12583
25000 30000 149992 -7.7604
30000 30000 149989 -11.0311
30000 20000 149989 -10.5817
35000 20000 149993 -7.3875
30000 25000 149991 -9.12583
35000 25000 149993 -7.31161
35000 20000 149993 -7.3875
40000 20000 149994 -6.27087
35000 25000 149993 -7.31161
40000 25000 149994 -5.71237
30000 25000 149991 -9.12583
35000 25000 149993 -7.31161
30000 30000 149989 -11.0311
35000 30000 149989 -10.674
35000 25000 149993 -7.31161
40000 25000 149994 -5.71237
35000 30000 149989 -10.674
40000 30000 149994 -5.98665
40000 20000 149994 -6.27087
45000 20000 149992 -8.26206
40000 25000 149994 -5.71237
45000 25000 149994 -6.12736
45000 20000 149992 -8.26206
50000 20000 149992 -7.57223
45000 25000 149994 -6.12736
50000 25000 149996 -3.76283
40000 25000 149994 -5.71237
45000 25000 149994 -6.12736
40000 30000 149994 -5.98665
45000 30000 149992 -8.24475
45000 25000 149994 -6.12736
50000 25000 149996 -3.76283
45000 30000 149992 -8.24475
50000 30000 149995 -5.37182
50000 20000 149992 -7.57223
55000 20000 149993 -6.91087
50000 25000 149996 -3.76283
55000 25000 149996 -3.83702
55000 20000 149993 -6.91087
60000 20000 149994 -5.8021
55000 25000 149996 -3.83702
60000 25000 149998 -1.73132
50000 25000 149996 -3.76283
55000 25000 149996 -3.83702
50000 30000 149995 -5.37182
55000 30000 149995 -4.795
55000 25000 149996 -3.83702
60000 25000 149998 -1.73132
55000 30000 149995 -4.795
60000 30000 149994 -5.79068
60000 20000 149994 -5.8021
65000 20000 149998 -1.53008
60000 25000 149998 -1.73132
65000 25000 149999 -0.74113
65000 20000 149998 -1.53008
70000 20000 149999 -0.565186
65000 25000 149999 -0.74113
70000 25000 149997 -3.14428
60000 25000 149998 -1.73132
65000 25000 149999 -0.74113
60000 30000 149994 -5.79068
65000 30000 149996 -4.23356
65000 25000 149999 -0.74113
70000 25000 149997 -3.14428
65000 30000 149996 -4.23356
70000 30000 149998 -1.71336
70000 20000 149999 -0.565186
75000 20000 150002 2.23556
70000 25000 149997 -3.14428
75000 25000 150002 2.40225
75000 20000 150002 2.23556
80000 20000 150002 1.55621
75000 25000 150002 2.40225
80000 25000 150004 3.99398
70000 25000 149997 -3.14428
75000 25000 150002 2.40225
70000 30000 149998 -1.71336
75000 30000 149999 -0.659
75000 25000 150002 2.40225
80000 25000 150004 3.99398
75000 30000 149999 -0.659
80000 30000 150000 0.209463
0 30000 149986 -13.8826
5000 30000 149988 -11.8218
0 35000 149989 -10.8706
5000 35000 149989 -10.8871
5000 30000 149988 -11.8218
10000 30000 149989 -11.3942
5000 35000 149989 -10.8871
10000 35000 149988 -11.9745
0 35000 149989 -10.8706
5000 35000 149989 -10.8871
0 40000 149990 -10.1266
5000 40000 149988 -11.9802
5000 35000 149989 -10.8871
10000 35000 149988 -11.9745
5000 40000 149988 -11.9802
10000 40000 149989 -10.9879
10000 30000 149989 -11.3942
15000 30000 149988 -11.9156
10000 35000 149988 -11.9745
15000 35000 149988 -11.9357
15000 30000 149988 -11.9156
20000 30000 149991 -9.15985
15000 35000 149988 -11.9357
20000 35000 149988 -11.772
10000 35000 149988 -11.9745
15000 35000 149988 -11.9357
10000 40000 149989 -10.9879
15000 40000 149988 -11.91
15000 35000 149988 -11.9357
20000 35000 149988 -11.772
15000 40000 149988 -11.91
20000 40000 149991 -8.71897
20000 30000 149991 -9.15985
25000 30000 149992 -7.7604
20000 35000 149988 -11.772
25000 35000 149988 -11.5258
25000 30000 149992 -7.7604
30000 30000 149989 -11.0311
25000 35000 149988 -11.5258
30000 35000 149990 -9.9295
20000 35000 149988 -11.772
25000 35000 149988 -11.5258
20000 40000 149991 -8.71897
25000 40000 149988 -11.6275
25000 35000 149988 -11.5258
30000 35000 149990 -9.9295
25000 40000 149988 -11.6275
30000 40000 149991 -8.83833
30000 30000 149989 -11.0311
35000 30000 149989 -10.674
30000 35000 149990 -9.9295
35000 35000 149990 -9.97547
35000 30000 149989 -10.674
40000 30000 149994 -5.98665
35000 35000 149990 -9.97547
40000 35000 149993 -6.74742
30000 35000 149990 -9.9295
35000 35000 149990 -9.97547
30000 40000 149991 -8.83833
35000 40000 149989 -10.9947
35000 35000 149990 -9.97547
40000 35000 149993 -6.74742
35000 40000 149989 -10.9947
40000 40000 149992 -7.6624
40000 30000 149994 -5.98665
45000 30000 149992 -8.24475
40000 35000 149993 -6.74742
45000 35000 149992 -8.24473
45000 30000 149992 -8.24475
50000 30000 149995 -5.37182
45000 35000 149992 -8.24473
50000 35000 149992 -7.78653
40000 35000 149993 -6.74742
45000 35000 149992 -8.24473
40000 40000 149992 -7.6624
45000 40000 149992 -8.4634
45000 35000 149992 -8.24473
50000 35000 149992 -7.78653
45000 40000 149992 -8.4634
50000 40000 149992 -8.17105
50000 30000 149995 -5.37182
55000 30000 149995 -4.795
50000 35000 149992 -7.78653
55000 35000 149995 -5.01553
55000 30000 149995 -4.795
60000 30000 149994 -5.79068
55000 35000 149995 -5.01553
60000 35000 149995 -4.8272
50000 35000 149992 -7.78653
55000 35000 149995 -5.01553
50000 40000 149992 -8.17105
55000 40000 149993 -6.92345
55000 35000 149995 -5.01553
60000 35000 149995 -4.8272
55000 40000 149993 -6.92345
60000 40000 149995 -5.29745
60000 30000 149994 -5.79068
65000 30000 149996 -4.23356
60000 35000 149995 -4.8272
65000 35000 149997 -3.15408
65000 30000 149996 -4.23356
70000 30000 149998 -1.71336
65000 35000 149997 -3.15408
70000 35000 149997 -2.63942
60000 35000 149995 -4.8272
65000 35000 149997 -3.15408
60000 40000 149995 -5.29745
65000 40000 149997 -3.35602
65000 35000 149997 -3.15408
70000 35000 149997 -2.63942
65000 40000 149997 -3.35602
70000 40000 149998 -1.87961
70000 30000 149998 -1.71336
75000 30000 149999 -0.659
70000 35000 149997 -2.63942
75000 35000 149998 -1.84632
75000 30000 149999 -0.659
80000 30000 150000 0.209463
75000 35000 149998 -1.84632
80000 35000 150002 2.00883
70000 35000 149997 -2.63942
75000 35000 149998 -1.84632
70000 40000 149998 -1.87961
75000 40000 150002 2.24177
75000 35000 149998 -1.84632
80000 35000 150002 2.00883
75000 40000 150002 2.24177
80000 40000 150001 0.677693
0 40000 149990 -10.1266
5000 40000 149988 -11.9802
0 45000 149988 -11.9737
5000 45000 149988 -11.9283
5000 40000 149988 -11.9802
10000 40000 149989 -10.9879
5000 45000 149988 -11.9283
10000 45000 149990 -9.9361
0 45000 149988 -11.9737
5000 45000 149988 -11.9283
0 50000 149988 -11.9667
5000 50000 149989 -10.6118
5000 45000 149988 -11.9283
10000 45000 149990 -9.9361
5000 50000 149989 -10.6118
10000 50000 149988 -12.0837
10000 40000 149989 -10.9879
15000 40000 149988 -11.91
10000 45000 149990 -9.9361
15000 45000 149990 -10.4708
15000 40000 149988 -11.91
20000 40000 149991 -8.71897
15000 45000 149990 -10.4708
20000 45000 149988 -11.7641
10000 45000 149990 -9.9361
15000 45000 149990 -10.4708
10000 50000 149988 -12.0837
15000 50000 149991 -8.83186
15000 45000 149990 -10.4708
20000 45000 149988 -11.7641
15000 50000 149991 -8.83186
20000 50000 149988 -11.7306
20000 40000 149991 -8.71897
25000 40000 149988 -11.6275
20000 45000 149988 -11.7641
25000 45000 149991 -9.26009
25000 40000 149988 -11.6275
30000 40000 149991 -8.83833
25000 45000 149991 -9.26009
30000 45000 149990 -10.378
20000 45000 149988 -11.7641
25000 45000 149991 -9.26009
20000 50000 149988 -11.7306
25000 50000 149991 -8.87308
25000 45000 149991 -9.26009
30000 45000 149990 -10.378
25000 50000 149991 -8.87308
30000 50000 149992 -8.03172
30000 40000 149991 -8.83833
35000 40000 149989 -10.9947
30000 45000 149990 -10.378
35000 45000 149990 -9.55306
35000 40000 149989 -10.9947
40000 40000 149992 -7.6624
35000 45000 149990 -9.55306
40000 45000 149991 -8.54602
30000 45000 149990 -10.378
35000 45000 149990 -9.55306
30000 50000 149992 -8.03172
35000 50000 149994 -6.49881
35000 45000 149990 -9.55306
40000 45000 149991 -8.54602
35000 50000 149994 -6.49881
40000 50000 149991 -9.15663
40000 40000 149992 -7.6624
45000 40000 149992 -8.4634
40000 45000 149991 -8.54602
45000 45000 149994 -5.95088
45000 40000 149992 -8.4634
50000 40000 149992 -8.17105
45000 45000 149994 -5.95088
50000 45000 149992 -7.90448
40000 45000 149991 -8.54602
45000 45000 149994 -5.95088
40000 50000 149991 -9.15663
45000 50000 149995 -4.87788
45000 45000 149994 -5.95088
50000 45000 149992 -7.90448
45000 50000 149995 -4.87788
50000 50000 149993 -7.274
50000 40000 149992 -8.17105
55000 40000 149993 -6.92345
50000 45000 149992 -7.90448
55000 45000 149997 -2.95703
55000 40000 149993 -6.92345
60000 40000 149995 -5.29745
55000 45000 149997 -2.95703
60000 45000 149994 -6.39841
50000 45000 149992 -7.90448
55000 45000 149997 -2.95703
50000 50000 149993 -7.274
55000 50000 149996 -3.92694
55000 45000 149997 -2.95703
60000 45000 149994 -6.39841
55000 50000 149996 -3.92694
60000 50000 149998 -2.2897
60000 40000 149995 -5.29745
65000 40000 149997 -3.35602
60000 45000 149994 -6.39841
65000 45000 149999 -1.35227
65000 40000 149997 -3.35602
70000 40000 149998 -1.87961
65000 45000 149999 -1.35227
70000 45000 150000 0.0224448
60000 45000 149994 -6.39841
65000 45000 149999 -1.35227
60000 50000 149998 -2.2897
65000 50000 149997 -3.06582
65000 45000 149999 -1.35227
70000 45000 150000 0.0224448
65000 50000 149997 -3.06582
70000 50000 149999 -1.40124
70000 40000 149998 -1.87961
75000 40000 150002 2.24177
70000 45000 150000 0.0224448
75000 45000 149999 -1.0328
75000 40000 150002 2.24177
80000 40000 150001 0.677693
75000 45000 149999 -1.0328
80000 45000 150000 -0.0836242
70000 45000 150000 0.0224448
75000 45000 149999 -1.0328
70000 50000 149999 -1.40124
75000 50000 149998 -1.88048
75000 45000 149999 -1.0328
80000 45000 150000 -0.0836242
75000 50000 149998 -1.88048
80000 50000 150003 3.42234
0 50000 149988 -11.9667
5000 50000 149989 -10.6118
0 55000 149988 -11.9374
5000 55000 149989 -11.0538
5000 50000 149989 -10.6118
10000 50000 149988 -12.0837
5000 55000 149989 -11.0538
10000 55000 149988 -11.9775
0 55000 149988 -11.9374
5000 55000 149989 -11.0538
0 60000 149988 -11.8418
5000 60000 149991 -9.29634
5000 55000 149989 -11.0538
10000 55000 149988 -11.9775
5000 60000 149991 -9.29634
10000 60000 149992 -8.25465
10000 50000 149988 -12.0837
15000 50000 149991 -8.83186
10000 55000 149988 -11.9775
15000 55000 149989 -11.4062
15000 50000 149991 -8.83186
20000 50000 149988 -11.7306
15000 55000 149989 -11.4062
20000 55000 149988 -11.7307
10000 55000 149988 -11.9775
15000 55000 149989 -11.4062
10000 60000 149992 -8.25465
15000 60000 149987 -12.5958
15000 55000 149989 -11.4062
20000 55000 149988 -11.7307
15000 60000 149987 -12.5958
20000 60000 149992 -8.12676
20000 50000 149988 -11.7306
25000 50000 149991 -8.87308
20000 55000 149988 -11.7307
25000 55000 149990 -10.0926
25000 50000 149991 -8.87308
30000 50000 149992 -8.03172
25000 55000 149990 -10.0926
30000 55000 149991 -8.9855
20000 55000 149988 -11.7307
25000 55000 149990 -10.0926
20000 60000 149992 -8.12676
25000 60000 149990 -9.5347
25000 55000 149990 -10.0926
30000 55000 149991 -8.9855
25000 60000 149990 -9.5347
30000 60000 149989 -10.5884
30000 50000 149992 -8.03172
35000 50000 149994 -6.49881
30000 55000 149991 -8.9855
35000 55000 149993 -7.03266
35000 50000 149994 -6.49881
40000 50000 149991 -9.15663
35000 55000 149993 -7.03266
40000 55000 149995 -5.25193
30000 55000 149991 -8.9855
35000 55000 149993 -7.03266
30000 60000 149989 -10.5884
35000 60000 149990 -10.3016
35000 55000 149993 -7.03266
40000 55000 149995 -5.25193
35000 60000 149990 -10.3016
40000 60000 149991 -8.54843
40000 50000 149991 -9.15663
45000 50000 149995 -4.87788
40000 55000 149995 -5.25193
45000 55000 149994 -5.68729
45000 50000 149995 -4.87788
50000 50000 149993 -7.274
45000 55000 149994 -5.68729
50000 55000 149995 -5.48818
40000 55000 149995 -5.25193
45000 55000 149994 -5.68729
40000 60000 149991 -8.54843
45000 60000 149994 -6.32291
45000 55000 149994 -5.68729
50000 55000 149995 -5.48818
45000 60000 149994 -6.32291
50000 60000 149992 -8.27871
50000 50000 149993 -7.274
55000 50000 149996 -3.92694
50000 55000 149995 -5.48818
55000 55000 149996 -4.0207
55000 50000 149996 -3.92694
60000 50000 149998 -2.2897
55000 55000 149996 -4.0207
60000 55000 149997 -3.24299
50000 55000 149995 -5.48818
55000 55000 149996 -4.0207
50000 60000 149992 -8.27871
55000 60000 149993 -6.65873
55000 55000 149996 -4.0207
60000 55000 149997 -3.24299
55000 60000 149993 -6.65873
60000 60000 149994 -6.42148
60000 50000 149998 -2.2897
65000 50000 149997 -3.06582
60000 55000 149997 -3.24299
65000 55000 149999 -0.885409
65000 50000 149997 -3.06582
70000 50000 149999 -1.40124
65000 55000 149999 -0.885409
70000 55000 149996 -3.96889
60000 55000 149997 -3.24299
65000 55000 149999 -0.885409
60000 60000 149994 -6.42148
65000 60000 149994 -5.58504
65000 55000 149999 -0.885409
70000 55000 149996 -3.96889
65000 60000 149994 -5.58504
70000 60000 149997 -2.61754
70000 50000 149999 -1.40124
75000 50000 149998 -1.88048
70000 55000 149996 -3.96889
75000 55000 149999 -0.774303
75000 50000 149998 -1.88048
80000 50000 150003 3.42234
75000 55000 149999 -0.774303
80000 55000 149998 -1.50369
70000 55000 149996 -3.96889
75000 55000 149999 -0.774303
70000 60000 149997 -2.61754
75000 60000 150000 0.304553
75000 55000 149999 -0.774303
80000 55000 149998 -1.50369
75000 60000 150000 0.304553
80000 60000 150003 2.79692
0 60000 149988 -11.8418
5000 60000 149991 -9.29634
0 65000 149989 -11.4721
5000 65000 149989 -11.1848
5000 60000 149991 -9.29634
10000 60000 149992 -8.25465
5000 65000 149989 -11.1848
10000 65000 149988 -11.7089
0 65000 149989 -11.4721
5000 65000 149989 -11.1848
0 70000 149991 -9.15204
5000 70000 149990 -10.0425
5000 65000 149989 -11.1848
10000 65000 149988 -11.7089
5000 70000 149990 -10.0425
10000 70000 149990 -9.56406
10000 60000 149992 -8.25465
15000 60000 149987 -12.5958
10000 65000 149988 -11.7089
15000 65000 149989 -10.9376
15000 60000 149987 -12.5958
20000 60000 149992 -8.12676
15000 65000 149989 -10.9376
20000 65000 149990 -10.4915
10000 65000 149988 -11.7089
15000 65000 149989 -10.9376
10000 70000 149990 -9.56406
15000 70000 149988 -11.7998
15000 65000 149989 -10.9376
20000 65000 149990 -10.4915
15000 70000 149988 -11.7998
20000 70000 149991 -8.67569
20000 60000 149992 -8.12676
25000 60000 149990 -9.5347
20000 65000 149990 -10.4915
25000 65000 149989 -11.2581
25000 60000 149990 -9.5347
30000 60000 149989 -10.5884
25000 65000 149989 -11.2581
30000 65000 149990 -10.2251
20000 65000 149990 -10.4915
25000 65000 149989 -11.2581
20000 70000 149991 -8.67569
25000 70000 149989 -11.0988
25000 65000 149989 -11.2581
30000 65000 149990 -10.2251
25000 70000 149989 -11.0988
30000 70000 149990 -10.4971
30000 60000 149989 -10.5884
35000 60000 149990 -10.3016
30000 65000 149990 -10.2251
35000 65000 149990 -10.2703
35000 60000 149990 -10.3016
40000 60000 149991 -8.54843
35000 65000 149990 -10.2703
40000 65000 149992 -8.23016
30000 65000 149990 -10.2251
35000 65000 149990 -10.2703
30000 70000 149990 -10.4971
35000 70000 149990 -10.2524
35000 65000 149990 -10.2703
40000 65000 149992 -8.23016
35000 70000 149990 -10.2524
40000 70000 149992 -8.44241
40000 60000 149991 -8.54843
45000 60000 149994 -6.32291
40000 65000 149992 -8.23016
45000 65000 149991 -9.05804
45000 60000 149994 -6.32291
50000 60000 149992 -8.27871
45000 65000 149991 -9.05804
50000 65000 149994 -5.78023
40000 65000 149992 -8.23016
45000 65000 149991 -9.05804
40000 70000 149992 -8.44241
45000 70000 149991 -8.96674
45000 65000 149991 -9.05804
50000 65000 149994 -5.78023
45000 70000 149991 -8.96674
50000 70000 149994 -5.95396
50000 60000 149992 -8.27871
55000 60000 149993 -6.65873
50000 65000 149994 -5.78023
55000 65000 149997 -3.18072
55000 60000 149993 -6.65873
60000 60000 149994 -6.42148
55000 65000 149997 -3.18072
60000 65000 149994 -6.09671
50000 65000 149994 -5.78023
55000 65000 149997 -3.18072
50000 70000 149994 -5.95396
55000 70000 149992 -7.84851
55000 65000 149997 -3.18072
60000 65000 149994 -6.09671
55000 70000 149992 -7.84851
60000 70000 149997 -3.15114
60000 60000 149994 -6.42148
65000 60000 149994 -5.58504
60000 65000 149994 -6.09671
65000 65000 149997 -3.24541
65000 60000 149994 -5.58504
70000 60000 149997 -2.61754
65000 65000 149997 -3.24541
70000 65000 149996 -4.20268
60000 65000 149994 -6.09671
65000 65000 149997 -3.24541
60000 70000 149997 -3.15114
65000 70000 149996 -3.82527
65000 65000 149997 -3.24541
70000 65000 149996 -4.20268
65000 70000 149996 -3.82527
70000 70000 149997 -2.7573
70000 60000 149997 -2.61754
75000 60000 150000 0.304553
70000 65000 149996 -4.20268
75000 65000 150000 0.204444
75000 60000 150000 0.304553
80000 60000 150003 2.79692
75000 65000 150000 0.204444
80000 65000 150001 0.542793
70000 65000 149996 -4.20268
75000 65000 150000 0.204444
70000 70000 149997 -2.7573
75000 70000 150000 0.0157665
75000 65000 150000 0.204444
80000 65000 150001 0.542793
75000 70000 150000 0.0157665
80000 70000 150003 2.66701
0 70000 149991 -9.15204
5000 70000 149990 -10.0425
0 75000 149988 -11.8781
5000 75000 149988 -11.7116
5000 70000 149990 -10.0425
10000 70000 149990 -9.56406
5000 75000 149988 -11.7116
10000 75000 149988 -11.8704
0 75000 149988 -11.8781
5000 75000 149988 -11.7116
0 80000 149991 -9.11538
5000 80000 149991 -9.15777
5000 75000 149988 -11.7116
10000 75000 149988 -11.8704
5000 80000 149991 -9.15777
10000 80000 149988 -11.8778
10000 70000 149990 -9.56406
15000 70000 149988 -11.7998
10000 75000 149988 -11.8704
15000 75000 149989 -11.2047
15000 70000 149988 -11.7998
20000 70000 149991 -8.67569
15000 75000 149989 -11.2047
20000 75000 149988 -11.5956
10000 75000 149988 -11.8704
15000 75000 149989 -11.2047
10000 80000 149988 -11.8778
15000 80000 149988 -11.7265
15000 75000 149989 -11.2047
20000 75000 149988 -11.5956
15000 80000 149988 -11.7265
20000 80000 149991 -9.38218
20000 70000 149991 -8.67569
25000 70000 149989 -11.0988
20000 75000 149988 -11.5956
25000 75000 149989 -11.074
25000 70000 149989 -11.0988
30000 70000 149990 -10.4971
25000 75000 149989 -11.074
30000 75000 149989 -10.6287
20000 75000 149988 -11.5956
25000 75000 149989 -11.074
20000 80000 149991 -9.38218
25000 80000 149989 -10.6783
25000 75000 149989 -11.074
30000 75000 149989 -10.6287
25000 80000 149989 -10.6783
30000 80000 149991 -9.02568
30000 70000 149990 -10.4971
35000 70000 149990 -10.2524
30000 75000 149989 -10.6287
35000 75000 149991 -8.88163
35000 70000 149990 -10.2524
40000 70000 149992 -8.44241
35000 75000 149991 -8.88163
40000 75000 149991 -9.23135
30000 75000 149989 -10.6287
35000 75000 149991 -8.88163
30000 80000 149991 -9.02568
35000 80000 149991 -9.35914
35000 75000 149991 -8.88163
40000 75000 149991 -9.23135
35000 80000 149991 -9.35914
40000 80000 149992 -7.61969
40000 70000 149992 -8.44241
45000 70000 149991 -8.96674
40000 75000 149991 -9.23135
45000 75000 149991 -8.98539
45000 70000 149991 -8.96674
50000 70000 149994 -5.95396
45000 75000 149991 -8.98539
50000 75000 149992 -8.10905
40000 75000 149991 -9.23135
45000 75000 149991 -8.98539
40000 80000 149992 -7.61969
45000 80000 149993 -6.59683
45000 75000 149991 -8.98539
50000 75000 149992 -8.10905
45000 80000 149993 -6.59683
50000 80000 149992 -8.16961
50000 70000 149994 -5.95396
55000 70000 149992 -7.84851
50000 75000 149992 -8.10905
55000 75000 149994 -6.15432
55000 70000 149992 -7.84851
60000 70000 149997 -3.15114
55000 75000 149994 -6.15432
60000 75000 149995 -4.65217
50000 75000 149992 -8.10905
55000 75000 149994 -6.15432
50000 80000 149992 -8.16961
55000 80000 149996 -3.79273
55000 75000 149994 -6.15432
60000 75000 149995 -4.65217
55000 80000 149996 -3.79273
60000 80000 149995 -5.07088
60000 70000 149997 -3.15114
65000 70000 149996 -3.82527
60000 75000 149995 -4.65217
65000 75000 149995 -4.70931
65000 70000 149996 -3.82527
70000 70000 149997 -2.7573
65000 75000 149995 -4.70931
70000 75000 150000 -0.198766
60000 75000 149995 -4.65217
65000 75000 149995 -4.70931
60000 80000 149995 -5.07088
65000 80000 149993 -6.9444
65000 75000 149995 -4.70931
70000 75000 150000 -0.198766
65000 80000 149993 -6.9444
70000 80000 149996 -3.58532
70000 70000 149997 -2.7573
75000 70000 150000 0.0157665
70000 75000 150000 -0.198766
75000 75000 149999 -0.515706
75000 70000 150000 0.0157665
80000 70000 150003 2.66701
75000 75000 149999 -0.515706
80000 75000 150001 1.00374
70000 75000 150000 -0.198766
75000 75000 149999 -0.515706
70000 80000 149996 -3.58532
75000 80000 149996 -3.64838
75000 75000 149999 -0.515706
80000 75000 150001 1.00374
75000 80000 149996 -3.64838
80000 80000 150003 2.87126
80000 0 150006 5.67942
85000 0 150005 5.15519
80000 5000 150004 3.84501
85000 5000 150004 4.24697
85000 0 150005 5.15519
90000 0 150004 3.93095
85000 5000 150004 4.24697
90000 5000 150006 5.90089
80000 5000 150004 3.84501
85000 5000 150004 4.24697
80000 10000 150003 3.29595
85000 10000 150005 5.02062
85000 5000 150004 4.24697
90000 5000 150006 5.90089
85000 10000 150005 5.02062
90000 10000 150006 6.06546
90000 0 150004 3.93095
95000 0 150003 3.07043
90000 5000 150006 5.90089
95000 5000 150006 6.12972
95000 0 150003 3.07043
100000 0 150004 4.1293
95000 5000 150006 6.12972
100000 5000 150007 6.62222
90000 5000 150006 5.90089
95000 5000 150006 6.12972
90000 10000 150006 6.06546
95000 10000 150009 8.75575
95000 5000 150006 6.12972
100000 5000 150007 6.62222
95000 10000 150009 8.75575
100000 10000 150006 6.23293
100000 0 150004 4.1293
105000 0 150008 8.09007
100000 5000 150007 6.62222
105000 5000 150005 4.92699
105000 0 150008 8.09007
110000 0 150008 7.70466
105000 5000 150005 4.92699
110000 5000 150008 7.73382
100000 5000 150007 6.62222
105000 5000 150005 4.92699
100000 10000 150006 6.23293
105000 10000 150006 6.14497
105000 5000 150005 4.92699
110000 5000 150008 7.73382
105000 10000 150006 6.14497
110000 10000 150005 4.67815
110000 0 150008 7.70466
115000 0 150001 0.571581
110000 5000 150008 7.73382
115000 5000 150001 1.02304
115000 0 150001 0.571581
120000 0 150001 0.610862
115000 5000 150001 1.02304
120000 5000 149999 -0.514751
110000 5000 150008 7.73382
115000 5000 150001 1.02304
110000 10000 150005 4.67815
115000 10000 150004 3.81367
115000 5000 150001 1.02304
120000 5000 149999 -0.514751
115000 10000 150004 3.81367
120000 10000 149998 -2.0863
120000 0 150001 0.610862
125000 0 149996 -4.29138
120000 5000 149999 -0.514751
125000 5000 149995 -4.61763
125000 0 149996 -4.29138
130000 0 150001 1.32312
125000 5000 149995 -4.61763
130000 5000 149998 -1.86217
120000 5000 149999 -0.514751
125000 5000 149995 -4.61763
120000 10000 149998 -2.0863
125000 10000 149996 -4.04964
125000 5000 149995 -4.61763
130000 5000 149998 -1.86217
125000 10000 149996 -4.04964
130000 10000 149997 -2.93812
130000 0 150001 1.32312
135000 0 149998 -1.68048
130000 5000 149998 -1.86217
135000 5000 149998 -2.33177
135000 0 149998 -1.68048
140000 0 150001 0.791893
135000 5000 149998 -2.33177
140000 5000 150006 5.97617
130000 5000 149998 -1.86217
135000 5000 149998 -2.33177
130000 10000 149997 -2.93812
135000 10000 150000 -0.124154
135000 5000 149998 -2.33177
140000 5000 150006 5.97617
135000 10000 150000 -0.124154
140000 10000 150005 5.05132
140000 0 150001 0.791893
145000 0 150008 8.00112
140000 5000 150006 5.97617
145000 5000 150003 2.69213
145000 0 150008 8.00112
150000 0 150004 3.91785
145000 5000 150003 2.69213
150000 5000 150007 7.04073
140000 5000 150006 5.97617
145000 5000 150003 2.69213
140000 10000 150005 5.05132
145000 10000 150007 6.75622
145000 5000 150003 2.69213
150000 5000 150007 7.04073
145000 10000 150007 6.75622
150000 10000 150009 8.62894
150000 0 150004 3.91785
155000 0 150006 5.59018
150000 5000 150007 7.04073
155000 5000 150007 6.79425
155000 0 150006 5.59018
160000 0 150008 8.31918
155000 5000 150007 6.79425
160000 5000 150011 11.4593
150000 5000 150007 7.04073
155000 5000 150007 6.79425
150000 10000 150009 8.62894
155000 10000 150006 6.29658
155000 5000 150007 6.79425
160000 5000 150011 11.4593
155000 10000 150006 6.29658
160000 10000 150011 10.9443
80000 10000 150003 3.29595
85000 10000 150005 5.02062
80000 15000 150001 1.38949
85000 15000 150003 2.98081
85000 10000 150005 5.02062
90000 10000 150006 6.06546
85000 15000 150003 2.98081
90000 15000 150003 3.35569
80000 15000 150001 1.38949
85000 15000 150003 2.98081
80000 20000 150002 1.55621
85000 20000 150007 7.11838
85000 15000 150003 2.98081
90000 15000 150003 3.35569
85000 20000 150007 7.11838
90000 20000 150006 5.58643
90000 10000 150006 6.06546
95000 10000 150009 8.75575
90000 15000 150003 3.35569
95000 15000 150008 8.28802
95000 10000 150009 8.75575
100000 10000 150006 6.23293
95000 15000 150008 8.28802
100000 15000 150008 8.46457
90000 15000 150003 3.35569
95000 15000 150008 8.28802
90000 20000 150006 5.58643
95000 20000 150005 5.16755
95000 15000 150008 8.28802
100000 15000 150008 8.46457
95000 20000 150005 5.16755
100000 20000 150004 4.36079
100000 10000 150006 6.23293
105000 10000 150006 6.14497
100000 15000 150008 8.46457
105000 15000 150010 9.62053
105000 10000 150006 6.14497
110000 10000 150005 4.67815
105000 15000 150010 9.62053
110000 15000 150007 7.19143
100000 15000 150008 8.46457
105000 15000 150010 9.62053
100000 20000 150004 4.36079
105000 20000 150007 7.43221
105000 15000 150010 9.62053
110000 15000 150007 7.19143
105000 20000 150007 7.43221
110000 20000 150010 9.73334
110000 10000 150005 4.67815
115000 10000 150004 3.81367
110000 15000 150007 7.19143
115000 15000 150008 7.81543
115000 10000 150004 3.81367
120000 10000 149998 -2.0863
115000 15000 150008 7.81543
120000 15000 149998 -1.70188
110000 15000 150007 7.19143
115000 15000 150008 7.81543
110000 20000 150010 9.73334
115000 20000 150004 4.42502
115000 15000 150008 7.81543
120000 15000 149998 -1.70188
115000 20000 150004 4.42502
120000 20000 149998 -1.9082
120000 10000 149998 -2.0863
125000 10000 149996 -4.04964
120000 15000 149998 -1.70188
125000 15000 149989 -10.6638
125000 10000 149996 -4.04964
130000 10000 149997 -2.93812
125000 15000 149989 -10.6638
130000 15000 149994 -6.0076
120000 15000 149998 -1.70188
125000 15000 149989 -10.6638
120000 20000 149998 -1.9082
125000 20000 149987 -13.4833
125000 15000 149989 -10.6638
130000 15000 149994 -6.0076
125000 20000 149987 -13.4833
130000 20000 149984 -15.947
130000 10000 149997 -2.93812
135000 10000 150000 -0.124154
130000 15000 149994 -6.0076
135000 15000 149995 -5.38022
135000 10000 150000 -0.124154
140000 10000 150005 5.05132
135000 15000 149995 -5.38022
140000 15000 150002 1.67221
130000 15000 149994 -6.0076
135000 15000 149995 -5.38022
130000 20000 149984 -15.947
135000 20000 149995 -4.61347
135000 15000 149995 -5.38022
140000 15000 150002 1.67221
135000 20000 149995 -4.61347
140000 20000 150001 0.976548
140000 10000 150005 5.05132
145000 10000 150007 6.75622
140000 15000 150002 1.67221
145000 15000 150007 6.79141
145000 10000 150007 6.75622
150000 10000 150009 8.62894
145000 15000 150007 6.79141
150000 15000 150006 5.92694
140000 15000 150002 1.67221
145000 15000 150007 6.79141
140000 20000 150001 0.976548
145000 20000 150006 5.72544
145000 15000 150007 6.79141
150000 15000 150006 5.92694
145000 20000 150006 5.72544
150000 20000 150006 6.03429
150000 10000 150009 8.62894
155000 10000 150006 6.29658
150000 15000 150006 5.92694
155000 15000 150010 9.73565
155000 10000 150006 6.29658
160000 10000 150011 10.9443
155000 15000 150010 9.73565
160000 15000 150012 11.9472
150000 15000 150006 5.92694
155000 15000 150010 9.73565
150000 20000 150006 6.03429
155000 20000 150009 9.06058
155000 15000 150010 9.73565
160000 15000 150012 11.9472
155000 20000 150009 9.06058
160000 20000 150011 10.5219
80000 20000 150002 1.55621
85000 20000 150007 7.11838
80000 25000 150004 3.99398
85000 25000 150006 6.02969
85000 20000 150007 7.11838
90000 20000 150006 5.58643
85000 25000 150006 6.02969
90000 25000 150003 3.33503
80000 25000 150004 3.99398
85000 25000 150006 6.02969
80000 30000 150000 0.209463
85000 30000 150002 2.47445
85000 25000 150006 6.02969
90000 25000 150003 3.33503
85000 30000 150002 2.47445
90000 30000 150004 4.18411
90000 20000 150006 5.58643
95000 20000 150005 5.16755
90000 25000 150003 3.33503
95000 25000 150007 7.00188
95000 20000 150005 5.16755
100000 20000 150004 4.36079
95000 25000 150007 7.00188
100000 25000 150010 10.284
90000 25000 150003 3.33503
95000 25000 150007 7.00188
90000 30000 150004 4.18411
95000 30000 150004 4.27442
95000 25000 150007 7.00188
100000 25000 150010 10.284
95000 30000 150004 4.27442
100000 30000 150007 6.98237
100000 20000 150004 4.36079
105000 20000 150007 7.43221
100000 25000 150010 10.284
105000 25000 150011 10.5521
105000 20000 150007 7.43221
110000 20000 150010 9.73334
105000 25000 150011 10.5521
110000 25000 150011 10.5819
100000 25000 150010 10.284
105000 25000 150011 10.5521
100000 30000 150007 6.98237
105000 30000 150006 6.17098
105000 25000 150011 10.5521
110000 25000 150011 10.5819
105000 30000 150006 6.17098
110000 30000 150007 6.75742
110000 20000 150010 9.73334
115000 20000 150004 4.42502
110000 25000 150011 10.5819
115000 25000 150012 11.5203
115000 20000 150004 4.42502
120000 20000 149998 -1.9082
115000 25000 150012 11.5203
120000 25000 150005 5.03249
110000 25000 150011 10.5819
115000 25000 150012 11.5203
110000 30000 150007 6.75742
115000 30000 150011 11.2726
115000 25000 150012 11.5203
120000 25000 150005 5.03249
115000 30000 150011 11.2726
120000 30000 150008 7.79284
120000 20000 149998 -1.9082
125000 20000 149987 -13.4833
120000 25000 150005 5.03249
125000 25000 149991 -8.50658
125000 20000 149987 -13.4833
130000 20000 149984 -15.947
125000 25000 149991 -8.50658
130000 25000 149983 -16.9043
120000 25000 150005 5.03249
125000 25000 149991 -8.50658
120000 30000 150008 7.79284
125000 30000 149998 -1.92501
125000 25000 149991 -8.50658
130000 25000 149983 -16.9043
125000 30000 149998 -1.92501
130000 30000 149987 -12.7545
130000 20000 149984 -15.947
135000 20000 149995 -4.61347
130000 25000 149983 -16.9043
135000 25000 149990 -9.61543
135000 20000 149995 -4.61347
140000 20000 150001 0.976548
135000 25000 149990 -9.61543
140000 25000 149998 -2.06467
130000 25000 149983 -16.9043
135000 25000 149990 -9.61543
130000 30000 149987 -12.7545
135000 30000 149982 -18.2425
135000 25000 149990 -9.61543
140000 25000 149998 -2.06467
135000 30000 149982 -18.2425
140000 30000 149994 -6.33345
140000 20000 150001 0.976548
145000 20000 150006 5.72544
140000 25000 149998 -2.06467
145000 25000 150006 5.68531
145000 20000 150006 5.72544
150000 20000 150006 6.03429
145000 25000 150006 5.68531
150000 25000 150007 7.11575
140000 25000 149998 -2.06467
145000 25000 150006 5.68531
140000 30000 149994 -6.33345
145000 30000 150005 4.64653
145000 25000 150006 5.68531
150000 25000 150007 7.11575
145000 30000 150005 4.64653
150000 30000 150007 7.42261
150000 20000 150006 6.03429
155000 20000 150009 9.06058
150000 25000 150007 7.11575
155000 25000 150007 7.10356
155000 20000 150009 9.06058
160000 20000 150011 10.5219
155000 25000 150007 7.10356
160000 25000 150008 7.56714
150000 25000 150007 7.11575
155000 25000 150007 7.10356
150000 30000 150007 7.42261
155000 30000 150009 8.85963
155000 25000 150007 7.10356
160000 25000 150008 7.56714
155000 30000 150009 8.85963
160000 30000 150009 8.70605
80000 30000 150000 0.209463
85000 30000 150002 2.47445
80000 35000 150002 2.00883
85000 35000 150004 3.81422
85000 30000 150002 2.47445
90000 30000 150004 4.18411
85000 35000 150004 3.81422
90000 35000 150002 2.38897
80000 35000 150002 2.00883
85000 35000 150004 3.81422
80000 40000 150001 0.677693
85000 40000 150004 4.4384
85000 35000 150004 3.81422
90000 35000 150002 2.38897
85000 40000 150004 4.4384
90000 40000 150008 7.6939
90000 30000 150004 4.18411
95000 30000 150004 4.27442
90000 35000 150002 2.38897
95000 35000 150006 5.59314
95000 30000 150004 4.27442
100000 30000 150007 6.98237
95000 35000 150006 5.59314
100000 35000 150007 6.65506
90000 35000 150002 2.38897
95000 35000 150006 5.59314
90000 40000 150008 7.6939
95000 40000 150009 9.31586
95000 35000 150006 5.59314
100000 35000 150007 6.65506
95000 40000 150009 9.31586
100000 40000 150010 9.79297
100000 30000 150007 6.98237
105000 30000 150006 6.17098
100000 35000 150007 6.65506
105000 35000 150007 6.80513
105000 30000 150006 6.17098
110000 30000 150007 6.75742
105000 35000 150007 6.80513
110000 35000 150008 7.76306
100000 35000 150007 6.65506
105000 35000 150007 6.80513
100000 40000 150010 9.79297
105000 40000 150008 7.6332
105000 35000 150007 6.80513
110000 35000 150008 7.76306
105000 40000 150008 7.6332
110000 40000 150007 6.93984
110000 30000 150007 6.75742
115000 30000 150011 11.2726
110000 35000 150008 7.76306
115000 35000 150009 9.36586
115000 30000 150011 11.2726
120000 30000 150008 7.79284
115000 35000 150009 9.36586
120000 35000 150008 8.11027
110000 35000 150008 7.76306
115000 35000 150009 9.36586
110000 40000 150007 6.93984
115000 40000 150013 12.7378
115000 35000 150009 9.36586
120000 35000 150008 8.11027
115000 40000 150013 12.7378
120000 40000 150010 10.3013
120000 30000 150008 7.79284
125000 30000 149998 -1.92501
120000 35000 150008 8.11027
125000 35000 150007 7.20287
125000 30000 149998 -1.92501
130000 30000 149987 -12.7545
125000 35000 150007 7.20287
130000 35000 149990 -10.4796
120000 35000 150008 8.11027
125000 35000 150007 7.20287
120000 40000 150010 10.3013
125000 40000 150005 5.01948
125000 35000 150007 7.20287
130000 35000 149990 -10.4796
125000 40000 150005 5.01948
130000 40000 149998 -1.92496
130000 30000 149987 -12.7545
135000 30000 149982 -18.2425
130000 35000 149990 -10.4796
135000 35000 149980 -20.4595
135000 30000 149982 -18.2425
140000 30000 149994 -6.33345
135000 35000 149980 -20.4595
140000 35000 149989 -11.4185
130000 35000 149990 -10.4796
135000 35000 149980 -20.4595
130000 40000 149998 -1.92496
135000 40000 149984 -15.8576
135000 35000 149980 -20.4595
140000 35000 149989 -11.4185
135000 40000 149984 -15.8576
140000 40000 149983 -16.5084
140000 30000 149994 -6.33345
145000 30000 150005 4.64653
140000 35000 149989 -11.4185
145000 35000 150000 0.219116
145000 30000 150005 4.64653
150000 30000 150007 7.42261
145000 35000 150000 0.219116
150000 35000 150003 2.82697
140000 35000 149989 -11.4185
145000 35000 150000 0.219116
140000 40000 149983 -16.5084
145000 40000 149993 -6.51033
145000 35000 150000 0.219116
150000 35000 150003 2.82697
145000 40000 149993 -6.51033
150000 40000 150002 2.39536
150000 30000 150007 7.42261
155000 30000 150009 8.85963
150000 35000 150003 2.82697
155000 35000 150009 8.7981
155000 30000 150009 8.85963
160000 30000 150009 8.70605
155000 35000 150009 8.7981
160000 35000 150010 10.2914
150000 35000 150003 2.82697
155000 35000 150009 8.7981
150000 40000 150002 2.39536
155000 40000 150012 11.7684
155000 35000 150009 8.7981
160000 35000 150010 10.2914
155000 40000 150012 11.7684
160000 40000 150007 7.48987
80000 40000 150001 0.677693
85000 40000 150004 4.4384
80000 45000 150000 -0.0836242
85000 45000 150002 2.11721
85000 40000 150004 4.4384
90000 40000 150008 7.6939
85000 45000 150002 2.11721
90000 45000 150008 8.45497
80000 45000 150000 -0.0836242
85000 45000 150002 2.11721
80000 50000 150003 3.42234
85000 50000 150002 2.12683
85000 45000 150002 2.11721
90000 45000 150008 8.45497
85000 50000 150002 2.12683
90000 50000 150004 3.57586
90000 40000 150008 7.6939
95000 40000 150009 9.31586
90000 45000 150008 8.45497
95000 45000 150005 5.06784
95000 40000 150009 9.31586
100000 40000 150010 9.79297
95000 45000 150005 5.06784
100000 45000 150006 6.00609
90000 45000 150008 8.45497
95000 45000 150005 5.06784
90000 50000 150004 3.57586
95000 50000 150009 8.82911
95000 45000 150005 5.06784
100000 45000 150006 6.00609
95000 50000 150009 8.82911
100000 50000 150007 7.19326
100000 40000 150010 9.79297
105000 40000 150008 7.6332
100000 45000 150006 6.00609
105000 45000 150008 8.4997
105000 40000 150008 7.6332
110000 40000 150007 6.93984
105000 45000 150008 8.4997
110000 45000 150010 9.51765
100000 45000 150006 6.00609
105000 45000 150008 8.4997
100000 50000 150007 7.19326
105000 50000 150006 6.47307
105000 45000 150008 8.4997
110000 45000 150010 9.51765
105000 50000 150006 6.47307
110000 50000 150012 11.7105
110000 40000 150007 6.93984
115000 40000 150013 12.7378
110000 45000 150010 9.51765
115000 45000 150007 7.47517
115000 40000 150013 12.7378
120000 40000 150010 10.3013
115000 45000 150007 7.47517
120000 45000 150011 11.0126
110000 45000 150010 9.51765
115000 45000 150007 7.47517
110000 50000 150012 11.7105
115000 50000 150011 10.914
115000 45000 150007 7.47517
120000 45000 150011 11.0126
115000 50000 150011 10.914
120000 50000 150008 7.86047
120000 40000 150010 10.3013
125000 40000 150005 5.01948
120000 45000 150011 11.0126
125000 45000 150007 7.49154
125000 40000 150005 5.01948
130000 40000 149998 -1.92496
125000 45000 150007 7.49154
130000 45000 150004 3.57896
120000 45000 150011 11.0126
125000 45000 150007 7.49154
120000 50000 150008 7.86047
125000 50000 150009 8.69528
125000 45000 150007 7.49154
130000 45000 150004 3.57896
125000 50000 150009 8.69528
130000 50000 150007 7.27209
130000 40000 149998 -1.92496
135000 40000 149984 -15.8576
130000 45000 150004 3.57896
135000 45000 149994 -5.63093
135000 40000 149984 -15.8576
140000 40000 149983 -16.5084
135000 45000 149994 -5.63093
140000 45000 149981 -18.677
130000 45000 150004 3.57896
135000 45000 149994 -5.63093
130000 50000 150007 7.27209
135000 50000 150000 -0.427911
135000 45000 149994 -5.63093
140000 45000 149981 -18.677
135000 50000 150000 -0.427911
140000 50000 149983 -16.7651
140000 40000 149983 -16.5084
145000 40000 149993 -6.51033
140000 45000 149981 -18.677
145000 45000 149983 -17.4018
145000 40000 149993 -6.51033
150000 40000 150002 2.39536
145000 45000 149983 -17.4018
150000 45000 149996 -4.46464
140000 45000 149981 -18.677
145000 45000 149983 -17.4018
140000 50000 149983 -16.7651
145000 50000 149983 -17.1531
145000 45000 149983 -17.4018
150000 45000 149996 -4.46464
145000 50000 149983 -17.1531
150000 50000 149989 -10.5287
150000 40000 150002 2.39536
155000 40000 150012 11.7684
150000 45000 149996 -4.46464
155000 45000 150006 6.10591
155000 40000 150012 11.7684
160000 40000 150007 7.48987
155000 45000 150006 6.10591
160000 45000 150010 10.3007
150000 45000 149996 -4.46464
155000 45000 150006 6.10591
150000 50000 149989 -10.5287
155000 50000 150006 6.28598
155000 45000 150006 6.10591
160000 45000 150010 10.3007
155000 50000 150006 6.28598
160000 50000 150007 6.7801
80000 50000 150003 3.42234
85000 50000 150002 2.12683
80000 55000 149998 -1.50369
85000 55000 150000 -0.0731218
85000 50000 150002 2.12683
90000 50000 150004 3.57586
85000 55000 150000 -0.0731218
90000 55000 150003 3.32836
80000 55000 149998 -1.50369
85000 55000 150000 -0.0731218
80000 60000 150003 2.79692
85000 60000 150004 4.09869
85000 55000 150000 -0.0731218
90000 55000 150003 3.32836
85000 60000 150004 4.09869
90000 60000 150003 3.03937
90000 50000 150004 3.57586
95000 50000 150009 8.82911
90000 55000 150003 3.32836
95000 55000 150005 5.35766
95000 50000 150009 8.82911
100000 50000 150007 7.19326
95000 55000 150005 5.35766
100000 55000 150006 5.83347
90000 55000 150003 3.32836
95000 55000 150005 5.35766
90000 60000 150003 3.03937
95000 60000 150004 3.95544
95000 55000 150005 5.35766
100000 55000 150006 5.83347
95000 60000 150004 3.95544
100000 60000 150006 6.4151
100000 50000 150007 7.19326
105000 50000 150006 6.47307
100000 55000 150006 5.83347
105000 55000 150011 10.5357
105000 50000 150006 6.47307
110000 50000 150012 11.7105
105000 55000 150011 10.5357
110000 55000 150012 12.2265
100000 55000 150006 5.83347
105000 55000 150011 10.5357
100000 60000 150006 6.4151
105000 60000 150007 7.07998
105000 55000 150011 10.5357
110000 55000 150012 12.2265
105000 60000 150007 7.07998
110000 60000 150008 7.78196
110000 50000 150012 11.7105
115000 50000 150011 10.914
110000 55000 150012 12.2265
115000 55000 150010 9.92542
115000 50000 150011 10.914
120000 50000 150008 7.86047
115000 55000 150010 9.92542
120000 55000 150010 10.454
110000 55000 150012 12.2265
115000 55000 150010 9.92542
110000 60000 150008 7.78196
115000 60000 150012 12.1865
115000 55000 150010 9.92542
120000 55000 150010 10.454
115000 60000 150012 12.1865
120000 60000 150008 8.26426
120000 50000 150008 7.86047
125000 50000 150009 8.69528
120000 55000 150010 10.454
125000 55000 150012 12.3973
125000 50000 150009 8.69528
130000 50000 150007 7.27209
125000 55000 150012 12.3973
130000 55000 150011 10.6655
120000 55000 150010 10.454
125000 55000 150012 12.3973
120000 60000 150008 8.26426
125000 60000 150012 12.2131
125000 55000 150012 12.3973
130000 55000 150011 10.6655
125000 60000 150012 12.2131
130000 60000 150010 10.2318
130000 50000 150007 7.27209
135000 50000 150000 -0.427911
130000 55000 150011 10.6655
135000 55000 150007 7.20935
135000 50000 150000 -0.427911
140000 50000 149983 -16.7651
135000 55000 150007 7.20935
140000 55000 149995 -5.16378
130000 55000 150011 10.6655
135000 55000 150007 7.20935
130000 60000 150010 10.2318
135000 60000 150012 11.6729
135000 55000 150007 7.20935
140000 55000 149995 -5.16378
135000 60000 150012 11.6729
140000 60000 150001 1.49027
140000 50000 149983 -16.7651
145000 50000 149983 -17.1531
140000 55000 149995 -5.16378
145000 55000 149983 -16.9216
145000 50000 149983 -17.1531
150000 50000 149989 -10.5287
145000 55000 149983 -16.9216
150000 55000 149987 -13.322
140000 55000 149995 -5.16378
145000 55000 149983 -16.9216
140000 60000 150001 1.49027
145000 60000 149990 -10.1082
145000 55000 149983 -16.9216
150000 55000 149987 -13.322
145000 60000 149990 -10.1082
150000 60000 149984 -16.3324
150000 50000 149989 -10.5287
155000 50000 150006 6.28598
150000 55000 149987 -13.322
155000 55000 149999 -1.30234
155000 50000 150006 6.28598
160000 50000 150007 6.7801
155000 55000 149999 -1.30234
160000 55000 150010 9.88177
150000 55000 149987 -13.322
155000 55000 149999 -1.30234
150000 60000 149984 -16.3324
155000 60000 149990 -9.86879
155000 55000 149999 -1.30234
160000 55000 150010 9.88177
155000 60000 149990 -9.86879
160000 60000 149999 -1.24786
80000 60000 150003 2.79692
85000 60000 150004 4.09869
80000 65000 150001 0.542793
85000 65000 150000 0.29752
85000 60000 150004 4.09869
90000 60000 150003 3.03937
85000 65000 150000 0.29752
90000 65000 150005 5.45415
80000 65000 150001 0.542793
85000 65000 150000 0.29752
80000 70000 150003 2.66701
85000 70000 150002 1.57551
85000 65000 150000 0.29752
90000 65000 150005 5.45415
85000 70000 150002 1.57551
90000 70000 150005 4.90653
90000 60000 150003 3.03937
95000 60000 150004 3.95544
90000 65000 150005 5.45415
95000 65000 150007 7.01554
95000 60000 150004 3.95544
100000 60000 150006 6.4151
95000 65000 150007 7.01554
100000 65000 150005 5.22241
90000 65000 150005 5.45415
95000 65000 150007 7.01554
90000 70000 150005 4.90653
95000 70000 150007 6.77297
95000 65000 150007 7.01554
100000 65000 150005 5.22241
95000 70000 150007 6.77297
100000 70000 150005 4.86875
100000 60000 150006 6.4151
105000 60000 150007 7.07998
100000 65000 150005 5.22241
105000 65000 150010 10.0459
105000 60000 150007 7.07998
110000 60000 150008 7.78196
105000 65000 150010 10.0459
110000 65000 150009 9.13152
100000 65000 150005 5.22241
105000 65000 150010 10.0459
100000 70000 150005 4.86875
105000 70000 150009 9.4313
105000 65000 150010 10.0459
110000 65000 150009 9.13152
105000 70000 150009 9.4313
110000 70000 150009 8.90209
110000 60000 150008 7.78196
115000 60000 150012 12.1865
110000 65000 150009 9.13152
115000 65000 150008 8.41574
115000 60000 150012 12.1865
120000 60000 150008 8.26426
115000 65000 150008 8.41574
120000 65000 150010 9.72259
110000 65000 150009 9.13152
115000 65000 150008 8.41574
110000 70000 150009 8.90209
115000 70000 150014 13.688
115000 65000 150008 8.41574
120000 65000 150010 9.72259
115000 70000 150014 13.688
120000 70000 150013 13.1444
120000 60000 150008 8.26426
125000 60000 150012 12.2131
120000 65000 150010 9.72259
125000 65000 150013 12.9717
125000 60000 150012 12.2131
130000 60000 150010 10.2318
125000 65000 150013 12.9717
130000 65000 150009 8.65008
120000 65000 150010 9.72259
125000 65000 150013 12.9717
120000 70000 150013 13.1444
125000 70000 150011 11.4817
125000 65000 150013 12.9717
130000 65000 150009 8.65008
125000 70000 150011 11.4817
130000 70000 150011 10.7371
130000 60000 150010 10.2318
135000 60000 150012 11.6729
130000 65000 150009 8.65008
135000 65000 150008 7.50436
135000 60000 150012 11.6729
140000 60000 150001 1.49027
135000 65000 150008 7.50436
140000 65000 150004 3.81751
130000 65000 150009 8.65008
135000 65000 150008 7.50436
130000 70000 150011 10.7371
135000 70000 150013 12.9914
135000 65000 150008 7.50436
140000 65000 150004 3.81751
135000 70000 150013 12.9914
140000 70000 150006 6.21516
140000 60000 150001 1.49027
145000 60000 149990 -10.1082
140000 65000 150004 3.81751
145000 65000 149998 -2.40514
145000 60000 149990 -10.1082
150000 60000 149984 -16.3324
145000 65000 149998 -2.40514
150000 65000 149985 -15.3644
140000 65000 150004 3.81751
145000 65000 149998 -2.40514
140000 70000 150006 6.21516
145000 70000 149999 -0.576768
145000 65000 149998 -2.40514
150000 65000 149985 -15.3644
145000 70000 149999 -0.576768
150000 70000 149989 -11.0328
150000 60000 149984 -16.3324
155000 60000 149990 -9.86879
150000 65000 149985 -15.3644
155000 65000 149981 -19.4906
155000 60000 149990 -9.86879
160000 60000 149999 -1.24786
155000 65000 149981 -19.4906
160000 65000 149996 -3.85078
150000 65000 149985 -15.3644
155000 65000 149981 -19.4906
150000 70000 149989 -11.0328
155000 70000 149983 -17.0973
155000 65000 149981 -19.4906
160000 65000 149996 -3.85078
155000 70000 149983 -17.0973
160000 70000 149988 -11.5618
80000 70000 150003 2.66701
85000 70000 150002 1.57551
80000 75000 150001 1.00374
85000 75000 150001 1.00994
85000 70000 150002 1.57551
90000 70000 150005 4.90653
85000 75000 150001 1.00994
90000 75000 150006 5.97261
80000 75000 150001 1.00374
85000 75000 150001 1.00994
80000 80000 150003 2.87126
85000 80000 150001 0.910189
85000 75000 150001 1.00994
90000 75000 150006 5.97261
85000 80000 150001 0.910189
90000 80000 150002 1.80482
90000 70000 150005 4.90653
95000 70000 150007 6.77297
90000 75000 150006 5.97261
95000 75000 150007 6.94341
95000 70000 150007 6.77297
100000 70000 150005 4.86875
95000 75000 150007 6.94341
100000 75000 150004 4.29825
90000 75000 150006 5.97261
95000 75000 150007 6.94341
90000 80000 150002 1.80482
95000 80000 150003 3.1889
95000 75000 150007 6.94341
100000 75000 150004 4.29825
95000 80000 150003 3.1889
100000 80000 150007 7.40207
100000 70000 150005 4.86875
105000 70000 150009 9.4313
100000 75000 150004 4.29825
105000 75000 150007 6.58592
105000 70000 150009 9.4313
110000 70000 150009 8.90209
105000 75000 150007 6.58592
110000 75000 150010 10.002
100000 75000 150004 4.29825
105000 75000 150007 6.58592
100000 80000 150007 7.40207
105000 80000 150007 7.26341
105000 75000 150007 6.58592
110000 75000 150010 10.002
105000 80000 150007 7.26341
110000 80000 150010 10.2106
110000 70000 150009 8.90209
115000 70000 150014 13.688
110000 75000 150010 10.002
115000 75000 150008 7.95136
115000 70000 150014 13.688
120000 70000 150013 13.1444
115000 75000 150008 7.95136
120000 75000 150010 10.458
110000 75000 150010 10.002
115000 75000 150008 7.95136
110000 80000 150010 10.2106
115000 80000 150008 8.01246
115000 75000 150008 7.95136
120000 75000 150010 10.458
115000 80000 150008 8.01246
120000 80000 150010 10.0725
120000 70000 150013 13.1444
125000 70000 150011 11.4817
120000 75000 150010 10.458
125000 75000 150010 10.2039
125000 70000 150011 11.4817
130000 70000 150011 10.7371
125000 75000 150010 10.2039
130000 75000 150009 8.64498
120000 75000 150010 10.458
125000 75000 150010 10.2039
120000 80000 150010 10.0725
125000 80000 150011 11.3489
125000 75000 150010 10.2039
130000 75000 150009 8.64498
125000 80000 150011 11.3489
130000 80000 150009 8.64408
130000 70000 150011 10.7371
135000 70000 150013 12.9914
130000 75000 150009 8.64498
135000 75000 150009 8.57463
135000 70000 150013 12.9914
140000 70000 150006 6.21516
135000 75000 150009 8.57463
140000 75000 150010 9.98504
130000 75000 150009 8.64498
135000 75000 150009 8.57463
130000 80000 150009 8.64408
135000 80000 150009 9.09377
135000 75000 150009 8.57463
140000 75000 150010 9.98504
135000 80000 150009 9.09377
140000 80000 150010 10.4617
140000 70000 150006 6.21516
145000 70000 149999 -0.576768
140000 75000 150010 9.98504
145000 75000 150007 6.6719
145000 70000 149999 -0.576768
150000 70000 149989 -11.0328
145000 75000 150007 6.6719
150000 75000 149995 -4.54904
140000 75000 150010 9.98504
145000 75000 150007 6.6719
140000 80000 150010 10.4617
145000 80000 150010 10.3659
145000 75000 150007 6.6719
150000 75000 149995 -4.54904
145000 80000 150010 10.3659
150000 80000 150001 1.01648
150000 70000 149989 -11.0328
155000 70000 149983 -17.0973
150000 75000 149995 -4.54904
155000 75000 149982 -18.3042
155000 70000 149983 -17.0973
160000 70000 149988 -11.5618
155000 75000 149982 -18.3042
160000 75000 149978 -21.8532
150000 75000 149995 -4.54904
155000 75000 149982 -18.3042
150000 80000 150001 1.01648
155000 80000 149990 -9.70999
155000 75000 149982 -18.3042
160000 75000 149978 -21.8532
155000 80000 149990 -9.70999
160000 80000 149980 -19.6987
0 80000 149991 -9.11538
5000 80000 149991 -9.15777
0 85000 149988 -11.9572
5000 85000 149988 -11.9469
5000 80000 149991 -9.15777
10000 80000 149988 -11.8778
5000 85000 149988 -11.9469
10000 85000 149991 -9.09426
0 85000 149988 -11.9572
5000 85000 149988 -11.9469
0 90000 149988 -11.9872
5000 90000 149989 -10.7551
5000 85000 149988 -11.9469
10000 85000 149991 -9.09426
5000 90000 149989 -10.7551
10000 90000 149990 -9.59745
10000 80000 149988 -11.8778
15000 80000 149988 -11.7265
10000 85000 149991 -9.09426
15000 85000 149992 -8.23789
15000 80000 149988 -11.7265
20000 80000 149991 -9.38218
15000 85000 149992 -8.23789
20000 85000 149992 -8.46052
10000 85000 149991 -9.09426
15000 85000 149992 -8.23789
10000 90000 149990 -9.59745
15000 90000 149989 -10.512
15000 85000 149992 -8.23789
20000 85000 149992 -8.46052
15000 90000 149989 -10.512
20000 90000 149989 -10.9113
20000 80000 149991 -9.38218
25000 80000 149989 -10.6783
20000 85000 149992 -8.46052
25000 85000 149992 -8.48328
25000 80000 149989 -10.6783
30000 80000 149991 -9.02568
25000 85000 149992 -8.48328
30000 85000 149990 -9.81507
20000 85000 149992 -8.46052
25000 85000 149992 -8.48328
20000 90000 149989 -10.9113
25000 90000 149990 -10.3033
25000 85000 149992 -8.48328
30000 85000 149990 -9.81507
25000 90000 149990 -10.3033
30000 90000 149991 -8.87388
30000 80000 149991 -9.02568
35000 80000 149991 -9.35914
30000 85000 149990 -9.81507
35000 85000 149991 -9.41307
35000 80000 149991 -9.35914
40000 80000 149992 -7.61969
35000 85000 149991 -9.41307
40000 85000 149990 -9.61967
30000 85000 149990 -9.81507
35000 85000 149991 -9.41307
30000 90000 149991 -8.87388
35000 90000 149990 -9.76475
35000 85000 149991 -9.41307
40000 85000 149990 -9.61967
35000 90000 149990 -9.76475
40000 90000 149991 -8.97216
40000 80000 149992 -7.61969
45000 80000 149993 -6.59683
40000 85000 149990 -9.61967
45000 85000 149991 -9.06595
45000 80000 149993 -6.59683
50000 80000 149992 -8.16961
45000 85000 149991 -9.06595
50000 85000 149991 -8.6276
40000 85000 149990 -9.61967
45000 85000 149991 -9.06595
40000 90000 149991 -8.97216
45000 90000 149992 -7.63237
45000 85000 149991 -9.06595
50000 85000 149991 -8.6276
45000 90000 149992 -7.63237
50000 90000 149995 -5.44705
50000 80000 149992 -8.16961
55000 80000 149996 -3.79273
50000 85000 149991 -8.6276
55000 85000 149992 -8.24105
55000 80000 149996 -3.79273
60000 80000 149995 -5.07088
55000 85000 149992 -8.24105
60000 85000 149993 -7.44833
50000 85000 149991 -8.6276
55000 85000 149992 -8.24105
50000 90000 149995 -5.44705
55000 90000 149994 -5.67823
55000 85000 149992 -8.24105
60000 85000 149993 -7.44833
55000 90000 149994 -5.67823
60000 90000 149997 -3.38522
60000 80000 149995 -5.07088
65000 80000 149993 -6.9444
60000 85000 149993 -7.44833
65000 85000 149997 -2.81548
65000 80000 149993 -6.9444
70000 80000 149996 -3.58532
65000 85000 149997 -2.81548
70000 85000 149996 -4.4805
60000 85000 149993 -7.44833
65000 85000 149997 -2.81548
60000 90000 149997 -3.38522
65000 90000 149994 -5.81415
65000 85000 149997 -2.81548
70000 85000 149996 -4.4805
65000 90000 149994 -5.81415
70000 90000 149996 -4.11534
70000 80000 149996 -3.58532
75000 80000 149996 -3.64838
70000 85000 149996 -4.4805
75000 85000 149997 -3.493
75000 80000 149996 -3.64838
80000 80000 150003 2.87126
75000 85000 149997 -3.493
80000 85000 150000 0.38139
70000 85000 149996 -4.4805
75000 85000 149997 -3.493
70000 90000 149996 -4.11534
75000 90000 149996 -3.73776
75000 85000 149997 -3.493
80000 85000 150000 0.38139
75000 90000 149996 -3.73776
80000 90000 150002 1.6197
80000 80000 150003 2.87126
85000 80000 150001 0.910189
80000 85000 150000 0.38139
85000 85000 150004 3.62073
85000 80000 150001 0.910189
90000 80000 150002 1.80482
85000 85000 150004 3.62073
90000 85000 150002 1.60172
80000 85000 150000 0.38139
85000 85000 150004 3.62073
80000 90000 150002 1.6197
85000 90000 150004 3.59529
85000 85000 150004 3.62073
90000 85000 150002 1.60172
85000 90000 150004 3.59529
90000 90000 150003 2.59471
90000 80000 150002 1.80482
95000 80000 150003 3.1889
90000 85000 150002 1.60172
95000 85000 150004 3.82784
95000 80000 150003 3.1889
100000 80000 150007 7.40207
95000 85000 150004 3.82784
100000 85000 150004 3.91718
90000 85000 150002 1.60172
95000 85000 150004 3.82784
90000 90000 150003 2.59471
95000 90000 150003 2.54681
95000 85000 150004 3.82784
100000 85000 150004 3.91718
95000 90000 150003 2.54681
100000 90000 150006 6.15023
100000 80000 150007 7.40207
105000 80000 150007 7.26341
100000 85000 150004 3.91718
105000 85000 150008 7.60861
105000 80000 150007 7.26341
110000 80000 150010 10.2106
105000 85000 150008 7.60861
110000 85000 150007 7.24159
100000 85000 150004 3.91718
105000 85000 150008 7.60861
100000 90000 150006 6.15023
105000 90000 150005 5.16612
105000 85000 150008 7.60861
110000 85000 150007 7.24159
105000 90000 150005 5.16612
110000 90000 150006 6.25864
0 90000 149988 -11.9872
5000 90000 149989 -10.7551
0 95000 149988 -11.9191
5000 95000 149988 -11.9774
5000 90000 149989 -10.7551
10000 90000 149990 -9.59745
5000 95000 149988 -11.9774
10000 95000 149988 -11.7324
0 95000 149988 -11.9191
5000 95000 149988 -11.9774
0 100000 149989 -10.6495
5000 100000 149988 -11.96
5000 95000 149988 -11.9774
10000 95000 149988 -11.7324
5000 100000 149988 -11.96
10000 100000 149988 -11.6801
10000 90000 149990 -9.59745
15000 90000 149989 -10.512
10000 95000 149988 -11.7324
15000 95000 149989 -10.9859
15000 90000 149989 -10.512
20000 90000 149989 -10.9113
15000 95000 149989 -10.9859
20000 95000 149992 -8.20456
10000 95000 149988 -11.7324
15000 95000 149989 -10.9859
10000 100000 149988 -11.6801
15000 100000 149991 -8.81154
15000 95000 149989 -10.9859
20000 95000 149992 -8.20456
15000 100000 149991 -8.81154
20000 100000 149990 -9.78544
20000 90000 149989 -10.9113
25000 90000 149990 -10.3033
20000 95000 149992 -8.20456
25000 95000 149989 -10.9113
25000 90000 149990 -10.3033
30000 90000 149991 -8.87388
25000 95000 149989 -10.9113
30000 95000 149989 -10.8322
20000 95000 149992 -8.20456
25000 95000 149989 -10.9113
20000 100000 149990 -9.78544
25000 100000 149990 -10.0762
25000 95000 149989 -10.9113
30000 95000 149989 -10.8322
25000 100000 149990 -10.0762
30000 100000 149991 -8.82467
30000 90000 149991 -8.87388
35000 90000 149990 -9.76475
30000 95000 149989 -10.8322
35000 95000 149989 -11.282
35000 90000 149990 -9.76475
40000 90000 149991 -8.97216
35000 95000 149989 -11.282
40000 95000 149993 -6.88201
30000 95000 149989 -10.8322
35000 95000 149989 -11.282
30000 100000 149991 -8.82467
35000 100000 149990 -9.76921
35000 95000 149989 -11.282
40000 95000 149993 -6.88201
35000 100000 149990 -9.76921
40000 100000 149989 -10.6022
40000 90000 149991 -8.97216
45000 90000 149992 -7.63237
40000 95000 149993 -6.88201
45000 95000 149990 -9.99582
45000 90000 149992 -7.63237
50000 90000 149995 -5.44705
45000 95000 149990 -9.99582
50000 95000 149992 -8.05002
40000 95000 149993 -6.88201
45000 95000 149990 -9.99582
40000 100000 149989 -10.6022
45000 100000 149991 -8.69114
45000 95000 149990 -9.99582
50000 95000 149992 -8.05002
45000 100000 149991 -8.69114
50000 100000 149995 -5.22044
50000 90000 149995 -5.44705
55000 90000 149994 -5.67823
50000 95000 149992 -8.05002
55000 95000 149992 -8.23628
55000 90000 149994 -5.67823
60000 90000 149997 -3.38522
55000 95000 149992 -8.23628
60000 95000 149997 -3.03635
50000 95000 149992 -8.05002
55000 95000 149992 -8.23628
50000 100000 149995 -5.22044
55000 100000 149996 -3.96614
55000 95000 149992 -8.23628
60000 95000 149997 -3.03635
55000 100000 149996 -3.96614
60000 100000 149997 -3.38017
60000 90000 149997 -3.38522
65000 90000 149994 -5.81415
60000 95000 149997 -3.03635
65000 95000 149993 -6.50299
65000 90000 149994 -5.81415
70000 90000 149996 -4.11534
65000 95000 149993 -6.50299
70000 95000 149999 -0.904949
60000 95000 149997 -3.03635
65000 95000 149993 -6.50299
60000 100000 149997 -3.38017
65000 100000 149994 -6.48297
65000 95000 149993 -6.50299
70000 95000 149999 -0.904949
65000 100000 149994 -6.48297
70000 100000 149995 -5.19606
70000 90000 149996 -4.11534
75000 90000 149996 -3.73776
70000 95000 149999 -0.904949
75000 95000 149999 -0.747685
75000 90000 149996 -3.73776
80000 90000 150002 1.6197
75000 95000 149999 -0.747685
80000 95000 150001 0.683016
70000 95000 149999 -0.904949
75000 95000 149999 -0.747685
70000 100000 149995 -5.19606
75000 100000 149998 -1.86529
75000 95000 149999 -0.747685
80000 95000 150001 0.683016
75000 100000 149998 -1.86529
80000 100000 149998 -2.0025
80000 90000 150002 1.6197
85000 90000 150004 3.59529
80000 95000 150001 0.683016
85000 95000 150003 2.8688
85000 90000 150004 3.59529
90000 90000 150003 2.59471
85000 95000 150003 2.8688
90000 95000 150004 4.24282
80000 95000 150001 0.683016
85000 95000 150003 2.8688
80000 100000 149998 -2.0025
85000 100000 150001 0.93775
85000 95000 150003 2.8688
90000 95000 150004 4.24282
85000 100000 150001 0.93775
90000 100000 150001 0.708329
90000 90000 150003 2.59471
95000 90000 150003 2.54681
90000 95000 150004 4.24282
95000 95000 150007 6.77984
95000 90000 150003 2.54681
100000 90000 150006 6.15023
95000 95000 150007 6.77984
100000 95000 150004 3.83367
90000 95000 150004 4.24282
95000 95000 150007 6.77984
90000 100000 150001 0.708329
95000 100000 150004 3.53243
95000 95000 150007 6.77984
100000 95000 150004 3.83367
95000 100000 150004 3.53243
100000 100000 150005 5.33977
0 100000 149989 -10.6495
5000 100000 149988 -11.96
0 105000 149989 -11.1506
5000 105000 149988 -12.0065
5000 100000 149988 -11.96
10000 100000 149988 -11.6801
5000 105000 149988 -12.0065
10000 105000 149991 -9.00057
0 105000 149989 -11.1506
5000 105000 149988 -12.0065
0 110000 149988 -12.1019
5000 110000 149988 -11.8673
5000 105000 149988 -12.0065
10000 105000 149991 -9.00057
5000 110000 149988 -11.8673
10000 110000 149988 -11.8691
10000 100000 149988 -11.6801
15000 100000 149991 -8.81154
10000 105000 149991 -9.00057
15000 105000 149988 -11.6058
15000 100000 149991 -8.81154
20000 100000 149990 -9.78544
15000 105000 149988 -11.6058
20000 105000 149992 -8.47979
10000 105000 149991 -9.00057
15000 105000 149988 -11.6058
10000 110000 149988 -11.8691
15000 110000 149989 -10.9801
15000 105000 149988 -11.6058
20000 105000 149992 -8.47979
15000 110000 149989 -10.9801
20000 110000 149989 -10.9898
20000 100000 149990 -9.78544
25000 100000 149990 -10.0762
20000 105000 149992 -8.47979
25000 105000 149989 -10.9165
25000 100000 149990 -10.0762
30000 100000 149991 -8.82467
25000 105000 149989 -10.9165
30000 105000 149989 -10.7856
20000 105000 149992 -8.47979
25000 105000 149989 -10.9165
20000 110000 149989 -10.9898
25000 110000 149989 -10.9243
25000 105000 149989 -10.9165
30000 105000 149989 -10.7856
25000 110000 149989 -10.9243
30000 110000 149991 -9.08721
30000 100000 149991 -8.82467
35000 100000 149990 -9.76921
30000 105000 149989 -10.7856
35000 105000 149989 -10.7453
35000 100000 149990 -9.76921
40000 100000 149989 -10.6022
35000 105000 149989 -10.7453
40000 105000 149992 -7.59308
30000 105000 149989 -10.7856
35000 105000 149989 -10.7453
30000 110000 149991 -9.08721
35000 110000 149989 -10.727
35000 105000 149989 -10.7453
40000 105000 149992 -7.59308
35000 110000 149989 -10.727
40000 110000 149993 -7.24021
40000 100000 149989 -10.6022
45000 100000 149991 -8.69114
40000 105000 149992 -7.59308
45000 105000 149991 -9.28204
45000 100000 149991 -8.69114
50000 100000 149995 -5.22044
45000 105000 149991 -9.28204
50000 105000 149993 -6.79495
40000 105000 149992 -7.59308
45000 105000 149991 -9.28204
40000 110000 149993 -7.24021
45000 110000 149991 -9.38584
45000 105000 149991 -9.28204
50000 105000 149993 -6.79495
45000 110000 149991 -9.38584
50000 110000 149993 -7.29494
50000 100000 149995 -5.22044
55000 100000 149996 -3.96614
50000 105000 149993 -6.79495
55000 105000 149993 -7.13683
55000 100000 149996 -3.96614
60000 100000 149997 -3.38017
55000 105000 149993 -7.13683
60000 105000 149993 -6.75416
50000 105000 149993 -6.79495
55000 105000 149993 -7.13683
50000 110000 149993 -7.29494
55000 110000 149996 -4.15807
55000 105000 149993 -7.13683
60000 105000 149993 -6.75416
55000 110000 149996 -4.15807
60000 110000 149997 -3.27907
60000 100000 149997 -3.38017
65000 100000 149994 -6.48297
60000 105000 149993 -6.75416
65000 105000 149994 -5.95679
65000 100000 149994 -6.48297
70000 100000 149995 -5.19606
65000 105000 149994 -5.95679
70000 105000 149998 -2.36153
60000 105000 149993 -6.75416
65000 105000 149994 -5.95679
60000 110000 149997 -3.27907
65000 110000 149995 -5.44388
65000 105000 149994 -5.95679
70000 105000 149998 -2.36153
65000 110000 149995 -5.44388
70000 110000 149998 -1.53338
70000 100000 149995 -5.19606
75000 100000 149998 -1.86529
70000 105000 149998 -2.36153
75000 105000 149997 -3.35489
75000 100000 149998 -1.86529
80000 100000 149998 -2.0025
75000 105000 149997 -3.35489
80000 105000 150002 2.36987
70000 105000 149998 -2.36153
75000 105000 149997 -3.35489
70000 110000 149998 -1.53338
75000 110000 149999 -0.575324
75000 105000 149997 -3.35489
80000 105000 150002 2.36987
75000 110000 149999 -0.575324
80000 110000 150001 1.1208
0 110000 149988 -12.1019
5000 110000 149988 -11.8673
0 115000 149991 -8.61556
5000 115000 149989 -10.9994
5000 110000 149988 -11.8673
10000 110000 149988 -11.8691
5000 115000 149989 -10.9994
10000 115000 149988 -11.8159
0 115000 149991 -8.61556
5000 115000 149989 -10.9994
0 120000 149991 -9.21866
5000 120000 149990 -10.3319
5000 115000 149989 -10.9994
10000 115000 149988 -11.8159
5000 120000 149990 -10.3319
10000 120000 149988 -11.9015
10000 110000 149988 -11.8691
15000 110000 149989 -10.9801
10000 115000 149988 -11.8159
15000 115000 149992 -8.10975
15000 110000 149989 -10.9801
20000 110000 149989 -10.9898
15000 115000 149992 -8.10975
20000 115000 149989 -10.7346
10000 115000 149988 -11.8159
15000 115000 149992 -8.10975
10000 120000 149988 -11.9015
15000 120000 149989 -11.4238
15000 115000 149992 -8.10975
20000 115000 149989 -10.7346
15000 120000 149989 -11.4238
20000 120000 149991 -9.15808
20000 110000 149989 -10.9898
25000 110000 149989 -10.9243
20000 115000 149989 -10.7346
25000 115000 149989 -10.9101
25000 110000 149989 -10.9243
30000 110000 149991 -9.08721
25000 115000 149989 -10.9101
30000 115000 149989 -10.8462
20000 115000 149989 -10.7346
25000 115000 149989 -10.9101
20000 120000 149991 -9.15808
25000 120000 149992 -8.2166
25000 115000 149989 -10.9101
30000 115000 149989 -10.8462
25000 120000 149992 -8.2166
30000 120000 149989 -11.0449
30000 110000 149991 -9.08721
35000 110000 149989 -10.727
30000 115000 149989 -10.8462
35000 115000 149991 -9.08943
35000 110000 149989 -10.727
40000 110000 149993 -7.24021
35000 115000 149991 -9.08943
40000 115000 149992 -7.77594
30000 115000 149989 -10.8462
35000 115000 149991 -9.08943
30000 120000 149989 -11.0449
35000 120000 149993 -6.51885
35000 115000 149991 -9.08943
40000 115000 149992 -7.77594
35000 120000 149993 -6.51885
40000 120000 149989 -11.1193
40000 110000 149993 -7.24021
45000 110000 149991 -9.38584
40000 115000 149992 -7.77594
45000 115000 149993 -7.25236
45000 110000 149991 -9.38584
50000 110000 149993 -7.29494
45000 115000 149993 -7.25236
50000 115000 149990 -9.62453
40000 115000 149992 -7.77594
45000 115000 149993 -7.25236
40000 120000 149989 -11.1193
45000 120000 149990 -10.0301
45000 115000 149993 -7.25236
50000 115000 149990 -9.62453
45000 120000 149990 -10.0301
50000 120000 149992 -8.3312
50000 110000 149993 -7.29494
55000 110000 149996 -4.15807
50000 115000 149990 -9.62453
55000 115000 149992 -8.29304
55000 110000 149996 -4.15807
60000 110000 149997 -3.27907
55000 115000 149992 -8.29304
60000 115000 149995 -5.49679
50000 115000 149990 -9.62453
55000 115000 149992 -8.29304
50000 120000 149992 -8.3312
55000 120000 149994 -6.35197
55000 115000 149992 -8.29304
60000 115000 149995 -5.49679
55000 120000 149994 -6.35197
60000 120000 149995 -4.59154
60000 110000 149997 -3.27907
65000 110000 149995 -5.44388
60000 115000 149995 -5.49679
65000 115000 149997 -3.31277
65000 110000 149995 -5.44388
70000 110000 149998 -1.53338
65000 115000 149997 -3.31277
70000 115000 149999 -1.2381
60000 115000 149995 -5.49679
65000 115000 149997 -3.31277
60000 120000 149995 -4.59154
65000 120000 149997 -3.38459
65000 115000 149997 -3.31277
70000 115000 149999 -1.2381
65000 120000 149997 -3.38459
70000 120000 149998 -1.52048
70000 110000 149998 -1.53338
75000 110000 149999 -0.575324
70000 115000 149999 -1.2381
75000 115000 149997 -2.66727
75000 110000 149999 -0.575324
80000 110000 150001 1.1208
75000 115000 149997 -2.66727
80000 115000 149998 -2.4218
70000 115000 149999 -1.2381
75000 115000 149997 -2.66727
70000 120000 149998 -1.52048
75000 120000 150000 0.242525
75000 115000 149997 -2.66727
80000 115000 149998 -2.4218
75000 120000 150000 0.242525
80000 120000 149998 -1.83568
160000 0 150008 8.31918
165000 0 150009 9.17577
160000 5000 150011 11.4593
165000 5000 150009 8.89277
165000 0 150009 9.17577
170000 0 150013 13.1918
165000 5000 150009 8.89277
170000 5000 150013 12.7881
160000 5000 150011 11.4593
165000 5000 150009 8.89277
160000 10000 150011 10.9443
165000 10000 150011 11.0259
165000 5000 150009 8.89277
170000 5000 150013 12.7881
165000 10000 150011 11.0259
170000 10000 150014 14.1666
170000 0 150013 13.1918
175000 0 150011 10.989
170000 5000 150013 12.7881
175000 5000 150009 8.84697
175000 0 150011 10.989
180000 0 150011 10.742
175000 5000 150009 8.84697
180000 5000 150013 13.4057
170000 5000 150013 12.7881
175000 5000 150009 8.84697
170000 10000 150014 14.1666
175000 10000 150014 14.3333
175000 5000 150009 8.84697
180000 5000 150013 13.4057
175000 10000 150014 14.3333
180000 10000 150009 9.34511
180000 0 150011 10.742
185000 0 150009 9.40038
180000 5000 150013 13.4057
185000 5000 150011 11.2534
185000 0 150009 9.40038
190000 0 150009 9.00952
185000 5000 150011 11.2534
190000 5000 150008 7.87372
180000 5000 150013 13.4057
185000 5000 150011 11.2534
180000 10000 150009 9.34511
185000 10000 150011 11.339
185000 5000 150011 11.2534
190000 5000 150008 7.87372
185000 10000 150011 11.339
190000 10000 150011 10.9197
190000 0 150009 9.00952
195000 0 150009 9.25123
190000 5000 150008 7.87372
195000 5000 150008 7.56088
195000 0 150009 9.25123
200000 0 150012 11.7612
195000 5000 150008 7.56088
200000 5000 150006 5.68915
190000 5000 150008 7.87372
195000 5000 150008 7.56088
190000 10000 150011 10.9197
195000 10000 150007 7.31728
195000 5000 150008 7.56088
200000 5000 150006 5.68915
195000 10000 150007 7.31728
200000 10000 150010 9.72129
200000 0 150012 11.7612
205000 0 150008 7.52105
200000 5000 150006 5.68915
205000 5000 150006 6.40468
205000 0 150008 7.52105
210000 0 150008 7.70055
205000 5000 150006 6.40468
210000 5000 150006 5.97097
200000 5000 150006 5.68915
205000 5000 150006 6.40468
200000 10000 150010 9.72129
205000 10000 150006 6.11693
205000 5000 150006 6.40468
210000 5000 150006 5.97097
205000 10000 150006 6.11693
210000 10000 150005 4.65509
210000 0 150008 7.70055
215000 0 150006 6.46416
210000 5000 150006 5.97097
215000 5000 150006 5.92343
215000 0 150006 6.46416
220000 0 150005 4.86907
215000 5000 150006 5.92343
220000 5000 150005 4.923
210000 5000 150006 5.97097
215000 5000 150006 5.92343
210000 10000 150005 4.65509
215000 10000 150005 5.10042
215000 5000 150006 5.92343
220000 5000 150005 4.923
215000 10000 150005 5.10042
220000 10000 150002 2.46219
220000 0 150005 4.86907
225000 0 150001 0.975297
220000 5000 150005 4.923
225000 5000 150002 1.5505
225000 0 150001 0.975297
230000 0 150004 3.50269
225000 5000 150002 1.5505
230000 5000 150001 0.657453
220000 5000 150005 4.923
225000 5000 150002 1.5505
220000 10000 150002 2.46219
225000 10000 150003 2.76097
225000 5000 150002 1.5505
230000 5000 150001 0.657453
225000 10000 150003 2.76097
230000 10000 150001 1.29576
230000 0 150004 3.50269
235000 0 150002 2.01283
230000 5000 150001 0.657453
235000 5000 150003 2.83775
235000 0 150002 2.01283
240000 0 150003 2.6834
235000 5000 150003 2.83775
240000 5000 150001 0.805826
230000 5000 150001 0.657453
235000 5000 150003 2.83775
230000 10000 150001 1.29576
235000 10000 150003 3.43169
235000 5000 150003 2.83775
240000 5000 150001 0.805826
235000 10000 150003 3.43169
240000 10000 149998 -1.92797
160000 10000 150011 10.9443
165000 10000 150011 11.0259
160000 15000 150012 11.9472
165000 15000 150012 12.0125
165000 10000 150011 11.0259
170000 10000 150014 14.1666
165000 15000 150012 12.0125
170000 15000 150015 14.6019
160000 15000 150012 11.9472
165000 15000 150012 12.0125
160000 20000 150011 10.5219
165000 20000 150008 8.44046
165000 15000 150012 12.0125
170000 15000 150015 14.6019
165000 20000 150008 8.44046
170000 20000 150011 11.3473
170000 10000 150014 14.1666
175000 10000 150014 14.3333
170000 15000 150015 14.6019
175000 15000 150013 12.8289
175000 10000 150014 14.3333
180000 10000 150009 9.34511
175000 15000 150013 12.8289
180000 15000 150014 14.0383
170000 15000 150015 14.6019
175000 15000 150013 12.8289
170000 20000 150011 11.3473
175000 20000 150011 10.7684
175000 15000 150013 12.8289
180000 15000 150014 14.0383
175000 20000 150011 10.7684
180000 20000 150011 10.9477
180000 10000 150009 9.34511
185000 10000 150011 11.339
180000 15000 150014 14.0383
185000 15000 150013 12.7251
185000 10000 150011 11.339
190000 10000 150011 10.9197
185000 15000 150013 12.7251
190000 15000 150010 9.91353
180000 15000 150014 14.0383
185000 15000 150013 12.7251
180000 20000 150011 10.9477
185000 20000 150014 13.7461
185000 15000 150013 12.7251
190000 15000 150010 9.91353
185000 20000 150014 13.7461
190000 20000 150013 13.2885
190000 10000 150011 10.9197
195000 10000 150007 7.31728
190000 15000 150010 9.91353
195000 15000 150012 11.7888
195000 10000 150007 7.31728
200000 10000 150010 9.72129
195000 15000 150012 11.7888
200000 15000 150008 7.65808
190000 15000 150010 9.91353
195000 15000 150012 11.7888
190000 20000 150013 13.2885
195000 20000 150012 11.8384
195000 15000 150012 11.7888
200000 15000 150008 7.65808
195000 20000 150012 11.8384
200000 20000 150006 6.28888
200000 10000 150010 9.72129
205000 10000 150006 6.11693
200000 15000 150008 7.65808
205000 15000 150007 7.28336
205000 10000 150006 6.11693
210000 10000 150005 4.65509
205000 15000 150007 7.28336
210000 15000 150006 6.32776
200000 15000 150008 7.65808
205000 15000 150007 7.28336
200000 20000 150006 6.28888
205000 20000 150007 6.78046
205000 15000 150007 7.28336
210000 15000 150006 6.32776
205000 20000 150007 6.78046
210000 20000 150007 6.99246
210000 10000 150005 4.65509
215000 10000 150005 5.10042
210000 15000 150006 6.32776
215000 15000 150004 3.97422
215000 10000 150005 5.10042
220000 10000 150002 2.46219
215000 15000 150004 3.97422
220000 15000 150004 3.82084
210000 15000 150006 6.32776
215000 15000 150004 3.97422
210000 20000 150007 6.99246
215000 20000 150006 6.10568
215000 15000 150004 3.97422
220000 15000 150004 3.82084
215000 20000 150006 6.10568
220000 20000 150006 6.33312
220000 10000 150002 2.46219
225000 10000 150003 2.76097
220000 15000 150004 3.82084
225000 15000 150005 4.61286
225000 10000 150003 2.76097
230000 10000 150001 1.29576
225000 15000 150005 4.61286
230000 15000 150003 3.31611
220000 15000 150004 3.82084
225000 15000 150005 4.61286
220000 20000 150006 6.33312
225000 20000 150005 4.69538
225000 15000 150005 4.61286
230000 15000 150003 3.31611
225000 20000 150005 4.69538
230000 20000 150000 -0.170281
230000 10000 150001 1.29576
235000 10000 150003 3.43169
230000 15000 150003 3.31611
235000 15000 149999 -0.633357
235000 10000 150003 3.43169
240000 10000 149998 -1.92797
235000 15000 149999 -0.633357
240000 15000 149998 -2.24172
230000 15000 150003 3.31611
235000 15000 149999 -0.633357
230000 20000 150000 -0.170281
235000 20000 149999 -0.687791
235000 15000 149999 -0.633357
240000 15000 149998 -2.24172
235000 20000 149999 -0.687791
240000 20000 149999 -0.739839
160000 20000 150011 10.5219
165000 20000 150008 8.44046
160000 25000 150008 7.56714
165000 25000 150009 8.79639
165000 20000 150008 8.44046
170000 20000 150011 11.3473
165000 25000 150009 8.79639
170000 25000 150010 10.4222
160000 25000 150008 7.56714
165000 25000 150009 8.79639
160000 30000 150009 8.70605
165000 30000 150012 11.8917
165000 25000 150009 8.79639
170000 25000 150010 10.4222
165000 30000 150012 11.8917
170000 30000 150012 11.7083
170000 20000 150011 11.3473
175000 20000 150011 10.7684
170000 25000 150010 10.4222
175000 25000 150014 13.6947
175000 20000 150011 10.7684
180000 20000 150011 10.9477
175000 25000 150014 13.6947
180000 25000 150011 10.5207
170000 25000 150010 10.4222
175000 25000 150014 13.6947
170000 30000 150012 11.7083
175000 30000 150010 10.4976
175000 25000 150014 13.6947
180000 25000 150011 10.5207
175000 30000 150010 10.4976
180000 30000 150011 10.755
180000 20000 150011 10.9477
185000 20000 150014 13.7461
180000 25000 150011 10.5207
185000 25000 150014 14.0019
185000 20000 150014 13.7461
190000 20000 150013 13.2885
185000 25000 150014 14.0019
190000 25000 150011 11.4565
180000 25000 150011 10.5207
185000 25000 150014 14.0019
180000 30000 150011 10.755
185000 30000 150015 15.2703
185000 25000 150014 14.0019
190000 25000 150011 11.4565
185000 30000 150015 15.2703
190000 30000 150013 13.2073
190000 20000 150013 13.2885
195000 20000 150012 11.8384
190000 25000 150011 11.4565
195000 25000 150008 7.63058
195000 20000 150012 11.8384
200000 20000 150006 6.28888
195000 25000 150008 7.63058
200000 25000 150007 6.65228
190000 25000 150011 11.4565
195000 25000 150008 7.63058
190000 30000 150013 13.2073
195000 30000 150009 8.80257
195000 25000 150008 7.63058
200000 25000 150007 6.65228
195000 30000 150009 8.80257
200000 30000 150009 8.68075
200000 20000 150006 6.28888
205000 20000 150007 6.78046
200000 25000 150007 6.65228
205000 25000 150007 7.24249
205000 20000 150007 6.78046
210000 20000 150007 6.99246
205000 25000 150007 7.24249
210000 25000 150007 6.77643
200000 25000 150007 6.65228
205000 25000 150007 7.24249
200000 30000 150009 8.68075
205000 30000 150007 6.69215
205000 25000 150007 7.24249
210000 25000 150007 6.77643
205000 30000 150007 6.69215
210000 30000 150004 4.06378
210000 20000 150007 6.99246
215000 20000 150006 6.10568
210000 25000 150007 6.77643
215000 25000 150004 4.49202
215000 20000 150006 6.10568
220000 20000 150006 6.33312
215000 25000 150004 4.49202
220000 25000 150005 4.69236
210000 25000 150007 6.77643
215000 25000 150004 4.49202
210000 30000 150004 4.06378
215000 30000 150005 4.68072
215000 25000 150004 4.49202
220000 25000 150005 4.69236
215000 30000 150005 4.68072
220000 30000 150002 2.4901
220000 20000 150006 6.33312
225000 20000 150005 4.69538
220000 25000 150005 4.69236
225000 25000 150000 0.245852
225000 20000 150005 4.69538
230000 20000 150000 -0.170281
225000 25000 150000 0.245852
230000 25000 150000 -0.307178
220000 25000 150005 4.69236
225000 25000 150000 0.245852
220000 30000 150002 2.4901
225000 30000 150006 5.86759
225000 25000 150000 0.245852
230000 25000 150000 -0.307178
225000 30000 150006 5.86759
230000 30000 150001 0.977763
230000 20000 150000 -0.170281
235000 20000 149999 -0.687791
230000 25000 150000 -0.307178
235000 25000 150003 3.30693
235000 20000 149999 -0.687791
240000 20000 149999 -0.739839
235000 25000 150003 3.30693
240000 25000 150002 1.80399
230000 25000 150000 -0.307178
235000 25000 150003 3.30693
230000 30000 150001 0.977763
235000 30000 150001 0.652967
235000 25000 150003 3.30693
240000 25000 150002 1.80399
235000 30000 150001 0.652967
240000 30000 150000 -0.441938
160000 30000 150009 8.70605
165000 30000 150012 11.8917
160000 35000 150010 10.2914
165000 35000 150011 10.6483
165000 30000 150012 11.8917
170000 30000 150012 11.7083
165000 35000 150011 10.6483
170000 35000 150014 14.3775
160000 35000 150010 10.2914
165000 35000 150011 10.6483
160000 40000 150007 7.48987
165000 40000 150009 8.74028
165000 35000 150011 10.6483
170000 35000 150014 14.3775
165000 40000 150009 8.74028
170000 40000 150013 13.3393
170000 30000 150012 11.7083
175000 30000 150010 10.4976
170000 35000 150014 14.3775
175000 35000 150015 14.9011
175000 30000 150010 10.4976
180000 30000 150011 10.755
175000 35000 150015 14.9011
180000 35000 150010 10.4976
170000 35000 150014 14.3775
175000 35000 150015 14.9011
170000 40000 150013 13.3393
175000 40000 150011 10.8836
175000 35000 150015 14.9011
180000 35000 150010 10.4976
175000 40000 150011 10.8836
180000 40000 150012 11.5201
180000 30000 150011 10.755
185000 30000 150015 15.2703
180000 35000 150010 10.4976
185000 35000 150012 12.2987
185000 30000 150015 15.2703
190000 30000 150013 13.2073
185000 35000 150012 12.2987
190000 35000 150014 13.5121
180000 35000 150010 10.4976
185000 35000 150012 12.2987
180000 40000 150012 11.5201
185000 40000 150010 10.3941
185000 35000 150012 12.2987
190000 35000 150014 13.5121
185000 40000 150010 10.3941
190000 40000 150013 12.7264
190000 30000 150013 13.2073
195000 30000 150009 8.80257
190000 35000 150014 13.5121
195000 35000 150010 10.4299
195000 30000 150009 8.80257
200000 30000 150009 8.68075
195000 35000 150010 10.4299
200000 35000 150009 9.28576
190000 35000 150014 13.5121
195000 35000 150010 10.4299
190000 40000 150013 12.7264
195000 40000 150009 9.37521
195000 35000 150010 10.4299
200000 35000 150009 9.28576
195000 40000 150009 9.37521
200000 40000 150012 12.0976
200000 30000 150009 8.68075
205000 30000 150007 6.69215
200000 35000 150009 9.28576
205000 35000 150011 10.7868
205000 30000 150007 6.69215
210000 30000 150004 4.06378
205000 35000 150011 10.7868
210000 35000 150004 4.24841
200000 35000 150009 9.28576
205000 35000 150011 10.7868
200000 40000 150012 12.0976
205000 40000 150009 9.23018
205000 35000 150011 10.7868
210000 35000 150004 4.24841
205000 40000 150009 9.23018
210000 40000 150007 7.02594
210000 30000 150004 4.06378
215000 30000 150005 4.68072
210000 35000 150004 4.24841
215000 35000 150004 4.32258
215000 30000 150005 4.68072
220000 30000 150002 2.4901
215000 35000 150004 4.32258
220000 35000 150007 6.51634
210000 35000 150004 4.24841
215000 35000 150004 4.32258
210000 40000 150007 7.02594
215000 40000 150005 5.05037
215000 35000 150004 4.32258
220000 35000 150007 6.51634
215000 40000 150005 5.05037
220000 40000 150003 2.51588
220000 30000 150002 2.4901
225000 30000 150006 5.86759
220000 35000 150007 6.51634
225000 35000 150005 5.16594
225000 30000 150006 5.86759
230000 30000 150001 0.977763
225000 35000 150005 5.16594
230000 35000 150005 4.6857
220000 35000 150007 6.51634
225000 35000 150005 5.16594
220000 40000 150003 2.51588
225000 40000 150001 1.35438
225000 35000 150005 5.16594
230000 35000 150005 4.6857
225000 40000 150001 1.35438
230000 40000 150004 3.98178
230000 30000 150001 0.977763
235000 30000 150001 0.652967
230000 35000 150005 4.6857
235000 35000 150003 2.68582
235000 30000 150001 0.652967
240000 30000 150000 -0.441938
235000 35000 150003 2.68582
240000 35000 149998 -1.93896
230000 35000 150005 4.6857
235000 35000 150003 2.68582
230000 40000 150004 3.98178
235000 40000 150000 0.188925
235000 35000 150003 2.68582
240000 35000 149998 -1.93896
235000 40000 150000 0.188925
240000 40000 149999 -0.603045
160000 40000 150007 7.48987
165000 40000 150009 8.74028
160000 45000 150010 10.3007
165000 45000 150012 11.6217
165000 40000 150009 8.74028
170000 40000 150013 13.3393
165000 45000 150012 11.6217
170000 45000 150011 10.7497
160000 45000 150010 10.3007
165000 45000 150012 11.6217
160000 50000 150007 6.7801
165000 50000 150008 8.40966
165000 45000 150012 11.6217
170000 45000 150011 10.7497
165000 50000 150008 8.40966
170000 50000 150012 11.6824
170000 40000 150013 13.3393
175000 40000 150011 10.8836
170000 45000 150011 10.7497
175000 45000 150010 10.3807
175000 40000 150011 10.8836
180000 40000 150012 11.5201
175000 45000 150010 10.3807
180000 45000 150011 10.5631
170000 45000 150011 10.7497
175000 45000 150010 10.3807
170000 50000 150012 11.6824
175000 50000 150009 9.34082
175000 45000 150010 10.3807
180000 45000 150011 10.5631
175000 50000 150009 9.34082
180000 50000 150012 11.5602
180000 40000 150012 11.5201
185000 40000 150010 10.3941
180000 45000 150011 10.5631
185000 45000 150013 13.1755
185000 40000 150010 10.3941
190000 40000 150013 12.7264
185000 45000 150013 13.1755
190000 45000 150010 9.83993
180000 45000 150011 10.5631
185000 45000 150013 13.1755
180000 50000 150012 11.5602
185000 50000 150010 9.88614
185000 45000 150013 13.1755
190000 45000 150010 9.83993
185000 50000 150010 9.88614
190000 50000 150010 10.2201
190000 40000 150013 12.7264
195000 40000 150009 9.37521
190000 45000 150010 9.83993
195000 45000 150010 10.2206
195000 40000 150009 9.37521
200000 40000 150012 12.0976
195000 45000 150010 10.2206
200000 45000 150011 11.42
190000 45000 150010 9.83993
195000 45000 150010 10.2206
190000 50000 150010 10.2201
195000 50000 150010 10.4986
195000 45000 150010 10.2206
200000 45000 150011 11.42
195000 50000 150010 10.4986
200000 50000 150012 11.6489
200000 40000 150012 12.0976
205000 40000 150009 9.23018
200000 45000 150011 11.42
205000 45000 150008 7.87778
205000 40000 150009 9.23018
210000 40000 150007 7.02594
205000 45000 150008 7.87778
210000 45000 150007 6.79816
200000 45000 150011 11.42
205000 45000 150008 7.87778
200000 50000 150012 11.6489
205000 50000 150011 10.696
205000 45000 150008 7.87778
210000 45000 150007 6.79816
205000 50000 150011 10.696
210000 50000 150009 8.85496
210000 40000 150007 7.02594
215000 40000 150005 5.05037
210000 45000 150007 6.79816
215000 45000 150003 3.36459
215000 40000 150005 5.05037
220000 40000 150003 2.51588
215000 45000 150003 3.36459
220000 45000 150007 7.12038
210000 45000 150007 6.79816
215000 45000 150003 3.36459
210000 50000 150009 8.85496
215000 50000 150004 4.46847
215000 45000 150003 3.36459
220000 45000 150007 7.12038
215000 50000 150004 4.46847
220000 50000 150003 2.97857
220000 40000 150003 2.51588
225000 40000 150001 1.35438
220000 45000 150007 7.12038
225000 45000 150005 5.455
225000 40000 150001 1.35438
230000 40000 150004 3.98178
225000 45000 150005 5.455
230000 45000 150001 0.780133
220000 45000 150007 7.12038
225000 45000 150005 5.455
220000 50000 150003 2.97857
225000 50000 150005 5.11214
225000 45000 150005 5.455
230000 45000 150001 0.780133
225000 50000 150005 5.11214
230000 50000 150000 0.428847
230000 40000 150004 3.98178
235000 40000 150000 0.188925
230000 45000 150001 0.780133
235000 45000 150000 0.32124
235000 40000 150000 0.188925
240000 40000 149999 -0.603045
235000 45000 150000 0.32124
240000 45000 149998 -1.71838
230000 45000 150001 0.780133
235000 45000 150000 0.32124
230000 50000 150000 0.428847
235000 50000 150001 0.717501
235000 45000 150000 0.32124
240000 45000 149998 -1.71838
235000 50000 150001 0.717501
240000 50000 150001 1.48301
160000 50000 150007 6.7801
165000 50000 150008 8.40966
160000 55000 150010 9.88177
165000 55000 150011 10.574
165000 50000 150008 8.40966
170000 50000 150012 11.6824
165000 55000 150011 10.574
170000 55000 150009 8.59058
160000 55000 150010 9.88177
165000 55000 150011 10.574
160000 60000 149999 -1.24786
165000 60000 150011 11.493
165000 55000 150011 10.574
170000 55000 150009 8.59058
165000 60000 150011 11.493
170000 60000 150010 9.5349
170000 50000 150012 11.6824
175000 50000 150009 9.34082
170000 55000 150009 8.59058
175000 55000 150009 9.45748
175000 50000 150009 9.34082
180000 50000 150012 11.5602
175000 55000 150009 9.45748
180000 55000 150011 10.8063
170000 55000 150009 8.59058
175000 55000 150009 9.45748
170000 60000 150010 9.5349
175000 60000 150015 14.5184
175000 55000 150009 9.45748
180000 55000 150011 10.8063
175000 60000 150015 14.5184
180000 60000 150012 11.732
180000 50000 150012 11.5602
185000 50000 150010 9.88614
180000 55000 150011 10.8063
185000 55000 150012 11.9901
185000 50000 150010 9.88614
190000 50000 150010 10.2201
185000 55000 150012 11.9901
190000 55000 150013 13.124
180000 55000 150011 10.8063
185000 55000 150012 11.9901
180000 60000 150012 11.732
185000 60000 150010 9.72684
185000 55000 150012 11.9901
190000 55000 150013 13.124
185000 60000 150010 9.72684
190000 60000 150010 9.62558
190000 50000 150010 10.2201
195000 50000 150010 10.4986
190000 55000 150013 13.124
195000 55000 150011 11.0969
195000 50000 150010 10.4986
200000 50000 150012 11.6489
195000 55000 150011 11.0969
200000 55000 150009 9.1392
190000 55000 150013 13.124
195000 55000 150011 11.0969
190000 60000 150010 9.62558
195000 60000 150010 9.62653
195000 55000 150011 11.0969
200000 55000 150009 9.1392
195000 60000 150010 9.62653
200000 60000 150010 9.55202
200000 50000 150012 11.6489
205000 50000 150011 10.696
200000 55000 150009 9.1392
205000 55000 150007 7.13258
205000 50000 150011 10.696
210000 50000 150009 8.85496
205000 55000 150007 7.13258
210000 55000 150006 5.90653
200000 55000 150009 9.1392
205000 55000 150007 7.13258
200000 60000 150010 9.55202
205000 60000 150012 12.1384
205000 55000 150007 7.13258
210000 55000 150006 5.90653
205000 60000 150012 12.1384
210000 60000 150009 8.94551
210000 50000 150009 8.85496
215000 50000 150004 4.46847
210000 55000 150006 5.90653
215000 55000 150006 6.28858
215000 50000 150004 4.46847
220000 50000 150003 2.97857
215000 55000 150006 6.28858
220000 55000 150004 3.61563
210000 55000 150006 5.90653
215000 55000 150006 6.28858
210000 60000 150009 8.94551
215000 60000 150008 7.82044
215000 55000 150006 6.28858
220000 55000 150004 3.61563
215000 60000 150008 7.82044
220000 60000 150003 3.48805
220000 50000 150003 2.97857
225000 50000 150005 5.11214
220000 55000 150004 3.61563
225000 55000 150003 2.56532
225000 50000 150005 5.11214
230000 50000 150000 0.428847
225000 55000 150003 2.56532
230000 55000 150003 3.21577
220000 55000 150004 3.61563
225000 55000 150003 2.56532
220000 60000 150003 3.48805
225000 60000 150003 3.21557
225000 55000 150003 2.56532
230000 55000 150003 3.21577
225000 60000 150003 3.21557
230000 60000 150002 1.71177
230000 50000 150000 0.428847
235000 50000 150001 0.717501
230000 55000 150003 3.21577
235000 55000 150002 1.86986
235000 50000 150001 0.717501
240000 50000 150001 1.48301
235000 55000 150002 1.86986
240000 55000 150000 -0.0577403
230000 55000 150003 3.21577
235000 55000 150002 1.86986
230000 60000 150002 1.71177
235000 60000 150002 1.54243
235000 55000 150002 1.86986
240000 55000 150000 -0.0577403
235000 60000 150002 1.54243
240000 60000 150000 -0.164354
160000 60000 149999 -1.24786
165000 60000 150011 11.493
160000 65000 149996 -3.85078
165000 65000 150004 3.59507
165000 60000 150011 11.493
170000 60000 150010 9.5349
165000 65000 150004 3.59507
170000 65000 150010 10.3325
160000 65000 149996 -3.85078
165000 65000 150004 3.59507
160000 70000 149988 -11.5618
165000 70000 150000 0.138597
165000 65000 150004 3.59507
170000 65000 150010 10.3325
165000 70000 150000 0.138597
170000 70000 150012 11.7252
170000 60000 150010 9.5349
175000 60000 150015 14.5184
170000 65000 150010 10.3325
175000 65000 150014 14.4412
175000 60000 150015 14.5184
180000 60000 150012 11.732
175000 65000 150014 14.4412
180000 65000 150012 11.6114
170000 65000 150010 10.3325
175000 65000 150014 14.4412
170000 70000 150012 11.7252
175000 70000 150011 10.6014
175000 65000 150014 14.4412
180000 65000 150012 11.6114
175000 70000 150011 10.6014
180000 70000 150010 9.65777
180000 60000 150012 11.732
185000 60000 150010 9.72684
180000 65000 150012 11.6114
185000 65000 150010 10.4775
185000 60000 150010 9.72684
190000 60000 150010 9.62558
185000 65000 150010 10.4775
190000 65000 150012 12.2056
180000 65000 150012 11.6114
185000 65000 150010 10.4775
180000 70000 150010 9.65777
185000 70000 150011 10.5305
185000 65000 150010 10.4775
190000 65000 150012 12.2056
185000 70000 150011 10.5305
190000 70000 150012 12.3082
190000 60000 150010 9.62558
195000 60000 150010 9.62653
190000 65000 150012 12.2056
195000 65000 150009 8.94238
195000 60000 150010 9.62653
200000 60000 150010 9.55202
195000 65000 150009 8.94238
200000 65000 150013 12.7911
190000 65000 150012 12.2056
195000 65000 150009 8.94238
190000 70000 150012 12.3082
195000 70000 150014 14.3502
195000 65000 150009 8.94238
200000 65000 150013 12.7911
195000 70000 150014 14.3502
200000 70000 150010 10.1088
160000 70000 149988 -11.5618
165000 70000 150000 0.138597
160000 75000 149978 -21.8532
165000 75000 149996 -4.47211
165000 70000 150000 0.138597
170000 70000 150012 11.7252
165000 75000 149996 -4.47211
170000 75000 150003 2.82351
160000 75000 149978 -21.8532
165000 75000 149996 -4.47211
160000 80000 149980 -19.6987
165000 80000 149985 -14.6731
165000 75000 149996 -4.47211
170000 75000 150003 2.82351
165000 80000 149985 -14.6731
170000 80000 149999 -0.614156
170000 70000 150012 11.7252
175000 70000 150011 10.6014
170000 75000 150003 2.82351
175000 75000 150009 9.00518
175000 70000 150011 10.6014
180000 70000 150010 9.65777
175000 75000 150009 9.00518
180000 75000 150012 11.9256
170000 75000 150003 2.82351
175000 75000 150009 9.00518
170000 80000 149999 -0.614156
175000 80000 150013 13.3822
175000 75000 150009 9.00518
180000 75000 150012 11.9256
175000 80000 150013 13.3822
180000 80000 150013 12.6969
180000 70000 150010 9.65777
185000 70000 150011 10.5305
180000 75000 150012 11.9256
185000 75000 150015 14.91
185000 70000 150011 10.5305
190000 70000 150012 12.3082
185000 75000 150015 14.91
190000 75000 150015 15.3946
180000 75000 150012 11.9256
185000 75000 150015 14.91
180000 80000 150013 12.6969
185000 80000 150012 12.3365
185000 75000 150015 14.91
190000 75000 150015 15.3946
185000 80000 150012 12.3365
190000 80000 150015 15.2474
190000 70000 150012 12.3082
195000 70000 150014 14.3502
190000 75000 150015 15.3946
195000 75000 150011 11.3502
195000 70000 150014 14.3502
200000 70000 150010 10.1088
195000 75000 150011 11.3502
200000 75000 150010 9.83759
190000 75000 150015 15.3946
195000 75000 150011 11.3502
190000 80000 150015 15.2474
195000 80000 150014 14.0862
195000 75000 150011 11.3502
200000 75000 150010 9.83759
195000 80000 150014 14.0862
200000 80000 150015 14.5138
110000 80000 150010 10.2106
115000 80000 150008 8.01246
110000 85000 150007 7.24159
115000 85000 150008 7.67648
115000 80000 150008 8.01246
120000 80000 150010 10.0725
115000 85000 150008 7.67648
120000 85000 150012 11.8283
110000 85000 150007 7.24159
115000 85000 150008 7.67648
110000 90000 150006 6.25864
115000 90000 150008 7.50474
115000 85000 150008 7.67648
120000 85000 150012 11.8283
115000 90000 150008 7.50474
120000 90000 150007 7.06163
120000 80000 150010 10.0725
125000 80000 150011 11.3489
120000 85000 150012 11.8283
125000 85000 150009 8.76633
125000 80000 150011 11.3489
130000 80000 150009 8.64408
125000 85000 150009 8.76633
130000 85000 150012 12.3499
120000 85000 150012 11.8283
125000 85000 150009 8.76633
120000 90000 150007 7.06163
125000 90000 150009 8.94476
125000 85000 150009 8.76633
130000 85000 150012 12.3499
125000 90000 150009 8.94476
130000 90000 150011 10.5383
130000 80000 150009 8.64408
135000 80000 150009 9.09377
130000 85000 150012 12.3499
135000 85000 150013 12.7157
135000 80000 150009 9.09377
140000 80000 150010 10.4617
135000 85000 150013 12.7157
140000 85000 150011 10.6981
130000 85000 150012 12.3499
135000 85000 150013 12.7157
130000 90000 150011 10.5383
135000 90000 150010 9.82463
135000 85000 150013 12.7157
140000 85000 150011 10.6981
135000 90000 150010 9.82463
140000 90000 150008 8.48859
140000 80000 150010 10.4617
145000 80000 150010 10.3659
140000 85000 150011 10.6981
145000 85000 150008 8.05759
145000 80000 150010 10.3659
150000 80000 150001 1.01648
145000 85000 150008 8.05759
150000 85000 150006 5.61158
140000 85000 150011 10.6981
145000 85000 150008 8.05759
140000 90000 150008 8.48859
145000 90000 150008 7.66413
145000 85000 150008 8.05759
150000 85000 150006 5.61158
145000 90000 150008 7.66413
150000 90000 150008 8.19258
150000 80000 150001 1.01648
155000 80000 149990 -9.70999
150000 85000 150006 5.61158
155000 85000 149997 -2.85104
155000 80000 149990 -9.70999
160000 80000 149980 -19.6987
155000 85000 149997 -2.85104
160000 85000 149986 -13.7073
150000 85000 150006 5.61158
155000 85000 149997 -2.85104
150000 90000 150008 8.19258
155000 90000 150003 2.74806
155000 85000 149997 -2.85104
160000 85000 149986 -13.7073
155000 90000 150003 2.74806
160000 90000 149996 -4.31513
100000 90000 150006 6.15023
105000 90000 150005 5.16612
100000 95000 150004 3.83367
105000 95000 150005 5.22307
105000 90000 150005 5.16612
110000 90000 150006 6.25864
105000 95000 150005 5.22307
110000 95000 150010 9.64686
100000 95000 150004 3.83367
105000 95000 150005 5.22307
100000 100000 150005 5.33977
105000 100000 150007 7.07007
105000 95000 150005 5.22307
110000 95000 150010 9.64686
105000 100000 150007 7.07007
110000 100000 150006 5.95881
110000 90000 150006 6.25864
115000 90000 150008 7.50474
110000 95000 150010 9.64686
115000 95000 150007 7.22336
115000 90000 150008 7.50474
120000 90000 150007 7.06163
115000 95000 150007 7.22336
120000 95000 150008 8.40444
110000 95000 150010 9.64686
115000 95000 150007 7.22336
110000 100000 150006 5.95881
115000 100000 150011 11.377
115000 95000 150007 7.22336
120000 95000 150008 8.40444
115000 100000 150011 11.377
120000 100000 150008 8.4432
120000 90000 150007 7.06163
125000 90000 150009 8.94476
120000 95000 150008 8.40444
125000 95000 150009 9.2434
125000 90000 150009 8.94476
130000 90000 150011 10.5383
125000 95000 150009 9.2434
130000 95000 150011 10.5919
120000 95000 150008 8.40444
125000 95000 150009 9.2434
120000 100000 150008 8.4432
125000 100000 150009 8.69976
125000 95000 150009 9.2434
130000 95000 150011 10.5919
125000 100000 150009 8.69976
130000 100000 150011 10.5146
130000 90000 150011 10.5383
135000 90000 150010 9.82463
130000 95000 150011 10.5919
135000 95000 150009 8.84425
135000 90000 150010 9.82463
140000 90000 150008 8.48859
135000 95000 150009 8.84425
140000 95000 150012 12.4897
130000 95000 150011 10.5919
135000 95000 150009 8.84425
130000 100000 150011 10.5146
135000 100000 150009 8.96816
135000 95000 150009 8.84425
140000 95000 150012 12.4897
135000 100000 150009 8.96816
140000 100000 150009 8.91925
140000 90000 150008 8.48859
145000 90000 150008 7.66413
140000 95000 150012 12.4897
145000 95000 150012 12.1047
145000 90000 150008 7.66413
150000 90000 150008 8.19258
145000 95000 150012 12.1047
150000 95000 150007 6.72997
140000 95000 150012 12.4897
145000 95000 150012 12.1047
140000 100000 150009 8.91925
145000 100000 150008 8.45106
145000 95000 150012 12.1047
150000 95000 150007 6.72997
145000 100000 150008 8.45106
150000 100000 150010 10.2126
150000 90000 150008 8.19258
155000 90000 150003 2.74806
150000 95000 150007 6.72997
155000 95000 150004 3.50284
155000 90000 150003 2.74806
160000 90000 149996 -4.31513
155000 95000 150004 3.50284
160000 95000 150002 2.35721
150000 95000 150007 6.72997
155000 95000 150004 3.50284
150000 100000 150010 10.2126
155000 100000 150005 4.69455
155000 95000 150004 3.50284
160000 95000 150002 2.35721
155000 100000 150005 4.69455
160000 100000 150001 0.834433
80000 100000 149998 -2.0025
85000 100000 150001 0.93775
80000 105000 150002 2.36987
85000 105000 149999 -1.17932
85000 100000 150001 0.93775
90000 100000 150001 0.708329
85000 105000 149999 -1.17932
90000 105000 150001 1.06016
80000 105000 150002 2.36987
85000 105000 149999 -1.17932
80000 110000 150001 1.1208
85000 110000 149998 -2.11327
85000 105000 149999 -1.17932
90000 105000 150001 1.06016
85000 110000 149998 -2.11327
90000 110000 150004 3.88834
90000 100000 150001 0.708329
95000 100000 150004 3.53243
90000 105000 150001 1.06016
95000 105000 150003 3.08801
95000 100000 150004 3.53243
100000 100000 150005 5.33977
95000 105000 150003 3.08801
100000 105000 150003 3.34603
90000 105000 150001 1.06016
95000 105000 150003 3.08801
90000 110000 150004 3.88834
95000 110000 150006 6.02658
95000 105000 150003 3.08801
100000 105000 150003 3.34603
95000 110000 150006 6.02658
100000 110000 150003 3.3736
100000 100000 150005 5.33977
105000 100000 150007 7.07007
100000 105000 150003 3.34603
105000 105000 150005 4.85379
105000 100000 150007 7.07007
110000 100000 150006 5.95881
105000 105000 150005 4.85379
110000 105000 150005 5.48169
100000 105000 150003 3.34603
105000 105000 150005 4.85379
100000 110000 150003 3.3736
105000 110000 150009 9.10218
105000 105000 150005 4.85379
110000 105000 150005 5.48169
105000 110000 150009 9.10218
110000 110000 150010 9.65295
110000 100000 150006 5.95881
115000 100000 150011 11.377
110000 105000 150005 5.48169
115000 105000 150008 8.10545
115000 100000 150011 11.377
120000 100000 150008 8.4432
115000 105000 150008 8.10545
120000 105000 150009 9.28748
110000 105000 150005 5.48169
115000 105000 150008 8.10545
110000 110000 150010 9.65295
115000 110000 150006 6.35615
115000 105000 150008 8.10545
120000 105000 150009 9.28748
115000 110000 150006 6.35615
120000 110000 150008 8.39852
120000 100000 150008 8.4432
125000 100000 150009 8.69976
120000 105000 150009 9.28748
125000 105000 150009 9.20915
125000 100000 150009 8.69976
130000 100000 150011 10.5146
125000 105000 150009 9.20915
130000 105000 150014 14.111
120000 105000 150009 9.28748
125000 105000 150009 9.20915
120000 110000 150008 8.39852
125000 110000 150009 9.42595
125000 105000 150009 9.20915
130000 105000 150014 14.111
125000 110000 150009 9.42595
130000 110000 150009 9.33448
130000 100000 150011 10.5146
135000 100000 150009 8.96816
130000 105000 150014 14.111
135000 105000 150010 10.0097
135000 100000 150009 8.96816
140000 100000 150009 8.91925
135000 105000 150010 10.0097
140000 105000 150009 8.91375
130000 105000 150014 14.111
135000 105000 150010 10.0097
130000 110000 150009 9.33448
135000 110000 150014 13.5884
135000 105000 150010 10.0097
140000 105000 150009 8.91375
135000 110000 150014 13.5884
140000 110000 150011 10.5153
140000 100000 150009 8.91925
145000 100000 150008 8.45106
140000 105000 150009 8.91375
145000 105000 150006 6.14892
145000 100000 150008 8.45106
150000 100000 150010 10.2126
145000 105000 150006 6.14892
150000 105000 150005 5.41317
140000 105000 150009 8.91375
145000 105000 150006 6.14892
140000 110000 150011 10.5153
145000 110000 150009 9.43671
145000 105000 150006 6.14892
150000 105000 150005 5.41317
145000 110000 150009 9.43671
150000 110000 150005 5.05414
150000 100000 150010 10.2126
155000 100000 150005 4.69455
150000 105000 150005 5.41317
155000 105000 150005 4.55825
155000 100000 150005 4.69455
160000 100000 150001 0.834433
155000 105000 150005 4.55825
160000 105000 150002 1.96053
150000 105000 150005 5.41317
155000 105000 150005 4.55825
150000 110000 150005 5.05414
155000 110000 150006 6.46543
155000 105000 150005 4.55825
160000 105000 150002 1.96053
155000 110000 150006 6.46543
160000 110000 150007 6.56454
80000 110000 150001 1.1208
85000 110000 149998 -2.11327
80000 115000 149998 -2.4218
85000 115000 150002 2.2771
85000 110000 149998 -2.11327
90000 110000 150004 3.88834
85000 115000 150002 2.2771
90000 115000 150001 1.08894
80000 115000 149998 -2.4218
85000 115000 150002 2.2771
80000 120000 149998 -1.83568
85000 120000 150002 1.74354
85000 115000 150002 2.2771
90000 115000 150001 1.08894
85000 120000 150002 1.74354
90000 120000 150001 1.12488
90000 110000 150004 3.88834
95000 110000 150006 6.02658
90000 115000 150001 1.08894
95000 115000 150003 2.6633
95000 110000 150006 6.02658
100000 110000 150003 3.3736
95000 115000 150003 2.6633
100000 115000 150005 4.68211
90000 115000 150001 1.08894
95000 115000 150003 2.6633
90000 120000 150001 1.12488
95000 120000 150001 1.4556
95000 115000 150003 2.6633
100000 115000 150005 4.68211
95000 120000 150001 1.4556
100000 120000 150004 3.78291
100000 110000 150003 3.3736
105000 110000 150009 9.10218
100000 115000 150005 4.68211
105000 115000 150006 6.4312
105000 110000 150009 9.10218
110000 110000 150010 9.65295
105000 115000 150006 6.4312
110000 115000 150008 7.96799
100000 115000 150005 4.68211
105000 115000 150006 6.4312
100000 120000 150004 3.78291
105000 120000 150004 4.487
105000 115000 150006 6.4312
110000 115000 150008 7.96799
105000 120000 150004 4.487
110000 120000 150010 10.0045
110000 110000 150010 9.65295
115000 110000 150006 6.35615
110000 115000 150008 7.96799
115000 115000 150010 10.1167
115000 110000 150006 6.35615
120000 110000 150008 8.39852
115000 115000 150010 10.1167
120000 115000 150012 11.8835
110000 115000 150008 7.96799
115000 115000 150010 10.1167
110000 120000 150010 10.0045
115000 120000 150006 5.80753
115000 115000 150010 10.1167
120000 115000 150012 11.8835
115000 120000 150006 5.80753
120000 120000 150012 12.2214
120000 110000 150008 8.39852
125000 110000 150009 9.42595
120000 115000 150012 11.8835
125000 115000 150010 9.66199
125000 110000 150009 9.42595
130000 110000 150009 9.33448
125000 115000 150010 9.66199
130000 115000 150010 10.1361
120000 115000 150012 11.8835
125000 115000 150010 9.66199
120000 120000 150012 12.2214
125000 120000 150012 11.6003
125000 115000 150010 9.66199
130000 115000 150010 10.1361
125000 120000 150012 11.6003
130000 120000 150009 9.3868
130000 110000 150009 9.33448
135000 110000 150014 13.5884
130000 115000 150010 10.1361
135000 115000 150012 12.0684
135000 110000 150014 13.5884
140000 110000 150011 10.5153
135000 115000 150012 12.0684
140000 115000 150009 8.73509
130000 115000 150010 10.1361
135000 115000 150012 12.0684
130000 120000 150009 9.3868
135000 120000 150010 9.77074
135000 115000 150012 12.0684
140000 115000 150009 8.73509
135000 120000 150010 9.77074
140000 120000 150011 10.5483
140000 110000 150011 10.5153
145000 110000 150009 9.43671
140000 115000 150009 8.73509
145000 115000 150006 6.27463
145000 110000 150009 9.43671
150000 110000 150005 5.05414
145000 115000 150006 6.27463
150000 115000 150005 5.16749
140000 115000 150009 8.73509
145000 115000 150006 6.27463
140000 120000 150011 10.5483
145000 120000 150006 5.89627
145000 115000 150006 6.27463
150000 115000 150005 5.16749
145000 120000 150006 5.89627
150000 120000 150008 7.56879
150000 110000 150005 5.05414
155000 110000 150006 6.46543
150000 115000 150005 5.16749
155000 115000 150003 3.48723
155000 110000 150006 6.46543
160000 110000 150007 6.56454
155000 115000 150003 3.48723
160000 115000 150002 1.72659
150000 115000 150005 5.16749
155000 115000 150003 3.48723
150000 120000 150008 7.56879
155000 120000 150007 7.21826
155000 115000 150003 3.48723
160000 115000 150002 1.72659
155000 120000 150007 7.21826
160000 120000 150006 6.48339
240000 0 150003 2.6834
245000 0 149996 -4.45133
240000 5000 150001 0.805826
245000 5000 149999 -1.28318
245000 0 149996 -4.45133
250000 0 149998 -1.73939
245000 5000 149999 -1.28318
250000 5000 149997 -3.24077
240000 5000 150001 0.805826
245000 5000 149999 -1.28318
240000 10000 149998 -1.92797
245000 10000 149997 -2.84298
245000 5000 149999 -1.28318
250000 5000 149997 -3.24077
245000 10000 149997 -2.84298
250000 10000 149998 -2.34698
250000 0 149998 -1.73939
255000 0 149996 -3.88522
250000 5000 149997 -3.24077
255000 5000 149998 -1.7261
255000 0 149996 -3.88522
260000 0 149997 -2.5506
255000 5000 149998 -1.7261
260000 5000 149996 -3.88654
250000 5000 149997 -3.24077
255000 5000 149998 -1.7261
250000 10000 149998 -2.34698
255000 10000 149996 -3.88653
255000 5000 149998 -1.7261
260000 5000 149996 -3.88654
255000 10000 149996 -3.88653
260000 10000 149999 -0.991043
260000 0 149997 -2.5506
265000 0 149993 -7.07989
260000 5000 149996 -3.88654
265000 5000 149996 -3.61884
265000 0 149993 -7.07989
270000 0 149997 -2.89508
265000 5000 149996 -3.61884
270000 5000 149996 -4.19624
260000 5000 149996 -3.88654
265000 5000 149996 -3.61884
260000 10000 149999 -0.991043
265000 10000 149996 -4.1523
265000 5000 149996 -3.61884
270000 5000 149996 -4.19624
265000 10000 149996 -4.1523
270000 10000 149995 -5.20252
270000 0 149997 -2.89508
275000 0 149993 -7.43549
270000 5000 149996 -4.19624
275000 5000 149998 -2.32264
275000 0 149993 -7.43549
280000 0 149993 -6.80288
275000 5000 149998 -2.32264
280000 5000 149995 -5.38756
270000 5000 149996 -4.19624
275000 5000 149998 -2.32264
270000 10000 149995 -5.20252
275000 10000 149995 -5.32158
275000 5000 149998 -2.32264
280000 5000 149995 -5.38756
275000 10000 149995 -5.32158
280000 10000 149995 -4.82565
280000 0 149993 -6.80288
285000 0 149995 -5.28976
280000 5000 149995 -5.38756
285000 5000 149994 -5.94022
285000 0 149995 -5.28976
290000 0 149996 -4.02654
285000 5000 149994 -5.94022
290000 5000 149997 -2.64679
280000 5000 149995 -5.38756
285000 5000 149994 -5.94022
280000 10000 149995 -4.82565
285000 10000 149995 -5.28114
285000 5000 149994 -5.94022
290000 5000 149997 -2.64679
285000 10000 149995 -5.28114
290000 10000 149994 -6.23096
290000 0 149996 -4.02654
295000 0 149994 -6.04872
290000 5000 149997 -2.64679
295000 5000 149994 -6.25987
295000 0 149994 -6.04872
300000 0 149994 -6.23455
295000 5000 149994 -6.25987
300000 5000 149994 -6.3165
290000 5000 149997 -2.64679
295000 5000 149994 -6.25987
290000 10000 149994 -6.23096
295000 10000 149995 -4.95554
295000 5000 149994 -6.25987
300000 5000 149994 -6.3165
295000 10000 149995 -4.95554
300000 10000 149995 -5.15714
240000 10000 149998 -1.92797
245000 10000 149997 -2.84298
240000 15000 149998 -2.24172
245000 15000 150000 0.459256
245000 10000 149997 -2.84298
250000 10000 149998 -2.34698
245000 15000 150000 0.459256
250000 15000 149999 -0.530212
240000 15000 149998 -2.24172
245000 15000 150000 0.459256
240000 20000 149999 -0.739839
245000 20000 149997 -2.75564
245000 15000 150000 0.459256
250000 15000 149999 -0.530212
245000 20000 149997 -2.75564
250000 20000 149997 -3.04955
250000 10000 149998 -2.34698
255000 10000 149996 -3.88653
250000 15000 149999 -0.530212
255000 15000 149998 -1.91734
255000 10000 149996 -3.88653
260000 10000 149999 -0.991043
255000 15000 149998 -1.91734
260000 15000 149996 -4.12515
250000 15000 149999 -0.530212
255000 15000 149998 -1.91734
250000 20000 149997 -3.04955
255000 20000 149997 -2.81575
255000 15000 149998 -1.91734
260000 15000 149996 -4.12515
255000 20000 149997 -2.81575
260000 20000 149998 -1.99603
260000 10000 149999 -0.991043
265000 10000 149996 -4.1523
260000 15000 149996 -4.12515
265000 15000 149998 -2.14548
265000 10000 149996 -4.1523
270000 10000 149995 -5.20252
265000 15000 149998 -2.14548
270000 15000 149995 -5.31768
260000 15000 149996 -4.12515
265000 15000 149998 -2.14548
260000 20000 149998 -1.99603
265000 20000 149995 -5.00983
265000 15000 149998 -2.14548
270000 15000 149995 -5.31768
265000 20000 149995 -5.00983
270000 20000 149997 -3.08403
270000 10000 149995 -5.20252
275000 10000 149995 -5.32158
270000 15000 149995 -5.31768
275000 15000 149996 -4.37468
275000 10000 149995 -5.32158
280000 10000 149995 -4.82565
275000 15000 149996 -4.37468
280000 15000 149996 -4.46058
270000 15000 149995 -5.31768
275000 15000 149996 -4.37468
270000 20000 149997 -3.08403
275000 20000 149994 -5.69514
275000 15000 149996 -4.37468
280000 15000 149996 -4.46058
275000 20000 149994 -5.69514
280000 20000 149994 -5.96961
280000 10000 149995 -4.82565
285000 10000 149995 -5.28114
280000 15000 149996 -4.46058
285000 15000 149994 -5.69938
285000 10000 149995 -5.28114
290000 10000 149994 -6.23096
285000 15000 149994 -5.69938
290000 15000 149994 -6.23116
280000 15000 149996 -4.46058
285000 15000 149994 -5.69938
280000 20000 149994 -5.96961
285000 20000 149994 -6.20587
285000 15000 149994 -5.69938
290000 15000 149994 -6.23116
285000 20000 149994 -6.20587
290000 20000 149994 -6.19539
290000 10000 149994 -6.23096
295000 10000 149995 -4.95554
290000 15000 149994 -6.23116
295000 15000 149994 -6.25158
295000 10000 149995 -4.95554
300000 10000 149995 -5.15714
295000 15000 149994 -6.25158
300000 15000 149994 -5.81101
290000 15000 149994 -6.23116
295000 15000 149994 -6.25158
290000 20000 149994 -6.19539
295000 20000 149994 -6.24148
295000 15000 149994 -6.25158
300000 15000 149994 -5.81101
295000 20000 149994 -6.24148
300000 20000 149994 -6.26267
240000 20000 149999 -0.739839
245000 20000 149997 -2.75564
240000 25000 150002 1.80399
245000 25000 150000 -0.438842
245000 20000 149997 -2.75564
250000 20000 149997 -3.04955
245000 25000 150000 -0.438842
250000 25000 149997 -3.20924
240000 25000 150002 1.80399
245000 25000 150000 -0.438842
240000 30000 150000 -0.441938
245000 30000 149997 -2.63091
245000 25000 150000 -0.438842
250000 25000 149997 -3.20924
245000 30000 149997 -2.63091
250000 30000 149999 -0.954227
250000 20000 149997 -3.04955
255000 20000 149997 -2.81575
250000 25000 149997 -3.20924
255000 25000 149998 -1.75623
255000 20000 149997 -2.81575
260000 20000 149998 -1.99603
255000 25000 149998 -1.75623
260000 25000 149995 -4.51606
250000 25000 149997 -3.20924
255000 25000 149998 -1.75623
250000 30000 149999 -0.954227
255000 30000 149998 -2.14871
255000 25000 149998 -1.75623
260000 25000 149995 -4.51606
255000 30000 149998 -2.14871
260000 30000 149996 -3.7167
260000 20000 149998 -1.99603
265000 20000 149995 -5.00983
260000 25000 149995 -4.51606
265000 25000 149995 -4.93442
265000 20000 149995 -5.00983
270000 20000 149997 -3.08403
265000 25000 149995 -4.93442
270000 25000 149993 -6.63287
260000 25000 149995 -4.51606
265000 25000 149995 -4.93442
260000 30000 149996 -3.7167
265000 30000 149998 -1.75302
265000 25000 149995 -4.93442
270000 25000 149993 -6.63287
265000 30000 149998 -1.75302
270000 30000 149997 -3.38648
270000 20000 149997 -3.08403
275000 20000 149994 -5.69514
270000 25000 149993 -6.63287
275000 25000 149996 -4.06461
275000 20000 149994 -5.69514
280000 20000 149994 -5.96961
275000 25000 149996 -4.06461
280000 25000 149997 -3.16969
270000 25000 149993 -6.63287
275000 25000 149996 -4.06461
270000 30000 149997 -3.38648
275000 30000 149996 -3.60357
275000 25000 149996 -4.06461
280000 25000 149997 -3.16969
275000 30000 149996 -3.60357
280000 30000 149996 -3.72564
280000 20000 149994 -5.96961
285000 20000 149994 -6.20587
280000 25000 149997 -3.16969
285000 25000 149994 -6.2107
285000 20000 149994 -6.20587
290000 20000 149994 -6.19539
285000 25000 149994 -6.2107
290000 25000 149994 -6.17
280000 25000 149997 -3.16969
285000 25000 149994 -6.2107
280000 30000 149996 -3.72564
285000 30000 149994 -6.20852
285000 25000 149994 -6.2107
290000 25000 149994 -6.17
285000 30000 149994 -6.20852
290000 30000 149995 -5.42931
290000 20000 149994 -6.19539
295000 20000 149994 -6.24148
290000 25000 149994 -6.17
295000 25000 149994 -6.23739
295000 20000 149994 -6.24148
300000 20000 149994 -6.26267
295000 25000 149994 -6.23739
300000 25000 149994 -6.23741
290000 25000 149994 -6.17
295000 25000 149994 -6.23739
290000 30000 149995 -5.42931
295000 30000 149994 -6.23744
295000 25000 149994 -6.23739
300000 25000 149994 -6.23741
295000 30000 149994 -6.23744
300000 30000 149994 -6.23743
240000 30000 150000 -0.441938
245000 30000 149997 -2.63091
240000 35000 149998 -1.93896
245000 35000 149998 -1.74059
245000 30000 149997 -2.63091
250000 30000 149999 -0.954227
245000 35000 149998 -1.74059
250000 35000 149999 -0.912502
240000 35000 149998 -1.93896
245000 35000 149998 -1.74059
240000 40000 149999 -0.603045
245000 40000 149998 -2.2395
245000 35000 149998 -1.74059
250000 35000 149999 -0.912502
245000 40000 149998 -2.2395
250000 40000 149999 -0.888488
250000 30000 149999 -0.954227
255000 30000 149998 -2.14871
250000 35000 149999 -0.912502
255000 35000 149998 -1.65996
255000 30000 149998 -2.14871
260000 30000 149996 -3.7167
255000 35000 149998 -1.65996
260000 35000 149995 -4.52443
250000 35000 149999 -0.912502
255000 35000 149998 -1.65996
250000 40000 149999 -0.888488
255000 40000 149998 -1.96018
255000 35000 149998 -1.65996
260000 35000 149995 -4.52443
255000 40000 149998 -1.96018
260000 40000 149998 -1.78034
260000 30000 149996 -3.7167
265000 30000 149998 -1.75302
260000 35000 149995 -4.52443
265000 35000 149996 -3.87044
265000 30000 149998 -1.75302
270000 30000 149997 -3.38648
265000 35000 149996 -3.87044
270000 35000 149995 -5.32134
260000 35000 149995 -4.52443
265000 35000 149996 -3.87044
260000 40000 149998 -1.78034
265000 40000 149996 -3.66864
265000 35000 149996 -3.87044
270000 35000 149995 -5.32134
265000 40000 149996 -3.66864
270000 40000 149995 -4.63029
270000 30000 149997 -3.38648
275000 30000 149996 -3.60357
270000 35000 149995 -5.32134
275000 35000 149996 -3.73118
275000 30000 149996 -3.60357
280000 30000 149996 -3.72564
275000 35000 149996 -3.73118
280000 35000 149996 -3.95415
270000 35000 149995 -5.32134
275000 35000 149996 -3.73118
270000 40000 149995 -4.63029
275000 40000 149996 -3.79858
275000 35000 149996 -3.73118
280000 35000 149996 -3.95415
275000 40000 149996 -3.79858
280000 40000 149994 -5.98011
280000 30000 149996 -3.72564
285000 30000 149994 -6.20852
280000 35000 149996 -3.95415
285000 35000 149995 -5.28043
285000 30000 149994 -6.20852
290000 30000 149995 -5.42931
285000 35000 149995 -5.28043
290000 35000 149996 -4.48081
280000 35000 149996 -3.95415
285000 35000 149995 -5.28043
280000 40000 149994 -5.98011
285000 40000 149995 -4.79005
285000 35000 149995 -5.28043
290000 35000 149996 -4.48081
285000 40000 149995 -4.79005
290000 40000 149996 -3.68691
290000 30000 149995 -5.42931
295000 30000 149994 -6.23744
290000 35000 149996 -4.48081
295000 35000 149996 -3.973
295000 30000 149994 -6.23744
300000 30000 149994 -6.23743
295000 35000 149996 -3.973
300000 35000 149996 -3.99027
290000 35000 149996 -4.48081
295000 35000 149996 -3.973
290000 40000 149996 -3.68691
295000 40000 149994 -5.74643
295000 35000 149996 -3.973
300000 35000 149996 -3.99027
295000 40000 149994 -5.74643
300000 40000 149994 -6.23743
240000 40000 149999 -0.603045
245000 40000 149998 -2.2395
240000 45000 149998 -1.71838
245000 45000 149999 -0.85347
245000 40000 149998 -2.2395
250000 40000 149999 -0.888488
245000 45000 149999 -0.85347
250000 45000 149997 -2.54182
240000 45000 149998 -1.71838
245000 45000 149999 -0.85347
240000 50000 150001 1.48301
245000 50000 149998 -2.21675
245000 45000 149999 -0.85347
250000 45000 149997 -2.54182
245000 50000 149998 -2.21675
250000 50000 150000 0.22401
250000 40000 149999 -0.888488
255000 40000 149998 -1.96018
250000 45000 149997 -2.54182
255000 45000 149997 -3.13647
255000 40000 149998 -1.96018
260000 40000 149998 -1.78034
255000 45000 149997 -3.13647
260000 45000 149996 -3.75618
250000 45000 149997 -2.54182
255000 45000 149997 -3.13647
250000 50000 150000 0.22401
255000 50000 150000 -0.270611
255000 45000 149997 -3.13647
260000 45000 149996 -3.75618
255000 50000 150000 -0.270611
260000 50000 149998 -1.51792
260000 40000 149998 -1.78034
265000 40000 149996 -3.66864
260000 45000 149996 -3.75618
265000 45000 149995 -4.81314
265000 40000 149996 -3.66864
270000 40000 149995 -4.63029
265000 45000 149995 -4.81314
270000 45000 149995 -5.00274
260000 45000 149996 -3.75618
265000 45000 149995 -4.81314
260000 50000 149998 -1.51792
265000 50000 149997 -2.50176
265000 45000 149995 -4.81314
270000 45000 149995 -5.00274
265000 50000 149997 -2.50176
270000 50000 149998 -1.73092
270000 40000 149995 -4.63029
275000 40000 149996 -3.79858
270000 45000 149995 -5.00274
275000 45000 149997 -3.24447
275000 40000 149996 -3.79858
280000 40000 149994 -5.98011
275000 45000 149997 -3.24447
280000 45000 149994 -5.67464
270000 45000 149995 -5.00274
275000 45000 149997 -3.24447
270000 50000 149998 -1.73092
275000 50000 149995 -5.35993
275000 45000 149997 -3.24447
280000 45000 149994 -5.67464
275000 50000 149995 -5.35993
280000 50000 149995 -4.53174
280000 40000 149994 -5.98011
285000 40000 149995 -4.79005
280000 45000 149994 -5.67464
285000 45000 149994 -6.18739
285000 40000 149995 -4.79005
290000 40000 149996 -3.68691
285000 45000 149994 -6.18739
290000 45000 149994 -6.18164
280000 45000 149994 -5.67464
285000 45000 149994 -6.18739
280000 50000 149995 -4.53174
285000 50000 149994 -6.48304
285000 45000 149994 -6.18739
290000 45000 149994 -6.18164
285000 50000 149994 -6.48304
290000 50000 149997 -2.99624
290000 40000 149996 -3.68691
295000 40000 149994 -5.74643
290000 45000 149994 -6.18164
295000 45000 149994 -6.23741
295000 40000 149994 -5.74643
300000 40000 149994 -6.23743
295000 45000 149994 -6.23741
300000 45000 149997 -2.94923
290000 45000 149994 -6.18164
295000 45000 149994 -6.23741
290000 50000 149997 -2.99624
295000 50000 149996 -4.36343
295000 45000 149994 -6.23741
300000 45000 149997 -2.94923
295000 50000 149996 -4.36343
300000 50000 149992 -7.93634
240000 50000 150001 1.48301
245000 50000 149998 -2.21675
240000 55000 150000 -0.0577403
245000 55000 150001 0.665666
245000 50000 149998 -2.21675
250000 50000 150000 0.22401
245000 55000 150001 0.665666
250000 55000 149998 -2.48248
240000 55000 150000 -0.0577403
245000 55000 150001 0.665666
240000 60000 150000 -0.164354
245000 60000 149998 -2.21202
245000 55000 150001 0.665666
250000 55000 149998 -2.48248
245000 60000 149998 -2.21202
250000 60000 150001 0.710037
250000 50000 150000 0.22401
255000 50000 150000 -0.270611
250000 55000 149998 -2.48248
255000 55000 149997 -2.99834
255000 50000 150000 -0.270611
260000 50000 149998 -1.51792
255000 55000 149997 -2.99834
260000 55000 149996 -4.14691
250000 55000 149998 -2.48248
255000 55000 149997 -2.99834
250000 60000 150001 0.710037
255000 60000 150001 0.584838
255000 55000 149997 -2.99834
260000 55000 149996 -4.14691
255000 60000 150001 0.584838
260000 60000 150000 -0.348106
260000 50000 149998 -1.51792
265000 50000 149997 -2.50176
260000 55000 149996 -4.14691
265000 55000 149996 -4.26746
265000 50000 149997 -2.50176
270000 50000 149998 -1.73092
265000 55000 149996 -4.26746
270000 55000 149996 -4.28113
260000 55000 149996 -4.14691
265000 55000 149996 -4.26746
260000 60000 150000 -0.348106
265000 60000 149997 -2.87866
265000 55000 149996 -4.26746
270000 55000 149996 -4.28113
265000 60000 149997 -2.87866
270000 60000 149996 -4.10837
270000 50000 149998 -1.73092
275000 50000 149995 -5.35993
270000 55000 149996 -4.28113
275000 55000 149994 -6.01119
275000 50000 149995 -5.35993
280000 50000 149995 -4.53174
275000 55000 149994 -6.01119
280000 55000 149993 -6.91378
270000 55000 149996 -4.28113
275000 55000 149994 -6.01119
270000 60000 149996 -4.10837
275000 60000 149995 -4.88591
275000 55000 149994 -6.01119
280000 55000 149993 -6.91378
275000 60000 149995 -4.88591
280000 60000 149995 -5.13513
280000 50000 149995 -4.53174
285000 50000 149994 -6.48304
280000 55000 149993 -6.91378
285000 55000 149996 -4.39741
285000 50000 149994 -6.48304
290000 50000 149997 -2.99624
285000 55000 149996 -4.39741
290000 55000 149994 -6.25856
280000 55000 149993 -6.91378
285000 55000 149996 -4.39741
280000 60000 149995 -5.13513
285000 60000 149994 -6.34475
285000 55000 149996 -4.39741
290000 55000 149994 -6.25856
285000 60000 149994 -6.34475
290000 60000 149996 -4.20903
290000 50000 149997 -2.99624
295000 50000 149996 -4.36343
290000 55000 149994 -6.25856
295000 55000 149997 -3.30943
295000 50000 149996 -4.36343
300000 50000 149992 -7.93634
295000 55000 149997 -3.30943
300000 55000 149997 -3.47434
290000 55000 149994 -6.25856
295000 55000 149997 -3.30943
290000 60000 149996 -4.20903
295000 60000 149995 -4.81501
295000 55000 149997 -3.30943
300000 55000 149997 -3.47434
295000 60000 149995 -4.81501
300000 60000 149994 -6.47856
200000 60000 150010 9.55202
205000 60000 150012 12.1384
200000 65000 150013 12.7911
205000 65000 150013 12.8651
205000 60000 150012 12.1384
210000 60000 150009 8.94551
205000 65000 150013 12.8651
210000 65000 150009 9.33033
200000 65000 150013 12.7911
205000 65000 150013 12.8651
200000 70000 150010 10.1088
205000 70000 150008 7.65376
205000 65000 150013 12.8651
210000 65000 150009 9.33033
205000 70000 150008 7.65376
210000 70000 150008 7.71141
210000 60000 150009 8.94551
215000 60000 150008 7.82044
210000 65000 150009 9.33033
215000 65000 150009 8.9267
215000 60000 150008 7.82044
220000 60000 150003 3.48805
215000 65000 150009 8.9267
220000 65000 150005 4.59688
210000 65000 150009 9.33033
215000 65000 150009 8.9267
210000 70000 150008 7.71141
215000 70000 150006 6.21298
215000 65000 150009 8.9267
220000 65000 150005 4.59688
215000 70000 150006 6.21298
220000 70000 150004 4.19808
220000 60000 150003 3.48805
225000 60000 150003 3.21557
220000 65000 150005 4.59688
225000 65000 150001 1.32142
225000 60000 150003 3.21557
230000 60000 150002 1.71177
225000 65000 150001 1.32142
230000 65000 150006 6.05808
220000 65000 150005 4.59688
225000 65000 150001 1.32142
220000 70000 150004 4.19808
225000 70000 150006 6.4713
225000 65000 150001 1.32142
230000 65000 150006 6.05808
225000 70000 150006 6.4713
230000 70000 150002 2.4399
230000 60000 150002 1.71177
235000 60000 150002 1.54243
230000 65000 150006 6.05808
235000 65000 150003 3.35997
235000 60000 150002 1.54243
240000 60000 150000 -0.164354
235000 65000 150003 3.35997
240000 65000 150000 0.0923532
230000 65000 150006 6.05808
235000 65000 150003 3.35997
230000 70000 150002 2.4399
235000 70000 150003 3.16568
235000 65000 150003 3.35997
240000 65000 150000 0.0923532
235000 70000 150003 3.16568
240000 70000 150003 2.93186
240000 60000 150000 -0.164354
245000 60000 149998 -2.21202
240000 65000 150000 0.0923532
245000 65000 150000 0.102825
245000 60000 149998 -2.21202
250000 60000 150001 0.710037
245000 65000 150000 0.102825
250000 65000 150000 0.449505
240000 65000 150000 0.0923532
245000 65000 150000 0.102825
240000 70000 150003 2.93186
245000 70000 149998 -1.6118
245000 65000 150000 0.102825
250000 65000 150000 0.449505
245000 70000 149998 -1.6118
250000 70000 150002 1.67968
250000 60000 150001 0.710037
255000 60000 150001 0.584838
250000 65000 150000 0.449505
255000 65000 149997 -2.51194
255000 60000 150001 0.584838
260000 60000 150000 -0.348106
255000 65000 149997 -2.51194
260000 65000 149997 -3.09313
250000 65000 150000 0.449505
255000 65000 149997 -2.51194
250000 70000 150002 1.67968
255000 70000 149997 -2.77002
255000 65000 149997 -2.51194
260000 65000 149997 -3.09313
255000 70000 149997 -2.77002
260000 70000 149998 -1.74694
260000 60000 150000 -0.348106
265000 60000 149997 -2.87866
260000 65000 149997 -3.09313
265000 65000 149996 -3.96981
265000 60000 149997 -2.87866
270000 60000 149996 -4.10837
265000 65000 149996 -3.96981
270000 65000 149994 -5.95864
260000 65000 149997 -3.09313
265000 65000 149996 -3.96981
260000 70000 149998 -1.74694
265000 70000 149999 -0.891816
265000 65000 149996 -3.96981
270000 65000 149994 -5.95864
265000 70000 149999 -0.891816
270000 70000 149995 -4.7873
270000 60000 149996 -4.10837
275000 60000 149995 -4.88591
270000 65000 149994 -5.95864
275000 65000 149994 -5.99399
275000 60000 149995 -4.88591
280000 60000 149995 -5.13513
275000 65000 149994 -5.99399
280000 65000 149996 -3.65916
270000 65000 149994 -5.95864
275000 65000 149994 -5.99399
270000 70000 149995 -4.7873
275000 70000 149994 -5.76377
275000 65000 149994 -5.99399
280000 65000 149996 -3.65916
275000 70000 149994 -5.76377
280000 70000 149993 -6.51286
280000 60000 149995 -5.13513
285000 60000 149994 -6.34475
280000 65000 149996 -3.65916
285000 65000 149994 -6.33137
285000 60000 149994 -6.34475
290000 60000 149996 -4.20903
285000 65000 149994 -6.33137
290000 65000 149995 -4.80871
280000 65000 149996 -3.65916
285000 65000 149994 -6.33137
280000 70000 149993 -6.51286
285000 70000 149997 -3.44425
285000 65000 149994 -6.33137
290000 65000 149995 -4.80871
285000 70000 149997 -3.44425
290000 70000 149993 -6.63895
290000 60000 149996 -4.20903
295000 60000 149995 -4.81501
290000 65000 149995 -4.80871
295000 65000 149993 -6.84942
295000 60000 149995 -4.81501
300000 60000 149994 -6.47856
295000 65000 149993 -6.84942
300000 65000 149995 -5.44096
290000 65000 149995 -4.80871
295000 65000 149993 -6.84942
290000 70000 149993 -6.63895
295000 70000 149995 -5.09582
295000 65000 149993 -6.84942
300000 65000 149995 -5.44096
295000 70000 149995 -5.09582
300000 70000 149995 -5.26375
200000 70000 150010 10.1088
205000 70000 150008 7.65376
200000 75000 150010 9.83759
205000 75000 150012 11.7557
205000 70000 150008 7.65376
210000 70000 150008 7.71141
205000 75000 150012 11.7557
210000 75000 150010 10.476
200000 75000 150010 9.83759
205000 75000 150012 11.7557
200000 80000 150015 14.5138
205000 80000 150010 9.64047
205000 75000 150012 11.7557
210000 75000 150010 10.476
205000 80000 150010 9.64047
210000 80000 150010 10.4455
210000 70000 150008 7.71141
215000 70000 150006 6.21298
210000 75000 150010 10.476
215000 75000 150008 7.94707
215000 70000 150006 6.21298
220000 70000 150004 4.19808
215000 75000 150008 7.94707
220000 75000 150005 4.6225
210000 75000 150010 10.476
215000 75000 150008 7.94707
210000 80000 150010 10.4455
215000 80000 150006 6.48445
215000 75000 150008 7.94707
220000 75000 150005 4.6225
215000 80000 150006 6.48445
220000 80000 150005 4.88536
220000 70000 150004 4.19808
225000 70000 150006 6.4713
220000 75000 150005 4.6225
225000 75000 150004 3.59978
225000 70000 150006 6.4713
230000 70000 150002 2.4399
225000 75000 150004 3.59978
230000 75000 150005 4.66089
220000 75000 150005 4.6225
225000 75000 150004 3.59978
220000 80000 150005 4.88536
225000 80000 150004 4.20829
225000 75000 150004 3.59978
230000 75000 150005 4.66089
225000 80000 150004 4.20829
230000 80000 150001 1.255
230000 70000 150002 2.4399
235000 70000 150003 3.16568
230000 75000 150005 4.66089
235000 75000 150000 0.0153396
235000 70000 150003 3.16568
240000 70000 150003 2.93186
235000 75000 150000 0.0153396
240000 75000 149999 -0.741051
230000 75000 150005 4.66089
235000 75000 150000 0.0153396
230000 80000 150001 1.255
235000 80000 150001 0.803834
235000 75000 150000 0.0153396
240000 75000 149999 -0.741051
235000 80000 150001 0.803834
240000 80000 150001 1.44723
240000 70000 150003 2.93186
245000 70000 149998 -1.6118
240000 75000 149999 -0.741051
245000 75000 149998 -1.65988
245000 70000 149998 -1.6118
250000 70000 150002 1.67968
245000 75000 149998 -1.65988
250000 75000 149997 -3.37086
240000 75000 149999 -0.741051
245000 75000 149998 -1.65988
240000 80000 150001 1.44723
245000 80000 149999 -0.688046
245000 75000 149998 -1.65988
250000 75000 149997 -3.37086
245000 80000 149999 -0.688046
250000 80000 150001 1.09144
250000 70000 150002 1.67968
255000 70000 149997 -2.77002
250000 75000 149997 -3.37086
255000 75000 149997 -3.06032
255000 70000 149997 -2.77002
260000 70000 149998 -1.74694
255000 75000 149997 -3.06032
260000 75000 149995 -4.60096
250000 75000 149997 -3.37086
255000 75000 149997 -3.06032
250000 80000 150001 1.09144
255000 80000 149999 -0.514806
255000 75000 149997 -3.06032
260000 75000 149995 -4.60096
255000 80000 149999 -0.514806
260000 80000 149995 -4.66178
260000 70000 149998 -1.74694
265000 70000 149999 -0.891816
260000 75000 149995 -4.60096
265000 75000 149995 -4.58293
265000 70000 149999 -0.891816
270000 70000 149995 -4.7873
265000 75000 149995 -4.58293
270000 75000 149998 -1.80316
260000 75000 149995 -4.60096
265000 75000 149995 -4.58293
260000 80000 149995 -4.66178
265000 80000 149996 -3.91112
265000 75000 149995 -4.58293
270000 75000 149998 -1.80316
265000 80000 149996 -3.91112
270000 80000 149994 -5.79837
270000 70000 149995 -4.7873
275000 70000 149994 -5.76377
270000 75000 149998 -1.80316
275000 75000 149994 -6.13295
275000 70000 149994 -5.76377
280000 70000 149993 -6.51286
275000 75000 149994 -6.13295
280000 75000 149997 -2.97916
270000 75000 149998 -1.80316
275000 75000 149994 -6.13295
270000 80000 149994 -5.79837
275000 80000 149995 -4.61854
275000 75000 149994 -6.13295
280000 75000 149997 -2.97916
275000 80000 149995 -4.61854
280000 80000 149993 -6.78415
280000 70000 149993 -6.51286
285000 70000 149997 -3.44425
280000 75000 149997 -2.97916
285000 75000 149995 -5.25998
285000 70000 149997 -3.44425
290000 70000 149993 -6.63895
285000 75000 149995 -5.25998
290000 75000 149995 -5.00765
280000 75000 149997 -2.97916
285000 75000 149995 -5.25998
280000 80000 149993 -6.78415
285000 80000 149993 -7.2072
285000 75000 149995 -5.25998
290000 75000 149995 -5.00765
285000 80000 149993 -7.2072
290000 80000 149996 -3.97766
290000 70000 149993 -6.63895
295000 70000 149995 -5.09582
290000 75000 149995 -5.00765
295000 75000 149995 -5.11359
295000 70000 149995 -5.09582
300000 70000 149995 -5.26375
295000 75000 149995 -5.11359
300000 75000 149996 -3.91277
290000 75000 149995 -5.00765
295000 75000 149995 -5.11359
290000 80000 149996 -3.97766
295000 80000 149996 -4.30024
295000 75000 149995 -5.11359
300000 75000 149996 -3.91277
295000 80000 149996 -4.30024
300000 80000 149994 -5.52875
160000 80000 149980 -19.6987
165000 80000 149985 -14.6731
160000 85000 149986 -13.7073
165000 85000 149977 -23.0205
165000 80000 149985 -14.6731
170000 80000 149999 -0.614156
165000 85000 149977 -23.0205
170000 85000 149994 -6.38863
160000 85000 149986 -13.7073
165000 85000 149977 -23.0205
160000 90000 149996 -4.31513
165000 90000 149981 -19.0728
165000 85000 149977 -23.0205
170000 85000 149994 -6.38863
165000 90000 149981 -19.0728
170000 90000 149984 -15.6616
170000 80000 149999 -0.614156
175000 80000 150013 13.3822
170000 85000 149994 -6.38863
175000 85000 150007 6.9107
175000 80000 150013 13.3822
180000 80000 150013 12.6969
175000 85000 150007 6.9107
180000 85000 150014 13.7702
170000 85000 149994 -6.38863
175000 85000 150007 6.9107
170000 90000 149984 -15.6616
175000 90000 149998 -2.39695
175000 85000 150007 6.9107
180000 85000 150014 13.7702
175000 90000 149998 -2.39695
180000 90000 150009 9.2895
180000 80000 150013 12.6969
185000 80000 150012 12.3365
180000 85000 150014 13.7702
185000 85000 150014 14.0657
185000 80000 150012 12.3365
190000 80000 150015 15.2474
185000 85000 150014 14.0657
190000 85000 150012 11.6594
180000 85000 150014 13.7702
185000 85000 150014 14.0657
180000 90000 150009 9.2895
185000 90000 150017 17.1994
185000 85000 150014 14.0657
190000 85000 150012 11.6594
185000 90000 150017 17.1994
190000 90000 150013 13.3241
190000 80000 150015 15.2474
195000 80000 150014 14.0862
190000 85000 150012 11.6594
195000 85000 150010 10.418
195000 80000 150014 14.0862
200000 80000 150015 14.5138
195000 85000 150010 10.418
200000 85000 150011 11.4305
190000 85000 150012 11.6594
195000 85000 150010 10.418
190000 90000 150013 13.3241
195000 90000 150011 11.2872
195000 85000 150010 10.418
200000 85000 150011 11.4305
195000 90000 150011 11.2872
200000 90000 150012 12.2678
200000 80000 150015 14.5138
205000 80000 150010 9.64047
200000 85000 150011 11.4305
205000 85000 150009 9.28301
205000 80000 150010 9.64047
210000 80000 150010 10.4455
205000 85000 150009 9.28301
210000 85000 150012 11.8875
200000 85000 150011 11.4305
205000 85000 150009 9.28301
200000 90000 150012 12.2678
205000 90000 150011 10.8153
205000 85000 150009 9.28301
210000 85000 150012 11.8875
205000 90000 150011 10.8153
210000 90000 150007 7.37057
210000 80000 150010 10.4455
215000 80000 150006 6.48445
210000 85000 150012 11.8875
215000 85000 150010 9.96659
215000 80000 150006 6.48445
220000 80000 150005 4.88536
215000 85000 150010 9.96659
220000 85000 150005 4.5705
210000 85000 150012 11.8875
215000 85000 150010 9.96659
210000 90000 150007 7.37057
215000 90000 150006 5.81461
215000 85000 150010 9.96659
220000 85000 150005 4.5705
215000 90000 150006 5.81461
220000 90000 150004 3.85362
220000 80000 150005 4.88536
225000 80000 150004 4.20829
220000 85000 150005 4.5705
225000 85000 150004 3.71405
225000 80000 150004 4.20829
230000 80000 150001 1.255
225000 85000 150004 3.71405
230000 85000 150005 5.46072
220000 85000 150005 4.5705
225000 85000 150004 3.71405
220000 90000 150004 3.85362
225000 90000 150007 7.07555
225000 85000 150004 3.71405
230000 85000 150005 5.46072
225000 90000 150007 7.07555
230000 90000 150004 3.83206
230000 80000 150001 1.255
235000 80000 150001 0.803834
230000 85000 150005 5.46072
235000 85000 150004 3.50243
235000 80000 150001 0.803834
240000 80000 150001 1.44723
235000 85000 150004 3.50243
240000 85000 150001 0.901828
230000 85000 150005 5.46072
235000 85000 150004 3.50243
230000 90000 150004 3.83206
235000 90000 150002 1.76887
235000 85000 150004 3.50243
240000 85000 150001 0.901828
235000 90000 150002 1.76887
240000 90000 150000 -0.0713155
240000 80000 150001 1.44723
245000 80000 149999 -0.688046
240000 85000 150001 0.901828
245000 85000 149999 -0.964631
245000 80000 149999 -0.688046
250000 80000 150001 1.09144
245000 85000 149999 -0.964631
250000 85000 150001 0.967115
240000 85000 150001 0.901828
245000 85000 149999 -0.964631
240000 90000 150000 -0.0713155
245000 90000 150000 -0.337711
245000 85000 149999 -0.964631
250000 85000 150001 0.967115
245000 90000 150000 -0.337711
250000 90000 149997 -3.08388
250000 80000 150001 1.09144
255000 80000 149999 -0.514806
250000 85000 150001 0.967115
255000 85000 149997 -3.02956
255000 80000 149999 -0.514806
260000 80000 149995 -4.66178
255000 85000 149997 -3.02956
260000 85000 149996 -4.39968
250000 85000 150001 0.967115
255000 85000 149997 -3.02956
250000 90000 149997 -3.08388
255000 90000 149998 -1.65414
255000 85000 149997 -3.02956
260000 85000 149996 -4.39968
255000 90000 149998 -1.65414
260000 90000 149999 -0.599034
260000 80000 149995 -4.66178
265000 80000 149996 -3.91112
260000 85000 149996 -4.39968
265000 85000 149995 -5.39841
265000 80000 149996 -3.91112
270000 80000 149994 -5.79837
265000 85000 149995 -5.39841
270000 85000 149998 -2.21015
260000 85000 149996 -4.39968
265000 85000 149995 -5.39841
260000 90000 149999 -0.599034
265000 90000 149997 -2.85949
265000 85000 149995 -5.39841
270000 85000 149998 -2.21015
265000 90000 149997 -2.85949
270000 90000 149995 -4.9245
270000 80000 149994 -5.79837
275000 80000 149995 -4.61854
270000 85000 149998 -2.21015
275000 85000 149994 -6.11164
275000 80000 149995 -4.61854
280000 80000 149993 -6.78415
275000 85000 149994 -6.11164
280000 85000 149996 -3.78964
270000 85000 149998 -2.21015
275000 85000 149994 -6.11164
270000 90000 149995 -4.9245
275000 90000 149996 -3.82194
275000 85000 149994 -6.11164
280000 85000 149996 -3.78964
275000 90000 149996 -3.82194
280000 90000 149996 -3.95091
280000 80000 149993 -6.78415
285000 80000 149993 -7.2072
280000 85000 149996 -3.78964
285000 85000 149993 -7.05114
285000 80000 149993 -7.2072
290000 80000 149996 -3.97766
285000 85000 149993 -7.05114
290000 85000 149993 -6.82743
280000 85000 149996 -3.78964
285000 85000 149993 -7.05114
280000 90000 149996 -3.95091
285000 90000 149995 -5.39885
285000 85000 149993 -7.05114
290000 85000 149993 -6.82743
285000 90000 149995 -5.39885
290000 90000 149993 -7.13021
290000 80000 149996 -3.97766
295000 80000 149996 -4.30024
290000 85000 149993 -6.82743
295000 85000 149993 -6.84517
295000 80000 149996 -4.30024
300000 80000 149994 -5.52875
295000 85000 149993 -6.84517
300000 85000 149992 -7.60542
290000 85000 149993 -6.82743
295000 85000 149993 -6.84517
290000 90000 149993 -7.13021
295000 90000 149993 -6.99017
295000 85000 149993 -6.84517
300000 85000 149992 -7.60542
295000 90000 149993 -6.99017
300000 90000 149994 -6.22394
160000 90000 149996 -4.31513
165000 90000 149981 -19.0728
160000 95000 150002 2.35721
165000 95000 149986 -13.8088
165000 90000 149981 -19.0728
170000 90000 149984 -15.6616
165000 95000 149986 -13.8088
170000 95000 149983 -17.0214
160000 95000 150002 2.35721
165000 95000 149986 -13.8088
160000 100000 150001 0.834433
165000 100000 149994 -6.45883
165000 95000 149986 -13.8088
170000 95000 149983 -17.0214
165000 100000 149994 -6.45883
170000 100000 149988 -12.2827
170000 90000 149984 -15.6616
175000 90000 149998 -2.39695
170000 95000 149983 -17.0214
175000 95000 149996 -3.90929
175000 90000 149998 -2.39695
180000 90000 150009 9.2895
175000 95000 149996 -3.90929
180000 95000 150005 4.59982
170000 95000 149983 -17.0214
175000 95000 149996 -3.90929
170000 100000 149988 -12.2827
175000 100000 149992 -8.29945
175000 95000 149996 -3.90929
180000 95000 150005 4.59982
175000 100000 149992 -8.29945
180000 100000 150001 0.648908
180000 90000 150009 9.2895
185000 90000 150017 17.1994
180000 95000 150005 4.59982
185000 95000 150015 15.3975
185000 90000 150017 17.1994
190000 90000 150013 13.3241
185000 95000 150015 15.3975
190000 95000 150012 12.2405
180000 95000 150005 4.59982
185000 95000 150015 15.3975
180000 100000 150001 0.648908
185000 100000 150013 13.3987
185000 95000 150015 15.3975
190000 95000 150012 12.2405
185000 100000 150013 13.3987
190000 100000 150015 14.7463
190000 90000 150013 13.3241
195000 90000 150011 11.2872
190000 95000 150012 12.2405
195000 95000 150015 14.6786
195000 90000 150011 11.2872
200000 90000 150012 12.2678
195000 95000 150015 14.6786
200000 95000 150012 12.0442
190000 95000 150012 12.2405
195000 95000 150015 14.6786
190000 100000 150015 14.7463
195000 100000 150014 14.0908
195000 95000 150015 14.6786
200000 95000 150012 12.0442
195000 100000 150014 14.0908
200000 100000 150013 12.8388
200000 90000 150012 12.2678
205000 90000 150011 10.8153
200000 95000 150012 12.0442
205000 95000 150011 10.5334
205000 90000 150011 10.8153
210000 90000 150007 7.37057
205000 95000 150011 10.5334
210000 95000 150012 12.2768
200000 95000 150012 12.0442
205000 95000 150011 10.5334
200000 100000 150013 12.8388
205000 100000 150010 10.0108
205000 95000 150011 10.5334
210000 95000 150012 12.2768
205000 100000 150010 10.0108
210000 100000 150009 9.24239
210000 90000 150007 7.37057
215000 90000 150006 5.81461
210000 95000 150012 12.2768
215000 95000 150007 6.68043
215000 90000 150006 5.81461
220000 90000 150004 3.85362
215000 95000 150007 6.68043
220000 95000 150004 4.02326
210000 95000 150012 12.2768
215000 95000 150007 6.68043
210000 100000 150009 9.24239
215000 100000 150009 9.00819
215000 95000 150007 6.68043
220000 95000 150004 4.02326
215000 100000 150009 9.00819
220000 100000 150005 4.78398
220000 90000 150004 3.85362
225000 90000 150007 7.07555
220000 95000 150004 4.02326
225000 95000 150006 5.53073
225000 90000 150007 7.07555
230000 90000 150004 3.83206
225000 95000 150006 5.53073
230000 95000 150002 1.98789
220000 95000 150004 4.02326
225000 95000 150006 5.53073
220000 100000 150005 4.78398
225000 100000 150004 3.91145
225000 95000 150006 5.53073
230000 95000 150002 1.98789
225000 100000 150004 3.91145
230000 100000 150003 2.81331
230000 90000 150004 3.83206
235000 90000 150002 1.76887
230000 95000 150002 1.98789
235000 95000 150001 0.999106
235000 90000 150002 1.76887
240000 90000 150000 -0.0713155
235000 95000 150001 0.999106
240000 95000 150003 2.75632
230000 95000 150002 1.98789
235000 95000 150001 0.999106
230000 100000 150003 2.81331
235000 100000 150003 3.49973
235000 95000 150001 0.999106
240000 95000 150003 2.75632
235000 100000 150003 3.49973
240000 100000 149999 -1.15692
240000 90000 150000 -0.0713155
245000 90000 150000 -0.337711
240000 95000 150003 2.75632
245000 95000 150000 0.137275
245000 90000 150000 -0.337711
250000 90000 149997 -3.08388
245000 95000 150000 0.137275
250000 95000 149997 -3.20097
240000 95000 150003 2.75632
245000 95000 150000 0.137275
240000 100000 149999 -1.15692
245000 100000 149998 -1.85123
245000 95000 150000 0.137275
250000 95000 149997 -3.20097
245000 100000 149998 -1.85123
250000 100000 150000 -0.491469
250000 90000 149997 -3.08388
255000 90000 149998 -1.65414
250000 95000 149997 -3.20097
255000 95000 149996 -4.17954
255000 90000 149998 -1.65414
260000 90000 149999 -0.599034
255000 95000 149996 -4.17954
260000 95000 149996 -3.73318
250000 95000 149997 -3.20097
255000 95000 149996 -4.17954
250000 100000 150000 -0.491469
255000 100000 149997 -2.58947
255000 95000 149996 -4.17954
260000 95000 149996 -3.73318
255000 100000 149997 -2.58947
260000 100000 149996 -3.77613
260000 90000 149999 -0.599034
265000 90000 149997 -2.85949
260000 95000 149996 -3.73318
265000 95000 149996 -3.90477
265000 90000 149997 -2.85949
270000 90000 149995 -4.9245
265000 95000 149996 -3.90477
270000 95000 149995 -4.82132
260000 95000 149996 -3.73318
265000 95000 149996 -3.90477
260000 100000 149996 -3.77613
265000 100000 149998 -1.85098
265000 95000 149996 -3.90477
270000 95000 149995 -4.82132
265000 100000 149998 -1.85098
270000 100000 149997 -2.82827
270000 90000 149995 -4.9245
275000 90000 149996 -3.82194
270000 95000 149995 -4.82132
275000 95000 149997 -3.01844
275000 90000 149996 -3.82194
280000 90000 149996 -3.95091
275000 95000 149997 -3.01844
280000 95000 149993 -6.69255
270000 95000 149995 -4.82132
275000 95000 149997 -3.01844
270000 100000 149997 -2.82827
275000 100000 149995 -4.72059
275000 95000 149997 -3.01844
280000 95000 149993 -6.69255
275000 100000 149995 -4.72059
280000 100000 149994 -6.27573
280000 90000 149996 -3.95091
285000 90000 149995 -5.39885
280000 95000 149993 -6.69255
285000 95000 149993 -6.83637
285000 90000 149995 -5.39885
290000 90000 149993 -7.13021
285000 95000 149993 -6.83637
290000 95000 149995 -4.85998
280000 95000 149993 -6.69255
285000 95000 149993 -6.83637
280000 100000 149994 -6.27573
285000 100000 149997 -3.29702
285000 95000 149993 -6.83637
290000 95000 149995 -4.85998
285000 100000 149997 -3.29702
290000 100000 149996 -4.37644
290000 90000 149993 -7.13021
295000 90000 149993 -6.99017
290000 95000 149995 -4.85998
295000 95000 149995 -4.81406
295000 90000 149993 -6.99017
300000 90000 149994 -6.22394
295000 95000 149995 -4.81406
300000 95000 149992 -7.5803
290000 95000 149995 -4.85998
295000 95000 149995 -4.81406
290000 100000 149996 -4.37644
295000 100000 149996 -4.41159
295000 95000 149995 -4.81406
300000 95000 149992 -7.5803
295000 100000 149996 -4.41159
300000 100000 149993 -7.13986
160000 100000 150001 0.834433
165000 100000 149994 -6.45883
160000 105000 150002 1.96053
165000 105000 149997 -3.30647
165000 100000 149994 -6.45883
170000 100000 149988 -12.2827
165000 105000 149997 -3.30647
170000 105000 149991 -9.42203
160000 105000 150002 1.96053
165000 105000 149997 -3.30647
160000 110000 150007 6.56454
165000 110000 149998 -2.25877
165000 105000 149997 -3.30647
170000 105000 149991 -9.42203
165000 110000 149998 -2.25877
170000 110000 149996 -4.04437
170000 100000 149988 -12.2827
175000 100000 149992 -8.29945
170000 105000 149991 -9.42203
175000 105000 149996 -4.18489
175000 100000 149992 -8.29945
180000 100000 150001 0.648908
175000 105000 149996 -4.18489
180000 105000 150000 0.313399
170000 105000 149991 -9.42203
175000 105000 149996 -4.18489
170000 110000 149996 -4.04437
175000 110000 149999 -0.611614
175000 105000 149996 -4.18489
180000 105000 150000 0.313399
175000 110000 149999 -0.611614
180000 110000 150001 1.4841
180000 100000 150001 0.648908
185000 100000 150013 13.3987
180000 105000 150000 0.313399
185000 105000 150010 10.1297
185000 100000 150013 13.3987
190000 100000 150015 14.7463
185000 105000 150010 10.1297
190000 105000 150012 12.4492
180000 105000 150000 0.313399
185000 105000 150010 10.1297
180000 110000 150001 1.4841
185000 110000 150006 5.86718
185000 105000 150010 10.1297
190000 105000 150012 12.4492
185000 110000 150006 5.86718
190000 110000 150009 8.82078
190000 100000 150015 14.7463
195000 100000 150014 14.0908
190000 105000 150012 12.4492
195000 105000 150014 14.2243
195000 100000 150014 14.0908
200000 100000 150013 12.8388
195000 105000 150014 14.2243
200000 105000 150012 12.3037
190000 105000 150012 12.4492
195000 105000 150014 14.2243
190000 110000 150009 8.82078
195000 110000 150009 9.08012
195000 105000 150014 14.2243
200000 105000 150012 12.3037
195000 110000 150009 9.08012
200000 110000 150009 8.76171
200000 100000 150013 12.8388
205000 100000 150010 10.0108
200000 105000 150012 12.3037
205000 105000 150008 7.666
205000 100000 150010 10.0108
210000 100000 150009 9.24239
205000 105000 150008 7.666
210000 105000 150007 6.99894
200000 105000 150012 12.3037
205000 105000 150008 7.666
200000 110000 150009 8.76171
205000 110000 150008 8.34703
205000 105000 150008 7.666
210000 105000 150007 6.99894
205000 110000 150008 8.34703
210000 110000 150007 6.71456
210000 100000 150009 9.24239
215000 100000 150009 9.00819
210000 105000 150007 6.99894
215000 105000 150007 7.06696
215000 100000 150009 9.00819
220000 100000 150005 4.78398
215000 105000 150007 7.06696
220000 105000 150007 6.53796
210000 105000 150007 6.99894
215000 105000 150007 7.06696
210000 110000 150007 6.71456
215000 110000 150006 6.05001
215000 105000 150007 7.06696
220000 105000 150007 6.53796
215000 110000 150006 6.05001
220000 110000 150006 5.97605
220000 100000 150005 4.78398
225000 100000 150004 3.91145
220000 105000 150007 6.53796
225000 105000 150007 7.22908
225000 100000 150004 3.91145
230000 100000 150003 2.81331
225000 105000 150007 7.22908
230000 105000 150003 3.37667
220000 105000 150007 6.53796
225000 105000 150007 7.22908
220000 110000 150006 5.97605
225000 110000 150003 3.26493
225000 105000 150007 7.22908
230000 105000 150003 3.37667
225000 110000 150003 3.26493
230000 110000 150002 2.29746
230000 100000 150003 2.81331
235000 100000 150003 3.49973
230000 105000 150003 3.37667
235000 105000 150000 0.258425
235000 100000 150003 3.49973
240000 100000 149999 -1.15692
235000 105000 150000 0.258425
240000 105000 150001 0.536484
230000 105000 150003 3.37667
235000 105000 150000 0.258425
230000 110000 150002 2.29746
235000 110000 150004 3.56622
235000 105000 150000 0.258425
240000 105000 150001 0.536484
235000 110000 150004 3.56622
240000 110000 149999 -1.16991
240000 100000 149999 -1.15692
245000 100000 149998 -1.85123
240000 105000 150001 0.536484
245000 105000 150001 0.692264
245000 100000 149998 -1.85123
250000 100000 150000 -0.491469
245000 105000 150001 0.692264
250000 105000 150000 -0.415274
240000 105000 150001 0.536484
245000 105000 150001 0.692264
240000 110000 149999 -1.16991
245000 110000 150000 -0.170134
245000 105000 150001 0.692264
250000 105000 150000 -0.415274
245000 110000 150000 -0.170134
250000 110000 149998 -1.76058
250000 100000 150000 -0.491469
255000 100000 149997 -2.58947
250000 105000 150000 -0.415274
255000 105000 149999 -0.598252
255000 100000 149997 -2.58947
260000 100000 149996 -3.77613
255000 105000 149999 -0.598252
260000 105000 149999 -0.849819
250000 105000 150000 -0.415274
255000 105000 149999 -0.598252
250000 110000 149998 -1.76058
255000 110000 149998 -2.25413
255000 105000 149999 -0.598252
260000 105000 149999 -0.849819
255000 110000 149998 -2.25413
260000 110000 149998 -1.63122
260000 100000 149996 -3.77613
265000 100000 149998 -1.85098
260000 105000 149999 -0.849819
265000 105000 149998 -2.06742
265000 100000 149998 -1.85098
270000 100000 149997 -2.82827
265000 105000 149998 -2.06742
270000 105000 149994 -6.2779
260000 105000 149999 -0.849819
265000 105000 149998 -2.06742
260000 110000 149998 -1.63122
265000 110000 149998 -1.63119
265000 105000 149998 -2.06742
270000 105000 149994 -6.2779
265000 110000 149998 -1.63119
270000 110000 149995 -5.45389
270000 100000 149997 -2.82827
275000 100000 149995 -4.72059
270000 105000 149994 -6.2779
275000 105000 149996 -3.51228
275000 100000 149995 -4.72059
280000 100000 149994 -6.27573
275000 105000 149996 -3.51228
280000 105000 149993 -6.93037
270000 105000 149994 -6.2779
275000 105000 149996 -3.51228
270000 110000 149995 -5.45389
275000 110000 149995 -4.9786
275000 105000 149996 -3.51228
280000 105000 149993 -6.93037
275000 110000 149995 -4.9786
280000 110000 149996 -3.92732
280000 100000 149994 -6.27573
285000 100000 149997 -3.29702
280000 105000 149993 -6.93037
285000 105000 149995 -5.47877
285000 100000 149997 -3.29702
290000 100000 149996 -4.37644
285000 105000 149995 -5.47877
290000 105000 149996 -3.91811
280000 105000 149993 -6.93037
285000 105000 149995 -5.47877
280000 110000 149996 -3.92732
285000 110000 149996 -4.31315
285000 105000 149995 -5.47877
290000 105000 149996 -3.91811
285000 110000 149996 -4.31315
290000 110000 149995 -4.61828
290000 100000 149996 -4.37644
295000 100000 149996 -4.41159
290000 105000 149996 -3.91811
295000 105000 149997 -3.40941
295000 100000 149996 -4.41159
300000 100000 149993 -7.13986
295000 105000 149997 -3.40941
300000 105000 149993 -7.39728
290000 105000 149996 -3.91811
295000 105000 149997 -3.40941
290000 110000 149995 -4.61828
295000 110000 149995 -5.01883
295000 105000 149997 -3.40941
300000 105000 149993 -7.39728
295000 110000 149995 -5.01883
300000 110000 149996 -4.36962
160000 110000 150007 6.56454
165000 110000 149998 -2.25877
160000 115000 150002 1.72659
165000 115000 149999 -1.46437
165000 110000 149998 -2.25877
170000 110000 149996 -4.04437
165000 115000 149999 -1.46437
170000 115000 149997 -2.68244
160000 115000 150002 1.72659
165000 115000 149999 -1.46437
160000 120000 150006 6.48339
165000 120000 150004 4.32024
165000 115000 149999 -1.46437
170000 115000 149997 -2.68244
165000 120000 150004 4.32024
170000 120000 149999 -0.639613
170000 110000 149996 -4.04437
175000 110000 149999 -0.611614
170000 115000 149997 -2.68244
175000 115000 149999 -1.03977
175000 110000 149999 -0.611614
180000 110000 150001 1.4841
175000 115000 149999 -1.03977
180000 115000 150000 0.337734
170000 115000 149997 -2.68244
175000 115000 149999 -1.03977
170000 120000 149999 -0.639613
175000 120000 150002 1.94223
175000 115000 149999 -1.03977
180000 115000 150000 0.337734
175000 120000 150002 1.94223
180000 120000 149999 -0.626893
180000 110000 150001 1.4841
185000 110000 150006 5.86718
180000 115000 150000 0.337734
185000 115000 150003 3.42511
185000 110000 150006 5.86718
190000 110000 150009 8.82078
185000 115000 150003 3.42511
190000 115000 150011 10.6722
180000 115000 150000 0.337734
185000 115000 150003 3.42511
180000 120000 149999 -0.626893
185000 120000 150003 2.91811
185000 115000 150003 3.42511
190000 115000 150011 10.6722
185000 120000 150003 2.91811
190000 120000 150008 8.38136
190000 110000 150009 8.82078
195000 110000 150009 9.08012
190000 115000 150011 10.6722
195000 115000 150007 7.10712
195000 110000 150009 9.08012
200000 110000 150009 8.76171
195000 115000 150007 7.10712
200000 115000 150007 7.11115
190000 115000 150011 10.6722
195000 115000 150007 7.10712
190000 120000 150008 8.38136
195000 120000 150009 8.53057
195000 115000 150007 7.10712
200000 115000 150007 7.11115
195000 120000 150009 8.53057
200000 120000 150007 7.46505
200000 110000 150009 8.76171
205000 110000 150008 8.34703
200000 115000 150007 7.11115
205000 115000 150010 9.68401
205000 110000 150008 8.34703
210000 110000 150007 6.71456
205000 115000 150010 9.68401
210000 115000 150012 11.8873
200000 115000 150007 7.11115
205000 115000 150010 9.68401
200000 120000 150007 7.46505
205000 120000 150009 9.0715
205000 115000 150010 9.68401
210000 115000 150012 11.8873
205000 120000 150009 9.0715
210000 120000 150010 9.51162
210000 110000 150007 6.71456
215000 110000 150006 6.05001
210000 115000 150012 11.8873
215000 115000 150006 5.99901
215000 110000 150006 6.05001
220000 110000 150006 5.97605
215000 115000 150006 5.99901
220000 115000 150008 7.63127
210000 115000 150012 11.8873
215000 115000 150006 5.99901
210000 120000 150010 9.51162
215000 120000 150008 8.2651
215000 115000 150006 5.99901
220000 115000 150008 7.63127
215000 120000 150008 8.2651
220000 120000 150004 4.4324
220000 110000 150006 5.97605
225000 110000 150003 3.26493
220000 115000 150008 7.63127
225000 115000 150004 3.84518
225000 110000 150003 3.26493
230000 110000 150002 2.29746
225000 115000 150004 3.84518
230000 115000 150001 1.03203
220000 115000 150008 7.63127
225000 115000 150004 3.84518
220000 120000 150004 4.4324
225000 120000 150006 6.39619
225000 115000 150004 3.84518
230000 115000 150001 1.03203
225000 120000 150006 6.39619
230000 120000 150001 1.02663
230000 110000 150002 2.29746
235000 110000 150004 3.56622
230000 115000 150001 1.03203
235000 115000 150000 -0.261773
235000 110000 150004 3.56622
240000 110000 149999 -1.16991
235000 115000 150000 -0.261773
240000 115000 150004 3.83292
230000 115000 150001 1.03203
235000 115000 150000 -0.261773
230000 120000 150001 1.02663
235000 120000 150003 3.39984
235000 115000 150000 -0.261773
240000 115000 150004 3.83292
235000 120000 150003 3.39984
240000 120000 150002 2.33607
240000 110000 149999 -1.16991
245000 110000 150000 -0.170134
240000 115000 150004 3.83292
245000 115000 149999 -0.871157
245000 110000 150000 -0.170134
250000 110000 149998 -1.76058
245000 115000 149999 -0.871157
250000 115000 150000 -0.334814
240000 115000 150004 3.83292
245000 115000 149999 -0.871157
240000 120000 150002 2.33607
245000 120000 149999 -0.830831
245000 115000 149999 -0.871157
250000 115000 150000 -0.334814
245000 120000 149999 -0.830831
250000 120000 150001 1.38201
250000 110000 149998 -1.76058
255000 110000 149998 -2.25413
250000 115000 150000 -0.334814
255000 115000 149996 -3.73596
255000 110000 149998 -2.25413
260000 110000 149998 -1.63122
255000 115000 149996 -3.73596
260000 115000 149997 -3.13046
250000 115000 150000 -0.334814
255000 115000 149996 -3.73596
250000 120000 150001 1.38201
255000 120000 149996 -3.7258
255000 115000 149996 -3.73596
260000 115000 149997 -3.13046
255000 120000 149996 -3.7258
260000 120000 150000 -0.250445
260000 110000 149998 -1.63122
265000 110000 149998 -1.63119
260000 115000 149997 -3.13046
265000 115000 149995 -4.96406
265000 110000 149998 -1.63119
270000 110000 149995 -5.45389
265000 115000 149995 -4.96406
270000 115000 149998 -2.16413
260000 115000 149997 -3.13046
265000 115000 149995 -4.96406
260000 120000 150000 -0.250445
265000 120000 149994 -5.70772
265000 115000 149995 -4.96406
270000 115000 149998 -2.16413
265000 120000 149994 -5.70772
270000 120000 149995 -4.63481
270000 110000 149995 -5.45389
275000 110000 149995 -4.9786
270000 115000 149998 -2.16413
275000 115000 149996 -3.77394
275000 110000 149995 -4.9786
280000 110000 149996 -3.92732
275000 115000 149996 -3.77394
280000 115000 149996 -4.46663
270000 115000 149998 -2.16413
275000 115000 149996 -3.77394
270000 120000 149995 -4.63481
275000 120000 149995 -5.47646
275000 115000 149996 -3.77394
280000 115000 149996 -4.46663
275000 120000 149995 -5.47646
280000 120000 149997 -3.319
280000 110000 149996 -3.92732
285000 110000 149996 -4.31315
280000 115000 149996 -4.46663
285000 115000 149994 -6.22526
285000 110000 149996 -4.31315
290000 110000 149995 -4.61828
285000 115000 149994 -6.22526
290000 115000 149994 -5.60561
280000 115000 149996 -4.46663
285000 115000 149994 -6.22526
280000 120000 149997 -3.319
285000 120000 149994 -6.22527
285000 115000 149994 -6.22526
290000 115000 149994 -5.60561
285000 120000 149994 -6.22527
290000 120000 149994 -6.22528
290000 110000 149995 -4.61828
295000 110000 149995 -5.01883
290000 115000 149994 -5.60561
295000 115000 149994 -6.22527
295000 110000 149995 -5.01883
300000 110000 149996 -4.36962
295000 115000 149994 -6.22527
300000 115000 149997 -3.41229
290000 115000 149994 -5.60561
295000 115000 149994 -6.22527
290000 120000 149994 -6.22528
295000 120000 149994 -6.22527
295000 115000 149994 -6.22527
300000 115000 149997 -3.41229
295000 120000 149994 -6.22527
300000 120000 149996 -4.2404
