# x y z topography
0 0 149986 -14.1106
5000 0 149984 -15.7568
0 5000 149986 -14.0229
5000 5000 149990 -9.57471
5000 0 149984 -15.7568
10000 0 149990 -9.86954
5000 5000 149990 -9.57471
10000 5000 149988 -12.2609
0 5000 149986 -14.0229
5000 5000 149990 -9.57471
0 10000 149987 -13.0878
5000 10000 149991 -8.9662
5000 5000 149990 -9.57471
10000 5000 149988 -12.2609
5000 10000 149991 -8.9662
10000 10000 149988 -11.7079
10000 0 149990 -9.86954
15000 0 149987 -13.0806
10000 5000 149988 -12.2609
15000 5000 149991 -9.32798
15000 0 149987 -13.0806
20000 0 149991 -9.05955
15000 5000 149991 -9.32798
20000 5000 149989 -11.1816
10000 5000 149988 -12.2609
15000 5000 149991 -9.32798
10000 10000 149988 -11.7079
15000 10000 149987 -13.1846
15000 5000 149991 -9.32798
20000 5000 149989 -11.1816
15000 10000 149987 -13.1846
20000 10000 149991 -8.81369
20000 0 149991 -9.05955
25000 0 149991 -9.0722
20000 5000 149989 -11.1816
25000 5000 149988 -12.1345
25000 0 149991 -9.0722
30000 0 149988 -12.2462
25000 5000 149988 -12.1345
30000 5000 149991 -8.5388
20000 5000 149989 -11.1816
25000 5000 149988 -12.1345
20000 10000 149991 -8.81369
25000 10000 149990 -9.57206
25000 5000 149988 -12.1345
30000 5000 149991 -8.5388
25000 10000 149990 -9.57206
30000 10000 149991 -9.09606
30000 0 149988 -12.2462
35000 0 149993 -7.30775
30000 5000 149991 -8.5388
35000 5000 149988 -12.1196
35000 0 149993 -7.30775
40000 0 149988 -12.4124
35000 5000 149988 -12.1196
40000 5000 149988 -11.9453
30000 5000 149991 -8.5388
35000 5000 149988 -12.1196
30000 10000 149991 -9.09606
35000 10000 149988 -12.2144
35000 5000 149988 -12.1196
40000 5000 149988 -11.9453
35000 10000 149988 -12.2144
40000 10000 149989 -11.2855
40000 0 149988 -12.4124
45000 0 149989 -10.9108
40000 5000 149988 -11.9453
45000 5000 149989 -11.0754
45000 0 149989 -10.9108
50000 0 149991 -8.50208
45000 5000 149989 -11.0754
50000 5000 149989 -10.517
40000 5000 149988 -11.9453
45000 5000 149989 -11.0754
40000 10000 149989 -11.2855
45000 10000 149989 -11.2784
45000 5000 149989 -11.0754
50000 5000 149989 -10.517
45000 10000 149989 -11.2784
50000 10000 149990 -10.1046
50000 0 149991 -8.50208
55000 0 149991 -9.09719
50000 5000 149989 -10.517
55000 5000 149990 -9.79326
55000 0 149991 -9.09719
60000 0 149996 -3.80597
55000 5000 149990 -9.79326
60000 5000 149994 -6.21772
50000 5000 149989 -10.517
55000 5000 149990 -9.79326
50000 10000 149990 -10.1046
55000 10000 149992 -8.40396
55000 5000 149990 -9.79326
60000 5000 149994 -6.21772
55000 10000 149992 -8.40396
60000 10000 149992 -7.58234
60000 0 149996 -3.80597
65000 0 149992 -8.42155
60000 5000 149994 -6.21772
65000 5000 149998 -1.62258
65000 0 149992 -8.42155
70000 0 149998 -1.93248
65000 5000 149998 -1.62258
70000 5000 149997 -2.72871
60000 5000 149994 -6.21772
65000 5000 149998 -1.62258
60000 10000 149992 -7.58234
65000 10000 149993 -6.68841
65000 5000 149998 -1.62258
70000 5000 149997 -2.72871
65000 10000 149993 -6.68841
70000 10000 149994 -5.9131
70000 0 149998 -1.93248
75000 0 149993 -6.51032
70000 5000 149997 -2.72871
75000 5000 149998 -1.60792
75000 0 149993 -6.51032
80000 0 150002 1.79154
75000 5000 149998 -1.60792
80000 5000 150000 -0.238227
70000 5000 149997 -2.72871
75000 5000 149998 -1.60792
70000 10000 149994 -5.9131
75000 10000 149998 -1.69357
75000 5000 149998 -1.60792
80000 5000 150000 -0.238227
75000 10000 149998 -1.69357
80000 10000 149999 -0.712724
0 10000 149987 -13.0878
5000 10000 149991 -8.9662
0 15000 149987 -12.6059
5000 15000 149988 -12.2027
5000 10000 149991 -8.9662
10000 10000 149988 -11.7079
5000 15000 149988 -12.2027
10000 15000 149987 -12.9497
0 15000 149987 -12.6059
5000 15000 149988 -12.2027
0 20000 149990 -9.96119
5000 20000 149989 -10.7155
5000 15000 149988 -12.2027
10000 15000 149987 -12.9497
5000 20000 149989 -10.7155
10000 20000 149987 -12.6132
10000 10000 149988 -11.7079
15000 10000 149987 -13.1846
10000 15000 149987 -12.9497
15000 15000 149988 -12.3427
15000 10000 149987 -13.1846
20000 10000 149991 -8.81369
15000 15000 149988 -12.3427
20000 15000 149989 -11.2398
10000 15000 149987 -12.9497
15000 15000 149988 -12.3427
10000 20000 149987 -12.6132
15000 20000 149987 -13.256
15000 15000 149988 -12.3427
20000 15000 149989 -11.2398
15000 20000 149987 -13.256
20000 20000 149992 -8.33633
20000 10000 149991 -8.81369
25000 10000 149990 -9.57206
20000 15000 149989 -11.2398
25000 15000 149988 -11.8914
25000 10000 149990 -9.57206
30000 10000 149991 -9.09606
25000 15000 149988 -11.8914
30000 15000 149988 -12.117
20000 15000 149989 -11.2398
25000 15000 149988 -11.8914
20000 20000 149992 -8.33633
25000 20000 149988 -12.1678
25000 15000 149988 -11.8914
30000 15000 149988 -12.117
25000 20000 149988 -12.1678
30000 20000 149988 -11.6548
30000 10000 149991 -9.09606
35000 10000 149988 -12.2144
30000 15000 149988 -12.117
35000 15000 149993 -7.36067
35000 10000 149988 -12.2144
40000 10000 149989 -11.2855
35000 15000 149993 -7.36067
40000 15000 149990 -10.3287
30000 15000 149988 -12.117
35000 15000 149993 -7.36067
30000 20000 149988 -11.6548
35000 20000 149992 -8.31013
35000 15000 149993 -7.36067
40000 15000 149990 -10.3287
35000 20000 149992 -8.31013
40000 20000 149993 -7.43338
40000 10000 149989 -11.2855
45000 10000 149989 -11.2784
40000 15000 149990 -10.3287
45000 15000 149990 -9.95715
45000 10000 149989 -11.2784
50000 10000 149990 -10.1046
45000 15000 149990 -9.95715
50000 15000 149991 -9.44111
40000 15000 149990 -10.3287
45000 15000 149990 -9.95715
40000 20000 149993 -7.43338
45000 20000 149990 -9.93023
45000 15000 149990 -9.95715
50000 15000 149991 -9.44111
45000 20000 149990 -9.93023
50000 20000 149991 -9.45231
50000 10000 149990 -10.1046
55000 10000 149992 -8.40396
50000 15000 149991 -9.44111
55000 15000 149992 -8.16223
55000 10000 149992 -8.40396
60000 10000 149992 -7.58234
55000 15000 149992 -8.16223
60000 15000 149995 -5.06988
50000 15000 149991 -9.44111
55000 15000 149992 -8.16223
50000 20000 149991 -9.45231
55000 20000 149991 -9.0721
55000 15000 149992 -8.16223
60000 15000 149995 -5.06988
55000 20000 149991 -9.0721
60000 20000 149992 -8.30593
60000 10000 149992 -7.58234
65000 10000 149993 -6.68841
60000 15000 149995 -5.06988
65000 15000 149994 -5.80996
65000 10000 149993 -6.68841
70000 10000 149994 -5.9131
65000 15000 149994 -5.80996
70000 15000 149994 -5.92646
60000 15000 149995 -5.06988
65000 15000 149994 -5.80996
60000 20000 149992 -8.30593
65000 20000 149996 -4.22916
65000 15000 149994 -5.80996
70000 15000 149994 -5.92646
65000 20000 149996 -4.22916
70000 20000 149996 -3.7256
70000 10000 149994 -5.9131
75000 10000 149998 -1.69357
70000 15000 149994 -5.92646
75000 15000 150000 0.209241
75000 10000 149998 -1.69357
80000 10000 149999 -0.712724
75000 15000 150000 0.209241
80000 15000 149997 -2.75797
70000 15000 149994 -5.92646
75000 15000 150000 0.209241
70000 20000 149996 -3.7256
75000 20000 149999 -1.43045
75000 15000 150000 0.209241
80000 15000 149997 -2.75797
75000 20000 149999 -1.43045
80000 20000 149997 -3.06646
0 20000 149990 -9.96119
5000 20000 149989 -10.7155
0 25000 149987 -12.6509
5000 25000 149988 -12.4104
5000 20000 149989 -10.7155
10000 20000 149987 -12.6132
5000 25000 149988 -12.4104
10000 25000 149987 -12.8212
0 25000 149987 -12.6509
5000 25000 149988 -12.4104
0 30000 149986 -14.2164
5000 30000 149988 -11.8337
5000 25000 149988 -12.4104
10000 25000 149987 -12.8212
5000 30000 149988 -11.8337
10000 30000 149989 -11.4098
10000 20000 149987 -12.6132
15000 20000 149987 -13.256
10000 25000 149987 -12.8212
15000 25000 149990 -10.3477
15000 20000 149987 -13.256
20000 20000 149992 -8.33633
15000 25000 149990 -10.3477
20000 25000 149988 -12.1199
10000 25000 149987 -12.8212
15000 25000 149990 -10.3477
10000 30000 149989 -11.4098
15000 30000 149988 -12.3166
15000 25000 149990 -10.3477
20000 25000 149988 -12.1199
15000 30000 149988 -12.3166
20000 30000 149991 -9.38334
20000 20000 149992 -8.33633
25000 20000 149988 -12.1678
20000 25000 149988 -12.1199
25000 25000 149988 -12.1696
25000 20000 149988 -12.1678
30000 20000 149988 -11.6548
25000 25000 149988 -12.1696
30000 25000 149990 -9.98282
20000 25000 149988 -12.1199
25000 25000 149988 -12.1696
20000 30000 149991 -9.38334
25000 30000 149992 -8.01633
25000 25000 149988 -12.1696
30000 25000 149990 -9.98282
25000 30000 149992 -8.01633
30000 30000 149988 -12.0823
30000 20000 149988 -11.6548
35000 20000 149992 -8.31013
30000 25000 149990 -9.98282
35000 25000 149992 -8.23011
35000 20000 149992 -8.31013
40000 20000 149993 -7.43338
35000 25000 149992 -8.23011
40000 25000 149993 -6.89636
30000 25000 149990 -9.98282
35000 25000 149992 -8.23011
30000 30000 149988 -12.0823
35000 30000 149988 -12.1663
35000 25000 149992 -8.23011
40000 25000 149993 -6.89636
35000 30000 149988 -12.1663
40000 30000 149993 -7.23255
40000 20000 149993 -7.43338
45000 20000 149990 -9.93023
40000 25000 149993 -6.89636
45000 25000 149992 -7.65743
45000 20000 149990 -9.93023
50000 20000 149991 -9.45231
45000 25000 149992 -7.65743
50000 25000 149995 -5.28637
40000 25000 149993 -6.89636
45000 25000 149992 -7.65743
40000 30000 149993 -7.23255
45000 30000 149990 -10.1314
45000 25000 149992 -7.65743
50000 25000 149995 -5.28637
45000 30000 149990 -10.1314
50000 30000 149993 -7.16965
50000 20000 149991 -9.45231
55000 20000 149991 -9.0721
50000 25000 149995 -5.28637
55000 25000 149994 -5.65796
55000 20000 149991 -9.0721
60000 20000 149992 -8.30593
55000 25000 149994 -5.65796
60000 25000 149996 -3.73303
50000 25000 149995 -5.28637
55000 25000 149994 -5.65796
50000 30000 149993 -7.16965
55000 30000 149993 -6.74494
55000 25000 149994 -5.65796
60000 25000 149996 -3.73303
55000 30000 149993 -6.74494
60000 30000 149992 -8.36719
60000 20000 149992 -8.30593
65000 20000 149996 -4.22916
60000 25000 149996 -3.73303
65000 25000 149997 -3.2466
65000 20000 149996 -4.22916
70000 20000 149996 -3.7256
65000 25000 149997 -3.2466
70000 25000 149994 -6.36286
60000 25000 149996 -3.73303
65000 25000 149997 -3.2466
60000 30000 149992 -8.36719
65000 30000 149993 -7.03943
65000 25000 149997 -3.2466
70000 25000 149994 -6.36286
65000 30000 149993 -7.03943
70000 30000 149995 -4.90156
70000 20000 149996 -3.7256
75000 20000 149999 -1.43045
70000 25000 149994 -6.36286
75000 25000 149999 -0.934095
75000 20000 149999 -1.43045
80000 20000 149997 -3.06646
75000 25000 149999 -0.934095
80000 25000 150000 -0.0244741
70000 25000 149994 -6.36286
75000 25000 149999 -0.934095
70000 30000 149995 -4.90156
75000 30000 149996 -4.32305
75000 25000 149999 -0.934095
80000 25000 150000 -0.0244741
75000 30000 149996 -4.32305
80000 30000 149996 -3.89895
0 30000 149986 -14.2164
5000 30000 149988 -11.8337
0 35000 149989 -10.8137
5000 35000 149989 -10.7777
5000 30000 149988 -11.8337
10000 30000 149989 -11.4098
5000 35000 149989 -10.7777
10000 35000 149987 -12.6484
0 35000 149989 -10.8137
5000 35000 149989 -10.7777
0 40000 149990 -10.0255
5000 40000 149988 -12.364
5000 35000 149989 -10.7777
10000 35000 149987 -12.6484
5000 40000 149988 -12.364
10000 40000 149989 -10.9323
10000 30000 149989 -11.4098
15000 30000 149988 -12.3166
10000 35000 149987 -12.6484
15000 35000 149987 -13.3661
15000 30000 149988 -12.3166
20000 30000 149991 -9.38334
15000 35000 149987 -13.3661
20000 35000 149988 -12.4678
10000 35000 149987 -12.6484
15000 35000 149987 -13.3661
10000 40000 149989 -10.9323
15000 40000 149988 -12.1802
15000 35000 149987 -13.3661
20000 35000 149988 -12.4678
15000 40000 149988 -12.1802
20000 40000 149991 -8.77321
20000 30000 149991 -9.38334
25000 30000 149992 -8.01633
20000 35000 149988 -12.4678
25000 35000 149987 -12.565
25000 30000 149992 -8.01633
30000 30000 149988 -12.0823
25000 35000 149987 -12.565
30000 35000 149989 -10.7512
20000 35000 149988 -12.4678
25000 35000 149987 -12.565
20000 40000 149991 -8.77321
25000 40000 149987 -12.6887
25000 35000 149987 -12.565
30000 35000 149989 -10.7512
25000 40000 149987 -12.6887
30000 40000 149990 -9.5812
30000 30000 149988 -12.0823
35000 30000 149988 -12.1663
30000 35000 149989 -10.7512
35000 35000 149989 -11.1611
35000 30000 149988 -12.1663
40000 30000 149993 -7.23255
35000 35000 149989 -11.1611
40000 35000 149992 -8.0766
30000 35000 149989 -10.7512
35000 35000 149989 -11.1611
30000 40000 149990 -9.5812
35000 40000 149987 -12.9682
35000 35000 149989 -11.1611
40000 35000 149992 -8.0766
35000 40000 149987 -12.9682
40000 40000 149991 -9.04093
40000 30000 149993 -7.23255
45000 30000 149990 -10.1314
40000 35000 149992 -8.0766
45000 35000 149990 -10.1414
45000 30000 149990 -10.1314
50000 30000 149993 -7.16965
45000 35000 149990 -10.1414
50000 35000 149990 -9.72794
40000 35000 149992 -8.0766
45000 35000 149990 -10.1414
40000 40000 149991 -9.04093
45000 40000 149990 -10.3349
45000 35000 149990 -10.1414
50000 35000 149990 -9.72794
45000 40000 149990 -10.3349
50000 40000 149990 -10.2492
50000 30000 149993 -7.16965
55000 30000 149993 -6.74494
50000 35000 149990 -9.72794
55000 35000 149993 -6.98656
55000 30000 149993 -6.74494
60000 30000 149992 -8.36719
55000 35000 149993 -6.98656
60000 35000 149993 -7.17751
50000 35000 149990 -9.72794
55000 35000 149993 -6.98656
50000 40000 149990 -10.2492
55000 40000 149991 -9.08317
55000 35000 149993 -6.98656
60000 35000 149993 -7.17751
55000 40000 149991 -9.08317
60000 40000 149992 -7.65021
60000 30000 149992 -8.36719
65000 30000 149993 -7.03943
60000 35000 149993 -7.17751
65000 35000 149994 -5.93362
65000 30000 149993 -7.03943
70000 30000 149995 -4.90156
65000 35000 149994 -5.93362
70000 35000 149993 -7.1322
60000 35000 149993 -7.17751
65000 35000 149994 -5.93362
60000 40000 149992 -7.65021
65000 40000 149994 -6.02828
65000 35000 149994 -5.93362
70000 35000 149993 -7.1322
65000 40000 149994 -6.02828
70000 40000 149995 -4.80569
70000 30000 149995 -4.90156
75000 30000 149996 -4.32305
70000 35000 149993 -7.1322
75000 35000 149994 -5.61158
75000 30000 149996 -4.32305
80000 30000 149996 -3.89895
75000 35000 149994 -5.61158
80000 35000 149998 -1.94583
70000 35000 149993 -7.1322
75000 35000 149994 -5.61158
70000 40000 149995 -4.80569
75000 40000 149999 -0.911132
75000 35000 149994 -5.61158
80000 35000 149998 -1.94583
75000 40000 149999 -0.911132
80000 40000 149997 -3.23022
0 40000 149990 -10.0255
5000 40000 149988 -12.364
0 45000 149987 -12.5667
5000 45000 149987 -12.889
5000 40000 149988 -12.364
10000 40000 149989 -10.9323
5000 45000 149987 -12.889
10000 45000 149990 -9.77866
0 45000 149987 -12.5667
5000 45000 149987 -12.889
0 50000 149988 -12.346
5000 50000 149990 -10.4992
5000 45000 149987 -12.889
10000 45000 149990 -9.77866
5000 50000 149990 -10.4992
10000 50000 149987 -12.7095
10000 40000 149989 -10.9323
15000 40000 149988 -12.1802
10000 45000 149990 -9.77866
15000 45000 149990 -10.4342
15000 40000 149988 -12.1802
20000 40000 149991 -8.77321
15000 45000 149990 -10.4342
20000 45000 149987 -13.0179
10000 45000 149990 -9.77866
15000 45000 149990 -10.4342
10000 50000 149987 -12.7095
15000 50000 149991 -8.56425
15000 45000 149990 -10.4342
20000 45000 149987 -13.0179
15000 50000 149991 -8.56425
20000 50000 149987 -12.6067
20000 40000 149991 -8.77321
25000 40000 149987 -12.6887
20000 45000 149987 -13.0179
25000 45000 149990 -9.74628
25000 40000 149987 -12.6887
30000 40000 149990 -9.5812
25000 45000 149990 -9.74628
30000 45000 149989 -11.394
20000 45000 149987 -13.0179
25000 45000 149990 -9.74628
20000 50000 149987 -12.6067
25000 50000 149991 -9.19518
25000 45000 149990 -9.74628
30000 45000 149989 -11.394
25000 50000 149991 -9.19518
30000 50000 149991 -8.6524
30000 40000 149990 -9.5812
35000 40000 149987 -12.9682
30000 45000 149989 -11.394
35000 45000 149989 -10.6485
35000 40000 149987 -12.9682
40000 40000 149991 -9.04093
35000 45000 149989 -10.6485
40000 45000 149990 -10.0245
30000 45000 149989 -11.394
35000 45000 149989 -10.6485
30000 50000 149991 -8.6524
35000 50000 149993 -7.28558
35000 45000 149989 -10.6485
40000 45000 149990 -10.0245
35000 50000 149993 -7.28558
40000 50000 149989 -10.7293
40000 40000 149991 -9.04093
45000 40000 149990 -10.3349
40000 45000 149990 -10.0245
45000 45000 149993 -7.39125
45000 40000 149990 -10.3349
50000 40000 149990 -10.2492
45000 45000 149993 -7.39125
50000 45000 149990 -9.96523
40000 45000 149990 -10.0245
45000 45000 149993 -7.39125
40000 50000 149989 -10.7293
45000 50000 149994 -6.29442
45000 45000 149993 -7.39125
50000 45000 149990 -9.96523
45000 50000 149994 -6.29442
50000 50000 149991 -9.30717
50000 40000 149990 -10.2492
55000 40000 149991 -9.08317
50000 45000 149990 -9.96523
55000 45000 149995 -4.63801
55000 40000 149991 -9.08317
60000 40000 149992 -7.65021
55000 45000 149995 -4.63801
60000 45000 149991 -8.76821
50000 45000 149990 -9.96523
55000 45000 149995 -4.63801
50000 50000 149991 -9.30717
55000 50000 149994 -5.63831
55000 45000 149995 -4.63801
60000 45000 149991 -8.76821
55000 50000 149994 -5.63831
60000 50000 149996 -4.21247
60000 40000 149992 -7.65021
65000 40000 149994 -6.02828
60000 45000 149991 -8.76821
65000 45000 149996 -3.6406
65000 40000 149994 -6.02828
70000 40000 149995 -4.80569
65000 45000 149996 -3.6406
70000 45000 149997 -2.75927
60000 45000 149991 -8.76821
65000 45000 149996 -3.6406
60000 50000 149996 -4.21247
65000 50000 149994 -5.60178
65000 45000 149996 -3.6406
70000 45000 149997 -2.75927
65000 50000 149994 -5.60178
70000 50000 149996 -4.19244
70000 40000 149995 -4.80569
75000 40000 149999 -0.911132
70000 45000 149997 -2.75927
75000 45000 149996 -4.42806
75000 40000 149999 -0.911132
80000 40000 149997 -3.23022
75000 45000 149996 -4.42806
80000 45000 149996 -3.96989
70000 45000 149997 -2.75927
75000 45000 149996 -4.42806
70000 50000 149996 -4.19244
75000 50000 149995 -5.27147
75000 45000 149996 -4.42806
80000 45000 149996 -3.96989
75000 50000 149995 -5.27147
80000 50000 150000 0.151249
0 50000 149988 -12.346
5000 50000 149990 -10.4992
0 55000 149987 -12.5797
5000 55000 149989 -11.0868
5000 50000 149990 -10.4992
10000 50000 149987 -12.7095
5000 55000 149989 -11.0868
10000 55000 149988 -12.1008
0 55000 149987 -12.5797
5000 55000 149989 -11.0868
0 60000 149988 -12.0646
5000 60000 149991 -9.27145
5000 55000 149989 -11.0868
10000 55000 149988 -12.1008
5000 60000 149991 -9.27145
10000 60000 149992 -8.13067
10000 50000 149987 -12.7095
15000 50000 149991 -8.56425
10000 55000 149988 -12.1008
15000 55000 149988 -11.5007
15000 50000 149991 -8.56425
20000 50000 149987 -12.6067
15000 55000 149988 -11.5007
20000 55000 149988 -12.0306
10000 55000 149988 -12.1008
15000 55000 149988 -11.5007
10000 60000 149992 -8.13067
15000 60000 149987 -13.3349
15000 55000 149988 -11.5007
20000 55000 149988 -12.0306
15000 60000 149987 -13.3349
20000 60000 149992 -8.10159
20000 50000 149987 -12.6067
25000 50000 149991 -9.19518
20000 55000 149988 -12.0306
25000 55000 149989 -10.5324
25000 50000 149991 -9.19518
30000 50000 149991 -8.6524
25000 55000 149989 -10.5324
30000 55000 149990 -9.71821
20000 55000 149988 -12.0306
25000 55000 149989 -10.5324
20000 60000 149992 -8.10159
25000 60000 149990 -9.99002
25000 55000 149989 -10.5324
30000 55000 149990 -9.71821
25000 60000 149990 -9.99002
30000 60000 149989 -11.4926
30000 50000 149991 -8.6524
35000 50000 149993 -7.28558
30000 55000 149990 -9.71821
35000 55000 149992 -8.01397
35000 50000 149993 -7.28558
40000 50000 149989 -10.7293
35000 55000 149992 -8.01397
40000 55000 149994 -6.37325
30000 55000 149990 -9.71821
35000 55000 149992 -8.01397
30000 60000 149989 -11.4926
35000 60000 149988 -11.5007
35000 55000 149992 -8.01397
40000 55000 149994 -6.37325
35000 60000 149988 -11.5007
40000 60000 149990 -9.89509
40000 50000 149989 -10.7293
45000 50000 149994 -6.29442
40000 55000 149994 -6.37325
45000 55000 149993 -7.19624
45000 50000 149994 -6.29442
50000 50000 149991 -9.30717
45000 55000 149993 -7.19624
50000 55000 149993 -7.13376
40000 55000 149994 -6.37325
45000 55000 149993 -7.19624
40000 60000 149990 -9.89509
45000 60000 149992 -7.83669
45000 55000 149993 -7.19624
50000 55000 149993 -7.13376
45000 60000 149992 -7.83669
50000 60000 149990 -10.2463
50000 50000 149991 -9.30717
55000 50000 149994 -5.63831
50000 55000 149993 -7.13376
55000 55000 149994 -5.70097
55000 50000 149994 -5.63831
60000 50000 149996 -4.21247
55000 55000 149994 -5.70097
60000 55000 149995 -5.31646
50000 55000 149993 -7.13376
55000 55000 149994 -5.70097
50000 60000 149990 -10.2463
55000 60000 149991 -8.73436
55000 55000 149994 -5.70097
60000 55000 149995 -5.31646
55000 60000 149991 -8.73436
60000 60000 149991 -8.69558
60000 50000 149996 -4.21247
65000 50000 149994 -5.60178
60000 55000 149995 -5.31646
65000 55000 149997 -3.01885
65000 50000 149994 -5.60178
70000 50000 149996 -4.19244
65000 55000 149997 -3.01885
70000 55000 149993 -6.74212
60000 55000 149995 -5.31646
65000 55000 149997 -3.01885
60000 60000 149991 -8.69558
65000 60000 149992 -7.89523
65000 55000 149997 -3.01885
70000 55000 149993 -6.74212
65000 60000 149992 -7.89523
70000 60000 149995 -5.15316
70000 50000 149996 -4.19244
75000 50000 149995 -5.27147
70000 55000 149993 -6.74212
75000 55000 149996 -3.8991
75000 50000 149995 -5.27147
80000 50000 150000 0.151249
75000 55000 149996 -3.8991
80000 55000 149995 -5.07519
70000 55000 149993 -6.74212
75000 55000 149996 -3.8991
70000 60000 149995 -5.15316
75000 60000 149998 -2.42459
75000 55000 149996 -3.8991
80000 55000 149995 -5.07519
75000 60000 149998 -2.42459
80000 60000 150000 -0.216006
0 60000 149988 -12.0646
5000 60000 149991 -9.27145
0 65000 149988 -11.7626
5000 65000 149989 -11.4365
5000 60000 149991 -9.27145
10000 60000 149992 -8.13067
5000 65000 149989 -11.4365
10000 65000 149988 -11.9228
0 65000 149988 -11.7626
5000 65000 149989 -11.4365
0 70000 149991 -8.87341
5000 70000 149990 -10.0268
5000 65000 149989 -11.4365
10000 65000 149988 -11.9228
5000 70000 149990 -10.0268
10000 70000 149991 -9.40188
10000 60000 149992 -8.13067
15000 60000 149987 -13.3349
10000 65000 149988 -11.9228
15000 65000 149989 -11.0967
15000 60000 149987 -13.3349
20000 60000 149992 -8.10159
15000 65000 149989 -11.0967
20000 65000 149989 -10.8091
10000 65000 149988 -11.9228
15000 65000 149989 -11.0967
10000 70000 149991 -9.40188
15000 70000 149988 -12.106
15000 65000 149989 -11.0967
20000 65000 149989 -10.8091
15000 70000 149988 -12.106
20000 70000 149991 -8.7775
20000 60000 149992 -8.10159
25000 60000 149990 -9.99002
20000 65000 149989 -10.8091
25000 65000 149988 -11.8708
25000 60000 149990 -9.99002
30000 60000 149989 -11.4926
25000 65000 149988 -11.8708
30000 65000 149989 -11.1841
20000 65000 149989 -10.8091
25000 65000 149988 -11.8708
20000 70000 149991 -8.7775
25000 70000 149988 -11.8265
25000 65000 149988 -11.8708
30000 65000 149989 -11.1841
25000 70000 149988 -11.8265
30000 70000 149989 -11.3852
30000 60000 149989 -11.4926
35000 60000 149988 -11.5007
30000 65000 149989 -11.1841
35000 65000 149988 -11.5008
35000 60000 149988 -11.5007
40000 60000 149990 -9.89509
35000 65000 149988 -11.5008
40000 65000 149990 -9.54843
30000 65000 149989 -11.1841
35000 65000 149988 -11.5008
30000 70000 149989 -11.3852
35000 70000 149988 -11.5164
35000 65000 149988 -11.5008
40000 65000 149990 -9.54843
35000 70000 149988 -11.5164
40000 70000 149990 -9.81645
40000 60000 149990 -9.89509
45000 60000 149992 -7.83669
40000 65000 149990 -9.54843
45000 65000 149989 -10.7493
45000 60000 149992 -7.83669
50000 60000 149990 -10.2463
45000 65000 149989 -10.7493
50000 65000 149993 -7.3637
40000 65000 149990 -9.54843
45000 65000 149989 -10.7493
40000 70000 149990 -9.81645
45000 70000 149989 -10.6999
45000 65000 149989 -10.7493
50000 65000 149993 -7.3637
45000 70000 149989 -10.6999
50000 70000 149992 -7.56962
50000 60000 149990 -10.2463
55000 60000 149991 -8.73436
50000 65000 149993 -7.3637
55000 65000 149995 -4.76043
55000 60000 149991 -8.73436
60000 60000 149991 -8.69558
55000 65000 149995 -4.76043
60000 65000 149992 -8.40472
50000 65000 149993 -7.3637
55000 65000 149995 -4.76043
50000 70000 149992 -7.56962
55000 70000 149990 -10.0417
55000 65000 149995 -4.76043
60000 65000 149992 -8.40472
55000 70000 149990 -10.0417
60000 70000 149995 -5.22628
60000 60000 149991 -8.69558
65000 60000 149992 -7.89523
60000 65000 149992 -8.40472
65000 65000 149995 -5.47756
65000 60000 149992 -7.89523
70000 60000 149995 -5.15316
65000 65000 149995 -5.47756
70000 65000 149993 -6.78128
60000 65000 149992 -8.40472
65000 65000 149995 -5.47756
60000 70000 149995 -5.22628
65000 70000 149994 -6.24281
65000 65000 149995 -5.47756
70000 65000 149993 -6.78128
65000 70000 149994 -6.24281
70000 70000 149995 -5.19887
70000 60000 149995 -5.15316
75000 60000 149998 -2.42459
70000 65000 149993 -6.78128
75000 65000 149997 -2.51673
75000 60000 149998 -2.42459
80000 60000 150000 -0.216006
75000 65000 149997 -2.51673
80000 65000 149997 -2.77739
70000 65000 149993 -6.78128
75000 65000 149997 -2.51673
70000 70000 149995 -5.19887
75000 70000 149997 -2.62032
75000 65000 149997 -2.51673
80000 65000 149997 -2.77739
75000 70000 149997 -2.62032
80000 70000 150000 -0.200987
0 70000 149991 -8.87341
5000 70000 149990 -10.0268
0 75000 149988 -12.1208
5000 75000 149988 -11.8701
5000 70000 149990 -10.0268
10000 70000 149991 -9.40188
5000 75000 149988 -11.8701
10000 75000 149988 -12.1208
0 75000 149988 -12.1208
5000 75000 149988 -11.8701
0 80000 149991 -8.9676
5000 80000 149991 -8.92226
5000 75000 149988 -11.8701
10000 75000 149988 -12.1208
5000 80000 149991 -8.92226
10000 80000 149988 -12.1208
10000 70000 149991 -9.40188
15000 70000 149988 -12.106
10000 75000 149988 -12.1208
15000 75000 149989 -11.3707
15000 70000 149988 -12.106
20000 70000 149991 -8.7775
15000 75000 149989 -11.3707
20000 75000 149988 -12.0033
10000 75000 149988 -12.1208
15000 75000 149989 -11.3707
10000 80000 149988 -12.1208
15000 80000 149988 -12.0793
15000 75000 149989 -11.3707
20000 75000 149988 -12.0033
15000 80000 149988 -12.0793
20000 80000 149990 -9.55954
20000 70000 149991 -8.7775
25000 70000 149988 -11.8265
20000 75000 149988 -12.0033
25000 75000 149988 -11.7718
25000 70000 149988 -11.8265
30000 70000 149989 -11.3852
25000 75000 149988 -11.7718
30000 75000 149988 -11.6599
20000 75000 149988 -12.0033
25000 75000 149988 -11.7718
20000 80000 149990 -9.55954
25000 80000 149989 -11.3105
25000 75000 149988 -11.7718
30000 75000 149988 -11.6599
25000 80000 149989 -11.3105
30000 80000 149990 -9.84847
30000 70000 149989 -11.3852
35000 70000 149988 -11.5164
30000 75000 149988 -11.6599
35000 75000 149990 -9.95672
35000 70000 149988 -11.5164
40000 70000 149990 -9.81645
35000 75000 149990 -9.95672
40000 75000 149989 -10.6999
30000 75000 149988 -11.6599
35000 75000 149990 -9.95672
30000 80000 149990 -9.84847
35000 80000 149990 -10.4295
35000 75000 149990 -9.95672
40000 75000 149989 -10.6999
35000 80000 149990 -10.4295
40000 80000 149991 -8.91279
40000 70000 149990 -9.81645
45000 70000 149989 -10.6999
40000 75000 149989 -10.6999
45000 75000 149989 -10.6999
45000 70000 149989 -10.6999
50000 70000 149992 -7.56962
45000 75000 149989 -10.6999
50000 75000 149990 -10.1239
40000 75000 149989 -10.6999
45000 75000 149989 -10.6999
40000 80000 149991 -8.91279
45000 80000 149992 -7.90694
45000 75000 149989 -10.6999
50000 75000 149990 -10.1239
45000 80000 149992 -7.90694
50000 80000 149990 -9.99687
50000 70000 149992 -7.56962
55000 70000 149990 -10.0417
50000 75000 149990 -10.1239
55000 75000 149992 -8.06807
55000 70000 149990 -10.0417
60000 70000 149995 -5.22628
55000 75000 149992 -8.06807
60000 75000 149993 -6.70948
50000 75000 149990 -10.1239
55000 75000 149992 -8.06807
50000 80000 149990 -9.99687
55000 80000 149995 -5.28324
55000 75000 149992 -8.06807
60000 75000 149993 -6.70948
55000 80000 149995 -5.28324
60000 80000 149993 -6.96114
60000 70000 149995 -5.22628
65000 70000 149994 -6.24281
60000 75000 149993 -6.70948
65000 75000 149993 -7.11779
65000 70000 149994 -6.24281
70000 70000 149995 -5.19887
65000 75000 149993 -7.11779
70000 75000 149998 -2.49276
60000 75000 149993 -6.70948
65000 75000 149993 -7.11779
60000 80000 149993 -6.96114
65000 80000 149991 -9.38817
65000 75000 149993 -7.11779
70000 75000 149998 -2.49276
65000 80000 149991 -9.38817
70000 80000 149994 -6.05004
70000 70000 149995 -5.19887
75000 70000 149997 -2.62032
70000 75000 149998 -2.49276
75000 75000 149997 -3.22195
75000 70000 149997 -2.62032
80000 70000 150000 -0.200987
75000 75000 149997 -3.22195
80000 75000 149998 -2.08338
70000 75000 149998 -2.49276
75000 75000 149997 -3.22195
70000 80000 149994 -6.05004
75000 80000 149993 -6.62831
75000 75000 149997 -3.22195
80000 75000 149998 -2.08338
75000 80000 149993 -6.62831
80000 80000 150000 -0.0785198
80000 0 150002 1.79154
85000 0 150001 0.757052
80000 5000 150000 -0.238227
85000 5000 150000 -0.397158
85000 0 150001 0.757052
90000 0 149999 -1.14883
85000 5000 150000 -0.397158
90000 5000 150001 1.15026
80000 5000 150000 -0.238227
85000 5000 150000 -0.397158
80000 10000 149999 -0.712724
85000 10000 150001 0.558819
85000 5000 150000 -0.397158
90000 5000 150001 1.15026
85000 10000 150001 0.558819
90000 10000 150001 1.45084
90000 0 149999 -1.14883
95000 0 149998 -2.13596
90000 5000 150001 1.15026
95000 5000 150001 1.34481
95000 0 149998 -2.13596
100000 0 149999 -0.708341
95000 5000 150001 1.34481
100000 5000 150002 2.06599
90000 5000 150001 1.15026
95000 5000 150001 1.34481
90000 10000 150001 1.45084
95000 10000 150004 4.4495
95000 5000 150001 1.34481
100000 5000 150002 2.06599
95000 10000 150004 4.4495
100000 10000 150002 1.68147
100000 0 149999 -0.708341
105000 0 150004 4.07731
100000 5000 150002 2.06599
105000 5000 150001 0.519654
105000 0 150004 4.07731
110000 0 150004 4.4339
105000 5000 150001 0.519654
110000 5000 150004 4.43206
100000 5000 150002 2.06599
105000 5000 150001 0.519654
100000 10000 150002 1.68147
105000 10000 150002 1.60819
105000 5000 150001 0.519654
110000 5000 150004 4.43206
105000 10000 150002 1.60819
110000 10000 150000 0.126772
110000 0 150004 4.4339
115000 0 149998 -1.93577
110000 5000 150004 4.43206
115000 5000 149998 -1.67139
115000 0 149998 -1.93577
120000 0 149999 -0.736884
115000 5000 149998 -1.67139
120000 5000 149998 -1.76334
110000 5000 150004 4.43206
115000 5000 149998 -1.67139
110000 10000 150000 0.126772
115000 10000 150001 0.815906
115000 5000 149998 -1.67139
120000 5000 149998 -1.76334
115000 10000 150001 0.815906
120000 10000 149996 -3.51362
120000 0 149999 -0.736884
125000 0 149995 -5.46721
120000 5000 149998 -1.76334
125000 5000 149994 -5.62219
125000 0 149995 -5.46721
130000 0 150001 0.877859
125000 5000 149994 -5.62219
130000 5000 149998 -2.44882
120000 5000 149998 -1.76334
125000 5000 149994 -5.62219
120000 10000 149996 -3.51362
125000 10000 149996 -4.18257
125000 5000 149994 -5.62219
130000 5000 149998 -2.44882
125000 10000 149996 -4.18257
130000 10000 149997 -3.21666
130000 0 150001 0.877859
135000 0 149997 -2.83619
130000 5000 149998 -2.44882
135000 5000 149996 -3.6799
135000 0 149997 -2.83619
140000 0 149999 -0.863018
135000 5000 149996 -3.6799
140000 5000 150005 4.52188
130000 5000 149998 -2.44882
135000 5000 149996 -3.6799
130000 10000 149997 -3.21666
135000 10000 149999 -0.88936
135000 5000 149996 -3.6799
140000 5000 150005 4.52188
135000 10000 149999 -0.88936
140000 10000 150003 3.40356
140000 0 149999 -0.863018
145000 0 150006 6.18258
140000 5000 150005 4.52188
145000 5000 150001 0.599187
145000 0 150006 6.18258
150000 0 150001 1.47786
145000 5000 150001 0.599187
150000 5000 150005 4.76988
140000 5000 150005 4.52188
145000 5000 150001 0.599187
140000 10000 150003 3.40356
145000 10000 150005 4.63575
145000 5000 150001 0.599187
150000 5000 150005 4.76988
145000 10000 150005 4.63575
150000 10000 150006 6.36467
150000 0 150001 1.47786
155000 0 150003 3.05092
150000 5000 150005 4.76988
155000 5000 150004 4.26894
155000 0 150003 3.05092
160000 0 150006 5.58084
155000 5000 150004 4.26894
160000 5000 150009 9.0229
150000 5000 150005 4.76988
155000 5000 150004 4.26894
150000 10000 150006 6.36467
155000 10000 150004 3.62229
155000 5000 150004 4.26894
160000 5000 150009 9.0229
155000 10000 150004 3.62229
160000 10000 150008 8.31718
80000 10000 149999 -0.712724
85000 10000 150001 0.558819
80000 15000 149997 -2.75797
85000 15000 149998 -1.80239
85000 10000 150001 0.558819
90000 10000 150001 1.45084
85000 15000 149998 -1.80239
90000 15000 149999 -1.48919
80000 15000 149997 -2.75797
85000 15000 149998 -1.80239
80000 20000 149997 -3.06646
85000 20000 150003 2.90971
85000 15000 149998 -1.80239
90000 15000 149999 -1.48919
85000 20000 150003 2.90971
90000 20000 150001 1.01552
90000 10000 150001 1.45084
95000 10000 150004 4.4495
90000 15000 149999 -1.48919
95000 15000 150004 3.90677
95000 10000 150004 4.4495
100000 10000 150002 1.68147
95000 15000 150004 3.90677
100000 15000 150004 4.00339
90000 15000 149999 -1.48919
95000 15000 150004 3.90677
90000 20000 150001 1.01552
95000 20000 150000 0.301788
95000 15000 150004 3.90677
100000 15000 150004 4.00339
95000 20000 150000 0.301788
100000 20000 149999 -0.510169
100000 10000 150002 1.68147
105000 10000 150002 1.60819
100000 15000 150004 4.00339
105000 15000 150005 5.0046
105000 10000 150002 1.60819
110000 10000 150000 0.126772
105000 15000 150005 5.0046
110000 15000 150002 2.41302
100000 15000 150004 4.00339
105000 15000 150005 5.0046
100000 20000 149999 -0.510169
105000 20000 150003 2.50629
105000 15000 150005 5.0046
110000 15000 150002 2.41302
105000 20000 150003 2.50629
110000 20000 150005 4.60235
110000 10000 150000 0.126772
115000 10000 150001 0.815906
110000 15000 150002 2.41302
115000 15000 150004 4.46323
115000 10000 150001 0.815906
120000 10000 149996 -3.51362
115000 15000 150004 4.46323
120000 15000 149998 -1.9168
110000 15000 150002 2.41302
115000 15000 150004 4.46323
110000 20000 150005 4.60235
115000 20000 150000 -0.235955
115000 15000 150004 4.46323
120000 15000 149998 -1.9168
115000 20000 150000 -0.235955
120000 20000 149997 -2.75722
120000 10000 149996 -3.51362
125000 10000 149996 -4.18257
120000 15000 149998 -1.9168
125000 15000 149990 -9.83984
125000 10000 149996 -4.18257
130000 10000 149997 -3.21666
125000 15000 149990 -9.83984
130000 15000 149995 -5.09571
120000 15000 149998 -1.9168
125000 15000 149990 -9.83984
120000 20000 149997 -2.75722
125000 20000 149988 -11.6226
125000 15000 149990 -9.83984
130000 15000 149995 -5.09571
125000 20000 149988 -11.6226
130000 20000 149986 -13.611
130000 10000 149997 -3.21666
135000 10000 149999 -0.88936
130000 15000 149995 -5.09571
135000 15000 149994 -6.12973
135000 10000 149999 -0.88936
140000 10000 150003 3.40356
135000 15000 149994 -6.12973
140000 15000 150000 0.371767
130000 15000 149995 -5.09571
135000 15000 149994 -6.12973
130000 20000 149986 -13.611
135000 20000 149996 -4.04095
135000 15000 149994 -6.12973
140000 15000 150000 0.371767
135000 20000 149996 -4.04095
140000 20000 150000 -0.35309
140000 10000 150003 3.40356
145000 10000 150005 4.63575
140000 15000 150000 0.371767
145000 15000 150005 4.52702
145000 10000 150005 4.63575
150000 10000 150006 6.36467
145000 15000 150005 4.52702
150000 15000 150003 3.33047
140000 15000 150000 0.371767
145000 15000 150005 4.52702
140000 20000 150000 -0.35309
145000 20000 150003 3.25557
145000 15000 150005 4.52702
150000 15000 150003 3.33047
145000 20000 150003 3.25557
150000 20000 150003 3.35308
150000 10000 150006 6.36467
155000 10000 150004 3.62229
150000 15000 150003 3.33047
155000 15000 150007 7.22599
155000 10000 150004 3.62229
160000 10000 150008 8.31718
155000 15000 150007 7.22599
160000 15000 150010 9.55828
150000 15000 150003 3.33047
155000 15000 150007 7.22599
150000 20000 150003 3.35308
155000 20000 150007 6.56383
155000 15000 150007 7.22599
160000 15000 150010 9.55828
155000 20000 150007 6.56383
160000 20000 150008 8.01814
80000 20000 149997 -3.06646
85000 20000 150003 2.90971
80000 25000 150000 -0.0244741
85000 25000 150002 1.70838
85000 20000 150003 2.90971
90000 20000 150001 1.01552
85000 25000 150002 1.70838
90000 25000 149998 -1.66457
80000 25000 150000 -0.0244741
85000 25000 150002 1.70838
80000 30000 149996 -3.89895
85000 30000 149998 -2.04261
85000 25000 150002 1.70838
90000 25000 149998 -1.66457
85000 30000 149998 -2.04261
90000 30000 149999 -0.610331
90000 20000 150001 1.01552
95000 20000 150000 0.301788
90000 25000 149998 -1.66457
95000 25000 150002 2.31759
95000 20000 150000 0.301788
100000 20000 149999 -0.510169
95000 25000 150002 2.31759
100000 25000 150006 5.91477
90000 25000 149998 -1.66457
95000 25000 150002 2.31759
90000 30000 149999 -0.610331
95000 30000 149999 -0.715729
95000 25000 150002 2.31759
100000 25000 150006 5.91477
95000 30000 149999 -0.715729
100000 30000 150002 2.15413
100000 20000 149999 -0.510169
105000 20000 150003 2.50629
100000 25000 150006 5.91477
105000 25000 150006 5.86401
105000 20000 150003 2.50629
110000 20000 150005 4.60235
105000 25000 150006 5.86401
110000 25000 150005 5.35529
100000 25000 150006 5.91477
105000 25000 150006 5.86401
100000 30000 150002 2.15413
105000 30000 150001 0.972541
105000 25000 150006 5.86401
110000 25000 150005 5.35529
105000 30000 150001 0.972541
110000 30000 150001 1.31636
110000 20000 150005 4.60235
115000 20000 150000 -0.235955
110000 25000 150005 5.35529
115000 25000 150007 6.69514
115000 20000 150000 -0.235955
120000 20000 149997 -2.75722
115000 25000 150007 6.69514
120000 25000 150002 2.23351
110000 25000 150005 5.35529
115000 25000 150007 6.69514
110000 30000 150001 1.31636
115000 30000 150006 6.05484
115000 25000 150007 6.69514
120000 25000 150002 2.23351
115000 30000 150006 6.05484
120000 30000 150004 3.5753
120000 20000 149997 -2.75722
125000 20000 149988 -11.6226
120000 25000 150002 2.23351
125000 25000 149992 -7.60326
125000 20000 149988 -11.6226
130000 20000 149986 -13.611
125000 25000 149992 -7.60326
130000 25000 149987 -13.3977
120000 25000 150002 2.23351
125000 25000 149992 -7.60326
120000 30000 150004 3.5753
125000 30000 149997 -2.77928
125000 25000 149992 -7.60326
130000 25000 149987 -13.3977
125000 30000 149997 -2.77928
130000 30000 149991 -9.44011
130000 20000 149986 -13.611
135000 20000 149996 -4.04095
130000 25000 149987 -13.3977
135000 25000 149993 -7.38629
135000 20000 149996 -4.04095
140000 20000 150000 -0.35309
135000 25000 149993 -7.38629
140000 25000 149997 -2.64994
130000 25000 149987 -13.3977
135000 25000 149993 -7.38629
130000 30000 149991 -9.44011
135000 30000 149986 -14.4949
135000 25000 149993 -7.38629
140000 25000 149997 -2.64994
135000 30000 149986 -14.4949
140000 30000 149994 -5.61078
140000 20000 150000 -0.35309
145000 20000 150003 3.25557
140000 25000 149997 -2.64994
145000 25000 150003 3.49658
145000 20000 150003 3.25557
150000 20000 150003 3.35308
145000 25000 150003 3.49658
150000 25000 150004 4.29849
140000 25000 149997 -2.64994
145000 25000 150003 3.49658
140000 30000 149994 -5.61078
145000 30000 150003 3.32344
145000 25000 150003 3.49658
150000 25000 150004 4.29849
145000 30000 150003 3.32344
150000 30000 150005 4.76264
150000 20000 150003 3.35308
155000 20000 150007 6.56383
150000 25000 150004 4.29849
155000 25000 150004 4.24641
155000 20000 150007 6.56383
160000 20000 150008 8.01814
155000 25000 150004 4.24641
160000 25000 150005 4.79884
150000 25000 150004 4.29849
155000 25000 150004 4.24641
150000 30000 150005 4.76264
155000 30000 150006 6.06153
155000 25000 150004 4.24641
160000 25000 150005 4.79884
155000 30000 150006 6.06153
160000 30000 150006 5.82251
80000 30000 149996 -3.89895
85000 30000 149998 -2.04261
80000 35000 149998 -1.94583
85000 35000 150000 -0.372808
85000 30000 149998 -2.04261
90000 30000 149999 -0.610331
85000 35000 150000 -0.372808
90000 35000 149998 -2.19102
80000 35000 149998 -1.94583
85000 35000 150000 -0.372808
80000 40000 149997 -3.23022
85000 40000 150000 0.307725
85000 35000 150000 -0.372808
90000 35000 149998 -2.19102
85000 40000 150000 0.307725
90000 40000 150003 3.4652
90000 30000 149999 -0.610331
95000 30000 149999 -0.715729
90000 35000 149998 -2.19102
95000 35000 150001 0.783918
95000 30000 149999 -0.715729
100000 30000 150002 2.15413
95000 35000 150001 0.783918
100000 35000 150002 1.69664
90000 35000 149998 -2.19102
95000 35000 150001 0.783918
90000 40000 150003 3.4652
95000 40000 150005 4.92418
95000 35000 150001 0.783918
100000 35000 150002 1.69664
95000 40000 150005 4.92418
100000 40000 150005 5.07769
100000 30000 150002 2.15413
105000 30000 150001 0.972541
100000 35000 150002 1.69664
105000 35000 150002 1.67872
105000 30000 150001 0.972541
110000 30000 150001 1.31636
105000 35000 150002 1.67872
110000 35000 150002 2.42048
100000 35000 150002 1.69664
105000 35000 150002 1.67872
100000 40000 150005 5.07769
105000 40000 150003 2.59152
105000 35000 150002 1.67872
110000 35000 150002 2.42048
105000 40000 150003 2.59152
110000 40000 150002 1.74846
110000 30000 150001 1.31636
115000 30000 150006 6.05484
110000 35000 150002 2.42048
115000 35000 150004 3.74144
115000 30000 150006 6.05484
120000 30000 150004 3.5753
115000 35000 150004 3.74144
120000 35000 150003 2.84141
110000 35000 150002 2.42048
115000 35000 150004 3.74144
110000 40000 150002 1.74846
115000 40000 150008 7.70598
115000 35000 150004 3.74144
120000 35000 150003 2.84141
115000 40000 150008 7.70598
120000 40000 150005 4.77713
120000 30000 150004 3.5753
125000 30000 149997 -2.77928
120000 35000 150003 2.84141
125000 35000 150004 4.39209
125000 30000 149997 -2.77928
130000 30000 149991 -9.44011
125000 35000 150004 4.39209
130000 35000 149990 -9.50608
120000 35000 150003 2.84141
125000 35000 150004 4.39209
120000 40000 150005 4.77713
125000 40000 150000 0.338103
125000 35000 150004 4.39209
130000 35000 149990 -9.50608
125000 40000 150000 0.338103
130000 40000 149997 -3.23215
130000 30000 149991 -9.44011
135000 30000 149986 -14.4949
130000 35000 149990 -9.50608
135000 35000 149984 -15.972
135000 30000 149986 -14.4949
140000 30000 149994 -5.61078
135000 35000 149984 -15.972
140000 35000 149991 -8.57122
130000 35000 149990 -9.50608
135000 35000 149984 -15.972
130000 40000 149997 -3.23215
135000 40000 149988 -12.196
135000 35000 149984 -15.972
140000 35000 149991 -8.57122
135000 40000 149988 -12.196
140000 40000 149988 -11.6527
140000 30000 149994 -5.61078
145000 30000 150003 3.32344
140000 35000 149991 -8.57122
145000 35000 150000 0.427029
145000 30000 150003 3.32344
150000 30000 150005 4.76264
145000 35000 150000 0.427029
150000 35000 150001 0.595915
140000 35000 149991 -8.57122
145000 35000 150000 0.427029
140000 40000 149988 -11.6527
145000 40000 149995 -4.79839
145000 35000 150000 0.427029
150000 35000 150001 0.595915
145000 40000 149995 -4.79839
150000 40000 150002 1.52505
150000 30000 150005 4.76264
155000 30000 150006 6.06153
150000 35000 150001 0.595915
155000 35000 150006 5.76548
155000 30000 150006 6.06153
160000 30000 150006 5.82251
155000 35000 150006 5.76548
160000 35000 150007 7.24571
150000 35000 150001 0.595915
155000 35000 150006 5.76548
150000 40000 150002 1.52505
155000 40000 150009 9.26233
155000 35000 150006 5.76548
160000 35000 150007 7.24571
155000 40000 150009 9.26233
160000 40000 150004 4.34738
80000 40000 149997 -3.23022
85000 40000 150000 0.307725
80000 45000 149996 -3.96989
85000 45000 149998 -2.42789
85000 40000 150000 0.307725
90000 40000 150003 3.4652
85000 45000 149998 -2.42789
90000 45000 150004 4.26205
80000 45000 149996 -3.96989
85000 45000 149998 -2.42789
80000 50000 150000 0.151249
85000 50000 149998 -1.81093
85000 45000 149998 -2.42789
90000 45000 150004 4.26205
85000 50000 149998 -1.81093
90000 50000 149999 -0.837375
90000 40000 150003 3.4652
95000 40000 150005 4.92418
90000 45000 150004 4.26205
95000 45000 150000 0.214483
95000 40000 150005 4.92418
100000 40000 150005 5.07769
95000 45000 150000 0.214483
100000 45000 150001 0.969931
90000 45000 150004 4.26205
95000 45000 150000 0.214483
90000 50000 149999 -0.837375
95000 50000 150004 4.30602
95000 45000 150000 0.214483
100000 45000 150001 0.969931
95000 50000 150004 4.30602
100000 50000 150002 2.18021
100000 40000 150005 5.07769
105000 40000 150003 2.59152
100000 45000 150001 0.969931
105000 45000 150004 3.56506
105000 40000 150003 2.59152
110000 40000 150002 1.74846
105000 45000 150004 3.56506
110000 45000 150005 4.60619
100000 45000 150001 0.969931
105000 45000 150004 3.56506
100000 50000 150002 2.18021
105000 50000 150001 1.21773
105000 45000 150004 3.56506
110000 45000 150005 4.60619
105000 50000 150001 1.21773
110000 50000 150007 6.93284
110000 40000 150002 1.74846
115000 40000 150008 7.70598
110000 45000 150005 4.60619
115000 45000 150002 2.13915
115000 40000 150008 7.70598
120000 40000 150005 4.77713
115000 45000 150002 2.13915
120000 45000 150006 5.70394
110000 45000 150005 4.60619
115000 45000 150002 2.13915
110000 50000 150007 6.93284
115000 50000 150006 5.9573
115000 45000 150002 2.13915
120000 45000 150006 5.70394
115000 50000 150006 5.9573
120000 50000 150002 2.37074
120000 40000 150005 4.77713
125000 40000 150000 0.338103
120000 45000 150006 5.70394
125000 45000 150002 2.18174
125000 40000 150000 0.338103
130000 40000 149997 -3.23215
125000 45000 150002 2.18174
130000 45000 150000 0.436965
120000 45000 150006 5.70394
125000 45000 150002 2.18174
120000 50000 150002 2.37074
125000 50000 150003 3.14431
125000 45000 150002 2.18174
130000 45000 150000 0.436965
125000 50000 150003 3.14431
130000 50000 150003 2.77599
130000 40000 149997 -3.23215
135000 40000 149988 -12.196
130000 45000 150000 0.436965
135000 45000 149996 -4.29718
135000 40000 149988 -12.196
140000 40000 149988 -11.6527
135000 45000 149996 -4.29718
140000 45000 149987 -13.4036
130000 45000 150000 0.436965
135000 45000 149996 -4.29718
130000 50000 150003 2.77599
135000 50000 150000 -0.248645
135000 45000 149996 -4.29718
140000 45000 149987 -13.4036
135000 50000 150000 -0.248645
140000 50000 149987 -13.192
140000 40000 149988 -11.6527
145000 40000 149995 -4.79839
140000 45000 149987 -13.4036
145000 45000 149987 -13.4944
145000 40000 149995 -4.79839
150000 40000 150002 1.52505
145000 45000 149987 -13.4944
150000 45000 149996 -4.41665
140000 45000 149987 -13.4036
145000 45000 149987 -13.4944
140000 50000 149987 -13.192
145000 50000 149989 -11.0631
145000 45000 149987 -13.4944
150000 45000 149996 -4.41665
145000 50000 149989 -11.0631
150000 50000 149992 -8.43038
150000 40000 150002 1.52505
155000 40000 150009 9.26233
150000 45000 149996 -4.41665
155000 45000 150004 3.9306
155000 40000 150009 9.26233
160000 40000 150004 4.34738
155000 45000 150004 3.9306
160000 45000 150007 7.26991
150000 45000 149996 -4.41665
155000 45000 150004 3.9306
150000 50000 149992 -8.43038
155000 50000 150006 5.55582
155000 45000 150004 3.9306
160000 45000 150007 7.26991
155000 50000 150006 5.55582
160000 50000 150004 4.24836
80000 50000 150000 0.151249
85000 50000 149998 -1.81093
80000 55000 149995 -5.07519
85000 55000 149996 -3.99936
85000 50000 149998 -1.81093
90000 50000 149999 -0.837375
85000 55000 149996 -3.99936
90000 55000 149999 -0.895738
80000 55000 149995 -5.07519
85000 55000 149996 -3.99936
80000 60000 150000 -0.216006
85000 60000 150001 0.614167
85000 55000 149996 -3.99936
90000 55000 149999 -0.895738
85000 60000 150001 0.614167
90000 60000 149999 -1.10874
90000 50000 149999 -0.837375
95000 50000 150004 4.30602
90000 55000 149999 -0.895738
95000 55000 150001 0.688775
95000 50000 150004 4.30602
100000 50000 150002 2.18021
95000 55000 150001 0.688775
100000 55000 150001 0.551161
90000 55000 149999 -0.895738
95000 55000 150001 0.688775
90000 60000 149999 -1.10874
95000 60000 149999 -0.646235
95000 55000 150001 0.688775
100000 55000 150001 0.551161
95000 60000 149999 -0.646235
100000 60000 150002 1.53327
100000 50000 150002 2.18021
105000 50000 150001 1.21773
100000 55000 150001 0.551161
105000 55000 150006 5.68144
105000 50000 150001 1.21773
110000 50000 150007 6.93284
105000 55000 150006 5.68144
110000 55000 150007 7.41671
100000 55000 150001 0.551161
105000 55000 150006 5.68144
100000 60000 150002 1.53327
105000 60000 150002 1.69413
105000 55000 150006 5.68144
110000 55000 150007 7.41671
105000 60000 150002 1.69413
110000 60000 150002 2.28776
110000 50000 150007 6.93284
115000 50000 150006 5.9573
110000 55000 150007 7.41671
115000 55000 150005 4.8228
115000 50000 150006 5.9573
120000 50000 150002 2.37074
115000 55000 150005 4.8228
120000 55000 150005 5.32847
110000 55000 150007 7.41671
115000 55000 150005 4.8228
110000 60000 150002 2.28776
115000 60000 150007 7.26526
115000 55000 150005 4.8228
120000 55000 150005 5.32847
115000 60000 150007 7.26526
120000 60000 150003 2.56866
120000 50000 150002 2.37074
125000 50000 150003 3.14431
120000 55000 150005 5.32847
125000 55000 150007 7.27276
125000 50000 150003 3.14431
130000 50000 150003 2.77599
125000 55000 150007 7.27276
130000 55000 150006 5.71738
120000 55000 150005 5.32847
125000 55000 150007 7.27276
120000 60000 150003 2.56866
125000 60000 150007 7.06998
125000 55000 150007 7.27276
130000 55000 150006 5.71738
125000 60000 150007 7.06998
130000 60000 150005 4.96015
130000 50000 150003 2.77599
135000 50000 150000 -0.248645
130000 55000 150006 5.71738
135000 55000 150004 4.36508
135000 50000 150000 -0.248645
140000 50000 149987 -13.192
135000 55000 150004 4.36508
140000 55000 149996 -4.02293
130000 55000 150006 5.71738
135000 55000 150004 4.36508
130000 60000 150005 4.96015
135000 60000 150008 7.80865
135000 55000 150004 4.36508
140000 55000 149996 -4.02293
135000 60000 150008 7.80865
140000 60000 150002 1.61549
140000 50000 149987 -13.192
145000 50000 149989 -11.0631
140000 55000 149996 -4.02293
145000 55000 149989 -11.162
145000 50000 149989 -11.0631
150000 50000 149992 -8.43038
145000 55000 149989 -11.162
150000 55000 149991 -8.72863
140000 55000 149996 -4.02293
145000 55000 149989 -11.162
140000 60000 150002 1.61549
145000 60000 149993 -6.59692
145000 55000 149989 -11.162
150000 55000 149991 -8.72863
145000 60000 149993 -6.59692
150000 60000 149990 -10.4826
150000 50000 149992 -8.43038
155000 50000 150006 5.55582
150000 55000 149991 -8.72863
155000 55000 150001 0.800905
155000 50000 150006 5.55582
160000 50000 150004 4.24836
155000 55000 150001 0.800905
160000 55000 150008 8.44024
150000 55000 149991 -8.72863
155000 55000 150001 0.800905
150000 60000 149990 -10.4826
155000 60000 149993 -6.9049
155000 55000 150001 0.800905
160000 55000 150008 8.44024
155000 60000 149993 -6.9049
160000 60000 149998 -1.61149
80000 60000 150000 -0.216006
85000 60000 150001 0.614167
80000 65000 149997 -2.77739
85000 65000 149997 -3.44447
85000 60000 150001 0.614167
90000 60000 149999 -1.10874
85000 65000 149997 -3.44447
90000 65000 150002 1.52964
80000 65000 149997 -2.77739
85000 65000 149997 -3.44447
80000 70000 150000 -0.200987
85000 70000 149998 -2.00412
85000 65000 149997 -3.44447
90000 65000 150002 1.52964
85000 70000 149998 -2.00412
90000 70000 150001 1.20545
90000 60000 149999 -1.10874
95000 60000 149999 -0.646235
90000 65000 150002 1.52964
95000 65000 150003 2.88541
95000 60000 149999 -0.646235
100000 60000 150002 1.53327
95000 65000 150003 2.88541
100000 65000 150000 0.333106
90000 65000 150002 1.52964
95000 65000 150003 2.88541
90000 70000 150001 1.20545
95000 70000 150003 2.78374
95000 65000 150003 2.88541
100000 65000 150000 0.333106
95000 70000 150003 2.78374
100000 70000 150000 0.11432
100000 60000 150002 1.53327
105000 60000 150002 1.69413
100000 65000 150000 0.333106
105000 65000 150005 5.02599
105000 60000 150002 1.69413
110000 60000 150002 2.28776
105000 65000 150005 5.02599
110000 65000 150004 3.70561
100000 65000 150000 0.333106
105000 65000 150005 5.02599
100000 70000 150000 0.11432
105000 70000 150005 4.58074
105000 65000 150005 5.02599
110000 65000 150004 3.70561
105000 70000 150005 4.58074
110000 70000 150003 3.49875
110000 60000 150002 2.28776
115000 60000 150007 7.26526
110000 65000 150004 3.70561
115000 65000 150003 2.59943
115000 60000 150007 7.26526
120000 60000 150003 2.56866
115000 65000 150003 2.59943
120000 65000 150004 4.24556
110000 65000 150004 3.70561
115000 65000 150003 2.59943
110000 70000 150003 3.49875
115000 70000 150009 8.52783
115000 65000 150003 2.59943
120000 65000 150004 4.24556
115000 70000 150009 8.52783
120000 70000 150008 8.06275
120000 60000 150003 2.56866
125000 60000 150007 7.06998
120000 65000 150004 4.24556
125000 65000 150008 7.94328
125000 60000 150007 7.06998
130000 60000 150005 4.96015
125000 65000 150008 7.94328
130000 65000 150003 3.33601
120000 65000 150004 4.24556
125000 65000 150008 7.94328
120000 70000 150008 8.06275
125000 70000 150006 6.41147
125000 65000 150008 7.94328
130000 65000 150003 3.33601
125000 70000 150006 6.41147
130000 70000 150006 5.71266
130000 60000 150005 4.96015
135000 60000 150008 7.80865
130000 65000 150003 3.33601
135000 65000 150003 2.75581
135000 60000 150008 7.80865
140000 60000 150002 1.61549
135000 65000 150003 2.75581
140000 65000 150001 0.946056
130000 65000 150003 3.33601
135000 65000 150003 2.75581
130000 70000 150006 5.71266
135000 70000 150008 8.46972
135000 65000 150003 2.75581
140000 65000 150001 0.946056
135000 70000 150008 8.46972
140000 70000 150002 2.24223
140000 60000 150002 1.61549
145000 60000 149993 -6.59692
140000 65000 150001 0.946056
145000 65000 149999 -1.24492
145000 60000 149993 -6.59692
150000 60000 149990 -10.4826
145000 65000 149999 -1.24492
150000 65000 149990 -10.4411
140000 65000 150001 0.946056
145000 65000 149999 -1.24492
140000 70000 150002 2.24223
145000 70000 149998 -1.88023
145000 65000 149999 -1.24492
150000 65000 149990 -10.4411
145000 70000 149998 -1.88023
150000 70000 149991 -8.86146
150000 60000 149990 -10.4826
155000 60000 149993 -6.9049
150000 65000 149990 -10.4411
155000 65000 149986 -14.3339
155000 60000 149993 -6.9049
160000 60000 149998 -1.61149
155000 65000 149986 -14.3339
160000 65000 149998 -1.64005
150000 65000 149990 -10.4411
155000 65000 149986 -14.3339
150000 70000 149991 -8.86146
155000 70000 149989 -10.6994
155000 65000 149986 -14.3339
160000 65000 149998 -1.64005
155000 70000 149989 -10.6994
160000 70000 149993 -6.64118
80000 70000 150000 -0.200987
85000 70000 149998 -2.00412
80000 75000 149998 -2.08338
85000 75000 149998 -2.44043
85000 70000 149998 -2.00412
90000 70000 150001 1.20545
85000 75000 149998 -2.44043
90000 75000 150003 2.60877
80000 75000 149998 -2.08338
85000 75000 149998 -2.44043
80000 80000 150000 -0.0785198
85000 80000 149998 -2.4887
85000 75000 149998 -2.44043
90000 75000 150003 2.60877
85000 80000 149998 -2.4887
90000 80000 149998 -1.87854
90000 70000 150001 1.20545
95000 70000 150003 2.78374
90000 75000 150003 2.60877
95000 75000 150003 3.10186
95000 70000 150003 2.78374
100000 70000 150000 0.11432
95000 75000 150003 3.10186
100000 75000 150000 -0.390646
90000 75000 150003 2.60877
95000 75000 150003 3.10186
90000 80000 149998 -1.87854
95000 80000 149999 -0.966393
95000 75000 150003 3.10186
100000 75000 150000 -0.390646
95000 80000 149999 -0.966393
100000 80000 150003 3.06777
100000 70000 150000 0.11432
105000 70000 150005 4.58074
100000 75000 150000 -0.390646
105000 75000 150001 1.4775
105000 70000 150005 4.58074
110000 70000 150003 3.49875
105000 75000 150001 1.4775
110000 75000 150005 4.81499
100000 75000 150000 -0.390646
105000 75000 150001 1.4775
100000 80000 150003 3.06777
105000 80000 150002 2.093
105000 75000 150001 1.4775
110000 75000 150005 4.81499
105000 80000 150002 2.093
110000 80000 150005 5.23379
110000 70000 150003 3.49875
115000 70000 150009 8.52783
110000 75000 150005 4.81499
115000 75000 150002 2.41014
115000 70000 150009 8.52783
120000 70000 150008 8.06275
115000 75000 150002 2.41014
120000 75000 150005 5.0375
110000 75000 150005 4.81499
115000 75000 150002 2.41014
110000 80000 150005 5.23379
115000 80000 150002 2.43017
115000 75000 150002 2.41014
120000 75000 150005 5.0375
115000 80000 150002 2.43017
120000 80000 150005 4.56342
120000 70000 150008 8.06275
125000 70000 150006 6.41147
120000 75000 150005 5.0375
125000 75000 150005 4.77288
125000 70000 150006 6.41147
130000 70000 150006 5.71266
125000 75000 150005 4.77288
130000 75000 150003 3.42857
120000 75000 150005 5.0375
125000 75000 150005 4.77288
120000 80000 150005 4.56342
125000 80000 150006 6.11102
125000 75000 150005 4.77288
130000 75000 150003 3.42857
125000 80000 150006 6.11102
130000 80000 150003 3.3965
130000 70000 150006 5.71266
135000 70000 150008 8.46972
130000 75000 150003 3.42857
135000 75000 150003 3.28374
135000 70000 150008 8.46972
140000 70000 150002 2.24223
135000 75000 150003 3.28374
140000 75000 150006 5.51457
130000 75000 150003 3.42857
135000 75000 150003 3.28374
130000 80000 150003 3.3965
135000 80000 150004 4.25547
135000 75000 150003 3.28374
140000 75000 150006 5.51457
135000 80000 150004 4.25547
140000 80000 150006 5.96339
140000 70000 150002 2.24223
145000 70000 149998 -1.88023
140000 75000 150006 5.51457
145000 75000 150003 3.41763
145000 70000 149998 -1.88023
150000 70000 149991 -8.86146
145000 75000 150003 3.41763
150000 75000 149995 -5.0036
140000 75000 150006 5.51457
145000 75000 150003 3.41763
140000 80000 150006 5.96339
145000 80000 150006 6.43677
145000 75000 150003 3.41763
150000 75000 149995 -5.0036
145000 80000 150006 6.43677
150000 80000 149999 -0.773063
150000 70000 149991 -8.86146
155000 70000 149989 -10.6994
150000 75000 149995 -5.0036
155000 75000 149986 -13.7519
155000 70000 149989 -10.6994
160000 70000 149993 -6.64118
155000 75000 149986 -13.7519
160000 75000 149985 -15.1888
150000 75000 149995 -5.0036
155000 75000 149986 -13.7519
150000 80000 149999 -0.773063
155000 80000 149993 -7.43738
155000 75000 149986 -13.7519
160000 75000 149985 -15.1888
155000 80000 149993 -7.43738
160000 80000 149988 -12.3689
0 80000 149991 -8.9676
5000 80000 149991 -8.92226
0 85000 149988 -12.1288
5000 85000 149988 -12.1288
5000 80000 149991 -8.92226
10000 80000 149988 -12.1208
5000 85000 149988 -12.1288
10000 85000 149991 -8.95521
0 85000 149988 -12.1288
5000 85000 149988 -12.1288
0 90000 149988 -12.1288
5000 90000 149989 -10.851
5000 85000 149988 -12.1288
10000 85000 149991 -8.95521
5000 90000 149989 -10.851
10000 90000 149990 -9.67221
10000 80000 149988 -12.1208
15000 80000 149988 -12.0793
10000 85000 149991 -8.95521
15000 85000 149992 -8.22102
15000 80000 149988 -12.0793
20000 80000 149990 -9.55954
15000 85000 149992 -8.22102
20000 85000 149991 -8.72205
10000 85000 149991 -8.95521
15000 85000 149992 -8.22102
10000 90000 149990 -9.67221
15000 90000 149989 -10.8228
15000 85000 149992 -8.22102
20000 85000 149991 -8.72205
15000 90000 149989 -10.8228
20000 90000 149988 -12.2785
20000 80000 149990 -9.55954
25000 80000 149989 -11.3105
20000 85000 149991 -8.72205
25000 85000 149991 -8.84038
25000 80000 149989 -11.3105
30000 80000 149990 -9.84847
25000 85000 149991 -8.84038
30000 85000 149989 -10.5493
20000 85000 149991 -8.72205
25000 85000 149991 -8.84038
20000 90000 149988 -12.2785
25000 90000 149989 -10.9379
25000 85000 149991 -8.84038
30000 85000 149989 -10.5493
25000 90000 149989 -10.9379
30000 90000 149990 -9.56912
30000 80000 149990 -9.84847
35000 80000 149990 -10.4295
30000 85000 149989 -10.5493
35000 85000 149990 -10.3901
35000 80000 149990 -10.4295
40000 80000 149991 -8.91279
35000 85000 149990 -10.3901
40000 85000 149989 -11.0234
30000 85000 149989 -10.5493
35000 85000 149990 -10.3901
30000 90000 149990 -9.56912
35000 90000 149989 -10.8429
35000 85000 149990 -10.3901
40000 85000 149989 -11.0234
35000 90000 149989 -10.8429
40000 90000 149990 -10.327
40000 80000 149991 -8.91279
45000 80000 149992 -7.90694
40000 85000 149989 -11.0234
45000 85000 149989 -10.759
45000 80000 149992 -7.90694
50000 80000 149990 -9.99687
45000 85000 149989 -10.759
50000 85000 149989 -10.5127
40000 85000 149989 -11.0234
45000 85000 149989 -10.759
40000 90000 149990 -10.327
45000 90000 149991 -9.11252
45000 85000 149989 -10.759
50000 85000 149989 -10.5127
45000 90000 149991 -9.11252
50000 90000 149993 -6.89086
50000 80000 149990 -9.99687
55000 80000 149995 -5.28324
50000 85000 149989 -10.5127
55000 85000 149990 -10.2776
55000 80000 149995 -5.28324
60000 80000 149993 -6.96114
55000 85000 149990 -10.2776
60000 85000 149990 -9.63607
50000 85000 149989 -10.5127
55000 85000 149990 -10.2776
50000 90000 149993 -6.89086
55000 90000 149993 -7.39622
55000 85000 149990 -10.2776
60000 85000 149990 -9.63607
55000 90000 149993 -7.39622
60000 90000 149995 -5.10552
60000 80000 149993 -6.96114
65000 80000 149991 -9.38817
60000 85000 149990 -9.63607
65000 85000 149995 -4.80559
65000 80000 149991 -9.38817
70000 80000 149994 -6.05004
65000 85000 149995 -4.80559
70000 85000 149993 -7.01736
60000 85000 149990 -9.63607
65000 85000 149995 -4.80559
60000 90000 149995 -5.10552
65000 90000 149992 -8.06114
65000 85000 149995 -4.80559
70000 85000 149993 -7.01736
65000 90000 149992 -8.06114
70000 90000 149993 -6.78399
70000 80000 149994 -6.05004
75000 80000 149993 -6.62831
70000 85000 149993 -7.01736
75000 85000 149994 -6.4071
75000 80000 149993 -6.62831
80000 80000 150000 -0.0785198
75000 85000 149994 -6.4071
80000 85000 149997 -2.54305
70000 85000 149993 -7.01736
75000 85000 149994 -6.4071
70000 90000 149993 -6.78399
75000 90000 149993 -6.5194
75000 85000 149994 -6.4071
80000 85000 149997 -2.54305
75000 90000 149993 -6.5194
80000 90000 149999 -1.11806
80000 80000 150000 -0.0785198
85000 80000 149998 -2.4887
80000 85000 149997 -2.54305
85000 85000 150001 0.573224
85000 80000 149998 -2.4887
90000 80000 149998 -1.87854
85000 85000 150001 0.573224
90000 85000 149998 -1.9526
80000 85000 149997 -2.54305
85000 85000 150001 0.573224
80000 90000 149999 -1.11806
85000 90000 150001 0.701112
85000 85000 150001 0.573224
90000 85000 149998 -1.9526
85000 90000 150001 0.701112
90000 90000 149999 -0.898603
90000 80000 149998 -1.87854
95000 80000 149999 -0.966393
90000 85000 149998 -1.9526
95000 85000 150000 -0.121808
95000 80000 149999 -0.966393
100000 80000 150003 3.06777
95000 85000 150000 -0.121808
100000 85000 150000 -0.358845
90000 85000 149998 -1.9526
95000 85000 150000 -0.121808
90000 90000 149999 -0.898603
95000 90000 149999 -1.29403
95000 85000 150000 -0.121808
100000 85000 150000 -0.358845
95000 90000 149999 -1.29403
100000 90000 150002 2.05825
100000 80000 150003 3.06777
105000 80000 150002 2.093
100000 85000 150000 -0.358845
105000 85000 150003 2.86356
105000 80000 150002 2.093
110000 80000 150005 5.23379
105000 85000 150003 2.86356
110000 85000 150002 2.09302
100000 85000 150000 -0.358845
105000 85000 150003 2.86356
100000 90000 150002 2.05825
105000 90000 150000 0.463464
105000 85000 150003 2.86356
110000 85000 150002 2.09302
105000 90000 150000 0.463464
110000 90000 150001 1.21083
0 90000 149988 -12.1288
5000 90000 149989 -10.851
0 95000 149988 -12.1052
5000 95000 149988 -12.1288
5000 90000 149989 -10.851
10000 90000 149990 -9.67221
5000 95000 149988 -12.1288
10000 95000 149988 -12.0559
0 95000 149988 -12.1052
5000 95000 149988 -12.1288
0 100000 149989 -10.5126
5000 100000 149988 -12.1263
5000 95000 149988 -12.1288
10000 95000 149988 -12.0559
5000 100000 149988 -12.1263
10000 100000 149988 -12.0026
10000 90000 149990 -9.67221
15000 90000 149989 -10.8228
10000 95000 149988 -12.0559
15000 95000 149989 -11.3485
15000 90000 149989 -10.8228
20000 90000 149988 -12.2785
15000 95000 149989 -11.3485
20000 95000 149992 -8.32077
10000 95000 149988 -12.0559
15000 95000 149989 -11.3485
10000 100000 149988 -12.0026
15000 100000 149991 -8.85689
15000 95000 149989 -11.3485
20000 95000 149992 -8.32077
15000 100000 149991 -8.85689
20000 100000 149990 -10.266
20000 90000 149988 -12.2785
25000 90000 149989 -10.9379
20000 95000 149992 -8.32077
25000 95000 149987 -12.6084
25000 90000 149989 -10.9379
30000 90000 149990 -9.56912
25000 95000 149987 -12.6084
30000 95000 149988 -12.054
20000 95000 149992 -8.32077
25000 95000 149987 -12.6084
20000 100000 149990 -10.266
25000 100000 149989 -10.6378
25000 95000 149987 -12.6084
30000 95000 149988 -12.054
25000 100000 149989 -10.6378
30000 100000 149991 -9.38721
30000 90000 149990 -9.56912
35000 90000 149989 -10.8429
30000 95000 149988 -12.054
35000 95000 149987 -12.8947
35000 90000 149989 -10.8429
40000 90000 149990 -10.327
35000 95000 149987 -12.8947
40000 95000 149992 -7.77146
30000 95000 149988 -12.054
35000 95000 149987 -12.8947
30000 100000 149991 -9.38721
35000 100000 149989 -10.789
35000 95000 149987 -12.8947
40000 95000 149992 -7.77146
35000 100000 149989 -10.789
40000 100000 149988 -12.1287
40000 90000 149990 -10.327
45000 90000 149991 -9.11252
40000 95000 149992 -7.77146
45000 95000 149988 -11.6076
45000 90000 149991 -9.11252
50000 90000 149993 -6.89086
45000 95000 149988 -11.6076
50000 95000 149990 -9.65113
40000 95000 149992 -7.77146
45000 95000 149988 -11.6076
40000 100000 149988 -12.1287
45000 100000 149990 -10.1687
45000 95000 149988 -11.6076
50000 95000 149990 -9.65113
45000 100000 149990 -10.1687
50000 100000 149994 -6.39661
50000 90000 149993 -6.89086
55000 90000 149993 -7.39622
50000 95000 149990 -9.65113
55000 95000 149990 -10.3076
55000 90000 149993 -7.39622
60000 90000 149995 -5.10552
55000 95000 149990 -10.3076
60000 95000 149995 -4.88393
50000 95000 149990 -9.65113
55000 95000 149990 -10.3076
50000 100000 149994 -6.39661
55000 100000 149995 -5.37485
55000 95000 149990 -10.3076
60000 95000 149995 -4.88393
55000 100000 149995 -5.37485
60000 100000 149995 -5.13004
60000 90000 149995 -5.10552
65000 90000 149992 -8.06114
60000 95000 149995 -4.88393
65000 95000 149991 -9.03792
65000 90000 149992 -8.06114
70000 90000 149993 -6.78399
65000 95000 149991 -9.03792
70000 95000 149997 -2.98718
60000 95000 149995 -4.88393
65000 95000 149991 -9.03792
60000 100000 149995 -5.13004
65000 100000 149991 -8.85179
65000 95000 149991 -9.03792
70000 95000 149997 -2.98718
65000 100000 149991 -8.85179
70000 100000 149992 -7.53442
70000 90000 149993 -6.78399
75000 90000 149993 -6.5194
70000 95000 149997 -2.98718
75000 95000 149997 -3.13354
75000 90000 149993 -6.5194
80000 90000 149999 -1.11806
75000 95000 149997 -3.13354
80000 95000 149998 -2.07811
70000 95000 149997 -2.98718
75000 95000 149997 -3.13354
70000 100000 149992 -7.53442
75000 100000 149996 -4.40869
75000 95000 149997 -3.13354
80000 95000 149998 -2.07811
75000 100000 149996 -4.40869
80000 100000 149995 -4.83054
80000 90000 149999 -1.11806
85000 90000 150001 0.701112
80000 95000 149998 -2.07811
85000 95000 150000 -0.0577408
85000 90000 150001 0.701112
90000 90000 149999 -0.898603
85000 95000 150000 -0.0577408
90000 95000 150001 1.09239
80000 95000 149998 -2.07811
85000 95000 150000 -0.0577408
80000 100000 149995 -4.83054
85000 100000 149998 -1.93468
85000 95000 150000 -0.0577408
90000 95000 150001 1.09239
85000 100000 149998 -1.93468
90000 100000 149997 -2.53719
90000 90000 149999 -0.898603
95000 90000 149999 -1.29403
90000 95000 150001 1.09239
95000 95000 150003 3.41342
95000 90000 149999 -1.29403
100000 90000 150002 2.05825
95000 95000 150003 3.41342
100000 95000 150000 -0.441856
90000 95000 150001 1.09239
95000 95000 150003 3.41342
90000 100000 149997 -2.53719
95000 100000 150000 -0.015842
95000 95000 150003 3.41342
100000 95000 150000 -0.441856
95000 100000 150000 -0.015842
100000 100000 150001 1.25729
0 100000 149989 -10.5126
5000 100000 149988 -12.1263
0 105000 149989 -11.1137
5000 105000 149988 -12.135
5000 100000 149988 -12.1263
10000 100000 149988 -12.0026
5000 105000 149988 -12.135
10000 105000 149991 -8.8569
0 105000 149989 -11.1137
5000 105000 149988 -12.135
0 110000 149988 -12.1619
5000 110000 149988 -12.0777
5000 105000 149988 -12.135
10000 105000 149991 -8.8569
5000 110000 149988 -12.0777
10000 110000 149988 -12.1046
10000 100000 149988 -12.0026
15000 100000 149991 -8.85689
10000 105000 149991 -8.8569
15000 105000 149988 -12.1997
15000 100000 149991 -8.85689
20000 100000 149990 -10.266
15000 105000 149988 -12.1997
20000 105000 149991 -8.65235
10000 105000 149991 -8.8569
15000 105000 149988 -12.1997
10000 110000 149988 -12.1046
15000 110000 149989 -11.3412
15000 105000 149988 -12.1997
20000 105000 149991 -8.65235
15000 110000 149989 -11.3412
20000 110000 149988 -12.3509
20000 100000 149990 -10.266
25000 100000 149989 -10.6378
20000 105000 149991 -8.65235
25000 105000 149988 -12.1454
25000 100000 149989 -10.6378
30000 100000 149991 -9.38721
25000 105000 149988 -12.1454
30000 105000 149988 -11.6523
20000 105000 149991 -8.65235
25000 105000 149988 -12.1454
20000 110000 149988 -12.3509
25000 110000 149988 -11.7845
25000 105000 149988 -12.1454
30000 105000 149988 -11.6523
25000 110000 149988 -11.7845
30000 110000 149990 -9.77161
30000 100000 149991 -9.38721
35000 100000 149989 -10.789
30000 105000 149988 -11.6523
35000 105000 149988 -11.8847
35000 100000 149989 -10.789
40000 100000 149988 -12.1287
35000 105000 149988 -11.8847
40000 105000 149991 -8.56496
30000 105000 149988 -11.6523
35000 105000 149988 -11.8847
30000 110000 149990 -9.77161
35000 110000 149987 -12.6158
35000 105000 149988 -11.8847
40000 105000 149991 -8.56496
35000 110000 149987 -12.6158
40000 110000 149992 -8.17604
40000 100000 149988 -12.1287
45000 100000 149990 -10.1687
40000 105000 149991 -8.56496
45000 105000 149989 -10.5819
45000 100000 149990 -10.1687
50000 100000 149994 -6.39661
45000 105000 149989 -10.5819
50000 105000 149992 -8.19091
40000 105000 149991 -8.56496
45000 105000 149989 -10.5819
40000 110000 149992 -8.17604
45000 110000 149989 -10.9164
45000 105000 149989 -10.5819
50000 105000 149992 -8.19091
45000 110000 149989 -10.9164
50000 110000 149991 -8.74272
50000 100000 149994 -6.39661
55000 100000 149995 -5.37485
50000 105000 149992 -8.19091
55000 105000 149991 -8.95215
55000 100000 149995 -5.37485
60000 100000 149995 -5.13004
55000 105000 149991 -8.95215
60000 105000 149991 -9.05783
50000 105000 149992 -8.19091
55000 105000 149991 -8.95215
50000 110000 149991 -8.74272
55000 110000 149994 -5.56506
55000 105000 149991 -8.95215
60000 105000 149991 -9.05783
55000 110000 149994 -5.56506
60000 110000 149995 -5.09254
60000 100000 149995 -5.13004
65000 100000 149991 -8.85179
60000 105000 149991 -9.05783
65000 105000 149992 -8.27552
65000 100000 149991 -8.85179
70000 100000 149992 -7.53442
65000 105000 149992 -8.27552
70000 105000 149995 -4.66639
60000 105000 149991 -9.05783
65000 105000 149992 -8.27552
60000 110000 149995 -5.09254
65000 110000 149992 -7.93757
65000 105000 149992 -8.27552
70000 105000 149995 -4.66639
65000 110000 149992 -7.93757
70000 110000 149996 -3.63564
70000 100000 149992 -7.53442
75000 100000 149996 -4.40869
70000 105000 149995 -4.66639
75000 105000 149994 -6.07682
75000 100000 149996 -4.40869
80000 100000 149995 -4.83054
75000 105000 149994 -6.07682
80000 105000 150000 -0.0547663
70000 105000 149995 -4.66639
75000 105000 149994 -6.07682
70000 110000 149996 -3.63564
75000 110000 149997 -2.96206
75000 105000 149994 -6.07682
80000 105000 150000 -0.0547663
75000 110000 149997 -2.96206
80000 110000 149999 -1.27761
0 110000 149988 -12.1619
5000 110000 149988 -12.0777
0 115000 149992 -8.34441
5000 115000 149989 -11.0069
5000 110000 149988 -12.0777
10000 110000 149988 -12.1046
5000 115000 149989 -11.0069
10000 115000 149988 -12.1578
0 115000 149992 -8.34441
5000 115000 149989 -11.0069
0 120000 149991 -8.82226
5000 120000 149990 -10.1397
5000 115000 149989 -11.0069
10000 115000 149988 -12.1578
5000 120000 149990 -10.1397
10000 120000 149988 -12.14
10000 110000 149988 -12.1046
15000 110000 149989 -11.3412
10000 115000 149988 -12.1578
15000 115000 149992 -8.25017
15000 110000 149989 -11.3412
20000 110000 149988 -12.3509
15000 115000 149992 -8.25017
20000 115000 149989 -11.3019
10000 115000 149988 -12.1578
15000 115000 149992 -8.25017
10000 120000 149988 -12.14
15000 120000 149988 -11.9637
15000 115000 149992 -8.25017
20000 115000 149989 -11.3019
15000 120000 149988 -11.9637
20000 120000 149990 -9.53076
20000 110000 149988 -12.3509
25000 110000 149988 -11.7845
20000 115000 149989 -11.3019
25000 115000 149988 -12.1431
25000 110000 149988 -11.7845
30000 110000 149990 -9.77161
25000 115000 149988 -12.1431
30000 115000 149988 -11.7432
20000 115000 149989 -11.3019
25000 115000 149988 -12.1431
20000 120000 149990 -9.53076
25000 120000 149991 -8.58054
25000 115000 149988 -12.1431
30000 115000 149988 -11.7432
25000 120000 149991 -8.58054
30000 120000 149987 -12.6267
30000 110000 149990 -9.77161
35000 110000 149987 -12.6158
30000 115000 149988 -11.7432
35000 115000 149990 -9.958
35000 110000 149987 -12.6158
40000 110000 149992 -8.17604
35000 115000 149990 -9.958
40000 115000 149991 -8.7956
30000 115000 149988 -11.7432
35000 115000 149990 -9.958
30000 120000 149987 -12.6267
35000 120000 149993 -7.12113
35000 115000 149990 -9.958
40000 115000 149991 -8.7956
35000 120000 149993 -7.12113
40000 120000 149987 -12.6645
40000 110000 149992 -8.17604
45000 110000 149989 -10.9164
40000 115000 149991 -8.7956
45000 115000 149991 -8.51995
45000 110000 149989 -10.9164
50000 110000 149991 -8.74272
45000 115000 149991 -8.51995
50000 115000 149988 -11.6579
40000 115000 149991 -8.7956
45000 115000 149991 -8.51995
40000 120000 149987 -12.6645
45000 120000 149988 -12.0053
45000 115000 149991 -8.51995
50000 115000 149988 -11.6579
45000 120000 149988 -12.0053
50000 120000 149990 -9.88968
50000 110000 149991 -8.74272
55000 110000 149994 -5.56506
50000 115000 149988 -11.6579
55000 115000 149990 -10.3037
55000 110000 149994 -5.56506
60000 110000 149995 -5.09254
55000 115000 149990 -10.3037
60000 115000 149993 -7.48604
50000 115000 149988 -11.6579
55000 115000 149990 -10.3037
50000 120000 149990 -9.88968
55000 120000 149992 -8.04258
55000 115000 149990 -10.3037
60000 115000 149993 -7.48604
55000 120000 149992 -8.04258
60000 120000 149994 -6.45209
60000 110000 149995 -5.09254
65000 110000 149992 -7.93757
60000 115000 149993 -7.48604
65000 115000 149995 -5.4605
65000 110000 149992 -7.93757
70000 110000 149996 -3.63564
65000 115000 149995 -5.4605
70000 115000 149997 -3.48098
60000 115000 149993 -7.48604
65000 115000 149995 -5.4605
60000 120000 149994 -6.45209
65000 120000 149995 -5.45066
65000 115000 149995 -5.4605
70000 115000 149997 -3.48098
65000 120000 149995 -5.45066
70000 120000 149996 -3.80854
70000 110000 149996 -3.63564
75000 110000 149997 -2.96206
70000 115000 149997 -3.48098
75000 115000 149995 -5.25358
75000 110000 149997 -2.96206
80000 110000 149999 -1.27761
75000 115000 149995 -5.25358
80000 115000 149995 -5.21473
70000 115000 149997 -3.48098
75000 115000 149995 -5.25358
70000 120000 149996 -3.80854
75000 120000 149998 -2.02453
75000 115000 149995 -5.25358
80000 115000 149995 -5.21473
75000 120000 149998 -2.02453
80000 120000 149995 -4.65499
160000 0 150006 5.58084
165000 0 150006 6.21802
160000 5000 150009 9.0229
165000 5000 150005 5.34472
165000 0 150006 6.21802
170000 0 150010 10.4626
165000 5000 150005 5.34472
170000 5000 150010 9.90606
160000 5000 150009 9.0229
165000 5000 150005 5.34472
160000 10000 150008 8.31718
165000 10000 150008 8.21757
165000 5000 150005 5.34472
170000 5000 150010 9.90606
165000 10000 150008 8.21757
170000 10000 150011 11.4985
170000 0 150010 10.4626
175000 0 150008 8.13339
170000 5000 150010 9.90606
175000 5000 150006 5.51601
175000 0 150008 8.13339
180000 0 150008 7.93428
175000 5000 150006 5.51601
180000 5000 150011 10.9376
170000 5000 150010 9.90606
175000 5000 150006 5.51601
170000 10000 150011 11.4985
175000 10000 150012 11.6247
175000 5000 150006 5.51601
180000 5000 150011 10.9376
175000 10000 150012 11.6247
180000 10000 150006 5.97785
180000 0 150008 7.93428
185000 0 150007 6.94548
180000 5000 150011 10.9376
185000 5000 150009 9.04814
185000 0 150007 6.94548
190000 0 150007 7.0745
185000 5000 150009 9.04814
190000 5000 150006 5.88995
180000 5000 150011 10.9376
185000 5000 150009 9.04814
180000 10000 150006 5.97785
185000 10000 150009 9.00858
185000 5000 150009 9.04814
190000 5000 150006 5.88995
185000 10000 150009 9.00858
190000 10000 150009 9.14668
190000 0 150007 7.0745
195000 0 150008 7.86233
190000 5000 150006 5.88995
195000 5000 150006 6.07623
195000 0 150008 7.86233
200000 0 150011 11.2698
195000 5000 150006 6.07623
200000 5000 150004 4.39982
190000 5000 150006 5.88995
195000 5000 150006 6.07623
190000 10000 150009 9.14668
195000 10000 150006 5.85835
195000 5000 150006 6.07623
200000 5000 150004 4.39982
195000 10000 150006 5.85835
200000 10000 150009 9.19218
200000 0 150011 11.2698
205000 0 150007 7.43592
200000 5000 150004 4.39982
205000 5000 150006 6.1856
205000 0 150007 7.43592
210000 0 150008 8.3721
205000 5000 150006 6.1856
210000 5000 150006 6.3946
200000 5000 150004 4.39982
205000 5000 150006 6.1856
200000 10000 150009 9.19218
205000 10000 150006 5.88074
205000 5000 150006 6.1856
210000 5000 150006 6.3946
205000 10000 150006 5.88074
210000 10000 150005 5.06611
210000 0 150008 8.3721
215000 0 150008 7.5894
210000 5000 150006 6.3946
215000 5000 150007 7.02367
215000 0 150008 7.5894
220000 0 150006 6.47576
215000 5000 150007 7.02367
220000 5000 150007 6.6848
210000 5000 150006 6.3946
215000 5000 150007 7.02367
210000 10000 150005 5.06611
215000 10000 150006 6.12091
215000 5000 150007 7.02367
220000 5000 150007 6.6848
215000 10000 150006 6.12091
220000 10000 150004 4.02948
220000 0 150006 6.47576
225000 0 150003 2.58028
220000 5000 150007 6.6848
225000 5000 150004 3.65617
225000 0 150003 2.58028
230000 0 150006 6.36066
225000 5000 150004 3.65617
230000 5000 150003 3.38102
220000 5000 150007 6.6848
225000 5000 150004 3.65617
220000 10000 150004 4.02948
225000 10000 150005 4.79135
225000 5000 150004 3.65617
230000 5000 150003 3.38102
225000 10000 150005 4.79135
230000 10000 150004 3.5648
230000 0 150006 6.36066
235000 0 150005 5.24221
230000 5000 150003 3.38102
235000 5000 150006 6.22239
235000 0 150005 5.24221
240000 0 150007 6.67153
235000 5000 150006 6.22239
240000 5000 150004 4.44551
230000 5000 150003 3.38102
235000 5000 150006 6.22239
230000 10000 150004 3.5648
235000 10000 150007 6.77638
235000 5000 150006 6.22239
240000 5000 150004 4.44551
235000 10000 150007 6.77638
240000 10000 150002 1.97573
160000 10000 150008 8.31718
165000 10000 150008 8.21757
160000 15000 150010 9.55828
165000 15000 150009 9.25852
165000 10000 150008 8.21757
170000 10000 150011 11.4985
165000 15000 150009 9.25852
170000 15000 150012 11.9444
160000 15000 150010 9.55828
165000 15000 150009 9.25852
160000 20000 150008 8.01814
165000 20000 150005 5.43372
165000 15000 150009 9.25852
170000 15000 150012 11.9444
165000 20000 150005 5.43372
170000 20000 150008 8.43074
170000 10000 150011 11.4985
175000 10000 150012 11.6247
170000 15000 150012 11.9444
175000 15000 150010 10.0614
175000 10000 150012 11.6247
180000 10000 150006 5.97785
175000 15000 150010 10.0614
180000 15000 150012 11.6008
170000 15000 150012 11.9444
175000 15000 150010 10.0614
170000 20000 150008 8.43074
175000 20000 150008 7.72817
175000 15000 150010 10.0614
180000 15000 150012 11.6008
175000 20000 150008 7.72817
180000 20000 150008 8.11435
180000 10000 150006 5.97785
185000 10000 150009 9.00858
180000 15000 150012 11.6008
185000 15000 150010 10.4479
185000 10000 150009 9.00858
190000 10000 150009 9.14668
185000 15000 150010 10.4479
190000 15000 150008 8.09528
180000 15000 150012 11.6008
185000 15000 150010 10.4479
180000 20000 150008 8.11435
185000 20000 150012 11.5229
185000 15000 150010 10.4479
190000 15000 150008 8.09528
185000 20000 150012 11.5229
190000 20000 150012 11.5238
190000 10000 150009 9.14668
195000 10000 150006 5.85835
190000 15000 150008 8.09528
195000 15000 150011 10.7842
195000 10000 150006 5.85835
200000 10000 150009 9.19218
195000 15000 150011 10.7842
200000 15000 150007 6.82045
190000 15000 150008 8.09528
195000 15000 150011 10.7842
190000 20000 150012 11.5238
195000 20000 150011 10.7584
195000 15000 150011 10.7842
200000 15000 150007 6.82045
195000 20000 150011 10.7584
200000 20000 150005 5.38877
200000 10000 150009 9.19218
205000 10000 150006 5.88074
200000 15000 150007 6.82045
205000 15000 150007 7.17569
205000 10000 150006 5.88074
210000 10000 150005 5.06611
205000 15000 150007 7.17569
210000 15000 150007 6.73115
200000 15000 150007 6.82045
205000 15000 150007 7.17569
200000 20000 150005 5.38877
205000 20000 150007 6.54564
205000 15000 150007 7.17569
210000 15000 150007 6.73115
205000 20000 150007 6.54564
210000 20000 150007 7.4365
210000 10000 150005 5.06611
215000 10000 150006 6.12091
210000 15000 150007 6.73115
215000 15000 150005 4.8526
215000 10000 150006 6.12091
220000 10000 150004 4.02948
215000 15000 150005 4.8526
220000 15000 150005 5.40743
210000 15000 150007 6.73115
215000 15000 150005 4.8526
210000 20000 150007 7.4365
215000 20000 150007 7.22489
215000 15000 150005 4.8526
220000 15000 150005 5.40743
215000 20000 150007 7.22489
220000 20000 150008 8.1915
220000 10000 150004 4.02948
225000 10000 150005 4.79135
220000 15000 150005 5.40743
225000 15000 150007 6.97646
225000 10000 150005 4.79135
230000 10000 150004 3.5648
225000 15000 150007 6.97646
230000 15000 150006 6.21566
220000 15000 150005 5.40743
225000 15000 150007 6.97646
220000 20000 150008 8.1915
225000 20000 150007 7.11499
225000 15000 150007 6.97646
230000 15000 150006 6.21566
225000 20000 150007 7.11499
230000 20000 150002 2.36322
230000 10000 150004 3.5648
235000 10000 150007 6.77638
230000 15000 150006 6.21566
235000 15000 150002 1.98541
235000 10000 150007 6.77638
240000 10000 150002 1.97573
235000 15000 150002 1.98541
240000 15000 150001 1.0925
230000 15000 150006 6.21566
235000 15000 150002 1.98541
230000 20000 150002 2.36322
235000 20000 150002 2.31833
235000 15000 150002 1.98541
240000 15000 150001 1.0925
235000 20000 150002 2.31833
240000 20000 150003 2.8049
160000 20000 150008 8.01814
165000 20000 150005 5.43372
160000 25000 150005 4.79884
165000 25000 150006 6.12715
165000 20000 150005 5.43372
170000 20000 150008 8.43074
165000 25000 150006 6.12715
170000 25000 150007 7.44213
160000 25000 150005 4.79884
165000 25000 150006 6.12715
160000 30000 150006 5.82251
165000 30000 150009 9.13821
165000 25000 150006 6.12715
170000 25000 150007 7.44213
165000 30000 150009 9.13821
170000 30000 150009 8.76597
170000 20000 150008 8.43074
175000 20000 150008 7.72817
170000 25000 150007 7.44213
175000 25000 150011 11.0493
175000 20000 150008 7.72817
180000 20000 150008 8.11435
175000 25000 150011 11.0493
180000 25000 150008 7.54998
170000 25000 150007 7.44213
175000 25000 150011 11.0493
170000 30000 150009 8.76597
175000 30000 150007 7.22303
175000 25000 150011 11.0493
180000 25000 150008 7.54998
175000 30000 150007 7.22303
180000 30000 150008 7.92001
180000 20000 150008 8.11435
185000 20000 150012 11.5229
180000 25000 150008 7.54998
185000 25000 150012 11.8321
185000 20000 150012 11.5229
190000 20000 150012 11.5238
185000 25000 150012 11.8321
190000 25000 150010 9.53489
180000 25000 150008 7.54998
185000 25000 150012 11.8321
180000 30000 150008 7.92001
185000 30000 150013 13.0751
185000 25000 150012 11.8321
190000 25000 150010 9.53489
185000 30000 150013 13.0751
190000 30000 150011 11.4074
190000 20000 150012 11.5238
195000 20000 150011 10.7584
190000 25000 150010 9.53489
195000 25000 150006 6.14296
195000 20000 150011 10.7584
200000 20000 150005 5.38877
195000 25000 150006 6.14296
200000 25000 150005 5.49937
190000 25000 150010 9.53489
195000 25000 150006 6.14296
190000 30000 150011 11.4074
195000 30000 150007 7.21917
195000 25000 150006 6.14296
200000 25000 150005 5.49937
195000 30000 150007 7.21917
200000 30000 150007 7.04905
200000 20000 150005 5.38877
205000 20000 150007 6.54564
200000 25000 150005 5.49937
205000 25000 150007 6.79893
205000 20000 150007 6.54564
210000 20000 150007 7.4365
205000 25000 150007 6.79893
210000 25000 150007 7.04578
200000 25000 150005 5.49937
205000 25000 150007 6.79893
200000 30000 150007 7.04905
205000 30000 150006 6.15196
205000 25000 150007 6.79893
210000 25000 150007 7.04578
205000 30000 150006 6.15196
210000 30000 150004 4.11653
210000 20000 150007 7.4365
215000 20000 150007 7.22489
210000 25000 150007 7.04578
215000 25000 150005 5.30761
215000 20000 150007 7.22489
220000 20000 150008 8.1915
215000 25000 150005 5.30761
220000 25000 150006 6.16416
210000 25000 150007 7.04578
215000 25000 150005 5.30761
210000 30000 150004 4.11653
215000 30000 150005 5.46974
215000 25000 150005 5.30761
220000 25000 150006 6.16416
215000 30000 150005 5.46974
220000 30000 150004 3.79886
220000 20000 150008 8.1915
225000 20000 150007 7.11499
220000 25000 150006 6.16416
225000 25000 150002 2.04316
225000 20000 150007 7.11499
230000 20000 150002 2.36322
225000 25000 150002 2.04316
230000 25000 150001 1.37087
220000 25000 150006 6.16416
225000 25000 150002 2.04316
220000 30000 150004 3.79886
225000 30000 150008 8.28408
225000 25000 150002 2.04316
230000 25000 150001 1.37087
225000 30000 150008 8.28408
230000 30000 150004 3.55403
230000 20000 150002 2.36322
235000 20000 150002 2.31833
230000 25000 150001 1.37087
235000 25000 150007 6.80011
235000 20000 150002 2.31833
240000 20000 150003 2.8049
235000 25000 150007 6.80011
240000 25000 150006 5.7693
230000 25000 150001 1.37087
235000 25000 150007 6.80011
230000 30000 150004 3.55403
235000 30000 150004 3.78251
235000 25000 150007 6.80011
240000 25000 150006 5.7693
235000 30000 150004 3.78251
240000 30000 150003 3.19026
160000 30000 150006 5.82251
165000 30000 150009 9.13821
160000 35000 150007 7.24571
165000 35000 150008 7.86284
165000 30000 150009 9.13821
170000 30000 150009 8.76597
165000 35000 150008 7.86284
170000 35000 150012 11.9156
160000 35000 150007 7.24571
165000 35000 150008 7.86284
160000 40000 150004 4.34738
165000 40000 150006 5.8108
165000 35000 150008 7.86284
170000 35000 150012 11.9156
165000 40000 150006 5.8108
170000 40000 150011 10.8827
170000 30000 150009 8.76597
175000 30000 150007 7.22303
170000 35000 150012 11.9156
175000 35000 150012 12.3219
175000 30000 150007 7.22303
180000 30000 150008 7.92001
175000 35000 150012 12.3219
180000 35000 150007 7.25224
170000 35000 150012 11.9156
175000 35000 150012 12.3219
170000 40000 150011 10.8827
175000 40000 150008 8.11254
175000 35000 150012 12.3219
180000 35000 150007 7.25224
175000 40000 150008 8.11254
180000 40000 150009 8.81771
180000 30000 150008 7.92001
185000 30000 150013 13.0751
180000 35000 150007 7.25224
185000 35000 150010 9.87954
185000 30000 150013 13.0751
190000 30000 150011 11.4074
185000 35000 150010 9.87954
190000 35000 150012 11.6828
180000 35000 150007 7.25224
185000 35000 150010 9.87954
180000 40000 150009 8.81771
185000 40000 150007 7.3884
185000 35000 150010 9.87954
190000 35000 150012 11.6828
185000 40000 150007 7.3884
190000 40000 150011 10.6374
190000 30000 150011 11.4074
195000 30000 150007 7.21917
190000 35000 150012 11.6828
195000 35000 150009 8.81623
195000 30000 150007 7.21917
200000 30000 150007 7.04905
195000 35000 150009 8.81623
200000 35000 150008 8.21429
190000 35000 150012 11.6828
195000 35000 150009 8.81623
190000 40000 150011 10.6374
195000 40000 150008 7.5895
195000 35000 150009 8.81623
200000 35000 150008 8.21429
195000 40000 150008 7.5895
200000 40000 150011 11.1554
200000 30000 150007 7.04905
205000 30000 150006 6.15196
200000 35000 150008 8.21429
205000 35000 150011 10.5235
205000 30000 150006 6.15196
210000 30000 150004 4.11653
205000 35000 150011 10.5235
210000 35000 150004 4.14716
200000 35000 150008 8.21429
205000 35000 150011 10.5235
200000 40000 150011 11.1554
205000 40000 150009 8.73539
205000 35000 150011 10.5235
210000 35000 150004 4.14716
205000 40000 150009 8.73539
210000 40000 150007 7.13793
210000 30000 150004 4.11653
215000 30000 150005 5.46974
210000 35000 150004 4.14716
215000 35000 150005 5.15195
215000 30000 150005 5.46974
220000 30000 150004 3.79886
215000 35000 150005 5.15195
220000 35000 150008 8.36602
210000 35000 150004 4.14716
215000 35000 150005 5.15195
210000 40000 150007 7.13793
215000 40000 150006 5.85927
215000 35000 150005 5.15195
220000 35000 150008 8.36602
215000 40000 150006 5.85927
220000 40000 150004 3.7825
220000 30000 150004 3.79886
225000 30000 150008 8.28408
220000 35000 150008 8.36602
225000 35000 150007 7.47379
225000 30000 150008 8.28408
230000 30000 150004 3.55403
225000 35000 150007 7.47379
230000 35000 150008 7.518
220000 35000 150008 8.36602
225000 35000 150007 7.47379
220000 40000 150004 3.7825
225000 40000 150003 3.27691
225000 35000 150007 7.47379
230000 35000 150008 7.518
225000 40000 150003 3.27691
230000 40000 150007 6.89096
230000 30000 150004 3.55403
235000 30000 150004 3.78251
230000 35000 150008 7.518
235000 35000 150006 5.94485
235000 30000 150004 3.78251
240000 30000 150003 3.19026
235000 35000 150006 5.94485
240000 35000 150001 1.03904
230000 35000 150008 7.518
235000 35000 150006 5.94485
230000 40000 150007 6.89096
235000 40000 150003 3.1619
235000 35000 150006 5.94485
240000 35000 150001 1.03904
235000 40000 150003 3.1619
240000 40000 150003 2.95505
160000 40000 150004 4.34738
165000 40000 150006 5.8108
160000 45000 150007 7.26991
165000 45000 150009 8.73721
165000 40000 150006 5.8108
170000 40000 150011 10.8827
165000 45000 150009 8.73721
170000 45000 150008 8.14353
160000 45000 150007 7.26991
165000 45000 150009 8.73721
160000 50000 150004 4.24836
165000 50000 150006 5.57625
165000 45000 150009 8.73721
170000 45000 150008 8.14353
165000 50000 150006 5.57625
170000 50000 150009 9.16115
170000 40000 150011 10.8827
175000 40000 150008 8.11254
170000 45000 150008 8.14353
175000 45000 150008 7.63664
175000 40000 150008 8.11254
180000 40000 150009 8.81771
175000 45000 150008 7.63664
180000 45000 150008 7.78292
170000 45000 150008 8.14353
175000 45000 150008 7.63664
170000 50000 150009 9.16115
175000 50000 150006 6.39764
175000 45000 150008 7.63664
180000 45000 150008 7.78292
175000 50000 150006 6.39764
180000 50000 150009 8.88472
180000 40000 150009 8.81771
185000 40000 150007 7.3884
180000 45000 150008 7.78292
185000 45000 150011 10.7981
185000 40000 150007 7.3884
190000 40000 150011 10.6374
185000 45000 150011 10.7981
190000 45000 150007 6.8906
180000 45000 150008 7.78292
185000 45000 150011 10.7981
180000 50000 150009 8.88472
185000 50000 150007 6.66386
185000 45000 150011 10.7981
190000 45000 150007 6.8906
185000 50000 150007 6.66386
190000 50000 150008 7.71251
190000 40000 150011 10.6374
195000 40000 150008 7.5895
190000 45000 150007 6.8906
195000 45000 150008 8.30135
195000 40000 150008 7.5895
200000 40000 150011 11.1554
195000 45000 150008 8.30135
200000 45000 150010 10.2871
190000 45000 150007 6.8906
195000 45000 150008 8.30135
190000 50000 150008 7.71251
195000 50000 150009 8.50557
195000 45000 150008 8.30135
200000 45000 150010 10.2871
195000 50000 150009 8.50557
200000 50000 150010 10.4899
200000 40000 150011 11.1554
205000 40000 150009 8.73539
200000 45000 150010 10.2871
205000 45000 150007 7.07623
205000 40000 150009 8.73539
210000 40000 150007 7.13793
205000 45000 150007 7.07623
210000 45000 150007 6.92187
200000 45000 150010 10.2871
205000 45000 150007 7.07623
200000 50000 150010 10.4899
205000 50000 150010 10.0439
205000 45000 150007 7.07623
210000 45000 150007 6.92187
205000 50000 150010 10.0439
210000 50000 150009 9.03643
210000 40000 150007 7.13793
215000 40000 150006 5.85927
210000 45000 150007 6.92187
215000 45000 150004 3.90781
215000 40000 150006 5.85927
220000 40000 150004 3.7825
215000 45000 150004 3.90781
220000 45000 150009 8.65879
210000 45000 150007 6.92187
215000 45000 150004 3.90781
210000 50000 150009 9.03643
215000 50000 150005 5.27446
215000 45000 150004 3.90781
220000 45000 150009 8.65879
215000 50000 150005 5.27446
220000 50000 150004 3.91799
220000 40000 150004 3.7825
225000 40000 150003 3.27691
220000 45000 150009 8.65879
225000 45000 150008 7.67571
225000 40000 150003 3.27691
230000 40000 150007 6.89096
225000 45000 150008 7.67571
230000 45000 150003 3.06383
220000 45000 150009 8.65879
225000 45000 150008 7.67571
220000 50000 150004 3.91799
225000 50000 150007 7.23855
225000 45000 150008 7.67571
230000 45000 150003 3.06383
225000 50000 150007 7.23855
230000 50000 150002 1.79868
230000 40000 150007 6.89096
235000 40000 150003 3.1619
230000 45000 150003 3.06383
235000 45000 150003 3.2981
235000 40000 150003 3.1619
240000 40000 150003 2.95505
235000 45000 150003 3.2981
240000 45000 150002 1.89943
230000 45000 150003 3.06383
235000 45000 150003 3.2981
230000 50000 150002 1.79868
235000 50000 150004 3.80724
235000 45000 150003 3.2981
240000 45000 150002 1.89943
235000 50000 150004 3.80724
240000 50000 150005 5.32763
160000 50000 150004 4.24836
165000 50000 150006 5.57625
160000 55000 150008 8.44024
165000 55000 150008 7.90948
165000 50000 150006 5.57625
170000 50000 150009 9.16115
165000 55000 150008 7.90948
170000 55000 150006 5.82363
160000 55000 150008 8.44024
165000 55000 150008 7.90948
160000 60000 149998 -1.61149
165000 60000 150010 9.54584
165000 55000 150008 7.90948
170000 55000 150006 5.82363
165000 60000 150010 9.54584
170000 60000 150007 6.68125
170000 50000 150009 9.16115
175000 50000 150006 6.39764
170000 55000 150006 5.82363
175000 55000 150007 6.80644
175000 50000 150006 6.39764
180000 50000 150009 8.88472
175000 55000 150007 6.80644
180000 55000 150008 8.23499
170000 55000 150006 5.82363
175000 55000 150007 6.80644
170000 60000 150007 6.68125
175000 60000 150012 12.2711
175000 55000 150007 6.80644
180000 55000 150008 8.23499
175000 60000 150012 12.2711
180000 60000 150009 9.27
180000 50000 150009 8.88472
185000 50000 150007 6.66386
180000 55000 150008 8.23499
185000 55000 150010 9.50139
185000 50000 150007 6.66386
190000 50000 150008 7.71251
185000 55000 150010 9.50139
190000 55000 150011 10.8888
180000 55000 150008 8.23499
185000 55000 150010 9.50139
180000 60000 150009 9.27
185000 60000 150007 7.101
185000 55000 150010 9.50139
190000 55000 150011 10.8888
185000 60000 150007 7.101
190000 60000 150007 7.13703
190000 50000 150008 7.71251
195000 50000 150009 8.50557
190000 55000 150011 10.8888
195000 55000 150009 9.01843
195000 50000 150009 8.50557
200000 50000 150010 10.4899
195000 55000 150009 9.01843
200000 55000 150008 7.65541
190000 55000 150011 10.8888
195000 55000 150009 9.01843
190000 60000 150007 7.13703
195000 60000 150007 7.42502
195000 55000 150009 9.01843
200000 55000 150008 7.65541
195000 60000 150007 7.42502
200000 60000 150008 8.06476
200000 50000 150010 10.4899
205000 50000 150010 10.0439
200000 55000 150008 7.65541
205000 55000 150006 6.10057
205000 50000 150010 10.0439
210000 50000 150009 9.03643
205000 55000 150006 6.10057
210000 55000 150006 5.74824
200000 55000 150008 7.65541
205000 55000 150006 6.10057
200000 60000 150008 8.06476
205000 60000 150012 11.6061
205000 55000 150006 6.10057
210000 55000 150006 5.74824
205000 60000 150012 11.6061
210000 60000 150009 8.80029
210000 50000 150009 9.03643
215000 50000 150005 5.27446
210000 55000 150006 5.74824
215000 55000 150007 6.70157
215000 50000 150005 5.27446
220000 50000 150004 3.91799
215000 55000 150007 6.70157
220000 55000 150005 4.53302
210000 55000 150006 5.74824
215000 55000 150007 6.70157
210000 60000 150009 8.80029
215000 60000 150008 8.36336
215000 55000 150007 6.70157
220000 55000 150005 4.53302
215000 60000 150008 8.36336
220000 60000 150004 4.35912
220000 50000 150004 3.91799
225000 50000 150007 7.23855
220000 55000 150005 4.53302
225000 55000 150004 3.72001
225000 50000 150007 7.23855
230000 50000 150002 1.79868
225000 55000 150004 3.72001
230000 55000 150006 5.69284
220000 55000 150005 4.53302
225000 55000 150004 3.72001
220000 60000 150004 4.35912
225000 60000 150005 4.88985
225000 55000 150004 3.72001
230000 55000 150006 5.69284
225000 60000 150005 4.88985
230000 60000 150003 3.08693
230000 50000 150002 1.79868
235000 50000 150004 3.80724
230000 55000 150006 5.69284
235000 55000 150005 4.86493
235000 50000 150004 3.80724
240000 50000 150005 5.32763
235000 55000 150005 4.86493
240000 55000 150004 3.96745
230000 55000 150006 5.69284
235000 55000 150005 4.86493
230000 60000 150003 3.08693
235000 60000 150003 2.79404
235000 55000 150005 4.86493
240000 55000 150004 3.96745
235000 60000 150003 2.79404
240000 60000 150003 3.45687
160000 60000 149998 -1.61149
165000 60000 150010 9.54584
160000 65000 149998 -1.64005
165000 65000 150003 2.58613
165000 60000 150010 9.54584
170000 60000 150007 6.68125
165000 65000 150003 2.58613
170000 65000 150008 7.70391
160000 65000 149998 -1.64005
165000 65000 150003 2.58613
160000 70000 149993 -6.64118
165000 70000 150001 1.08657
165000 65000 150003 2.58613
170000 65000 150008 7.70391
165000 70000 150001 1.08657
170000 70000 150010 9.8313
170000 60000 150007 6.68125
175000 60000 150012 12.2711
170000 65000 150008 7.70391
175000 65000 150012 11.9464
175000 60000 150012 12.2711
180000 60000 150009 9.27
175000 65000 150012 11.9464
180000 65000 150009 9.05702
170000 65000 150008 7.70391
175000 65000 150012 11.9464
170000 70000 150010 9.8313
175000 70000 150008 7.82771
175000 65000 150012 11.9464
180000 65000 150009 9.05702
175000 70000 150008 7.82771
180000 70000 150007 6.79661
180000 60000 150009 9.27
185000 60000 150007 7.101
180000 65000 150009 9.05702
185000 65000 150008 7.64632
185000 60000 150007 7.101
190000 60000 150007 7.13703
185000 65000 150008 7.64632
190000 65000 150010 10.0479
180000 65000 150009 9.05702
185000 65000 150008 7.64632
180000 70000 150007 6.79661
185000 70000 150008 7.81191
185000 65000 150008 7.64632
190000 65000 150010 10.0479
185000 70000 150008 7.81191
190000 70000 150010 10.0889
190000 60000 150007 7.13703
195000 60000 150007 7.42502
190000 65000 150010 10.0479
195000 65000 150007 6.77839
195000 60000 150007 7.42502
200000 60000 150008 8.06476
195000 65000 150007 6.77839
200000 65000 150011 11.4804
190000 65000 150010 10.0479
195000 65000 150007 6.77839
190000 70000 150010 10.0889
195000 70000 150013 12.6758
195000 65000 150007 6.77839
200000 65000 150011 11.4804
195000 70000 150013 12.6758
200000 70000 150008 8.22731
160000 70000 149993 -6.64118
165000 70000 150001 1.08657
160000 75000 149985 -15.1888
165000 75000 149999 -1.09299
165000 70000 150001 1.08657
170000 70000 150010 9.8313
165000 75000 149999 -1.09299
170000 75000 150002 1.84878
160000 75000 149985 -15.1888
165000 75000 149999 -1.09299
160000 80000 149988 -12.3689
165000 80000 149991 -9.09281
165000 75000 149999 -1.09299
170000 75000 150002 1.84878
165000 80000 149991 -9.09281
170000 80000 150001 0.576215
170000 70000 150010 9.8313
175000 70000 150008 7.82771
170000 75000 150002 1.84878
175000 75000 150006 6.30547
175000 70000 150008 7.82771
180000 70000 150007 6.79661
175000 75000 150006 6.30547
180000 75000 150009 9.07613
170000 75000 150002 1.84878
175000 75000 150006 6.30547
170000 80000 150001 0.576215
175000 80000 150012 11.6936
175000 75000 150006 6.30547
180000 75000 150009 9.07613
175000 80000 150012 11.6936
180000 80000 150010 9.80608
180000 70000 150007 6.79661
185000 70000 150008 7.81191
180000 75000 150009 9.07613
185000 75000 150013 12.5592
185000 70000 150008 7.81191
190000 70000 150010 10.0889
185000 75000 150013 12.5592
190000 75000 150013 13.3151
180000 75000 150009 9.07613
185000 75000 150013 12.5592
180000 80000 150010 9.80608
185000 80000 150010 9.69304
185000 75000 150013 12.5592
190000 75000 150013 13.3151
185000 80000 150010 9.69304
190000 80000 150013 13.2665
190000 70000 150010 10.0889
195000 70000 150013 12.6758
190000 75000 150013 13.3151
195000 75000 150009 9.15501
195000 70000 150013 12.6758
200000 70000 150008 8.22731
195000 75000 150009 9.15501
200000 75000 150007 7.45583
190000 75000 150013 13.3151
195000 75000 150009 9.15501
190000 80000 150013 13.2665
195000 80000 150012 12.3977
195000 75000 150009 9.15501
200000 75000 150007 7.45583
195000 80000 150012 12.3977
200000 80000 150013 13.3101
110000 80000 150005 5.23379
115000 80000 150002 2.43017
110000 85000 150002 2.09302
115000 85000 150002 2.20847
115000 80000 150002 2.43017
120000 80000 150005 4.56342
115000 85000 150002 2.20847
120000 85000 150007 6.60257
110000 85000 150002 2.09302
115000 85000 150002 2.20847
110000 90000 150001 1.21083
115000 90000 150002 2.08376
115000 85000 150002 2.20847
120000 85000 150007 6.60257
115000 90000 150002 2.08376
120000 90000 150001 1.17975
120000 80000 150005 4.56342
125000 80000 150006 6.11102
120000 85000 150007 6.60257
125000 85000 150003 3.27684
125000 80000 150006 6.11102
130000 80000 150003 3.3965
125000 85000 150003 3.27684
130000 85000 150007 7.46294
120000 85000 150007 6.60257
125000 85000 150003 3.27684
120000 90000 150001 1.17975
125000 90000 150003 3.35424
125000 85000 150003 3.27684
130000 85000 150007 7.46294
125000 90000 150003 3.35424
130000 90000 150005 5.25259
130000 80000 150003 3.3965
135000 80000 150004 4.25547
130000 85000 150007 7.46294
135000 85000 150008 8.22357
135000 80000 150004 4.25547
140000 80000 150006 5.96339
135000 85000 150008 8.22357
140000 85000 150006 6.16076
130000 85000 150007 7.46294
135000 85000 150008 8.22357
130000 90000 150005 5.25259
135000 90000 150005 4.93946
135000 85000 150008 8.22357
140000 85000 150006 6.16076
135000 90000 150005 4.93946
140000 90000 150004 3.78313
140000 80000 150006 5.96339
145000 80000 150006 6.43677
140000 85000 150006 6.16076
145000 85000 150004 3.66438
145000 80000 150006 6.43677
150000 80000 149999 -0.773063
145000 85000 150004 3.66438
150000 85000 150002 2.44027
140000 85000 150006 6.16076
145000 85000 150004 3.66438
140000 90000 150004 3.78313
145000 90000 150004 3.53021
145000 85000 150004 3.66438
150000 85000 150002 2.44027
145000 90000 150004 3.53021
150000 90000 150005 4.80964
150000 80000 149999 -0.773063
155000 80000 149993 -7.43738
150000 85000 150002 2.44027
155000 85000 149997 -2.75717
155000 80000 149993 -7.43738
160000 80000 149988 -12.3689
155000 85000 149997 -2.75717
160000 85000 149992 -8.07953
150000 85000 150002 2.44027
155000 85000 149997 -2.75717
150000 90000 150005 4.80964
155000 90000 150002 1.75074
155000 85000 149997 -2.75717
160000 85000 149992 -8.07953
155000 90000 150002 1.75074
160000 90000 149999 -1.25556
100000 90000 150002 2.05825
105000 90000 150000 0.463464
100000 95000 150000 -0.441856
105000 95000 150000 0.472695
105000 90000 150000 0.463464
110000 90000 150001 1.21083
105000 95000 150000 0.472695
110000 95000 150005 4.89822
100000 95000 150000 -0.441856
105000 95000 150000 0.472695
100000 100000 150001 1.25729
105000 100000 150003 2.68018
105000 95000 150000 0.472695
110000 95000 150005 4.89822
105000 100000 150003 2.68018
110000 100000 150001 1.05083
110000 90000 150001 1.21083
115000 90000 150002 2.08376
110000 95000 150005 4.89822
115000 95000 150002 1.9264
115000 90000 150002 2.08376
120000 90000 150001 1.17975
115000 95000 150002 1.9264
120000 95000 150003 2.87546
110000 95000 150005 4.89822
115000 95000 150002 1.9264
110000 100000 150001 1.05083
115000 100000 150006 6.47529
115000 95000 150002 1.9264
120000 95000 150003 2.87546
115000 100000 150006 6.47529
120000 100000 150003 2.87832
120000 90000 150001 1.17975
125000 90000 150003 3.35424
120000 95000 150003 2.87546
125000 95000 150004 3.69446
125000 90000 150003 3.35424
130000 90000 150005 5.25259
125000 95000 150004 3.69446
130000 95000 150005 5.32134
120000 95000 150003 2.87546
125000 95000 150004 3.69446
120000 100000 150003 2.87832
125000 100000 150003 3.12789
125000 95000 150004 3.69446
130000 95000 150005 5.32134
125000 100000 150003 3.12789
130000 100000 150005 5.23254
130000 90000 150005 5.25259
135000 90000 150005 4.93946
130000 95000 150005 5.32134
135000 95000 150004 3.77672
135000 90000 150005 4.93946
140000 90000 150004 3.78313
135000 95000 150004 3.77672
140000 95000 150008 8.13225
130000 95000 150005 5.32134
135000 95000 150004 3.77672
130000 100000 150005 5.23254
135000 100000 150004 3.79447
135000 95000 150004 3.77672
140000 95000 150008 8.13225
135000 100000 150004 3.79447
140000 100000 150004 3.7945
140000 90000 150004 3.78313
145000 90000 150004 3.53021
140000 95000 150008 8.13225
145000 95000 150008 8.21931
145000 90000 150004 3.53021
150000 90000 150005 4.80964
145000 95000 150008 8.21931
150000 95000 150003 3.10836
140000 95000 150008 8.13225
145000 95000 150008 8.21931
140000 100000 150004 3.7945
145000 100000 150004 4.31274
145000 95000 150008 8.21931
150000 95000 150003 3.10836
145000 100000 150004 4.31274
150000 100000 150007 7.02695
150000 90000 150005 4.80964
155000 90000 150002 1.75074
150000 95000 150003 3.10836
155000 95000 150001 1.13514
155000 90000 150002 1.75074
160000 90000 149999 -1.25556
155000 95000 150001 1.13514
160000 95000 150003 3.44573
150000 95000 150003 3.10836
155000 95000 150001 1.13514
150000 100000 150007 7.02695
155000 100000 150002 2.358
155000 95000 150001 1.13514
160000 95000 150003 3.44573
155000 100000 150002 2.358
160000 100000 150001 0.657572
80000 100000 149995 -4.83054
85000 100000 149998 -1.93468
80000 105000 150000 -0.0547663
85000 105000 149996 -4.39783
85000 100000 149998 -1.93468
90000 100000 149997 -2.53719
85000 105000 149996 -4.39783
90000 105000 149998 -2.17572
80000 105000 150000 -0.0547663
85000 105000 149996 -4.39783
80000 110000 149999 -1.27761
85000 110000 149995 -5.08578
85000 105000 149996 -4.39783
90000 105000 149998 -2.17572
85000 110000 149995 -5.08578
90000 110000 150001 0.967098
90000 100000 149997 -2.53719
95000 100000 150000 -0.015842
90000 105000 149998 -2.17572
95000 105000 150000 -0.473736
95000 100000 150000 -0.015842
100000 100000 150001 1.25729
95000 105000 150000 -0.473736
100000 105000 149999 -0.763801
90000 105000 149998 -2.17572
95000 105000 150000 -0.473736
90000 110000 150001 0.967098
95000 110000 150003 2.80642
95000 105000 150000 -0.473736
100000 105000 149999 -0.763801
95000 110000 150003 2.80642
100000 110000 149999 -0.77407
100000 100000 150001 1.25729
105000 100000 150003 2.68018
100000 105000 149999 -0.763801
105000 105000 150000 0.300256
105000 100000 150003 2.68018
110000 100000 150001 1.05083
105000 105000 150000 0.300256
110000 105000 150000 -0.182025
100000 105000 149999 -0.763801
105000 105000 150000 0.300256
100000 110000 149999 -0.77407
105000 110000 150005 4.98259
105000 105000 150000 0.300256
110000 105000 150000 -0.182025
105000 110000 150005 4.98259
110000 110000 150005 5.23153
110000 100000 150001 1.05083
115000 100000 150006 6.47529
110000 105000 150000 -0.182025
115000 105000 150003 2.55408
115000 100000 150006 6.47529
120000 100000 150003 2.87832
115000 105000 150003 2.55408
120000 105000 150004 3.84762
110000 105000 150000 -0.182025
115000 105000 150003 2.55408
110000 110000 150005 5.23153
115000 110000 150001 1.18599
115000 105000 150003 2.55408
120000 105000 150004 3.84762
115000 110000 150001 1.18599
120000 110000 150003 3.17519
120000 100000 150003 2.87832
125000 100000 150003 3.12789
120000 105000 150004 3.84762
125000 105000 150004 3.6294
125000 100000 150003 3.12789
130000 100000 150005 5.23254
125000 105000 150004 3.6294
130000 105000 150009 8.93799
120000 105000 150004 3.84762
125000 105000 150004 3.6294
120000 110000 150003 3.17519
125000 110000 150004 3.91756
125000 105000 150004 3.6294
130000 105000 150009 8.93799
125000 110000 150004 3.91756
130000 110000 150004 3.8735
130000 100000 150005 5.23254
135000 100000 150004 3.79447
130000 105000 150009 8.93799
135000 105000 150005 4.997
135000 100000 150004 3.79447
140000 100000 150004 3.7945
135000 105000 150005 4.997
140000 105000 150004 3.79447
130000 105000 150009 8.93799
135000 105000 150005 4.997
130000 110000 150004 3.8735
135000 110000 150009 8.9095
135000 105000 150005 4.997
140000 105000 150004 3.79447
135000 110000 150009 8.9095
140000 110000 150006 6.12409
140000 100000 150004 3.7945
145000 100000 150004 4.31274
140000 105000 150004 3.79447
145000 105000 150002 1.60313
145000 100000 150004 4.31274
150000 100000 150007 7.02695
145000 105000 150002 1.60313
150000 105000 150002 2.02758
140000 105000 150004 3.79447
145000 105000 150002 1.60313
140000 110000 150006 6.12409
145000 110000 150006 5.63842
145000 105000 150002 1.60313
150000 105000 150002 2.02758
145000 110000 150006 5.63842
150000 110000 150001 1.36231
150000 100000 150007 7.02695
155000 100000 150002 2.358
150000 105000 150002 2.02758
155000 105000 150002 2.03413
155000 100000 150002 2.358
160000 100000 150001 0.657572
155000 105000 150002 2.03413
160000 105000 150001 1.27563
150000 105000 150002 2.02758
155000 105000 150002 2.03413
150000 110000 150001 1.36231
155000 110000 150004 4.478
155000 105000 150002 2.03413
160000 105000 150001 1.27563
155000 110000 150004 4.478
160000 110000 150006 6.25653
80000 110000 149999 -1.27761
85000 110000 149995 -5.08578
80000 115000 149995 -5.21473
85000 115000 150000 -0.398616
85000 110000 149995 -5.08578
90000 110000 150001 0.967098
85000 115000 150000 -0.398616
90000 115000 149998 -2.15678
80000 115000 149995 -5.21473
85000 115000 150000 -0.398616
80000 120000 149995 -4.65499
85000 120000 149999 -1.0855
85000 115000 150000 -0.398616
90000 115000 149998 -2.15678
85000 120000 149999 -1.0855
90000 120000 149997 -2.51889
90000 110000 150001 0.967098
95000 110000 150003 2.80642
90000 115000 149998 -2.15678
95000 115000 149999 -1.04413
95000 110000 150003 2.80642
100000 110000 149999 -0.77407
95000 115000 149999 -1.04413
100000 115000 150001 0.5766
90000 115000 149998 -2.15678
95000 115000 149999 -1.04413
90000 120000 149997 -2.51889
95000 120000 149998 -2.1913
95000 115000 149999 -1.04413
100000 115000 150001 0.5766
95000 120000 149998 -2.1913
100000 120000 150000 -0.156435
100000 110000 149999 -0.77407
105000 110000 150005 4.98259
100000 115000 150001 0.5766
105000 115000 150002 2.11992
105000 110000 150005 4.98259
110000 110000 150005 5.23153
105000 115000 150002 2.11992
110000 115000 150003 3.41088
100000 115000 150001 0.5766
105000 115000 150002 2.11992
100000 120000 150000 -0.156435
105000 120000 150000 0.00550714
105000 115000 150002 2.11992
110000 115000 150003 3.41088
105000 120000 150000 0.00550714
110000 120000 150006 5.6408
110000 110000 150005 5.23153
115000 110000 150001 1.18599
110000 115000 150003 3.41088
115000 115000 150005 5.2697
115000 110000 150001 1.18599
120000 110000 150003 3.17519
115000 115000 150005 5.2697
120000 115000 150007 6.90284
110000 115000 150003 3.41088
115000 115000 150005 5.2697
110000 120000 150006 5.6408
115000 120000 150000 0.461836
115000 115000 150005 5.2697
120000 115000 150007 6.90284
115000 120000 150000 0.461836
120000 120000 150007 7.17768
120000 110000 150003 3.17519
125000 110000 150004 3.91756
120000 115000 150007 6.90284
125000 115000 150004 4.21755
125000 110000 150004 3.91756
130000 110000 150004 3.8735
125000 115000 150004 4.21755
130000 115000 150005 4.73352
120000 115000 150007 6.90284
125000 115000 150004 4.21755
120000 120000 150007 7.17768
125000 120000 150006 6.3261
125000 115000 150004 4.21755
130000 115000 150005 4.73352
125000 120000 150006 6.3261
130000 120000 150004 3.8613
130000 110000 150004 3.8735
135000 110000 150009 8.9095
130000 115000 150005 4.73352
135000 115000 150007 7.1659
135000 110000 150009 8.9095
140000 110000 150006 6.12409
135000 115000 150007 7.1659
140000 115000 150004 4.21026
130000 115000 150005 4.73352
135000 115000 150007 7.1659
130000 120000 150004 3.8613
135000 120000 150005 4.64049
135000 115000 150007 7.1659
140000 115000 150004 4.21026
135000 120000 150005 4.64049
140000 120000 150006 6.01904
140000 110000 150006 6.12409
145000 110000 150006 5.63842
140000 115000 150004 4.21026
145000 115000 150002 2.37231
145000 110000 150006 5.63842
150000 110000 150001 1.36231
145000 115000 150002 2.37231
150000 115000 150002 2.09976
140000 115000 150004 4.21026
145000 115000 150002 2.37231
140000 120000 150006 6.01904
145000 120000 150002 1.81527
145000 115000 150002 2.37231
150000 115000 150002 2.09976
145000 120000 150002 1.81527
150000 120000 150005 4.633
150000 110000 150001 1.36231
155000 110000 150004 4.478
150000 115000 150002 2.09976
155000 115000 150000 0.452646
155000 110000 150004 4.478
160000 110000 150006 6.25653
155000 115000 150000 0.452646
160000 115000 150002 1.81734
150000 115000 150002 2.09976
155000 115000 150000 0.452646
150000 120000 150005 4.633
155000 120000 150005 5.49071
155000 115000 150000 0.452646
160000 115000 150002 1.81734
155000 120000 150005 5.49071
160000 120000 150006 6.03367
240000 0 150007 6.67153
245000 0 149999 -0.567332
240000 5000 150004 4.44551
245000 5000 150003 2.88325
245000 0 149999 -0.567332
250000 0 150003 3.17515
245000 5000 150003 2.88325
250000 5000 150002 1.79735
240000 5000 150004 4.44551
245000 5000 150003 2.88325
240000 10000 150002 1.97573
245000 10000 150001 1.02086
245000 5000 150003 2.88325
250000 5000 150002 1.79735
245000 10000 150001 1.02086
250000 10000 150002 2.46606
250000 0 150003 3.17515
255000 0 150000 -0.381346
250000 5000 150002 1.79735
255000 5000 150004 3.90218
255000 0 150000 -0.381346
260000 0 150003 3.42361
255000 5000 150004 3.90218
260000 5000 150002 2.14885
250000 5000 150002 1.79735
255000 5000 150004 3.90218
250000 10000 150002 2.46606
255000 10000 150001 0.679274
255000 5000 150004 3.90218
260000 5000 150002 2.14885
255000 10000 150001 0.679274
260000 10000 150005 5.31305
260000 0 150003 3.42361
265000 0 149999 -1.14999
260000 5000 150002 2.14885
265000 5000 150003 2.65961
265000 0 149999 -1.14999
270000 0 150004 3.97469
265000 5000 150003 2.65961
270000 5000 150002 2.28503
260000 5000 150002 2.14885
265000 5000 150003 2.65961
260000 10000 150005 5.31305
265000 10000 150002 2.09843
265000 5000 150003 2.65961
270000 5000 150002 2.28503
265000 10000 150002 2.09843
270000 10000 150001 0.895138
270000 0 150004 3.97469
275000 0 149999 -0.969319
270000 5000 150002 2.28503
275000 5000 150005 4.88067
275000 0 149999 -0.969319
280000 0 150000 0.255704
275000 5000 150005 4.88067
280000 5000 150000 -0.231026
270000 5000 150002 2.28503
275000 5000 150005 4.88067
270000 10000 150001 0.895138
275000 10000 150001 1.33975
275000 5000 150005 4.88067
280000 5000 150000 -0.231026
275000 10000 150001 1.33975
280000 10000 150002 2.48091
280000 0 150000 0.255704
285000 0 150002 2.42114
280000 5000 150000 -0.231026
285000 5000 150002 1.55837
285000 0 150002 2.42114
290000 0 150004 4.02847
285000 5000 150002 1.55837
290000 5000 150005 5.43827
280000 5000 150000 -0.231026
285000 5000 150002 1.55837
280000 10000 150002 2.48091
285000 10000 150002 2.35091
285000 5000 150002 1.55837
290000 5000 150005 5.43827
285000 10000 150002 2.35091
290000 10000 150001 1.06044
290000 0 150004 4.02847
295000 0 150002 1.87541
290000 5000 150005 5.43827
295000 5000 150002 1.609
295000 0 150002 1.87541
300000 0 149999 -0.805389
295000 5000 150002 1.609
300000 5000 150002 1.5939
290000 5000 150005 5.43827
295000 5000 150002 1.609
290000 10000 150001 1.06044
295000 10000 150003 3.05732
295000 5000 150002 1.609
300000 5000 150002 1.5939
295000 10000 150003 3.05732
300000 10000 150003 3.02653
240000 10000 150002 1.97573
245000 10000 150001 1.02086
240000 15000 150001 1.0925
245000 15000 150005 5.04164
245000 10000 150001 1.02086
250000 10000 150002 2.46606
245000 15000 150005 5.04164
250000 15000 150005 4.58656
240000 15000 150001 1.0925
245000 15000 150005 5.04164
240000 20000 150003 2.8049
245000 20000 150000 0.27561
245000 15000 150005 5.04164
250000 15000 150005 4.58656
245000 20000 150000 0.27561
250000 20000 150001 1.46354
250000 10000 150002 2.46606
255000 10000 150001 0.679274
250000 15000 150005 4.58656
255000 15000 150004 3.60238
255000 10000 150001 0.679274
260000 10000 150005 5.31305
255000 15000 150004 3.60238
260000 15000 150002 1.5666
250000 15000 150005 4.58656
255000 15000 150004 3.60238
250000 20000 150001 1.46354
255000 20000 150003 2.50461
255000 15000 150004 3.60238
260000 15000 150002 1.5666
255000 20000 150003 2.50461
260000 20000 150004 3.94453
260000 10000 150005 5.31305
265000 10000 150002 2.09843
260000 15000 150002 1.5666
265000 15000 150004 4.25714
265000 10000 150002 2.09843
270000 10000 150001 0.895138
265000 15000 150004 4.25714
270000 15000 150001 1.14671
260000 15000 150002 1.5666
265000 15000 150004 4.25714
260000 20000 150004 3.94453
265000 20000 150000 -0.236711
265000 15000 150004 4.25714
270000 15000 150001 1.14671
265000 20000 150000 -0.236711
270000 20000 150004 3.62584
270000 10000 150001 0.895138
275000 10000 150001 1.33975
270000 15000 150001 1.14671
275000 15000 150003 2.55286
275000 10000 150001 1.33975
280000 10000 150002 2.48091
275000 15000 150003 2.55286
280000 15000 150003 2.83804
270000 15000 150001 1.14671
275000 15000 150003 2.55286
270000 20000 150004 3.62584
275000 20000 150001 0.95857
275000 15000 150003 2.55286
280000 15000 150003 2.83804
275000 20000 150001 0.95857
280000 20000 150001 0.985747
280000 10000 150002 2.48091
285000 10000 150002 2.35091
280000 15000 150003 2.83804
285000 15000 150002 1.83429
285000 10000 150002 2.35091
290000 10000 150001 1.06044
285000 15000 150002 1.83429
290000 15000 149999 -0.761653
280000 15000 150003 2.83804
285000 15000 150002 1.83429
280000 20000 150001 0.985747
285000 20000 150001 0.55586
285000 15000 150002 1.83429
290000 15000 149999 -0.761653
285000 20000 150001 0.55586
290000 20000 150001 1.40763
290000 10000 150001 1.06044
295000 10000 150003 3.05732
290000 15000 149999 -0.761653
295000 15000 150001 0.586841
295000 10000 150003 3.05732
300000 10000 150003 3.02653
295000 15000 150001 0.586841
300000 15000 150002 2.25875
290000 15000 149999 -0.761653
295000 15000 150001 0.586841
290000 20000 150001 1.40763
295000 20000 150001 1.04547
295000 15000 150001 0.586841
300000 15000 150002 2.25875
295000 20000 150001 1.04547
300000 20000 150000 0.119528
240000 20000 150003 2.8049
245000 20000 150000 0.27561
240000 25000 150006 5.7693
245000 25000 150004 3.84354
245000 20000 150000 0.27561
250000 20000 150001 1.46354
245000 25000 150004 3.84354
250000 25000 150001 0.784825
240000 25000 150006 5.7693
245000 25000 150004 3.84354
240000 30000 150003 3.19026
245000 30000 150000 0.425554
245000 25000 150004 3.84354
250000 25000 150001 0.784825
245000 30000 150000 0.425554
250000 30000 150004 4.02556
250000 20000 150001 1.46354
255000 20000 150003 2.50461
250000 25000 150001 0.784825
255000 25000 150004 3.70852
255000 20000 150003 2.50461
260000 20000 150004 3.94453
255000 25000 150004 3.70852
260000 25000 150001 1.49368
250000 25000 150001 0.784825
255000 25000 150004 3.70852
250000 30000 150004 4.02556
255000 30000 150003 3.28715
255000 25000 150004 3.70852
260000 25000 150001 1.49368
255000 30000 150003 3.28715
260000 30000 150002 2.05181
260000 20000 150004 3.94453
265000 20000 150000 -0.236711
260000 25000 150001 1.49368
265000 25000 150001 0.905622
265000 20000 150000 -0.236711
270000 20000 150004 3.62584
265000 25000 150001 0.905622
270000 25000 150000 -0.489269
260000 25000 150001 1.49368
265000 25000 150001 0.905622
260000 30000 150002 2.05181
265000 30000 150005 4.79993
265000 25000 150001 0.905622
270000 25000 150000 -0.489269
265000 30000 150005 4.79993
270000 30000 150003 3.29694
270000 20000 150004 3.62584
275000 20000 150001 0.95857
270000 25000 150000 -0.489269
275000 25000 150003 2.76987
275000 20000 150001 0.95857
280000 20000 150001 0.985747
275000 25000 150003 2.76987
280000 25000 150004 4.26954
270000 25000 150000 -0.489269
275000 25000 150003 2.76987
270000 30000 150003 3.29694
275000 30000 150003 3.40372
275000 25000 150003 2.76987
280000 25000 150004 4.26954
275000 30000 150003 3.40372
280000 30000 150004 3.79956
280000 20000 150001 0.985747
285000 20000 150001 0.55586
280000 25000 150004 4.26954
285000 25000 150000 -0.191784
285000 20000 150001 0.55586
290000 20000 150001 1.40763
285000 25000 150000 -0.191784
290000 25000 150001 1.22605
280000 25000 150004 4.26954
285000 25000 150000 -0.191784
280000 30000 150004 3.79956
285000 30000 150000 -0.176063
285000 25000 150000 -0.191784
290000 25000 150001 1.22605
285000 30000 150000 -0.176063
290000 30000 150003 2.56028
290000 20000 150001 1.40763
295000 20000 150001 1.04547
290000 25000 150001 1.22605
295000 25000 150000 0.3484
295000 20000 150001 1.04547
300000 20000 150000 0.119528
295000 25000 150000 0.3484
300000 25000 150001 0.666407
290000 25000 150001 1.22605
295000 25000 150000 0.3484
290000 30000 150003 2.56028
295000 30000 150000 -0.0408807
295000 25000 150000 0.3484
300000 25000 150001 0.666407
295000 30000 150000 -0.0408807
300000 30000 150001 0.641589
240000 30000 150003 3.19026
245000 30000 150000 0.425554
240000 35000 150001 1.03904
245000 35000 150002 2.33546
245000 30000 150000 0.425554
250000 30000 150004 4.02556
245000 35000 150002 2.33546
250000 35000 150004 3.92105
240000 35000 150001 1.03904
245000 35000 150002 2.33546
240000 40000 150003 2.95505
245000 40000 150002 1.54871
245000 35000 150002 2.33546
250000 35000 150004 3.92105
245000 40000 150002 1.54871
250000 40000 150004 3.93243
250000 30000 150004 4.02556
255000 30000 150003 3.28715
250000 35000 150004 3.92105
255000 35000 150004 3.78363
255000 30000 150003 3.28715
260000 30000 150002 2.05181
255000 35000 150004 3.78363
260000 35000 150001 1.08407
250000 35000 150004 3.92105
255000 35000 150004 3.78363
250000 40000 150004 3.93243
255000 40000 150003 3.25046
255000 35000 150004 3.78363
260000 35000 150001 1.08407
255000 40000 150003 3.25046
260000 40000 150004 4.06688
260000 30000 150002 2.05181
265000 30000 150005 4.79993
260000 35000 150001 1.08407
265000 35000 150002 2.44864
265000 30000 150005 4.79993
270000 30000 150003 3.29694
265000 35000 150002 2.44864
270000 35000 150001 1.29147
260000 35000 150001 1.08407
265000 35000 150002 2.44864
260000 40000 150004 4.06688
265000 40000 150003 2.59893
265000 35000 150002 2.44864
270000 35000 150001 1.29147
265000 40000 150003 2.59893
270000 40000 150002 1.97143
270000 30000 150003 3.29694
275000 30000 150003 3.40372
270000 35000 150001 1.29147
275000 35000 150003 3.37247
275000 30000 150003 3.40372
280000 30000 150004 3.79956
275000 35000 150003 3.37247
280000 35000 150004 3.50613
270000 35000 150001 1.29147
275000 35000 150003 3.37247
270000 40000 150002 1.97143
275000 40000 150003 3.31917
275000 35000 150003 3.37247
280000 35000 150004 3.50613
275000 40000 150003 3.31917
280000 40000 150001 0.779056
280000 30000 150004 3.79956
285000 30000 150000 -0.176063
280000 35000 150004 3.50613
285000 35000 150002 2.35456
285000 30000 150000 -0.176063
290000 30000 150003 2.56028
285000 35000 150002 2.35456
290000 35000 150003 3.4722
280000 35000 150004 3.50613
285000 35000 150002 2.35456
280000 40000 150001 0.779056
285000 40000 150003 2.83822
285000 35000 150002 2.35456
290000 35000 150003 3.4722
285000 40000 150003 2.83822
290000 40000 150004 4.2623
290000 30000 150003 2.56028
295000 30000 150000 -0.0408807
290000 35000 150003 3.4722
295000 35000 150004 4.25899
295000 30000 150000 -0.0408807
300000 30000 150001 0.641589
295000 35000 150004 4.25899
300000 35000 150004 4.28459
290000 35000 150003 3.4722
295000 35000 150004 4.25899
290000 40000 150004 4.2623
295000 40000 150002 2.06635
295000 35000 150004 4.25899
300000 35000 150004 4.28459
295000 40000 150002 2.06635
300000 40000 150000 -0.100623
240000 40000 150003 2.95505
245000 40000 150002 1.54871
240000 45000 150002 1.89943
245000 45000 150003 3.39514
245000 40000 150002 1.54871
250000 40000 150004 3.93243
245000 45000 150003 3.39514
250000 45000 150000 0.444461
240000 45000 150002 1.89943
245000 45000 150003 3.39514
240000 50000 150005 5.32763
245000 50000 150001 1.49188
245000 45000 150003 3.39514
250000 45000 150000 0.444461
245000 50000 150001 1.49188
250000 50000 150005 5.13707
250000 40000 150004 3.93243
255000 40000 150003 3.25046
250000 45000 150000 0.444461
255000 45000 150001 0.707747
255000 40000 150003 3.25046
260000 40000 150004 4.06688
255000 45000 150001 0.707747
260000 45000 150002 1.87962
250000 45000 150000 0.444461
255000 45000 150001 0.707747
250000 50000 150005 5.13707
255000 50000 150005 5.04207
255000 45000 150001 0.707747
260000 45000 150002 1.87962
255000 50000 150005 5.04207
260000 50000 150004 4.29184
260000 40000 150004 4.06688
265000 40000 150003 2.59893
260000 45000 150002 1.87962
265000 45000 150001 1.23862
265000 40000 150003 2.59893
270000 40000 150002 1.97143
265000 45000 150001 1.23862
270000 45000 150002 1.50331
260000 45000 150002 1.87962
265000 45000 150001 1.23862
260000 50000 150004 4.29184
265000 50000 150004 3.77592
265000 45000 150001 1.23862
270000 45000 150002 1.50331
265000 50000 150004 3.77592
270000 50000 150005 5.26865
270000 40000 150002 1.97143
275000 40000 150003 3.31917
270000 45000 150002 1.50331
275000 45000 150004 3.78275
275000 40000 150003 3.31917
280000 40000 150001 0.779056
275000 45000 150004 3.78275
280000 45000 150001 0.948483
270000 45000 150002 1.50331
275000 45000 150004 3.78275
270000 50000 150005 5.26865
275000 50000 150002 1.83124
275000 45000 150004 3.78275
280000 45000 150001 0.948483
275000 50000 150002 1.83124
280000 50000 150003 2.99813
280000 40000 150001 0.779056
285000 40000 150003 2.83822
280000 45000 150001 0.948483
285000 45000 150001 1.2244
285000 40000 150003 2.83822
290000 40000 150004 4.2623
285000 45000 150001 1.2244
290000 45000 150002 1.53255
280000 45000 150001 0.948483
285000 45000 150001 1.2244
280000 50000 150003 2.99813
285000 50000 150001 0.574833
285000 45000 150001 1.2244
290000 45000 150002 1.53255
285000 50000 150001 0.574833
290000 50000 150005 5.08636
290000 40000 150004 4.2623
295000 40000 150002 2.06635
290000 45000 150002 1.53255
295000 45000 149999 -0.640551
295000 40000 150002 2.06635
300000 40000 150000 -0.100623
295000 45000 149999 -0.640551
300000 45000 150005 5.27471
290000 45000 150002 1.53255
295000 45000 149999 -0.640551
290000 50000 150005 5.08636
295000 50000 150004 3.694
295000 45000 149999 -0.640551
300000 45000 150005 5.27471
295000 50000 150004 3.694
300000 50000 149999 -0.640085
240000 50000 150005 5.32763
245000 50000 150001 1.49188
240000 55000 150004 3.96745
245000 55000 150005 5.03116
245000 50000 150001 1.49188
250000 50000 150005 5.13707
245000 55000 150005 5.03116
250000 55000 150001 1.42342
240000 55000 150004 3.96745
245000 55000 150005 5.03116
240000 60000 150003 3.45687
245000 60000 150001 0.568283
245000 55000 150005 5.03116
250000 55000 150001 1.42342
245000 60000 150001 0.568283
250000 60000 150006 5.71456
250000 50000 150005 5.13707
255000 50000 150005 5.04207
250000 55000 150001 1.42342
255000 55000 150002 2.38589
255000 50000 150005 5.04207
260000 50000 150004 4.29184
255000 55000 150002 2.38589
260000 55000 150000 -0.291816
250000 55000 150001 1.42342
255000 55000 150002 2.38589
250000 60000 150006 5.71456
255000 60000 150006 6.04823
255000 55000 150002 2.38589
260000 55000 150000 -0.291816
255000 60000 150006 6.04823
260000 60000 150006 5.53771
260000 50000 150004 4.29184
265000 50000 150004 3.77592
260000 55000 150000 -0.291816
265000 55000 150002 1.71394
265000 50000 150004 3.77592
270000 50000 150005 5.26865
265000 55000 150002 1.71394
270000 55000 150002 2.11949
260000 55000 150000 -0.291816
265000 55000 150002 1.71394
260000 60000 150006 5.53771
265000 60000 150003 3.27779
265000 55000 150002 1.71394
270000 55000 150002 2.11949
265000 60000 150003 3.27779
270000 60000 150002 2.25163
270000 50000 150005 5.26865
275000 50000 150002 1.83124
270000 55000 150002 2.11949
275000 55000 150001 0.668938
275000 50000 150002 1.83124
280000 50000 150003 2.99813
275000 55000 150001 0.668938
280000 55000 149999 -0.668718
270000 55000 150002 2.11949
275000 55000 150001 0.668938
270000 60000 150002 2.25163
275000 60000 150002 2.18574
275000 55000 150001 0.668938
280000 55000 149999 -0.668718
275000 60000 150002 2.18574
280000 60000 150002 2.39447
280000 50000 150003 2.99813
285000 50000 150001 0.574833
280000 55000 149999 -0.668718
285000 55000 150003 3.39422
285000 50000 150001 0.574833
290000 50000 150005 5.08636
285000 55000 150003 3.39422
290000 55000 150001 1.38797
280000 55000 149999 -0.668718
285000 55000 150003 3.39422
280000 60000 150002 2.39447
285000 60000 150001 1.00142
285000 55000 150003 3.39422
290000 55000 150001 1.38797
285000 60000 150001 1.00142
290000 60000 150004 3.85346
290000 50000 150005 5.08636
295000 50000 150004 3.694
290000 55000 150001 1.38797
295000 55000 150005 4.99931
295000 50000 150004 3.694
300000 50000 149999 -0.640085
295000 55000 150005 4.99931
300000 55000 150005 4.66672
290000 55000 150001 1.38797
295000 55000 150005 4.99931
290000 60000 150004 3.85346
295000 60000 150003 3.3415
295000 55000 150005 4.99931
300000 55000 150005 4.66672
295000 60000 150003 3.3415
300000 60000 150001 1.09279
200000 60000 150008 8.06476
205000 60000 150012 11.6061
200000 65000 150011 11.4804
205000 65000 150012 12.17
205000 60000 150012 11.6061
210000 60000 150009 8.80029
205000 65000 150012 12.17
210000 65000 150009 9.07228
200000 65000 150011 11.4804
205000 65000 150012 12.17
200000 70000 150008 8.22731
205000 70000 150006 5.72735
205000 65000 150012 12.17
210000 65000 150009 9.07228
205000 70000 150006 5.72735
210000 70000 150008 7.53812
210000 60000 150009 8.80029
215000 60000 150008 8.36336
210000 65000 150009 9.07228
215000 65000 150010 9.54437
215000 60000 150008 8.36336
220000 60000 150004 4.35912
215000 65000 150010 9.54437
220000 65000 150005 5.36946
210000 65000 150009 9.07228
215000 65000 150010 9.54437
210000 70000 150008 7.53812
215000 70000 150006 6.39882
215000 65000 150010 9.54437
220000 65000 150005 5.36946
215000 70000 150006 6.39882
220000 70000 150005 5.28727
220000 60000 150004 4.35912
225000 60000 150005 4.88985
220000 65000 150005 5.36946
225000 65000 150002 2.41317
225000 60000 150005 4.88985
230000 60000 150003 3.08693
225000 65000 150002 2.41317
230000 65000 150009 8.62307
220000 65000 150005 5.36946
225000 65000 150002 2.41317
220000 70000 150005 5.28727
225000 70000 150008 8.43033
225000 65000 150002 2.41317
230000 65000 150009 8.62307
225000 70000 150008 8.43033
230000 70000 150004 3.74193
230000 60000 150003 3.08693
235000 60000 150003 2.79404
230000 65000 150009 8.62307
235000 65000 150006 6.36886
235000 60000 150003 2.79404
240000 60000 150003 3.45687
235000 65000 150006 6.36886
240000 65000 150004 3.66351
230000 65000 150009 8.62307
235000 65000 150006 6.36886
230000 70000 150004 3.74193
235000 70000 150006 6.17851
235000 65000 150006 6.36886
240000 65000 150004 3.66351
235000 70000 150006 6.17851
240000 70000 150007 6.74672
240000 60000 150003 3.45687
245000 60000 150001 0.568283
240000 65000 150004 3.66351
245000 65000 150004 4.32063
245000 60000 150001 0.568283
250000 60000 150006 5.71456
245000 65000 150004 4.32063
250000 65000 150005 5.22186
240000 65000 150004 3.66351
245000 65000 150004 4.32063
240000 70000 150007 6.74672
245000 70000 150002 2.08889
245000 65000 150004 4.32063
250000 65000 150005 5.22186
245000 70000 150002 2.08889
250000 70000 150006 6.48465
250000 60000 150006 5.71456
255000 60000 150006 6.04823
250000 65000 150005 5.22186
255000 65000 150003 2.51157
255000 60000 150006 6.04823
260000 60000 150006 5.53771
255000 65000 150003 2.51157
260000 65000 150002 2.37505
250000 65000 150005 5.22186
255000 65000 150003 2.51157
250000 70000 150006 6.48465
255000 70000 150002 2.33279
255000 65000 150003 2.51157
260000 65000 150002 2.37505
255000 70000 150002 2.33279
260000 70000 150004 3.92592
260000 60000 150006 5.53771
265000 60000 150003 3.27779
260000 65000 150002 2.37505
265000 65000 150002 2.16131
265000 60000 150003 3.27779
270000 60000 150002 2.25163
265000 65000 150002 2.16131
270000 65000 150000 -0.369984
260000 65000 150002 2.37505
265000 65000 150002 2.16131
260000 70000 150004 3.92592
265000 70000 150006 5.52653
265000 65000 150002 2.16131
270000 65000 150000 -0.369984
265000 70000 150006 5.52653
270000 70000 150002 1.81505
270000 60000 150002 2.25163
275000 60000 150002 2.18574
270000 65000 150000 -0.369984
275000 65000 150001 0.872637
275000 60000 150002 2.18574
280000 60000 150002 2.39447
275000 65000 150001 0.872637
280000 65000 150004 4.05508
270000 65000 150000 -0.369984
275000 65000 150001 0.872637
270000 70000 150002 1.81505
275000 70000 150001 1.04437
275000 65000 150001 0.872637
280000 65000 150004 4.05508
275000 70000 150001 1.04437
280000 70000 150000 -0.412241
280000 60000 150002 2.39447
285000 60000 150001 1.00142
280000 65000 150004 4.05508
285000 65000 150001 0.874648
285000 60000 150001 1.00142
290000 60000 150004 3.85346
285000 65000 150001 0.874648
290000 65000 150003 3.153
280000 65000 150004 4.05508
285000 65000 150001 0.874648
280000 70000 150000 -0.412241
285000 70000 150005 4.50539
285000 65000 150001 0.874648
290000 65000 150003 3.153
285000 70000 150005 4.50539
290000 70000 150001 0.53097
290000 60000 150004 3.85346
295000 60000 150003 3.3415
290000 65000 150003 3.153
295000 65000 150000 0.0981615
295000 60000 150003 3.3415
300000 60000 150001 1.09279
295000 65000 150000 0.0981615
300000 65000 150003 2.54078
290000 65000 150003 3.153
295000 65000 150000 0.0981615
290000 70000 150001 0.53097
295000 70000 150003 2.83007
295000 65000 150000 0.0981615
300000 65000 150003 2.54078
295000 70000 150003 2.83007
300000 70000 150003 2.76838
200000 70000 150008 8.22731
205000 70000 150006 5.72735
200000 75000 150007 7.45583
205000 75000 150011 10.8521
205000 70000 150006 5.72735
210000 70000 150008 7.53812
205000 75000 150011 10.8521
210000 75000 150010 10.2739
200000 75000 150007 7.45583
205000 75000 150011 10.8521
200000 80000 150013 13.3101
205000 80000 150008 8.41286
205000 75000 150011 10.8521
210000 75000 150010 10.2739
205000 80000 150008 8.41286
210000 80000 150010 10.1179
210000 70000 150008 7.53812
215000 70000 150006 6.39882
210000 75000 150010 10.2739
215000 75000 150008 8.27341
215000 70000 150006 6.39882
220000 70000 150005 5.28727
215000 75000 150008 8.27341
220000 75000 150006 5.53129
210000 75000 150010 10.2739
215000 75000 150008 8.27341
210000 80000 150010 10.1179
215000 80000 150007 6.59457
215000 75000 150008 8.27341
220000 75000 150006 5.53129
215000 80000 150007 6.59457
220000 80000 150006 5.61134
220000 70000 150005 5.28727
225000 70000 150008 8.43033
220000 75000 150006 5.53129
225000 75000 150005 5.08325
225000 70000 150008 8.43033
230000 70000 150004 3.74193
225000 75000 150005 5.08325
230000 75000 150007 6.96338
220000 75000 150006 5.53129
225000 75000 150005 5.08325
220000 80000 150006 5.61134
225000 80000 150006 5.66824
225000 75000 150005 5.08325
230000 75000 150007 6.96338
225000 80000 150006 5.66824
230000 80000 150003 3.26359
230000 70000 150004 3.74193
235000 70000 150006 6.17851
230000 75000 150007 6.96338
235000 75000 150003 2.93168
235000 70000 150006 6.17851
240000 70000 150007 6.74672
235000 75000 150003 2.93168
240000 75000 150003 2.57294
230000 75000 150007 6.96338
235000 75000 150003 2.93168
230000 80000 150003 3.26359
235000 80000 150003 3.13109
235000 75000 150003 2.93168
240000 75000 150003 2.57294
235000 80000 150003 3.13109
240000 80000 150005 4.9069
240000 70000 150007 6.74672
245000 70000 150002 2.08889
240000 75000 150003 2.57294
245000 75000 150001 1.00992
245000 70000 150002 2.08889
250000 70000 150006 6.48465
245000 75000 150001 1.00992
250000 75000 150001 0.735817
240000 75000 150003 2.57294
245000 75000 150001 1.00992
240000 80000 150005 4.9069
245000 80000 150003 3.24842
245000 75000 150001 1.00992
250000 75000 150001 0.735817
245000 80000 150003 3.24842
250000 80000 150006 5.88076
250000 70000 150006 6.48465
255000 70000 150002 2.33279
250000 75000 150001 0.735817
255000 75000 150002 1.98357
255000 70000 150002 2.33279
260000 70000 150004 3.92592
255000 75000 150002 1.98357
260000 75000 150000 0.267364
250000 75000 150001 0.735817
255000 75000 150002 1.98357
250000 80000 150006 5.88076
255000 80000 150005 4.56396
255000 75000 150002 1.98357
260000 75000 150000 0.267364
255000 80000 150005 4.56396
260000 80000 150001 0.818705
260000 70000 150004 3.92592
265000 70000 150006 5.52653
260000 75000 150000 0.267364
265000 75000 150001 1.35317
265000 70000 150006 5.52653
270000 70000 150002 1.81505
265000 75000 150001 1.35317
270000 75000 150005 5.04317
260000 75000 150000 0.267364
265000 75000 150001 1.35317
260000 80000 150001 0.818705
265000 80000 150002 2.1255
265000 75000 150001 1.35317
270000 75000 150005 5.04317
265000 80000 150002 2.1255
270000 80000 150000 0.43261
270000 70000 150002 1.81505
275000 70000 150001 1.04437
270000 75000 150005 5.04317
275000 75000 150000 0.172461
275000 70000 150001 1.04437
280000 70000 150000 -0.412241
275000 75000 150000 0.172461
280000 75000 150004 4.42886
270000 75000 150005 5.04317
275000 75000 150000 0.172461
270000 80000 150000 0.43261
275000 80000 150003 2.50909
275000 75000 150000 0.172461
280000 75000 150004 4.42886
275000 80000 150003 2.50909
280000 80000 150000 -0.481474
280000 70000 150000 -0.412241
285000 70000 150005 4.50539
280000 75000 150004 4.42886
285000 75000 150002 2.38099
285000 70000 150005 4.50539
290000 70000 150001 0.53097
285000 75000 150002 2.38099
290000 75000 150003 2.86663
280000 75000 150004 4.42886
285000 75000 150002 2.38099
280000 80000 150000 -0.481474
285000 80000 149999 -0.827797
285000 75000 150002 2.38099
290000 75000 150003 2.86663
285000 80000 149999 -0.827797
290000 80000 150004 4.07779
290000 70000 150001 0.53097
295000 70000 150003 2.83007
290000 75000 150003 2.86663
295000 75000 150003 2.857
295000 70000 150003 2.83007
300000 70000 150003 2.76838
295000 75000 150003 2.857
300000 75000 150004 4.11495
290000 75000 150003 2.86663
295000 75000 150003 2.857
290000 80000 150004 4.07779
295000 80000 150004 3.76475
295000 75000 150003 2.857
300000 75000 150004 4.11495
295000 80000 150004 3.76475
300000 80000 150002 2.40433
160000 80000 149988 -12.3689
165000 80000 149991 -9.09281
160000 85000 149992 -8.07953
165000 85000 149984 -15.9944
165000 80000 149991 -9.09281
170000 80000 150001 0.576215
165000 85000 149984 -15.9944
170000 85000 149996 -3.54945
160000 85000 149992 -8.07953
165000 85000 149984 -15.9944
160000 90000 149999 -1.25556
165000 90000 149988 -12.4959
165000 85000 149984 -15.9944
170000 85000 149996 -3.54945
165000 90000 149988 -12.4959
170000 90000 149989 -10.5512
170000 80000 150001 0.576215
175000 80000 150012 11.6936
170000 85000 149996 -3.54945
175000 85000 150006 6.36181
175000 80000 150012 11.6936
180000 80000 150010 9.80608
175000 85000 150006 6.36181
180000 85000 150011 11.2283
170000 85000 149996 -3.54945
175000 85000 150006 6.36181
170000 90000 149989 -10.5512
175000 90000 149999 -1.10417
175000 85000 150006 6.36181
180000 85000 150011 11.2283
175000 90000 149999 -1.10417
180000 90000 150008 7.71436
180000 80000 150010 9.80608
185000 80000 150010 9.69304
180000 85000 150011 11.2283
185000 85000 150011 11.3843
185000 80000 150010 9.69304
190000 80000 150013 13.2665
185000 85000 150011 11.3843
190000 85000 150009 9.27853
180000 85000 150011 11.2283
185000 85000 150011 11.3843
180000 90000 150008 7.71436
185000 90000 150015 14.671
185000 85000 150011 11.3843
190000 85000 150009 9.27853
185000 90000 150015 14.671
190000 90000 150011 10.8469
190000 80000 150013 13.2665
195000 80000 150012 12.3977
190000 85000 150009 9.27853
195000 85000 150008 8.47941
195000 80000 150012 12.3977
200000 80000 150013 13.3101
195000 85000 150008 8.47941
200000 85000 150010 9.98095
190000 85000 150009 9.27853
195000 85000 150008 8.47941
190000 90000 150011 10.8469
195000 90000 150009 9.39091
195000 85000 150008 8.47941
200000 85000 150010 9.98095
195000 90000 150009 9.39091
200000 90000 150011 11.087
200000 80000 150013 13.3101
205000 80000 150008 8.41286
200000 85000 150010 9.98095
205000 85000 150008 8.12935
205000 80000 150008 8.41286
210000 80000 150010 10.1179
205000 85000 150008 8.12935
210000 85000 150011 11.4926
200000 85000 150010 9.98095
205000 85000 150008 8.12935
200000 90000 150011 11.087
205000 90000 150010 9.77841
205000 85000 150008 8.12935
210000 85000 150011 11.4926
205000 90000 150010 9.77841
210000 90000 150007 6.74462
210000 80000 150010 10.1179
215000 80000 150007 6.59457
210000 85000 150011 11.4926
215000 85000 150010 10.2771
215000 80000 150007 6.59457
220000 80000 150006 5.61134
215000 85000 150010 10.2771
220000 85000 150005 5.18143
210000 85000 150011 11.4926
215000 85000 150010 10.2771
210000 90000 150007 6.74462
215000 90000 150006 5.91674
215000 85000 150010 10.2771
220000 85000 150005 5.18143
215000 90000 150006 5.91674
220000 90000 150004 4.42819
220000 80000 150006 5.61134
225000 80000 150006 5.66824
220000 85000 150005 5.18143
225000 85000 150005 4.94236
225000 80000 150006 5.66824
230000 80000 150003 3.26359
225000 85000 150005 4.94236
230000 85000 150008 7.76107
220000 85000 150005 5.18143
225000 85000 150005 4.94236
220000 90000 150004 4.42819
225000 90000 150009 8.68649
225000 85000 150005 4.94236
230000 85000 150008 7.76107
225000 90000 150009 8.68649
230000 90000 150006 5.95442
230000 80000 150003 3.26359
235000 80000 150003 3.13109
230000 85000 150008 7.76107
235000 85000 150006 6.41247
235000 80000 150003 3.13109
240000 80000 150005 4.9069
235000 85000 150006 6.41247
240000 85000 150004 4.26756
230000 85000 150008 7.76107
235000 85000 150006 6.41247
230000 90000 150006 5.95442
235000 90000 150004 4.48595
235000 85000 150006 6.41247
240000 85000 150004 4.26756
235000 90000 150004 4.48595
240000 90000 150003 3.25377
240000 80000 150005 4.9069
245000 80000 150003 3.24842
240000 85000 150004 4.26756
245000 85000 150003 3.07269
245000 80000 150003 3.24842
250000 80000 150006 5.88076
245000 85000 150003 3.07269
250000 85000 150006 5.77264
240000 85000 150004 4.26756
245000 85000 150003 3.07269
240000 90000 150003 3.25377
245000 90000 150004 3.68535
245000 85000 150003 3.07269
250000 85000 150006 5.77264
245000 90000 150004 3.68535
250000 90000 150001 1.44316
250000 80000 150006 5.88076
255000 80000 150005 4.56396
250000 85000 150006 5.77264
255000 85000 150002 1.8951
255000 80000 150005 4.56396
260000 80000 150001 0.818705
255000 85000 150002 1.8951
260000 85000 150001 0.930729
250000 85000 150006 5.77264
255000 85000 150002 1.8951
250000 90000 150001 1.44316
255000 90000 150003 3.42834
255000 85000 150002 1.8951
260000 85000 150001 0.930729
255000 90000 150003 3.42834
260000 90000 150005 5.30555
260000 80000 150001 0.818705
265000 80000 150002 2.1255
260000 85000 150001 0.930729
265000 85000 149999 -0.760668
265000 80000 150002 2.1255
270000 80000 150000 0.43261
265000 85000 149999 -0.760668
270000 85000 150005 4.61925
260000 85000 150001 0.930729
265000 85000 149999 -0.760668
260000 90000 150005 5.30555
265000 90000 150003 3.35564
265000 85000 149999 -0.760668
270000 85000 150005 4.61925
265000 90000 150003 3.35564
270000 90000 150002 1.61866
270000 80000 150000 0.43261
275000 80000 150003 2.50909
270000 85000 150005 4.61925
275000 85000 150000 0.124545
275000 80000 150003 2.50909
280000 80000 150000 -0.481474
275000 85000 150000 0.124545
280000 85000 150004 3.84699
270000 85000 150005 4.61925
275000 85000 150000 0.124545
270000 90000 150002 1.61866
275000 90000 150003 3.36001
275000 85000 150000 0.124545
280000 85000 150004 3.84699
275000 90000 150003 3.36001
280000 90000 150004 3.7201
280000 80000 150000 -0.481474
285000 80000 149999 -0.827797
280000 85000 150004 3.84699
285000 85000 150000 -0.468948
285000 80000 149999 -0.827797
290000 80000 150004 4.07779
285000 85000 150000 -0.468948
290000 85000 150000 0.0967516
280000 85000 150004 3.84699
285000 85000 150000 -0.468948
280000 90000 150004 3.7201
285000 90000 150002 2.26136
285000 85000 150000 -0.468948
290000 85000 150000 0.0967516
285000 90000 150002 2.26136
290000 90000 149999 -0.509788
290000 80000 150004 4.07779
295000 80000 150004 3.76475
290000 85000 150000 0.0967516
295000 85000 150000 0.258581
295000 80000 150004 3.76475
300000 80000 150002 2.40433
295000 85000 150000 0.258581
300000 85000 149999 -1.42251
290000 85000 150000 0.0967516
295000 85000 150000 0.258581
290000 90000 149999 -0.509788
295000 90000 150000 -0.170287
295000 85000 150000 0.258581
300000 85000 149999 -1.42251
295000 90000 150000 -0.170287
300000 90000 150002 1.67626
160000 90000 149999 -1.25556
165000 90000 149988 -12.4959
160000 95000 150003 3.44573
165000 95000 149991 -9.44001
165000 90000 149988 -12.4959
170000 90000 149989 -10.5512
165000 95000 149991 -9.44001
170000 95000 149989 -10.8637
160000 95000 150003 3.44573
165000 95000 149991 -9.44001
160000 100000 150001 0.657572
165000 100000 149996 -3.92871
165000 95000 149991 -9.44001
170000 95000 149989 -10.8637
165000 100000 149996 -3.92871
170000 100000 149993 -6.97647
170000 90000 149989 -10.5512
175000 90000 149999 -1.10417
170000 95000 149989 -10.8637
175000 95000 150000 0.089582
175000 90000 149999 -1.10417
180000 90000 150008 7.71436
175000 95000 150000 0.089582
180000 95000 150004 4.2944
170000 95000 149989 -10.8637
175000 95000 150000 0.089582
170000 100000 149993 -6.97647
175000 100000 149996 -3.82237
175000 95000 150000 0.089582
180000 95000 150004 4.2944
175000 100000 149996 -3.82237
180000 100000 150002 2.13842
180000 90000 150008 7.71436
185000 90000 150015 14.671
180000 95000 150004 4.2944
185000 95000 150013 13.2978
185000 90000 150015 14.671
190000 90000 150011 10.8469
185000 95000 150013 13.2978
190000 95000 150010 9.68517
180000 95000 150004 4.2944
185000 95000 150013 13.2978
180000 100000 150002 2.13842
185000 100000 150012 11.7967
185000 95000 150013 13.2978
190000 95000 150010 9.68517
185000 100000 150012 11.7967
190000 100000 150013 12.7518
190000 90000 150011 10.8469
195000 90000 150009 9.39091
190000 95000 150010 9.68517
195000 95000 150013 13.1957
195000 90000 150009 9.39091
200000 90000 150011 11.087
195000 95000 150013 13.1957
200000 95000 150011 10.9013
190000 95000 150010 9.68517
195000 95000 150013 13.1957
190000 100000 150013 12.7518
195000 100000 150013 12.6278
195000 95000 150013 13.1957
200000 95000 150011 10.9013
195000 100000 150013 12.6278
200000 100000 150012 12.0674
200000 90000 150011 11.087
205000 90000 150010 9.77841
200000 95000 150011 10.9013
205000 95000 150010 9.6876
205000 90000 150010 9.77841
210000 90000 150007 6.74462
205000 95000 150010 9.6876
210000 95000 150012 12.0338
200000 95000 150011 10.9013
205000 95000 150010 9.6876
200000 100000 150012 12.0674
205000 100000 150009 9.08244
205000 95000 150010 9.6876
210000 95000 150012 12.0338
205000 100000 150009 9.08244
210000 100000 150009 9.02618
210000 90000 150007 6.74462
215000 90000 150006 5.91674
210000 95000 150012 12.0338
215000 95000 150006 6.37037
215000 90000 150006 5.91674
220000 90000 150004 4.42819
215000 95000 150006 6.37037
220000 95000 150004 4.47481
210000 95000 150012 12.0338
215000 95000 150006 6.37037
210000 100000 150009 9.02618
215000 100000 150009 8.92581
215000 95000 150006 6.37037
220000 95000 150004 4.47481
215000 100000 150009 8.92581
220000 100000 150005 5.06332
220000 90000 150004 4.42819
225000 90000 150009 8.68649
220000 95000 150004 4.47481
225000 95000 150007 6.85272
225000 90000 150009 8.68649
230000 90000 150006 5.95442
225000 95000 150007 6.85272
230000 95000 150004 3.83491
220000 95000 150004 4.47481
225000 95000 150007 6.85272
220000 100000 150005 5.06332
225000 100000 150004 4.31433
225000 95000 150007 6.85272
230000 95000 150004 3.83491
225000 100000 150004 4.31433
230000 100000 150005 4.5268
230000 90000 150006 5.95442
235000 90000 150004 4.48595
230000 95000 150004 3.83491
235000 95000 150004 3.59695
235000 90000 150004 4.48595
240000 90000 150003 3.25377
235000 95000 150004 3.59695
240000 95000 150006 6.33734
230000 95000 150004 3.83491
235000 95000 150004 3.59695
230000 100000 150005 4.5268
235000 100000 150006 6.32378
235000 95000 150004 3.59695
240000 95000 150006 6.33734
235000 100000 150006 6.32378
240000 100000 150002 2.09773
240000 90000 150003 3.25377
245000 90000 150004 3.68535
240000 95000 150006 6.33734
245000 95000 150004 4.07483
245000 90000 150004 3.68535
250000 90000 150001 1.44316
245000 95000 150004 4.07483
250000 95000 150001 1.26337
240000 95000 150006 6.33734
245000 95000 150004 4.07483
240000 100000 150002 2.09773
245000 100000 150002 2.09771
245000 95000 150004 4.07483
250000 95000 150001 1.26337
245000 100000 150002 2.09771
250000 100000 150004 4.26654
250000 90000 150001 1.44316
255000 90000 150003 3.42834
250000 95000 150001 1.26337
255000 95000 150001 1.14668
255000 90000 150003 3.42834
260000 90000 150005 5.30555
255000 95000 150001 1.14668
260000 95000 150002 1.7556
250000 95000 150001 1.26337
255000 95000 150001 1.14668
250000 100000 150004 4.26654
255000 100000 150003 2.50978
255000 95000 150001 1.14668
260000 95000 150002 1.7556
255000 100000 150003 2.50978
260000 100000 150002 1.73459
260000 90000 150005 5.30555
265000 90000 150003 3.35564
260000 95000 150002 1.7556
265000 95000 150002 1.97464
265000 90000 150003 3.35564
270000 90000 150002 1.61866
265000 95000 150002 1.97464
270000 95000 150002 1.72458
260000 95000 150002 1.7556
265000 95000 150002 1.97464
260000 100000 150002 1.73459
265000 100000 150004 4.23888
265000 95000 150002 1.97464
270000 95000 150002 1.72458
265000 100000 150004 4.23888
270000 100000 150004 3.75142
270000 90000 150002 1.61866
275000 90000 150003 3.36001
270000 95000 150002 1.72458
275000 95000 150004 4.25484
275000 90000 150003 3.36001
280000 90000 150004 3.7201
275000 95000 150004 4.25484
280000 95000 150000 -0.0897213
270000 95000 150002 1.72458
275000 95000 150004 4.25484
270000 100000 150004 3.75142
275000 100000 150002 2.30655
275000 95000 150004 4.25484
280000 95000 150000 -0.0897213
275000 100000 150002 2.30655
280000 100000 150001 0.681355
280000 90000 150004 3.7201
285000 90000 150002 2.26136
280000 95000 150000 -0.0897213
285000 95000 150000 -0.188713
285000 90000 150002 2.26136
290000 90000 149999 -0.509788
285000 95000 150000 -0.188713
290000 95000 150003 3.16025
280000 95000 150000 -0.0897213
285000 95000 150000 -0.188713
280000 100000 150001 0.681355
285000 100000 150005 4.79789
285000 95000 150000 -0.188713
290000 95000 150003 3.16025
285000 100000 150005 4.79789
290000 100000 150004 3.6832
290000 90000 149999 -0.509788
295000 90000 150000 -0.170287
290000 95000 150003 3.16025
295000 95000 150003 3.13919
295000 90000 150000 -0.170287
300000 90000 150002 1.67626
295000 95000 150003 3.13919
300000 95000 149999 -1.37759
290000 95000 150003 3.16025
295000 95000 150003 3.13919
290000 100000 150004 3.6832
295000 100000 150004 3.82001
295000 95000 150003 3.13919
300000 95000 149999 -1.37759
295000 100000 150004 3.82001
300000 100000 150000 -0.403727
160000 100000 150001 0.657572
165000 100000 149996 -3.92871
160000 105000 150001 1.27563
165000 105000 149998 -1.82794
165000 100000 149996 -3.92871
170000 100000 149993 -6.97647
165000 105000 149998 -1.82794
170000 105000 149994 -6.36864
160000 105000 150001 1.27563
165000 105000 149998 -1.82794
160000 110000 150006 6.25653
165000 110000 149999 -1.36349
165000 105000 149998 -1.82794
170000 105000 149994 -6.36864
165000 110000 149999 -1.36349
170000 110000 149998 -1.9922
170000 100000 149993 -6.97647
175000 100000 149996 -3.82237
170000 105000 149994 -6.36864
175000 105000 150000 -0.338878
175000 100000 149996 -3.82237
180000 100000 150002 2.13842
175000 105000 150000 -0.338878
180000 105000 150002 2.07854
170000 105000 149994 -6.36864
175000 105000 150000 -0.338878
170000 110000 149998 -1.9922
175000 110000 150002 1.86181
175000 105000 150000 -0.338878
180000 105000 150002 2.07854
175000 110000 150002 1.86181
180000 110000 150003 2.83862
180000 100000 150002 2.13842
185000 100000 150012 11.7967
180000 105000 150002 2.07854
185000 105000 150009 9.47616
185000 100000 150012 11.7967
190000 100000 150013 12.7518
185000 105000 150009 9.47616
190000 105000 150011 10.9612
180000 105000 150002 2.07854
185000 105000 150009 9.47616
180000 110000 150003 2.83862
185000 110000 150006 5.89227
185000 105000 150009 9.47616
190000 105000 150011 10.9612
185000 110000 150006 5.89227
190000 110000 150008 7.65098
190000 100000 150013 12.7518
195000 100000 150013 12.6278
190000 105000 150011 10.9612
195000 105000 150013 13.1543
195000 100000 150013 12.6278
200000 100000 150012 12.0674
195000 105000 150013 13.1543
200000 105000 150012 11.7297
190000 105000 150011 10.9612
195000 105000 150013 13.1543
190000 110000 150008 7.65098
195000 110000 150008 7.86465
195000 105000 150013 13.1543
200000 105000 150012 11.7297
195000 110000 150008 7.86465
200000 110000 150008 7.88331
200000 100000 150012 12.0674
205000 100000 150009 9.08244
200000 105000 150012 11.7297
205000 105000 150007 6.74934
205000 100000 150009 9.08244
210000 100000 150009 9.02618
205000 105000 150007 6.74934
210000 105000 150006 6.4246
200000 105000 150012 11.7297
205000 105000 150007 6.74934
200000 110000 150008 7.88331
205000 110000 150008 7.70663
205000 105000 150007 6.74934
210000 105000 150006 6.4246
205000 110000 150008 7.70663
210000 110000 150006 6.16814
210000 100000 150009 9.02618
215000 100000 150009 8.92581
210000 105000 150006 6.4246
215000 105000 150007 6.96471
215000 100000 150009 8.92581
220000 100000 150005 5.06332
215000 105000 150007 6.96471
220000 105000 150007 6.9704
210000 105000 150006 6.4246
215000 105000 150007 6.96471
210000 110000 150006 6.16814
215000 110000 150006 6.00967
215000 105000 150007 6.96471
220000 105000 150007 6.9704
215000 110000 150006 6.00967
220000 110000 150006 6.36097
220000 100000 150005 5.06332
225000 100000 150004 4.31433
220000 105000 150007 6.9704
225000 105000 150009 8.50616
225000 100000 150004 4.31433
230000 100000 150005 4.5268
225000 105000 150009 8.50616
230000 105000 150005 5.24213
220000 105000 150007 6.9704
225000 105000 150009 8.50616
220000 110000 150006 6.36097
225000 110000 150004 4.18031
225000 105000 150009 8.50616
230000 105000 150005 5.24213
225000 110000 150004 4.18031
230000 110000 150004 4.04337
230000 100000 150005 4.5268
235000 100000 150006 6.32378
230000 105000 150005 5.24213
235000 105000 150003 2.75976
235000 100000 150006 6.32378
240000 100000 150002 2.09773
235000 105000 150003 2.75976
240000 105000 150004 3.90235
230000 105000 150005 5.24213
235000 105000 150003 2.75976
230000 110000 150004 4.04337
235000 110000 150007 6.53431
235000 105000 150003 2.75976
240000 105000 150004 3.90235
235000 110000 150007 6.53431
240000 110000 150002 1.93666
240000 100000 150002 2.09773
245000 100000 150002 2.09771
240000 105000 150004 3.90235
245000 105000 150005 4.76689
245000 100000 150002 2.09771
250000 100000 150004 4.26654
245000 105000 150005 4.76689
250000 105000 150004 4.34466
240000 105000 150004 3.90235
245000 105000 150005 4.76689
240000 110000 150002 1.93666
245000 110000 150004 3.9909
245000 105000 150005 4.76689
250000 105000 150004 4.34466
245000 110000 150004 3.9909
250000 110000 150001 1.38724
250000 100000 150004 4.26654
255000 100000 150003 2.50978
250000 105000 150004 4.34466
255000 105000 150005 4.76514
255000 100000 150003 2.50978
260000 100000 150002 1.73459
255000 105000 150005 4.76514
260000 105000 150005 4.78656
250000 105000 150004 4.34466
255000 105000 150005 4.76514
250000 110000 150001 1.38724
255000 110000 150003 2.72831
255000 105000 150005 4.76514
260000 105000 150005 4.78656
255000 110000 150003 2.72831
260000 110000 150004 4.05396
260000 100000 150002 1.73459
265000 100000 150004 4.23888
260000 105000 150005 4.78656
265000 105000 150004 4.02823
265000 100000 150004 4.23888
270000 100000 150004 3.75142
265000 105000 150004 4.02823
270000 105000 149999 -0.772339
260000 105000 150005 4.78656
265000 105000 150004 4.02823
260000 110000 150004 4.05396
265000 110000 150005 4.50832
265000 105000 150004 4.02823
270000 105000 149999 -0.772339
265000 110000 150005 4.50832
270000 110000 150001 0.611891
270000 100000 150004 3.75142
275000 100000 150002 2.30655
270000 105000 149999 -0.772339
275000 105000 150004 3.5724
275000 100000 150002 2.30655
280000 100000 150001 0.681355
275000 105000 150004 3.5724
280000 105000 149999 -0.744254
270000 105000 149999 -0.772339
275000 105000 150004 3.5724
270000 110000 150001 0.611891
275000 110000 150002 2.04123
275000 105000 150004 3.5724
280000 105000 149999 -0.744254
275000 110000 150002 2.04123
280000 110000 150004 3.85675
280000 100000 150001 0.681355
285000 100000 150005 4.79789
280000 105000 149999 -0.744254
285000 105000 150002 2.46891
285000 100000 150005 4.79789
290000 100000 150004 3.6832
285000 105000 150002 2.46891
290000 105000 150004 4.41054
280000 105000 149999 -0.744254
285000 105000 150002 2.46891
280000 110000 150004 3.85675
285000 110000 150004 3.65947
285000 105000 150002 2.46891
290000 105000 150004 4.41054
285000 110000 150004 3.65947
290000 110000 150003 3.36789
290000 100000 150004 3.6832
295000 100000 150004 3.82001
290000 105000 150004 4.41054
295000 105000 150005 4.96653
295000 100000 150004 3.82001
300000 100000 150000 -0.403727
295000 105000 150005 4.96653
300000 105000 149999 -1.0208
290000 105000 150004 4.41054
295000 105000 150005 4.96653
290000 110000 150003 3.36789
295000 110000 150003 3.16902
295000 105000 150005 4.96653
300000 105000 149999 -1.0208
295000 110000 150003 3.16902
300000 110000 150004 3.89809
160000 110000 150006 6.25653
165000 110000 149999 -1.36349
160000 115000 150002 1.81734
165000 115000 149999 -0.755861
165000 110000 149999 -1.36349
170000 110000 149998 -1.9922
165000 115000 149999 -0.755861
170000 115000 149999 -1.31206
160000 115000 150002 1.81734
165000 115000 149999 -0.755861
160000 120000 150006 6.03367
165000 120000 150005 5.06795
165000 115000 149999 -0.755861
170000 115000 149999 -1.31206
165000 120000 150005 5.06795
170000 120000 150001 0.590547
170000 110000 149998 -1.9922
175000 110000 150002 1.86181
170000 115000 149999 -1.31206
175000 115000 150001 0.581298
175000 110000 150002 1.86181
180000 110000 150003 2.83862
175000 115000 150001 0.581298
180000 115000 150001 1.42738
170000 115000 149999 -1.31206
175000 115000 150001 0.581298
170000 120000 150001 0.590547
175000 120000 150004 3.71426
175000 115000 150001 0.581298
180000 115000 150001 1.42738
175000 120000 150004 3.71426
180000 120000 150000 -0.0630876
180000 110000 150003 2.83862
185000 110000 150006 5.89227
180000 115000 150001 1.42738
185000 115000 150004 3.57979
185000 110000 150006 5.89227
190000 110000 150008 7.65098
185000 115000 150004 3.57979
190000 115000 150010 10.3389
180000 115000 150001 1.42738
185000 115000 150004 3.57979
180000 120000 150000 -0.0630876
185000 120000 150003 3.00599
185000 115000 150004 3.57979
190000 115000 150010 10.3389
185000 120000 150003 3.00599
190000 120000 150008 8.07883
190000 110000 150008 7.65098
195000 110000 150008 7.86465
190000 115000 150010 10.3389
195000 115000 150006 6.08276
195000 110000 150008 7.86465
200000 110000 150008 7.88331
195000 115000 150006 6.08276
200000 115000 150006 6.02429
190000 115000 150010 10.3389
195000 115000 150006 6.08276
190000 120000 150008 8.07883
195000 120000 150008 7.64153
195000 115000 150006 6.08276
200000 115000 150006 6.02429
195000 120000 150008 7.64153
200000 120000 150006 6.42501
200000 110000 150008 7.88331
205000 110000 150008 7.70663
200000 115000 150006 6.02429
205000 115000 150009 9.05076
205000 110000 150008 7.70663
210000 110000 150006 6.16814
205000 115000 150009 9.05076
210000 115000 150012 11.9024
200000 115000 150006 6.02429
205000 115000 150009 9.05076
200000 120000 150006 6.42501
205000 120000 150008 8.27398
205000 115000 150009 9.05076
210000 115000 150012 11.9024
205000 120000 150008 8.27398
210000 120000 150009 9.13674
210000 110000 150006 6.16814
215000 110000 150006 6.00967
210000 115000 150012 11.9024
215000 115000 150006 5.77379
215000 110000 150006 6.00967
220000 110000 150006 6.36097
215000 115000 150006 5.77379
220000 115000 150008 8.18868
210000 115000 150012 11.9024
215000 115000 150006 5.77379
210000 120000 150009 9.13674
215000 120000 150008 8.22615
215000 115000 150006 5.77379
220000 115000 150008 8.18868
215000 120000 150008 8.22615
220000 120000 150004 4.3589
220000 110000 150006 6.36097
225000 110000 150004 4.18031
220000 115000 150008 8.18868
225000 115000 150005 4.81752
225000 110000 150004 4.18031
230000 110000 150004 4.04337
225000 115000 150005 4.81752
230000 115000 150003 3.00265
220000 115000 150008 8.18868
225000 115000 150005 4.81752
220000 120000 150004 4.3589
225000 120000 150007 7.49763
225000 115000 150005 4.81752
230000 115000 150003 3.00265
225000 120000 150007 7.49763
230000 120000 150003 2.64282
230000 110000 150004 4.04337
235000 110000 150007 6.53431
230000 115000 150003 3.00265
235000 115000 150002 2.36514
235000 110000 150007 6.53431
240000 110000 150002 1.93666
235000 115000 150002 2.36514
240000 115000 150008 7.52302
230000 115000 150003 3.00265
235000 115000 150002 2.36514
230000 120000 150003 2.64282
235000 120000 150006 6.28576
235000 115000 150002 2.36514
240000 115000 150008 7.52302
235000 120000 150006 6.28576
240000 120000 150006 5.81772
240000 110000 150002 1.93666
245000 110000 150004 3.9909
240000 115000 150008 7.52302
245000 115000 150003 2.9787
245000 110000 150004 3.9909
250000 110000 150001 1.38724
245000 115000 150003 2.9787
250000 115000 150004 4.193
240000 115000 150008 7.52302
245000 115000 150003 2.9787
240000 120000 150006 5.81772
245000 120000 150003 2.9329
245000 115000 150003 2.9787
250000 115000 150004 4.193
245000 120000 150003 2.9329
250000 120000 150006 6.23303
250000 110000 150001 1.38724
255000 110000 150003 2.72831
250000 115000 150004 4.193
255000 115000 150000 0.18483
255000 110000 150003 2.72831
260000 110000 150004 4.05396
255000 115000 150000 0.18483
260000 115000 150002 2.17158
250000 115000 150004 4.193
255000 115000 150000 0.18483
250000 120000 150006 6.23303
255000 120000 150000 0.273666
255000 115000 150000 0.18483
260000 115000 150002 2.17158
255000 120000 150000 0.273666
260000 120000 150005 5.40147
260000 110000 150004 4.05396
265000 110000 150005 4.50832
260000 115000 150002 2.17158
265000 115000 150000 0.272653
265000 110000 150005 4.50832
270000 110000 150001 0.611891
265000 115000 150000 0.272653
270000 115000 150004 4.28741
260000 115000 150002 2.17158
265000 115000 150000 0.272653
260000 120000 150005 5.40147
265000 120000 150000 -0.468926
265000 115000 150000 0.272653
270000 115000 150004 4.28741
265000 120000 150000 -0.468926
270000 120000 150001 1.48454
270000 110000 150001 0.611891
275000 110000 150002 2.04123
270000 115000 150004 4.28741
275000 115000 150003 3.30556
275000 110000 150002 2.04123
280000 110000 150004 3.85675
275000 115000 150003 3.30556
280000 115000 150003 3.20575
270000 115000 150004 4.28741
275000 115000 150003 3.30556
270000 120000 150001 1.48454
275000 120000 150001 1.33524
275000 115000 150003 3.30556
280000 115000 150003 3.20575
275000 120000 150001 1.33524
280000 120000 150004 4.27739
280000 110000 150004 3.85675
285000 110000 150004 3.65947
280000 115000 150003 3.20575
285000 115000 150001 0.710024
285000 110000 150004 3.65947
290000 110000 150003 3.36789
285000 115000 150001 0.710024
290000 115000 150002 2.29278
280000 115000 150003 3.20575
285000 115000 150001 0.710024
280000 120000 150004 4.27739
285000 120000 150001 0.727497
285000 115000 150001 0.710024
290000 115000 150002 2.29278
285000 120000 150001 0.727497
290000 120000 150001 0.973578
290000 110000 150003 3.36789
295000 110000 150003 3.16902
290000 115000 150002 2.29278
295000 115000 150000 -0.314154
295000 110000 150003 3.16902
300000 110000 150004 3.89809
295000 115000 150000 -0.314154
300000 115000 150005 4.82934
290000 115000 150002 2.29278
295000 115000 150000 -0.314154
290000 120000 150001 0.973578
295000 120000 149999 -0.671388
295000 115000 150000 -0.314154
300000 115000 150005 4.82934
295000 120000 149999 -0.671388
300000 120000 150004 3.88928
