# x y z topography
0 0 149981 -19.437
5000 0 149981 -19.437
0 5000 149981 -19.437
5000 5000 149982 -18.0983
5000 0 149981 -19.437
10000 0 149982 -17.9014
5000 5000 149982 -18.0983
10000 5000 149981 -19.0234
0 5000 149981 -19.437
5000 5000 149982 -18.0983
0 10000 149981 -19.4369
5000 10000 149982 -17.5821
5000 5000 149982 -18.0983
10000 5000 149981 -19.0234
5000 10000 149982 -17.5821
10000 10000 149981 -18.5288
10000 0 149982 -17.9014
15000 0 149981 -18.7586
10000 5000 149981 -19.0234
15000 5000 149984 -16.3801
15000 0 149981 -18.7586
20000 0 149984 -16.0025
15000 5000 149984 -16.3801
20000 5000 149982 -17.6467
10000 5000 149981 -19.0234
15000 5000 149984 -16.3801
10000 10000 149981 -18.5288
15000 10000 149982 -18.4645
15000 5000 149984 -16.3801
20000 5000 149982 -17.6467
15000 10000 149982 -18.4645
20000 10000 149984 -15.7987
20000 0 149984 -16.0025
25000 0 149985 -15.2277
20000 5000 149982 -17.6467
25000 5000 149983 -17.21
25000 0 149985 -15.2277
30000 0 149983 -16.8684
25000 5000 149983 -17.21
30000 5000 149985 -14.7908
20000 5000 149982 -17.6467
25000 5000 149983 -17.21
20000 10000 149984 -15.7987
25000 10000 149984 -15.9109
25000 5000 149983 -17.21
30000 5000 149985 -14.7908
25000 10000 149984 -15.9109
30000 10000 149985 -14.7282
30000 0 149983 -16.8684
35000 0 149987 -12.8709
30000 5000 149985 -14.7908
35000 5000 149984 -16.4257
35000 0 149987 -12.8709
40000 0 149985 -14.8574
35000 5000 149984 -16.4257
40000 5000 149984 -15.6936
30000 5000 149985 -14.7908
35000 5000 149984 -16.4257
30000 10000 149985 -14.7282
35000 10000 149984 -16.4013
35000 5000 149984 -16.4257
40000 5000 149984 -15.6936
35000 10000 149984 -16.4013
40000 10000 149984 -15.7445
40000 0 149985 -14.8574
45000 0 149986 -13.7014
40000 5000 149984 -15.6936
45000 5000 149986 -13.9189
45000 0 149986 -13.7014
50000 0 149989 -10.7585
45000 5000 149986 -13.9189
50000 5000 149988 -12.2267
40000 5000 149984 -15.6936
45000 5000 149986 -13.9189
40000 10000 149984 -15.7445
45000 10000 149985 -14.6472
45000 5000 149986 -13.9189
50000 5000 149988 -12.2267
45000 10000 149985 -14.6472
50000 10000 149987 -13.386
50000 0 149989 -10.7585
55000 0 149991 -9.49042
50000 5000 149988 -12.2267
55000 5000 149989 -10.6922
55000 0 149991 -9.49042
60000 0 149995 -4.75139
55000 5000 149989 -10.6922
60000 5000 149993 -6.99575
50000 5000 149988 -12.2267
55000 5000 149989 -10.6922
50000 10000 149987 -13.386
55000 10000 149989 -11.216
55000 5000 149989 -10.6922
60000 5000 149993 -6.99575
55000 10000 149989 -11.216
60000 10000 149991 -8.50693
60000 0 149995 -4.75139
65000 0 149995 -5.31842
60000 5000 149993 -6.99575
65000 5000 149998 -1.78869
65000 0 149995 -5.31842
70000 0 149999 -0.506978
65000 5000 149998 -1.78869
70000 5000 149999 -0.898272
60000 5000 149993 -6.99575
65000 5000 149998 -1.78869
60000 10000 149991 -8.50693
65000 10000 149993 -6.5781
65000 5000 149998 -1.78869
70000 5000 149999 -0.898272
65000 10000 149993 -6.5781
70000 10000 149996 -4.02137
70000 0 149999 -0.506978
75000 0 149999 -1.16024
70000 5000 149999 -0.898272
75000 5000 150001 1.48472
75000 0 149999 -1.16024
80000 0 150006 6.08142
75000 5000 150001 1.48472
80000 5000 150004 4.45944
70000 5000 149999 -0.898272
75000 5000 150001 1.48472
70000 10000 149996 -4.02137
75000 10000 150002 1.51841
75000 5000 150001 1.48472
80000 5000 150004 4.45944
75000 10000 150002 1.51841
80000 10000 150004 3.86439
0 10000 149981 -19.4369
5000 10000 149982 -17.5821
0 15000 149981 -19.4279
5000 15000 149981 -18.8192
5000 10000 149982 -17.5821
10000 10000 149981 -18.5288
5000 15000 149981 -18.8192
10000 15000 149981 -18.6322
0 15000 149981 -19.4279
5000 15000 149981 -18.8192
0 20000 149982 -17.9673
5000 20000 149982 -18.2034
5000 15000 149981 -18.8192
10000 15000 149981 -18.6322
5000 20000 149982 -18.2034
10000 20000 149981 -18.8767
10000 10000 149981 -18.5288
15000 10000 149982 -18.4645
10000 15000 149981 -18.6322
15000 15000 149981 -18.5297
15000 10000 149982 -18.4645
20000 10000 149984 -15.7987
15000 15000 149981 -18.5297
20000 15000 149983 -17.1997
10000 15000 149981 -18.6322
15000 15000 149981 -18.5297
10000 20000 149981 -18.8767
15000 20000 149981 -18.5725
15000 15000 149981 -18.5297
20000 15000 149983 -17.1997
15000 20000 149981 -18.5725
20000 20000 149985 -15.3791
20000 10000 149984 -15.7987
25000 10000 149984 -15.9109
20000 15000 149983 -17.1997
25000 15000 149983 -17.3329
25000 10000 149984 -15.9109
30000 10000 149985 -14.7282
25000 15000 149983 -17.3329
30000 15000 149983 -16.8891
20000 15000 149983 -17.1997
25000 15000 149983 -17.3329
20000 20000 149985 -15.3791
25000 20000 149982 -17.624
25000 15000 149983 -17.3329
30000 15000 149983 -16.8891
25000 20000 149982 -17.624
30000 20000 149983 -16.5919
30000 10000 149985 -14.7282
35000 10000 149984 -16.4013
30000 15000 149983 -16.8891
35000 15000 149987 -12.9209
35000 10000 149984 -16.4013
40000 10000 149984 -15.7445
35000 15000 149987 -12.9209
40000 15000 149986 -14.3104
30000 15000 149983 -16.8891
35000 15000 149987 -12.9209
30000 20000 149983 -16.5919
35000 20000 149986 -13.7603
35000 15000 149987 -12.9209
40000 15000 149986 -14.3104
35000 20000 149986 -13.7603
40000 20000 149988 -12.2224
40000 10000 149984 -15.7445
45000 10000 149985 -14.6472
40000 15000 149986 -14.3104
45000 15000 149987 -13.2257
45000 10000 149985 -14.6472
50000 10000 149987 -13.386
45000 15000 149987 -13.2257
50000 15000 149988 -11.5326
40000 15000 149986 -14.3104
45000 15000 149987 -13.2257
40000 20000 149988 -12.2224
45000 20000 149987 -13.2909
45000 15000 149987 -13.2257
50000 15000 149988 -11.5326
45000 20000 149987 -13.2909
50000 20000 149988 -12.2521
50000 10000 149987 -13.386
55000 10000 149989 -11.216
50000 15000 149988 -11.5326
55000 15000 149990 -9.66271
55000 10000 149989 -11.216
60000 10000 149991 -8.50693
55000 15000 149990 -9.66271
60000 15000 149994 -6.12753
50000 15000 149988 -11.5326
55000 15000 149990 -9.66271
50000 20000 149988 -12.2521
55000 20000 149989 -11.0149
55000 15000 149990 -9.66271
60000 15000 149994 -6.12753
55000 20000 149989 -11.0149
60000 20000 149991 -9.10419
60000 10000 149991 -8.50693
65000 10000 149993 -6.5781
60000 15000 149994 -6.12753
65000 15000 149995 -5.22544
65000 10000 149993 -6.5781
70000 10000 149996 -4.02137
65000 15000 149995 -5.22544
70000 15000 149996 -4.13088
60000 15000 149994 -6.12753
65000 15000 149995 -5.22544
60000 20000 149991 -9.10419
65000 20000 149996 -3.98881
65000 15000 149995 -5.22544
70000 15000 149996 -4.13088
65000 20000 149996 -3.98881
70000 20000 149998 -1.94386
70000 10000 149996 -4.02137
75000 10000 150002 1.51841
70000 15000 149996 -4.13088
75000 15000 150003 2.79844
75000 10000 150002 1.51841
80000 10000 150004 3.86439
75000 15000 150003 2.79844
80000 15000 150002 2.24139
70000 15000 149996 -4.13088
75000 15000 150003 2.79844
70000 20000 149998 -1.94386
75000 20000 150002 1.85408
75000 15000 150003 2.79844
80000 15000 150002 2.24139
75000 20000 150002 1.85408
80000 20000 150003 3.03209
0 20000 149982 -17.9673
5000 20000 149982 -18.2034
0 25000 149981 -19.1525
5000 25000 149981 -18.8869
5000 20000 149982 -18.2034
10000 20000 149981 -18.8767
5000 25000 149981 -18.8869
10000 25000 149981 -18.5784
0 25000 149981 -19.1525
5000 25000 149981 -18.8869
0 30000 149981 -19.1354
5000 30000 149981 -18.8587
5000 25000 149981 -18.8869
10000 25000 149981 -18.5784
5000 30000 149981 -18.8587
10000 30000 149982 -18.4126
10000 20000 149981 -18.8767
15000 20000 149981 -18.5725
10000 25000 149981 -18.5784
15000 25000 149983 -17.1202
15000 20000 149981 -18.5725
20000 20000 149985 -15.3791
15000 25000 149983 -17.1202
20000 25000 149982 -18.104
10000 25000 149981 -18.5784
15000 25000 149983 -17.1202
10000 30000 149982 -18.4126
15000 30000 149981 -18.5802
15000 25000 149983 -17.1202
20000 25000 149982 -18.104
15000 30000 149981 -18.5802
20000 30000 149984 -16.1585
20000 20000 149985 -15.3791
25000 20000 149982 -17.624
20000 25000 149982 -18.104
25000 25000 149982 -17.8065
25000 20000 149982 -17.624
30000 20000 149983 -16.5919
25000 25000 149982 -17.8065
30000 25000 149984 -15.5225
20000 25000 149982 -18.104
25000 25000 149982 -17.8065
20000 30000 149984 -16.1585
25000 30000 149985 -14.9614
25000 25000 149982 -17.8065
30000 25000 149984 -15.5225
25000 30000 149985 -14.9614
30000 30000 149983 -17.0755
30000 20000 149983 -16.5919
35000 20000 149986 -13.7603
30000 25000 149984 -15.5225
35000 25000 149986 -13.7138
35000 20000 149986 -13.7603
40000 20000 149988 -12.2224
35000 25000 149986 -13.7138
40000 25000 149988 -11.6633
30000 25000 149984 -15.5225
35000 25000 149986 -13.7138
30000 30000 149983 -17.0755
35000 30000 149984 -16.1885
35000 25000 149986 -13.7138
40000 25000 149988 -11.6633
35000 30000 149984 -16.1885
40000 30000 149988 -11.8502
40000 20000 149988 -12.2224
45000 20000 149987 -13.2909
40000 25000 149988 -11.6633
45000 25000 149989 -11.3373
45000 20000 149987 -13.2909
50000 20000 149988 -12.2521
45000 25000 149989 -11.3373
50000 25000 149991 -8.95855
40000 25000 149988 -11.6633
45000 25000 149989 -11.3373
40000 30000 149988 -11.8502
45000 30000 149987 -12.7804
45000 25000 149989 -11.3373
50000 25000 149991 -8.95855
45000 30000 149987 -12.7804
50000 30000 149990 -10.0933
50000 20000 149988 -12.2521
55000 20000 149989 -11.0149
50000 25000 149991 -8.95855
55000 25000 149992 -8.30579
55000 20000 149989 -11.0149
60000 20000 149991 -9.10419
55000 25000 149992 -8.30579
60000 25000 149994 -5.7394
50000 25000 149991 -8.95855
55000 25000 149992 -8.30579
50000 30000 149990 -10.0933
55000 30000 149991 -9.03505
55000 25000 149992 -8.30579
60000 25000 149994 -5.7394
55000 30000 149991 -9.03505
60000 30000 149991 -8.71565
60000 20000 149991 -9.10419
65000 20000 149996 -3.98881
60000 25000 149994 -5.7394
65000 25000 149996 -3.69852
65000 20000 149996 -3.98881
70000 20000 149998 -1.94386
65000 25000 149996 -3.69852
70000 25000 149995 -4.64144
60000 25000 149994 -5.7394
65000 25000 149996 -3.69852
60000 30000 149991 -8.71565
65000 30000 149993 -6.6322
65000 25000 149996 -3.69852
70000 25000 149995 -4.64144
65000 30000 149993 -6.6322
70000 30000 149997 -3.31166
70000 20000 149998 -1.94386
75000 20000 150002 1.85408
70000 25000 149995 -4.64144
75000 25000 150001 1.44727
75000 20000 150002 1.85408
80000 20000 150003 3.03209
75000 25000 150001 1.44727
80000 25000 150005 4.64377
70000 25000 149995 -4.64144
75000 25000 150001 1.44727
70000 30000 149997 -3.31166
75000 30000 149999 -1.04016
75000 25000 150001 1.44727
80000 25000 150005 4.64377
75000 30000 149999 -1.04016
80000 30000 150001 1.06418
0 30000 149981 -19.1354
5000 30000 149981 -18.8587
0 35000 149982 -18.2357
5000 35000 149982 -18.2457
5000 30000 149981 -18.8587
10000 30000 149982 -18.4126
5000 35000 149982 -18.2457
10000 35000 149981 -18.8116
0 35000 149982 -18.2357
5000 35000 149982 -18.2457
0 40000 149982 -17.7201
5000 40000 149981 -18.9487
5000 35000 149982 -18.2457
10000 35000 149981 -18.8116
5000 40000 149981 -18.9487
10000 40000 149982 -18.1867
10000 30000 149982 -18.4126
15000 30000 149981 -18.5802
10000 35000 149981 -18.8116
15000 35000 149981 -18.619
15000 30000 149981 -18.5802
20000 30000 149984 -16.1585
15000 35000 149981 -18.619
20000 35000 149982 -18.1737
10000 35000 149981 -18.8116
15000 35000 149981 -18.619
10000 40000 149982 -18.1867
15000 40000 149981 -18.5685
15000 35000 149981 -18.619
20000 35000 149982 -18.1737
15000 40000 149981 -18.5685
20000 40000 149984 -15.9059
20000 30000 149984 -16.1585
25000 30000 149985 -14.9614
20000 35000 149982 -18.1737
25000 35000 149983 -17.0859
25000 30000 149985 -14.9614
30000 30000 149983 -17.0755
25000 35000 149983 -17.0859
30000 35000 149984 -16.2324
20000 35000 149982 -18.1737
25000 35000 149983 -17.0859
20000 40000 149984 -15.9059
25000 40000 149982 -17.9092
25000 35000 149983 -17.0859
30000 35000 149984 -16.2324
25000 40000 149982 -17.9092
30000 40000 149985 -15.3461
30000 30000 149983 -17.0755
35000 30000 149984 -16.1885
30000 35000 149984 -16.2324
35000 35000 149984 -15.7951
35000 30000 149984 -16.1885
40000 30000 149988 -11.8502
35000 35000 149984 -15.7951
40000 35000 149988 -12.4945
30000 35000 149984 -16.2324
35000 35000 149984 -15.7951
30000 40000 149985 -15.3461
35000 40000 149984 -16.4553
35000 35000 149984 -15.7951
40000 35000 149988 -12.4945
35000 40000 149984 -16.4553
40000 40000 149987 -13.304
40000 30000 149988 -11.8502
45000 30000 149987 -12.7804
40000 35000 149988 -12.4945
45000 35000 149987 -12.7804
45000 30000 149987 -12.7804
50000 30000 149990 -10.0933
45000 35000 149987 -12.7804
50000 35000 149988 -12.2397
40000 35000 149988 -12.4945
45000 35000 149987 -12.7804
40000 40000 149987 -13.304
45000 40000 149987 -13.2733
45000 35000 149987 -12.7804
50000 35000 149988 -12.2397
45000 40000 149987 -13.2733
50000 40000 149988 -12.4757
50000 30000 149990 -10.0933
55000 30000 149991 -9.03505
50000 35000 149988 -12.2397
55000 35000 149991 -9.30778
55000 30000 149991 -9.03505
60000 30000 149991 -8.71565
55000 35000 149991 -9.30778
60000 35000 149992 -8.24449
50000 35000 149988 -12.2397
55000 35000 149991 -9.30778
50000 40000 149988 -12.4757
55000 40000 149989 -10.8966
55000 35000 149991 -9.30778
60000 35000 149992 -8.24449
55000 40000 149989 -10.8966
60000 40000 149991 -8.70807
60000 30000 149991 -8.71565
65000 30000 149993 -6.6322
60000 35000 149992 -8.24449
65000 35000 149994 -5.60727
65000 30000 149993 -6.6322
70000 30000 149997 -3.31166
65000 35000 149994 -5.60727
70000 35000 149996 -4.37908
60000 35000 149992 -8.24449
65000 35000 149994 -5.60727
60000 40000 149991 -8.70807
65000 40000 149994 -6.06516
65000 35000 149994 -5.60727
70000 35000 149996 -4.37908
65000 40000 149994 -6.06516
70000 40000 149996 -4.08171
70000 30000 149997 -3.31166
75000 30000 149999 -1.04016
70000 35000 149996 -4.37908
75000 35000 149998 -1.92102
75000 30000 149999 -1.04016
80000 30000 150001 1.06418
75000 35000 149998 -1.92102
80000 35000 150003 2.65624
70000 35000 149996 -4.37908
75000 35000 149998 -1.92102
70000 40000 149996 -4.08171
75000 40000 150001 1.03702
75000 35000 149998 -1.92102
80000 35000 150003 2.65624
75000 40000 150001 1.03702
80000 40000 150001 0.953091
0 40000 149982 -17.7201
5000 40000 149981 -18.9487
0 45000 149981 -19.1575
5000 45000 149981 -18.8251
5000 40000 149981 -18.9487
10000 40000 149982 -18.1867
5000 45000 149981 -18.8251
10000 45000 149983 -17.4423
0 45000 149981 -19.1575
5000 45000 149981 -18.8251
0 50000 149981 -19.1888
5000 50000 149982 -18.1941
5000 45000 149981 -18.8251
10000 45000 149983 -17.4423
5000 50000 149982 -18.1941
10000 50000 149981 -18.9908
10000 40000 149982 -18.1867
15000 40000 149981 -18.5685
10000 45000 149983 -17.4423
15000 45000 149982 -17.626
15000 40000 149981 -18.5685
20000 40000 149984 -15.9059
15000 45000 149982 -17.626
20000 45000 149982 -18.2565
10000 45000 149983 -17.4423
15000 45000 149982 -17.626
10000 50000 149981 -18.9908
15000 50000 149984 -16.4578
15000 45000 149982 -17.626
20000 45000 149982 -18.2565
15000 50000 149984 -16.4578
20000 50000 149982 -18.0785
20000 40000 149984 -15.9059
25000 40000 149982 -17.9092
20000 45000 149982 -18.2565
25000 45000 149984 -15.9168
25000 40000 149982 -17.9092
30000 40000 149985 -15.3461
25000 45000 149984 -15.9168
30000 45000 149984 -16.281
20000 45000 149982 -18.2565
25000 45000 149984 -15.9168
20000 50000 149982 -18.0785
25000 50000 149984 -15.8056
25000 45000 149984 -15.9168
30000 45000 149984 -16.281
25000 50000 149984 -15.8056
30000 50000 149985 -14.7256
30000 40000 149985 -15.3461
35000 40000 149984 -16.4553
30000 45000 149984 -16.281
35000 45000 149984 -15.8277
35000 40000 149984 -16.4553
40000 40000 149987 -13.304
35000 45000 149984 -15.8277
40000 45000 149985 -14.5419
30000 45000 149984 -16.281
35000 45000 149984 -15.8277
30000 50000 149985 -14.7256
35000 50000 149987 -13.1606
35000 45000 149984 -15.8277
40000 45000 149985 -14.5419
35000 50000 149987 -13.1606
40000 50000 149986 -14.4658
40000 40000 149987 -13.304
45000 40000 149987 -13.2733
40000 45000 149985 -14.5419
45000 45000 149988 -11.5815
45000 40000 149987 -13.2733
50000 40000 149988 -12.4757
45000 45000 149988 -11.5815
50000 45000 149988 -12.3239
40000 45000 149985 -14.5419
45000 45000 149988 -11.5815
40000 50000 149986 -14.4658
45000 50000 149989 -10.5814
45000 45000 149988 -11.5815
50000 45000 149988 -12.3239
45000 50000 149989 -10.5814
50000 50000 149988 -11.7772
50000 40000 149988 -12.4757
55000 40000 149989 -10.8966
50000 45000 149988 -12.3239
55000 45000 149992 -7.88252
55000 40000 149989 -10.8966
60000 40000 149991 -8.70807
55000 45000 149992 -7.88252
60000 45000 149990 -9.81706
50000 45000 149988 -12.3239
55000 45000 149992 -7.88252
50000 50000 149988 -11.7772
55000 50000 149991 -8.78622
55000 45000 149992 -7.88252
60000 45000 149990 -9.81706
55000 50000 149991 -8.78622
60000 50000 149994 -6.4969
60000 40000 149991 -8.70807
65000 40000 149994 -6.06516
60000 45000 149990 -9.81706
65000 45000 149995 -4.60956
65000 40000 149994 -6.06516
70000 40000 149996 -4.08171
65000 45000 149995 -4.60956
70000 45000 149998 -2.01927
60000 45000 149990 -9.81706
65000 45000 149995 -4.60956
60000 50000 149994 -6.4969
65000 50000 149994 -5.78524
65000 45000 149995 -4.60956
70000 45000 149998 -2.01927
65000 50000 149994 -5.78524
70000 50000 149997 -3.34868
70000 40000 149996 -4.08171
75000 40000 150001 1.03702
70000 45000 149998 -2.01927
75000 45000 149998 -1.78811
75000 40000 150001 1.03702
80000 40000 150001 0.953091
75000 45000 149998 -1.78811
80000 45000 150001 0.549372
70000 45000 149998 -2.01927
75000 45000 149998 -1.78811
70000 50000 149997 -3.34868
75000 50000 149998 -2.40854
75000 45000 149998 -1.78811
80000 45000 150001 0.549372
75000 50000 149998 -2.40854
80000 50000 150003 2.93474
0 50000 149981 -19.1888
5000 50000 149982 -18.1941
0 55000 149981 -19.0528
5000 55000 149982 -18.4555
5000 50000 149982 -18.1941
10000 50000 149981 -18.9908
5000 55000 149982 -18.4555
10000 55000 149981 -19.0053
0 55000 149981 -19.0528
5000 55000 149982 -18.4555
0 60000 149981 -18.964
5000 60000 149983 -16.8464
5000 55000 149982 -18.4555
10000 55000 149981 -19.0053
5000 60000 149983 -16.8464
10000 60000 149984 -15.8966
10000 50000 149981 -18.9908
15000 50000 149984 -16.4578
10000 55000 149981 -19.0053
15000 55000 149982 -18.4866
15000 50000 149984 -16.4578
20000 50000 149982 -18.0785
15000 55000 149982 -18.4866
20000 55000 149982 -18.2188
10000 55000 149981 -19.0053
15000 55000 149982 -18.4866
10000 60000 149984 -15.8966
15000 60000 149981 -18.7401
15000 55000 149982 -18.4866
20000 55000 149982 -18.2188
15000 60000 149981 -18.7401
20000 60000 149984 -15.5505
20000 50000 149982 -18.0785
25000 50000 149984 -15.8056
20000 55000 149982 -18.2188
25000 55000 149983 -16.7562
25000 50000 149984 -15.8056
30000 50000 149985 -14.7256
25000 55000 149983 -16.7562
30000 55000 149985 -15.4574
20000 55000 149982 -18.2188
25000 55000 149983 -16.7562
20000 60000 149984 -15.5505
25000 60000 149984 -16.2709
25000 55000 149983 -16.7562
30000 55000 149985 -15.4574
25000 60000 149984 -16.2709
30000 60000 149983 -16.6757
30000 50000 149985 -14.7256
35000 50000 149987 -13.1606
30000 55000 149985 -15.4574
35000 55000 149987 -13.3479
35000 50000 149987 -13.1606
40000 50000 149986 -14.4658
35000 55000 149987 -13.3479
40000 55000 149988 -11.51
30000 55000 149985 -15.4574
35000 55000 149987 -13.3479
30000 60000 149983 -16.6757
35000 60000 149984 -16.263
35000 55000 149987 -13.3479
40000 55000 149988 -11.51
35000 60000 149984 -16.263
40000 60000 149986 -14.3338
40000 50000 149986 -14.4658
45000 50000 149989 -10.5814
40000 55000 149988 -11.51
45000 55000 149989 -11.2495
45000 50000 149989 -10.5814
50000 50000 149988 -11.7772
45000 55000 149989 -11.2495
50000 55000 149989 -10.7218
40000 55000 149988 -11.51
45000 55000 149989 -11.2495
40000 60000 149986 -14.3338
45000 60000 149988 -11.9195
45000 55000 149989 -11.2495
50000 55000 149989 -10.7218
45000 60000 149988 -11.9195
50000 60000 149987 -12.8717
50000 50000 149988 -11.7772
55000 50000 149991 -8.78622
50000 55000 149989 -10.7218
55000 55000 149991 -8.98058
55000 50000 149991 -8.78622
60000 50000 149994 -6.4969
55000 55000 149991 -8.98058
60000 55000 149993 -7.17798
50000 55000 149989 -10.7218
55000 55000 149991 -8.98058
50000 60000 149987 -12.8717
55000 60000 149989 -10.86
55000 55000 149991 -8.98058
60000 55000 149993 -7.17798
55000 60000 149989 -10.86
60000 60000 149990 -10.0447
60000 50000 149994 -6.4969
65000 50000 149994 -5.78524
60000 55000 149993 -7.17798
65000 55000 149996 -4.39899
65000 50000 149994 -5.78524
70000 50000 149997 -3.34868
65000 55000 149996 -4.39899
70000 55000 149994 -6.08339
60000 55000 149993 -7.17798
65000 55000 149996 -4.39899
60000 60000 149990 -10.0447
65000 60000 149991 -8.69444
65000 55000 149996 -4.39899
70000 55000 149994 -6.08339
65000 60000 149991 -8.69444
70000 60000 149995 -4.92927
70000 50000 149997 -3.34868
75000 50000 149998 -2.40854
70000 55000 149994 -6.08339
75000 55000 149998 -1.73999
75000 50000 149998 -2.40854
80000 50000 150003 2.93474
75000 55000 149998 -1.73999
80000 55000 149999 -1.46432
70000 55000 149994 -6.08339
75000 55000 149998 -1.73999
70000 60000 149995 -4.92927
75000 60000 149999 -1.29573
75000 55000 149998 -1.73999
80000 55000 149999 -1.46432
75000 60000 149999 -1.29573
80000 60000 150002 1.9702
0 60000 149981 -18.964
5000 60000 149983 -16.8464
0 65000 149981 -18.5009
5000 65000 149982 -18.1906
5000 60000 149983 -16.8464
10000 60000 149984 -15.8966
5000 65000 149982 -18.1906
10000 65000 149981 -18.6512
0 65000 149981 -18.5009
5000 65000 149982 -18.1906
0 70000 149983 -17.1754
5000 70000 149982 -17.5456
5000 65000 149982 -18.1906
10000 65000 149981 -18.6512
5000 70000 149982 -17.5456
10000 70000 149983 -17.2695
10000 60000 149984 -15.8966
15000 60000 149981 -18.7401
10000 65000 149981 -18.6512
15000 65000 149982 -17.9394
15000 60000 149981 -18.7401
20000 60000 149984 -15.5505
15000 65000 149982 -17.9394
20000 65000 149983 -17.3395
10000 65000 149981 -18.6512
15000 65000 149982 -17.9394
10000 70000 149983 -17.2695
15000 70000 149981 -18.6141
15000 65000 149982 -17.9394
20000 65000 149983 -17.3395
15000 70000 149981 -18.6141
20000 70000 149984 -16
20000 60000 149984 -15.5505
25000 60000 149984 -16.2709
20000 65000 149983 -17.3395
25000 65000 149982 -17.7981
25000 60000 149984 -16.2709
30000 60000 149983 -16.6757
25000 65000 149982 -17.7981
30000 65000 149984 -16.3504
20000 65000 149983 -17.3395
25000 65000 149982 -17.7981
20000 70000 149984 -16
25000 70000 149983 -17.4122
25000 65000 149982 -17.7981
30000 65000 149984 -16.3504
25000 70000 149983 -17.4122
30000 70000 149983 -16.7219
30000 60000 149983 -16.6757
35000 60000 149984 -16.263
30000 65000 149984 -16.3504
35000 65000 149984 -16.1071
35000 60000 149984 -16.263
40000 60000 149986 -14.3338
35000 65000 149984 -16.1071
40000 65000 149986 -14.019
30000 65000 149984 -16.3504
35000 65000 149984 -16.1071
30000 70000 149983 -16.7219
35000 70000 149984 -15.9608
35000 65000 149984 -16.1071
40000 65000 149986 -14.019
35000 70000 149984 -15.9608
40000 70000 149986 -14.0538
40000 60000 149986 -14.3338
45000 60000 149988 -11.9195
40000 65000 149986 -14.019
45000 65000 149986 -14.2215
45000 60000 149988 -11.9195
50000 60000 149987 -12.8717
45000 65000 149986 -14.2215
50000 65000 149989 -11.1292
40000 65000 149986 -14.019
45000 65000 149986 -14.2215
40000 70000 149986 -14.0538
45000 70000 149986 -13.9658
45000 65000 149986 -14.2215
50000 65000 149989 -11.1292
45000 70000 149986 -13.9658
50000 70000 149989 -11.201
50000 60000 149987 -12.8717
55000 60000 149989 -10.86
50000 65000 149989 -11.1292
55000 65000 149992 -8.38366
55000 60000 149989 -10.86
60000 60000 149990 -10.0447
55000 65000 149992 -8.38366
60000 65000 149990 -9.57293
50000 65000 149989 -11.1292
55000 65000 149992 -8.38366
50000 70000 149989 -11.201
55000 70000 149988 -11.7655
55000 65000 149992 -8.38366
60000 65000 149990 -9.57293
55000 70000 149988 -11.7655
60000 70000 149993 -7.08223
60000 60000 149990 -10.0447
65000 60000 149991 -8.69444
60000 65000 149990 -9.57293
65000 65000 149993 -6.51037
65000 60000 149991 -8.69444
70000 60000 149995 -4.92927
65000 65000 149993 -6.51037
70000 65000 149993 -6.5676
60000 65000 149990 -9.57293
65000 65000 149993 -6.51037
60000 70000 149993 -7.08223
65000 70000 149993 -6.63191
65000 65000 149993 -6.51037
70000 65000 149993 -6.5676
65000 70000 149993 -6.63191
70000 70000 149995 -5.27048
70000 60000 149995 -4.92927
75000 60000 149999 -1.29573
70000 65000 149993 -6.5676
75000 65000 149999 -1.43177
75000 60000 149999 -1.29573
80000 60000 150002 1.9702
75000 65000 149999 -1.43177
80000 65000 150000 0.34118
70000 65000 149993 -6.5676
75000 65000 149999 -1.43177
70000 70000 149995 -5.27048
75000 70000 149998 -1.7088
75000 65000 149999 -1.43177
80000 65000 150000 0.34118
75000 70000 149998 -1.7088
80000 70000 150002 1.55947
0 70000 149983 -17.1754
5000 70000 149982 -17.5456
0 75000 149981 -18.9579
5000 75000 149981 -18.8408
5000 70000 149982 -17.5456
10000 70000 149983 -17.2695
5000 75000 149981 -18.8408
10000 75000 149981 -18.8175
0 75000 149981 -18.9579
5000 75000 149981 -18.8408
0 80000 149983 -16.9345
5000 80000 149983 -17.0992
5000 75000 149981 -18.8408
10000 75000 149981 -18.8175
5000 80000 149983 -17.0992
10000 80000 149981 -18.9122
10000 70000 149983 -17.2695
15000 70000 149981 -18.6141
10000 75000 149981 -18.8175
15000 75000 149982 -18.3528
15000 70000 149981 -18.6141
20000 70000 149984 -16
15000 75000 149982 -18.3528
20000 75000 149982 -18.367
10000 75000 149981 -18.8175
15000 75000 149982 -18.3528
10000 80000 149981 -18.9122
15000 80000 149981 -18.584
15000 75000 149982 -18.3528
20000 75000 149982 -18.367
15000 80000 149981 -18.584
20000 80000 149983 -16.737
20000 70000 149984 -16
25000 70000 149983 -17.4122
20000 75000 149982 -18.367
25000 75000 149982 -17.5727
25000 70000 149983 -17.4122
30000 70000 149983 -16.7219
25000 75000 149982 -17.5727
30000 75000 149983 -16.593
20000 75000 149982 -18.367
25000 75000 149982 -17.5727
20000 80000 149983 -16.737
25000 80000 149983 -17.3074
25000 75000 149982 -17.5727
30000 75000 149983 -16.593
25000 80000 149983 -17.3074
30000 80000 149985 -15.4338
30000 70000 149983 -16.7219
35000 70000 149984 -15.9608
30000 75000 149983 -16.593
35000 75000 149985 -14.9052
35000 70000 149984 -15.9608
40000 70000 149986 -14.0538
35000 75000 149985 -14.9052
40000 75000 149985 -14.718
30000 75000 149983 -16.593
35000 75000 149985 -14.9052
30000 80000 149985 -15.4338
35000 80000 149984 -15.8215
35000 75000 149985 -14.9052
40000 75000 149985 -14.718
35000 80000 149984 -15.8215
40000 80000 149987 -13.382
40000 70000 149986 -14.0538
45000 70000 149986 -13.9658
40000 75000 149985 -14.718
45000 75000 149986 -14.0794
45000 70000 149986 -13.9658
50000 70000 149989 -11.201
45000 75000 149986 -14.0794
50000 75000 149987 -13.0689
40000 75000 149985 -14.718
45000 75000 149986 -14.0794
40000 80000 149987 -13.382
45000 80000 149988 -12.3833
45000 75000 149986 -14.0794
50000 75000 149987 -13.0689
45000 80000 149988 -12.3833
50000 80000 149987 -12.9922
50000 70000 149989 -11.201
55000 70000 149988 -11.7655
50000 75000 149987 -13.0689
55000 75000 149989 -10.6291
55000 70000 149988 -11.7655
60000 70000 149993 -7.08223
55000 75000 149989 -10.6291
60000 75000 149991 -8.59608
50000 75000 149987 -13.0689
55000 75000 149989 -10.6291
50000 80000 149987 -12.9922
55000 80000 149991 -9.06694
55000 75000 149989 -10.6291
60000 75000 149991 -8.59608
55000 80000 149991 -9.06694
60000 80000 149991 -9.30434
60000 70000 149993 -7.08223
65000 70000 149993 -6.63191
60000 75000 149991 -8.59608
65000 75000 149992 -7.62955
65000 70000 149993 -6.63191
70000 70000 149995 -5.27048
65000 75000 149992 -7.62955
70000 75000 149997 -3.00133
60000 75000 149991 -8.59608
65000 75000 149992 -7.62955
60000 80000 149991 -9.30434
65000 80000 149990 -9.89169
65000 75000 149992 -7.62955
70000 75000 149997 -3.00133
65000 80000 149990 -9.89169
70000 80000 149994 -6.27848
70000 70000 149995 -5.27048
75000 70000 149998 -1.7088
70000 75000 149997 -3.00133
75000 75000 149998 -2.18817
75000 70000 149998 -1.7088
80000 70000 150002 1.55947
75000 75000 149998 -2.18817
80000 75000 150000 0.0790813
70000 75000 149997 -3.00133
75000 75000 149998 -2.18817
70000 80000 149994 -6.27848
75000 80000 149995 -4.87313
75000 75000 149998 -2.18817
80000 75000 150000 0.0790813
75000 80000 149995 -4.87313
80000 80000 150002 1.92092
80000 0 150006 6.08142
85000 0 150007 6.58669
80000 5000 150004 4.45944
85000 5000 150006 6.07544
85000 0 150007 6.58669
90000 0 150006 6.3352
85000 5000 150006 6.07544
90000 5000 150008 7.97436
80000 5000 150004 4.45944
85000 5000 150006 6.07544
80000 10000 150004 3.86439
85000 10000 150007 6.51517
85000 5000 150006 6.07544
90000 5000 150008 7.97436
85000 10000 150007 6.51517
90000 10000 150008 7.95672
90000 0 150006 6.3352
95000 0 150006 6.27568
90000 5000 150008 7.97436
95000 5000 150008 8.45488
95000 0 150006 6.27568
100000 0 150007 6.94958
95000 5000 150008 8.45488
100000 5000 150009 8.92383
90000 5000 150008 7.97436
95000 5000 150008 8.45488
90000 10000 150008 7.95672
95000 10000 150010 10.2831
95000 5000 150008 8.45488
100000 5000 150009 8.92383
95000 10000 150010 10.2831
100000 10000 150009 8.69665
100000 0 150007 6.94958
105000 0 150010 9.76951
100000 5000 150009 8.92383
105000 5000 150008 7.54408
105000 0 150010 9.76951
110000 0 150008 8.3203
105000 5000 150008 7.54408
110000 5000 150008 8.4043
100000 5000 150009 8.92383
105000 5000 150008 7.54408
100000 10000 150009 8.69665
105000 10000 150009 9.00308
105000 5000 150008 7.54408
110000 5000 150008 8.4043
105000 10000 150009 9.00308
110000 10000 150008 7.71085
110000 0 150008 8.3203
115000 0 150000 0.23612
110000 5000 150008 8.4043
115000 5000 150000 0.176755
115000 0 150000 0.23612
120000 0 149998 -1.83232
115000 5000 150000 0.176755
120000 5000 149997 -3.209
110000 5000 150008 8.4043
115000 5000 150000 0.176755
110000 10000 150008 7.71085
115000 10000 150004 3.92799
115000 5000 150000 0.176755
120000 5000 149997 -3.209
115000 10000 150004 3.92799
120000 10000 149995 -5.12975
120000 0 149998 -1.83232
125000 0 149993 -6.82506
120000 5000 149997 -3.209
125000 5000 149992 -7.50562
125000 0 149993 -6.82506
130000 0 149998 -2.3538
125000 5000 149992 -7.50562
130000 5000 149995 -5.14378
120000 5000 149997 -3.209
125000 5000 149992 -7.50562
120000 10000 149995 -5.12975
125000 10000 149991 -8.84479
125000 5000 149992 -7.50562
130000 5000 149995 -5.14378
125000 10000 149991 -8.84479
130000 10000 149993 -6.9918
130000 0 149998 -2.3538
135000 0 149997 -3.34734
130000 5000 149995 -5.14378
135000 5000 149996 -3.90226
135000 0 149997 -3.34734
140000 0 150000 0.248547
135000 5000 149996 -3.90226
140000 5000 150005 5.35544
130000 5000 149995 -5.14378
135000 5000 149996 -3.90226
130000 10000 149993 -6.9918
135000 10000 149997 -2.65469
135000 5000 149996 -3.90226
140000 5000 150005 5.35544
135000 10000 149997 -2.65469
140000 10000 150005 4.85511
140000 0 150000 0.248547
145000 0 150009 8.91256
140000 5000 150005 5.35544
145000 5000 150004 4.01589
145000 0 150009 8.91256
150000 0 150007 6.7513
145000 5000 150004 4.01589
150000 5000 150010 9.5118
140000 5000 150005 5.35544
145000 5000 150004 4.01589
140000 10000 150005 4.85511
145000 10000 150008 8.24363
145000 5000 150004 4.01589
150000 5000 150010 9.5118
145000 10000 150008 8.24363
150000 10000 150011 11.0931
150000 0 150007 6.7513
155000 0 150009 9.10406
150000 5000 150010 9.5118
155000 5000 150010 10.3922
155000 0 150009 9.10406
160000 0 150013 12.6466
155000 5000 150010 10.3922
160000 5000 150015 15.2623
150000 5000 150010 9.5118
155000 5000 150010 10.3922
150000 10000 150011 11.0931
155000 10000 150010 10.1861
155000 5000 150010 10.3922
160000 5000 150015 15.2623
155000 10000 150010 10.1861
160000 10000 150015 15.1733
80000 10000 150004 3.86439
85000 10000 150007 6.51517
80000 15000 150002 2.24139
85000 15000 150005 5.2038
85000 10000 150007 6.51517
90000 10000 150008 7.95672
85000 15000 150005 5.2038
90000 15000 150006 5.7598
80000 15000 150002 2.24139
85000 15000 150005 5.2038
80000 20000 150003 3.03209
85000 20000 150008 8.40728
85000 15000 150005 5.2038
90000 15000 150006 5.7598
85000 20000 150008 8.40728
90000 20000 150008 7.81914
90000 10000 150008 7.95672
95000 10000 150010 10.2831
90000 15000 150006 5.7598
95000 15000 150010 10.1601
95000 10000 150010 10.2831
100000 10000 150009 8.69665
95000 15000 150010 10.1601
100000 15000 150011 10.9231
90000 15000 150006 5.7598
95000 15000 150010 10.1601
90000 20000 150008 7.81914
95000 20000 150008 8.21001
95000 15000 150010 10.1601
100000 15000 150011 10.9231
95000 20000 150008 8.21001
100000 20000 150008 7.84568
100000 10000 150009 8.69665
105000 10000 150009 9.00308
100000 15000 150011 10.9231
105000 15000 150013 12.7483
105000 10000 150009 9.00308
110000 10000 150008 7.71085
105000 15000 150013 12.7483
110000 15000 150011 10.8319
100000 15000 150011 10.9231
105000 15000 150013 12.7483
100000 20000 150008 7.84568
105000 20000 150011 11.3275
105000 15000 150013 12.7483
110000 15000 150011 10.8319
105000 20000 150011 11.3275
110000 20000 150014 14.0953
110000 10000 150008 7.71085
115000 10000 150004 3.92799
110000 15000 150011 10.8319
115000 15000 150008 8.38027
115000 10000 150004 3.92799
120000 10000 149995 -5.12975
115000 15000 150008 8.38027
120000 15000 149995 -5.46507
110000 15000 150011 10.8319
115000 15000 150008 8.38027
110000 20000 150014 14.0953
115000 20000 150007 7.44372
115000 15000 150008 8.38027
120000 15000 149995 -5.46507
115000 20000 150007 7.44372
120000 20000 149995 -5.14374
120000 10000 149995 -5.12975
125000 10000 149991 -8.84479
120000 15000 149995 -5.46507
125000 15000 149982 -17.7056
125000 10000 149991 -8.84479
130000 10000 149993 -6.9918
125000 15000 149982 -17.7056
130000 15000 149987 -12.8217
120000 15000 149995 -5.46507
125000 15000 149982 -17.7056
120000 20000 149995 -5.14374
125000 20000 149977 -23.0927
125000 15000 149982 -17.7056
130000 15000 149987 -12.8217
125000 20000 149977 -23.0927
130000 20000 149974 -25.9775
130000 10000 149993 -6.9918
135000 10000 149997 -2.65469
130000 15000 149987 -12.8217
135000 15000 149992 -7.84933
135000 10000 149997 -2.65469
140000 10000 150005 4.85511
135000 15000 149992 -7.84933
140000 15000 150001 0.697086
130000 15000 149987 -12.8217
135000 15000 149992 -7.84933
130000 20000 149974 -25.9775
135000 20000 149990 -9.69256
135000 15000 149992 -7.84933
140000 15000 150001 0.697086
135000 20000 149990 -9.69256
140000 20000 150000 0.317491
140000 10000 150005 4.85511
145000 10000 150008 8.24363
140000 15000 150001 0.697086
145000 15000 150009 8.51867
145000 10000 150008 8.24363
150000 10000 150011 11.0931
145000 15000 150009 8.51867
150000 15000 150009 9.00593
140000 15000 150001 0.697086
145000 15000 150009 8.51867
140000 20000 150000 0.317491
145000 20000 150008 7.78859
145000 15000 150009 8.51867
150000 15000 150009 9.00593
145000 20000 150008 7.78859
150000 20000 150009 8.7489
150000 10000 150011 11.0931
155000 10000 150010 10.1861
150000 15000 150009 9.00593
155000 15000 150013 13.311
155000 10000 150010 10.1861
160000 10000 150015 15.1733
155000 15000 150013 13.311
160000 15000 150016 15.76
150000 15000 150009 9.00593
155000 15000 150013 13.311
150000 20000 150009 8.7489
155000 20000 150013 12.583
155000 15000 150013 13.311
160000 15000 150016 15.76
155000 20000 150013 12.583
160000 20000 150015 14.5861
80000 20000 150003 3.03209
85000 20000 150008 8.40728
80000 25000 150005 4.64377
85000 25000 150008 7.61316
85000 20000 150008 8.40728
90000 20000 150008 7.81914
85000 25000 150008 7.61316
90000 25000 150006 6.31857
80000 25000 150005 4.64377
85000 25000 150008 7.61316
80000 30000 150001 1.06418
85000 30000 150004 4.47694
85000 25000 150008 7.61316
90000 25000 150006 6.31857
85000 30000 150004 4.47694
90000 30000 150007 7.13322
90000 20000 150008 7.81914
95000 20000 150008 8.21001
90000 25000 150006 6.31857
95000 25000 150010 9.86401
95000 20000 150008 8.21001
100000 20000 150008 7.84568
95000 25000 150010 9.86401
100000 25000 150013 12.8837
90000 25000 150006 6.31857
95000 25000 150010 9.86401
90000 30000 150007 7.13322
95000 30000 150008 7.91804
95000 25000 150010 9.86401
100000 25000 150013 12.8837
95000 30000 150008 7.91804
100000 30000 150011 10.6265
100000 20000 150008 7.84568
105000 20000 150011 11.3275
100000 25000 150013 12.8837
105000 25000 150014 14.0363
105000 20000 150011 11.3275
110000 20000 150014 14.0953
105000 25000 150014 14.0363
110000 25000 150015 15.198
100000 25000 150013 12.8837
105000 25000 150014 14.0363
100000 30000 150011 10.6265
105000 30000 150011 10.5683
105000 25000 150014 14.0363
110000 25000 150015 15.198
105000 30000 150011 10.5683
110000 30000 150012 11.8265
110000 20000 150014 14.0953
115000 20000 150007 7.44372
110000 25000 150015 15.198
115000 25000 150015 15.101
115000 20000 150007 7.44372
120000 20000 149995 -5.14374
115000 25000 150015 15.101
120000 25000 150003 3.48829
110000 25000 150015 15.198
115000 25000 150015 15.101
110000 30000 150012 11.8265
115000 30000 150016 15.7635
115000 25000 150015 15.101
120000 25000 150003 3.48829
115000 30000 150016 15.7635
120000 30000 150009 9.48032
120000 20000 149995 -5.14374
125000 20000 149977 -23.0927
120000 25000 150003 3.48829
125000 25000 149984 -16.0694
125000 20000 149977 -23.0927
130000 20000 149974 -25.9775
125000 25000 149984 -16.0694
130000 25000 149971 -29.4677
120000 25000 150003 3.48829
125000 25000 149984 -16.0694
120000 30000 150009 9.48032
125000 30000 149994 -5.57108
125000 25000 149984 -16.0694
130000 25000 149971 -29.4677
125000 30000 149994 -5.57108
130000 30000 149975 -24.8025
130000 20000 149974 -25.9775
135000 20000 149990 -9.69256
130000 25000 149971 -29.4677
135000 25000 149982 -18.3411
135000 20000 149990 -9.69256
140000 20000 150000 0.317491
135000 25000 149982 -18.3411
140000 25000 149995 -5.14375
130000 25000 149971 -29.4677
135000 25000 149982 -18.3411
130000 30000 149975 -24.8025
135000 30000 149969 -30.5239
135000 25000 149982 -18.3411
140000 25000 149995 -5.14375
135000 30000 149969 -30.5239
140000 30000 149989 -11.1883
140000 20000 150000 0.317491
145000 20000 150008 7.78859
140000 25000 149995 -5.14375
145000 25000 150007 6.91197
145000 20000 150008 7.78859
150000 20000 150009 8.7489
145000 25000 150007 6.91197
150000 25000 150010 10.4794
140000 25000 149995 -5.14375
145000 25000 150007 6.91197
140000 30000 149989 -11.1883
145000 30000 150003 3.33295
145000 25000 150007 6.91197
150000 25000 150010 10.4794
145000 30000 150003 3.33295
150000 30000 150010 10.4293
150000 20000 150009 8.7489
155000 20000 150013 12.583
150000 25000 150010 10.4794
155000 25000 150011 11.316
155000 20000 150013 12.583
160000 20000 150015 14.5861
155000 25000 150011 11.316
160000 25000 150012 12.1118
150000 25000 150010 10.4794
155000 25000 150011 11.316
150000 30000 150010 10.4293
155000 30000 150013 12.8018
155000 25000 150011 11.316
160000 25000 150012 12.1118
155000 30000 150013 12.8018
160000 30000 150013 13.4763
80000 30000 150001 1.06418
85000 30000 150004 4.47694
80000 35000 150003 2.65624
85000 35000 150005 5.24831
85000 30000 150004 4.47694
90000 30000 150007 7.13322
85000 35000 150005 5.24831
90000 35000 150005 4.87305
80000 35000 150003 2.65624
85000 35000 150005 5.24831
80000 40000 150001 0.953091
85000 40000 150006 5.79399
85000 35000 150005 5.24831
90000 35000 150005 4.87305
85000 40000 150006 5.79399
90000 40000 150010 9.59829
90000 30000 150007 7.13322
95000 30000 150008 7.91804
90000 35000 150005 4.87305
95000 35000 150009 8.91147
95000 30000 150008 7.91804
100000 30000 150011 10.6265
95000 35000 150009 8.91147
100000 35000 150011 10.5405
90000 35000 150005 4.87305
95000 35000 150009 8.91147
90000 40000 150010 9.59829
95000 40000 150012 11.8117
95000 35000 150009 8.91147
100000 35000 150011 10.5405
95000 40000 150012 11.8117
100000 40000 150013 13.1363
100000 30000 150011 10.6265
105000 30000 150011 10.5683
100000 35000 150011 10.5405
105000 35000 150011 11.2199
105000 30000 150011 10.5683
110000 30000 150012 11.8265
105000 35000 150011 11.2199
110000 35000 150013 12.6445
100000 35000 150011 10.5405
105000 35000 150011 11.2199
100000 40000 150013 13.1363
105000 40000 150012 11.8507
105000 35000 150011 11.2199
110000 35000 150013 12.6445
105000 40000 150012 11.8507
110000 40000 150012 11.5661
110000 30000 150012 11.8265
115000 30000 150016 15.7635
110000 35000 150013 12.6445
115000 35000 150015 14.7512
115000 30000 150016 15.7635
120000 30000 150009 9.48032
115000 35000 150015 14.7512
120000 35000 150013 12.5312
110000 35000 150013 12.6445
115000 35000 150015 14.7512
110000 40000 150012 11.5661
115000 40000 150017 16.9543
115000 35000 150015 14.7512
120000 35000 150013 12.5312
115000 40000 150017 16.9543
120000 40000 150016 15.5298
120000 30000 150009 9.48032
125000 30000 149994 -5.57108
120000 35000 150013 12.5312
125000 35000 150006 6.10835
125000 30000 149994 -5.57108
130000 30000 149975 -24.8025
125000 35000 150006 6.10835
130000 35000 149982 -17.8206
120000 35000 150013 12.5312
125000 35000 150006 6.10835
120000 40000 150016 15.5298
125000 40000 150008 8.27258
125000 35000 150006 6.10835
130000 35000 149982 -17.8206
125000 40000 150008 8.27258
130000 40000 149995 -5.14381
130000 30000 149975 -24.8025
135000 30000 149969 -30.5239
130000 35000 149982 -17.8206
135000 35000 149965 -34.5618
135000 30000 149969 -30.5239
140000 30000 149989 -11.1883
135000 35000 149965 -34.5618
140000 35000 149979 -20.7862
130000 35000 149982 -17.8206
135000 35000 149965 -34.5618
130000 40000 149995 -5.14381
135000 40000 149972 -28.1925
135000 35000 149965 -34.5618
140000 35000 149979 -20.7862
135000 40000 149972 -28.1925
140000 40000 149970 -30.4155
140000 30000 149989 -11.1883
145000 30000 150003 3.33295
140000 35000 149979 -20.7862
145000 35000 149996 -4.23707
145000 30000 150003 3.33295
150000 30000 150010 10.4293
145000 35000 149996 -4.23707
150000 35000 150004 4.46022
140000 35000 149979 -20.7862
145000 35000 149996 -4.23707
140000 40000 149970 -30.4155
145000 40000 149987 -12.8702
145000 35000 149996 -4.23707
150000 35000 150004 4.46022
145000 40000 149987 -12.8702
150000 40000 150001 1.20747
150000 30000 150010 10.4293
155000 30000 150013 12.8018
150000 35000 150004 4.46022
155000 35000 150013 12.9686
155000 30000 150013 12.8018
160000 30000 150013 13.4763
155000 35000 150013 12.9686
160000 35000 150015 15.3162
150000 35000 150004 4.46022
155000 35000 150013 12.9686
150000 40000 150001 1.20747
155000 40000 150015 14.6528
155000 35000 150013 12.9686
160000 35000 150015 15.3162
155000 40000 150015 14.6528
160000 40000 150012 12.4447
80000 40000 150001 0.953091
85000 40000 150006 5.79399
80000 45000 150001 0.549372
85000 45000 150004 4.01619
85000 40000 150006 5.79399
90000 40000 150010 9.59829
85000 45000 150004 4.01619
90000 45000 150010 10.3406
80000 45000 150001 0.549372
85000 45000 150004 4.01619
80000 50000 150003 2.93474
85000 50000 150003 3.27639
85000 45000 150004 4.01619
90000 45000 150010 10.3406
85000 50000 150003 3.27639
90000 50000 150006 5.92185
90000 40000 150010 9.59829
95000 40000 150012 11.8117
90000 45000 150010 10.3406
95000 45000 150008 8.45048
95000 40000 150012 11.8117
100000 40000 150013 13.1363
95000 45000 150008 8.45048
100000 45000 150010 9.79463
90000 45000 150010 10.3406
95000 45000 150008 8.45048
90000 50000 150006 5.92185
95000 50000 150012 11.6384
95000 45000 150008 8.45048
100000 45000 150010 9.79463
95000 50000 150012 11.6384
100000 50000 150011 11.1242
100000 40000 150013 13.1363
105000 40000 150012 11.8507
100000 45000 150010 9.79463
105000 45000 150012 12.4471
105000 40000 150012 11.8507
110000 40000 150012 11.5661
105000 45000 150012 12.4471
110000 45000 150014 13.5463
100000 45000 150010 9.79463
105000 45000 150012 12.4471
100000 50000 150011 11.1242
105000 50000 150011 10.9639
105000 45000 150012 12.4471
110000 45000 150014 13.5463
105000 50000 150011 10.9639
110000 50000 150015 15.4102
110000 40000 150012 11.5661
115000 40000 150017 16.9543
110000 45000 150014 13.5463
115000 45000 150012 12.336
115000 40000 150017 16.9543
120000 40000 150016 15.5298
115000 45000 150012 12.336
120000 45000 150016 15.977
110000 45000 150014 13.5463
115000 45000 150012 12.336
110000 50000 150015 15.4102
115000 50000 150015 15.1886
115000 45000 150012 12.336
120000 45000 150016 15.977
115000 50000 150015 15.1886
120000 50000 150013 13.2922
120000 40000 150016 15.5298
125000 40000 150008 8.27258
120000 45000 150016 15.977
125000 45000 150012 12.1357
125000 40000 150008 8.27258
130000 40000 149995 -5.14381
125000 45000 150012 12.1357
130000 45000 150004 3.54093
120000 45000 150016 15.977
125000 45000 150012 12.1357
120000 50000 150013 13.2922
125000 50000 150014 14.3664
125000 45000 150012 12.1357
130000 45000 150004 3.54093
125000 50000 150014 14.3664
130000 50000 150010 10.3262
130000 40000 149995 -5.14381
135000 40000 149972 -28.1925
130000 45000 150004 3.54093
135000 45000 149987 -13.1484
135000 40000 149972 -28.1925
140000 40000 149970 -30.4155
135000 45000 149987 -13.1484
140000 45000 149966 -33.8066
130000 45000 150004 3.54093
135000 45000 149987 -13.1484
130000 50000 150010 10.3262
135000 50000 149995 -5.14375
135000 45000 149987 -13.1484
140000 45000 149966 -33.8066
135000 50000 149995 -5.14375
140000 50000 149972 -28.1995
140000 40000 149970 -30.4155
145000 40000 149987 -12.8702
140000 45000 149966 -33.8066
145000 45000 149971 -28.7255
145000 40000 149987 -12.8702
150000 40000 150001 1.20747
145000 45000 149971 -28.7255
150000 45000 149993 -7.12245
140000 45000 149966 -33.8066
145000 45000 149971 -28.7255
140000 50000 149972 -28.1995
145000 50000 149967 -33.2674
145000 45000 149971 -28.7255
150000 45000 149993 -7.12245
145000 50000 149967 -33.2674
150000 50000 149983 -17.4817
150000 40000 150001 1.20747
155000 40000 150015 14.6528
150000 45000 149993 -7.12245
155000 45000 150007 7.32997
155000 40000 150015 14.6528
160000 40000 150012 12.4447
155000 45000 150007 7.32997
160000 45000 150015 15.0323
150000 45000 149993 -7.12245
155000 45000 150007 7.32997
150000 50000 149983 -17.4817
155000 50000 150005 4.81825
155000 45000 150007 7.32997
160000 45000 150015 15.0323
155000 50000 150005 4.81825
160000 50000 150009 9.46368
80000 50000 150003 2.93474
85000 50000 150003 3.27639
80000 55000 149999 -1.46432
85000 55000 150001 1.00805
85000 50000 150003 3.27639
90000 50000 150006 5.92185
85000 55000 150001 1.00805
90000 55000 150005 5.18809
80000 55000 149999 -1.46432
85000 55000 150001 1.00805
80000 60000 150002 1.9702
85000 60000 150004 4.34065
85000 55000 150001 1.00805
90000 55000 150005 5.18809
85000 60000 150004 4.34065
90000 60000 150005 4.81395
90000 50000 150006 5.92185
95000 50000 150012 11.6384
90000 55000 150005 5.18809
95000 55000 150008 8.37149
95000 50000 150012 11.6384
100000 50000 150011 11.1242
95000 55000 150008 8.37149
100000 55000 150010 10.3106
90000 55000 150005 5.18809
95000 55000 150008 8.37149
90000 60000 150005 4.81395
95000 60000 150007 6.83046
95000 55000 150008 8.37149
100000 55000 150010 10.3106
95000 60000 150007 6.83046
100000 60000 150010 9.93477
100000 50000 150011 11.1242
105000 50000 150011 10.9639
100000 55000 150010 10.3106
105000 55000 150014 14.2123
105000 50000 150011 10.9639
110000 50000 150015 15.4102
105000 55000 150014 14.2123
110000 55000 150016 15.93
100000 55000 150010 10.3106
105000 55000 150014 14.2123
100000 60000 150010 9.93477
105000 60000 150012 11.7172
105000 55000 150014 14.2123
110000 55000 150016 15.93
105000 60000 150012 11.7172
110000 60000 150013 12.8655
110000 50000 150015 15.4102
115000 50000 150015 15.1886
110000 55000 150016 15.93
115000 55000 150014 14.4933
115000 50000 150015 15.1886
120000 50000 150013 13.2922
115000 55000 150014 14.4933
120000 55000 150015 15.3132
110000 55000 150016 15.93
115000 55000 150014 14.4933
110000 60000 150013 12.8655
115000 60000 150016 16.4066
115000 55000 150014 14.4933
120000 55000 150015 15.3132
115000 60000 150016 16.4066
120000 60000 150014 13.9347
120000 50000 150013 13.2922
125000 50000 150014 14.3664
120000 55000 150015 15.3132
125000 55000 150017 17.2861
125000 50000 150014 14.3664
130000 50000 150010 10.3262
125000 55000 150017 17.2861
130000 55000 150015 14.9686
120000 55000 150015 15.3132
125000 55000 150017 17.2861
120000 60000 150014 13.9347
125000 60000 150017 17.2289
125000 55000 150017 17.2861
130000 55000 150015 14.9686
125000 60000 150017 17.2289
130000 60000 150015 15.4906
130000 50000 150010 10.3262
135000 50000 149995 -5.14375
130000 55000 150015 14.9686
135000 55000 150006 6.46644
135000 50000 149995 -5.14375
140000 50000 149972 -28.1995
135000 55000 150006 6.46644
140000 55000 149988 -11.576
130000 55000 150015 14.9686
135000 55000 150006 6.46644
130000 60000 150015 15.4906
135000 60000 150014 13.9101
135000 55000 150006 6.46644
140000 55000 149988 -11.576
135000 60000 150014 13.9101
140000 60000 149995 -4.50765
140000 50000 149972 -28.1995
145000 50000 149967 -33.2674
140000 55000 149988 -11.576
145000 55000 149968 -32.2974
145000 50000 149967 -33.2674
150000 50000 149983 -17.4817
145000 55000 149968 -32.2974
150000 55000 149974 -25.5861
140000 55000 149988 -11.576
145000 55000 149968 -32.2974
140000 60000 149995 -4.50765
145000 60000 149979 -20.9518
145000 55000 149968 -32.2974
150000 55000 149974 -25.5861
145000 60000 149979 -20.9518
150000 60000 149969 -31.4548
150000 50000 149983 -17.4817
155000 50000 150005 4.81825
150000 55000 149974 -25.5861
155000 55000 149995 -5.14384
155000 50000 150005 4.81825
160000 50000 150009 9.46368
155000 55000 149995 -5.14384
160000 55000 150011 10.8111
150000 55000 149974 -25.5861
155000 55000 149995 -5.14384
150000 60000 149969 -31.4548
155000 60000 149982 -18.2579
155000 55000 149995 -5.14384
160000 55000 150011 10.8111
155000 60000 149982 -18.2579
160000 60000 149998 -2.25071
80000 60000 150002 1.9702
85000 60000 150004 4.34065
80000 65000 150000 0.34118
85000 65000 150001 1.1893
85000 60000 150004 4.34065
90000 60000 150005 4.81395
85000 65000 150001 1.1893
90000 65000 150007 6.84608
80000 65000 150000 0.34118
85000 65000 150001 1.1893
80000 70000 150002 1.55947
85000 70000 150002 2.0113
85000 65000 150001 1.1893
90000 65000 150007 6.84608
85000 70000 150002 2.0113
90000 70000 150006 5.8854
90000 60000 150005 4.81395
95000 60000 150007 6.83046
90000 65000 150007 6.84608
95000 65000 150009 9.05507
95000 60000 150007 6.83046
100000 60000 150010 9.93477
95000 65000 150009 9.05507
100000 65000 150009 8.82728
90000 65000 150007 6.84608
95000 65000 150009 9.05507
90000 70000 150006 5.8854
95000 70000 150009 8.53382
95000 65000 150009 9.05507
100000 65000 150009 8.82728
95000 70000 150009 8.53382
100000 70000 150008 8.24546
100000 60000 150010 9.93477
105000 60000 150012 11.7172
100000 65000 150009 8.82728
105000 65000 150014 13.9151
105000 60000 150012 11.7172
110000 60000 150013 12.8655
105000 65000 150014 13.9151
110000 65000 150014 13.9072
100000 65000 150009 8.82728
105000 65000 150014 13.9151
100000 70000 150008 8.24546
105000 70000 150013 12.9687
105000 65000 150014 13.9151
110000 65000 150014 13.9072
105000 70000 150013 12.9687
110000 70000 150014 13.549
110000 60000 150013 12.8655
115000 60000 150016 16.4066
110000 65000 150014 13.9072
115000 65000 150014 13.8033
115000 60000 150016 16.4066
120000 60000 150014 13.9347
115000 65000 150014 13.8033
120000 65000 150015 15.1541
110000 65000 150014 13.9072
115000 65000 150014 13.8033
110000 70000 150014 13.549
115000 70000 150018 18.0381
115000 65000 150014 13.8033
120000 65000 150015 15.1541
115000 70000 150018 18.0381
120000 70000 150018 17.7821
120000 60000 150014 13.9347
125000 60000 150017 17.2289
120000 65000 150015 15.1541
125000 65000 150018 17.8061
125000 60000 150017 17.2289
130000 60000 150015 15.4906
125000 65000 150018 17.8061
130000 65000 150014 14.0716
120000 65000 150015 15.1541
125000 65000 150018 17.8061
120000 70000 150018 17.7821
125000 70000 150016 16.461
125000 65000 150018 17.8061
130000 65000 150014 14.0716
125000 70000 150016 16.461
130000 70000 150016 15.7326
130000 60000 150015 15.4906
135000 60000 150014 13.9101
130000 65000 150014 14.0716
135000 65000 150011 11.3779
135000 60000 150014 13.9101
140000 60000 149995 -4.50765
135000 65000 150011 11.3779
140000 65000 150004 4.2995
130000 65000 150014 14.0716
135000 65000 150011 11.3779
130000 70000 150016 15.7326
135000 70000 150017 17.0218
135000 65000 150011 11.3779
140000 65000 150004 4.2995
135000 70000 150017 17.0218
140000 70000 150009 9.16406
140000 60000 149995 -4.50765
145000 60000 149979 -20.9518
140000 65000 150004 4.2995
145000 65000 149993 -7.26592
145000 60000 149979 -20.9518
150000 60000 149969 -31.4548
145000 65000 149993 -7.26592
150000 65000 149971 -28.6055
140000 65000 150004 4.2995
145000 65000 149993 -7.26592
140000 70000 150009 9.16406
145000 70000 149997 -2.61224
145000 65000 149993 -7.26592
150000 65000 149971 -28.6055
145000 70000 149997 -2.61224
150000 70000 149981 -18.5085
150000 60000 149969 -31.4548
155000 60000 149982 -18.2579
150000 65000 149971 -28.6055
155000 65000 149967 -32.6144
155000 60000 149982 -18.2579
160000 60000 149998 -2.25071
155000 65000 149967 -32.6144
160000 65000 149991 -8.80724
150000 65000 149971 -28.6055
155000 65000 149967 -32.6144
150000 70000 149981 -18.5085
155000 70000 149967 -32.6232
155000 65000 149967 -32.6144
160000 65000 149991 -8.80724
155000 70000 149967 -32.6232
160000 70000 149977 -22.686
80000 70000 150002 1.55947
85000 70000 150002 2.0113
80000 75000 150000 0.0790813
85000 75000 150001 1.34636
85000 70000 150002 2.0113
90000 70000 150006 5.8854
85000 75000 150001 1.34636
90000 75000 150006 6.34439
80000 75000 150000 0.0790813
85000 75000 150001 1.34636
80000 80000 150002 1.92092
85000 80000 150001 1.1328
85000 75000 150001 1.34636
90000 75000 150006 6.34439
85000 80000 150001 1.1328
90000 80000 150003 2.8406
90000 70000 150006 5.8854
95000 70000 150009 8.53382
90000 75000 150006 6.34439
95000 75000 150008 8.42936
95000 70000 150009 8.53382
100000 70000 150008 8.24546
95000 75000 150008 8.42936
100000 75000 150007 7.47493
90000 75000 150006 6.34439
95000 75000 150008 8.42936
90000 80000 150003 2.8406
95000 80000 150005 5.34529
95000 75000 150008 8.42936
100000 75000 150007 7.47493
95000 80000 150005 5.34529
100000 80000 150010 9.96094
100000 70000 150008 8.24546
105000 70000 150013 12.9687
100000 75000 150007 7.47493
105000 75000 150011 10.5921
105000 70000 150013 12.9687
110000 70000 150014 13.549
105000 75000 150011 10.5921
110000 75000 150014 14.2262
100000 75000 150007 7.47493
105000 75000 150011 10.5921
100000 80000 150010 9.96094
105000 80000 150011 11.0336
105000 75000 150011 10.5921
110000 75000 150014 14.2262
105000 80000 150011 11.0336
110000 80000 150014 14.0156
110000 70000 150014 13.549
115000 70000 150018 18.0381
110000 75000 150014 14.2262
115000 75000 150013 13.0248
115000 70000 150018 18.0381
120000 70000 150018 17.7821
115000 75000 150013 13.0248
120000 75000 150016 15.6178
110000 75000 150014 14.2262
115000 75000 150013 13.0248
110000 80000 150014 14.0156
115000 80000 150013 13.0888
115000 75000 150013 13.0248
120000 75000 150016 15.6178
115000 80000 150013 13.0888
120000 80000 150015 15.2575
120000 70000 150018 17.7821
125000 70000 150016 16.461
120000 75000 150016 15.6178
125000 75000 150016 15.71
125000 70000 150016 16.461
130000 70000 150016 15.7326
125000 75000 150016 15.71
130000 75000 150014 13.9069
120000 75000 150016 15.6178
125000 75000 150016 15.71
120000 80000 150015 15.2575
125000 80000 150016 16.2923
125000 75000 150016 15.71
130000 75000 150014 13.9069
125000 80000 150016 16.2923
130000 80000 150014 13.7715
130000 70000 150016 15.7326
135000 70000 150017 17.0218
130000 75000 150014 13.9069
135000 75000 150014 13.6899
135000 70000 150017 17.0218
140000 70000 150009 9.16406
135000 75000 150014 13.6899
140000 75000 150014 14.1077
130000 75000 150014 13.9069
135000 75000 150014 13.6899
130000 80000 150014 13.7715
135000 80000 150014 13.8321
135000 75000 150014 13.6899
140000 75000 150014 14.1077
135000 80000 150014 13.8321
140000 80000 150015 14.7773
140000 70000 150009 9.16406
145000 70000 149997 -2.61224
140000 75000 150014 14.1077
145000 75000 150008 8.36687
145000 70000 149997 -2.61224
150000 70000 149981 -18.5085
145000 75000 150008 8.36687
150000 75000 149993 -6.84472
140000 75000 150014 14.1077
145000 75000 150008 8.36687
140000 80000 150015 14.7773
145000 80000 150014 13.7148
145000 75000 150008 8.36687
150000 75000 149993 -6.84472
145000 80000 150014 13.7148
150000 80000 150000 0.265026
150000 70000 149981 -18.5085
155000 70000 149967 -32.6232
150000 75000 149993 -6.84472
155000 75000 149970 -29.8794
155000 70000 149967 -32.6232
160000 70000 149977 -22.686
155000 75000 149970 -29.8794
160000 75000 149963 -36.9468
150000 75000 149993 -6.84472
155000 75000 149970 -29.8794
150000 80000 150000 0.265026
155000 80000 149983 -16.7354
155000 75000 149970 -29.8794
160000 75000 149963 -36.9468
155000 80000 149983 -16.7354
160000 80000 149964 -35.9617
0 80000 149983 -16.9345
5000 80000 149983 -17.0992
0 85000 149981 -19.1877
5000 85000 149981 -19.1035
5000 80000 149983 -17.0992
10000 80000 149981 -18.9122
5000 85000 149981 -19.1035
10000 85000 149983 -16.8816
0 85000 149981 -19.1877
5000 85000 149981 -19.1035
0 90000 149981 -19.2994
5000 90000 149982 -18.1166
5000 85000 149981 -19.1035
10000 85000 149983 -16.8816
5000 90000 149982 -18.1166
10000 90000 149983 -17.0662
10000 80000 149981 -18.9122
15000 80000 149981 -18.584
10000 85000 149983 -16.8816
15000 85000 149984 -15.9219
15000 80000 149981 -18.584
20000 80000 149983 -16.737
15000 85000 149984 -15.9219
20000 85000 149984 -15.7466
10000 85000 149983 -16.8816
15000 85000 149984 -15.9219
10000 90000 149983 -17.0662
15000 90000 149982 -17.6939
15000 85000 149984 -15.9219
20000 85000 149984 -15.7466
15000 90000 149982 -17.6939
20000 90000 149983 -17.3933
20000 80000 149983 -16.737
25000 80000 149983 -17.3074
20000 85000 149984 -15.7466
25000 85000 149984 -15.6519
25000 80000 149983 -17.3074
30000 80000 149985 -15.4338
25000 85000 149984 -15.6519
30000 85000 149984 -16.3254
20000 85000 149984 -15.7466
25000 85000 149984 -15.6519
20000 90000 149983 -17.3933
25000 90000 149983 -16.9392
25000 85000 149984 -15.6519
30000 85000 149984 -16.3254
25000 90000 149983 -16.9392
30000 90000 149985 -15.4752
30000 80000 149985 -15.4338
35000 80000 149984 -15.8215
30000 85000 149984 -16.3254
35000 85000 149984 -15.5327
35000 80000 149984 -15.8215
40000 80000 149987 -13.382
35000 85000 149984 -15.5327
40000 85000 149985 -15.1569
30000 85000 149984 -16.3254
35000 85000 149984 -15.5327
30000 90000 149985 -15.4752
35000 90000 149984 -15.6248
35000 85000 149984 -15.5327
40000 85000 149985 -15.1569
35000 90000 149984 -15.6248
40000 90000 149986 -14.4105
40000 80000 149987 -13.382
45000 80000 149988 -12.3833
40000 85000 149985 -15.1569
45000 85000 149986 -14.1747
45000 80000 149988 -12.3833
50000 80000 149987 -12.9922
45000 85000 149986 -14.1747
50000 85000 149987 -13.4622
40000 85000 149985 -15.1569
45000 85000 149986 -14.1747
40000 90000 149986 -14.4105
45000 90000 149987 -12.9623
45000 85000 149986 -14.1747
50000 85000 149987 -13.4622
45000 90000 149987 -12.9623
50000 90000 149989 -10.8763
50000 80000 149987 -12.9922
55000 80000 149991 -9.06694
50000 85000 149987 -13.4622
55000 85000 149987 -12.6063
55000 80000 149991 -9.06694
60000 80000 149991 -9.30434
55000 85000 149987 -12.6063
60000 85000 149989 -11.2181
50000 85000 149987 -13.4622
55000 85000 149987 -12.6063
50000 90000 149989 -10.8763
55000 90000 149990 -10.4895
55000 85000 149987 -12.6063
60000 85000 149989 -11.2181
55000 90000 149990 -10.4895
60000 90000 149992 -7.98146
60000 80000 149991 -9.30434
65000 80000 149990 -9.89169
60000 85000 149989 -11.2181
65000 85000 149993 -6.59766
65000 80000 149990 -9.89169
70000 80000 149994 -6.27848
65000 85000 149993 -6.59766
70000 85000 149993 -6.91826
60000 85000 149989 -11.2181
65000 85000 149993 -6.59766
60000 90000 149992 -7.98146
65000 90000 149991 -9.16112
65000 85000 149993 -6.59766
70000 85000 149993 -6.91826
65000 90000 149991 -9.16112
70000 90000 149994 -6.30422
70000 80000 149994 -6.27848
75000 80000 149995 -4.87313
70000 85000 149993 -6.91826
75000 85000 149995 -4.7273
75000 80000 149995 -4.87313
80000 80000 150002 1.92092
75000 85000 149995 -4.7273
80000 85000 149999 -0.978987
70000 85000 149993 -6.91826
75000 85000 149995 -4.7273
70000 90000 149994 -6.30422
75000 90000 149995 -5.31278
75000 85000 149995 -4.7273
80000 85000 149999 -0.978987
75000 90000 149995 -5.31278
80000 90000 150000 0.330752
80000 80000 150002 1.92092
85000 80000 150001 1.1328
80000 85000 149999 -0.978987
85000 85000 150003 3.26576
85000 80000 150001 1.1328
90000 80000 150003 2.8406
85000 85000 150003 3.26576
90000 85000 150002 2.45586
80000 85000 149999 -0.978987
85000 85000 150003 3.26576
80000 90000 150000 0.330752
85000 90000 150003 3.02453
85000 85000 150003 3.26576
90000 85000 150002 2.45586
85000 90000 150003 3.02453
90000 90000 150003 3.39695
90000 80000 150003 2.8406
95000 80000 150005 5.34529
90000 85000 150002 2.45586
95000 85000 150006 5.5956
95000 80000 150005 5.34529
100000 80000 150010 9.96094
95000 85000 150006 5.5956
100000 85000 150006 6.42278
90000 85000 150002 2.45586
95000 85000 150006 5.5956
90000 90000 150003 3.39695
95000 90000 150004 4.19898
95000 85000 150006 5.5956
100000 85000 150006 6.42278
95000 90000 150004 4.19898
100000 90000 150008 8.2974
100000 80000 150010 9.96094
105000 80000 150011 11.0336
100000 85000 150006 6.42278
105000 85000 150011 10.694
105000 80000 150011 11.0336
110000 80000 150014 14.0156
105000 85000 150011 10.694
110000 85000 150011 11.2831
100000 85000 150006 6.42278
105000 85000 150011 10.694
100000 90000 150008 8.2974
105000 90000 150009 8.50909
105000 85000 150011 10.694
110000 85000 150011 11.2831
105000 90000 150009 8.50909
110000 90000 150010 10.2728
0 90000 149981 -19.2994
5000 90000 149982 -18.1166
0 95000 149981 -19.1224
5000 95000 149981 -19.177
5000 90000 149982 -18.1166
10000 90000 149983 -17.0662
5000 95000 149981 -19.177
10000 95000 149981 -18.8916
0 95000 149981 -19.1224
5000 95000 149981 -19.177
0 100000 149982 -18.4242
5000 100000 149981 -19.1832
5000 95000 149981 -19.177
10000 95000 149981 -18.8916
5000 100000 149981 -19.1832
10000 100000 149981 -18.8996
10000 90000 149983 -17.0662
15000 90000 149982 -17.6939
10000 95000 149981 -18.8916
15000 95000 149982 -18.1723
15000 90000 149982 -17.6939
20000 90000 149983 -17.3933
15000 95000 149982 -18.1723
20000 95000 149984 -15.8164
10000 95000 149981 -18.8916
15000 95000 149982 -18.1723
10000 100000 149981 -18.8996
15000 100000 149983 -16.5438
15000 95000 149982 -18.1723
20000 95000 149984 -15.8164
15000 100000 149983 -16.5438
20000 100000 149983 -16.8185
20000 90000 149983 -17.3933
25000 90000 149983 -16.9392
20000 95000 149984 -15.8164
25000 95000 149983 -17.3638
25000 90000 149983 -16.9392
30000 90000 149985 -15.4752
25000 95000 149983 -17.3638
30000 95000 149983 -16.9207
20000 95000 149984 -15.8164
25000 95000 149983 -17.3638
20000 100000 149983 -16.8185
25000 100000 149983 -16.863
25000 95000 149983 -17.3638
30000 95000 149983 -16.9207
25000 100000 149983 -16.863
30000 100000 149984 -15.6156
30000 90000 149985 -15.4752
35000 90000 149984 -15.6248
30000 95000 149983 -16.9207
35000 95000 149984 -16.2213
35000 90000 149984 -15.6248
40000 90000 149986 -14.4105
35000 95000 149984 -16.2213
40000 95000 149987 -13.1857
30000 95000 149983 -16.9207
35000 95000 149984 -16.2213
30000 100000 149984 -15.6156
35000 100000 149984 -15.7262
35000 95000 149984 -16.2213
40000 95000 149987 -13.1857
35000 100000 149984 -15.7262
40000 100000 149984 -16.1287
40000 90000 149986 -14.4105
45000 90000 149987 -12.9623
40000 95000 149987 -13.1857
45000 95000 149985 -15.0445
45000 90000 149987 -12.9623
50000 90000 149989 -10.8763
45000 95000 149985 -15.0445
50000 95000 149987 -13.1767
40000 95000 149987 -13.1857
45000 95000 149985 -15.0445
40000 100000 149984 -16.1287
45000 100000 149986 -13.9935
45000 95000 149985 -15.0445
50000 95000 149987 -13.1767
45000 100000 149986 -13.9935
50000 100000 149989 -11.1722
50000 90000 149989 -10.8763
55000 90000 149990 -10.4895
50000 95000 149987 -13.1767
55000 95000 149988 -12.389
55000 90000 149990 -10.4895
60000 90000 149992 -7.98146
55000 95000 149988 -12.389
60000 95000 149993 -7.47574
50000 95000 149987 -13.1767
55000 95000 149988 -12.389
50000 100000 149989 -11.1722
55000 100000 149991 -9.48689
55000 95000 149988 -12.389
60000 95000 149993 -7.47574
55000 100000 149991 -9.48689
60000 100000 149992 -8.03407
60000 90000 149992 -7.98146
65000 90000 149991 -9.16112
60000 95000 149993 -7.47574
65000 95000 149991 -9.16801
65000 90000 149991 -9.16112
70000 90000 149994 -6.30422
65000 95000 149991 -9.16801
70000 95000 149996 -4.15068
60000 95000 149993 -7.47574
65000 95000 149991 -9.16801
60000 100000 149992 -8.03407
65000 100000 149990 -9.70781
65000 95000 149991 -9.16801
70000 95000 149996 -4.15068
65000 100000 149990 -9.70781
70000 100000 149992 -8.01083
70000 90000 149994 -6.30422
75000 90000 149995 -5.31278
70000 95000 149996 -4.15068
75000 95000 149997 -3.04402
75000 90000 149995 -5.31278
80000 90000 150000 0.330752
75000 95000 149997 -3.04402
80000 95000 149999 -0.548326
70000 95000 149996 -4.15068
75000 95000 149997 -3.04402
70000 100000 149992 -8.01083
75000 100000 149996 -3.87434
75000 95000 149997 -3.04402
80000 95000 149999 -0.548326
75000 100000 149996 -3.87434
80000 100000 149997 -3.24397
80000 90000 150000 0.330752
85000 90000 150003 3.02453
80000 95000 149999 -0.548326
85000 95000 150002 2.36119
85000 90000 150003 3.02453
90000 90000 150003 3.39695
85000 95000 150002 2.36119
90000 95000 150004 4.46298
80000 95000 149999 -0.548326
85000 95000 150002 2.36119
80000 100000 149997 -3.24397
85000 100000 150000 0.367135
85000 95000 150002 2.36119
90000 95000 150004 4.46298
85000 100000 150000 0.367135
90000 100000 150001 1.05852
90000 90000 150003 3.39695
95000 90000 150004 4.19898
90000 95000 150004 4.46298
95000 95000 150008 7.50942
95000 90000 150004 4.19898
100000 90000 150008 8.2974
95000 95000 150008 7.50942
100000 95000 150006 6.36724
90000 95000 150004 4.46298
95000 95000 150008 7.50942
90000 100000 150001 1.05852
95000 100000 150004 4.47285
95000 95000 150008 7.50942
100000 95000 150006 6.36724
95000 100000 150004 4.47285
100000 100000 150008 7.52816
0 100000 149982 -18.4242
5000 100000 149981 -19.1832
0 105000 149981 -18.7365
5000 105000 149981 -19.2255
5000 100000 149981 -19.1832
10000 100000 149981 -18.8996
5000 105000 149981 -19.2255
10000 105000 149983 -16.9975
0 105000 149981 -18.7365
5000 105000 149981 -19.2255
0 110000 149981 -19.4517
5000 110000 149981 -19.0545
5000 105000 149981 -19.2255
10000 105000 149983 -16.9975
5000 110000 149981 -19.0545
10000 110000 149981 -19.0972
10000 100000 149981 -18.8996
15000 100000 149983 -16.5438
10000 105000 149983 -16.9975
15000 105000 149981 -18.6613
15000 100000 149983 -16.5438
20000 100000 149983 -16.8185
15000 105000 149981 -18.6613
20000 105000 149984 -16.0987
10000 105000 149983 -16.9975
15000 105000 149981 -18.6613
10000 110000 149981 -19.0972
15000 110000 149982 -18.3762
15000 105000 149981 -18.6613
20000 105000 149984 -16.0987
15000 110000 149982 -18.3762
20000 110000 149982 -18.0542
20000 100000 149983 -16.8185
25000 100000 149983 -16.863
20000 105000 149984 -16.0987
25000 105000 149983 -17.4683
25000 100000 149983 -16.863
30000 100000 149984 -15.6156
25000 105000 149983 -17.4683
30000 105000 149983 -17.0497
20000 105000 149984 -16.0987
25000 105000 149983 -17.4683
20000 110000 149982 -18.0542
25000 110000 149983 -17.3997
25000 105000 149983 -17.4683
30000 105000 149983 -17.0497
25000 110000 149983 -17.3997
30000 110000 149984 -15.6605
30000 100000 149984 -15.6156
35000 100000 149984 -15.7262
30000 105000 149983 -17.0497
35000 105000 149983 -16.6213
35000 100000 149984 -15.7262
40000 100000 149984 -16.1287
35000 105000 149983 -16.6213
40000 105000 149986 -13.6949
30000 105000 149983 -17.0497
35000 105000 149983 -16.6213
30000 110000 149984 -15.6605
35000 110000 149984 -16.3981
35000 105000 149983 -16.6213
40000 105000 149986 -13.6949
35000 110000 149984 -16.3981
40000 110000 149987 -13.3738
40000 100000 149984 -16.1287
45000 100000 149986 -13.9935
40000 105000 149986 -13.6949
45000 105000 149985 -14.9477
45000 100000 149986 -13.9935
50000 100000 149989 -11.1722
45000 105000 149985 -14.9477
50000 105000 149988 -12.2638
40000 105000 149986 -13.6949
45000 105000 149985 -14.9477
40000 110000 149987 -13.3738
45000 110000 149985 -14.5447
45000 105000 149985 -14.9477
50000 105000 149988 -12.2638
45000 110000 149985 -14.5447
50000 110000 149987 -12.648
50000 100000 149989 -11.1722
55000 100000 149991 -9.48689
50000 105000 149988 -12.2638
55000 105000 149988 -11.8838
55000 100000 149991 -9.48689
60000 100000 149992 -8.03407
55000 105000 149988 -11.8838
60000 105000 149990 -10.2729
50000 105000 149988 -12.2638
55000 105000 149988 -11.8838
50000 110000 149987 -12.648
55000 110000 149990 -9.62259
55000 105000 149988 -11.8838
60000 105000 149990 -10.2729
55000 110000 149990 -9.62259
60000 110000 149992 -7.79098
60000 100000 149992 -8.03407
65000 100000 149990 -9.70781
60000 105000 149990 -10.2729
65000 105000 149991 -8.91331
65000 100000 149990 -9.70781
70000 100000 149992 -8.01083
65000 105000 149991 -8.91331
70000 105000 149995 -5.21414
60000 105000 149990 -10.2729
65000 105000 149991 -8.91331
60000 110000 149992 -7.79098
65000 110000 149991 -8.51676
65000 105000 149991 -8.91331
70000 105000 149995 -5.21414
65000 110000 149991 -8.51676
70000 110000 149995 -4.75525
70000 100000 149992 -8.01083
75000 100000 149996 -3.87434
70000 105000 149995 -5.21414
75000 105000 149995 -4.90944
75000 100000 149996 -3.87434
80000 100000 149997 -3.24397
75000 105000 149995 -4.90944
80000 105000 150001 0.597457
70000 105000 149995 -5.21414
75000 105000 149995 -4.90944
70000 110000 149995 -4.75525
75000 110000 149997 -2.87794
75000 105000 149995 -4.90944
80000 105000 150001 0.597457
75000 110000 149997 -2.87794
80000 110000 149999 -0.706424
0 110000 149981 -19.4517
5000 110000 149981 -19.0545
0 115000 149983 -16.676
5000 115000 149981 -18.5444
5000 110000 149981 -19.0545
10000 110000 149981 -19.0972
5000 115000 149981 -18.5444
10000 115000 149981 -18.8757
0 115000 149983 -16.676
5000 115000 149981 -18.5444
0 120000 149983 -17.4564
5000 120000 149982 -18.2415
5000 115000 149981 -18.5444
10000 115000 149981 -18.8757
5000 120000 149982 -18.2415
10000 120000 149981 -19.2114
10000 110000 149981 -19.0972
15000 110000 149982 -18.3762
10000 115000 149981 -18.8757
15000 115000 149984 -15.8605
15000 110000 149982 -18.3762
20000 110000 149982 -18.0542
15000 115000 149984 -15.8605
20000 115000 149982 -17.6561
10000 115000 149981 -18.8757
15000 115000 149984 -15.8605
10000 120000 149981 -19.2114
15000 120000 149982 -18.4112
15000 115000 149984 -15.8605
20000 115000 149982 -17.6561
15000 120000 149982 -18.4112
20000 120000 149984 -16.4993
20000 110000 149982 -18.0542
25000 110000 149983 -17.3997
20000 115000 149982 -17.6561
25000 115000 149983 -17.3643
25000 110000 149983 -17.3997
30000 110000 149984 -15.6605
25000 115000 149983 -17.3643
30000 115000 149983 -16.9091
20000 115000 149982 -17.6561
25000 115000 149983 -17.3643
20000 120000 149984 -16.4993
25000 120000 149985 -15.4677
25000 115000 149983 -17.3643
30000 115000 149983 -16.9091
25000 120000 149985 -15.4677
30000 120000 149983 -16.7917
30000 110000 149984 -15.6605
35000 110000 149984 -16.3981
30000 115000 149983 -16.9091
35000 115000 149985 -15.2565
35000 110000 149984 -16.3981
40000 110000 149987 -13.3738
35000 115000 149985 -15.2565
40000 115000 149986 -13.7232
30000 115000 149983 -16.9091
35000 115000 149985 -15.2565
30000 120000 149983 -16.7917
35000 120000 149987 -13.251
35000 115000 149985 -15.2565
40000 115000 149986 -13.7232
35000 120000 149987 -13.251
40000 120000 149985 -15.4812
40000 110000 149987 -13.3738
45000 110000 149985 -14.5447
40000 115000 149986 -13.7232
45000 115000 149987 -12.9069
45000 110000 149985 -14.5447
50000 110000 149987 -12.648
45000 115000 149987 -12.9069
50000 115000 149986 -14.2056
40000 115000 149986 -13.7232
45000 115000 149987 -12.9069
40000 120000 149985 -15.4812
45000 120000 149986 -14.4717
45000 115000 149987 -12.9069
50000 115000 149986 -14.2056
45000 120000 149986 -14.4717
50000 120000 149987 -13.4613
50000 110000 149987 -12.648
55000 110000 149990 -9.62259
50000 115000 149986 -14.2056
55000 115000 149987 -12.5967
55000 110000 149990 -9.62259
60000 110000 149992 -7.79098
55000 115000 149987 -12.5967
60000 115000 149990 -9.62365
50000 115000 149986 -14.2056
55000 115000 149987 -12.5967
50000 120000 149987 -13.4613
55000 120000 149989 -11.2585
55000 115000 149987 -12.5967
60000 115000 149990 -9.62365
55000 120000 149989 -11.2585
60000 120000 149991 -8.93206
60000 110000 149992 -7.79098
65000 110000 149991 -8.51676
60000 115000 149990 -9.62365
65000 115000 149993 -6.82501
65000 110000 149991 -8.51676
70000 110000 149995 -4.75525
65000 115000 149993 -6.82501
70000 115000 149996 -4.22067
60000 115000 149990 -9.62365
65000 115000 149993 -6.82501
60000 120000 149991 -8.93206
65000 120000 149993 -6.95595
65000 115000 149993 -6.82501
70000 115000 149996 -4.22067
65000 120000 149993 -6.95595
70000 120000 149996 -4.3748
70000 110000 149995 -4.75525
75000 110000 149997 -2.87794
70000 115000 149996 -4.22067
75000 115000 149995 -4.57486
75000 110000 149997 -2.87794
80000 110000 149999 -0.706424
75000 115000 149995 -4.57486
80000 115000 149997 -3.4655
70000 115000 149996 -4.22067
75000 115000 149995 -4.57486
70000 120000 149996 -4.3748
75000 120000 149998 -2.25389
75000 115000 149995 -4.57486
80000 115000 149997 -3.4655
75000 120000 149998 -2.25389
80000 120000 149997 -2.81278
160000 0 150013 12.6466
165000 0 150014 14.4205
160000 5000 150015 15.2623
165000 5000 150014 14.3067
165000 0 150014 14.4205
170000 0 150018 18.41
165000 5000 150014 14.3067
170000 5000 150018 18.2906
160000 5000 150015 15.2623
165000 5000 150014 14.3067
160000 10000 150015 15.1733
165000 10000 150016 16.0274
165000 5000 150014 14.3067
170000 5000 150018 18.2906
165000 10000 150016 16.0274
170000 10000 150019 19.2918
170000 0 150018 18.41
175000 0 150017 16.7976
170000 5000 150018 18.2906
175000 5000 150016 16.0911
175000 0 150017 16.7976
180000 0 150017 16.9735
175000 5000 150016 16.0911
180000 5000 150019 19.0183
170000 5000 150018 18.2906
175000 5000 150016 16.0911
170000 10000 150019 19.2918
175000 10000 150020 19.9301
175000 5000 150016 16.0911
180000 5000 150019 19.0183
175000 10000 150020 19.9301
180000 10000 150016 16.0408
180000 0 150017 16.9735
185000 0 150016 15.6067
180000 5000 150019 19.0183
185000 5000 150017 17.0439
185000 0 150016 15.6067
190000 0 150015 14.9866
185000 5000 150017 17.0439
190000 5000 150014 13.8194
180000 5000 150019 19.0183
185000 5000 150017 17.0439
180000 10000 150016 16.0408
185000 10000 150017 17.4221
185000 5000 150017 17.0439
190000 5000 150014 13.8194
185000 10000 150017 17.4221
190000 10000 150017 16.5921
190000 0 150015 14.9866
195000 0 150015 14.9333
190000 5000 150014 13.8194
195000 5000 150013 13.3997
195000 0 150015 14.9333
200000 0 150016 16.2589
195000 5000 150013 13.3997
200000 5000 150012 12.1622
190000 5000 150014 13.8194
195000 5000 150013 13.3997
190000 10000 150017 16.5921
195000 10000 150013 12.9316
195000 5000 150013 13.3997
200000 5000 150012 12.1622
195000 10000 150013 12.9316
200000 10000 150014 14.3439
200000 0 150016 16.2589
205000 0 150012 11.857
200000 5000 150012 12.1622
205000 5000 150011 10.9227
205000 0 150012 11.857
210000 0 150011 11.1646
205000 5000 150011 10.9227
210000 5000 150010 9.78916
200000 5000 150012 12.1622
205000 5000 150011 10.9227
200000 10000 150014 14.3439
205000 10000 150011 10.6392
205000 5000 150011 10.9227
210000 5000 150010 9.78916
205000 10000 150011 10.6392
210000 10000 150008 8.49171
210000 0 150011 11.1646
215000 0 150010 9.61807
210000 5000 150010 9.78916
215000 5000 150009 8.86884
215000 0 150010 9.61807
220000 0 150008 7.7938
215000 5000 150009 8.86884
220000 5000 150008 7.58361
210000 5000 150010 9.78916
215000 5000 150009 8.86884
210000 10000 150008 8.49171
215000 10000 150008 8.41532
215000 5000 150009 8.86884
220000 5000 150008 7.58361
215000 10000 150008 8.41532
220000 10000 150005 5.41643
220000 0 150008 7.7938
225000 0 150004 4.21007
220000 5000 150008 7.58361
225000 5000 150004 3.88824
225000 0 150004 4.21007
230000 0 150005 5.15417
225000 5000 150004 3.88824
230000 5000 150002 2.39422
220000 5000 150008 7.58361
225000 5000 150004 3.88824
220000 10000 150005 5.41643
225000 10000 150005 5.48109
225000 5000 150004 3.88824
230000 5000 150002 2.39422
225000 10000 150005 5.48109
230000 10000 150004 3.9284
230000 0 150005 5.15417
235000 0 150004 3.55204
230000 5000 150002 2.39422
235000 5000 150004 4.00265
235000 0 150004 3.55204
240000 0 150003 3.48157
235000 5000 150004 4.00265
240000 5000 150002 2.21619
230000 5000 150002 2.39422
235000 5000 150004 4.00265
230000 10000 150004 3.9284
235000 10000 150005 4.67819
235000 5000 150004 4.00265
240000 5000 150002 2.21619
235000 10000 150005 4.67819
240000 10000 149999 -0.743446
160000 10000 150015 15.1733
165000 10000 150016 16.0274
160000 15000 150016 15.76
165000 15000 150017 16.8984
165000 10000 150016 16.0274
170000 10000 150019 19.2918
165000 15000 150017 16.8984
170000 15000 150020 19.7317
160000 15000 150016 15.76
165000 15000 150017 16.8984
160000 20000 150015 14.5861
165000 20000 150014 13.8819
165000 15000 150017 16.8984
170000 15000 150020 19.7317
165000 20000 150014 13.8819
170000 20000 150017 17.0244
170000 10000 150019 19.2918
175000 10000 150020 19.9301
170000 15000 150020 19.7317
175000 15000 150019 18.6967
175000 10000 150020 19.9301
180000 10000 150016 16.0408
175000 15000 150019 18.6967
180000 15000 150020 19.7359
170000 15000 150020 19.7317
175000 15000 150019 18.6967
170000 20000 150017 17.0244
175000 20000 150017 17.2246
175000 15000 150019 18.6967
180000 15000 150020 19.7359
175000 20000 150017 17.2246
180000 20000 150018 17.5899
180000 10000 150016 16.0408
185000 10000 150017 17.4221
180000 15000 150020 19.7359
185000 15000 150019 18.7291
185000 10000 150017 17.4221
190000 10000 150017 16.5921
185000 15000 150019 18.7291
190000 15000 150016 15.7881
180000 15000 150020 19.7359
185000 15000 150019 18.7291
180000 20000 150018 17.5899
185000 20000 150020 19.8008
185000 15000 150019 18.7291
190000 15000 150016 15.7881
185000 20000 150020 19.8008
190000 20000 150019 19.0942
190000 10000 150017 16.5921
195000 10000 150013 12.9316
190000 15000 150016 15.7881
195000 15000 150017 16.7511
195000 10000 150013 12.9316
200000 10000 150014 14.3439
195000 15000 150017 16.7511
200000 15000 150013 12.8218
190000 15000 150016 15.7881
195000 15000 150017 16.7511
190000 20000 150019 19.0942
195000 20000 150017 16.9141
195000 15000 150017 16.7511
200000 15000 150013 12.8218
195000 20000 150017 16.9141
200000 20000 150012 11.5526
200000 10000 150014 14.3439
205000 10000 150011 10.6392
200000 15000 150013 12.8218
205000 15000 150012 11.5516
205000 10000 150011 10.6392
210000 10000 150008 8.49171
205000 15000 150012 11.5516
210000 15000 150010 10.1353
200000 15000 150013 12.8218
205000 15000 150012 11.5516
200000 20000 150012 11.5526
205000 20000 150011 11.2793
205000 15000 150012 11.5516
210000 15000 150010 10.1353
205000 20000 150011 11.2793
210000 20000 150011 10.7477
210000 10000 150008 8.49171
215000 10000 150008 8.41532
210000 15000 150010 10.1353
215000 15000 150007 7.32385
215000 10000 150008 8.41532
220000 10000 150005 5.41643
215000 15000 150007 7.32385
220000 15000 150007 6.8092
210000 15000 150010 10.1353
215000 15000 150007 7.32385
210000 20000 150011 10.7477
215000 20000 150009 9.35777
215000 15000 150007 7.32385
220000 15000 150007 6.8092
215000 20000 150009 9.35777
220000 20000 150009 8.8662
220000 10000 150005 5.41643
225000 10000 150005 5.48109
220000 15000 150007 6.8092
225000 15000 150007 6.73551
225000 10000 150005 5.48109
230000 10000 150004 3.9284
225000 15000 150007 6.73551
230000 15000 150005 5.0026
220000 15000 150007 6.8092
225000 15000 150007 6.73551
220000 20000 150009 8.8662
225000 20000 150007 6.82301
225000 15000 150007 6.73551
230000 15000 150005 5.0026
225000 20000 150007 6.82301
230000 20000 150002 2.19366
230000 10000 150004 3.9284
235000 10000 150005 4.67819
230000 15000 150005 5.0026
235000 15000 150002 1.57134
235000 10000 150005 4.67819
240000 10000 149999 -0.743446
235000 15000 150002 1.57134
240000 15000 150000 -0.434483
230000 15000 150005 5.0026
235000 15000 150002 1.57134
230000 20000 150002 2.19366
235000 20000 150001 1.28862
235000 15000 150002 1.57134
240000 15000 150000 -0.434483
235000 20000 150001 1.28862
240000 20000 150001 0.859761
160000 20000 150015 14.5861
165000 20000 150014 13.8819
160000 25000 150012 12.1118
165000 25000 150014 13.7048
165000 20000 150014 13.8819
170000 20000 150017 17.0244
165000 25000 150014 13.7048
170000 25000 150016 16.1886
160000 25000 150012 12.1118
165000 25000 150014 13.7048
160000 30000 150013 13.4763
165000 30000 150017 16.9972
165000 25000 150014 13.7048
170000 25000 150016 16.1886
165000 30000 150017 16.9972
170000 30000 150018 17.6925
170000 20000 150017 17.0244
175000 20000 150017 17.2246
170000 25000 150016 16.1886
175000 25000 150019 19.4562
175000 20000 150017 17.2246
180000 20000 150018 17.5899
175000 25000 150019 19.4562
180000 25000 150017 17.4489
170000 25000 150016 16.1886
175000 25000 150019 19.4562
170000 30000 150018 17.6925
175000 30000 150017 17.2808
175000 25000 150019 19.4562
180000 25000 150017 17.4489
175000 30000 150017 17.2808
180000 30000 150018 17.6466
180000 20000 150018 17.5899
185000 20000 150020 19.8008
180000 25000 150017 17.4489
185000 25000 150020 20.0446
185000 20000 150020 19.8008
190000 20000 150019 19.0942
185000 25000 150020 20.0446
190000 25000 150018 17.6374
180000 25000 150017 17.4489
185000 25000 150020 20.0446
180000 30000 150018 17.6466
185000 30000 150021 21.4024
185000 25000 150020 20.0446
190000 25000 150018 17.6374
185000 30000 150021 21.4024
190000 30000 150019 19.1591
190000 20000 150019 19.0942
195000 20000 150017 16.9141
190000 25000 150018 17.6374
195000 25000 150014 13.7003
195000 20000 150017 16.9141
200000 20000 150012 11.5526
195000 25000 150014 13.7003
200000 25000 150012 12.4366
190000 25000 150018 17.6374
195000 25000 150014 13.7003
190000 30000 150019 19.1591
195000 30000 150015 14.9771
195000 25000 150014 13.7003
200000 25000 150012 12.4366
195000 30000 150015 14.9771
200000 30000 150014 14.4086
200000 20000 150012 11.5526
205000 20000 150011 11.2793
200000 25000 150012 12.4366
205000 25000 150012 12.1393
205000 20000 150011 11.2793
210000 20000 150011 10.7477
205000 25000 150012 12.1393
210000 25000 150011 10.8314
200000 25000 150012 12.4366
205000 25000 150012 12.1393
200000 30000 150014 14.4086
205000 30000 150011 11.4313
205000 25000 150012 12.1393
210000 25000 150011 10.8314
205000 30000 150011 11.4313
210000 30000 150008 8.41953
210000 20000 150011 10.7477
215000 20000 150009 9.35777
210000 25000 150011 10.8314
215000 25000 150008 8.28572
215000 20000 150009 9.35777
220000 20000 150009 8.8662
215000 25000 150008 8.28572
220000 25000 150008 7.96831
210000 25000 150011 10.8314
215000 25000 150008 8.28572
210000 30000 150008 8.41953
215000 30000 150008 8.4744
215000 25000 150008 8.28572
220000 25000 150008 7.96831
215000 30000 150008 8.4744
220000 30000 150006 6.02058
220000 20000 150009 8.8662
225000 20000 150007 6.82301
220000 25000 150008 7.96831
225000 25000 150004 3.52307
225000 20000 150007 6.82301
230000 20000 150002 2.19366
225000 25000 150004 3.52307
230000 25000 150002 2.25932
220000 25000 150008 7.96831
225000 25000 150004 3.52307
220000 30000 150006 6.02058
225000 30000 150008 7.97188
225000 25000 150004 3.52307
230000 25000 150002 2.25932
225000 30000 150008 7.97188
230000 30000 150003 3.02327
230000 20000 150002 2.19366
235000 20000 150001 1.28862
230000 25000 150002 2.25932
235000 25000 150004 4.39972
235000 20000 150001 1.28862
240000 20000 150001 0.859761
235000 25000 150004 4.39972
240000 25000 150003 2.60129
230000 25000 150002 2.25932
235000 25000 150004 4.39972
230000 30000 150003 3.02327
235000 30000 150002 2.47907
235000 25000 150004 4.39972
240000 25000 150003 2.60129
235000 30000 150002 2.47907
240000 30000 150001 1.03911
160000 30000 150013 13.4763
165000 30000 150017 16.9972
160000 35000 150015 15.3162
165000 35000 150016 15.9227
165000 30000 150017 16.9972
170000 30000 150018 17.6925
165000 35000 150016 15.9227
170000 35000 150020 19.6023
160000 35000 150015 15.3162
165000 35000 150016 15.9227
160000 40000 150012 12.4447
165000 40000 150014 14.3012
165000 35000 150016 15.9227
170000 35000 150020 19.6023
165000 40000 150014 14.3012
170000 40000 150019 18.773
170000 30000 150018 17.6925
175000 30000 150017 17.2808
170000 35000 150020 19.6023
175000 35000 150021 20.8495
175000 30000 150017 17.2808
180000 30000 150018 17.6466
175000 35000 150021 20.8495
180000 35000 150018 17.7892
170000 35000 150020 19.6023
175000 35000 150021 20.8495
170000 40000 150019 18.773
175000 40000 150018 17.5034
175000 35000 150021 20.8495
180000 35000 150018 17.7892
175000 40000 150018 17.5034
180000 40000 150018 18.4859
180000 30000 150018 17.6466
185000 30000 150021 21.4024
180000 35000 150018 17.7892
185000 35000 150019 19.0133
185000 30000 150021 21.4024
190000 30000 150019 19.1591
185000 35000 150019 19.0133
190000 35000 150020 19.5895
180000 35000 150018 17.7892
185000 35000 150019 19.0133
180000 40000 150018 18.4859
185000 40000 150018 17.8577
185000 35000 150019 19.0133
190000 35000 150020 19.5895
185000 40000 150018 17.8577
190000 40000 150019 19.3508
190000 30000 150019 19.1591
195000 30000 150015 14.9771
190000 35000 150020 19.5895
195000 35000 150017 16.6201
195000 30000 150015 14.9771
200000 30000 150014 14.4086
195000 35000 150017 16.6201
200000 35000 150015 14.8723
190000 35000 150020 19.5895
195000 35000 150017 16.6201
190000 40000 150019 19.3508
195000 40000 150016 15.9571
195000 35000 150017 16.6201
200000 35000 150015 14.8723
195000 40000 150016 15.9571
200000 40000 150018 17.5125
200000 30000 150014 14.4086
205000 30000 150011 11.4313
200000 35000 150015 14.8723
205000 35000 150015 15.3516
205000 30000 150011 11.4313
210000 30000 150008 8.41953
205000 35000 150015 15.3516
210000 35000 150009 9.05203
200000 35000 150015 14.8723
205000 35000 150015 15.3516
200000 40000 150018 17.5125
205000 40000 150014 14.327
205000 35000 150015 15.3516
210000 35000 150009 9.05203
205000 40000 150014 14.327
210000 40000 150012 11.5182
210000 30000 150008 8.41953
215000 30000 150008 8.4744
210000 35000 150009 9.05203
215000 35000 150008 8.10584
215000 30000 150008 8.4744
220000 30000 150006 6.02058
215000 35000 150008 8.10584
220000 35000 150009 9.05362
210000 35000 150009 9.05203
215000 35000 150008 8.10584
210000 40000 150012 11.5182
215000 40000 150009 8.91028
215000 35000 150008 8.10584
220000 35000 150009 9.05362
215000 40000 150009 8.91028
220000 40000 150006 6.04569
220000 30000 150006 6.02058
225000 30000 150008 7.97188
220000 35000 150009 9.05362
225000 35000 150007 7.49214
225000 30000 150008 7.97188
230000 30000 150003 3.02327
225000 35000 150007 7.49214
230000 35000 150007 6.56285
220000 35000 150009 9.05362
225000 35000 150007 7.49214
220000 40000 150006 6.04569
225000 40000 150004 4.42599
225000 35000 150007 7.49214
230000 35000 150007 6.56285
225000 40000 150004 4.42599
230000 40000 150006 5.74784
230000 30000 150003 3.02327
235000 30000 150002 2.47907
230000 35000 150007 6.56285
235000 35000 150004 4.30336
235000 30000 150002 2.47907
240000 30000 150001 1.03911
235000 35000 150004 4.30336
240000 35000 150000 -0.0822672
230000 35000 150007 6.56285
235000 35000 150004 4.30336
230000 40000 150006 5.74784
235000 40000 150002 2.3449
235000 35000 150004 4.30336
240000 35000 150000 -0.0822672
235000 40000 150002 2.3449
240000 40000 150001 1.00639
160000 40000 150012 12.4447
165000 40000 150014 14.3012
160000 45000 150015 15.0323
165000 45000 150017 17.0972
165000 40000 150014 14.3012
170000 40000 150019 18.773
165000 45000 150017 17.0972
170000 45000 150017 16.7635
160000 45000 150015 15.0323
165000 45000 150017 17.0972
160000 50000 150009 9.46368
165000 50000 150014 13.675
165000 45000 150017 17.0972
170000 45000 150017 16.7635
165000 50000 150014 13.675
170000 50000 150017 17.4182
170000 40000 150019 18.773
175000 40000 150018 17.5034
170000 45000 150017 16.7635
175000 45000 150017 16.9777
175000 40000 150018 17.5034
180000 40000 150018 18.4859
175000 45000 150017 16.9777
180000 45000 150018 17.7385
170000 45000 150017 16.7635
175000 45000 150017 16.9777
170000 50000 150017 17.4182
175000 50000 150017 16.6585
175000 45000 150017 16.9777
180000 45000 150018 17.7385
175000 50000 150017 16.6585
180000 50000 150019 18.7151
180000 40000 150018 18.4859
185000 40000 150018 17.8577
180000 45000 150018 17.7385
185000 45000 150020 19.9512
185000 40000 150018 17.8577
190000 40000 150019 19.3508
185000 45000 150020 19.9512
190000 45000 150017 17.3054
180000 45000 150018 17.7385
185000 45000 150020 19.9512
180000 50000 150019 18.7151
185000 50000 150018 17.5915
185000 45000 150020 19.9512
190000 45000 150017 17.3054
185000 50000 150018 17.5915
190000 50000 150018 17.6746
190000 40000 150019 19.3508
195000 40000 150016 15.9571
190000 45000 150017 17.3054
195000 45000 150017 16.8313
195000 40000 150016 15.9571
200000 40000 150018 17.5125
195000 45000 150017 16.8313
200000 45000 150017 17.3224
190000 45000 150017 17.3054
195000 45000 150017 16.8313
190000 50000 150018 17.6746
195000 50000 150017 17.3852
195000 45000 150017 16.8313
200000 45000 150017 17.3224
195000 50000 150017 17.3852
200000 50000 150018 17.6718
200000 40000 150018 17.5125
205000 40000 150014 14.327
200000 45000 150017 17.3224
205000 45000 150014 13.6036
205000 40000 150014 14.327
210000 40000 150012 11.5182
205000 45000 150014 13.6036
210000 45000 150011 11.3135
200000 45000 150017 17.3224
205000 45000 150014 13.6036
200000 50000 150018 17.6718
205000 50000 150016 16.2144
205000 45000 150014 13.6036
210000 45000 150011 11.3135
205000 50000 150016 16.2144
210000 50000 150013 13.3132
210000 40000 150012 11.5182
215000 40000 150009 8.91028
210000 45000 150011 11.3135
215000 45000 150008 7.76993
215000 40000 150009 8.91028
220000 40000 150006 6.04569
215000 45000 150008 7.76993
220000 45000 150010 10.2374
210000 45000 150011 11.3135
215000 45000 150008 7.76993
210000 50000 150013 13.3132
215000 50000 150008 8.17846
215000 45000 150008 7.76993
220000 45000 150010 10.2374
215000 50000 150008 8.17846
220000 50000 150007 6.63163
220000 40000 150006 6.04569
225000 40000 150004 4.42599
220000 45000 150010 10.2374
225000 45000 150008 7.98828
225000 40000 150004 4.42599
230000 40000 150006 5.74784
225000 45000 150008 7.98828
230000 45000 150004 3.66353
220000 45000 150010 10.2374
225000 45000 150008 7.98828
220000 50000 150007 6.63163
225000 50000 150008 7.78403
225000 45000 150008 7.98828
230000 45000 150004 3.66353
225000 50000 150008 7.78403
230000 50000 150003 2.82565
230000 40000 150006 5.74784
235000 40000 150002 2.3449
230000 45000 150004 3.66353
235000 45000 150002 2.38749
235000 40000 150002 2.3449
240000 40000 150001 1.00639
235000 45000 150002 2.38749
240000 45000 150000 -0.223391
230000 45000 150004 3.66353
235000 45000 150002 2.38749
230000 50000 150003 2.82565
235000 50000 150003 2.51781
235000 45000 150002 2.38749
240000 45000 150000 -0.223391
235000 50000 150003 2.51781
240000 50000 150003 2.56935
160000 50000 150009 9.46368
165000 50000 150014 13.675
160000 55000 150011 10.8111
165000 55000 150016 15.5936
165000 50000 150014 13.675
170000 50000 150017 17.4182
165000 55000 150016 15.5936
170000 55000 150015 14.8117
160000 55000 150011 10.8111
165000 55000 150016 15.5936
160000 60000 149998 -2.25071
165000 60000 150015 14.6592
165000 55000 150016 15.5936
170000 55000 150015 14.8117
165000 60000 150015 14.6592
170000 60000 150016 15.6976
170000 50000 150017 17.4182
175000 50000 150017 16.6585
170000 55000 150015 14.8117
175000 55000 150016 16.2597
175000 50000 150017 16.6585
180000 50000 150019 18.7151
175000 55000 150016 16.2597
180000 55000 150018 17.9624
170000 55000 150015 14.8117
175000 55000 150016 16.2597
170000 60000 150016 15.6976
175000 60000 150020 20.4887
175000 55000 150016 16.2597
180000 55000 150018 17.9624
175000 60000 150020 20.4887
180000 60000 150019 18.8024
180000 50000 150019 18.7151
185000 50000 150018 17.5915
180000 55000 150018 17.9624
185000 55000 150019 19.25
185000 50000 150018 17.5915
190000 50000 150018 17.6746
185000 55000 150019 19.25
190000 55000 150020 20.2046
180000 55000 150018 17.9624
185000 55000 150019 19.25
180000 60000 150019 18.8024
185000 60000 150017 17.3395
185000 55000 150019 19.25
190000 55000 150020 20.2046
185000 60000 150017 17.3395
190000 60000 150017 17.2517
190000 50000 150018 17.6746
195000 50000 150017 17.3852
190000 55000 150020 20.2046
195000 55000 150018 18.2892
195000 50000 150017 17.3852
200000 50000 150018 17.6718
195000 55000 150018 18.2892
200000 55000 150015 15.2882
190000 55000 150020 20.2046
195000 55000 150018 18.2892
190000 60000 150017 17.2517
195000 60000 150017 17.1215
195000 55000 150018 18.2892
200000 55000 150015 15.2882
195000 60000 150017 17.1215
200000 60000 150016 16.2115
200000 50000 150018 17.6718
205000 50000 150016 16.2144
200000 55000 150015 15.2882
205000 55000 150013 13.1335
205000 50000 150016 16.2144
210000 50000 150013 13.3132
205000 55000 150013 13.1335
210000 55000 150011 10.6394
200000 55000 150015 15.2882
205000 55000 150013 13.1335
200000 60000 150016 16.2115
205000 60000 150018 17.5563
205000 55000 150013 13.1335
210000 55000 150011 10.6394
205000 60000 150018 17.5563
210000 60000 150014 14.2054
210000 50000 150013 13.3132
215000 50000 150008 8.17846
210000 55000 150011 10.6394
215000 55000 150011 11.0035
215000 50000 150008 8.17846
220000 50000 150007 6.63163
215000 55000 150011 11.0035
220000 55000 150008 8.04127
210000 55000 150011 10.6394
215000 55000 150011 11.0035
210000 60000 150014 14.2054
215000 60000 150012 12.4484
215000 55000 150011 11.0035
220000 55000 150008 8.04127
215000 60000 150012 12.4484
220000 60000 150008 7.90259
220000 50000 150007 6.63163
225000 50000 150008 7.78403
220000 55000 150008 8.04127
225000 55000 150006 6.12821
225000 50000 150008 7.78403
230000 50000 150003 2.82565
225000 55000 150006 6.12821
230000 55000 150006 5.75238
220000 55000 150008 8.04127
225000 55000 150006 6.12821
220000 60000 150008 7.90259
225000 60000 150007 6.71169
225000 55000 150006 6.12821
230000 55000 150006 5.75238
225000 60000 150007 6.71169
230000 60000 150005 4.83481
230000 50000 150003 2.82565
235000 50000 150003 2.51781
230000 55000 150006 5.75238
235000 55000 150004 3.85846
235000 50000 150003 2.51781
240000 50000 150003 2.56935
235000 55000 150004 3.85846
240000 55000 150001 1.04409
230000 55000 150006 5.75238
235000 55000 150004 3.85846
230000 60000 150005 4.83481
235000 60000 150004 3.71575
235000 55000 150004 3.85846
240000 55000 150001 1.04409
235000 60000 150004 3.71575
240000 60000 150001 1.40622
160000 60000 149998 -2.25071
165000 60000 150015 14.6592
160000 65000 149991 -8.80724
165000 65000 150004 4.22153
165000 60000 150015 14.6592
170000 60000 150016 15.6976
165000 65000 150004 4.22153
170000 65000 150016 15.8043
160000 65000 149991 -8.80724
165000 65000 150004 4.22153
160000 70000 149977 -22.686
165000 70000 149997 -3.14762
165000 65000 150004 4.22153
170000 65000 150016 15.8043
165000 70000 149997 -3.14762
170000 70000 150015 15.4634
170000 60000 150016 15.6976
175000 60000 150020 20.4887
170000 65000 150016 15.8043
175000 65000 150021 20.8345
175000 60000 150020 20.4887
180000 60000 150019 18.8024
175000 65000 150021 20.8345
180000 65000 150019 18.9291
170000 65000 150016 15.8043
175000 65000 150021 20.8345
170000 70000 150015 15.4634
175000 70000 150017 17.4408
175000 65000 150021 20.8345
180000 65000 150019 18.9291
175000 70000 150017 17.4408
180000 70000 150017 17.4877
180000 60000 150019 18.8024
185000 60000 150017 17.3395
180000 65000 150019 18.9291
185000 65000 150018 18.1624
185000 60000 150017 17.3395
190000 60000 150017 17.2517
185000 65000 150018 18.1624
190000 65000 150019 19.389
180000 65000 150019 18.9291
185000 65000 150018 18.1624
180000 70000 150017 17.4877
185000 70000 150019 18.5223
185000 65000 150018 18.1624
190000 65000 150019 19.389
185000 70000 150019 18.5223
190000 70000 150020 19.7523
190000 60000 150017 17.2517
195000 60000 150017 17.1215
190000 65000 150019 19.389
195000 65000 150016 16.3776
195000 60000 150017 17.1215
200000 60000 150016 16.2115
195000 65000 150016 16.3776
200000 65000 150019 19.1525
190000 65000 150019 19.389
195000 65000 150016 16.3776
190000 70000 150020 19.7523
195000 70000 150021 21.0547
195000 65000 150016 16.3776
200000 65000 150019 19.1525
195000 70000 150021 21.0547
200000 70000 150018 17.5472
160000 70000 149977 -22.686
165000 70000 149997 -3.14762
160000 75000 149963 -36.9468
165000 75000 149990 -10.4934
165000 70000 149997 -3.14762
170000 70000 150015 15.4634
165000 75000 149990 -10.4934
170000 75000 150004 3.71415
160000 75000 149963 -36.9468
165000 75000 149990 -10.4934
160000 80000 149964 -35.9617
165000 80000 149974 -25.9657
165000 75000 149990 -10.4934
170000 75000 150004 3.71415
165000 80000 149974 -25.9657
170000 80000 149997 -2.81955
170000 70000 150015 15.4634
175000 70000 150017 17.4408
170000 75000 150004 3.71415
175000 75000 150015 15.08
175000 70000 150017 17.4408
180000 70000 150017 17.4877
175000 75000 150015 15.08
180000 75000 150020 19.6842
170000 75000 150004 3.71415
175000 75000 150015 15.08
170000 80000 149997 -2.81955
175000 80000 150017 17.41
175000 75000 150015 15.08
180000 75000 150020 19.6842
175000 80000 150017 17.41
180000 80000 150021 20.5129
180000 70000 150017 17.4877
185000 70000 150019 18.5223
180000 75000 150020 19.6842
185000 75000 150022 22.3904
185000 70000 150019 18.5223
190000 70000 150020 19.7523
185000 75000 150022 22.3904
190000 75000 150023 22.7119
180000 75000 150020 19.6842
185000 75000 150022 22.3904
180000 80000 150021 20.5129
185000 80000 150020 20.3419
185000 75000 150022 22.3904
190000 75000 150023 22.7119
185000 80000 150020 20.3419
190000 80000 150022 22.4387
190000 70000 150020 19.7523
195000 70000 150021 21.0547
190000 75000 150023 22.7119
195000 75000 150019 19.1626
195000 70000 150021 21.0547
200000 70000 150018 17.5472
195000 75000 150019 19.1626
200000 75000 150017 17.3846
190000 75000 150023 22.7119
195000 75000 150019 19.1626
190000 80000 150022 22.4387
195000 80000 150021 21.0964
195000 75000 150019 19.1626
200000 75000 150017 17.3846
195000 80000 150021 21.0964
200000 80000 150021 21.0006
110000 80000 150014 14.0156
115000 80000 150013 13.0888
110000 85000 150011 11.2831
115000 85000 150013 12.5228
115000 80000 150013 13.0888
120000 80000 150015 15.2575
115000 85000 150013 12.5228
120000 85000 150016 16.3076
110000 85000 150011 11.2831
115000 85000 150013 12.5228
110000 90000 150010 10.2728
115000 90000 150012 12.2131
115000 85000 150013 12.5228
120000 85000 150016 16.3076
115000 90000 150012 12.2131
120000 90000 150013 12.864
120000 80000 150015 15.2575
125000 80000 150016 16.2923
120000 85000 150016 16.3076
125000 85000 150014 14.1724
125000 80000 150016 16.2923
130000 80000 150014 13.7715
125000 85000 150014 14.1724
130000 85000 150017 16.6766
120000 85000 150016 16.3076
125000 85000 150014 14.1724
120000 90000 150013 12.864
125000 90000 150014 14.225
125000 85000 150014 14.1724
130000 85000 150017 16.6766
125000 90000 150014 14.225
130000 90000 150015 15.4432
130000 80000 150014 13.7715
135000 80000 150014 13.8321
130000 85000 150017 16.6766
135000 85000 150017 16.5572
135000 80000 150014 13.8321
140000 80000 150015 14.7773
135000 85000 150017 16.5572
140000 85000 150015 14.9545
130000 85000 150017 16.6766
135000 85000 150017 16.5572
130000 90000 150015 15.4432
135000 90000 150014 14.2922
135000 85000 150017 16.5572
140000 85000 150015 14.9545
135000 90000 150014 14.2922
140000 90000 150013 12.8092
140000 80000 150015 14.7773
145000 80000 150014 13.7148
140000 85000 150015 14.9545
145000 85000 150012 12.4291
145000 80000 150014 13.7148
150000 80000 150000 0.265026
145000 85000 150012 12.4291
150000 85000 150008 7.88957
140000 85000 150015 14.9545
145000 85000 150012 12.4291
140000 90000 150013 12.8092
145000 90000 150011 11.0219
145000 85000 150012 12.4291
150000 85000 150008 7.88957
145000 90000 150011 11.0219
150000 90000 150011 11.1739
150000 80000 150000 0.265026
155000 80000 149983 -16.7354
150000 85000 150008 7.88957
155000 85000 149995 -5.49401
155000 80000 149983 -16.7354
160000 80000 149964 -35.9617
155000 85000 149995 -5.49401
160000 85000 149974 -26.01
150000 85000 150008 7.88957
155000 85000 149995 -5.49401
150000 90000 150011 11.1739
155000 90000 150001 1.17179
155000 85000 149995 -5.49401
160000 85000 149974 -26.01
155000 90000 150001 1.17179
160000 90000 149989 -10.8167
100000 90000 150008 8.2974
105000 90000 150009 8.50909
100000 95000 150006 6.36724
105000 95000 150009 8.70914
105000 90000 150009 8.50909
110000 90000 150010 10.2728
105000 95000 150009 8.70914
110000 95000 150013 12.964
100000 95000 150006 6.36724
105000 95000 150009 8.70914
100000 100000 150008 7.52816
105000 100000 150010 9.77501
105000 95000 150009 8.70914
110000 95000 150013 12.964
105000 100000 150010 9.77501
110000 100000 150010 9.55938
110000 90000 150010 10.2728
115000 90000 150012 12.2131
110000 95000 150013 12.964
115000 95000 150012 11.652
115000 90000 150012 12.2131
120000 90000 150013 12.864
115000 95000 150012 11.652
120000 95000 150013 13.2549
110000 95000 150013 12.964
115000 95000 150012 11.652
110000 100000 150010 9.55938
115000 100000 150015 14.8982
115000 95000 150012 11.652
120000 95000 150013 13.2549
115000 100000 150015 14.8982
120000 100000 150013 13.2757
120000 90000 150013 12.864
125000 90000 150014 14.225
120000 95000 150013 13.2549
125000 95000 150014 14.2457
125000 90000 150014 14.225
130000 90000 150015 15.4432
125000 95000 150014 14.2457
130000 95000 150015 15.2171
120000 95000 150013 13.2549
125000 95000 150014 14.2457
120000 100000 150013 13.2757
125000 100000 150014 13.6334
125000 95000 150014 14.2457
130000 95000 150015 15.2171
125000 100000 150014 13.6334
130000 100000 150015 14.9985
130000 90000 150015 15.4432
135000 90000 150014 14.2922
130000 95000 150015 15.2171
135000 95000 150013 13.4767
135000 90000 150014 14.2922
140000 90000 150013 12.8092
135000 95000 150013 13.4767
140000 95000 150016 16.2743
130000 95000 150015 15.2171
135000 95000 150013 13.4767
130000 100000 150015 14.9985
135000 100000 150014 13.5819
135000 95000 150013 13.4767
140000 95000 150016 16.2743
135000 100000 150014 13.5819
140000 100000 150013 13.4944
140000 90000 150013 12.8092
145000 90000 150011 11.0219
140000 95000 150016 16.2743
145000 95000 150016 15.5765
145000 90000 150011 11.0219
150000 90000 150011 11.1739
145000 95000 150016 15.5765
150000 95000 150010 10.3242
140000 95000 150016 16.2743
145000 95000 150016 15.5765
140000 100000 150013 13.4944
145000 100000 150012 12.4914
145000 95000 150016 15.5765
150000 95000 150010 10.3242
145000 100000 150012 12.4914
150000 100000 150013 13.1222
150000 90000 150011 11.1739
155000 90000 150001 1.17179
150000 95000 150010 10.3242
155000 95000 150005 5.05321
155000 90000 150001 1.17179
160000 90000 149989 -10.8167
155000 95000 150005 5.05321
160000 95000 149998 -2.42032
150000 95000 150010 10.3242
155000 95000 150005 5.05321
150000 100000 150013 13.1222
155000 100000 150007 6.76666
155000 95000 150005 5.05321
160000 95000 149998 -2.42032
155000 100000 150007 6.76666
160000 100000 150000 -0.357165
80000 100000 149997 -3.24397
85000 100000 150000 0.367135
80000 105000 150001 0.597457
85000 105000 149999 -1.0013
85000 100000 150000 0.367135
90000 100000 150001 1.05852
85000 105000 149999 -1.0013
90000 105000 150002 1.55979
80000 105000 150001 0.597457
85000 105000 149999 -1.0013
80000 110000 149999 -0.706424
85000 110000 149998 -2.40494
85000 105000 149999 -1.0013
90000 105000 150002 1.55979
85000 110000 149998 -2.40494
90000 110000 150004 3.6775
90000 100000 150001 1.05852
95000 100000 150004 4.47285
90000 105000 150002 1.55979
95000 105000 150004 4.10403
95000 100000 150004 4.47285
100000 100000 150008 7.52816
95000 105000 150004 4.10403
100000 105000 150006 5.59578
90000 105000 150002 1.55979
95000 105000 150004 4.10403
90000 110000 150004 3.6775
95000 110000 150007 6.59587
95000 105000 150004 4.10403
100000 105000 150006 5.59578
95000 110000 150007 6.59587
100000 110000 150006 5.74954
100000 100000 150008 7.52816
105000 100000 150010 9.77501
100000 105000 150006 5.59578
105000 105000 150008 7.86373
105000 100000 150010 9.77501
110000 100000 150010 9.55938
105000 105000 150008 7.86373
110000 105000 150009 9.43963
100000 105000 150006 5.59578
105000 105000 150008 7.86373
100000 110000 150006 5.74954
105000 110000 150011 11.3348
105000 105000 150008 7.86373
110000 105000 150009 9.43963
105000 110000 150011 11.3348
110000 110000 150012 12.3316
110000 100000 150010 9.55938
115000 100000 150015 14.8982
110000 105000 150009 9.43963
115000 105000 150012 12.4105
115000 100000 150015 14.8982
120000 100000 150013 13.2757
115000 105000 150012 12.4105
120000 105000 150014 13.7612
110000 105000 150009 9.43963
115000 105000 150012 12.4105
110000 110000 150012 12.3316
115000 110000 150010 10.3356
115000 105000 150012 12.4105
120000 105000 150014 13.7612
115000 110000 150010 10.3356
120000 110000 150012 12.3695
120000 100000 150013 13.2757
125000 100000 150014 13.6334
120000 105000 150014 13.7612
125000 105000 150014 13.9942
125000 100000 150014 13.6334
130000 100000 150015 14.9985
125000 105000 150014 13.9942
130000 105000 150018 18.1681
120000 105000 150014 13.7612
125000 105000 150014 13.9942
120000 110000 150012 12.3695
125000 110000 150014 13.9795
125000 105000 150014 13.9942
130000 105000 150018 18.1681
125000 110000 150014 13.9795
130000 110000 150014 13.9087
130000 100000 150015 14.9985
135000 100000 150014 13.5819
130000 105000 150018 18.1681
135000 105000 150014 14.312
135000 100000 150014 13.5819
140000 100000 150013 13.4944
135000 105000 150014 14.312
140000 105000 150013 13.1751
130000 105000 150018 18.1681
135000 105000 150014 14.312
130000 110000 150014 13.9087
135000 110000 150017 17.1158
135000 105000 150014 14.312
140000 105000 150013 13.1751
135000 110000 150017 17.1158
140000 110000 150014 14.1829
140000 100000 150013 13.4944
145000 100000 150012 12.4914
140000 105000 150013 13.1751
145000 105000 150010 10.1085
145000 100000 150012 12.4914
150000 100000 150013 13.1222
145000 105000 150010 10.1085
150000 105000 150009 8.87013
140000 105000 150013 13.1751
145000 105000 150010 10.1085
140000 110000 150014 14.1829
145000 110000 150013 12.785
145000 105000 150010 10.1085
150000 105000 150009 8.87013
145000 110000 150013 12.785
150000 110000 150008 8.232
150000 100000 150013 13.1222
155000 100000 150007 6.76666
150000 105000 150009 8.87013
155000 105000 150007 7.08968
155000 100000 150007 6.76666
160000 100000 150000 -0.357165
155000 105000 150007 7.08968
160000 105000 150002 1.96074
150000 105000 150009 8.87013
155000 105000 150007 7.08968
150000 110000 150008 8.232
155000 110000 150008 8.05255
155000 105000 150007 7.08968
160000 105000 150002 1.96074
155000 110000 150008 8.05255
160000 110000 150006 5.80424
80000 110000 149999 -0.706424
85000 110000 149998 -2.40494
80000 115000 149997 -3.4655
85000 115000 150001 1.35559
85000 110000 149998 -2.40494
90000 110000 150004 3.6775
85000 115000 150001 1.35559
90000 115000 150002 1.60113
80000 115000 149997 -3.4655
85000 115000 150001 1.35559
80000 120000 149997 -2.81278
85000 120000 150001 0.949629
85000 115000 150001 1.35559
90000 115000 150002 1.60113
85000 120000 150001 0.949629
90000 120000 150002 1.62408
90000 110000 150004 3.6775
95000 110000 150007 6.59587
90000 115000 150002 1.60113
95000 115000 150004 4.22098
95000 110000 150007 6.59587
100000 110000 150006 5.74954
95000 115000 150004 4.22098
100000 115000 150007 7.04238
90000 115000 150002 1.60113
95000 115000 150004 4.22098
90000 120000 150002 1.62408
95000 120000 150003 2.73595
95000 115000 150004 4.22098
100000 115000 150007 7.04238
95000 120000 150003 2.73595
100000 120000 150005 5.34957
100000 110000 150006 5.74954
105000 110000 150011 11.3348
100000 115000 150007 7.04238
105000 115000 150009 9.055
105000 110000 150011 11.3348
110000 110000 150012 12.3316
105000 115000 150009 9.055
110000 115000 150011 10.9423
100000 115000 150007 7.04238
105000 115000 150009 9.055
100000 120000 150005 5.34957
105000 120000 150007 7.46007
105000 115000 150009 9.055
110000 115000 150011 10.9423
105000 120000 150007 7.46007
110000 120000 150013 12.5656
110000 110000 150012 12.3316
115000 110000 150010 10.3356
110000 115000 150011 10.9423
115000 115000 150013 13.4201
115000 110000 150010 10.3356
120000 110000 150012 12.3695
115000 115000 150013 13.4201
120000 115000 150015 15.3233
110000 115000 150011 10.9423
115000 115000 150013 13.4201
110000 120000 150013 12.5656
115000 120000 150010 9.92491
115000 115000 150013 13.4201
120000 115000 150015 15.3233
115000 120000 150010 9.92491
120000 120000 150016 15.7034
120000 110000 150012 12.3695
125000 110000 150014 13.9795
120000 115000 150015 15.3233
125000 115000 150014 14.0144
125000 110000 150014 13.9795
130000 110000 150014 13.9087
125000 115000 150014 14.0144
130000 115000 150015 14.5916
120000 115000 150015 15.3233
125000 115000 150014 14.0144
120000 120000 150016 15.7034
125000 120000 150016 15.5665
125000 115000 150014 14.0144
130000 115000 150015 14.5916
125000 120000 150016 15.5665
130000 120000 150014 14.0895
130000 110000 150014 13.9087
135000 110000 150017 17.1158
130000 115000 150015 14.5916
135000 115000 150016 16.0101
135000 110000 150017 17.1158
140000 110000 150014 14.1829
135000 115000 150016 16.0101
140000 115000 150013 12.537
130000 115000 150015 14.5916
135000 115000 150016 16.0101
130000 120000 150014 14.0895
135000 120000 150014 14.2503
135000 115000 150016 16.0101
140000 115000 150013 12.537
135000 120000 150014 14.2503
140000 120000 150015 14.5056
140000 110000 150014 14.1829
145000 110000 150013 12.785
140000 115000 150013 12.537
145000 115000 150010 9.66196
145000 110000 150013 12.785
150000 110000 150008 8.232
145000 115000 150010 9.66196
150000 115000 150007 7.49241
140000 115000 150013 12.537
145000 115000 150010 9.66196
140000 120000 150015 14.5056
145000 120000 150010 9.76893
145000 115000 150010 9.66196
150000 115000 150007 7.49241
145000 120000 150010 9.76893
150000 120000 150010 10.1154
150000 110000 150008 8.232
155000 110000 150008 8.05255
150000 115000 150007 7.49241
155000 115000 150005 4.70616
155000 110000 150008 8.05255
160000 110000 150006 5.80424
155000 115000 150005 4.70616
160000 115000 150000 -0.020663
150000 115000 150007 7.49241
155000 115000 150005 4.70616
150000 120000 150010 10.1154
155000 120000 150008 8.3515
155000 115000 150005 4.70616
160000 115000 150000 -0.020663
155000 120000 150008 8.3515
160000 120000 150006 6.19714
240000 0 150003 3.48157
245000 0 149998 -2.01337
240000 5000 150002 2.21619
245000 5000 150000 -0.00988851
245000 0 149998 -2.01337
250000 0 149999 -1.03798
245000 5000 150000 -0.00988851
250000 5000 149997 -2.68109
240000 5000 150002 2.21619
245000 5000 150000 -0.00988851
240000 10000 149999 -0.743446
245000 10000 149998 -1.72345
245000 5000 150000 -0.00988851
250000 5000 149997 -2.68109
245000 10000 149998 -1.72345
250000 10000 149999 -1.49651
250000 0 149999 -1.03798
255000 0 149997 -3.17122
250000 5000 149997 -2.68109
255000 5000 149998 -1.706
255000 0 149997 -3.17122
260000 0 149997 -2.8906
255000 5000 149998 -1.706
260000 5000 149996 -4.38872
250000 5000 149997 -2.68109
255000 5000 149998 -1.706
250000 10000 149999 -1.49651
255000 10000 149997 -3.44592
255000 5000 149998 -1.706
260000 5000 149996 -4.38872
255000 10000 149997 -3.44592
260000 10000 149998 -1.83415
260000 0 149997 -2.8906
265000 0 149993 -6.70704
260000 5000 149996 -4.38872
265000 5000 149996 -4.32009
265000 0 149993 -6.70704
270000 0 149996 -4.41257
265000 5000 149996 -4.32009
270000 5000 149995 -4.97777
260000 5000 149996 -4.38872
265000 5000 149996 -4.32009
260000 10000 149998 -1.83415
265000 10000 149995 -4.78412
265000 5000 149996 -4.32009
270000 5000 149995 -4.97777
265000 10000 149995 -4.78412
270000 10000 149994 -5.75401
270000 0 149996 -4.41257
275000 0 149992 -7.72154
270000 5000 149995 -4.97777
275000 5000 149996 -3.9736
275000 0 149992 -7.72154
280000 0 149992 -7.56824
275000 5000 149996 -3.9736
280000 5000 149994 -6.4381
270000 5000 149995 -4.97777
275000 5000 149996 -3.9736
270000 10000 149994 -5.75401
275000 10000 149994 -6.2039
275000 5000 149996 -3.9736
280000 5000 149994 -6.4381
275000 10000 149994 -6.2039
280000 10000 149994 -6.00452
280000 0 149992 -7.56824
285000 0 149993 -6.7391
280000 5000 149994 -6.4381
285000 5000 149993 -6.90755
285000 0 149993 -6.7391
290000 0 149994 -5.73989
285000 5000 149993 -6.90755
290000 5000 149996 -4.49468
280000 5000 149994 -6.4381
285000 5000 149993 -6.90755
280000 10000 149994 -6.00452
285000 10000 149993 -6.54448
285000 5000 149993 -6.90755
290000 5000 149996 -4.49468
285000 10000 149993 -6.54448
290000 10000 149993 -7.27456
290000 0 149994 -5.73989
295000 0 149993 -7.22871
290000 5000 149996 -4.49468
295000 5000 149993 -7.39807
295000 0 149993 -7.22871
300000 0 149993 -7.2151
295000 5000 149993 -7.39807
300000 5000 149992 -7.52745
290000 5000 149996 -4.49468
295000 5000 149993 -7.39807
290000 10000 149993 -7.27456
295000 10000 149994 -6.31561
295000 5000 149993 -7.39807
300000 5000 149992 -7.52745
295000 10000 149994 -6.31561
300000 10000 149993 -6.69914
240000 10000 149999 -0.743446
245000 10000 149998 -1.72345
240000 15000 150000 -0.434483
245000 15000 150001 0.934631
245000 10000 149998 -1.72345
250000 10000 149999 -1.49651
245000 15000 150001 0.934631
250000 15000 150000 -0.273309
240000 15000 150000 -0.434483
245000 15000 150001 0.934631
240000 20000 150001 0.859761
245000 20000 149998 -1.60171
245000 15000 150001 0.934631
250000 15000 150000 -0.273309
245000 20000 149998 -1.60171
250000 20000 149998 -2.07045
250000 10000 149999 -1.49651
255000 10000 149997 -3.44592
250000 15000 150000 -0.273309
255000 15000 149998 -1.76592
255000 10000 149997 -3.44592
260000 10000 149998 -1.83415
255000 15000 149998 -1.76592
260000 15000 149996 -3.97889
250000 15000 150000 -0.273309
255000 15000 149998 -1.76592
250000 20000 149998 -2.07045
255000 20000 149998 -2.22233
255000 15000 149998 -1.76592
260000 15000 149996 -3.97889
255000 20000 149998 -2.22233
260000 20000 149998 -2.3039
260000 10000 149998 -1.83415
265000 10000 149995 -4.78412
260000 15000 149996 -3.97889
265000 15000 149997 -3.07556
265000 10000 149995 -4.78412
270000 10000 149994 -5.75401
265000 15000 149997 -3.07556
270000 15000 149994 -6.36296
260000 15000 149996 -3.97889
265000 15000 149997 -3.07556
260000 20000 149998 -2.3039
265000 20000 149995 -5.26013
265000 15000 149997 -3.07556
270000 15000 149994 -6.36296
265000 20000 149995 -5.26013
270000 20000 149996 -4.24141
270000 10000 149994 -5.75401
275000 10000 149994 -6.2039
270000 15000 149994 -6.36296
275000 15000 149994 -5.51276
275000 10000 149994 -6.2039
280000 10000 149994 -6.00452
275000 15000 149994 -5.51276
280000 15000 149994 -5.68672
270000 15000 149994 -6.36296
275000 15000 149994 -5.51276
270000 20000 149996 -4.24141
275000 20000 149993 -6.50722
275000 15000 149994 -5.51276
280000 15000 149994 -5.68672
275000 20000 149993 -6.50722
280000 20000 149993 -7.03727
280000 10000 149994 -6.00452
285000 10000 149993 -6.54448
280000 15000 149994 -5.68672
285000 15000 149993 -6.80943
285000 10000 149993 -6.54448
290000 10000 149993 -7.27456
285000 15000 149993 -6.80943
290000 15000 149993 -7.29407
280000 15000 149994 -5.68672
285000 15000 149993 -6.80943
280000 20000 149993 -7.03727
285000 20000 149993 -7.18942
285000 15000 149993 -6.80943
290000 15000 149993 -7.29407
285000 20000 149993 -7.18942
290000 20000 149993 -7.24018
290000 10000 149993 -7.27456
295000 10000 149994 -6.31561
290000 15000 149993 -7.29407
295000 15000 149993 -7.34379
295000 10000 149994 -6.31561
300000 10000 149993 -6.69914
295000 15000 149993 -7.34379
300000 15000 149993 -7.14501
290000 15000 149993 -7.29407
295000 15000 149993 -7.34379
290000 20000 149993 -7.24018
295000 20000 149993 -7.25804
295000 15000 149993 -7.34379
300000 15000 149993 -7.14501
295000 20000 149993 -7.25804
300000 20000 149993 -7.40491
240000 20000 150001 0.859761
245000 20000 149998 -1.60171
240000 25000 150003 2.60129
245000 25000 150000 0.47056
245000 20000 149998 -1.60171
250000 20000 149998 -2.07045
245000 25000 150000 0.47056
250000 25000 149998 -2.19307
240000 25000 150003 2.60129
245000 25000 150000 0.47056
240000 30000 150001 1.03911
245000 30000 149999 -1.17005
245000 25000 150000 0.47056
250000 25000 149998 -2.19307
245000 30000 149999 -1.17005
250000 30000 149999 -0.660757
250000 20000 149998 -2.07045
255000 20000 149998 -2.22233
250000 25000 149998 -2.19307
255000 25000 149998 -1.72042
255000 20000 149998 -2.22233
260000 20000 149998 -2.3039
255000 25000 149998 -1.72042
260000 25000 149995 -4.59934
250000 25000 149998 -2.19307
255000 25000 149998 -1.72042
250000 30000 149999 -0.660757
255000 30000 149998 -2.08189
255000 25000 149998 -1.72042
260000 25000 149995 -4.59934
255000 30000 149998 -2.08189
260000 30000 149996 -3.76931
260000 20000 149998 -2.3039
265000 20000 149995 -5.26013
260000 25000 149995 -4.59934
265000 25000 149995 -4.91483
265000 20000 149995 -5.26013
270000 20000 149996 -4.24141
265000 25000 149995 -4.91483
270000 25000 149993 -6.65503
260000 25000 149995 -4.59934
265000 25000 149995 -4.91483
260000 30000 149996 -3.76931
265000 30000 149997 -2.87996
265000 25000 149995 -4.91483
270000 25000 149993 -6.65503
265000 30000 149997 -2.87996
270000 30000 149996 -4.38284
270000 20000 149996 -4.24141
275000 20000 149993 -6.50722
270000 25000 149993 -6.65503
275000 25000 149995 -5.01274
275000 20000 149993 -6.50722
280000 20000 149993 -7.03727
275000 25000 149995 -5.01274
280000 25000 149995 -4.66476
270000 25000 149993 -6.65503
275000 25000 149995 -5.01274
270000 30000 149996 -4.38284
275000 30000 149995 -4.80635
275000 25000 149995 -5.01274
280000 25000 149995 -4.66476
275000 30000 149995 -4.80635
280000 30000 149995 -5.2775
280000 20000 149993 -7.03727
285000 20000 149993 -7.18942
280000 25000 149995 -4.66476
285000 25000 149993 -7.20057
285000 20000 149993 -7.18942
290000 20000 149993 -7.24018
285000 25000 149993 -7.20057
290000 25000 149993 -6.99668
280000 25000 149995 -4.66476
285000 25000 149993 -7.20057
280000 30000 149995 -5.2775
285000 30000 149993 -7.16512
285000 25000 149993 -7.20057
290000 25000 149993 -6.99668
285000 30000 149993 -7.16512
290000 30000 149993 -6.79196
290000 20000 149993 -7.24018
295000 20000 149993 -7.25804
290000 25000 149993 -6.99668
295000 25000 149993 -7.10839
295000 20000 149993 -7.25804
300000 20000 149993 -7.40491
295000 25000 149993 -7.10839
300000 25000 149993 -7.26851
290000 25000 149993 -6.99668
295000 25000 149993 -7.10839
290000 30000 149993 -6.79196
295000 30000 149993 -7.30349
295000 25000 149993 -7.10839
300000 25000 149993 -7.26851
295000 30000 149993 -7.30349
300000 30000 149993 -7.37847
240000 30000 150001 1.03911
245000 30000 149999 -1.17005
240000 35000 150000 -0.0822672
245000 35000 150000 -0.446169
245000 30000 149999 -1.17005
250000 30000 149999 -0.660757
245000 35000 150000 -0.446169
250000 35000 150000 -0.395177
240000 35000 150000 -0.0822672
245000 35000 150000 -0.446169
240000 40000 150001 1.00639
245000 40000 149999 -0.915617
245000 35000 150000 -0.446169
250000 35000 150000 -0.395177
245000 40000 149999 -0.915617
250000 40000 150000 -0.300803
250000 30000 149999 -0.660757
255000 30000 149998 -2.08189
250000 35000 150000 -0.395177
255000 35000 149998 -1.64418
255000 30000 149998 -2.08189
260000 30000 149996 -3.76931
255000 35000 149998 -1.64418
260000 35000 149996 -4.49041
250000 35000 150000 -0.395177
255000 35000 149998 -1.64418
250000 40000 150000 -0.300803
255000 40000 149998 -1.57003
255000 35000 149998 -1.64418
260000 35000 149996 -4.49041
255000 40000 149998 -1.57003
260000 40000 149998 -2.13098
260000 30000 149996 -3.76931
265000 30000 149997 -2.87996
260000 35000 149996 -4.49041
265000 35000 149995 -4.54412
265000 30000 149997 -2.87996
270000 30000 149996 -4.38284
265000 35000 149995 -4.54412
270000 35000 149994 -6.16697
260000 35000 149996 -4.49041
265000 35000 149995 -4.54412
260000 40000 149998 -2.13098
265000 40000 149996 -4.30472
265000 35000 149995 -4.54412
270000 35000 149994 -6.16697
265000 40000 149996 -4.30472
270000 40000 149995 -5.38987
270000 30000 149996 -4.38284
275000 30000 149995 -4.80635
270000 35000 149994 -6.16697
275000 35000 149995 -5.03539
275000 30000 149995 -4.80635
280000 30000 149995 -5.2775
275000 35000 149995 -5.03539
280000 35000 149995 -5.32996
270000 35000 149994 -6.16697
275000 35000 149995 -5.03539
270000 40000 149995 -5.38987
275000 40000 149995 -4.94262
275000 35000 149995 -5.03539
280000 35000 149995 -5.32996
275000 40000 149995 -4.94262
280000 40000 149993 -6.64607
280000 30000 149995 -5.2775
285000 30000 149993 -7.16512
280000 35000 149995 -5.32996
285000 35000 149994 -6.43265
285000 30000 149993 -7.16512
290000 30000 149993 -6.79196
285000 35000 149994 -6.43265
290000 35000 149994 -5.93301
280000 35000 149995 -5.32996
285000 35000 149994 -6.43265
280000 40000 149993 -6.64607
285000 40000 149994 -6.00271
285000 35000 149994 -6.43265
290000 35000 149994 -5.93301
285000 40000 149994 -6.00271
290000 40000 149995 -5.1512
290000 30000 149993 -6.79196
295000 30000 149993 -7.30349
290000 35000 149994 -5.93301
295000 35000 149994 -5.73056
295000 30000 149993 -7.30349
300000 30000 149993 -7.37847
295000 35000 149994 -5.73056
300000 35000 149994 -5.80595
290000 35000 149994 -5.93301
295000 35000 149994 -5.73056
290000 40000 149995 -5.1512
295000 40000 149993 -6.71188
295000 35000 149994 -5.73056
300000 35000 149994 -5.80595
295000 40000 149993 -6.71188
300000 40000 149993 -7.35596
240000 40000 150001 1.00639
245000 40000 149999 -0.915617
240000 45000 150000 -0.223391
245000 45000 150000 0.146653
245000 40000 149999 -0.915617
250000 40000 150000 -0.300803
245000 45000 150000 0.146653
250000 45000 149998 -1.94785
240000 45000 150000 -0.223391
245000 45000 150000 0.146653
240000 50000 150003 2.56935
245000 50000 149999 -0.847514
245000 45000 150000 0.146653
250000 45000 149998 -1.94785
245000 50000 149999 -0.847514
250000 50000 150001 0.584822
250000 40000 150000 -0.300803
255000 40000 149998 -1.57003
250000 45000 149998 -1.94785
255000 45000 149997 -2.56299
255000 40000 149998 -1.57003
260000 40000 149998 -2.13098
255000 45000 149997 -2.56299
260000 45000 149996 -3.88487
250000 45000 149998 -1.94785
255000 45000 149997 -2.56299
250000 50000 150001 0.584822
255000 50000 150000 -0.196052
255000 45000 149997 -2.56299
260000 45000 149996 -3.88487
255000 50000 150000 -0.196052
260000 50000 149998 -1.846
260000 40000 149998 -2.13098
265000 40000 149996 -4.30472
260000 45000 149996 -3.88487
265000 45000 149995 -5.11143
265000 40000 149996 -4.30472
270000 40000 149995 -5.38987
265000 45000 149995 -5.11143
270000 45000 149994 -5.77735
260000 45000 149996 -3.88487
265000 45000 149995 -5.11143
260000 50000 149998 -1.846
265000 50000 149997 -3.26427
265000 45000 149995 -5.11143
270000 45000 149994 -5.77735
265000 50000 149997 -3.26427
270000 50000 149997 -3.27162
270000 40000 149995 -5.38987
275000 40000 149995 -4.94262
270000 45000 149994 -5.77735
275000 45000 149996 -4.3823
275000 40000 149995 -4.94262
280000 40000 149993 -6.64607
275000 45000 149996 -4.3823
280000 45000 149994 -6.32305
270000 45000 149994 -5.77735
275000 45000 149996 -4.3823
270000 50000 149997 -3.27162
275000 50000 149993 -6.8879
275000 45000 149996 -4.3823
280000 45000 149994 -6.32305
275000 50000 149993 -6.8879
280000 50000 149994 -5.86381
280000 40000 149993 -6.64607
285000 40000 149994 -6.00271
280000 45000 149994 -6.32305
285000 45000 149993 -7.08173
285000 40000 149994 -6.00271
290000 40000 149995 -5.1512
285000 45000 149993 -7.08173
290000 45000 149993 -7.08762
280000 45000 149994 -6.32305
285000 45000 149993 -7.08173
280000 50000 149994 -5.86381
285000 50000 149993 -7.02831
285000 45000 149993 -7.08173
290000 45000 149993 -7.08762
285000 50000 149993 -7.02831
290000 50000 149995 -4.70632
290000 40000 149995 -5.1512
295000 40000 149993 -6.71188
290000 45000 149993 -7.08762
295000 45000 149993 -7.2841
295000 40000 149993 -6.71188
300000 40000 149993 -7.35596
295000 45000 149993 -7.2841
300000 45000 149995 -4.83423
290000 45000 149993 -7.08762
295000 45000 149993 -7.2841
290000 50000 149995 -4.70632
295000 50000 149994 -5.83146
295000 45000 149993 -7.2841
300000 45000 149995 -4.83423
295000 50000 149994 -5.83146
300000 50000 149992 -8.20953
240000 50000 150003 2.56935
245000 50000 149999 -0.847514
240000 55000 150001 1.04409
245000 55000 150001 1.39029
245000 50000 149999 -0.847514
250000 50000 150001 0.584822
245000 55000 150001 1.39029
250000 55000 149998 -1.53552
240000 55000 150001 1.04409
245000 55000 150001 1.39029
240000 60000 150001 1.40622
245000 60000 149999 -0.847237
245000 55000 150001 1.39029
250000 55000 149998 -1.53552
245000 60000 149999 -0.847237
250000 60000 150001 0.82236
250000 50000 150001 0.584822
255000 50000 150000 -0.196052
250000 55000 149998 -1.53552
255000 55000 149997 -3.21004
255000 50000 150000 -0.196052
260000 50000 149998 -1.846
255000 55000 149997 -3.21004
260000 55000 149996 -4.19912
250000 55000 149998 -1.53552
255000 55000 149997 -3.21004
250000 60000 150001 0.82236
255000 60000 150000 0.35974
255000 55000 149997 -3.21004
260000 55000 149996 -4.19912
255000 60000 150000 0.35974
260000 60000 149999 -0.930304
260000 50000 149998 -1.846
265000 50000 149997 -3.26427
260000 55000 149996 -4.19912
265000 55000 149995 -5.10224
265000 50000 149997 -3.26427
270000 50000 149997 -3.27162
265000 55000 149995 -5.10224
270000 55000 149995 -4.80526
260000 55000 149996 -4.19912
265000 55000 149995 -5.10224
260000 60000 149999 -0.930304
265000 60000 149997 -3.46248
265000 55000 149995 -5.10224
270000 55000 149995 -4.80526
265000 60000 149997 -3.46248
270000 60000 149995 -4.57178
270000 50000 149997 -3.27162
275000 50000 149993 -6.8879
270000 55000 149995 -4.80526
275000 55000 149993 -6.59335
275000 50000 149993 -6.8879
280000 50000 149994 -5.86381
275000 55000 149993 -6.59335
280000 55000 149993 -7.06176
270000 55000 149995 -4.80526
275000 55000 149993 -6.59335
270000 60000 149995 -4.57178
275000 60000 149994 -5.89704
275000 55000 149993 -6.59335
280000 55000 149993 -7.06176
275000 60000 149994 -5.89704
280000 60000 149994 -6.35529
280000 50000 149994 -5.86381
285000 50000 149993 -7.02831
280000 55000 149993 -7.06176
285000 55000 149994 -5.7177
285000 50000 149993 -7.02831
290000 50000 149995 -4.70632
285000 55000 149994 -5.7177
290000 55000 149993 -7.13736
280000 55000 149993 -7.06176
285000 55000 149994 -5.7177
280000 60000 149994 -6.35529
285000 60000 149993 -7.12251
285000 55000 149994 -5.7177
290000 55000 149993 -7.13736
285000 60000 149993 -7.12251
290000 60000 149994 -5.78715
290000 50000 149995 -4.70632
295000 50000 149994 -5.83146
290000 55000 149993 -7.13736
295000 55000 149995 -5.20318
295000 50000 149994 -5.83146
300000 50000 149992 -8.20953
295000 55000 149995 -5.20318
300000 55000 149995 -5.17741
290000 55000 149993 -7.13736
295000 55000 149995 -5.20318
290000 60000 149994 -5.78715
295000 60000 149994 -6.33777
295000 55000 149995 -5.20318
300000 55000 149995 -5.17741
295000 60000 149994 -6.33777
300000 60000 149993 -7.26167
200000 60000 150016 16.2115
205000 60000 150018 17.5563
200000 65000 150019 19.1525
205000 65000 150019 18.6588
205000 60000 150018 17.5563
210000 60000 150014 14.2054
205000 65000 150019 18.6588
210000 65000 150015 14.8921
200000 65000 150019 19.1525
205000 65000 150019 18.6588
200000 70000 150018 17.5472
205000 70000 150015 14.8128
205000 65000 150019 18.6588
210000 65000 150015 14.8921
205000 70000 150015 14.8128
210000 70000 150013 13.0201
210000 60000 150014 14.2054
215000 60000 150012 12.4484
210000 65000 150015 14.8921
215000 65000 150013 13.4144
215000 60000 150012 12.4484
220000 60000 150008 7.90259
215000 65000 150013 13.4144
220000 65000 150009 9.37668
210000 65000 150015 14.8921
215000 65000 150013 13.4144
210000 70000 150013 13.0201
215000 70000 150012 11.5712
215000 65000 150013 13.4144
220000 65000 150009 9.37668
215000 70000 150012 11.5712
220000 70000 150008 8.26679
220000 60000 150008 7.90259
225000 60000 150007 6.71169
220000 65000 150009 9.37668
225000 65000 150007 6.70182
225000 60000 150007 6.71169
230000 60000 150005 4.83481
225000 65000 150007 6.70182
230000 65000 150008 8.3534
220000 65000 150009 9.37668
225000 65000 150007 6.70182
220000 70000 150008 8.26679
225000 70000 150009 9.41833
225000 65000 150007 6.70182
230000 65000 150008 8.3534
225000 70000 150009 9.41833
230000 70000 150005 5.44595
230000 60000 150005 4.83481
235000 60000 150004 3.71575
230000 65000 150008 8.3534
235000 65000 150005 5.30358
235000 60000 150004 3.71575
240000 60000 150001 1.40622
235000 65000 150005 5.30358
240000 65000 150001 1.4417
230000 65000 150008 8.3534
235000 65000 150005 5.30358
230000 70000 150005 5.44595
235000 70000 150005 5.04966
235000 65000 150005 5.30358
240000 65000 150001 1.4417
235000 70000 150005 5.04966
240000 70000 150004 3.86574
240000 60000 150001 1.40622
245000 60000 149999 -0.847237
240000 65000 150001 1.4417
245000 65000 150001 1.00577
245000 60000 149999 -0.847237
250000 60000 150001 0.82236
245000 65000 150001 1.00577
250000 65000 150001 0.844849
240000 65000 150001 1.4417
245000 65000 150001 1.00577
240000 70000 150004 3.86574
245000 70000 150000 -0.0048784
245000 65000 150001 1.00577
250000 65000 150001 0.844849
245000 70000 150000 -0.0048784
250000 70000 150002 1.88607
250000 60000 150001 0.82236
255000 60000 150000 0.35974
250000 65000 150001 0.844849
255000 65000 149998 -2.04618
255000 60000 150000 0.35974
260000 60000 149999 -0.930304
255000 65000 149998 -2.04618
260000 65000 149997 -3.02012
250000 65000 150001 0.844849
255000 65000 149998 -2.04618
250000 70000 150002 1.88607
255000 70000 149998 -2.37381
255000 65000 149998 -2.04618
260000 65000 149997 -3.02012
255000 70000 149998 -2.37381
260000 70000 149998 -1.96491
260000 60000 149999 -0.930304
265000 60000 149997 -3.46248
260000 65000 149997 -3.02012
265000 65000 149995 -4.59072
265000 60000 149997 -3.46248
270000 60000 149995 -4.57178
265000 65000 149995 -4.59072
270000 65000 149993 -6.53588
260000 65000 149997 -3.02012
265000 65000 149995 -4.59072
260000 70000 149998 -1.96491
265000 70000 149998 -1.99928
265000 65000 149995 -4.59072
270000 65000 149993 -6.53588
265000 70000 149998 -1.99928
270000 70000 149995 -5.4098
270000 60000 149995 -4.57178
275000 60000 149994 -5.89704
270000 65000 149993 -6.53588
275000 65000 149993 -6.72589
275000 60000 149994 -5.89704
280000 60000 149994 -6.35529
275000 65000 149993 -6.72589
280000 65000 149995 -5.22936
270000 65000 149993 -6.53588
275000 65000 149993 -6.72589
270000 70000 149995 -5.4098
275000 70000 149994 -6.41465
275000 65000 149993 -6.72589
280000 65000 149995 -5.22936
275000 70000 149994 -6.41465
280000 70000 149993 -6.54372
280000 60000 149994 -6.35529
285000 60000 149993 -7.12251
280000 65000 149995 -5.22936
285000 65000 149993 -7.01534
285000 60000 149993 -7.12251
290000 60000 149994 -5.78715
285000 65000 149993 -7.01534
290000 65000 149994 -6.21583
280000 65000 149995 -5.22936
285000 65000 149993 -7.01534
280000 70000 149993 -6.54372
285000 70000 149995 -5.03076
285000 65000 149993 -7.01534
290000 65000 149994 -6.21583
285000 70000 149995 -5.03076
290000 70000 149993 -7.09078
290000 60000 149994 -5.78715
295000 60000 149994 -6.33777
290000 65000 149994 -6.21583
295000 65000 149993 -7.25205
295000 60000 149994 -6.33777
300000 60000 149993 -7.26167
295000 65000 149993 -7.25205
300000 65000 149993 -6.78995
290000 65000 149994 -6.21583
295000 65000 149993 -7.25205
290000 70000 149993 -7.09078
295000 70000 149994 -6.29946
295000 65000 149993 -7.25205
300000 65000 149993 -6.78995
295000 70000 149994 -6.29946
300000 70000 149993 -6.65989
200000 70000 150018 17.5472
205000 70000 150015 14.8128
200000 75000 150017 17.3846
205000 75000 150018 18.1121
205000 70000 150015 14.8128
210000 70000 150013 13.0201
205000 75000 150018 18.1121
210000 75000 150016 16.168
200000 75000 150017 17.3846
205000 75000 150018 18.1121
200000 80000 150021 21.0006
205000 80000 150017 16.7222
205000 75000 150018 18.1121
210000 75000 150016 16.168
205000 80000 150017 16.7222
210000 80000 150016 16.349
210000 70000 150013 13.0201
215000 70000 150012 11.5712
210000 75000 150016 16.168
215000 75000 150013 13.0912
215000 70000 150012 11.5712
220000 70000 150008 8.26679
215000 75000 150013 13.0912
220000 75000 150009 9.10318
210000 75000 150016 16.168
215000 75000 150013 13.0912
210000 80000 150016 16.349
215000 80000 150012 12.1512
215000 75000 150013 13.0912
220000 75000 150009 9.10318
215000 80000 150012 12.1512
220000 80000 150010 9.78866
220000 70000 150008 8.26679
225000 70000 150009 9.41833
220000 75000 150009 9.10318
225000 75000 150008 7.53929
225000 70000 150009 9.41833
230000 70000 150005 5.44595
225000 75000 150008 7.53929
230000 75000 150007 7.29903
220000 75000 150009 9.10318
225000 75000 150008 7.53929
220000 80000 150010 9.78866
225000 80000 150008 8.03505
225000 75000 150008 7.53929
230000 75000 150007 7.29903
225000 80000 150008 8.03505
230000 80000 150004 4.41418
230000 70000 150005 5.44595
235000 70000 150005 5.04966
230000 75000 150007 7.29903
235000 75000 150002 2.05319
235000 70000 150005 5.04966
240000 70000 150004 3.86574
235000 75000 150002 2.05319
240000 75000 150001 0.983564
230000 75000 150007 7.29903
235000 75000 150002 2.05319
230000 80000 150004 4.41418
235000 80000 150003 3.47175
235000 75000 150002 2.05319
240000 75000 150001 0.983564
235000 80000 150003 3.47175
240000 80000 150003 2.91144
240000 70000 150004 3.86574
245000 70000 150000 -0.0048784
240000 75000 150001 0.983564
245000 75000 149999 -0.942484
245000 70000 150000 -0.0048784
250000 70000 150002 1.88607
245000 75000 149999 -0.942484
250000 75000 149997 -2.5997
240000 75000 150001 0.983564
245000 75000 149999 -0.942484
240000 80000 150003 2.91144
245000 80000 150001 0.617565
245000 75000 149999 -0.942484
250000 75000 149997 -2.5997
245000 80000 150001 0.617565
250000 80000 150001 1.45271
250000 70000 150002 1.88607
255000 70000 149998 -2.37381
250000 75000 149997 -2.5997
255000 75000 149997 -2.60645
255000 70000 149998 -2.37381
260000 70000 149998 -1.96491
255000 75000 149997 -2.60645
260000 75000 149996 -4.29337
250000 75000 149997 -2.5997
255000 75000 149997 -2.60645
250000 80000 150001 1.45271
255000 80000 150000 -0.290853
255000 75000 149997 -2.60645
260000 75000 149996 -4.29337
255000 80000 150000 -0.290853
260000 80000 149996 -4.46325
260000 70000 149998 -1.96491
265000 70000 149998 -1.99928
260000 75000 149996 -4.29337
265000 75000 149995 -5.18273
265000 70000 149998 -1.99928
270000 70000 149995 -5.4098
265000 75000 149995 -5.18273
270000 75000 149997 -3.12498
260000 75000 149996 -4.29337
265000 75000 149995 -5.18273
260000 80000 149996 -4.46325
265000 80000 149996 -4.35064
265000 75000 149995 -5.18273
270000 75000 149997 -3.12498
265000 80000 149996 -4.35064
270000 80000 149994 -6.24193
270000 70000 149995 -5.4098
275000 70000 149994 -6.41465
270000 75000 149997 -3.12498
275000 75000 149994 -6.03412
275000 70000 149994 -6.41465
280000 70000 149993 -6.54372
275000 75000 149994 -6.03412
280000 75000 149996 -4.1524
270000 75000 149997 -3.12498
275000 75000 149994 -6.03412
270000 80000 149994 -6.24193
275000 80000 149994 -5.6253
275000 75000 149994 -6.03412
280000 75000 149996 -4.1524
275000 80000 149994 -5.6253
280000 80000 149993 -6.96602
280000 70000 149993 -6.54372
285000 70000 149995 -5.03076
280000 75000 149996 -4.1524
285000 75000 149994 -6.16613
285000 70000 149995 -5.03076
290000 70000 149993 -7.09078
285000 75000 149994 -6.16613
290000 75000 149994 -6.23943
280000 75000 149996 -4.1524
285000 75000 149994 -6.16613
280000 80000 149993 -6.96602
285000 80000 149993 -7.03575
285000 75000 149994 -6.16613
290000 75000 149994 -6.23943
285000 80000 149993 -7.03575
290000 80000 149994 -5.51449
290000 70000 149993 -7.09078
295000 70000 149994 -6.29946
290000 75000 149994 -6.23943
295000 75000 149994 -6.40315
295000 70000 149994 -6.29946
300000 70000 149993 -6.65989
295000 75000 149994 -6.40315
300000 75000 149995 -5.45495
290000 75000 149994 -6.23943
295000 75000 149994 -6.40315
290000 80000 149994 -5.51449
295000 80000 149994 -5.79989
295000 75000 149994 -6.40315
300000 75000 149995 -5.45495
295000 80000 149994 -5.79989
300000 80000 149993 -6.78888
160000 80000 149964 -35.9617
165000 80000 149974 -25.9657
160000 85000 149974 -26.01
165000 85000 149962 -37.5269
165000 80000 149974 -25.9657
170000 80000 149997 -2.81955
165000 85000 149962 -37.5269
170000 85000 149988 -11.51
160000 85000 149974 -26.01
165000 85000 149962 -37.5269
160000 90000 149989 -10.8167
165000 90000 149968 -32.4259
165000 85000 149962 -37.5269
170000 85000 149988 -11.51
165000 90000 149968 -32.4259
170000 90000 149975 -25.4919
170000 80000 149997 -2.81955
175000 80000 150017 17.41
170000 85000 149988 -11.51
175000 85000 150008 8.11841
175000 80000 150017 17.41
180000 80000 150021 20.5129
175000 85000 150008 8.11841
180000 85000 150021 20.5231
170000 85000 149988 -11.51
175000 85000 150008 8.11841
170000 90000 149975 -25.4919
175000 90000 149996 -3.54973
175000 85000 150008 8.11841
180000 85000 150021 20.5231
175000 90000 149996 -3.54973
180000 90000 150014 13.5346
180000 80000 150021 20.5129
185000 80000 150020 20.3419
180000 85000 150021 20.5231
185000 85000 150022 22.0254
185000 80000 150020 20.3419
190000 80000 150022 22.4387
185000 85000 150022 22.0254
190000 85000 150020 19.5918
180000 85000 150021 20.5231
185000 85000 150022 22.0254
180000 90000 150014 13.5346
185000 90000 150025 24.6712
185000 85000 150022 22.0254
190000 85000 150020 19.5918
185000 90000 150025 24.6712
190000 90000 150022 21.5025
190000 80000 150022 22.4387
195000 80000 150021 21.0964
190000 85000 150020 19.5918
195000 85000 150018 18.0338
195000 80000 150021 21.0964
200000 80000 150021 21.0006
195000 85000 150018 18.0338
200000 85000 150019 18.5869
190000 85000 150020 19.5918
195000 85000 150018 18.0338
190000 90000 150022 21.5025
195000 90000 150019 18.8688
195000 85000 150018 18.0338
200000 85000 150019 18.5869
195000 90000 150019 18.8688
200000 90000 150019 19.0313
200000 80000 150021 21.0006
205000 80000 150017 16.7222
200000 85000 150019 18.5869
205000 85000 150017 16.5013
205000 80000 150017 16.7222
210000 80000 150016 16.349
205000 85000 150017 16.5013
210000 85000 150018 17.9456
200000 85000 150019 18.5869
205000 85000 150017 16.5013
200000 90000 150019 19.0313
205000 90000 150018 17.6367
205000 85000 150017 16.5013
210000 85000 150018 17.9456
205000 90000 150018 17.6367
210000 90000 150014 14.0277
210000 80000 150016 16.349
215000 80000 150012 12.1512
210000 85000 150018 17.9456
215000 85000 150015 15.2161
215000 80000 150012 12.1512
220000 80000 150010 9.78866
215000 85000 150015 15.2161
220000 85000 150010 9.70448
210000 85000 150018 17.9456
215000 85000 150015 15.2161
210000 90000 150014 14.0277
215000 90000 150012 11.5699
215000 85000 150015 15.2161
220000 85000 150010 9.70448
215000 90000 150012 11.5699
220000 90000 150009 9.00865
220000 80000 150010 9.78866
225000 80000 150008 8.03505
220000 85000 150010 9.70448
225000 85000 150008 7.99183
225000 80000 150008 8.03505
230000 80000 150004 4.41418
225000 85000 150008 7.99183
230000 85000 150008 8.12614
220000 85000 150010 9.70448
225000 85000 150008 7.99183
220000 90000 150009 9.00865
225000 90000 150011 10.6208
225000 85000 150008 7.99183
230000 85000 150008 8.12614
225000 90000 150011 10.6208
230000 90000 150007 6.83926
230000 80000 150004 4.41418
235000 80000 150003 3.47175
230000 85000 150008 8.12614
235000 85000 150006 5.55104
235000 80000 150003 3.47175
240000 80000 150003 2.91144
235000 85000 150006 5.55104
240000 85000 150003 2.55356
230000 85000 150008 8.12614
235000 85000 150006 5.55104
230000 90000 150007 6.83926
235000 90000 150004 4.03134
235000 85000 150006 5.55104
240000 85000 150003 2.55356
235000 90000 150004 4.03134
240000 90000 150002 1.83773
240000 80000 150003 2.91144
245000 80000 150001 0.617565
240000 85000 150003 2.55356
245000 85000 150000 -0.152657
245000 80000 150001 0.617565
250000 80000 150001 1.45271
245000 85000 150000 -0.152657
250000 85000 150001 1.18
240000 85000 150003 2.55356
245000 85000 150000 -0.152657
240000 90000 150002 1.83773
245000 90000 150001 0.722214
245000 85000 150000 -0.152657
250000 85000 150001 1.18
245000 90000 150001 0.722214
250000 90000 149998 -2.00215
250000 80000 150001 1.45271
255000 80000 150000 -0.290853
250000 85000 150001 1.18
255000 85000 149997 -2.71828
255000 80000 150000 -0.290853
260000 80000 149996 -4.46325
255000 85000 149997 -2.71828
260000 85000 149996 -4.38616
250000 85000 150001 1.18
255000 85000 149997 -2.71828
250000 90000 149998 -2.00215
255000 90000 149999 -1.443
255000 85000 149997 -2.71828
260000 85000 149996 -4.38616
255000 90000 149999 -1.443
260000 90000 149999 -1.45738
260000 80000 149996 -4.46325
265000 80000 149996 -4.35064
260000 85000 149996 -4.38616
265000 85000 149994 -5.66314
265000 80000 149996 -4.35064
270000 80000 149994 -6.24193
265000 85000 149994 -5.66314
270000 85000 149996 -3.57124
260000 85000 149996 -4.38616
265000 85000 149994 -5.66314
260000 90000 149999 -1.45738
265000 90000 149996 -3.70637
265000 85000 149994 -5.66314
270000 85000 149996 -3.57124
265000 90000 149996 -3.70637
270000 90000 149994 -5.69063
270000 80000 149994 -6.24193
275000 80000 149994 -5.6253
270000 85000 149996 -3.57124
275000 85000 149993 -6.7096
275000 80000 149994 -5.6253
280000 80000 149993 -6.96602
275000 85000 149993 -6.7096
280000 85000 149995 -5.23725
270000 85000 149996 -3.57124
275000 85000 149993 -6.7096
270000 90000 149994 -5.69063
275000 90000 149995 -5.14844
275000 85000 149993 -6.7096
280000 85000 149995 -5.23725
275000 90000 149995 -5.14844
280000 90000 149995 -5.4162
280000 80000 149993 -6.96602
285000 80000 149993 -7.03575
280000 85000 149995 -5.23725
285000 85000 149993 -7.1407
285000 80000 149993 -7.03575
290000 80000 149994 -5.51449
285000 85000 149993 -7.1407
290000 85000 149993 -7.18933
280000 85000 149995 -5.23725
285000 85000 149993 -7.1407
280000 90000 149995 -5.4162
285000 90000 149994 -6.3742
285000 85000 149993 -7.1407
290000 85000 149993 -7.18933
285000 90000 149994 -6.3742
290000 90000 149993 -7.21588
290000 80000 149994 -5.51449
295000 80000 149994 -5.79989
290000 85000 149993 -7.18933
295000 85000 149993 -7.27727
295000 80000 149994 -5.79989
300000 80000 149993 -6.78888
295000 85000 149993 -7.27727
300000 85000 149993 -7.30813
290000 85000 149993 -7.18933
295000 85000 149993 -7.27727
290000 90000 149993 -7.21588
295000 90000 149993 -7.3355
295000 85000 149993 -7.27727
300000 85000 149993 -7.30813
295000 90000 149993 -7.3355
300000 90000 149993 -7.39261
160000 90000 149989 -10.8167
165000 90000 149968 -32.4259
160000 95000 149998 -2.42032
165000 95000 149978 -22.2052
165000 90000 149968 -32.4259
170000 90000 149975 -25.4919
165000 95000 149978 -22.2052
170000 95000 149971 -29.0114
160000 95000 149998 -2.42032
165000 95000 149978 -22.2052
160000 100000 150000 -0.357165
165000 100000 149989 -11.0899
165000 95000 149978 -22.2052
170000 95000 149971 -29.0114
165000 100000 149989 -11.0899
170000 100000 149978 -22.0812
170000 90000 149975 -25.4919
175000 90000 149996 -3.54973
170000 95000 149971 -29.0114
175000 95000 149991 -9.3775
175000 90000 149996 -3.54973
180000 90000 150014 13.5346
175000 95000 149991 -9.3775
180000 95000 150006 6.36713
170000 95000 149971 -29.0114
175000 95000 149991 -9.3775
170000 100000 149978 -22.0812
175000 100000 149984 -15.9017
175000 95000 149991 -9.3775
180000 95000 150006 6.36713
175000 100000 149984 -15.9017
180000 100000 149999 -1.01725
180000 90000 150014 13.5346
185000 90000 150025 24.6712
180000 95000 150006 6.36713
185000 95000 150022 21.7154
185000 90000 150025 24.6712
190000 90000 150022 21.5025
185000 95000 150022 21.7154
190000 95000 150021 20.682
180000 95000 150006 6.36713
185000 95000 150022 21.7154
180000 100000 149999 -1.01725
185000 100000 150019 18.5914
185000 95000 150022 21.7154
190000 95000 150021 20.682
185000 100000 150019 18.5914
190000 100000 150022 21.874
190000 90000 150022 21.5025
195000 90000 150019 18.8688
190000 95000 150021 20.682
195000 95000 150022 21.5713
195000 90000 150019 18.8688
200000 90000 150019 19.0313
195000 95000 150022 21.5713
200000 95000 150019 18.8124
190000 95000 150021 20.682
195000 95000 150022 21.5713
190000 100000 150022 21.874
195000 100000 150021 20.9112
195000 95000 150022 21.5713
200000 95000 150019 18.8124
195000 100000 150021 20.9112
200000 100000 150019 18.9633
200000 90000 150019 19.0313
205000 90000 150018 17.6367
200000 95000 150019 18.8124
205000 95000 150017 17.1884
205000 90000 150018 17.6367
210000 90000 150014 14.0277
205000 95000 150017 17.1884
210000 95000 150018 18.1182
200000 95000 150019 18.8124
205000 95000 150017 17.1884
200000 100000 150019 18.9633
205000 100000 150017 16.8178
205000 95000 150017 17.1884
210000 95000 150018 18.1182
205000 100000 150017 16.8178
210000 100000 150015 14.5913
210000 90000 150014 14.0277
215000 90000 150012 11.5699
210000 95000 150018 18.1182
215000 95000 150013 12.6276
215000 90000 150012 11.5699
220000 90000 150009 9.00865
215000 95000 150013 12.6276
220000 95000 150009 9.34413
210000 95000 150018 18.1182
215000 95000 150013 12.6276
210000 100000 150015 14.5913
215000 100000 150015 14.975
215000 95000 150013 12.6276
220000 95000 150009 9.34413
215000 100000 150015 14.975
220000 100000 150010 10.4293
220000 90000 150009 9.00865
225000 90000 150011 10.6208
220000 95000 150009 9.34413
225000 95000 150010 9.56929
225000 90000 150011 10.6208
230000 90000 150007 6.83926
225000 95000 150010 9.56929
230000 95000 150005 5.37099
220000 95000 150009 9.34413
225000 95000 150010 9.56929
220000 100000 150010 10.4293
225000 100000 150009 8.60642
225000 95000 150010 9.56929
230000 95000 150005 5.37099
225000 100000 150009 8.60642
230000 100000 150006 6.48325
230000 90000 150007 6.83926
235000 90000 150004 4.03134
230000 95000 150005 5.37099
235000 95000 150003 3.37506
235000 90000 150004 4.03134
240000 90000 150002 1.83773
235000 95000 150003 3.37506
240000 95000 150004 4.08086
230000 95000 150005 5.37099
235000 95000 150003 3.37506
230000 100000 150006 6.48325
235000 100000 150006 5.60538
235000 95000 150003 3.37506
240000 95000 150004 4.08086
235000 100000 150006 5.60538
240000 100000 150001 0.77729
240000 90000 150002 1.83773
245000 90000 150001 0.722214
240000 95000 150004 4.08086
245000 95000 150001 1.46317
245000 90000 150001 0.722214
250000 90000 149998 -2.00215
245000 95000 150001 1.46317
250000 95000 149998 -2.17829
240000 95000 150004 4.08086
245000 95000 150001 1.46317
240000 100000 150001 0.77729
245000 100000 149999 -0.602735
245000 95000 150001 1.46317
250000 95000 149998 -2.17829
245000 100000 149999 -0.602735
250000 100000 150000 -0.132527
250000 90000 149998 -2.00215
255000 90000 149999 -1.443
250000 95000 149998 -2.17829
255000 95000 149996 -3.90736
255000 90000 149999 -1.443
260000 90000 149999 -1.45738
255000 95000 149996 -3.90736
260000 95000 149996 -3.85693
250000 95000 149998 -2.17829
255000 95000 149996 -3.90736
250000 100000 150000 -0.132527
255000 100000 149998 -2.48597
255000 95000 149996 -3.90736
260000 95000 149996 -3.85693
255000 100000 149998 -2.48597
260000 100000 149996 -4.02567
260000 90000 149999 -1.45738
265000 90000 149996 -3.70637
260000 95000 149996 -3.85693
265000 95000 149996 -4.31789
265000 90000 149996 -3.70637
270000 90000 149994 -5.69063
265000 95000 149996 -4.31789
270000 95000 149994 -5.6814
260000 95000 149996 -3.85693
265000 95000 149996 -4.31789
260000 100000 149996 -4.02567
265000 100000 149997 -2.78301
265000 95000 149996 -4.31789
270000 95000 149994 -5.6814
265000 100000 149997 -2.78301
270000 100000 149996 -3.96842
270000 90000 149994 -5.69063
275000 90000 149995 -5.14844
270000 95000 149994 -5.6814
275000 95000 149995 -4.58397
275000 90000 149995 -5.14844
280000 90000 149995 -5.4162
275000 95000 149995 -4.58397
280000 95000 149993 -6.90913
270000 95000 149994 -5.6814
275000 95000 149995 -4.58397
270000 100000 149996 -3.96842
275000 100000 149994 -5.79038
275000 95000 149995 -4.58397
280000 95000 149993 -6.90913
275000 100000 149994 -5.79038
280000 100000 149993 -6.92665
280000 90000 149995 -5.4162
285000 90000 149994 -6.3742
280000 95000 149993 -6.90913
285000 95000 149993 -6.97464
285000 90000 149994 -6.3742
290000 90000 149993 -7.21588
285000 95000 149993 -6.97464
290000 95000 149994 -6.16556
280000 95000 149993 -6.90913
285000 95000 149993 -6.97464
280000 100000 149993 -6.92665
285000 100000 149995 -4.99812
285000 95000 149993 -6.97464
290000 95000 149994 -6.16556
285000 100000 149995 -4.99812
290000 100000 149994 -5.74488
290000 90000 149993 -7.21588
295000 90000 149993 -7.3355
290000 95000 149994 -6.16556
295000 95000 149994 -6.05073
295000 90000 149993 -7.3355
300000 90000 149993 -7.39261
295000 95000 149994 -6.05073
300000 95000 149993 -7.42217
290000 95000 149994 -6.16556
295000 95000 149994 -6.05073
290000 100000 149994 -5.74488
295000 100000 149994 -6.09456
295000 95000 149994 -6.05073
300000 95000 149993 -7.42217
295000 100000 149994 -6.09456
300000 100000 149993 -7.39632
160000 100000 150000 -0.357165
165000 100000 149989 -11.0899
160000 105000 150002 1.96074
165000 105000 149994 -5.69167
165000 100000 149989 -11.0899
170000 100000 149978 -22.0812
165000 105000 149994 -5.69167
170000 105000 149986 -14.4851
160000 105000 150002 1.96074
165000 105000 149994 -5.69167
160000 110000 150006 5.80424
165000 110000 149996 -3.82713
165000 105000 149994 -5.69167
170000 105000 149986 -14.4851
165000 110000 149996 -3.82713
170000 110000 149993 -6.74481
170000 100000 149978 -22.0812
175000 100000 149984 -15.9017
170000 105000 149986 -14.4851
175000 105000 149990 -9.63198
175000 100000 149984 -15.9017
180000 100000 149999 -1.01725
175000 105000 149990 -9.63198
180000 105000 149998 -1.71595
170000 105000 149986 -14.4851
175000 105000 149990 -9.63198
170000 110000 149993 -6.74481
175000 110000 149996 -3.73099
175000 105000 149990 -9.63198
180000 105000 149998 -1.71595
175000 110000 149996 -3.73099
180000 110000 150001 0.691583
180000 100000 149999 -1.01725
185000 100000 150019 18.5914
180000 105000 149998 -1.71595
185000 105000 150013 13.3922
185000 100000 150019 18.5914
190000 100000 150022 21.874
185000 105000 150013 13.3922
190000 105000 150018 18.4494
180000 105000 149998 -1.71595
185000 105000 150013 13.3922
180000 110000 150001 0.691583
185000 110000 150008 8.26408
185000 105000 150013 13.3922
190000 105000 150018 18.4494
185000 110000 150008 8.26408
190000 110000 150014 14.0542
190000 100000 150022 21.874
195000 100000 150021 20.9112
190000 105000 150018 18.4494
195000 105000 150020 20.193
195000 100000 150021 20.9112
200000 100000 150019 18.9633
195000 105000 150020 20.193
200000 105000 150018 18.0412
190000 105000 150018 18.4494
195000 105000 150020 20.193
190000 110000 150014 14.0542
195000 110000 150015 15.34
195000 105000 150020 20.193
200000 105000 150018 18.0412
195000 110000 150015 15.34
200000 110000 150015 15.0386
200000 100000 150019 18.9633
205000 100000 150017 16.8178
200000 105000 150018 18.0412
205000 105000 150014 14.4757
205000 100000 150017 16.8178
210000 100000 150015 14.5913
205000 105000 150014 14.4757
210000 105000 150014 13.5099
200000 105000 150018 18.0412
205000 105000 150014 14.4757
200000 110000 150015 15.0386
205000 110000 150015 14.6324
205000 105000 150014 14.4757
210000 105000 150014 13.5099
205000 110000 150015 14.6324
210000 110000 150013 13.0989
210000 100000 150015 14.5913
215000 100000 150015 14.975
210000 105000 150014 13.5099
215000 105000 150013 13.0255
215000 100000 150015 14.975
220000 100000 150010 10.4293
215000 105000 150013 13.0255
220000 105000 150012 11.866
210000 105000 150014 13.5099
215000 105000 150013 13.0255
210000 110000 150013 13.0989
215000 110000 150012 11.5908
215000 105000 150013 13.0255
220000 105000 150012 11.866
215000 110000 150012 11.5908
220000 110000 150011 11.104
220000 100000 150010 10.4293
225000 100000 150009 8.60642
220000 105000 150012 11.866
225000 105000 150011 11.3244
225000 100000 150009 8.60642
230000 100000 150006 6.48325
225000 105000 150011 11.3244
230000 105000 150007 6.79345
220000 105000 150012 11.866
225000 105000 150011 11.3244
220000 110000 150011 11.104
225000 110000 150008 7.7686
225000 105000 150011 11.3244
230000 105000 150007 6.79345
225000 110000 150008 7.7686
230000 110000 150006 5.88962
230000 100000 150006 6.48325
235000 100000 150006 5.60538
230000 105000 150007 6.79345
235000 105000 150003 3.01712
235000 100000 150006 5.60538
240000 100000 150001 0.77729
235000 105000 150003 3.01712
240000 105000 150003 2.52528
230000 105000 150007 6.79345
235000 105000 150003 3.01712
230000 110000 150006 5.88962
235000 110000 150006 5.52671
235000 105000 150003 3.01712
240000 105000 150003 2.52528
235000 110000 150006 5.52671
240000 110000 150001 0.62808
240000 100000 150001 0.77729
245000 100000 149999 -0.602735
240000 105000 150003 2.52528
245000 105000 150002 1.88899
245000 100000 149999 -0.602735
250000 100000 150000 -0.132527
245000 105000 150002 1.88899
250000 105000 150000 0.00347602
240000 105000 150003 2.52528
245000 105000 150002 1.88899
240000 110000 150001 0.62808
245000 110000 150001 0.974809
245000 105000 150002 1.88899
250000 105000 150000 0.00347602
245000 110000 150001 0.974809
250000 110000 149999 -0.884892
250000 100000 150000 -0.132527
255000 100000 149998 -2.48597
250000 105000 150000 0.00347602
255000 105000 149999 -0.958277
255000 100000 149998 -2.48597
260000 100000 149996 -4.02567
255000 105000 149999 -0.958277
260000 105000 149999 -1.43101
250000 105000 150000 0.00347602
255000 105000 149999 -0.958277
250000 110000 149999 -0.884892
255000 110000 149998 -1.86253
255000 105000 149999 -0.958277
260000 105000 149999 -1.43101
255000 110000 149998 -1.86253
260000 110000 149998 -2.23424
260000 100000 149996 -4.02567
265000 100000 149997 -2.78301
260000 105000 149999 -1.43101
265000 105000 149997 -3.00951
265000 100000 149997 -2.78301
270000 100000 149996 -3.96842
265000 105000 149997 -3.00951
270000 105000 149994 -6.2011
260000 105000 149999 -1.43101
265000 105000 149997 -3.00951
260000 110000 149998 -2.23424
265000 110000 149997 -2.72297
265000 105000 149997 -3.00951
270000 105000 149994 -6.2011
265000 110000 149997 -2.72297
270000 110000 149994 -5.97474
270000 100000 149996 -3.96842
275000 100000 149994 -5.79038
270000 105000 149994 -6.2011
275000 105000 149995 -4.76294
275000 100000 149994 -5.79038
280000 100000 149993 -6.92665
275000 105000 149995 -4.76294
280000 105000 149993 -6.97276
270000 105000 149994 -6.2011
275000 105000 149995 -4.76294
270000 110000 149994 -5.97474
275000 110000 149994 -6.01088
275000 105000 149995 -4.76294
280000 105000 149993 -6.97276
275000 110000 149994 -6.01088
280000 110000 149995 -5.48058
280000 100000 149993 -6.92665
285000 100000 149995 -4.99812
280000 105000 149993 -6.97276
285000 105000 149993 -6.67172
285000 100000 149995 -4.99812
290000 100000 149994 -5.74488
285000 105000 149993 -6.67172
290000 105000 149994 -5.58327
280000 105000 149993 -6.97276
285000 105000 149993 -6.67172
280000 110000 149995 -5.48058
285000 110000 149994 -5.62272
285000 105000 149993 -6.67172
290000 105000 149994 -5.58327
285000 110000 149994 -5.62272
290000 110000 149994 -5.77833
290000 100000 149994 -5.74488
295000 100000 149994 -6.09456
290000 105000 149994 -5.58327
295000 105000 149995 -5.37
295000 100000 149994 -6.09456
300000 100000 149993 -7.39632
295000 105000 149995 -5.37
300000 105000 149993 -7.36213
290000 105000 149994 -5.58327
295000 105000 149995 -5.37
290000 110000 149994 -5.77833
295000 110000 149994 -6.49909
295000 105000 149995 -5.37
300000 105000 149993 -7.36213
295000 110000 149994 -6.49909
300000 110000 149994 -6.17852
160000 110000 150006 5.80424
165000 110000 149996 -3.82713
160000 115000 150000 -0.020663
165000 115000 149997 -2.8036
165000 110000 149996 -3.82713
170000 110000 149993 -6.74481
165000 115000 149997 -2.8036
170000 115000 149996 -4.27725
160000 115000 150000 -0.020663
165000 115000 149997 -2.8036
160000 120000 150006 6.19714
165000 120000 150003 2.73745
165000 115000 149997 -2.8036
170000 115000 149996 -4.27725
165000 120000 150003 2.73745
170000 120000 149998 -1.95976
170000 110000 149993 -6.74481
175000 110000 149996 -3.73099
170000 115000 149996 -4.27725
175000 115000 149998 -2.49654
175000 110000 149996 -3.73099
180000 110000 150001 0.691583
175000 115000 149998 -2.49654
180000 115000 150000 0.0278004
170000 115000 149996 -4.27725
175000 115000 149998 -2.49654
170000 120000 149998 -1.95976
175000 120000 150000 0.121587
175000 115000 149998 -2.49654
180000 115000 150000 0.0278004
175000 120000 150000 0.121587
180000 120000 150001 0.533869
180000 110000 150001 0.691583
185000 110000 150008 8.26408
180000 115000 150000 0.0278004
185000 115000 150005 5.38692
185000 110000 150008 8.26408
190000 110000 150014 14.0542
185000 115000 150005 5.38692
190000 115000 150014 14.3185
180000 115000 150000 0.0278004
185000 115000 150005 5.38692
180000 120000 150001 0.533869
185000 120000 150005 5.19182
185000 115000 150005 5.38692
190000 115000 150014 14.3185
185000 120000 150005 5.19182
190000 120000 150012 11.9974
190000 110000 150014 14.0542
195000 110000 150015 15.34
190000 115000 150014 14.3185
195000 115000 150013 12.9313
195000 110000 150015 15.34
200000 110000 150015 15.0386
195000 115000 150013 12.9313
200000 115000 150014 13.7191
190000 115000 150014 14.3185
195000 115000 150013 12.9313
190000 120000 150012 11.9974
195000 120000 150014 14.0702
195000 115000 150013 12.9313
200000 115000 150014 13.7191
195000 120000 150014 14.0702
200000 120000 150014 13.9945
200000 110000 150015 15.0386
205000 110000 150015 14.6324
200000 115000 150014 13.7191
205000 115000 150016 15.8719
205000 110000 150015 14.6324
210000 110000 150013 13.0989
205000 115000 150016 15.8719
210000 115000 150017 17.2375
200000 115000 150014 13.7191
205000 115000 150016 15.8719
200000 120000 150014 13.9945
205000 120000 150016 15.5768
205000 115000 150016 15.8719
210000 115000 150017 17.2375
205000 120000 150016 15.5768
210000 120000 150016 15.6052
210000 110000 150013 13.0989
215000 110000 150012 11.5908
210000 115000 150017 17.2375
215000 115000 150012 12.0969
215000 110000 150012 11.5908
220000 110000 150011 11.104
215000 115000 150012 12.0969
220000 115000 150013 12.5262
210000 115000 150017 17.2375
215000 115000 150012 12.0969
210000 120000 150016 15.6052
215000 120000 150014 13.9877
215000 115000 150012 12.0969
220000 115000 150013 12.5262
215000 120000 150014 13.9877
220000 120000 150011 10.6825
220000 110000 150011 11.104
225000 110000 150008 7.7686
220000 115000 150013 12.5262
225000 115000 150008 8.28452
225000 110000 150008 7.7686
230000 110000 150006 5.88962
225000 115000 150008 8.28452
230000 115000 150004 3.81922
220000 115000 150013 12.5262
225000 115000 150008 8.28452
220000 120000 150011 10.6825
225000 120000 150011 10.6571
225000 115000 150008 8.28452
230000 115000 150004 3.81922
225000 120000 150011 10.6571
230000 120000 150005 4.87563
230000 110000 150006 5.88962
235000 110000 150006 5.52671
230000 115000 150004 3.81922
235000 115000 150002 2.18898
235000 110000 150006 5.52671
240000 110000 150001 0.62808
235000 115000 150002 2.18898
240000 115000 150005 5.22252
230000 115000 150004 3.81922
235000 115000 150002 2.18898
230000 120000 150005 4.87563
235000 120000 150006 5.61476
235000 115000 150002 2.18898
240000 115000 150005 5.22252
235000 120000 150006 5.61476
240000 120000 150004 4.18637
240000 110000 150001 0.62808
245000 110000 150001 0.974809
240000 115000 150005 5.22252
245000 115000 150001 0.885121
245000 110000 150001 0.974809
250000 110000 149999 -0.884892
245000 115000 150001 0.885121
250000 115000 150001 0.559164
240000 115000 150005 5.22252
245000 115000 150001 0.885121
240000 120000 150004 4.18637
245000 120000 150001 1.05037
245000 115000 150001 0.885121
250000 115000 150001 0.559164
245000 120000 150001 1.05037
250000 120000 150002 1.65403
250000 110000 149999 -0.884892
255000 110000 149998 -1.86253
250000 115000 150001 0.559164
255000 115000 149997 -2.84339
255000 110000 149998 -1.86253
260000 110000 149998 -2.23424
255000 115000 149997 -2.84339
260000 115000 149997 -3.3174
250000 115000 150001 0.559164
255000 115000 149997 -2.84339
250000 120000 150002 1.65403
255000 120000 149997 -3.02799
255000 115000 149997 -2.84339
260000 115000 149997 -3.3174
255000 120000 149997 -3.02799
260000 120000 149999 -0.941328
260000 110000 149998 -2.23424
265000 110000 149997 -2.72297
260000 115000 149997 -3.3174
265000 115000 149995 -4.81875
265000 110000 149997 -2.72297
270000 110000 149994 -5.97474
265000 115000 149995 -4.81875
270000 115000 149997 -3.29606
260000 115000 149997 -3.3174
265000 115000 149995 -4.81875
260000 120000 149999 -0.941328
265000 120000 149995 -5.13673
265000 115000 149995 -4.81875
270000 115000 149997 -3.29606
265000 120000 149995 -5.13673
270000 120000 149995 -5.13337
270000 110000 149994 -5.97474
275000 110000 149994 -6.01088
270000 115000 149997 -3.29606
275000 115000 149995 -5.02621
275000 110000 149994 -6.01088
280000 110000 149995 -5.48058
275000 115000 149995 -5.02621
280000 115000 149994 -5.78201
270000 115000 149997 -3.29606
275000 115000 149995 -5.02621
270000 120000 149995 -5.13337
275000 120000 149994 -6.30338
275000 115000 149995 -5.02621
280000 115000 149994 -5.78201
275000 120000 149994 -6.30338
280000 120000 149995 -4.6725
280000 110000 149995 -5.48058
285000 110000 149994 -5.62272
280000 115000 149994 -5.78201
285000 115000 149993 -7.03062
285000 110000 149994 -5.62272
290000 110000 149994 -5.77833
285000 115000 149993 -7.03062
290000 115000 149993 -6.67292
280000 115000 149994 -5.78201
285000 115000 149993 -7.03062
280000 120000 149995 -4.6725
285000 120000 149993 -7.08033
285000 115000 149993 -7.03062
290000 115000 149993 -6.67292
285000 120000 149993 -7.08033
290000 120000 149993 -7.28004
290000 110000 149994 -5.77833
295000 110000 149994 -6.49909
290000 115000 149993 -6.67292
295000 115000 149993 -7.29239
295000 110000 149994 -6.49909
300000 110000 149994 -6.17852
295000 115000 149993 -7.29239
300000 115000 149995 -5.39795
290000 115000 149993 -6.67292
295000 115000 149993 -7.29239
290000 120000 149993 -7.28004
295000 120000 149993 -7.40258
295000 115000 149993 -7.29239
300000 115000 149995 -5.39795
295000 120000 149993 -7.40258
300000 120000 149994 -6.00776
