# x y z topography
0 0 150014 14.3377
5000 0 150015 14.876
0 5000 150014 14.2617
5000 5000 150015 14.9271
5000 0 150015 14.876
10000 0 150016 15.5792
5000 5000 150015 14.9271
10000 5000 150016 15.54
0 5000 150014 14.2617
5000 5000 150015 14.9271
0 10000 150015 14.7975
5000 10000 150015 15.238
5000 5000 150015 14.9271
10000 5000 150016 15.54
5000 10000 150015 15.238
10000 10000 150016 15.6457
10000 0 150016 15.5792
15000 0 150015 15.4601
10000 5000 150016 15.54
15000 5000 150016 15.7713
15000 0 150015 15.4601
20000 0 150015 15.2093
15000 5000 150016 15.7713
20000 5000 150015 15.1907
10000 5000 150016 15.54
15000 5000 150016 15.7713
10000 10000 150016 15.6457
15000 10000 150015 15.4466
15000 5000 150016 15.7713
20000 5000 150015 15.1907
15000 10000 150015 15.4466
20000 10000 150015 15.1256
20000 0 150015 15.2093
25000 0 150015 14.9727
20000 5000 150015 15.1907
25000 5000 150015 14.9589
25000 0 150015 14.9727
30000 0 150015 14.8622
25000 5000 150015 14.9589
30000 5000 150015 14.9371
20000 5000 150015 15.1907
25000 5000 150015 14.9589
20000 10000 150015 15.1256
25000 10000 150015 14.8646
25000 5000 150015 14.9589
30000 5000 150015 14.9371
25000 10000 150015 14.8646
30000 10000 150015 14.9919
30000 0 150015 14.8622
35000 0 150015 15.4051
30000 5000 150015 14.9371
35000 5000 150015 14.9888
35000 0 150015 15.4051
40000 0 150015 15.1878
35000 5000 150015 14.9888
40000 5000 150015 15.1415
30000 5000 150015 14.9371
35000 5000 150015 14.9888
30000 10000 150015 14.9919
35000 10000 150015 15.0011
35000 5000 150015 14.9888
40000 5000 150015 15.1415
35000 10000 150015 15.0011
40000 10000 150015 15.1118
40000 0 150015 15.1878
45000 0 150015 15.3073
40000 5000 150015 15.1415
45000 5000 150015 15.1471
45000 0 150015 15.3073
50000 0 150017 16.8558
45000 5000 150015 15.1471
50000 5000 150016 16.3064
40000 5000 150015 15.1415
45000 5000 150015 15.1471
40000 10000 150015 15.1118
45000 10000 150015 15.131
45000 5000 150015 15.1471
50000 5000 150016 16.3064
45000 10000 150015 15.131
50000 10000 150015 15.131
50000 0 150017 16.8558
55000 0 150020 19.741
50000 5000 150016 16.3064
55000 5000 150017 17.4549
55000 0 150020 19.741
60000 0 150023 22.9912
55000 5000 150017 17.4549
60000 5000 150021 20.6015
50000 5000 150016 16.3064
55000 5000 150017 17.4549
50000 10000 150015 15.131
55000 10000 150016 15.5567
55000 5000 150017 17.4549
60000 5000 150021 20.6015
55000 10000 150016 15.5567
60000 10000 150017 16.7533
60000 0 150023 22.9912
65000 0 150026 25.8772
60000 5000 150021 20.6015
65000 5000 150025 25.3937
65000 0 150026 25.8772
70000 0 150029 29.4349
65000 5000 150025 25.3937
70000 5000 150029 28.8469
60000 5000 150021 20.6015
65000 5000 150025 25.3937
60000 10000 150017 16.7533
65000 10000 150019 18.8589
65000 5000 150025 25.3937
70000 5000 150029 28.8469
65000 10000 150019 18.8589
70000 10000 150023 22.7263
70000 0 150029 29.4349
75000 0 150033 32.8485
70000 5000 150029 28.8469
75000 5000 150031 31.2858
75000 0 150033 32.8485
80000 0 150037 37.1015
75000 5000 150031 31.2858
80000 5000 150036 36.1658
70000 5000 150029 28.8469
75000 5000 150031 31.2858
70000 10000 150023 22.7263
75000 10000 150030 30.3701
75000 5000 150031 31.2858
80000 5000 150036 36.1658
75000 10000 150030 30.3701
80000 10000 150033 33.3337
0 10000 150015 14.7975
5000 10000 150015 15.238
0 15000 150015 14.7812
5000 15000 150015 15.2982
5000 10000 150015 15.238
10000 10000 150016 15.6457
5000 15000 150015 15.2982
10000 15000 150015 15.4569
0 15000 150015 14.7812
5000 15000 150015 15.2982
0 20000 150015 14.9334
5000 20000 150015 15.2198
5000 15000 150015 15.2982
10000 15000 150015 15.4569
5000 20000 150015 15.2198
10000 20000 150015 15.2717
10000 10000 150016 15.6457
15000 10000 150015 15.4466
10000 15000 150015 15.4569
15000 15000 150015 15.2107
15000 10000 150015 15.4466
20000 10000 150015 15.1256
15000 15000 150015 15.2107
20000 15000 150015 15.0089
10000 15000 150015 15.4569
15000 15000 150015 15.2107
10000 20000 150015 15.2717
15000 20000 150015 15.1733
15000 15000 150015 15.2107
20000 15000 150015 15.0089
15000 20000 150015 15.1733
20000 20000 150015 14.9325
20000 10000 150015 15.1256
25000 10000 150015 14.8646
20000 15000 150015 15.0089
25000 15000 150015 14.7645
25000 10000 150015 14.8646
30000 10000 150015 14.9919
25000 15000 150015 14.7645
30000 15000 150015 14.7716
20000 15000 150015 15.0089
25000 15000 150015 14.7645
20000 20000 150015 14.9325
25000 20000 150015 14.6661
25000 15000 150015 14.7645
30000 15000 150015 14.7716
25000 20000 150015 14.6661
30000 20000 150015 14.6453
30000 10000 150015 14.9919
35000 10000 150015 15.0011
30000 15000 150015 14.7716
35000 15000 150015 15.4051
35000 10000 150015 15.0011
40000 10000 150015 15.1118
35000 15000 150015 15.4051
40000 15000 150015 15.2113
30000 15000 150015 14.7716
35000 15000 150015 15.4051
30000 20000 150015 14.6453
35000 20000 150015 14.8632
35000 15000 150015 15.4051
40000 15000 150015 15.2113
35000 20000 150015 14.8632
40000 20000 150015 15.4457
40000 10000 150015 15.1118
45000 10000 150015 15.131
40000 15000 150015 15.2113
45000 15000 150015 15.1628
45000 10000 150015 15.131
50000 10000 150015 15.131
45000 15000 150015 15.1628
50000 15000 150016 16.4591
40000 15000 150015 15.2113
45000 15000 150015 15.1628
40000 20000 150015 15.4457
45000 20000 150015 15.1628
45000 15000 150015 15.1628
50000 15000 150016 16.4591
45000 20000 150015 15.1628
50000 20000 150015 15.1628
50000 10000 150015 15.131
55000 10000 150016 15.5567
50000 15000 150016 16.4591
55000 15000 150018 17.691
55000 10000 150016 15.5567
60000 10000 150017 16.7533
55000 15000 150018 17.691
60000 15000 150021 20.6619
50000 15000 150016 16.4591
55000 15000 150018 17.691
50000 20000 150015 15.1628
55000 20000 150015 15.2359
55000 15000 150018 17.691
60000 15000 150021 20.6619
55000 20000 150015 15.2359
60000 20000 150018 17.9329
60000 10000 150017 16.7533
65000 10000 150019 18.8589
60000 15000 150021 20.6619
65000 15000 150023 23.1456
65000 10000 150019 18.8589
70000 10000 150023 22.7263
65000 15000 150023 23.1456
70000 15000 150023 22.8006
60000 15000 150021 20.6619
65000 15000 150023 23.1456
60000 20000 150018 17.9329
65000 20000 150023 23.2697
65000 15000 150023 23.1456
70000 15000 150023 22.8006
65000 20000 150023 23.2697
70000 20000 150028 27.8392
70000 10000 150023 22.7263
75000 10000 150030 30.3701
70000 15000 150023 22.8006
75000 15000 150030 30.1287
75000 10000 150030 30.3701
80000 10000 150033 33.3337
75000 15000 150030 30.1287
80000 15000 150033 33.3616
70000 15000 150023 22.8006
75000 15000 150030 30.1287
70000 20000 150028 27.8392
75000 20000 150031 31.3995
75000 15000 150030 30.1287
80000 15000 150033 33.3616
75000 20000 150031 31.3995
80000 20000 150036 36.2967
0 20000 150015 14.9334
5000 20000 150015 15.2198
0 25000 150015 14.8212
5000 25000 150015 15.1939
5000 20000 150015 15.2198
10000 20000 150015 15.2717
5000 25000 150015 15.1939
10000 25000 150015 15.4408
0 25000 150015 14.8212
5000 25000 150015 15.1939
0 30000 150015 15.0583
5000 30000 150015 15.0887
5000 25000 150015 15.1939
10000 25000 150015 15.4408
5000 30000 150015 15.0887
10000 30000 150015 14.9912
10000 20000 150015 15.2717
15000 20000 150015 15.1733
10000 25000 150015 15.4408
15000 25000 150015 15.0534
15000 20000 150015 15.1733
20000 20000 150015 14.9325
15000 25000 150015 15.0534
20000 25000 150015 14.6792
10000 25000 150015 15.4408
15000 25000 150015 15.0534
10000 30000 150015 14.9912
15000 30000 150015 14.8046
15000 25000 150015 15.0534
20000 25000 150015 14.6792
15000 30000 150015 14.8046
20000 30000 150015 14.7258
20000 20000 150015 14.9325
25000 20000 150015 14.6661
20000 25000 150015 14.6792
25000 25000 150015 14.5702
25000 20000 150015 14.6661
30000 20000 150015 14.6453
25000 25000 150015 14.5702
30000 25000 150015 14.5353
20000 25000 150015 14.6792
25000 25000 150015 14.5702
20000 30000 150015 14.7258
25000 30000 150015 14.5298
25000 25000 150015 14.5702
30000 25000 150015 14.5353
25000 30000 150015 14.5298
30000 30000 150014 14.2619
30000 20000 150015 14.6453
35000 20000 150015 14.8632
30000 25000 150015 14.5353
35000 25000 150015 14.6899
35000 20000 150015 14.8632
40000 20000 150015 15.4457
35000 25000 150015 14.6899
40000 25000 150015 15.2999
30000 25000 150015 14.5353
35000 25000 150015 14.6899
30000 30000 150014 14.2619
35000 30000 150014 14.3592
35000 25000 150015 14.6899
40000 25000 150015 15.2999
35000 30000 150014 14.3592
40000 30000 150015 15.0978
40000 20000 150015 15.4457
45000 20000 150015 15.1628
40000 25000 150015 15.2999
45000 25000 150016 16.0142
45000 20000 150015 15.1628
50000 20000 150015 15.1628
45000 25000 150016 16.0142
50000 25000 150016 16.4745
40000 25000 150015 15.2999
45000 25000 150016 16.0142
40000 30000 150015 15.0978
45000 30000 150016 15.5112
45000 25000 150016 16.0142
50000 25000 150016 16.4745
45000 30000 150016 15.5112
50000 30000 150017 16.6878
50000 20000 150015 15.1628
55000 20000 150015 15.2359
50000 25000 150016 16.4745
55000 25000 150018 17.6705
55000 20000 150015 15.2359
60000 20000 150018 17.9329
55000 25000 150018 17.6705
60000 25000 150019 18.9629
50000 25000 150016 16.4745
55000 25000 150018 17.6705
50000 30000 150017 16.6878
55000 30000 150018 17.8561
55000 25000 150018 17.6705
60000 25000 150019 18.9629
55000 30000 150018 17.8561
60000 30000 150020 19.7476
60000 20000 150018 17.9329
65000 20000 150023 23.2697
60000 25000 150019 18.9629
65000 25000 150021 21.4155
65000 20000 150023 23.2697
70000 20000 150028 27.8392
65000 25000 150021 21.4155
70000 25000 150023 23.4999
60000 25000 150019 18.9629
65000 25000 150021 21.4155
60000 30000 150020 19.7476
65000 30000 150020 19.6125
65000 25000 150021 21.4155
70000 25000 150023 23.4999
65000 30000 150020 19.6125
70000 30000 150023 23.3047
70000 20000 150028 27.8392
75000 20000 150031 31.3995
70000 25000 150023 23.4999
75000 25000 150028 28.3321
75000 20000 150031 31.3995
80000 20000 150036 36.2967
75000 25000 150028 28.3321
80000 25000 150034 34.2487
70000 25000 150023 23.4999
75000 25000 150028 28.3321
70000 30000 150023 23.3047
75000 30000 150028 27.969
75000 25000 150028 28.3321
80000 25000 150034 34.2487
75000 30000 150028 27.969
80000 30000 150032 32.057
0 30000 150015 15.0583
5000 30000 150015 15.0887
0 35000 150015 15.0369
5000 35000 150015 14.8733
5000 30000 150015 15.0887
10000 30000 150015 14.9912
5000 35000 150015 14.8733
10000 35000 150015 14.7554
0 35000 150015 15.0369
5000 35000 150015 14.8733
0 40000 150015 14.7509
5000 40000 150015 14.5579
5000 35000 150015 14.8733
10000 35000 150015 14.7554
5000 40000 150015 14.5579
10000 40000 150015 14.6862
10000 30000 150015 14.9912
15000 30000 150015 14.8046
10000 35000 150015 14.7554
15000 35000 150015 14.6124
15000 30000 150015 14.8046
20000 30000 150015 14.7258
15000 35000 150015 14.6124
20000 35000 150014 14.445
10000 35000 150015 14.7554
15000 35000 150015 14.6124
10000 40000 150015 14.6862
15000 40000 150014 14.3416
15000 35000 150015 14.6124
20000 35000 150014 14.445
15000 40000 150014 14.3416
20000 40000 150014 14.3121
20000 30000 150015 14.7258
25000 30000 150015 14.5298
20000 35000 150014 14.445
25000 35000 150014 14.4594
25000 30000 150015 14.5298
30000 30000 150014 14.2619
25000 35000 150014 14.4594
30000 35000 150014 14.0549
20000 35000 150014 14.445
25000 35000 150014 14.4594
20000 40000 150014 14.3121
25000 40000 150014 14.0397
25000 35000 150014 14.4594
30000 35000 150014 14.0549
25000 40000 150014 14.0397
30000 40000 150014 13.9526
30000 30000 150014 14.2619
35000 30000 150014 14.3592
30000 35000 150014 14.0549
35000 35000 150014 13.9327
35000 30000 150014 14.3592
40000 30000 150015 15.0978
35000 35000 150014 13.9327
40000 35000 150015 14.5156
30000 35000 150014 14.0549
35000 35000 150014 13.9327
30000 40000 150014 13.9526
35000 40000 150014 13.7761
35000 35000 150014 13.9327
40000 35000 150015 14.5156
35000 40000 150014 13.7761
40000 40000 150014 14.2858
40000 30000 150015 15.0978
45000 30000 150016 15.5112
40000 35000 150015 14.5156
45000 35000 150016 15.5328
45000 30000 150016 15.5112
50000 30000 150017 16.6878
45000 35000 150016 15.5328
50000 35000 150015 15.4715
40000 35000 150015 14.5156
45000 35000 150016 15.5328
40000 40000 150014 14.2858
45000 40000 150015 14.5766
45000 35000 150016 15.5328
50000 35000 150015 15.4715
45000 40000 150015 14.5766
50000 40000 150015 15.2681
50000 30000 150017 16.6878
55000 30000 150018 17.8561
50000 35000 150015 15.4715
55000 35000 150017 16.6305
55000 30000 150018 17.8561
60000 30000 150020 19.7476
55000 35000 150017 16.6305
60000 35000 150019 18.8691
50000 35000 150015 15.4715
55000 35000 150017 16.6305
50000 40000 150015 15.2681
55000 40000 150016 16.0847
55000 35000 150017 16.6305
60000 35000 150019 18.8691
55000 40000 150016 16.0847
60000 40000 150018 17.9365
60000 30000 150020 19.7476
65000 30000 150020 19.6125
60000 35000 150019 18.8691
65000 35000 150022 22.2443
65000 30000 150020 19.6125
70000 30000 150023 23.3047
65000 35000 150022 22.2443
70000 35000 150022 22.2798
60000 35000 150019 18.8691
65000 35000 150022 22.2443
60000 40000 150018 17.9365
65000 40000 150020 20.1646
65000 35000 150022 22.2443
70000 35000 150022 22.2798
65000 40000 150020 20.1646
70000 40000 150023 23.0607
70000 30000 150023 23.3047
75000 30000 150028 27.969
70000 35000 150022 22.2798
75000 35000 150027 26.8416
75000 30000 150028 27.969
80000 30000 150032 32.057
75000 35000 150027 26.8416
80000 35000 150033 32.7714
70000 35000 150022 22.2798
75000 35000 150027 26.8416
70000 40000 150023 23.0607
75000 40000 150027 27.4341
75000 35000 150027 26.8416
80000 35000 150033 32.7714
75000 40000 150027 27.4341
80000 40000 150027 27.4056
0 40000 150015 14.7509
5000 40000 150015 14.5579
0 45000 150014 14.2252
5000 45000 150015 14.6246
5000 40000 150015 14.5579
10000 40000 150015 14.6862
5000 45000 150015 14.6246
10000 45000 150014 14.2563
0 45000 150014 14.2252
5000 45000 150015 14.6246
0 50000 150014 14.1204
5000 50000 150014 14.1156
5000 45000 150015 14.6246
10000 45000 150014 14.2563
5000 50000 150014 14.1156
10000 50000 150014 13.9323
10000 40000 150015 14.6862
15000 40000 150014 14.3416
10000 45000 150014 14.2563
15000 45000 150014 14.0362
15000 40000 150014 14.3416
20000 40000 150014 14.3121
15000 45000 150014 14.0362
20000 45000 150014 13.8229
10000 45000 150014 14.2563
15000 45000 150014 14.0362
10000 50000 150014 13.9323
15000 50000 150014 13.8862
15000 45000 150014 14.0362
20000 45000 150014 13.8229
15000 50000 150014 13.8862
20000 50000 150014 13.7392
20000 40000 150014 14.3121
25000 40000 150014 14.0397
20000 45000 150014 13.8229
25000 45000 150014 14.1461
25000 40000 150014 14.0397
30000 40000 150014 13.9526
25000 45000 150014 14.1461
30000 45000 150014 13.9096
20000 45000 150014 13.8229
25000 45000 150014 14.1461
20000 50000 150014 13.7392
25000 50000 150014 13.7339
25000 45000 150014 14.1461
30000 45000 150014 13.9096
25000 50000 150014 13.7339
30000 50000 150014 13.6333
30000 40000 150014 13.9526
35000 40000 150014 13.7761
30000 45000 150014 13.9096
35000 45000 150014 13.6458
35000 40000 150014 13.7761
40000 40000 150014 14.2858
35000 45000 150014 13.6458
40000 45000 150014 13.5236
30000 45000 150014 13.9096
35000 45000 150014 13.6458
30000 50000 150014 13.6333
35000 50000 150014 13.6179
35000 45000 150014 13.6458
40000 45000 150014 13.5236
35000 50000 150014 13.6179
40000 50000 150014 13.9411
40000 40000 150014 14.2858
45000 40000 150015 14.5766
40000 45000 150014 13.5236
45000 45000 150014 14.2182
45000 40000 150015 14.5766
50000 40000 150015 15.2681
45000 45000 150014 14.2182
50000 45000 150015 14.694
40000 45000 150014 13.5236
45000 45000 150014 14.2182
40000 50000 150014 13.9411
45000 50000 150015 15.2009
45000 45000 150014 14.2182
50000 45000 150015 14.694
45000 50000 150015 15.2009
50000 50000 150016 15.5308
50000 40000 150015 15.2681
55000 40000 150016 16.0847
50000 45000 150015 14.694
55000 45000 150017 16.6203
55000 40000 150016 16.0847
60000 40000 150018 17.9365
55000 45000 150017 16.6203
60000 45000 150017 16.8554
50000 45000 150015 14.694
55000 45000 150017 16.6203
50000 50000 150016 15.5308
55000 50000 150016 16.1815
55000 45000 150017 16.6203
60000 45000 150017 16.8554
55000 50000 150016 16.1815
60000 50000 150018 17.9051
60000 40000 150018 17.9365
65000 40000 150020 20.1646
60000 45000 150017 16.8554
65000 45000 150020 19.7024
65000 40000 150020 20.1646
70000 40000 150023 23.0607
65000 45000 150020 19.7024
70000 45000 150023 23.4585
60000 45000 150017 16.8554
65000 45000 150020 19.7024
60000 50000 150018 17.9051
65000 50000 150021 20.6157
65000 45000 150020 19.7024
70000 45000 150023 23.4585
65000 50000 150021 20.6157
70000 50000 150022 22.0529
70000 40000 150023 23.0607
75000 40000 150027 27.4341
70000 45000 150023 23.4585
75000 45000 150026 26.343
75000 40000 150027 27.4341
80000 40000 150027 27.4056
75000 45000 150026 26.343
80000 45000 150030 29.8577
70000 45000 150023 23.4585
75000 45000 150026 26.343
70000 50000 150022 22.0529
75000 50000 150023 23.4876
75000 45000 150026 26.343
80000 45000 150030 29.8577
75000 50000 150023 23.4876
80000 50000 150027 27.2067
0 50000 150014 14.1204
5000 50000 150014 14.1156
0 55000 150014 14.1601
5000 55000 150014 14.0758
5000 50000 150014 14.1156
10000 50000 150014 13.9323
5000 55000 150014 14.0758
10000 55000 150014 13.8256
0 55000 150014 14.1601
5000 55000 150014 14.0758
0 60000 150014 14.2981
5000 60000 150015 14.9485
5000 55000 150014 14.0758
10000 55000 150014 13.8256
5000 60000 150015 14.9485
10000 60000 150014 14.4933
10000 50000 150014 13.9323
15000 50000 150014 13.8862
10000 55000 150014 13.8256
15000 55000 150013 13.4645
15000 50000 150014 13.8862
20000 50000 150014 13.7392
15000 55000 150013 13.4645
20000 55000 150013 13.1949
10000 55000 150014 13.8256
15000 55000 150013 13.4645
10000 60000 150014 14.4933
15000 60000 150014 13.6195
15000 55000 150013 13.4645
20000 55000 150013 13.1949
15000 60000 150014 13.6195
20000 60000 150013 13.1033
20000 50000 150014 13.7392
25000 50000 150014 13.7339
20000 55000 150013 13.1949
25000 55000 150013 13.1033
25000 50000 150014 13.7339
30000 50000 150014 13.6333
25000 55000 150013 13.1033
30000 55000 150013 13.0959
20000 55000 150013 13.1949
25000 55000 150013 13.1033
20000 60000 150013 13.1033
25000 60000 150013 12.6447
25000 55000 150013 13.1033
30000 55000 150013 13.0959
25000 60000 150013 12.6447
30000 60000 150013 12.5319
30000 50000 150014 13.6333
35000 50000 150014 13.6179
30000 55000 150013 13.0959
35000 55000 150013 13.4614
35000 50000 150014 13.6179
40000 50000 150014 13.9411
35000 55000 150013 13.4614
40000 55000 150014 13.7492
30000 55000 150013 13.0959
35000 55000 150013 13.4614
30000 60000 150013 12.5319
35000 60000 150013 12.5448
35000 55000 150013 13.4614
40000 55000 150014 13.7492
35000 60000 150013 12.5448
40000 60000 150013 12.585
40000 50000 150014 13.9411
45000 50000 150015 15.2009
40000 55000 150014 13.7492
45000 55000 150014 14.1856
45000 50000 150015 15.2009
50000 50000 150016 15.5308
45000 55000 150014 14.1856
50000 55000 150014 14.4387
40000 55000 150014 13.7492
45000 55000 150014 14.1856
40000 60000 150013 12.585
45000 60000 150013 13.071
45000 55000 150014 14.1856
50000 55000 150014 14.4387
45000 60000 150013 13.071
50000 60000 150013 13.1639
50000 50000 150016 15.5308
55000 50000 150016 16.1815
50000 55000 150014 14.4387
55000 55000 150015 15.2206
55000 50000 150016 16.1815
60000 50000 150018 17.9051
55000 55000 150015 15.2206
60000 55000 150018 17.5006
50000 55000 150014 14.4387
55000 55000 150015 15.2206
50000 60000 150013 13.1639
55000 60000 150015 14.7968
55000 55000 150015 15.2206
60000 55000 150018 17.5006
55000 60000 150015 14.7968
60000 60000 150015 15.4773
60000 50000 150018 17.9051
65000 50000 150021 20.6157
60000 55000 150018 17.5006
65000 55000 150018 18.4206
65000 50000 150021 20.6157
70000 50000 150022 22.0529
65000 55000 150018 18.4206
70000 55000 150018 17.7801
60000 55000 150018 17.5006
65000 55000 150018 18.4206
60000 60000 150015 15.4773
65000 60000 150015 15.3453
65000 55000 150018 18.4206
70000 55000 150018 17.7801
65000 60000 150015 15.3453
70000 60000 150019 18.9572
70000 50000 150022 22.0529
75000 50000 150023 23.4876
70000 55000 150018 17.7801
75000 55000 150023 23.3198
75000 50000 150023 23.4876
80000 50000 150027 27.2067
75000 55000 150023 23.3198
80000 55000 150024 24.0617
70000 55000 150018 17.7801
75000 55000 150023 23.3198
70000 60000 150019 18.9572
75000 60000 150022 21.97
75000 55000 150023 23.3198
80000 55000 150024 24.0617
75000 60000 150022 21.97
80000 60000 150025 24.9665
0 60000 150014 14.2981
5000 60000 150015 14.9485
0 65000 150014 14.2594
5000 65000 150014 14.3806
5000 60000 150015 14.9485
10000 60000 150014 14.4933
5000 65000 150014 14.3806
10000 65000 150014 13.8338
0 65000 150014 14.2594
5000 65000 150014 14.3806
0 70000 150014 13.9287
5000 70000 150014 14.0849
5000 65000 150014 14.3806
10000 65000 150014 13.8338
5000 70000 150014 14.0849
10000 70000 150014 13.5394
10000 60000 150014 14.4933
15000 60000 150014 13.6195
10000 65000 150014 13.8338
15000 65000 150013 13.3183
15000 60000 150014 13.6195
20000 60000 150013 13.1033
15000 65000 150013 13.3183
20000 65000 150013 12.8415
10000 65000 150014 13.8338
15000 65000 150013 13.3183
10000 70000 150014 13.5394
15000 70000 150013 13.0087
15000 65000 150013 13.3183
20000 65000 150013 12.8415
15000 70000 150013 13.0087
20000 70000 150013 12.8368
20000 60000 150013 13.1033
25000 60000 150013 12.6447
20000 65000 150013 12.8415
25000 65000 150012 12.4196
25000 60000 150013 12.6447
30000 60000 150013 12.5319
25000 65000 150012 12.4196
30000 65000 150012 12.2532
20000 65000 150013 12.8415
25000 65000 150012 12.4196
20000 70000 150013 12.8368
25000 70000 150012 12.2344
25000 65000 150012 12.4196
30000 65000 150012 12.2532
25000 70000 150012 12.2344
30000 70000 150012 12.0852
30000 60000 150013 12.5319
35000 60000 150013 12.5448
30000 65000 150012 12.2532
35000 65000 150012 12.2862
35000 60000 150013 12.5448
40000 60000 150013 12.585
35000 65000 150012 12.2862
40000 65000 150012 12.354
30000 65000 150012 12.2532
35000 65000 150012 12.2862
30000 70000 150012 12.0852
35000 70000 150012 12.2294
35000 65000 150012 12.2862
40000 65000 150012 12.354
35000 70000 150012 12.2294
40000 70000 150013 12.6641
40000 60000 150013 12.585
45000 60000 150013 13.071
40000 65000 150012 12.354
45000 65000 150013 12.5107
45000 60000 150013 13.071
50000 60000 150013 13.1639
45000 65000 150013 12.5107
50000 65000 150013 13.0664
40000 65000 150012 12.354
45000 65000 150013 12.5107
40000 70000 150013 12.6641
45000 70000 150013 12.7398
45000 65000 150013 12.5107
50000 65000 150013 13.0664
45000 70000 150013 12.7398
50000 70000 150013 12.9171
50000 60000 150013 13.1639
55000 60000 150015 14.7968
50000 65000 150013 13.0664
55000 65000 150014 14.2532
55000 60000 150015 14.7968
60000 60000 150015 15.4773
55000 65000 150014 14.2532
60000 65000 150015 15.209
50000 65000 150013 13.0664
55000 65000 150014 14.2532
50000 70000 150013 12.9171
55000 70000 150014 13.5942
55000 65000 150014 14.2532
60000 65000 150015 15.209
55000 70000 150014 13.5942
60000 70000 150016 16.0393
60000 60000 150015 15.4773
65000 60000 150015 15.3453
60000 65000 150015 15.209
65000 65000 150016 16.2958
65000 60000 150015 15.3453
70000 60000 150019 18.9572
65000 65000 150016 16.2958
70000 65000 150017 16.7122
60000 65000 150015 15.209
65000 65000 150016 16.2958
60000 70000 150016 16.0393
65000 70000 150018 17.5836
65000 65000 150016 16.2958
70000 65000 150017 16.7122
65000 70000 150018 17.5836
70000 70000 150019 19.0189
70000 60000 150019 18.9572
75000 60000 150022 21.97
70000 65000 150017 16.7122
75000 65000 150020 19.707
75000 60000 150022 21.97
80000 60000 150025 24.9665
75000 65000 150020 19.707
80000 65000 150023 23.1812
70000 65000 150017 16.7122
75000 65000 150020 19.707
70000 70000 150019 19.0189
75000 70000 150021 21.048
75000 65000 150020 19.707
80000 65000 150023 23.1812
75000 70000 150021 21.048
80000 70000 150024 23.5219
0 70000 150014 13.9287
5000 70000 150014 14.0849
0 75000 150013 13.3638
5000 75000 150013 13.3586
5000 70000 150014 14.0849
10000 70000 150014 13.5394
5000 75000 150013 13.3586
10000 75000 150013 13.1856
0 75000 150013 13.3638
5000 75000 150013 13.3586
0 80000 150013 13.2654
5000 80000 150013 12.9825
5000 75000 150013 13.3586
10000 75000 150013 13.1856
5000 80000 150013 12.9825
10000 80000 150012 12.4608
10000 70000 150014 13.5394
15000 70000 150013 13.0087
10000 75000 150013 13.1856
15000 75000 150013 12.6643
15000 70000 150013 13.0087
20000 70000 150013 12.8368
15000 75000 150013 12.6643
20000 75000 150012 12.3508
10000 75000 150013 13.1856
15000 75000 150013 12.6643
10000 80000 150012 12.4608
15000 80000 150013 12.6475
15000 75000 150013 12.6643
20000 75000 150012 12.3508
15000 80000 150013 12.6475
20000 80000 150012 12.3479
20000 70000 150013 12.8368
25000 70000 150012 12.2344
20000 75000 150012 12.3508
25000 75000 150012 12.1156
25000 70000 150012 12.2344
30000 70000 150012 12.0852
25000 75000 150012 12.1156
30000 75000 150012 12.064
20000 75000 150012 12.3508
25000 75000 150012 12.1156
20000 80000 150012 12.3479
25000 80000 150012 12.0742
25000 75000 150012 12.1156
30000 75000 150012 12.064
25000 80000 150012 12.0742
30000 80000 150012 12.0309
30000 70000 150012 12.0852
35000 70000 150012 12.2294
30000 75000 150012 12.064
35000 75000 150012 12.3176
35000 70000 150012 12.2294
40000 70000 150013 12.6641
35000 75000 150012 12.3176
40000 75000 150012 12.1931
30000 75000 150012 12.064
35000 75000 150012 12.3176
30000 80000 150012 12.0309
35000 80000 150012 11.9926
35000 75000 150012 12.3176
40000 75000 150012 12.1931
35000 80000 150012 11.9926
40000 80000 150012 12.149
40000 70000 150013 12.6641
45000 70000 150013 12.7398
40000 75000 150012 12.1931
45000 75000 150012 12.2064
45000 70000 150013 12.7398
50000 70000 150013 12.9171
45000 75000 150012 12.2064
50000 75000 150012 12.2097
40000 75000 150012 12.1931
45000 75000 150012 12.2064
40000 80000 150012 12.149
45000 80000 150012 11.8678
45000 75000 150012 12.2064
50000 75000 150012 12.2097
45000 80000 150012 11.8678
50000 80000 150012 11.752
50000 70000 150013 12.9171
55000 70000 150014 13.5942
50000 75000 150012 12.2097
55000 75000 150013 12.9965
55000 70000 150014 13.5942
60000 70000 150016 16.0393
55000 75000 150013 12.9965
60000 75000 150014 14.2227
50000 75000 150012 12.2097
55000 75000 150013 12.9965
50000 80000 150012 11.752
55000 80000 150012 12.4116
55000 75000 150013 12.9965
60000 75000 150014 14.2227
55000 80000 150012 12.4116
60000 80000 150013 12.503
60000 70000 150016 16.0393
65000 70000 150018 17.5836
60000 75000 150014 14.2227
65000 75000 150015 15.1775
65000 70000 150018 17.5836
70000 70000 150019 19.0189
65000 75000 150015 15.1775
70000 75000 150017 16.6486
60000 75000 150014 14.2227
65000 75000 150015 15.1775
60000 80000 150013 12.503
65000 80000 150012 12.3302
65000 75000 150015 15.1775
70000 75000 150017 16.6486
65000 80000 150012 12.3302
70000 80000 150014 13.9727
70000 70000 150019 19.0189
75000 70000 150021 21.048
70000 75000 150017 16.6486
75000 75000 150017 17.3513
75000 70000 150021 21.048
80000 70000 150024 23.5219
75000 75000 150017 17.3513
80000 75000 150018 18.4736
70000 75000 150017 16.6486
75000 75000 150017 17.3513
70000 80000 150014 13.9727
75000 80000 150016 16.4048
75000 75000 150017 17.3513
80000 75000 150018 18.4736
75000 80000 150016 16.4048
80000 80000 150022 22.2261
80000 0 150037 37.1015
85000 0 150039 39.1131
80000 5000 150036 36.1658
85000 5000 150039 39.2574
85000 0 150039 39.1131
90000 0 150040 39.8316
85000 5000 150039 39.2574
90000 5000 150040 40.4228
80000 5000 150036 36.1658
85000 5000 150039 39.2574
80000 10000 150033 33.3337
85000 10000 150037 36.8243
85000 5000 150039 39.2574
90000 5000 150040 40.4228
85000 10000 150037 36.8243
90000 10000 150039 38.585
90000 0 150040 39.8316
95000 0 150037 37.1249
90000 5000 150040 40.4228
95000 5000 150038 37.5836
95000 0 150037 37.1249
100000 0 150030 30.3544
95000 5000 150038 37.5836
100000 5000 150030 29.8603
90000 5000 150040 40.4228
95000 5000 150038 37.5836
90000 10000 150039 38.585
95000 10000 150038 37.8071
95000 5000 150038 37.5836
100000 5000 150030 29.8603
95000 10000 150038 37.8071
100000 10000 150030 30.3717
100000 0 150030 30.3544
105000 0 150018 17.8108
100000 5000 150030 29.8603
105000 5000 150011 10.8138
105000 0 150018 17.8108
110000 0 150000 -0.403895
105000 5000 150011 10.8138
110000 5000 149987 -12.9308
100000 5000 150030 29.8603
105000 5000 150011 10.8138
100000 10000 150030 30.3717
105000 10000 150020 20.3952
105000 5000 150011 10.8138
110000 5000 149987 -12.9308
105000 10000 150020 20.3952
110000 10000 150007 7.29515
110000 0 150000 -0.403895
115000 0 149978 -21.9829
110000 5000 149987 -12.9308
115000 5000 149966 -33.7061
115000 0 149978 -21.9829
120000 0 149961 -39.0189
115000 5000 149966 -33.7061
120000 5000 149954 -46.4257
110000 5000 149987 -12.9308
115000 5000 149966 -33.7061
110000 10000 150007 7.29515
115000 10000 149977 -22.5701
115000 5000 149966 -33.7061
120000 5000 149954 -46.4257
115000 10000 149977 -22.5701
120000 10000 149950 -49.643
120000 0 149961 -39.0189
125000 0 149951 -49.37
120000 5000 149954 -46.4257
125000 5000 149949 -51.1291
125000 0 149951 -49.37
130000 0 149949 -51.1085
125000 5000 149949 -51.1291
130000 5000 149948 -52.3491
120000 5000 149954 -46.4257
125000 5000 149949 -51.1291
120000 10000 149950 -49.643
125000 10000 149943 -57.1631
125000 5000 149949 -51.1291
130000 5000 149948 -52.3491
125000 10000 149943 -57.1631
130000 10000 149943 -57.0717
130000 0 149949 -51.1085
135000 0 149953 -46.8719
130000 5000 149948 -52.3491
135000 5000 149949 -51.2042
135000 0 149953 -46.8719
140000 0 149956 -43.9068
135000 5000 149949 -51.2042
140000 5000 149965 -34.9101
130000 5000 149948 -52.3491
135000 5000 149949 -51.2042
130000 10000 149943 -57.0717
135000 10000 149949 -51.338
135000 5000 149949 -51.2042
140000 5000 149965 -34.9101
135000 10000 149949 -51.338
140000 10000 149964 -36.0065
140000 0 149956 -43.9068
145000 0 149977 -22.8787
140000 5000 149965 -34.9101
145000 5000 149970 -30.1823
145000 0 149977 -22.8787
150000 0 149983 -17.0919
145000 5000 149970 -30.1823
150000 5000 149980 -20.1108
140000 5000 149965 -34.9101
145000 5000 149970 -30.1823
140000 10000 149964 -36.0065
145000 10000 149981 -18.7648
145000 5000 149970 -30.1823
150000 5000 149980 -20.1108
145000 10000 149981 -18.7648
150000 10000 149991 -9.01169
150000 0 149983 -17.0919
155000 0 149992 -7.54591
150000 5000 149980 -20.1108
155000 5000 149994 -6.24478
155000 0 149992 -7.54591
160000 0 150002 1.94507
155000 5000 149994 -6.24478
160000 5000 150002 1.81117
150000 5000 149980 -20.1108
155000 5000 149994 -6.24478
150000 10000 149991 -9.01169
155000 10000 149996 -3.50413
155000 5000 149994 -6.24478
160000 5000 150002 1.81117
155000 10000 149996 -3.50413
160000 10000 150005 5.41646
80000 10000 150033 33.3337
85000 10000 150037 36.8243
80000 15000 150033 33.3616
85000 15000 150038 37.7756
85000 10000 150037 36.8243
90000 10000 150039 38.585
85000 15000 150038 37.7756
90000 15000 150037 37.3372
80000 15000 150033 33.3616
85000 15000 150038 37.7756
80000 20000 150036 36.2967
85000 20000 150041 40.537
85000 15000 150038 37.7756
90000 15000 150037 37.3372
85000 20000 150041 40.537
90000 20000 150041 40.8625
90000 10000 150039 38.585
95000 10000 150038 37.8071
90000 15000 150037 37.3372
95000 15000 150038 38.246
95000 10000 150038 37.8071
100000 10000 150030 30.3717
95000 15000 150038 38.246
100000 15000 150037 36.8908
90000 15000 150037 37.3372
95000 15000 150038 38.246
90000 20000 150041 40.8625
95000 20000 150040 39.7711
95000 15000 150038 38.246
100000 15000 150037 36.8908
95000 20000 150040 39.7711
100000 20000 150038 37.5832
100000 10000 150030 30.3717
105000 10000 150020 20.3952
100000 15000 150037 36.8908
105000 15000 150035 34.9089
105000 10000 150020 20.3952
110000 10000 150007 7.29515
105000 15000 150035 34.9089
110000 15000 150021 21.4549
100000 15000 150037 36.8908
105000 15000 150035 34.9089
100000 20000 150038 37.5832
105000 20000 150040 40.0363
105000 15000 150035 34.9089
110000 15000 150021 21.4549
105000 20000 150040 40.0363
110000 20000 150034 33.9953
110000 10000 150007 7.29515
115000 10000 149977 -22.5701
110000 15000 150021 21.4549
115000 15000 149986 -14.0424
115000 10000 149977 -22.5701
120000 10000 149950 -49.643
115000 15000 149986 -14.0424
120000 15000 149948 -51.7243
110000 15000 150021 21.4549
115000 15000 149986 -14.0424
110000 20000 150034 33.9953
115000 20000 149997 -2.85706
115000 15000 149986 -14.0424
120000 15000 149948 -51.7243
115000 20000 149997 -2.85706
120000 20000 149949 -51.2435
120000 10000 149950 -49.643
125000 10000 149943 -57.1631
120000 15000 149948 -51.7243
125000 15000 149926 -73.5793
125000 10000 149943 -57.1631
130000 10000 149943 -57.0717
125000 15000 149926 -73.5793
130000 15000 149929 -70.7118
120000 15000 149948 -51.7243
125000 15000 149926 -73.5793
120000 20000 149949 -51.2435
125000 20000 149911 -89.3413
125000 15000 149926 -73.5793
130000 15000 149929 -70.7118
125000 20000 149911 -89.3413
130000 20000 149908 -92.1488
130000 10000 149943 -57.0717
135000 10000 149949 -51.338
130000 15000 149929 -70.7118
135000 15000 149945 -54.6038
135000 10000 149949 -51.338
140000 10000 149964 -36.0065
135000 15000 149945 -54.6038
140000 15000 149960 -40.2242
130000 15000 149929 -70.7118
135000 15000 149945 -54.6038
130000 20000 149908 -92.1488
135000 20000 149936 -63.6098
135000 15000 149945 -54.6038
140000 15000 149960 -40.2242
135000 20000 149936 -63.6098
140000 20000 149958 -42.3686
140000 10000 149964 -36.0065
145000 10000 149981 -18.7648
140000 15000 149960 -40.2242
145000 15000 149982 -18.0559
145000 10000 149981 -18.7648
150000 10000 149991 -9.01169
145000 15000 149982 -18.0559
150000 15000 149994 -5.94454
140000 15000 149960 -40.2242
145000 15000 149982 -18.0559
140000 20000 149958 -42.3686
145000 20000 149979 -21.242
145000 15000 149982 -18.0559
150000 15000 149994 -5.94454
145000 20000 149979 -21.242
150000 20000 149970 -30.2231
150000 10000 149991 -9.01169
155000 10000 149996 -3.50413
150000 15000 149994 -5.94454
155000 15000 150000 0.127029
155000 10000 149996 -3.50413
160000 10000 150005 5.41646
155000 15000 150000 0.127029
160000 15000 150007 6.77969
150000 15000 149994 -5.94454
155000 15000 150000 0.127029
150000 20000 149970 -30.2231
155000 20000 149984 -15.616
155000 15000 150000 0.127029
160000 15000 150007 6.77969
155000 20000 149984 -15.616
160000 20000 150000 0.222677
80000 20000 150036 36.2967
85000 20000 150041 40.537
80000 25000 150034 34.2487
85000 25000 150039 39.4913
85000 20000 150041 40.537
90000 20000 150041 40.8625
85000 25000 150039 39.4913
90000 25000 150041 41.0523
80000 25000 150034 34.2487
85000 25000 150039 39.4913
80000 30000 150032 32.057
85000 30000 150037 36.8894
85000 25000 150039 39.4913
90000 25000 150041 41.0523
85000 30000 150037 36.8894
90000 30000 150041 40.8819
90000 20000 150041 40.8625
95000 20000 150040 39.7711
90000 25000 150041 41.0523
95000 25000 150041 41.4498
95000 20000 150040 39.7711
100000 20000 150038 37.5832
95000 25000 150041 41.4498
100000 25000 150040 40.3935
90000 25000 150041 41.0523
95000 25000 150041 41.4498
90000 30000 150041 40.8819
95000 30000 150042 41.67
95000 25000 150041 41.4498
100000 25000 150040 40.3935
95000 30000 150042 41.67
100000 30000 150042 41.6243
100000 20000 150038 37.5832
105000 20000 150040 40.0363
100000 25000 150040 40.3935
105000 25000 150042 41.9025
105000 20000 150040 40.0363
110000 20000 150034 33.9953
105000 25000 150042 41.9025
110000 25000 150042 42.0018
100000 25000 150040 40.3935
105000 25000 150042 41.9025
100000 30000 150042 41.6243
105000 30000 150041 41.3603
105000 25000 150042 41.9025
110000 25000 150042 42.0018
105000 30000 150041 41.3603
110000 30000 150042 42.4783
110000 20000 150034 33.9953
115000 20000 149997 -2.85706
110000 25000 150042 42.0018
115000 25000 150016 15.7736
115000 20000 149997 -2.85706
120000 20000 149949 -51.2435
115000 25000 150016 15.7736
120000 25000 149963 -36.7382
110000 25000 150042 42.0018
115000 25000 150016 15.7736
110000 30000 150042 42.4783
115000 30000 150028 28.4503
115000 25000 150016 15.7736
120000 25000 149963 -36.7382
115000 30000 150028 28.4503
120000 30000 149984 -16.2934
120000 20000 149949 -51.2435
125000 20000 149911 -89.3413
120000 25000 149963 -36.7382
125000 25000 149924 -75.9919
125000 20000 149911 -89.3413
130000 20000 149908 -92.1488
125000 25000 149924 -75.9919
130000 25000 149896 -103.96
120000 25000 149963 -36.7382
125000 25000 149924 -75.9919
120000 30000 149984 -16.2934
125000 30000 149945 -54.836
125000 25000 149924 -75.9919
130000 25000 149896 -103.96
125000 30000 149945 -54.836
130000 30000 149901 -99.2168
130000 20000 149908 -92.1488
135000 20000 149936 -63.6098
130000 25000 149896 -103.96
135000 25000 149917 -83.1749
135000 20000 149936 -63.6098
140000 20000 149958 -42.3686
135000 25000 149917 -83.1749
140000 25000 149944 -56.0009
130000 25000 149896 -103.96
135000 25000 149917 -83.1749
130000 30000 149901 -99.2168
135000 30000 149895 -105.127
135000 25000 149917 -83.1749
140000 25000 149944 -56.0009
135000 30000 149895 -105.127
140000 30000 149935 -65.262
140000 20000 149958 -42.3686
145000 20000 149979 -21.242
140000 25000 149944 -56.0009
145000 25000 149971 -28.6297
145000 20000 149979 -21.242
150000 20000 149970 -30.2231
145000 25000 149971 -28.6297
150000 25000 149990 -9.80795
140000 25000 149944 -56.0009
145000 25000 149971 -28.6297
140000 30000 149935 -65.262
145000 30000 149959 -41.1293
145000 25000 149971 -28.6297
150000 25000 149990 -9.80795
145000 30000 149959 -41.1293
150000 30000 149984 -15.9379
150000 20000 149970 -30.2231
155000 20000 149984 -15.616
150000 25000 149990 -9.80795
155000 25000 149999 -0.801106
155000 20000 149984 -15.616
160000 20000 150000 0.222677
155000 25000 149999 -0.801106
160000 25000 149999 -0.975394
150000 25000 149990 -9.80795
155000 25000 149999 -0.801106
150000 30000 149984 -15.9379
155000 30000 150000 -0.137933
155000 25000 149999 -0.801106
160000 25000 149999 -0.975394
155000 30000 150000 -0.137933
160000 30000 150008 8.30418
80000 30000 150032 32.057
85000 30000 150037 36.8894
80000 35000 150033 32.7714
85000 35000 150035 35.29
85000 30000 150037 36.8894
90000 30000 150041 40.8819
85000 35000 150035 35.29
90000 35000 150036 36.1035
80000 35000 150033 32.7714
85000 35000 150035 35.29
80000 40000 150027 27.4056
85000 40000 150034 34.265
85000 35000 150035 35.29
90000 35000 150036 36.1035
85000 40000 150034 34.265
90000 40000 150039 38.9984
90000 30000 150041 40.8819
95000 30000 150042 41.67
90000 35000 150036 36.1035
95000 35000 150041 40.894
95000 30000 150042 41.67
100000 30000 150042 41.6243
95000 35000 150041 40.894
100000 35000 150042 42.0105
90000 35000 150036 36.1035
95000 35000 150041 40.894
90000 40000 150039 38.9984
95000 40000 150041 41.3087
95000 35000 150041 40.894
100000 35000 150042 42.0105
95000 40000 150041 41.3087
100000 40000 150043 42.6609
100000 30000 150042 41.6243
105000 30000 150041 41.3603
100000 35000 150042 42.0105
105000 35000 150042 41.5945
105000 30000 150041 41.3603
110000 30000 150042 42.4783
105000 35000 150042 41.5945
110000 35000 150042 41.9942
100000 35000 150042 42.0105
105000 35000 150042 41.5945
100000 40000 150043 42.6609
105000 40000 150042 41.5512
105000 35000 150042 41.5945
110000 35000 150042 41.9942
105000 40000 150042 41.5512
110000 40000 150040 39.5209
110000 30000 150042 42.4783
115000 30000 150028 28.4503
110000 35000 150042 41.9942
115000 35000 150037 36.7422
115000 30000 150028 28.4503
120000 30000 149984 -16.2934
115000 35000 150037 36.7422
120000 35000 150008 7.72842
110000 35000 150042 41.9942
115000 35000 150037 36.7422
110000 40000 150040 39.5209
115000 40000 150039 39.08
115000 35000 150037 36.7422
120000 35000 150008 7.72842
115000 40000 150039 39.08
120000 40000 150025 25.3884
120000 30000 149984 -16.2934
125000 30000 149945 -54.836
120000 35000 150008 7.72842
125000 35000 149961 -39.1333
125000 30000 149945 -54.836
130000 30000 149901 -99.2168
125000 35000 149961 -39.1333
130000 35000 149922 -77.5244
120000 35000 150008 7.72842
125000 35000 149961 -39.1333
120000 40000 150025 25.3884
125000 40000 149986 -14.0518
125000 35000 149961 -39.1333
130000 35000 149922 -77.5244
125000 40000 149986 -14.0518
130000 40000 149943 -56.5136
130000 30000 149901 -99.2168
135000 30000 149895 -105.127
130000 35000 149922 -77.5244
135000 35000 149886 -114.343
135000 30000 149895 -105.127
140000 30000 149935 -65.262
135000 35000 149886 -114.343
140000 35000 149911 -89.143
130000 35000 149922 -77.5244
135000 35000 149886 -114.343
130000 40000 149943 -56.5136
135000 40000 149897 -103.13
135000 35000 149886 -114.343
140000 35000 149911 -89.143
135000 40000 149897 -103.13
140000 40000 149888 -111.683
140000 30000 149935 -65.262
145000 30000 149959 -41.1293
140000 35000 149911 -89.143
145000 35000 149944 -56.3421
145000 30000 149959 -41.1293
150000 30000 149984 -15.9379
145000 35000 149944 -56.3421
150000 35000 149965 -34.7907
140000 35000 149911 -89.143
145000 35000 149944 -56.3421
140000 40000 149888 -111.683
145000 40000 149926 -73.6343
145000 35000 149944 -56.3421
150000 35000 149965 -34.7907
145000 40000 149926 -73.6343
150000 40000 149953 -47.3975
150000 30000 149984 -15.9379
155000 30000 150000 -0.137933
150000 35000 149965 -34.7907
155000 35000 149996 -4.48057
155000 30000 150000 -0.137933
160000 30000 150008 8.30418
155000 35000 149996 -4.48057
160000 35000 150010 9.90278
150000 35000 149965 -34.7907
155000 35000 149996 -4.48057
150000 40000 149953 -47.3975
155000 40000 149988 -12.3442
155000 35000 149996 -4.48057
160000 35000 150010 9.90278
155000 40000 149988 -12.3442
160000 40000 149983 -16.6602
80000 40000 150027 27.4056
85000 40000 150034 34.265
80000 45000 150030 29.8577
85000 45000 150034 34.2974
85000 40000 150034 34.265
90000 40000 150039 38.9984
85000 45000 150034 34.2974
90000 45000 150040 39.774
80000 45000 150030 29.8577
85000 45000 150034 34.2974
80000 50000 150027 27.2067
85000 50000 150031 31.274
85000 45000 150034 34.2974
90000 45000 150040 39.774
85000 50000 150031 31.274
90000 50000 150036 36.0316
90000 40000 150039 38.9984
95000 40000 150041 41.3087
90000 45000 150040 39.774
95000 45000 150041 41.3617
95000 40000 150041 41.3087
100000 40000 150043 42.6609
95000 45000 150041 41.3617
100000 45000 150041 41.3558
90000 45000 150040 39.774
95000 45000 150041 41.3617
90000 50000 150036 36.0316
95000 50000 150041 41.4421
95000 45000 150041 41.3617
100000 45000 150041 41.3558
95000 50000 150041 41.4421
100000 50000 150043 42.8216
100000 40000 150043 42.6609
105000 40000 150042 41.5512
100000 45000 150041 41.3558
105000 45000 150041 41.2832
105000 40000 150042 41.5512
110000 40000 150040 39.5209
105000 45000 150041 41.2832
110000 45000 150038 38.3966
100000 45000 150041 41.3558
105000 45000 150041 41.2832
100000 50000 150043 42.8216
105000 50000 150041 41.1379
105000 45000 150041 41.2832
110000 45000 150038 38.3966
105000 50000 150041 41.1379
110000 50000 150039 39.2499
110000 40000 150040 39.5209
115000 40000 150039 39.08
110000 45000 150038 38.3966
115000 45000 150032 32.2565
115000 40000 150039 39.08
120000 40000 150025 25.3884
115000 45000 150032 32.2565
120000 45000 150025 25.1558
110000 45000 150038 38.3966
115000 45000 150032 32.2565
110000 50000 150039 39.2499
115000 50000 150032 31.5554
115000 45000 150032 32.2565
120000 45000 150025 25.1558
115000 50000 150032 31.5554
120000 50000 150009 8.73267
120000 40000 150025 25.3884
125000 40000 149986 -14.0518
120000 45000 150025 25.1558
125000 45000 149970 -30.0548
125000 40000 149986 -14.0518
130000 40000 149943 -56.5136
125000 45000 149970 -30.0548
130000 45000 149955 -44.5914
120000 45000 150025 25.1558
125000 45000 149970 -30.0548
120000 50000 150009 8.73267
125000 50000 150018 17.5971
125000 45000 149970 -30.0548
130000 45000 149955 -44.5914
125000 50000 150018 17.5971
130000 50000 149986 -13.5968
130000 40000 149943 -56.5136
135000 40000 149897 -103.13
130000 45000 149955 -44.5914
135000 45000 149925 -74.5992
135000 40000 149897 -103.13
140000 40000 149888 -111.683
135000 45000 149925 -74.5992
140000 45000 149880 -119.793
130000 45000 149955 -44.5914
135000 45000 149925 -74.5992
130000 50000 149986 -13.5968
135000 50000 149946 -54.2274
135000 45000 149925 -74.5992
140000 45000 149880 -119.793
135000 50000 149946 -54.2274
140000 50000 149897 -102.615
140000 40000 149888 -111.683
145000 40000 149926 -73.6343
140000 45000 149880 -119.793
145000 45000 149896 -103.8
145000 40000 149926 -73.6343
150000 40000 149953 -47.3975
145000 45000 149896 -103.8
150000 45000 149941 -58.7162
140000 45000 149880 -119.793
145000 45000 149896 -103.8
140000 50000 149897 -102.615
145000 50000 149873 -126.617
145000 45000 149896 -103.8
150000 45000 149941 -58.7162
145000 50000 149873 -126.617
150000 50000 149919 -80.6745
150000 40000 149953 -47.3975
155000 40000 149988 -12.3442
150000 45000 149941 -58.7162
155000 45000 149953 -46.9192
155000 40000 149988 -12.3442
160000 40000 149983 -16.6602
155000 45000 149953 -46.9192
160000 45000 150000 0.175271
150000 45000 149941 -58.7162
155000 45000 149953 -46.9192
150000 50000 149919 -80.6745
155000 50000 149955 -44.6797
155000 45000 149953 -46.9192
160000 45000 150000 0.175271
155000 50000 149955 -44.6797
160000 50000 149972 -28.0637
80000 50000 150027 27.2067
85000 50000 150031 31.274
80000 55000 150024 24.0617
85000 55000 150028 27.717
85000 50000 150031 31.274
90000 50000 150036 36.0316
85000 55000 150028 27.717
90000 55000 150032 32.3615
80000 55000 150024 24.0617
85000 55000 150028 27.717
80000 60000 150025 24.9665
85000 60000 150028 28.2479
85000 55000 150028 27.717
90000 55000 150032 32.3615
85000 60000 150028 28.2479
90000 60000 150031 30.863
90000 50000 150036 36.0316
95000 50000 150041 41.4421
90000 55000 150032 32.3615
95000 55000 150037 37.4792
95000 50000 150041 41.4421
100000 50000 150043 42.8216
95000 55000 150037 37.4792
100000 55000 150041 40.9822
90000 55000 150032 32.3615
95000 55000 150037 37.4792
90000 60000 150031 30.863
95000 60000 150034 34.4497
95000 55000 150037 37.4792
100000 55000 150041 40.9822
95000 60000 150034 34.4497
100000 60000 150039 38.536
100000 50000 150043 42.8216
105000 50000 150041 41.1379
100000 55000 150041 40.9822
105000 55000 150042 42.2557
105000 50000 150041 41.1379
110000 50000 150039 39.2499
105000 55000 150042 42.2557
110000 55000 150040 39.6435
100000 55000 150041 40.9822
105000 55000 150042 42.2557
100000 60000 150039 38.536
105000 60000 150041 41.3879
105000 55000 150042 42.2557
110000 55000 150040 39.6435
105000 60000 150041 41.3879
110000 60000 150040 39.9968
110000 50000 150039 39.2499
115000 50000 150032 31.5554
110000 55000 150040 39.6435
115000 55000 150035 34.9828
115000 50000 150032 31.5554
120000 50000 150009 8.73267
115000 55000 150035 34.9828
120000 55000 150032 32.4742
110000 55000 150040 39.6435
115000 55000 150035 34.9828
110000 60000 150040 39.9968
115000 60000 150037 37.2864
115000 55000 150035 34.9828
120000 55000 150032 32.4742
115000 60000 150037 37.2864
120000 60000 150034 34.395
120000 50000 150009 8.73267
125000 50000 150018 17.5971
120000 55000 150032 32.4742
125000 55000 150029 29.0382
125000 50000 150018 17.5971
130000 50000 149986 -13.5968
125000 55000 150029 29.0382
130000 55000 149997 -3.36763
120000 55000 150032 32.4742
125000 55000 150029 29.0382
120000 60000 150034 34.395
125000 60000 150030 30.3192
125000 55000 150029 29.0382
130000 55000 149997 -3.36763
125000 60000 150030 30.3192
130000 60000 150018 18.2147
130000 50000 149986 -13.5968
135000 50000 149946 -54.2274
130000 55000 149997 -3.36763
135000 55000 149961 -39.2667
135000 50000 149946 -54.2274
140000 50000 149897 -102.615
135000 55000 149961 -39.2667
140000 55000 149929 -71.3263
130000 55000 149997 -3.36763
135000 55000 149961 -39.2667
130000 60000 150018 18.2147
135000 60000 149984 -15.6716
135000 55000 149961 -39.2667
140000 55000 149929 -71.3263
135000 60000 149984 -15.6716
140000 60000 149944 -55.5533
140000 50000 149897 -102.615
145000 50000 149873 -126.617
140000 55000 149929 -71.3263
145000 55000 149878 -121.979
145000 50000 149873 -126.617
150000 50000 149919 -80.6745
145000 55000 149878 -121.979
150000 55000 149894 -106.021
140000 55000 149929 -71.3263
145000 55000 149878 -121.979
140000 60000 149944 -55.5533
145000 60000 149904 -96.151
145000 55000 149878 -121.979
150000 55000 149894 -106.021
145000 60000 149904 -96.151
150000 60000 149879 -121.132
150000 50000 149919 -80.6745
155000 50000 149955 -44.6797
150000 55000 149894 -106.021
155000 55000 149939 -60.7085
155000 50000 149955 -44.6797
160000 50000 149972 -28.0637
155000 55000 149939 -60.7085
160000 55000 149960 -39.9825
150000 55000 149894 -106.021
155000 55000 149939 -60.7085
150000 60000 149879 -121.132
155000 60000 149911 -88.6565
155000 55000 149939 -60.7085
160000 55000 149960 -39.9825
155000 60000 149911 -88.6565
160000 60000 149943 -56.781
80000 60000 150025 24.9665
85000 60000 150028 28.2479
80000 65000 150023 23.1812
85000 65000 150026 26.3368
85000 60000 150028 28.2479
90000 60000 150031 30.863
85000 65000 150026 26.3368
90000 65000 150031 31.4832
80000 65000 150023 23.1812
85000 65000 150026 26.3368
80000 70000 150024 23.5219
85000 70000 150026 25.6502
85000 65000 150026 26.3368
90000 65000 150031 31.4832
85000 70000 150026 25.6502
90000 70000 150028 27.7636
90000 60000 150031 30.863
95000 60000 150034 34.4497
90000 65000 150031 31.4832
95000 65000 150034 34.4789
95000 60000 150034 34.4497
100000 60000 150039 38.536
95000 65000 150034 34.4789
100000 65000 150037 37.2173
90000 65000 150031 31.4832
95000 65000 150034 34.4789
90000 70000 150028 27.7636
95000 70000 150031 31.2538
95000 65000 150034 34.4789
100000 65000 150037 37.2173
95000 70000 150031 31.2538
100000 70000 150035 35.0232
100000 60000 150039 38.536
105000 60000 150041 41.3879
100000 65000 150037 37.2173
105000 65000 150041 40.7758
105000 60000 150041 41.3879
110000 60000 150040 39.9968
105000 65000 150041 40.7758
110000 65000 150040 40.4693
100000 65000 150037 37.2173
105000 65000 150041 40.7758
100000 70000 150035 35.0232
105000 70000 150038 37.5583
105000 65000 150041 40.7758
110000 65000 150040 40.4693
105000 70000 150038 37.5583
110000 70000 150039 39.026
110000 60000 150040 39.9968
115000 60000 150037 37.2864
110000 65000 150040 40.4693
115000 65000 150038 37.7023
115000 60000 150037 37.2864
120000 60000 150034 34.395
115000 65000 150038 37.7023
120000 65000 150035 34.6359
110000 65000 150040 40.4693
115000 65000 150038 37.7023
110000 70000 150039 39.026
115000 70000 150039 38.979
115000 65000 150038 37.7023
120000 65000 150035 34.6359
115000 70000 150039 38.979
120000 70000 150035 35.3336
120000 60000 150034 34.395
125000 60000 150030 30.3192
120000 65000 150035 34.6359
125000 65000 150031 30.7307
125000 60000 150030 30.3192
130000 60000 150018 18.2147
125000 65000 150031 30.7307
130000 65000 150014 14.0627
120000 65000 150035 34.6359
125000 65000 150031 30.7307
120000 70000 150035 35.3336
125000 70000 150029 29.2434
125000 65000 150031 30.7307
130000 65000 150014 14.0627
125000 70000 150029 29.2434
130000 70000 150022 22.1206
130000 60000 150018 18.2147
135000 60000 149984 -15.6716
130000 65000 150014 14.0627
135000 65000 149984 -16.4766
135000 60000 149984 -15.6716
140000 60000 149944 -55.5533
135000 65000 149984 -16.4766
140000 65000 149963 -37.171
130000 65000 150014 14.0627
135000 65000 149984 -16.4766
130000 70000 150022 22.1206
135000 70000 150011 11.3641
135000 65000 149984 -16.4766
140000 65000 149963 -37.171
135000 70000 150011 11.3641
140000 70000 149978 -22.4236
140000 60000 149944 -55.5533
145000 60000 149904 -96.151
140000 65000 149963 -37.171
145000 65000 149937 -62.9872
145000 60000 149904 -96.151
150000 60000 149879 -121.132
145000 65000 149937 -62.9872
150000 65000 149889 -111.367
140000 65000 149963 -37.171
145000 65000 149937 -62.9872
140000 70000 149978 -22.4236
145000 70000 149945 -54.8296
145000 65000 149937 -62.9872
150000 65000 149889 -111.367
145000 70000 149945 -54.8296
150000 70000 149917 -82.8601
150000 60000 149879 -121.132
155000 60000 149911 -88.6565
150000 65000 149889 -111.367
155000 65000 149882 -117.907
155000 60000 149911 -88.6565
160000 60000 149943 -56.781
155000 65000 149882 -117.907
160000 65000 149930 -70.1183
150000 65000 149889 -111.367
155000 65000 149882 -117.907
150000 70000 149917 -82.8601
155000 70000 149875 -125.171
155000 65000 149882 -117.907
160000 65000 149930 -70.1183
155000 70000 149875 -125.171
160000 70000 149896 -103.534
80000 70000 150024 23.5219
85000 70000 150026 25.6502
80000 75000 150018 18.4736
85000 75000 150022 22.1683
85000 70000 150026 25.6502
90000 70000 150028 27.7636
85000 75000 150022 22.1683
90000 75000 150026 26.3168
80000 75000 150018 18.4736
85000 75000 150022 22.1683
80000 80000 150022 22.2261
85000 80000 150022 22.2171
85000 75000 150022 22.1683
90000 75000 150026 26.3168
85000 80000 150022 22.2171
90000 80000 150025 24.7016
90000 70000 150028 27.7636
95000 70000 150031 31.2538
90000 75000 150026 26.3168
95000 75000 150029 29.338
95000 70000 150031 31.2538
100000 70000 150035 35.0232
95000 75000 150029 29.338
100000 75000 150032 31.9064
90000 75000 150026 26.3168
95000 75000 150029 29.338
90000 80000 150025 24.7016
95000 80000 150028 28.0599
95000 75000 150029 29.338
100000 75000 150032 31.9064
95000 80000 150028 28.0599
100000 80000 150032 32.2898
100000 70000 150035 35.0232
105000 70000 150038 37.5583
100000 75000 150032 31.9064
105000 75000 150036 35.8624
105000 70000 150038 37.5583
110000 70000 150039 39.026
105000 75000 150036 35.8624
110000 75000 150038 38.2224
100000 75000 150032 31.9064
105000 75000 150036 35.8624
100000 80000 150032 32.2898
105000 80000 150034 34.4873
105000 75000 150036 35.8624
110000 75000 150038 38.2224
105000 80000 150034 34.4873
110000 80000 150036 36.158
110000 70000 150039 39.026
115000 70000 150039 38.979
110000 75000 150038 38.2224
115000 75000 150037 36.8001
115000 70000 150039 38.979
120000 70000 150035 35.3336
115000 75000 150037 36.8001
120000 75000 150035 35.1424
110000 75000 150038 38.2224
115000 75000 150037 36.8001
110000 80000 150036 36.158
115000 80000 150035 35.4284
115000 75000 150037 36.8001
120000 75000 150035 35.1424
115000 80000 150035 35.4284
120000 80000 150034 34.1415
120000 70000 150035 35.3336
125000 70000 150029 29.2434
120000 75000 150035 35.1424
125000 75000 150030 30.1595
125000 70000 150029 29.2434
130000 70000 150022 22.1206
125000 75000 150030 30.1595
130000 75000 150023 23.162
120000 75000 150035 35.1424
125000 75000 150030 30.1595
120000 80000 150034 34.1415
125000 80000 150029 29.1859
125000 75000 150030 30.1595
130000 75000 150023 23.162
125000 80000 150029 29.1859
130000 80000 150022 22.1541
130000 70000 150022 22.1206
135000 70000 150011 11.3641
130000 75000 150023 23.162
135000 75000 150011 11.4916
135000 70000 150011 11.3641
140000 70000 149978 -22.4236
135000 75000 150011 11.4916
140000 75000 149983 -17.215
130000 75000 150023 23.162
135000 75000 150011 11.4916
130000 80000 150022 22.1541
135000 80000 150011 11.092
135000 75000 150011 11.4916
140000 75000 149983 -17.215
135000 80000 150011 11.092
140000 80000 150009 8.62076
140000 70000 149978 -22.4236
145000 70000 149945 -54.8296
140000 75000 149983 -17.215
145000 75000 149961 -39.3941
145000 70000 149945 -54.8296
150000 70000 149917 -82.8601
145000 75000 149961 -39.3941
150000 75000 149941 -58.6168
140000 75000 149983 -17.215
145000 75000 149961 -39.3941
140000 80000 150009 8.62076
145000 80000 149993 -7.41917
145000 75000 149961 -39.3941
150000 75000 149941 -58.6168
145000 80000 149993 -7.41917
150000 80000 149954 -46.2237
150000 70000 149917 -82.8601
155000 70000 149875 -125.171
150000 75000 149941 -58.6168
155000 75000 149892 -108.381
155000 70000 149875 -125.171
160000 70000 149896 -103.534
155000 75000 149892 -108.381
160000 75000 149872 -127.881
150000 75000 149941 -58.6168
155000 75000 149892 -108.381
150000 80000 149954 -46.2237
155000 80000 149920 -80.0396
155000 75000 149892 -108.381
160000 75000 149872 -127.881
155000 80000 149920 -80.0396
160000 80000 149871 -129.322
0 80000 150013 13.2654
5000 80000 150013 12.9825
0 85000 150012 12.2516
5000 85000 150012 12.1826
5000 80000 150013 12.9825
10000 80000 150012 12.4608
5000 85000 150012 12.1826
10000 85000 150013 13.1369
0 85000 150012 12.2516
5000 85000 150012 12.1826
0 90000 150012 12.0839
5000 90000 150013 12.6969
5000 85000 150012 12.1826
10000 85000 150013 13.1369
5000 90000 150013 12.6969
10000 90000 150013 12.985
10000 80000 150012 12.4608
15000 80000 150013 12.6475
10000 85000 150013 13.1369
15000 85000 150013 13.1319
15000 80000 150013 12.6475
20000 80000 150012 12.3479
15000 85000 150013 13.1319
20000 85000 150013 12.5062
10000 85000 150013 13.1369
15000 85000 150013 13.1319
10000 90000 150013 12.985
15000 90000 150012 12.3991
15000 85000 150013 13.1319
20000 85000 150013 12.5062
15000 90000 150012 12.3991
20000 90000 150012 11.7386
20000 80000 150012 12.3479
25000 80000 150012 12.0742
20000 85000 150013 12.5062
25000 85000 150012 11.8065
25000 80000 150012 12.0742
30000 80000 150012 12.0309
25000 85000 150012 11.8065
30000 85000 150012 11.6848
20000 85000 150013 12.5062
25000 85000 150012 11.8065
20000 90000 150012 11.7386
25000 90000 150012 11.7359
25000 85000 150012 11.8065
30000 85000 150012 11.6848
25000 90000 150012 11.7359
30000 90000 150012 11.7251
30000 80000 150012 12.0309
35000 80000 150012 11.9926
30000 85000 150012 11.6848
35000 85000 150012 11.7248
35000 80000 150012 11.9926
40000 80000 150012 12.149
35000 85000 150012 11.7248
40000 85000 150012 11.7218
30000 85000 150012 11.6848
35000 85000 150012 11.7248
30000 90000 150012 11.7251
35000 90000 150012 11.7603
35000 85000 150012 11.7248
40000 85000 150012 11.7218
35000 90000 150012 11.7603
40000 90000 150012 12.0463
40000 80000 150012 12.149
45000 80000 150012 11.8678
40000 85000 150012 11.7218
45000 85000 150012 11.6672
45000 80000 150012 11.8678
50000 80000 150012 11.752
45000 85000 150012 11.6672
50000 85000 150012 11.5661
40000 85000 150012 11.7218
45000 85000 150012 11.6672
40000 90000 150012 12.0463
45000 90000 150012 11.7755
45000 85000 150012 11.6672
50000 85000 150012 11.5661
45000 90000 150012 11.7755
50000 90000 150011 11.4275
50000 80000 150012 11.752
55000 80000 150012 12.4116
50000 85000 150012 11.5661
55000 85000 150011 11.367
55000 80000 150012 12.4116
60000 80000 150013 12.503
55000 85000 150011 11.367
60000 85000 150011 11.466
50000 85000 150012 11.5661
55000 85000 150011 11.367
50000 90000 150011 11.4275
55000 90000 150011 11.3152
55000 85000 150011 11.367
60000 85000 150011 11.466
55000 90000 150011 11.3152
60000 90000 150012 11.9273
60000 80000 150013 12.503
65000 80000 150012 12.3302
60000 85000 150011 11.466
65000 85000 150013 13.2324
65000 80000 150012 12.3302
70000 80000 150014 13.9727
65000 85000 150013 13.2324
70000 85000 150015 15.0158
60000 85000 150011 11.466
65000 85000 150013 13.2324
60000 90000 150012 11.9273
65000 90000 150012 11.6374
65000 85000 150013 13.2324
70000 85000 150015 15.0158
65000 90000 150012 11.6374
70000 90000 150015 14.6634
70000 80000 150014 13.9727
75000 80000 150016 16.4048
70000 85000 150015 15.0158
75000 85000 150018 18.1831
75000 80000 150016 16.4048
80000 80000 150022 22.2261
75000 85000 150018 18.1831
80000 85000 150018 18.3012
70000 85000 150015 15.0158
75000 85000 150018 18.1831
70000 90000 150015 14.6634
75000 90000 150014 14.0912
75000 85000 150018 18.1831
80000 85000 150018 18.3012
75000 90000 150014 14.0912
80000 90000 150019 18.9962
80000 80000 150022 22.2261
85000 80000 150022 22.2171
80000 85000 150018 18.3012
85000 85000 150022 21.9604
85000 80000 150022 22.2171
90000 80000 150025 24.7016
85000 85000 150022 21.9604
90000 85000 150023 22.5422
80000 85000 150018 18.3012
85000 85000 150022 21.9604
80000 90000 150019 18.9962
85000 90000 150022 21.7821
85000 85000 150022 21.9604
90000 85000 150023 22.5422
85000 90000 150022 21.7821
90000 90000 150022 22.0774
90000 80000 150025 24.7016
95000 80000 150028 28.0599
90000 85000 150023 22.5422
95000 85000 150026 26.1547
95000 80000 150028 28.0599
100000 80000 150032 32.2898
95000 85000 150026 26.1547
100000 85000 150028 28.4296
90000 85000 150023 22.5422
95000 85000 150026 26.1547
90000 90000 150022 22.0774
95000 90000 150025 24.8387
95000 85000 150026 26.1547
100000 85000 150028 28.4296
95000 90000 150025 24.8387
100000 90000 150028 27.5218
100000 80000 150032 32.2898
105000 80000 150034 34.4873
100000 85000 150028 28.4296
105000 85000 150032 31.6956
105000 80000 150034 34.4873
110000 80000 150036 36.158
105000 85000 150032 31.6956
110000 85000 150033 32.6068
100000 85000 150028 28.4296
105000 85000 150032 31.6956
100000 90000 150028 27.5218
105000 90000 150030 29.7751
105000 85000 150032 31.6956
110000 85000 150033 32.6068
105000 90000 150030 29.7751
110000 90000 150031 31.2772
0 90000 150012 12.0839
5000 90000 150013 12.6969
0 95000 150012 12.1356
5000 95000 150012 12.0118
5000 90000 150013 12.6969
10000 90000 150013 12.985
5000 95000 150012 12.0118
10000 95000 150012 11.9045
0 95000 150012 12.1356
5000 95000 150012 12.0118
0 100000 150012 12.0967
5000 100000 150012 11.9397
5000 95000 150012 12.0118
10000 95000 150012 11.9045
5000 100000 150012 11.9397
10000 100000 150012 11.787
10000 90000 150013 12.985
15000 90000 150012 12.3991
10000 95000 150012 11.9045
15000 95000 150012 11.5538
15000 90000 150012 12.3991
20000 90000 150012 11.7386
15000 95000 150012 11.5538
20000 95000 150012 11.5106
10000 95000 150012 11.9045
15000 95000 150012 11.5538
10000 100000 150012 11.787
15000 100000 150011 11.4414
15000 95000 150012 11.5538
20000 95000 150012 11.5106
15000 100000 150011 11.4414
20000 100000 150011 11.4509
20000 90000 150012 11.7386
25000 90000 150012 11.7359
20000 95000 150012 11.5106
25000 95000 150011 11.3286
25000 90000 150012 11.7359
30000 90000 150012 11.7251
25000 95000 150011 11.3286
30000 95000 150011 11.2923
20000 95000 150012 11.5106
25000 95000 150011 11.3286
20000 100000 150011 11.4509
25000 100000 150011 11.4031
25000 95000 150011 11.3286
30000 95000 150011 11.2923
25000 100000 150011 11.4031
30000 100000 150011 11.3468
30000 90000 150012 11.7251
35000 90000 150012 11.7603
30000 95000 150011 11.2923
35000 95000 150011 11.3905
35000 90000 150012 11.7603
40000 90000 150012 12.0463
35000 95000 150011 11.3905
40000 95000 150011 11.3829
30000 95000 150011 11.2923
35000 95000 150011 11.3905
30000 100000 150011 11.3468
35000 100000 150011 11.0813
35000 95000 150011 11.3905
40000 95000 150011 11.3829
35000 100000 150011 11.0813
40000 100000 150011 10.8412
40000 90000 150012 12.0463
45000 90000 150012 11.7755
40000 95000 150011 11.3829
45000 95000 150011 10.8911
45000 90000 150012 11.7755
50000 90000 150011 11.4275
45000 95000 150011 10.8911
50000 95000 150011 10.8235
40000 95000 150011 11.3829
45000 95000 150011 10.8911
40000 100000 150011 10.8412
45000 100000 150011 10.9132
45000 95000 150011 10.8911
50000 95000 150011 10.8235
45000 100000 150011 10.9132
50000 100000 150011 10.8552
50000 90000 150011 11.4275
55000 90000 150011 11.3152
50000 95000 150011 10.8235
55000 95000 150011 10.9447
55000 90000 150011 11.3152
60000 90000 150012 11.9273
55000 95000 150011 10.9447
60000 95000 150012 11.9171
50000 95000 150011 10.8235
55000 95000 150011 10.9447
50000 100000 150011 10.8552
55000 100000 150011 10.8166
55000 95000 150011 10.9447
60000 95000 150012 11.9171
55000 100000 150011 10.8166
60000 100000 150011 10.8697
60000 90000 150012 11.9273
65000 90000 150012 11.6374
60000 95000 150012 11.9171
65000 95000 150013 12.8835
65000 90000 150012 11.6374
70000 90000 150015 14.6634
65000 95000 150013 12.8835
70000 95000 150014 14.1629
60000 95000 150012 11.9171
65000 95000 150013 12.8835
60000 100000 150011 10.8697
65000 100000 150011 10.8749
65000 95000 150013 12.8835
70000 95000 150014 14.1629
65000 100000 150011 10.8749
70000 100000 150011 11.0903
70000 90000 150015 14.6634
75000 90000 150014 14.0912
70000 95000 150014 14.1629
75000 95000 150015 15.1801
75000 90000 150014 14.0912
80000 90000 150019 18.9962
75000 95000 150015 15.1801
80000 95000 150019 18.5776
70000 95000 150014 14.1629
75000 95000 150015 15.1801
70000 100000 150011 11.0903
75000 100000 150015 14.7086
75000 95000 150015 15.1801
80000 95000 150019 18.5776
75000 100000 150015 14.7086
80000 100000 150014 13.5561
80000 90000 150019 18.9962
85000 90000 150022 21.7821
80000 95000 150019 18.5776
85000 95000 150021 20.8042
85000 90000 150022 21.7821
90000 90000 150022 22.0774
85000 95000 150021 20.8042
90000 95000 150023 22.8086
80000 95000 150019 18.5776
85000 95000 150021 20.8042
80000 100000 150014 13.5561
85000 100000 150018 18.2092
85000 95000 150021 20.8042
90000 95000 150023 22.8086
85000 100000 150018 18.2092
90000 100000 150018 17.7068
90000 90000 150022 22.0774
95000 90000 150025 24.8387
90000 95000 150023 22.8086
95000 95000 150024 23.8862
95000 90000 150025 24.8387
100000 90000 150028 27.5218
95000 95000 150024 23.8862
100000 95000 150025 25.4305
90000 95000 150023 22.8086
95000 95000 150024 23.8862
90000 100000 150018 17.7068
95000 100000 150020 20.3209
95000 95000 150024 23.8862
100000 95000 150025 25.4305
95000 100000 150020 20.3209
100000 100000 150026 25.5574
0 100000 150012 12.0967
5000 100000 150012 11.9397
0 105000 150012 12.1495
5000 105000 150012 11.7121
5000 100000 150012 11.9397
10000 100000 150012 11.787
5000 105000 150012 11.7121
10000 105000 150011 11.1681
0 105000 150012 12.1495
5000 105000 150012 11.7121
0 110000 150012 12.0847
5000 110000 150012 11.6961
5000 105000 150012 11.7121
10000 105000 150011 11.1681
5000 110000 150012 11.6961
10000 110000 150011 10.5678
10000 100000 150012 11.787
15000 100000 150011 11.4414
10000 105000 150011 11.1681
15000 105000 150011 10.5371
15000 100000 150011 11.4414
20000 100000 150011 11.4509
15000 105000 150011 10.5371
20000 105000 150011 11.2107
10000 105000 150011 11.1681
15000 105000 150011 10.5371
10000 110000 150011 10.5678
15000 110000 150010 10.3272
15000 105000 150011 10.5371
20000 105000 150011 11.2107
15000 110000 150010 10.3272
20000 110000 150010 10.4263
20000 100000 150011 11.4509
25000 100000 150011 11.4031
20000 105000 150011 11.2107
25000 105000 150011 10.8334
25000 100000 150011 11.4031
30000 100000 150011 11.3468
25000 105000 150011 10.8334
30000 105000 150011 10.7249
20000 105000 150011 11.2107
25000 105000 150011 10.8334
20000 110000 150010 10.4263
25000 110000 150011 10.9117
25000 105000 150011 10.8334
30000 105000 150011 10.7249
25000 110000 150011 10.9117
30000 110000 150012 11.5291
30000 100000 150011 11.3468
35000 100000 150011 11.0813
30000 105000 150011 10.7249
35000 105000 150011 10.7407
35000 100000 150011 11.0813
40000 100000 150011 10.8412
35000 105000 150011 10.7407
40000 105000 150011 10.8768
30000 105000 150011 10.7249
35000 105000 150011 10.7407
30000 110000 150012 11.5291
35000 110000 150011 10.9651
35000 105000 150011 10.7407
40000 105000 150011 10.8768
35000 110000 150011 10.9651
40000 110000 150011 10.9797
40000 100000 150011 10.8412
45000 100000 150011 10.9132
40000 105000 150011 10.8768
45000 105000 150011 10.8488
45000 100000 150011 10.9132
50000 100000 150011 10.8552
45000 105000 150011 10.8488
50000 105000 150011 10.7416
40000 105000 150011 10.8768
45000 105000 150011 10.8488
40000 110000 150011 10.9797
45000 110000 150011 10.7266
45000 105000 150011 10.8488
50000 105000 150011 10.7416
45000 110000 150011 10.7266
50000 110000 150011 10.5732
50000 100000 150011 10.8552
55000 100000 150011 10.8166
50000 105000 150011 10.7416
55000 105000 150011 10.6822
55000 100000 150011 10.8166
60000 100000 150011 10.8697
55000 105000 150011 10.6822
60000 105000 150011 11.4004
50000 105000 150011 10.7416
55000 105000 150011 10.6822
50000 110000 150011 10.5732
55000 110000 150011 10.5236
55000 105000 150011 10.6822
60000 105000 150011 11.4004
55000 110000 150011 10.5236
60000 110000 150011 11.1508
60000 100000 150011 10.8697
65000 100000 150011 10.8749
60000 105000 150011 11.4004
65000 105000 150012 11.9814
65000 100000 150011 10.8749
70000 100000 150011 11.0903
65000 105000 150012 11.9814
70000 105000 150014 13.9601
60000 105000 150011 11.4004
65000 105000 150012 11.9814
60000 110000 150011 11.1508
65000 110000 150011 11.2725
65000 105000 150012 11.9814
70000 105000 150014 13.9601
65000 110000 150011 11.2725
70000 110000 150013 13.3337
70000 100000 150011 11.0903
75000 100000 150015 14.7086
70000 105000 150014 13.9601
75000 105000 150017 16.6666
75000 100000 150015 14.7086
80000 100000 150014 13.5561
75000 105000 150017 16.6666
80000 105000 150019 19.3075
70000 105000 150014 13.9601
75000 105000 150017 16.6666
70000 110000 150013 13.3337
75000 110000 150016 15.8449
75000 105000 150017 16.6666
80000 105000 150019 19.3075
75000 110000 150016 15.8449
80000 110000 150018 17.5268
0 110000 150012 12.0847
5000 110000 150012 11.6961
0 115000 150013 12.5865
5000 115000 150011 11.1758
5000 110000 150012 11.6961
10000 110000 150011 10.5678
5000 115000 150011 11.1758
10000 115000 150011 10.6138
0 115000 150013 12.5865
5000 115000 150011 11.1758
0 120000 150012 12.0194
5000 120000 150011 11.0016
5000 115000 150011 11.1758
10000 115000 150011 10.6138
5000 120000 150011 11.0016
10000 120000 150010 9.67745
10000 110000 150011 10.5678
15000 110000 150010 10.3272
10000 115000 150011 10.6138
15000 115000 150011 10.9786
15000 110000 150010 10.3272
20000 110000 150010 10.4263
15000 115000 150011 10.9786
20000 115000 150011 11.1253
10000 115000 150011 10.6138
15000 115000 150011 10.9786
10000 120000 150010 9.67745
15000 120000 150010 9.93478
15000 115000 150011 10.9786
20000 115000 150011 11.1253
15000 120000 150010 9.93478
20000 120000 150011 10.9184
20000 110000 150010 10.4263
25000 110000 150011 10.9117
20000 115000 150011 11.1253
25000 115000 150012 11.5782
25000 110000 150011 10.9117
30000 110000 150012 11.5291
25000 115000 150012 11.5782
30000 115000 150011 11.3652
20000 115000 150011 11.1253
25000 115000 150012 11.5782
20000 120000 150011 10.9184
25000 120000 150012 11.838
25000 115000 150012 11.5782
30000 115000 150011 11.3652
25000 120000 150012 11.838
30000 120000 150012 11.9057
30000 110000 150012 11.5291
35000 110000 150011 10.9651
30000 115000 150011 11.3652
35000 115000 150011 11.1369
35000 110000 150011 10.9651
40000 110000 150011 10.9797
35000 115000 150011 11.1369
40000 115000 150011 10.8909
30000 115000 150011 11.3652
35000 115000 150011 11.1369
30000 120000 150012 11.9057
35000 120000 150011 11.2659
35000 115000 150011 11.1369
40000 115000 150011 10.8909
35000 120000 150011 11.2659
40000 120000 150011 10.5608
40000 110000 150011 10.9797
45000 110000 150011 10.7266
40000 115000 150011 10.8909
45000 115000 150011 10.5763
45000 110000 150011 10.7266
50000 110000 150011 10.5732
45000 115000 150011 10.5763
50000 115000 150010 10.4109
40000 115000 150011 10.8909
45000 115000 150011 10.5763
40000 120000 150011 10.5608
45000 120000 150010 10.3867
45000 115000 150011 10.5763
50000 115000 150010 10.4109
45000 120000 150010 10.3867
50000 120000 150010 10.3953
50000 110000 150011 10.5732
55000 110000 150011 10.5236
50000 115000 150010 10.4109
55000 115000 150010 10.3882
55000 110000 150011 10.5236
60000 110000 150011 11.1508
55000 115000 150010 10.3882
60000 115000 150010 10.4424
50000 115000 150010 10.4109
55000 115000 150010 10.3882
50000 120000 150010 10.3953
55000 120000 150010 10.3883
55000 115000 150010 10.3882
60000 115000 150010 10.4424
55000 120000 150010 10.3883
60000 120000 150011 10.7245
60000 110000 150011 11.1508
65000 110000 150011 11.2725
60000 115000 150010 10.4424
65000 115000 150012 11.6348
65000 110000 150011 11.2725
70000 110000 150013 13.3337
65000 115000 150012 11.6348
70000 115000 150011 11.4996
60000 115000 150010 10.4424
65000 115000 150012 11.6348
60000 120000 150011 10.7245
65000 120000 150012 12.4132
65000 115000 150012 11.6348
70000 115000 150011 11.4996
65000 120000 150012 12.4132
70000 120000 150015 15.0428
70000 110000 150013 13.3337
75000 110000 150016 15.8449
70000 115000 150011 11.4996
75000 115000 150014 14.1071
75000 110000 150016 15.8449
80000 110000 150018 17.5268
75000 115000 150014 14.1071
80000 115000 150017 16.9188
70000 115000 150011 11.4996
75000 115000 150014 14.1071
70000 120000 150015 15.0428
75000 120000 150017 16.7385
75000 115000 150014 14.1071
80000 115000 150017 16.9188
75000 120000 150017 16.7385
80000 120000 150016 16.112
160000 0 150002 1.94507
165000 0 150009 8.84758
160000 5000 150002 1.81117
165000 5000 150009 8.55995
165000 0 150009 8.84758
170000 0 150015 14.9744
165000 5000 150009 8.55995
170000 5000 150015 15.1671
160000 5000 150002 1.81117
165000 5000 150009 8.55995
160000 10000 150005 5.41646
165000 10000 150011 11.49
165000 5000 150009 8.55995
170000 5000 150015 15.1671
165000 10000 150011 11.49
170000 10000 150016 16.0894
170000 0 150015 14.9744
175000 0 150016 15.7989
170000 5000 150015 15.1671
175000 5000 150017 16.5509
175000 0 150016 15.7989
180000 0 150016 16.1413
175000 5000 150017 16.5509
180000 5000 150016 16.4965
170000 5000 150015 15.1671
175000 5000 150017 16.5509
170000 10000 150016 16.0894
175000 10000 150018 18.3827
175000 5000 150017 16.5509
180000 5000 150016 16.4965
175000 10000 150018 18.3827
180000 10000 150016 16.0096
180000 0 150016 16.1413
185000 0 150014 14.113
180000 5000 150016 16.4965
185000 5000 150014 14.2217
185000 0 150014 14.113
190000 0 150012 12.4988
185000 5000 150014 14.2217
190000 5000 150010 10.2834
180000 5000 150016 16.4965
185000 5000 150014 14.2217
180000 10000 150016 16.0096
185000 10000 150015 14.9648
185000 5000 150014 14.2217
190000 5000 150010 10.2834
185000 10000 150015 14.9648
190000 10000 150013 12.7647
190000 0 150012 12.4988
195000 0 150011 10.9191
190000 5000 150010 10.2834
195000 5000 150009 9.46637
195000 0 150011 10.9191
200000 0 150008 7.95348
195000 5000 150009 9.46637
200000 5000 150006 6.27104
190000 5000 150010 10.2834
195000 5000 150009 9.46637
190000 10000 150013 12.7647
195000 10000 150007 7.0238
195000 5000 150009 9.46637
200000 5000 150006 6.27104
195000 10000 150007 7.0238
200000 10000 150006 6.34055
200000 0 150008 7.95348
205000 0 150003 3.13985
200000 5000 150006 6.27104
205000 5000 150002 2.12625
205000 0 150003 3.13985
210000 0 149999 -0.71237
205000 5000 150002 2.12625
210000 5000 149998 -1.58239
200000 5000 150006 6.27104
205000 5000 150002 2.12625
200000 10000 150006 6.34055
205000 10000 150003 2.56622
205000 5000 150002 2.12625
210000 5000 149998 -1.58239
205000 10000 150003 2.56622
210000 10000 149997 -2.81053
210000 0 149999 -0.71237
215000 0 149996 -4.06356
210000 5000 149998 -1.58239
215000 5000 149994 -6.13702
215000 0 149996 -4.06356
220000 0 149993 -7.39914
215000 5000 149994 -6.13702
220000 5000 149989 -10.6811
210000 5000 149998 -1.58239
215000 5000 149994 -6.13702
210000 10000 149997 -2.81053
215000 10000 149993 -6.89308
215000 5000 149994 -6.13702
220000 5000 149989 -10.6811
215000 10000 149993 -6.89308
220000 10000 149987 -13.0169
220000 0 149993 -7.39914
225000 0 149989 -11.3034
220000 5000 149989 -10.6811
225000 5000 149984 -15.7803
225000 0 149989 -11.3034
230000 0 149986 -13.9606
225000 5000 149984 -15.7803
230000 5000 149983 -17.2825
220000 5000 149989 -10.6811
225000 5000 149984 -15.7803
220000 10000 149987 -13.0169
225000 10000 149989 -11.4885
225000 5000 149984 -15.7803
230000 5000 149983 -17.2825
225000 10000 149989 -11.4885
230000 10000 149987 -13.2985
230000 0 149986 -13.9606
235000 0 149985 -15.1095
230000 5000 149983 -17.2825
235000 5000 149983 -17.132
235000 0 149985 -15.1095
240000 0 149984 -16.0446
235000 5000 149983 -17.132
240000 5000 149983 -17.126
230000 5000 149983 -17.2825
235000 5000 149983 -17.132
230000 10000 149987 -13.2985
235000 10000 149984 -15.9532
235000 5000 149983 -17.132
240000 5000 149983 -17.126
235000 10000 149984 -15.9532
240000 10000 149980 -19.8571
160000 10000 150005 5.41646
165000 10000 150011 11.49
160000 15000 150007 6.77969
165000 15000 150012 12.1045
165000 10000 150011 11.49
170000 10000 150016 16.0894
165000 15000 150012 12.1045
170000 15000 150017 16.6253
160000 15000 150007 6.77969
165000 15000 150012 12.1045
160000 20000 150000 0.222677
165000 20000 150010 9.55003
165000 15000 150012 12.1045
170000 15000 150017 16.6253
165000 20000 150010 9.55003
170000 20000 150015 14.7994
170000 10000 150016 16.0894
175000 10000 150018 18.3827
170000 15000 150017 16.6253
175000 15000 150019 18.612
175000 10000 150018 18.3827
180000 10000 150016 16.0096
175000 15000 150019 18.612
180000 15000 150018 18.3966
170000 15000 150017 16.6253
175000 15000 150019 18.612
170000 20000 150015 14.7994
175000 20000 150019 18.8824
175000 15000 150019 18.612
180000 15000 150018 18.3966
175000 20000 150019 18.8824
180000 20000 150020 20.1036
180000 10000 150016 16.0096
185000 10000 150015 14.9648
180000 15000 150018 18.3966
185000 15000 150017 17.031
185000 10000 150015 14.9648
190000 10000 150013 12.7647
185000 15000 150017 17.031
190000 15000 150013 13.4252
180000 15000 150018 18.3966
185000 15000 150017 17.031
180000 20000 150020 20.1036
185000 20000 150020 19.5261
185000 15000 150017 17.031
190000 15000 150013 13.4252
185000 20000 150020 19.5261
190000 20000 150016 16.4579
190000 10000 150013 12.7647
195000 10000 150007 7.0238
190000 15000 150013 13.4252
195000 15000 150011 11.1797
195000 10000 150007 7.0238
200000 10000 150006 6.34055
195000 15000 150011 11.1797
200000 15000 150006 5.54765
190000 15000 150013 13.4252
195000 15000 150011 11.1797
190000 20000 150016 16.4579
195000 20000 150011 10.998
195000 15000 150011 11.1797
200000 15000 150006 5.54765
195000 20000 150011 10.998
200000 20000 150004 4.32503
200000 10000 150006 6.34055
205000 10000 150003 2.56622
200000 15000 150006 5.54765
205000 15000 150002 1.50092
205000 10000 150003 2.56622
210000 10000 149997 -2.81053
205000 15000 150002 1.50092
210000 15000 149998 -2.28545
200000 15000 150006 5.54765
205000 15000 150002 1.50092
200000 20000 150004 4.32503
205000 20000 150001 0.70368
205000 15000 150002 1.50092
210000 15000 149998 -2.28545
205000 20000 150001 0.70368
210000 20000 149999 -0.874979
210000 10000 149997 -2.81053
215000 10000 149993 -6.89308
210000 15000 149998 -2.28545
215000 15000 149991 -8.98186
215000 10000 149993 -6.89308
220000 10000 149987 -13.0169
215000 15000 149991 -8.98186
220000 15000 149992 -8.07072
210000 15000 149998 -2.28545
215000 15000 149991 -8.98186
210000 20000 149999 -0.874979
215000 20000 149997 -2.97197
215000 15000 149991 -8.98186
220000 15000 149992 -8.07072
215000 20000 149997 -2.97197
220000 20000 149993 -6.72063
220000 10000 149987 -13.0169
225000 10000 149989 -11.4885
220000 15000 149992 -8.07072
225000 15000 149989 -11.1331
225000 10000 149989 -11.4885
230000 10000 149987 -13.2985
225000 15000 149989 -11.1331
230000 15000 149987 -13.4596
220000 15000 149992 -8.07072
225000 15000 149989 -11.1331
220000 20000 149993 -6.72063
225000 20000 149989 -10.6983
225000 15000 149989 -11.1331
230000 15000 149987 -13.4596
225000 20000 149989 -10.6983
230000 20000 149986 -14.4609
230000 10000 149987 -13.2985
235000 10000 149984 -15.9532
230000 15000 149987 -13.4596
235000 15000 149984 -15.7692
235000 10000 149984 -15.9532
240000 10000 149980 -19.8571
235000 15000 149984 -15.7692
240000 15000 149982 -18.1807
230000 15000 149987 -13.4596
235000 15000 149984 -15.7692
230000 20000 149986 -14.4609
235000 20000 149984 -15.9132
235000 15000 149984 -15.7692
240000 15000 149982 -18.1807
235000 20000 149984 -15.9132
240000 20000 149983 -17.1503
160000 20000 150000 0.222677
165000 20000 150010 9.55003
160000 25000 149999 -0.975394
165000 25000 150006 5.96995
165000 20000 150010 9.55003
170000 20000 150015 14.7994
165000 25000 150006 5.96995
170000 25000 150013 13.2592
160000 25000 149999 -0.975394
165000 25000 150006 5.96995
160000 30000 150008 8.30418
165000 30000 150013 13.2761
165000 25000 150006 5.96995
170000 25000 150013 13.2592
165000 30000 150013 13.2761
170000 30000 150017 16.8579
170000 20000 150015 14.7994
175000 20000 150019 18.8824
170000 25000 150013 13.2592
175000 25000 150019 18.7313
175000 20000 150019 18.8824
180000 20000 150020 20.1036
175000 25000 150019 18.7313
180000 25000 150021 20.6675
170000 25000 150013 13.2592
175000 25000 150019 18.7313
170000 30000 150017 16.8579
175000 30000 150020 19.8741
175000 25000 150019 18.7313
180000 25000 150021 20.6675
175000 30000 150020 19.8741
180000 30000 150022 21.5672
180000 20000 150020 20.1036
185000 20000 150020 19.5261
180000 25000 150021 20.6675
185000 25000 150021 20.7167
185000 20000 150020 19.5261
190000 20000 150016 16.4579
185000 25000 150021 20.7167
190000 25000 150016 16.3455
180000 25000 150021 20.6675
185000 25000 150021 20.7167
180000 30000 150022 21.5672
185000 30000 150023 22.8756
185000 25000 150021 20.7167
190000 25000 150016 16.3455
185000 30000 150023 22.8756
190000 30000 150019 18.91
190000 20000 150016 16.4579
195000 20000 150011 10.998
190000 25000 150016 16.3455
195000 25000 150011 11.4872
195000 20000 150011 10.998
200000 20000 150004 4.32503
195000 25000 150011 11.4872
200000 25000 150008 8.48975
190000 25000 150016 16.3455
195000 25000 150011 11.4872
190000 30000 150019 18.91
195000 30000 150014 13.9517
195000 25000 150011 11.4872
200000 25000 150008 8.48975
195000 30000 150014 13.9517
200000 30000 150009 9.39838
200000 20000 150004 4.32503
205000 20000 150001 0.70368
200000 25000 150008 8.48975
205000 25000 150005 5.4899
205000 20000 150001 0.70368
210000 20000 149999 -0.874979
205000 25000 150005 5.4899
210000 25000 150002 1.95127
200000 25000 150008 8.48975
205000 25000 150005 5.4899
200000 30000 150009 9.39838
205000 30000 150004 4.16004
205000 25000 150005 5.4899
210000 25000 150002 1.95127
205000 30000 150004 4.16004
210000 30000 149999 -0.620784
210000 20000 149999 -0.874979
215000 20000 149997 -2.97197
210000 25000 150002 1.95127
215000 25000 149998 -2.05926
215000 20000 149997 -2.97197
220000 20000 149993 -6.72063
215000 25000 149998 -2.05926
220000 25000 149994 -5.59205
210000 25000 150002 1.95127
215000 25000 149998 -2.05926
210000 30000 149999 -0.620784
215000 30000 149997 -2.9748
215000 25000 149998 -2.05926
220000 25000 149994 -5.59205
215000 30000 149997 -2.9748
220000 30000 149993 -7.31547
220000 20000 149993 -6.72063
225000 20000 149989 -10.6983
220000 25000 149994 -5.59205
225000 25000 149989 -10.6596
225000 20000 149989 -10.6983
230000 20000 149986 -14.4609
225000 25000 149989 -10.6596
230000 25000 149986 -13.7254
220000 25000 149994 -5.59205
225000 25000 149989 -10.6596
220000 30000 149993 -7.31547
225000 30000 149990 -9.83608
225000 25000 149989 -10.6596
230000 25000 149986 -13.7254
225000 30000 149990 -9.83608
230000 30000 149985 -14.5398
230000 20000 149986 -14.4609
235000 20000 149984 -15.9132
230000 25000 149986 -13.7254
235000 25000 149985 -15.3929
235000 20000 149984 -15.9132
240000 20000 149983 -17.1503
235000 25000 149985 -15.3929
240000 25000 149983 -17.2829
230000 25000 149986 -13.7254
235000 25000 149985 -15.3929
230000 30000 149985 -14.5398
235000 30000 149985 -15.4222
235000 25000 149985 -15.3929
240000 25000 149983 -17.2829
235000 30000 149985 -15.4222
240000 30000 149983 -16.8823
160000 30000 150008 8.30418
165000 30000 150013 13.2761
160000 35000 150010 9.90278
165000 35000 150012 12.3488
165000 30000 150013 13.2761
170000 30000 150017 16.8579
165000 35000 150012 12.3488
170000 35000 150017 16.9117
160000 35000 150010 9.90278
165000 35000 150012 12.3488
160000 40000 149983 -16.6602
165000 40000 150003 2.65103
165000 35000 150012 12.3488
170000 35000 150017 16.9117
165000 40000 150003 2.65103
170000 40000 150015 15.1198
170000 30000 150017 16.8579
175000 30000 150020 19.8741
170000 35000 150017 16.9117
175000 35000 150022 21.9566
175000 30000 150020 19.8741
180000 30000 150022 21.5672
175000 35000 150022 21.9566
180000 35000 150023 23.3782
170000 35000 150017 16.9117
175000 35000 150022 21.9566
170000 40000 150015 15.1198
175000 40000 150020 20.0052
175000 35000 150022 21.9566
180000 35000 150023 23.3782
175000 40000 150020 20.0052
180000 40000 150023 23.4824
180000 30000 150022 21.5672
185000 30000 150023 22.8756
180000 35000 150023 23.3782
185000 35000 150023 23.2554
185000 30000 150023 22.8756
190000 30000 150019 18.91
185000 35000 150023 23.2554
190000 35000 150021 20.7269
180000 35000 150023 23.3782
185000 35000 150023 23.2554
180000 40000 150023 23.4824
185000 40000 150025 24.9804
185000 35000 150023 23.2554
190000 35000 150021 20.7269
185000 40000 150025 24.9804
190000 40000 150023 23.2545
190000 30000 150019 18.91
195000 30000 150014 13.9517
190000 35000 150021 20.7269
195000 35000 150017 16.5209
195000 30000 150014 13.9517
200000 30000 150009 9.39838
195000 35000 150017 16.5209
200000 35000 150011 10.7268
190000 35000 150021 20.7269
195000 35000 150017 16.5209
190000 40000 150023 23.2545
195000 40000 150017 17.2061
195000 35000 150017 16.5209
200000 35000 150011 10.7268
195000 40000 150017 17.2061
200000 40000 150014 14.0726
200000 30000 150009 9.39838
205000 30000 150004 4.16004
200000 35000 150011 10.7268
205000 35000 150008 7.92605
205000 30000 150004 4.16004
210000 30000 149999 -0.620784
205000 35000 150008 7.92605
210000 35000 150000 -0.457317
200000 35000 150011 10.7268
205000 35000 150008 7.92605
200000 40000 150014 14.0726
205000 40000 150008 7.95434
205000 35000 150008 7.92605
210000 35000 150000 -0.457317
205000 40000 150008 7.95434
210000 40000 150003 3.48984
210000 30000 149999 -0.620784
215000 30000 149997 -2.9748
210000 35000 150000 -0.457317
215000 35000 149995 -4.96009
215000 30000 149997 -2.9748
220000 30000 149993 -7.31547
215000 35000 149995 -4.96009
220000 35000 149994 -6.21439
210000 35000 150000 -0.457317
215000 35000 149995 -4.96009
210000 40000 150003 3.48984
215000 40000 149999 -0.938891
215000 35000 149995 -4.96009
220000 35000 149994 -6.21439
215000 40000 149999 -0.938891
220000 40000 149994 -5.83222
220000 30000 149993 -7.31547
225000 30000 149990 -9.83608
220000 35000 149994 -6.21439
225000 35000 149991 -8.92329
225000 30000 149990 -9.83608
230000 30000 149985 -14.5398
225000 35000 149991 -8.92329
230000 35000 149989 -11.041
220000 35000 149994 -6.21439
225000 35000 149991 -8.92329
220000 40000 149994 -5.83222
225000 40000 149991 -9.15991
225000 35000 149991 -8.92329
230000 35000 149989 -11.041
225000 40000 149991 -9.15991
230000 40000 149988 -11.6922
230000 30000 149985 -14.5398
235000 30000 149985 -15.4222
230000 35000 149989 -11.041
235000 35000 149986 -13.6176
235000 30000 149985 -15.4222
240000 30000 149983 -16.8823
235000 35000 149986 -13.6176
240000 35000 149983 -16.6459
230000 35000 149989 -11.041
235000 35000 149986 -13.6176
230000 40000 149988 -11.6922
235000 40000 149985 -14.9843
235000 35000 149986 -13.6176
240000 35000 149983 -16.6459
235000 40000 149985 -14.9843
240000 40000 149983 -16.904
160000 40000 149983 -16.6602
165000 40000 150003 2.65103
160000 45000 150000 0.175271
165000 45000 150012 11.6517
165000 40000 150003 2.65103
170000 40000 150015 15.1198
165000 45000 150012 11.6517
170000 45000 150014 13.9248
160000 45000 150000 0.175271
165000 45000 150012 11.6517
160000 50000 149972 -28.0637
165000 50000 149989 -10.7742
165000 45000 150012 11.6517
170000 45000 150014 13.9248
165000 50000 149989 -10.7742
170000 50000 150010 9.93541
170000 40000 150015 15.1198
175000 40000 150020 20.0052
170000 45000 150014 13.9248
175000 45000 150019 19.2451
175000 40000 150020 20.0052
180000 40000 150023 23.4824
175000 45000 150019 19.2451
180000 45000 150023 22.9513
170000 45000 150014 13.9248
175000 45000 150019 19.2451
170000 50000 150010 9.93541
175000 50000 150019 19.378
175000 45000 150019 19.2451
180000 45000 150023 22.9513
175000 50000 150019 19.378
180000 50000 150024 23.6179
180000 40000 150023 23.4824
185000 40000 150025 24.9804
180000 45000 150023 22.9513
185000 45000 150026 25.627
185000 40000 150025 24.9804
190000 40000 150023 23.2545
185000 45000 150026 25.627
190000 45000 150023 23.0692
180000 45000 150023 22.9513
185000 45000 150026 25.627
180000 50000 150024 23.6179
185000 50000 150026 25.9378
185000 45000 150026 25.627
190000 45000 150023 23.0692
185000 50000 150026 25.9378
190000 50000 150026 25.5684
190000 40000 150023 23.2545
195000 40000 150017 17.2061
190000 45000 150023 23.0692
195000 45000 150021 21.0102
195000 40000 150017 17.2061
200000 40000 150014 14.0726
195000 45000 150021 21.0102
200000 45000 150015 15.3159
190000 45000 150023 23.0692
195000 45000 150021 21.0102
190000 50000 150026 25.5684
195000 50000 150023 22.7605
195000 45000 150021 21.0102
200000 45000 150015 15.3159
195000 50000 150023 22.7605
200000 50000 150019 18.7988
200000 40000 150014 14.0726
205000 40000 150008 7.95434
200000 45000 150015 15.3159
205000 45000 150009 9.30662
205000 40000 150008 7.95434
210000 40000 150003 3.48984
205000 45000 150009 9.30662
210000 45000 150004 4.15911
200000 45000 150015 15.3159
205000 45000 150009 9.30662
200000 50000 150019 18.7988
205000 50000 150014 13.8799
205000 45000 150009 9.30662
210000 45000 150004 4.15911
205000 50000 150014 13.8799
210000 50000 150007 6.63283
210000 40000 150003 3.48984
215000 40000 149999 -0.938891
210000 45000 150004 4.15911
215000 45000 150000 -0.0724133
215000 40000 149999 -0.938891
220000 40000 149994 -5.83222
215000 45000 150000 -0.0724133
220000 45000 149998 -1.71937
210000 45000 150004 4.15911
215000 45000 150000 -0.0724133
210000 50000 150007 6.63283
215000 50000 149999 -1.19649
215000 45000 150000 -0.0724133
220000 45000 149998 -1.71937
215000 50000 149999 -1.19649
220000 50000 149994 -6.3367
220000 40000 149994 -5.83222
225000 40000 149991 -9.15991
220000 45000 149998 -1.71937
225000 45000 149994 -5.89538
225000 40000 149991 -9.15991
230000 40000 149988 -11.6922
225000 45000 149994 -5.89538
230000 45000 149989 -11.2039
220000 45000 149998 -1.71937
225000 45000 149994 -5.89538
220000 50000 149994 -6.3367
225000 50000 149993 -7.16286
225000 45000 149994 -5.89538
230000 45000 149989 -11.2039
225000 50000 149993 -7.16286
230000 50000 149986 -13.8227
230000 40000 149988 -11.6922
235000 40000 149985 -14.9843
230000 45000 149989 -11.2039
235000 45000 149985 -15.0603
235000 40000 149985 -14.9843
240000 40000 149983 -16.904
235000 45000 149985 -15.0603
240000 45000 149982 -18.1979
230000 45000 149989 -11.2039
235000 45000 149985 -15.0603
230000 50000 149986 -13.8227
235000 50000 149985 -14.6504
235000 45000 149985 -15.0603
240000 45000 149982 -18.1979
235000 50000 149985 -14.6504
240000 50000 149984 -15.9196
160000 50000 149972 -28.0637
165000 50000 149989 -10.7742
160000 55000 149960 -39.9825
165000 55000 149987 -12.5078
165000 50000 149989 -10.7742
170000 50000 150010 9.93541
165000 55000 149987 -12.5078
170000 55000 150008 7.68448
160000 55000 149960 -39.9825
165000 55000 149987 -12.5078
160000 60000 149943 -56.781
165000 60000 149980 -19.8614
165000 55000 149987 -12.5078
170000 55000 150008 7.68448
165000 60000 149980 -19.8614
170000 60000 149988 -11.6152
170000 50000 150010 9.93541
175000 50000 150019 19.378
170000 55000 150008 7.68448
175000 55000 150014 14.4313
175000 50000 150019 19.378
180000 50000 150024 23.6179
175000 55000 150014 14.4313
180000 55000 150021 21.4681
170000 55000 150008 7.68448
175000 55000 150014 14.4313
170000 60000 149988 -11.6152
175000 60000 150019 18.6337
175000 55000 150014 14.4313
180000 55000 150021 21.4681
175000 60000 150019 18.6337
180000 60000 150024 23.6784
180000 50000 150024 23.6179
185000 50000 150026 25.9378
180000 55000 150021 21.4681
185000 55000 150026 25.8214
185000 50000 150026 25.9378
190000 50000 150026 25.5684
185000 55000 150026 25.8214
190000 55000 150027 27.3666
180000 55000 150021 21.4681
185000 55000 150026 25.8214
180000 60000 150024 23.6784
185000 60000 150025 25.1223
185000 55000 150026 25.8214
190000 55000 150027 27.3666
185000 60000 150025 25.1223
190000 60000 150027 26.9131
190000 50000 150026 25.5684
195000 50000 150023 22.7605
190000 55000 150027 27.3666
195000 55000 150025 24.9433
195000 50000 150023 22.7605
200000 50000 150019 18.7988
195000 55000 150025 24.9433
200000 55000 150019 18.8303
190000 55000 150027 27.3666
195000 55000 150025 24.9433
190000 60000 150027 26.9131
195000 60000 150025 24.6998
195000 55000 150025 24.9433
200000 55000 150019 18.8303
195000 60000 150025 24.6998
200000 60000 150018 18.1097
200000 50000 150019 18.7988
205000 50000 150014 13.8799
200000 55000 150019 18.8303
205000 55000 150012 11.8693
205000 50000 150014 13.8799
210000 50000 150007 6.63283
205000 55000 150012 11.8693
210000 55000 150005 4.69196
200000 55000 150019 18.8303
205000 55000 150012 11.8693
200000 60000 150018 18.1097
205000 60000 150016 15.6641
205000 55000 150012 11.8693
210000 55000 150005 4.69196
205000 60000 150016 15.6641
210000 60000 150012 12.1664
210000 50000 150007 6.63283
215000 50000 149999 -1.19649
210000 55000 150005 4.69196
215000 55000 150005 5.18988
215000 50000 149999 -1.19649
220000 50000 149994 -6.3367
215000 55000 150005 5.18988
220000 55000 150000 0.183582
210000 55000 150005 4.69196
215000 55000 150005 5.18988
210000 60000 150012 12.1664
215000 60000 150007 7.3779
215000 55000 150005 5.18988
220000 55000 150000 0.183582
215000 60000 150007 7.3779
220000 60000 150001 0.70285
220000 50000 149994 -6.3367
225000 50000 149993 -7.16286
220000 55000 150000 0.183582
225000 55000 149992 -7.71406
225000 50000 149993 -7.16286
230000 50000 149986 -13.8227
225000 55000 149992 -7.71406
230000 55000 149991 -9.484
220000 55000 150000 0.183582
225000 55000 149992 -7.71406
220000 60000 150001 0.70285
225000 60000 149996 -4.24334
225000 55000 149992 -7.71406
230000 55000 149991 -9.484
225000 60000 149996 -4.24334
230000 60000 149992 -7.9988
230000 50000 149986 -13.8227
235000 50000 149985 -14.6504
230000 55000 149991 -9.484
235000 55000 149987 -12.8375
235000 50000 149985 -14.6504
240000 50000 149984 -15.9196
235000 55000 149987 -12.8375
240000 55000 149984 -15.9269
230000 55000 149991 -9.484
235000 55000 149987 -12.8375
230000 60000 149992 -7.9988
235000 60000 149988 -12.082
235000 55000 149987 -12.8375
240000 55000 149984 -15.9269
235000 60000 149988 -12.082
240000 60000 149985 -15.3873
160000 60000 149943 -56.781
165000 60000 149980 -19.8614
160000 65000 149930 -70.1183
165000 65000 149947 -52.8202
165000 60000 149980 -19.8614
170000 60000 149988 -11.6152
165000 65000 149947 -52.8202
170000 65000 149996 -3.59395
160000 65000 149930 -70.1183
165000 65000 149947 -52.8202
160000 70000 149896 -103.534
165000 70000 149940 -59.7354
165000 65000 149947 -52.8202
170000 65000 149996 -3.59395
165000 70000 149940 -59.7354
170000 70000 149980 -19.9114
170000 60000 149988 -11.6152
175000 60000 150019 18.6337
170000 65000 149996 -3.59395
175000 65000 150022 21.618
175000 60000 150019 18.6337
180000 60000 150024 23.6784
175000 65000 150022 21.618
180000 65000 150026 25.5867
170000 65000 149996 -3.59395
175000 65000 150022 21.618
170000 70000 149980 -19.9114
175000 70000 150003 2.98928
175000 65000 150022 21.618
180000 65000 150026 25.5867
175000 70000 150003 2.98928
180000 70000 150022 21.7578
180000 60000 150024 23.6784
185000 60000 150025 25.1223
180000 65000 150026 25.5867
185000 65000 150027 26.7733
185000 60000 150025 25.1223
190000 60000 150027 26.9131
185000 65000 150027 26.7733
190000 65000 150028 27.8033
180000 65000 150026 25.5867
185000 65000 150027 26.7733
180000 70000 150022 21.7578
185000 70000 150028 28.425
185000 65000 150027 26.7733
190000 65000 150028 27.8033
185000 70000 150028 28.425
190000 70000 150029 28.8358
190000 60000 150027 26.9131
195000 60000 150025 24.6998
190000 65000 150028 27.8033
195000 65000 150024 24.4473
195000 60000 150025 24.6998
200000 60000 150018 18.1097
195000 65000 150024 24.4473
200000 65000 150023 22.8511
190000 65000 150028 27.8033
195000 65000 150024 24.4473
190000 70000 150029 28.8358
195000 70000 150028 28.4789
195000 65000 150024 24.4473
200000 65000 150023 22.8511
195000 70000 150028 28.4789
200000 70000 150026 25.9601
160000 70000 149896 -103.534
165000 70000 149940 -59.7354
160000 75000 149872 -127.881
165000 75000 149924 -76.3934
165000 70000 149940 -59.7354
170000 70000 149980 -19.9114
165000 75000 149924 -76.3934
170000 75000 149951 -49.3982
160000 75000 149872 -127.881
165000 75000 149924 -76.3934
160000 80000 149871 -129.322
165000 80000 149893 -107.383
165000 75000 149924 -76.3934
170000 75000 149951 -49.3982
165000 80000 149893 -107.383
170000 80000 149940 -59.9106
170000 70000 149980 -19.9114
175000 70000 150003 2.98928
170000 75000 149951 -49.3982
175000 75000 149992 -8.41195
175000 70000 150003 2.98928
180000 70000 150022 21.7578
175000 75000 149992 -8.41195
180000 75000 150023 22.8081
170000 75000 149951 -49.3982
175000 75000 149992 -8.41195
170000 80000 149940 -59.9106
175000 80000 149983 -16.9649
175000 75000 149992 -8.41195
180000 75000 150023 22.8081
175000 80000 149983 -16.9649
180000 80000 150018 17.8354
180000 70000 150022 21.7578
185000 70000 150028 28.425
180000 75000 150023 22.8081
185000 75000 150032 31.5489
185000 70000 150028 28.425
190000 70000 150029 28.8358
185000 75000 150032 31.5489
190000 75000 150032 31.7445
180000 75000 150023 22.8081
185000 75000 150032 31.5489
180000 80000 150018 17.8354
185000 80000 150030 30.4917
185000 75000 150032 31.5489
190000 75000 150032 31.7445
185000 80000 150030 30.4917
190000 80000 150032 32.1877
190000 70000 150029 28.8358
195000 70000 150028 28.4789
190000 75000 150032 31.7445
195000 75000 150030 29.7819
195000 70000 150028 28.4789
200000 70000 150026 25.9601
195000 75000 150030 29.7819
200000 75000 150026 26.1617
190000 75000 150032 31.7445
195000 75000 150030 29.7819
190000 80000 150032 32.1877
195000 80000 150030 30.145
195000 75000 150030 29.7819
200000 75000 150026 26.1617
195000 80000 150030 30.145
200000 80000 150028 27.9703
110000 80000 150036 36.158
115000 80000 150035 35.4284
110000 85000 150033 32.6068
115000 85000 150034 33.6869
115000 80000 150035 35.4284
120000 80000 150034 34.1415
115000 85000 150034 33.6869
120000 85000 150033 33.2442
110000 85000 150033 32.6068
115000 85000 150034 33.6869
110000 90000 150031 31.2772
115000 90000 150032 32.135
115000 85000 150034 33.6869
120000 85000 150033 33.2442
115000 90000 150032 32.135
120000 90000 150032 31.9194
120000 80000 150034 34.1415
125000 80000 150029 29.1859
120000 85000 150033 33.2442
125000 85000 150029 28.619
125000 80000 150029 29.1859
130000 80000 150022 22.1541
125000 85000 150029 28.619
130000 85000 150023 22.9233
120000 85000 150033 33.2442
125000 85000 150029 28.619
120000 90000 150032 31.9194
125000 90000 150029 28.7796
125000 85000 150029 28.619
130000 85000 150023 22.9233
125000 90000 150029 28.7796
130000 90000 150023 22.6005
130000 80000 150022 22.1541
135000 80000 150011 11.092
130000 85000 150023 22.9233
135000 85000 150018 18.38
135000 80000 150011 11.092
140000 80000 150009 8.62076
135000 85000 150018 18.38
140000 85000 150014 13.981
130000 85000 150023 22.9233
135000 85000 150018 18.38
130000 90000 150023 22.6005
135000 90000 150015 14.7824
135000 85000 150018 18.38
140000 85000 150014 13.981
135000 90000 150015 14.7824
140000 90000 150003 2.58218
140000 80000 150009 8.62076
145000 80000 149993 -7.41917
140000 85000 150014 13.981
145000 85000 150003 2.95985
145000 80000 149993 -7.41917
150000 80000 149954 -46.2237
145000 85000 150003 2.95985
150000 85000 149971 -29.016
140000 85000 150014 13.981
145000 85000 150003 2.95985
140000 90000 150003 2.58218
145000 90000 149981 -18.8005
145000 85000 150003 2.95985
150000 85000 149971 -29.016
145000 90000 149981 -18.8005
150000 90000 149983 -16.5384
150000 80000 149954 -46.2237
155000 80000 149920 -80.0396
150000 85000 149971 -29.016
155000 85000 149940 -59.9301
155000 80000 149920 -80.0396
160000 80000 149871 -129.322
155000 85000 149940 -59.9301
160000 85000 149893 -106.617
150000 85000 149971 -29.016
155000 85000 149940 -59.9301
150000 90000 149983 -16.5384
155000 90000 149956 -44.3737
155000 85000 149940 -59.9301
160000 85000 149893 -106.617
155000 90000 149956 -44.3737
160000 90000 149925 -75.1516
100000 90000 150028 27.5218
105000 90000 150030 29.7751
100000 95000 150025 25.4305
105000 95000 150029 28.9244
105000 90000 150030 29.7751
110000 90000 150031 31.2772
105000 95000 150029 28.9244
110000 95000 150031 31.0281
100000 95000 150025 25.4305
105000 95000 150029 28.9244
100000 100000 150026 25.5574
105000 100000 150028 27.6147
105000 95000 150029 28.9244
110000 95000 150031 31.0281
105000 100000 150028 27.6147
110000 100000 150027 27.1823
110000 90000 150031 31.2772
115000 90000 150032 32.135
110000 95000 150031 31.0281
115000 95000 150030 29.7184
115000 90000 150032 32.135
120000 90000 150032 31.9194
115000 95000 150030 29.7184
120000 95000 150030 29.9387
110000 95000 150031 31.0281
115000 95000 150030 29.7184
110000 100000 150027 27.1823
115000 100000 150030 29.5807
115000 95000 150030 29.7184
120000 95000 150030 29.9387
115000 100000 150030 29.5807
120000 100000 150029 28.9651
120000 90000 150032 31.9194
125000 90000 150029 28.7796
120000 95000 150030 29.9387
125000 95000 150027 27.4587
125000 90000 150029 28.7796
130000 90000 150023 22.6005
125000 95000 150027 27.4587
130000 95000 150022 22.1148
120000 95000 150030 29.9387
125000 95000 150027 27.4587
120000 100000 150029 28.9651
125000 100000 150026 26.1628
125000 95000 150027 27.4587
130000 95000 150022 22.1148
125000 100000 150026 26.1628
130000 100000 150021 21.4036
130000 90000 150023 22.6005
135000 90000 150015 14.7824
130000 95000 150022 22.1148
135000 95000 150016 15.7644
135000 90000 150015 14.7824
140000 90000 150003 2.58218
135000 95000 150016 15.7644
140000 95000 150010 9.7193
130000 95000 150022 22.1148
135000 95000 150016 15.7644
130000 100000 150021 21.4036
135000 100000 150015 15.3702
135000 95000 150016 15.7644
140000 95000 150010 9.7193
135000 100000 150015 15.3702
140000 100000 150009 9.41675
140000 90000 150003 2.58218
145000 90000 149981 -18.8005
140000 95000 150010 9.7193
145000 95000 150005 5.49285
145000 90000 149981 -18.8005
150000 90000 149983 -16.5384
145000 95000 150005 5.49285
150000 95000 149994 -6.34239
140000 95000 150010 9.7193
145000 95000 150005 5.49285
140000 100000 150009 9.41675
145000 100000 150004 3.62195
145000 95000 150005 5.49285
150000 95000 149994 -6.34239
145000 100000 150004 3.62195
150000 100000 149996 -4.07421
150000 90000 149983 -16.5384
155000 90000 149956 -44.3737
150000 95000 149994 -6.34239
155000 95000 149966 -34.2234
155000 90000 149956 -44.3737
160000 90000 149925 -75.1516
155000 95000 149966 -34.2234
160000 95000 149941 -59.3681
150000 95000 149994 -6.34239
155000 95000 149966 -34.2234
150000 100000 149996 -4.07421
155000 100000 149977 -23.2764
155000 95000 149966 -34.2234
160000 95000 149941 -59.3681
155000 100000 149977 -23.2764
160000 100000 149950 -49.8537
80000 100000 150014 13.5561
85000 100000 150018 18.2092
80000 105000 150019 19.3075
85000 105000 150020 19.9793
85000 100000 150018 18.2092
90000 100000 150018 17.7068
85000 105000 150020 19.9793
90000 105000 150021 20.8308
80000 105000 150019 19.3075
85000 105000 150020 19.9793
80000 110000 150018 17.5268
85000 110000 150017 17.2487
85000 105000 150020 19.9793
90000 105000 150021 20.8308
85000 110000 150017 17.2487
90000 110000 150019 19.474
90000 100000 150018 17.7068
95000 100000 150020 20.3209
90000 105000 150021 20.8308
95000 105000 150022 21.5452
95000 100000 150020 20.3209
100000 100000 150026 25.5574
95000 105000 150022 21.5452
100000 105000 150023 23.2328
90000 105000 150021 20.8308
95000 105000 150022 21.5452
90000 110000 150019 19.474
95000 110000 150023 22.8429
95000 105000 150022 21.5452
100000 105000 150023 23.2328
95000 110000 150023 22.8429
100000 110000 150025 25.0798
100000 100000 150026 25.5574
105000 100000 150028 27.6147
100000 105000 150023 23.2328
105000 105000 150026 25.8034
105000 100000 150028 27.6147
110000 100000 150027 27.1823
105000 105000 150026 25.8034
110000 105000 150028 27.9616
100000 105000 150023 23.2328
105000 105000 150026 25.8034
100000 110000 150025 25.0798
105000 110000 150028 27.6933
105000 105000 150026 25.8034
110000 105000 150028 27.9616
105000 110000 150028 27.6933
110000 110000 150027 26.8246
110000 100000 150027 27.1823
115000 100000 150030 29.5807
110000 105000 150028 27.9616
115000 105000 150028 27.9367
115000 100000 150030 29.5807
120000 100000 150029 28.9651
115000 105000 150028 27.9367
120000 105000 150027 27.3449
110000 105000 150028 27.9616
115000 105000 150028 27.9367
110000 110000 150027 26.8246
115000 110000 150025 25.274
115000 105000 150028 27.9367
120000 105000 150027 27.3449
115000 110000 150025 25.274
120000 110000 150025 25.274
120000 100000 150029 28.9651
125000 100000 150026 26.1628
120000 105000 150027 27.3449
125000 105000 150026 26.2686
125000 100000 150026 26.1628
130000 100000 150021 21.4036
125000 105000 150026 26.2686
130000 105000 150023 23.1888
120000 105000 150027 27.3449
125000 105000 150026 26.2686
120000 110000 150025 25.274
125000 110000 150025 25.3902
125000 105000 150026 26.2686
130000 105000 150023 23.1888
125000 110000 150025 25.3902
130000 110000 150021 21.404
130000 100000 150021 21.4036
135000 100000 150015 15.3702
130000 105000 150023 23.1888
135000 105000 150015 14.5002
135000 100000 150015 15.3702
140000 100000 150009 9.41675
135000 105000 150015 14.5002
140000 105000 150005 4.83311
130000 105000 150023 23.1888
135000 105000 150015 14.5002
130000 110000 150021 21.404
135000 110000 150016 15.8532
135000 105000 150015 14.5002
140000 105000 150005 4.83311
135000 110000 150016 15.8532
140000 110000 150006 6.47744
140000 100000 150009 9.41675
145000 100000 150004 3.62195
140000 105000 150005 4.83311
145000 105000 149994 -5.7927
145000 100000 150004 3.62195
150000 100000 149996 -4.07421
145000 105000 149994 -5.7927
150000 105000 149991 -9.45696
140000 105000 150005 4.83311
145000 105000 149994 -5.7927
140000 110000 150006 6.47744
145000 110000 150000 -0.362685
145000 105000 149994 -5.7927
150000 105000 149991 -9.45696
145000 110000 150000 -0.362685
150000 110000 149983 -16.8113
150000 100000 149996 -4.07421
155000 100000 149977 -23.2764
150000 105000 149991 -9.45696
155000 105000 149980 -20.3478
155000 100000 149977 -23.2764
160000 100000 149950 -49.8537
155000 105000 149980 -20.3478
160000 105000 149956 -43.6665
150000 105000 149991 -9.45696
155000 105000 149980 -20.3478
150000 110000 149983 -16.8113
155000 110000 149974 -26.1197
155000 105000 149980 -20.3478
160000 105000 149956 -43.6665
155000 110000 149974 -26.1197
160000 110000 149960 -39.6977
80000 110000 150018 17.5268
85000 110000 150017 17.2487
80000 115000 150017 16.9188
85000 115000 150019 19.2332
85000 110000 150017 17.2487
90000 110000 150019 19.474
85000 115000 150019 19.2332
90000 115000 150020 20.4522
80000 115000 150017 16.9188
85000 115000 150019 19.2332
80000 120000 150016 16.112
85000 120000 150017 17.4235
85000 115000 150019 19.2332
90000 115000 150020 20.4522
85000 120000 150017 17.4235
90000 120000 150019 18.5562
90000 110000 150019 19.474
95000 110000 150023 22.8429
90000 115000 150020 20.4522
95000 115000 150023 22.9778
95000 110000 150023 22.8429
100000 110000 150025 25.0798
95000 115000 150023 22.9778
100000 115000 150025 25.149
90000 115000 150020 20.4522
95000 115000 150023 22.9778
90000 120000 150019 18.5562
95000 120000 150020 19.6644
95000 115000 150023 22.9778
100000 115000 150025 25.149
95000 120000 150020 19.6644
100000 120000 150021 20.8517
100000 110000 150025 25.0798
105000 110000 150028 27.6933
100000 115000 150025 25.149
105000 115000 150025 24.9921
105000 110000 150028 27.6933
110000 110000 150027 26.8246
105000 115000 150025 24.9921
110000 115000 150026 25.7011
100000 115000 150025 25.149
105000 115000 150025 24.9921
100000 120000 150021 20.8517
105000 120000 150025 24.9633
105000 115000 150025 24.9921
110000 115000 150026 25.7011
105000 120000 150025 24.9633
110000 120000 150026 26.4542
110000 110000 150027 26.8246
115000 110000 150025 25.274
110000 115000 150026 25.7011
115000 115000 150026 26.2527
115000 110000 150025 25.274
120000 110000 150025 25.274
115000 115000 150026 26.2527
120000 115000 150026 25.8272
110000 115000 150026 25.7011
115000 115000 150026 26.2527
110000 120000 150026 26.4542
115000 120000 150025 25.0237
115000 115000 150026 26.2527
120000 115000 150026 25.8272
115000 120000 150025 25.0237
120000 120000 150026 25.8831
120000 110000 150025 25.274
125000 110000 150025 25.3902
120000 115000 150026 25.8272
125000 115000 150025 24.8079
125000 110000 150025 25.3902
130000 110000 150021 21.404
125000 115000 150025 24.8079
130000 115000 150022 21.8079
120000 115000 150026 25.8272
125000 115000 150025 24.8079
120000 120000 150026 25.8831
125000 120000 150025 25.0341
125000 115000 150025 24.8079
130000 115000 150022 21.8079
125000 120000 150025 25.0341
130000 120000 150022 21.5693
130000 110000 150021 21.404
135000 110000 150016 15.8532
130000 115000 150022 21.8079
135000 115000 150015 15.2271
135000 110000 150016 15.8532
140000 110000 150006 6.47744
135000 115000 150015 15.2271
140000 115000 150005 4.56016
130000 115000 150022 21.8079
135000 115000 150015 15.2271
130000 120000 150022 21.5693
135000 120000 150016 16.1443
135000 115000 150015 15.2271
140000 115000 150005 4.56016
135000 120000 150016 16.1443
140000 120000 150009 9.40534
140000 110000 150006 6.47744
145000 110000 150000 -0.362685
140000 115000 150005 4.56016
145000 115000 149991 -8.86742
145000 110000 150000 -0.362685
150000 110000 149983 -16.8113
145000 115000 149991 -8.86742
150000 115000 149977 -23.2726
140000 115000 150005 4.56016
145000 115000 149991 -8.86742
140000 120000 150009 9.40534
145000 120000 149998 -1.60358
145000 115000 149991 -8.86742
150000 115000 149977 -23.2726
145000 120000 149998 -1.60358
150000 120000 149988 -12.4925
150000 110000 149983 -16.8113
155000 110000 149974 -26.1197
150000 115000 149977 -23.2726
155000 115000 149961 -38.5878
155000 110000 149974 -26.1197
160000 110000 149960 -39.6977
155000 115000 149961 -38.5878
160000 115000 149949 -50.9215
150000 115000 149977 -23.2726
155000 115000 149961 -38.5878
150000 120000 149988 -12.4925
155000 120000 149977 -23.0538
155000 115000 149961 -38.5878
160000 115000 149949 -50.9215
155000 120000 149977 -23.0538
160000 120000 149965 -35.2659
240000 0 149984 -16.0446
245000 0 149982 -18.3516
240000 5000 149983 -17.126
245000 5000 149981 -18.72
245000 0 149982 -18.3516
250000 0 149979 -20.7413
245000 5000 149981 -18.72
250000 5000 149977 -22.6384
240000 5000 149983 -17.126
245000 5000 149981 -18.72
240000 10000 149980 -19.8571
245000 10000 149979 -21.1242
245000 5000 149981 -18.72
250000 5000 149977 -22.6384
245000 10000 149979 -21.1242
250000 10000 149979 -20.5568
250000 0 149979 -20.7413
255000 0 149977 -22.6112
250000 5000 149977 -22.6384
255000 5000 149977 -22.7844
255000 0 149977 -22.6112
260000 0 149976 -23.7822
255000 5000 149977 -22.7844
260000 5000 149976 -24.4864
250000 5000 149977 -22.6384
255000 5000 149977 -22.7844
250000 10000 149979 -20.5568
255000 10000 149977 -22.7747
255000 5000 149977 -22.7844
260000 5000 149976 -24.4864
255000 10000 149977 -22.7747
260000 10000 149976 -23.9916
260000 0 149976 -23.7822
265000 0 149975 -25.1929
260000 5000 149976 -24.4864
265000 5000 149975 -24.9855
265000 0 149975 -25.1929
270000 0 149974 -25.813
265000 5000 149975 -24.9855
270000 5000 149975 -25.4385
260000 5000 149976 -24.4864
265000 5000 149975 -24.9855
260000 10000 149976 -23.9916
265000 10000 149975 -24.9231
265000 5000 149975 -24.9855
270000 5000 149975 -25.4385
265000 10000 149975 -24.9231
270000 10000 149975 -25.4015
270000 0 149974 -25.813
275000 0 149974 -26.2578
270000 5000 149975 -25.4385
275000 5000 149974 -25.8236
275000 0 149974 -26.2578
280000 0 149973 -26.5647
275000 5000 149974 -25.8236
280000 5000 149974 -26.2421
270000 5000 149975 -25.4385
275000 5000 149974 -25.8236
270000 10000 149975 -25.4015
275000 10000 149974 -25.7804
275000 5000 149974 -25.8236
280000 5000 149974 -26.2421
275000 10000 149974 -25.7804
280000 10000 149974 -26.0737
280000 0 149973 -26.5647
285000 0 149973 -26.8334
280000 5000 149974 -26.2421
285000 5000 149974 -26.4058
285000 0 149973 -26.8334
290000 0 149973 -26.5663
285000 5000 149974 -26.4058
290000 5000 149974 -25.9631
280000 5000 149974 -26.2421
285000 5000 149974 -26.4058
280000 10000 149974 -26.0737
285000 10000 149974 -26.2394
285000 5000 149974 -26.4058
290000 5000 149974 -25.9631
285000 10000 149974 -26.2394
290000 10000 149974 -26.2991
290000 0 149973 -26.5663
295000 0 149974 -25.7944
290000 5000 149974 -25.9631
295000 5000 149974 -25.6638
295000 0 149974 -25.7944
300000 0 149975 -25.1258
295000 5000 149974 -25.6638
300000 5000 149974 -25.6193
290000 5000 149974 -25.9631
295000 5000 149974 -25.6638
290000 10000 149974 -26.2991
295000 10000 149974 -25.789
295000 5000 149974 -25.6638
300000 5000 149974 -25.6193
295000 10000 149974 -25.789
300000 10000 149974 -25.7493
240000 10000 149980 -19.8571
245000 10000 149979 -21.1242
240000 15000 149982 -18.1807
245000 15000 149981 -18.7548
245000 10000 149979 -21.1242
250000 10000 149979 -20.5568
245000 15000 149981 -18.7548
250000 15000 149980 -20.1006
240000 15000 149982 -18.1807
245000 15000 149981 -18.7548
240000 20000 149983 -17.1503
245000 20000 149980 -19.647
245000 15000 149981 -18.7548
250000 15000 149980 -20.1006
245000 20000 149980 -19.647
250000 20000 149980 -20.0832
250000 10000 149979 -20.5568
255000 10000 149977 -22.7747
250000 15000 149980 -20.1006
255000 15000 149978 -21.7192
255000 10000 149977 -22.7747
260000 10000 149976 -23.9916
255000 15000 149978 -21.7192
260000 15000 149977 -23.4906
250000 15000 149980 -20.1006
255000 15000 149978 -21.7192
250000 20000 149980 -20.0832
255000 20000 149979 -21.257
255000 15000 149978 -21.7192
260000 15000 149977 -23.4906
255000 20000 149979 -21.257
260000 20000 149977 -22.7475
260000 10000 149976 -23.9916
265000 10000 149975 -24.9231
260000 15000 149977 -23.4906
265000 15000 149975 -24.617
265000 10000 149975 -24.9231
270000 10000 149975 -25.4015
265000 15000 149975 -24.617
270000 15000 149975 -25.343
260000 15000 149977 -23.4906
265000 15000 149975 -24.617
260000 20000 149977 -22.7475
265000 20000 149975 -24.7409
265000 15000 149975 -24.617
270000 15000 149975 -25.343
265000 20000 149975 -24.7409
270000 20000 149975 -24.9905
270000 10000 149975 -25.4015
275000 10000 149974 -25.7804
270000 15000 149975 -25.343
275000 15000 149974 -25.6756
275000 10000 149974 -25.7804
280000 10000 149974 -26.0737
275000 15000 149974 -25.6756
280000 15000 149974 -25.9955
270000 15000 149975 -25.343
275000 15000 149974 -25.6756
270000 20000 149975 -24.9905
275000 20000 149974 -25.633
275000 15000 149974 -25.6756
280000 15000 149974 -25.9955
275000 20000 149974 -25.633
280000 20000 149974 -25.9726
280000 10000 149974 -26.0737
285000 10000 149974 -26.2394
280000 15000 149974 -25.9955
285000 15000 149974 -26.2122
285000 10000 149974 -26.2394
290000 10000 149974 -26.2991
285000 15000 149974 -26.2122
290000 15000 149974 -26.2919
280000 15000 149974 -25.9955
285000 15000 149974 -26.2122
280000 20000 149974 -25.9726
285000 20000 149974 -26.2031
285000 15000 149974 -26.2122
290000 15000 149974 -26.2919
285000 20000 149974 -26.2031
290000 20000 149974 -26.2945
290000 10000 149974 -26.2991
295000 10000 149974 -25.789
290000 15000 149974 -26.2919
295000 15000 149974 -26.084
295000 10000 149974 -25.789
300000 10000 149974 -25.7493
295000 15000 149974 -26.084
300000 15000 149974 -25.9358
290000 15000 149974 -26.2919
295000 15000 149974 -26.084
290000 20000 149974 -26.2945
295000 20000 149974 -25.9904
295000 15000 149974 -26.084
300000 15000 149974 -25.9358
295000 20000 149974 -25.9904
300000 20000 149974 -26.042
240000 20000 149983 -17.1503
245000 20000 149980 -19.647
240000 25000 149983 -17.2829
245000 25000 149981 -18.6561
245000 20000 149980 -19.647
250000 20000 149980 -20.0832
245000 25000 149981 -18.6561
250000 25000 149979 -21.3528
240000 25000 149983 -17.2829
245000 25000 149981 -18.6561
240000 30000 149983 -16.8823
245000 30000 149981 -18.795
245000 25000 149981 -18.6561
250000 25000 149979 -21.3528
245000 30000 149981 -18.795
250000 30000 149979 -20.9762
250000 20000 149980 -20.0832
255000 20000 149979 -21.257
250000 25000 149979 -21.3528
255000 25000 149978 -21.9719
255000 20000 149979 -21.257
260000 20000 149977 -22.7475
255000 25000 149978 -21.9719
260000 25000 149976 -23.7529
250000 25000 149979 -21.3528
255000 25000 149978 -21.9719
250000 30000 149979 -20.9762
255000 30000 149978 -22.1741
255000 25000 149978 -21.9719
260000 25000 149976 -23.7529
255000 30000 149978 -22.1741
260000 30000 149977 -22.988
260000 20000 149977 -22.7475
265000 20000 149975 -24.7409
260000 25000 149976 -23.7529
265000 25000 149976 -24.0262
265000 20000 149975 -24.7409
270000 20000 149975 -24.9905
265000 25000 149976 -24.0262
270000 25000 149975 -24.7757
260000 25000 149976 -23.7529
265000 25000 149976 -24.0262
260000 30000 149977 -22.988
265000 30000 149976 -23.5328
265000 25000 149976 -24.0262
270000 25000 149975 -24.7757
265000 30000 149976 -23.5328
270000 30000 149976 -24.1463
270000 20000 149975 -24.9905
275000 20000 149974 -25.633
270000 25000 149975 -24.7757
275000 25000 149975 -24.9886
275000 20000 149974 -25.633
280000 20000 149974 -25.9726
275000 25000 149975 -24.9886
280000 25000 149975 -25.4395
270000 25000 149975 -24.7757
275000 25000 149975 -24.9886
270000 30000 149976 -24.1463
275000 30000 149975 -24.7638
275000 25000 149975 -24.9886
280000 25000 149975 -25.4395
275000 30000 149975 -24.7638
280000 30000 149974 -25.5306
280000 20000 149974 -25.9726
285000 20000 149974 -26.2031
280000 25000 149975 -25.4395
285000 25000 149974 -26.2398
285000 20000 149974 -26.2031
290000 20000 149974 -26.2945
285000 25000 149974 -26.2398
290000 25000 149974 -26.4093
280000 25000 149975 -25.4395
285000 25000 149974 -26.2398
280000 30000 149974 -25.5306
285000 30000 149974 -26.1923
285000 25000 149974 -26.2398
290000 25000 149974 -26.4093
285000 30000 149974 -26.1923
290000 30000 149974 -26.393
290000 20000 149974 -26.2945
295000 20000 149974 -25.9904
290000 25000 149974 -26.4093
295000 25000 149974 -26.2015
295000 20000 149974 -25.9904
300000 20000 149974 -26.042
295000 25000 149974 -26.2015
300000 25000 149974 -26.3191
290000 25000 149974 -26.4093
295000 25000 149974 -26.2015
290000 30000 149974 -26.393
295000 30000 149973 -26.5532
295000 25000 149974 -26.2015
300000 25000 149974 -26.3191
295000 30000 149973 -26.5532
300000 30000 149973 -26.7585
240000 30000 149983 -16.8823
245000 30000 149981 -18.795
240000 35000 149983 -16.6459
245000 35000 149982 -18.3705
245000 30000 149981 -18.795
250000 30000 149979 -20.9762
245000 35000 149982 -18.3705
250000 35000 149980 -19.7108
240000 35000 149983 -16.6459
245000 35000 149982 -18.3705
240000 40000 149983 -16.904
245000 40000 149981 -18.603
245000 35000 149982 -18.3705
250000 35000 149980 -19.7108
245000 40000 149981 -18.603
250000 40000 149981 -19.1757
250000 30000 149979 -20.9762
255000 30000 149978 -22.1741
250000 35000 149980 -19.7108
255000 35000 149978 -21.9216
255000 30000 149978 -22.1741
260000 30000 149977 -22.988
255000 35000 149978 -21.9216
260000 35000 149977 -23.3454
250000 35000 149980 -19.7108
255000 35000 149978 -21.9216
250000 40000 149981 -19.1757
255000 40000 149979 -20.5046
255000 35000 149978 -21.9216
260000 35000 149977 -23.3454
255000 40000 149979 -20.5046
260000 40000 149978 -22.0897
260000 30000 149977 -22.988
265000 30000 149976 -23.5328
260000 35000 149977 -23.3454
265000 35000 149976 -24.2996
265000 30000 149976 -23.5328
270000 30000 149976 -24.1463
265000 35000 149976 -24.2996
270000 35000 149975 -24.8303
260000 35000 149977 -23.3454
265000 35000 149976 -24.2996
260000 40000 149978 -22.0897
265000 40000 149976 -23.6596
265000 35000 149976 -24.2996
270000 35000 149975 -24.8303
265000 40000 149976 -23.6596
270000 40000 149976 -24.195
270000 30000 149976 -24.1463
275000 30000 149975 -24.7638
270000 35000 149975 -24.8303
275000 35000 149975 -24.9233
275000 30000 149975 -24.7638
280000 30000 149974 -25.5306
275000 35000 149975 -24.9233
280000 35000 149975 -25.1528
270000 35000 149975 -24.8303
275000 35000 149975 -24.9233
270000 40000 149976 -24.195
275000 40000 149976 -23.9932
275000 35000 149975 -24.9233
280000 35000 149975 -25.1528
275000 40000 149976 -23.9932
280000 40000 149975 -24.6919
280000 30000 149974 -25.5306
285000 30000 149974 -26.1923
280000 35000 149975 -25.1528
285000 35000 149974 -25.8699
285000 30000 149974 -26.1923
290000 30000 149974 -26.393
285000 35000 149974 -25.8699
290000 35000 149974 -26.1512
280000 35000 149975 -25.1528
285000 35000 149974 -25.8699
280000 40000 149975 -24.6919
285000 40000 149975 -25.2143
285000 35000 149974 -25.8699
290000 35000 149974 -26.1512
285000 40000 149975 -25.2143
290000 40000 149975 -25.481
290000 30000 149974 -26.393
295000 30000 149973 -26.5532
290000 35000 149974 -26.1512
295000 35000 149974 -26.374
295000 30000 149973 -26.5532
300000 30000 149973 -26.7585
295000 35000 149974 -26.374
300000 35000 149973 -26.5637
290000 35000 149974 -26.1512
295000 35000 149974 -26.374
290000 40000 149975 -25.481
295000 40000 149974 -26.037
295000 35000 149974 -26.374
300000 35000 149973 -26.5637
295000 40000 149974 -26.037
300000 40000 149973 -26.9262
240000 40000 149983 -16.904
245000 40000 149981 -18.603
240000 45000 149982 -18.1979
245000 45000 149981 -18.5385
245000 40000 149981 -18.603
250000 40000 149981 -19.1757
245000 45000 149981 -18.5385
250000 45000 149979 -20.8717
240000 45000 149982 -18.1979
245000 45000 149981 -18.5385
240000 50000 149984 -15.9196
245000 50000 149982 -17.6151
245000 45000 149981 -18.5385
250000 45000 149979 -20.8717
245000 50000 149982 -17.6151
250000 50000 149981 -19.003
250000 40000 149981 -19.1757
255000 40000 149979 -20.5046
250000 45000 149979 -20.8717
255000 45000 149979 -21.3504
255000 40000 149979 -20.5046
260000 40000 149978 -22.0897
255000 45000 149979 -21.3504
260000 45000 149977 -22.9543
250000 45000 149979 -20.8717
255000 45000 149979 -21.3504
250000 50000 149981 -19.003
255000 50000 149980 -20.4853
255000 45000 149979 -21.3504
260000 45000 149977 -22.9543
255000 50000 149980 -20.4853
260000 50000 149978 -21.8368
260000 40000 149978 -22.0897
265000 40000 149976 -23.6596
260000 45000 149977 -22.9543
265000 45000 149976 -23.5496
265000 40000 149976 -23.6596
270000 40000 149976 -24.195
265000 45000 149976 -23.5496
270000 45000 149976 -23.9405
260000 45000 149977 -22.9543
265000 45000 149976 -23.5496
260000 50000 149978 -21.8368
265000 50000 149977 -23.0072
265000 45000 149976 -23.5496
270000 45000 149976 -23.9405
265000 50000 149977 -23.0072
270000 50000 149976 -23.8292
270000 40000 149976 -24.195
275000 40000 149976 -23.9932
270000 45000 149976 -23.9405
275000 45000 149976 -23.9176
275000 40000 149976 -23.9932
280000 40000 149975 -24.6919
275000 45000 149976 -23.9176
280000 45000 149976 -24.3785
270000 45000 149976 -23.9405
275000 45000 149976 -23.9176
270000 50000 149976 -23.8292
275000 50000 149975 -24.521
275000 45000 149976 -23.9176
280000 45000 149976 -24.3785
275000 50000 149975 -24.521
280000 50000 149975 -24.6646
280000 40000 149975 -24.6919
285000 40000 149975 -25.2143
280000 45000 149976 -24.3785
285000 45000 149975 -25.4183
285000 40000 149975 -25.2143
290000 40000 149975 -25.481
285000 45000 149975 -25.4183
290000 45000 149974 -26.137
280000 45000 149976 -24.3785
285000 45000 149975 -25.4183
280000 50000 149975 -24.6646
285000 50000 149975 -25.1077
285000 45000 149975 -25.4183
290000 45000 149974 -26.137
285000 50000 149975 -25.1077
290000 50000 149975 -25.3187
290000 40000 149975 -25.481
295000 40000 149974 -26.037
290000 45000 149974 -26.137
295000 45000 149973 -26.5158
295000 40000 149974 -26.037
300000 40000 149973 -26.9262
295000 45000 149973 -26.5158
300000 45000 149974 -26.3959
290000 45000 149974 -26.137
295000 45000 149973 -26.5158
290000 50000 149975 -25.3187
295000 50000 149974 -25.812
295000 45000 149973 -26.5158
300000 45000 149974 -26.3959
295000 50000 149974 -25.812
300000 50000 149973 -26.7509
240000 50000 149984 -15.9196
245000 50000 149982 -17.6151
240000 55000 149984 -15.9269
245000 55000 149982 -17.5612
245000 50000 149982 -17.6151
250000 50000 149981 -19.003
245000 55000 149982 -17.5612
250000 55000 149980 -20.3841
240000 55000 149984 -15.9269
245000 55000 149982 -17.5612
240000 60000 149985 -15.3873
245000 60000 149981 -18.5008
245000 55000 149982 -17.5612
250000 55000 149980 -20.3841
245000 60000 149981 -18.5008
250000 60000 149980 -19.5208
250000 50000 149981 -19.003
255000 50000 149980 -20.4853
250000 55000 149980 -20.3841
255000 55000 149978 -22.2341
255000 50000 149980 -20.4853
260000 50000 149978 -21.8368
255000 55000 149978 -22.2341
260000 55000 149977 -22.8456
250000 55000 149980 -20.3841
255000 55000 149978 -22.2341
250000 60000 149980 -19.5208
255000 60000 149980 -20.2019
255000 55000 149978 -22.2341
260000 55000 149977 -22.8456
255000 60000 149980 -20.2019
260000 60000 149979 -21.396
260000 50000 149978 -21.8368
265000 50000 149977 -23.0072
260000 55000 149977 -22.8456
265000 55000 149977 -23.4415
265000 50000 149977 -23.0072
270000 50000 149976 -23.8292
265000 55000 149977 -23.4415
270000 55000 149977 -23.4062
260000 55000 149977 -22.8456
265000 55000 149977 -23.4415
260000 60000 149979 -21.396
265000 60000 149977 -22.7263
265000 55000 149977 -23.4415
270000 55000 149977 -23.4062
265000 60000 149977 -22.7263
270000 60000 149977 -23.046
270000 50000 149976 -23.8292
275000 50000 149975 -24.521
270000 55000 149977 -23.4062
275000 55000 149976 -24.2626
275000 50000 149975 -24.521
280000 50000 149975 -24.6646
275000 55000 149976 -24.2626
280000 55000 149975 -25.2749
270000 55000 149977 -23.4062
275000 55000 149976 -24.2626
270000 60000 149977 -23.046
275000 60000 149976 -24.2816
275000 55000 149976 -24.2626
280000 55000 149975 -25.2749
275000 60000 149976 -24.2816
280000 60000 149975 -25.0327
280000 50000 149975 -24.6646
285000 50000 149975 -25.1077
280000 55000 149975 -25.2749
285000 55000 149975 -25.0876
285000 50000 149975 -25.1077
290000 50000 149975 -25.3187
285000 55000 149975 -25.0876
290000 55000 149974 -25.9055
280000 55000 149975 -25.2749
285000 55000 149975 -25.0876
280000 60000 149975 -25.0327
285000 60000 149974 -25.8569
285000 55000 149975 -25.0876
290000 55000 149974 -25.9055
285000 60000 149974 -25.8569
290000 60000 149974 -25.9088
290000 50000 149975 -25.3187
295000 50000 149974 -25.812
290000 55000 149974 -25.9055
295000 55000 149974 -26.3369
295000 50000 149974 -25.812
300000 50000 149973 -26.7509
295000 55000 149974 -26.3369
300000 55000 149973 -26.5308
290000 55000 149974 -25.9055
295000 55000 149974 -26.3369
290000 60000 149974 -25.9088
295000 60000 149973 -26.5678
295000 55000 149974 -26.3369
300000 55000 149973 -26.5308
295000 60000 149973 -26.5678
300000 60000 149973 -26.9767
200000 60000 150018 18.1097
205000 60000 150016 15.6641
200000 65000 150023 22.8511
205000 65000 150020 20.2151
205000 60000 150016 15.6641
210000 60000 150012 12.1664
205000 65000 150020 20.2151
210000 65000 150014 13.8023
200000 65000 150023 22.8511
205000 65000 150020 20.2151
200000 70000 150026 25.9601
205000 70000 150020 19.6208
205000 65000 150020 20.2151
210000 65000 150014 13.8023
205000 70000 150020 19.6208
210000 70000 150012 12.1756
210000 60000 150012 12.1664
215000 60000 150007 7.3779
210000 65000 150014 13.8023
215000 65000 150008 8.10834
215000 60000 150007 7.3779
220000 60000 150001 0.70285
215000 65000 150008 8.10834
220000 65000 150003 3.40392
210000 65000 150014 13.8023
215000 65000 150008 8.10834
210000 70000 150012 12.1756
215000 70000 150007 7.39611
215000 65000 150008 8.10834
220000 65000 150003 3.40392
215000 70000 150007 7.39611
220000 70000 150000 0.172476
220000 60000 150001 0.70285
225000 60000 149996 -4.24334
220000 65000 150003 3.40392
225000 65000 149998 -1.95503
225000 60000 149996 -4.24334
230000 60000 149992 -7.9988
225000 65000 149998 -1.95503
230000 65000 149993 -6.59792
220000 65000 150003 3.40392
225000 65000 149998 -1.95503
220000 70000 150000 0.172476
225000 70000 149996 -3.61279
225000 65000 149998 -1.95503
230000 65000 149993 -6.59792
225000 70000 149996 -3.61279
230000 70000 149990 -9.63359
230000 60000 149992 -7.9988
235000 60000 149988 -12.082
230000 65000 149993 -6.59792
235000 65000 149989 -11.2524
235000 60000 149988 -12.082
240000 60000 149985 -15.3873
235000 65000 149989 -11.2524
240000 65000 149985 -15.164
230000 65000 149993 -6.59792
235000 65000 149989 -11.2524
230000 70000 149990 -9.63359
235000 70000 149986 -13.6493
235000 65000 149989 -11.2524
240000 65000 149985 -15.164
235000 70000 149986 -13.6493
240000 70000 149985 -14.7204
240000 60000 149985 -15.3873
245000 60000 149981 -18.5008
240000 65000 149985 -15.164
245000 65000 149983 -16.8112
245000 60000 149981 -18.5008
250000 60000 149980 -19.5208
245000 65000 149983 -16.8112
250000 65000 149982 -18.2159
240000 65000 149985 -15.164
245000 65000 149983 -16.8112
240000 70000 149985 -14.7204
245000 70000 149983 -17.4552
245000 65000 149983 -16.8112
250000 65000 149982 -18.2159
245000 70000 149983 -17.4552
250000 70000 149982 -18.2962
250000 60000 149980 -19.5208
255000 60000 149980 -20.2019
250000 65000 149982 -18.2159
255000 65000 149980 -20.4085
255000 60000 149980 -20.2019
260000 60000 149979 -21.396
255000 65000 149980 -20.4085
260000 65000 149978 -22.2511
250000 65000 149982 -18.2159
255000 65000 149980 -20.4085
250000 70000 149982 -18.2962
255000 70000 149979 -20.7509
255000 65000 149980 -20.4085
260000 65000 149978 -22.2511
255000 70000 149979 -20.7509
260000 70000 149979 -21.4635
260000 60000 149979 -21.396
265000 60000 149977 -22.7263
260000 65000 149978 -22.2511
265000 65000 149977 -23.4014
265000 60000 149977 -22.7263
270000 60000 149977 -23.046
265000 65000 149977 -23.4014
270000 65000 149976 -23.8646
260000 65000 149978 -22.2511
265000 65000 149977 -23.4014
260000 70000 149979 -21.4635
265000 70000 149978 -22.3066
265000 65000 149977 -23.4014
270000 65000 149976 -23.8646
265000 70000 149978 -22.3066
270000 70000 149976 -23.576
270000 60000 149977 -23.046
275000 60000 149976 -24.2816
270000 65000 149976 -23.8646
275000 65000 149976 -24.4303
275000 60000 149976 -24.2816
280000 60000 149975 -25.0327
275000 65000 149976 -24.4303
280000 65000 149975 -24.7029
270000 65000 149976 -23.8646
275000 65000 149976 -24.4303
270000 70000 149976 -23.576
275000 70000 149976 -23.8055
275000 65000 149976 -24.4303
280000 65000 149975 -24.7029
275000 70000 149976 -23.8055
280000 70000 149976 -24.1674
280000 60000 149975 -25.0327
285000 60000 149974 -25.8569
280000 65000 149975 -24.7029
285000 65000 149975 -24.9195
285000 60000 149974 -25.8569
290000 60000 149974 -25.9088
285000 65000 149975 -24.9195
290000 65000 149974 -25.663
280000 65000 149975 -24.7029
285000 65000 149975 -24.9195
280000 70000 149976 -24.1674
285000 70000 149976 -24.1964
285000 65000 149975 -24.9195
290000 65000 149974 -25.663
285000 70000 149976 -24.1964
290000 70000 149975 -25.4207
290000 60000 149974 -25.9088
295000 60000 149973 -26.5678
290000 65000 149974 -25.663
295000 65000 149973 -26.6987
295000 60000 149973 -26.5678
300000 60000 149973 -26.9767
295000 65000 149973 -26.6987
300000 65000 149973 -27.1426
290000 65000 149974 -25.663
295000 65000 149973 -26.6987
290000 70000 149975 -25.4207
295000 70000 149974 -26.2649
295000 65000 149973 -26.6987
300000 65000 149973 -27.1426
295000 70000 149974 -26.2649
300000 70000 149973 -27.0719
200000 70000 150026 25.9601
205000 70000 150020 19.6208
200000 75000 150026 26.1617
205000 75000 150022 21.5948
205000 70000 150020 19.6208
210000 70000 150012 12.1756
205000 75000 150022 21.5948
210000 75000 150016 16.4336
200000 75000 150026 26.1617
205000 75000 150022 21.5948
200000 80000 150028 27.9703
205000 80000 150023 23.2099
205000 75000 150022 21.5948
210000 75000 150016 16.4336
205000 80000 150023 23.2099
210000 80000 150017 17.0845
210000 70000 150012 12.1756
215000 70000 150007 7.39611
210000 75000 150016 16.4336
215000 75000 150010 9.69232
215000 70000 150007 7.39611
220000 70000 150000 0.172476
215000 75000 150010 9.69232
220000 75000 150002 2.11042
210000 75000 150016 16.4336
215000 75000 150010 9.69232
210000 80000 150017 17.0845
215000 80000 150011 10.9905
215000 75000 150010 9.69232
220000 75000 150002 2.11042
215000 80000 150011 10.9905
220000 80000 150005 5.21979
220000 70000 150000 0.172476
225000 70000 149996 -3.61279
220000 75000 150002 2.11042
225000 75000 149998 -1.85012
225000 70000 149996 -3.61279
230000 70000 149990 -9.63359
225000 75000 149998 -1.85012
230000 75000 149992 -7.80983
220000 75000 150002 2.11042
225000 75000 149998 -1.85012
220000 80000 150005 5.21979
225000 80000 149998 -2.15943
225000 75000 149998 -1.85012
230000 75000 149992 -7.80983
225000 80000 149998 -2.15943
230000 80000 149991 -8.63475
230000 70000 149990 -9.63359
235000 70000 149986 -13.6493
230000 75000 149992 -7.80983
235000 75000 149985 -14.9847
235000 70000 149986 -13.6493
240000 70000 149985 -14.7204
235000 75000 149985 -14.9847
240000 75000 149982 -17.7133
230000 75000 149992 -7.80983
235000 75000 149985 -14.9847
230000 80000 149991 -8.63475
235000 80000 149989 -11.0213
235000 75000 149985 -14.9847
240000 75000 149982 -17.7133
235000 80000 149989 -11.0213
240000 80000 149986 -13.6168
240000 70000 149985 -14.7204
245000 70000 149983 -17.4552
240000 75000 149982 -17.7133
245000 75000 149981 -19.3037
245000 70000 149983 -17.4552
250000 70000 149982 -18.2962
245000 75000 149981 -19.3037
250000 75000 149980 -20.3244
240000 75000 149982 -17.7133
245000 75000 149981 -19.3037
240000 80000 149986 -13.6168
245000 80000 149984 -16.3108
245000 75000 149981 -19.3037
250000 75000 149980 -20.3244
245000 80000 149984 -16.3108
250000 80000 149982 -17.7424
250000 70000 149982 -18.2962
255000 70000 149979 -20.7509
250000 75000 149980 -20.3244
255000 75000 149979 -21.0169
255000 70000 149979 -20.7509
260000 70000 149979 -21.4635
255000 75000 149979 -21.0169
260000 75000 149978 -21.7592
250000 75000 149980 -20.3244
255000 75000 149979 -21.0169
250000 80000 149982 -17.7424
255000 80000 149980 -19.7248
255000 75000 149979 -21.0169
260000 75000 149978 -21.7592
255000 80000 149980 -19.7248
260000 80000 149978 -21.6255
260000 70000 149979 -21.4635
265000 70000 149978 -22.3066
260000 75000 149978 -21.7592
265000 75000 149978 -22.4416
265000 70000 149978 -22.3066
270000 70000 149976 -23.576
265000 75000 149978 -22.4416
270000 75000 149977 -22.6688
260000 75000 149978 -21.7592
265000 75000 149978 -22.4416
260000 80000 149978 -21.6255
265000 80000 149978 -22.1848
265000 75000 149978 -22.4416
270000 75000 149977 -22.6688
265000 80000 149978 -22.1848
270000 80000 149977 -22.6079
270000 70000 149976 -23.576
275000 70000 149976 -23.8055
270000 75000 149977 -22.6688
275000 75000 149977 -23.0484
275000 70000 149976 -23.8055
280000 70000 149976 -24.1674
275000 75000 149977 -23.0484
280000 75000 149977 -22.965
270000 75000 149977 -22.6688
275000 75000 149977 -23.0484
270000 80000 149977 -22.6079
275000 80000 149977 -22.889
275000 75000 149977 -23.0484
280000 75000 149977 -22.965
275000 80000 149977 -22.889
280000 80000 149977 -23.4854
280000 70000 149976 -24.1674
285000 70000 149976 -24.1964
280000 75000 149977 -22.965
285000 75000 149976 -23.6471
285000 70000 149976 -24.1964
290000 70000 149975 -25.4207
285000 75000 149976 -23.6471
290000 75000 149975 -24.7028
280000 75000 149977 -22.965
285000 75000 149976 -23.6471
280000 80000 149977 -23.4854
285000 80000 149976 -23.9958
285000 75000 149976 -23.6471
290000 75000 149975 -24.7028
285000 80000 149976 -23.9958
290000 80000 149976 -24.4455
290000 70000 149975 -25.4207
295000 70000 149974 -26.2649
290000 75000 149975 -24.7028
295000 75000 149974 -25.7952
295000 70000 149974 -26.2649
300000 70000 149973 -27.0719
295000 75000 149974 -25.7952
300000 75000 149974 -26.47
290000 75000 149975 -24.7028
295000 75000 149974 -25.7952
290000 80000 149976 -24.4455
295000 80000 149975 -25.4972
295000 75000 149974 -25.7952
300000 75000 149974 -26.47
295000 80000 149975 -25.4972
300000 80000 149973 -26.5046
160000 80000 149871 -129.322
165000 80000 149893 -107.383
160000 85000 149893 -106.617
165000 85000 149871 -128.953
165000 80000 149893 -107.383
170000 80000 149940 -59.9106
165000 85000 149871 -128.953
170000 85000 149924 -75.7362
160000 85000 149893 -106.617
165000 85000 149871 -128.953
160000 90000 149925 -75.1516
165000 90000 149880 -120.413
165000 85000 149871 -128.953
170000 85000 149924 -75.7362
165000 90000 149880 -120.413
170000 90000 149896 -103.782
170000 80000 149940 -59.9106
175000 80000 149983 -16.9649
170000 85000 149924 -75.7362
175000 85000 149957 -43.4925
175000 80000 149983 -16.9649
180000 80000 150018 17.8354
175000 85000 149957 -43.4925
180000 85000 149999 -0.815004
170000 85000 149924 -75.7362
175000 85000 149957 -43.4925
170000 90000 149896 -103.782
175000 90000 149939 -60.7648
175000 85000 149957 -43.4925
180000 85000 149999 -0.815004
175000 90000 149939 -60.7648
180000 90000 149982 -18.0007
180000 80000 150018 17.8354
185000 80000 150030 30.4917
180000 85000 149999 -0.815004
185000 85000 150030 30.3813
185000 80000 150030 30.4917
190000 80000 150032 32.1877
185000 85000 150030 30.3813
190000 85000 150033 32.8729
180000 85000 149999 -0.815004
185000 85000 150030 30.3813
180000 90000 149982 -18.0007
185000 90000 150026 25.6849
185000 85000 150030 30.3813
190000 85000 150033 32.8729
185000 90000 150026 25.6849
190000 90000 150036 35.5835
190000 80000 150032 32.1877
195000 80000 150030 30.145
190000 85000 150033 32.8729
195000 85000 150029 29.1707
195000 80000 150030 30.145
200000 80000 150028 27.9703
195000 85000 150029 29.1707
200000 85000 150027 27.3375
190000 85000 150033 32.8729
195000 85000 150029 29.1707
190000 90000 150036 35.5835
195000 90000 150030 29.7553
195000 85000 150029 29.1707
200000 85000 150027 27.3375
195000 90000 150030 29.7553
200000 90000 150026 26.4508
200000 80000 150028 27.9703
205000 80000 150023 23.2099
200000 85000 150027 27.3375
205000 85000 150024 24.0166
205000 80000 150023 23.2099
210000 80000 150017 17.0845
205000 85000 150024 24.0166
210000 85000 150020 20.3426
200000 85000 150027 27.3375
205000 85000 150024 24.0166
200000 90000 150026 26.4508
205000 90000 150023 23.1816
205000 85000 150024 24.0166
210000 85000 150020 20.3426
205000 90000 150023 23.1816
210000 90000 150017 16.9759
210000 80000 150017 17.0845
215000 80000 150011 10.9905
210000 85000 150020 20.3426
215000 85000 150014 13.6994
215000 80000 150011 10.9905
220000 80000 150005 5.21979
215000 85000 150014 13.6994
220000 85000 150006 6.32315
210000 85000 150020 20.3426
215000 85000 150014 13.6994
210000 90000 150017 16.9759
215000 90000 150011 10.6936
215000 85000 150014 13.6994
220000 85000 150006 6.32315
215000 90000 150011 10.6936
220000 90000 150004 4.38371
220000 80000 150005 5.21979
225000 80000 149998 -2.15943
220000 85000 150006 6.32315
225000 85000 150000 0.20682
225000 80000 149998 -2.15943
230000 80000 149991 -8.63475
225000 85000 150000 0.20682
230000 85000 149996 -4.01029
220000 85000 150006 6.32315
225000 85000 150000 0.20682
220000 90000 150004 4.38371
225000 90000 150000 0.432618
225000 85000 150000 0.20682
230000 85000 149996 -4.01029
225000 90000 150000 0.432618
230000 90000 149995 -4.65496
230000 80000 149991 -8.63475
235000 80000 149989 -11.0213
230000 85000 149996 -4.01029
235000 85000 149991 -8.60664
235000 80000 149989 -11.0213
240000 80000 149986 -13.6168
235000 85000 149991 -8.60664
240000 85000 149986 -13.8291
230000 85000 149996 -4.01029
235000 85000 149991 -8.60664
230000 90000 149995 -4.65496
235000 90000 149989 -10.8861
235000 85000 149991 -8.60664
240000 85000 149986 -13.8291
235000 90000 149989 -10.8861
240000 90000 149985 -14.8102
240000 80000 149986 -13.6168
245000 80000 149984 -16.3108
240000 85000 149986 -13.8291
245000 85000 149983 -17.4318
245000 80000 149984 -16.3108
250000 80000 149982 -17.7424
245000 85000 149983 -17.4318
250000 85000 149981 -18.6236
240000 85000 149986 -13.8291
245000 85000 149983 -17.4318
240000 90000 149985 -14.8102
245000 90000 149984 -16.4617
245000 85000 149983 -17.4318
250000 85000 149981 -18.6236
245000 90000 149984 -16.4617
250000 90000 149981 -19.0863
250000 80000 149982 -17.7424
255000 80000 149980 -19.7248
250000 85000 149981 -18.6236
255000 85000 149979 -20.8963
255000 80000 149980 -19.7248
260000 80000 149978 -21.6255
255000 85000 149979 -20.8963
260000 85000 149978 -21.6182
250000 85000 149981 -18.6236
255000 85000 149979 -20.8963
250000 90000 149981 -19.0863
255000 90000 149980 -20.1918
255000 85000 149979 -20.8963
260000 85000 149978 -21.6182
255000 90000 149980 -20.1918
260000 90000 149979 -21.4004
260000 80000 149978 -21.6255
265000 80000 149978 -22.1848
260000 85000 149978 -21.6182
265000 85000 149978 -22.1618
265000 80000 149978 -22.1848
270000 80000 149977 -22.6079
265000 85000 149978 -22.1618
270000 85000 149977 -22.5983
260000 85000 149978 -21.6182
265000 85000 149978 -22.1618
260000 90000 149979 -21.4004
265000 90000 149978 -22.1817
265000 85000 149978 -22.1618
270000 85000 149977 -22.5983
265000 90000 149978 -22.1817
270000 90000 149977 -22.6558
270000 80000 149977 -22.6079
275000 80000 149977 -22.889
270000 85000 149977 -22.5983
275000 85000 149977 -23.0176
275000 80000 149977 -22.889
280000 80000 149977 -23.4854
275000 85000 149977 -23.0176
280000 85000 149977 -23.3143
270000 85000 149977 -22.5983
275000 85000 149977 -23.0176
270000 90000 149977 -22.6558
275000 90000 149977 -23.0658
275000 85000 149977 -23.0176
280000 85000 149977 -23.3143
275000 90000 149977 -23.0658
280000 90000 149977 -23.3397
280000 80000 149977 -23.4854
285000 80000 149976 -23.9958
280000 85000 149977 -23.3143
285000 85000 149976 -24.2641
285000 80000 149976 -23.9958
290000 80000 149976 -24.4455
285000 85000 149976 -24.2641
290000 85000 149975 -25.1264
280000 85000 149977 -23.3143
285000 85000 149976 -24.2641
280000 90000 149977 -23.3397
285000 90000 149976 -23.7012
285000 85000 149976 -24.2641
290000 85000 149975 -25.1264
285000 90000 149976 -23.7012
290000 90000 149975 -24.8975
290000 80000 149976 -24.4455
295000 80000 149975 -25.4972
290000 85000 149975 -25.1264
295000 85000 149974 -25.9552
295000 80000 149975 -25.4972
300000 80000 149973 -26.5046
295000 85000 149974 -25.9552
300000 85000 149974 -26.3648
290000 85000 149975 -25.1264
295000 85000 149974 -25.9552
290000 90000 149975 -24.8975
295000 90000 149974 -25.9069
295000 85000 149974 -25.9552
300000 85000 149974 -26.3648
295000 90000 149974 -25.9069
300000 90000 149974 -26.2853
160000 90000 149925 -75.1516
165000 90000 149880 -120.413
160000 95000 149941 -59.3681
165000 95000 149906 -94.0018
165000 90000 149880 -120.413
170000 90000 149896 -103.782
165000 95000 149906 -94.0018
170000 95000 149886 -114.044
160000 95000 149941 -59.3681
165000 95000 149906 -94.0018
160000 100000 149950 -49.8537
165000 100000 149928 -72.0259
165000 95000 149906 -94.0018
170000 95000 149886 -114.044
165000 100000 149928 -72.0259
170000 100000 149900 -100.417
170000 90000 149896 -103.782
175000 90000 149939 -60.7648
170000 95000 149886 -114.044
175000 95000 149924 -75.6552
175000 90000 149939 -60.7648
180000 90000 149982 -18.0007
175000 95000 149924 -75.6552
180000 95000 149960 -39.6798
170000 95000 149886 -114.044
175000 95000 149924 -75.6552
170000 100000 149900 -100.417
175000 100000 149911 -89.3826
175000 95000 149924 -75.6552
180000 95000 149960 -39.6798
175000 100000 149911 -89.3826
180000 100000 149943 -57.0566
180000 90000 149982 -18.0007
185000 90000 150026 25.6849
180000 95000 149960 -39.6798
185000 95000 150009 9.24988
185000 90000 150026 25.6849
190000 90000 150036 35.5835
185000 95000 150009 9.24988
190000 95000 150034 33.6622
180000 95000 149960 -39.6798
185000 95000 150009 9.24988
180000 100000 149943 -57.0566
185000 100000 149990 -9.81074
185000 95000 150009 9.24988
190000 95000 150034 33.6622
185000 100000 149990 -9.81074
190000 100000 150026 25.9893
190000 90000 150036 35.5835
195000 90000 150030 29.7553
190000 95000 150034 33.6622
195000 95000 150031 31.062
195000 90000 150030 29.7553
200000 90000 150026 26.4508
195000 95000 150031 31.062
200000 95000 150026 25.6723
190000 95000 150034 33.6622
195000 95000 150031 31.062
190000 100000 150026 25.9893
195000 100000 150029 29.4783
195000 95000 150031 31.062
200000 95000 150026 25.6723
195000 100000 150029 29.4783
200000 100000 150025 24.6667
200000 90000 150026 26.4508
205000 90000 150023 23.1816
200000 95000 150026 25.6723
205000 95000 150022 22.4319
205000 90000 150023 23.1816
210000 90000 150017 16.9759
205000 95000 150022 22.4319
210000 95000 150020 20.2682
200000 95000 150026 25.6723
205000 95000 150022 22.4319
200000 100000 150025 24.6667
205000 100000 150022 21.9357
205000 95000 150022 22.4319
210000 95000 150020 20.2682
205000 100000 150022 21.9357
210000 100000 150016 16.2964
210000 90000 150017 16.9759
215000 90000 150011 10.6936
210000 95000 150020 20.2682
215000 95000 150013 13.4556
215000 90000 150011 10.6936
220000 90000 150004 4.38371
215000 95000 150013 13.4556
220000 95000 150006 6.13757
210000 95000 150020 20.2682
215000 95000 150013 13.4556
210000 100000 150016 16.2964
215000 100000 150016 15.7277
215000 95000 150013 13.4556
220000 95000 150006 6.13757
215000 100000 150016 15.7277
220000 100000 150009 9.25713
220000 90000 150004 4.38371
225000 90000 150000 0.432618
220000 95000 150006 6.13757
225000 95000 150000 0.149129
225000 90000 150000 0.432618
230000 90000 149995 -4.65496
225000 95000 150000 0.149129
230000 95000 149993 -6.50999
220000 95000 150006 6.13757
225000 95000 150000 0.149129
220000 100000 150009 9.25713
225000 100000 150003 2.77428
225000 95000 150000 0.149129
230000 95000 149993 -6.50999
225000 100000 150003 2.77428
230000 100000 149997 -2.53766
230000 90000 149995 -4.65496
235000 90000 149989 -10.8861
230000 95000 149993 -6.50999
235000 95000 149990 -10.2374
235000 90000 149989 -10.8861
240000 90000 149985 -14.8102
235000 95000 149990 -10.2374
240000 95000 149988 -12.0372
230000 95000 149993 -6.50999
235000 95000 149990 -10.2374
230000 100000 149997 -2.53766
235000 100000 149992 -8.21547
235000 95000 149990 -10.2374
240000 95000 149988 -12.0372
235000 100000 149992 -8.21547
240000 100000 149986 -13.7115
240000 90000 149985 -14.8102
245000 90000 149984 -16.4617
240000 95000 149988 -12.0372
245000 95000 149985 -14.9883
245000 90000 149984 -16.4617
250000 90000 149981 -19.0863
245000 95000 149985 -14.9883
250000 95000 149981 -19.2436
240000 95000 149988 -12.0372
245000 95000 149985 -14.9883
240000 100000 149986 -13.7115
245000 100000 149982 -17.6591
245000 95000 149985 -14.9883
250000 95000 149981 -19.2436
245000 100000 149982 -17.6591
250000 100000 149981 -18.893
250000 90000 149981 -19.0863
255000 90000 149980 -20.1918
250000 95000 149981 -19.2436
255000 95000 149979 -20.9855
255000 90000 149980 -20.1918
260000 90000 149979 -21.4004
255000 95000 149979 -20.9855
260000 95000 149978 -21.6059
250000 95000 149981 -19.2436
255000 95000 149979 -20.9855
250000 100000 149981 -18.893
255000 100000 149979 -20.7387
255000 95000 149979 -20.9855
260000 95000 149978 -21.6059
255000 100000 149979 -20.7387
260000 100000 149978 -21.5093
260000 90000 149979 -21.4004
265000 90000 149978 -22.1817
260000 95000 149978 -21.6059
265000 95000 149978 -22.2052
265000 90000 149978 -22.1817
270000 90000 149977 -22.6558
265000 95000 149978 -22.2052
270000 95000 149977 -22.7792
260000 95000 149978 -21.6059
265000 95000 149978 -22.2052
260000 100000 149978 -21.5093
265000 100000 149978 -21.8789
265000 95000 149978 -22.2052
270000 95000 149977 -22.7792
265000 100000 149978 -21.8789
270000 100000 149977 -22.6273
270000 90000 149977 -22.6558
275000 90000 149977 -23.0658
270000 95000 149977 -22.7792
275000 95000 149977 -23.2252
275000 90000 149977 -23.0658
280000 90000 149977 -23.3397
275000 95000 149977 -23.2252
280000 95000 149976 -24.1011
270000 95000 149977 -22.7792
275000 95000 149977 -23.2252
270000 100000 149977 -22.6273
275000 100000 149977 -23.1771
275000 95000 149977 -23.2252
280000 95000 149976 -24.1011
275000 100000 149977 -23.1771
280000 100000 149976 -23.8195
280000 90000 149977 -23.3397
285000 90000 149976 -23.7012
280000 95000 149976 -24.1011
285000 95000 149976 -23.895
285000 90000 149976 -23.7012
290000 90000 149975 -24.8975
285000 95000 149976 -23.895
290000 95000 149975 -24.675
280000 95000 149976 -24.1011
285000 95000 149976 -23.895
280000 100000 149976 -23.8195
285000 100000 149976 -24.3829
285000 95000 149976 -23.895
290000 95000 149975 -24.675
285000 100000 149976 -24.3829
290000 100000 149975 -24.8487
290000 90000 149975 -24.8975
295000 90000 149974 -25.9069
290000 95000 149975 -24.675
295000 95000 149975 -25.3443
295000 90000 149974 -25.9069
300000 90000 149974 -26.2853
295000 95000 149975 -25.3443
300000 95000 149974 -26.3587
290000 95000 149975 -24.675
295000 95000 149975 -25.3443
290000 100000 149975 -24.8487
295000 100000 149974 -26.0999
295000 95000 149975 -25.3443
300000 95000 149974 -26.3587
295000 100000 149974 -26.0999
300000 100000 149973 -26.5625
160000 100000 149950 -49.8537
165000 100000 149928 -72.0259
160000 105000 149956 -43.6665
165000 105000 149938 -61.8361
165000 100000 149928 -72.0259
170000 100000 149900 -100.417
165000 105000 149938 -61.8361
170000 105000 149922 -77.7158
160000 105000 149956 -43.6665
165000 105000 149938 -61.8361
160000 110000 149960 -39.6977
165000 110000 149942 -58.3303
165000 105000 149938 -61.8361
170000 105000 149922 -77.7158
165000 110000 149942 -58.3303
170000 110000 149935 -64.6116
170000 100000 149900 -100.417
175000 100000 149911 -89.3826
170000 105000 149922 -77.7158
175000 105000 149923 -76.667
175000 100000 149911 -89.3826
180000 100000 149943 -57.0566
175000 105000 149923 -76.667
180000 105000 149942 -58.1296
170000 105000 149922 -77.7158
175000 105000 149923 -76.667
170000 110000 149935 -64.6116
175000 110000 149936 -64.2065
175000 105000 149923 -76.667
180000 105000 149942 -58.1296
175000 110000 149936 -64.2065
180000 110000 149946 -53.6369
180000 100000 149943 -57.0566
185000 100000 149990 -9.81074
180000 105000 149942 -58.1296
185000 105000 149977 -22.8444
185000 100000 149990 -9.81074
190000 100000 150026 25.9893
185000 105000 149977 -22.8444
190000 105000 150012 11.5123
180000 105000 149942 -58.1296
185000 105000 149977 -22.8444
180000 110000 149946 -53.6369
185000 110000 149971 -29.2114
185000 105000 149977 -22.8444
190000 105000 150012 11.5123
185000 110000 149971 -29.2114
190000 110000 149997 -3.16806
190000 100000 150026 25.9893
195000 100000 150029 29.4783
190000 105000 150012 11.5123
195000 105000 150023 23.0179
195000 100000 150029 29.4783
200000 100000 150025 24.6667
195000 105000 150023 23.0179
200000 105000 150022 21.632
190000 105000 150012 11.5123
195000 105000 150023 23.0179
190000 110000 149997 -3.16806
195000 110000 150013 12.6087
195000 105000 150023 23.0179
200000 105000 150022 21.632
195000 110000 150013 12.6087
200000 110000 150017 17.2497
200000 100000 150025 24.6667
205000 100000 150022 21.9357
200000 105000 150022 21.632
205000 105000 150020 20.0178
205000 100000 150022 21.9357
210000 100000 150016 16.2964
205000 105000 150020 20.0178
210000 105000 150016 16.4726
200000 105000 150022 21.632
205000 105000 150020 20.0178
200000 110000 150017 17.2497
205000 110000 150019 19.0033
205000 105000 150020 20.0178
210000 105000 150016 16.4726
205000 110000 150019 19.0033
210000 110000 150015 15.2739
210000 100000 150016 16.2964
215000 100000 150016 15.7277
210000 105000 150016 16.4726
215000 105000 150009 8.72273
215000 100000 150016 15.7277
220000 100000 150009 9.25713
215000 105000 150009 8.72273
220000 105000 150008 8.42532
210000 105000 150016 16.4726
215000 105000 150009 8.72273
210000 110000 150015 15.2739
215000 110000 150009 9.46022
215000 105000 150009 8.72273
220000 105000 150008 8.42532
215000 110000 150009 9.46022
220000 110000 150001 1.31425
220000 100000 150009 9.25713
225000 100000 150003 2.77428
220000 105000 150008 8.42532
225000 105000 150005 4.90383
225000 100000 150003 2.77428
230000 100000 149997 -2.53766
225000 105000 150005 4.90383
230000 105000 149998 -2.32953
220000 105000 150008 8.42532
225000 105000 150005 4.90383
220000 110000 150001 1.31425
225000 110000 150001 0.814299
225000 105000 150005 4.90383
230000 105000 149998 -2.32953
225000 110000 150001 0.814299
230000 110000 149997 -2.58493
230000 100000 149997 -2.53766
235000 100000 149992 -8.21547
230000 105000 149998 -2.32953
235000 105000 149992 -8.35518
235000 100000 149992 -8.21547
240000 100000 149986 -13.7115
235000 105000 149992 -8.35518
240000 105000 149989 -11.3928
230000 105000 149998 -2.32953
235000 105000 149992 -8.35518
230000 110000 149997 -2.58493
235000 110000 149991 -8.52779
235000 105000 149992 -8.35518
240000 105000 149989 -11.3928
235000 110000 149991 -8.52779
240000 110000 149984 -16.1598
240000 100000 149986 -13.7115
245000 100000 149982 -17.6591
240000 105000 149989 -11.3928
245000 105000 149985 -15.3172
245000 100000 149982 -17.6591
250000 100000 149981 -18.893
245000 105000 149985 -15.3172
250000 105000 149982 -18.3912
240000 105000 149989 -11.3928
245000 105000 149985 -15.3172
240000 110000 149984 -16.1598
245000 110000 149983 -16.6297
245000 105000 149985 -15.3172
250000 105000 149982 -18.3912
245000 110000 149983 -16.6297
250000 110000 149982 -18.0685
250000 100000 149981 -18.893
255000 100000 149979 -20.7387
250000 105000 149982 -18.3912
255000 105000 149980 -20.3622
255000 100000 149979 -20.7387
260000 100000 149978 -21.5093
255000 105000 149980 -20.3622
260000 105000 149979 -20.7548
250000 105000 149982 -18.3912
255000 105000 149980 -20.3622
250000 110000 149982 -18.0685
255000 110000 149981 -19.088
255000 105000 149980 -20.3622
260000 105000 149979 -20.7548
255000 110000 149981 -19.088
260000 110000 149979 -21.1318
260000 100000 149978 -21.5093
265000 100000 149978 -21.8789
260000 105000 149979 -20.7548
265000 105000 149978 -21.748
265000 100000 149978 -21.8789
270000 100000 149977 -22.6273
265000 105000 149978 -21.748
270000 105000 149977 -23.1835
260000 105000 149979 -20.7548
265000 105000 149978 -21.748
260000 110000 149979 -21.1318
265000 110000 149978 -22.2881
265000 105000 149978 -21.748
270000 105000 149977 -23.1835
265000 110000 149978 -22.2881
270000 110000 149977 -23.462
270000 100000 149977 -22.6273
275000 100000 149977 -23.1771
270000 105000 149977 -23.1835
275000 105000 149977 -23.3305
275000 100000 149977 -23.1771
280000 100000 149976 -23.8195
275000 105000 149977 -23.3305
280000 105000 149976 -23.922
270000 105000 149977 -23.1835
275000 105000 149977 -23.3305
270000 110000 149977 -23.462
275000 110000 149976 -23.8668
275000 105000 149977 -23.3305
280000 105000 149976 -23.922
275000 110000 149976 -23.8668
280000 110000 149976 -24.1319
280000 100000 149976 -23.8195
285000 100000 149976 -24.3829
280000 105000 149976 -23.922
285000 105000 149975 -24.8658
285000 100000 149976 -24.3829
290000 100000 149975 -24.8487
285000 105000 149975 -24.8658
290000 105000 149975 -25.4705
280000 105000 149976 -23.922
285000 105000 149975 -24.8658
280000 110000 149976 -24.1319
285000 110000 149975 -24.5618
285000 105000 149975 -24.8658
290000 105000 149975 -25.4705
285000 110000 149975 -24.5618
290000 110000 149975 -25.0833
290000 100000 149975 -24.8487
295000 100000 149974 -26.0999
290000 105000 149975 -25.4705
295000 105000 149974 -26.0715
295000 100000 149974 -26.0999
300000 100000 149973 -26.5625
295000 105000 149974 -26.0715
300000 105000 149973 -26.5634
290000 105000 149975 -25.4705
295000 105000 149974 -26.0715
290000 110000 149975 -25.0833
295000 110000 149974 -25.9101
295000 105000 149974 -26.0715
300000 105000 149973 -26.5634
295000 110000 149974 -25.9101
300000 110000 149973 -26.5996
160000 110000 149960 -39.6977
165000 110000 149942 -58.3303
160000 115000 149949 -50.9215
165000 115000 149944 -55.8288
165000 110000 149942 -58.3303
170000 110000 149935 -64.6116
165000 115000 149944 -55.8288
170000 115000 149941 -59.1639
160000 115000 149949 -50.9215
165000 115000 149944 -55.8288
160000 120000 149965 -35.2659
165000 120000 149951 -48.6963
165000 115000 149944 -55.8288
170000 115000 149941 -59.1639
165000 120000 149951 -48.6963
170000 120000 149944 -56.3742
170000 110000 149935 -64.6116
175000 110000 149936 -64.2065
170000 115000 149941 -59.1639
175000 115000 149942 -57.5801
175000 110000 149936 -64.2065
180000 110000 149946 -53.6369
175000 115000 149942 -57.5801
180000 115000 149947 -52.7793
170000 115000 149941 -59.1639
175000 115000 149942 -57.5801
170000 120000 149944 -56.3742
175000 120000 149945 -54.5023
175000 115000 149942 -57.5801
180000 115000 149947 -52.7793
175000 120000 149945 -54.5023
180000 120000 149954 -45.6209
180000 110000 149946 -53.6369
185000 110000 149971 -29.2114
180000 115000 149947 -52.7793
185000 115000 149962 -37.846
185000 110000 149971 -29.2114
190000 110000 149997 -3.16806
185000 115000 149962 -37.846
190000 115000 149984 -16.1873
180000 115000 149947 -52.7793
185000 115000 149962 -37.846
180000 120000 149954 -45.6209
185000 120000 149968 -31.7481
185000 115000 149962 -37.846
190000 115000 149984 -16.1873
185000 120000 149968 -31.7481
190000 120000 149986 -13.9409
190000 110000 149997 -3.16806
195000 110000 150013 12.6087
190000 115000 149984 -16.1873
195000 115000 150000 -0.249591
195000 110000 150013 12.6087
200000 110000 150017 17.2497
195000 115000 150000 -0.249591
200000 115000 150015 14.7731
190000 115000 149984 -16.1873
195000 115000 150000 -0.249591
190000 120000 149986 -13.9409
195000 120000 150006 5.79053
195000 115000 150000 -0.249591
200000 115000 150015 14.7731
195000 120000 150006 5.79053
200000 120000 150017 16.8543
200000 110000 150017 17.2497
205000 110000 150019 19.0033
200000 115000 150015 14.7731
205000 115000 150020 19.5551
205000 110000 150019 19.0033
210000 110000 150015 15.2739
205000 115000 150020 19.5551
210000 115000 150018 18.1244
200000 115000 150015 14.7731
205000 115000 150020 19.5551
200000 120000 150017 16.8543
205000 120000 150020 19.9373
205000 115000 150020 19.5551
210000 115000 150018 18.1244
205000 120000 150020 19.9373
210000 120000 150018 18.2351
210000 110000 150015 15.2739
215000 110000 150009 9.46022
210000 115000 150018 18.1244
215000 115000 150012 11.5216
215000 110000 150009 9.46022
220000 110000 150001 1.31425
215000 115000 150012 11.5216
220000 115000 150006 6.22787
210000 115000 150018 18.1244
215000 115000 150012 11.5216
210000 120000 150018 18.2351
215000 120000 150014 14.4564
215000 115000 150012 11.5216
220000 115000 150006 6.22787
215000 120000 150014 14.4564
220000 120000 150010 9.51184
220000 110000 150001 1.31425
225000 110000 150001 0.814299
220000 115000 150006 6.22787
225000 115000 150000 -0.460982
225000 110000 150001 0.814299
230000 110000 149997 -2.58493
225000 115000 150000 -0.460982
230000 115000 149991 -9.15861
220000 115000 150006 6.22787
225000 115000 150000 -0.460982
220000 120000 150010 9.51184
225000 120000 150004 3.85665
225000 115000 150000 -0.460982
230000 115000 149991 -9.15861
225000 120000 150004 3.85665
230000 120000 149997 -2.55693
230000 110000 149997 -2.58493
235000 110000 149991 -8.52779
230000 115000 149991 -9.15861
235000 115000 149988 -12.4599
235000 110000 149991 -8.52779
240000 110000 149984 -16.1598
235000 115000 149988 -12.4599
240000 115000 149989 -10.8514
230000 115000 149991 -9.15861
235000 115000 149988 -12.4599
230000 120000 149997 -2.55693
235000 120000 149994 -6.39823
235000 115000 149988 -12.4599
240000 115000 149989 -10.8514
235000 120000 149994 -6.39823
240000 120000 149991 -9.33567
240000 110000 149984 -16.1598
245000 110000 149983 -16.6297
240000 115000 149989 -10.8514
245000 115000 149987 -13.4724
245000 110000 149983 -16.6297
250000 110000 149982 -18.0685
245000 115000 149987 -13.4724
250000 115000 149984 -16.1037
240000 115000 149989 -10.8514
245000 115000 149987 -13.4724
240000 120000 149991 -9.33567
245000 120000 149987 -13.0431
245000 115000 149987 -13.4724
250000 115000 149984 -16.1037
245000 120000 149987 -13.0431
250000 120000 149984 -16.2241
250000 110000 149982 -18.0685
255000 110000 149981 -19.088
250000 115000 149984 -16.1037
255000 115000 149981 -18.9655
255000 110000 149981 -19.088
260000 110000 149979 -21.1318
255000 115000 149981 -18.9655
260000 115000 149978 -21.511
250000 115000 149984 -16.1037
255000 115000 149981 -18.9655
250000 120000 149984 -16.2241
255000 120000 149981 -19.2367
255000 115000 149981 -18.9655
260000 115000 149978 -21.511
255000 120000 149981 -19.2367
260000 120000 149980 -20.3682
260000 110000 149979 -21.1318
265000 110000 149978 -22.2881
260000 115000 149978 -21.511
265000 115000 149977 -22.8905
265000 110000 149978 -22.2881
270000 110000 149977 -23.462
265000 115000 149977 -22.8905
270000 115000 149977 -22.7996
260000 115000 149978 -21.511
265000 115000 149977 -22.8905
260000 120000 149980 -20.3682
265000 120000 149978 -21.9543
265000 115000 149977 -22.8905
270000 115000 149977 -22.7996
265000 120000 149978 -21.9543
270000 120000 149977 -22.9013
270000 110000 149977 -23.462
275000 110000 149976 -23.8668
270000 115000 149977 -22.7996
275000 115000 149977 -23.3324
275000 110000 149976 -23.8668
280000 110000 149976 -24.1319
275000 115000 149977 -23.3324
280000 115000 149976 -24.0215
270000 115000 149977 -22.7996
275000 115000 149977 -23.3324
270000 120000 149977 -22.9013
275000 120000 149976 -23.5607
275000 115000 149977 -23.3324
280000 115000 149976 -24.0215
275000 120000 149976 -23.5607
280000 120000 149976 -23.6042
280000 110000 149976 -24.1319
285000 110000 149975 -24.5618
280000 115000 149976 -24.0215
285000 115000 149975 -25.0056
285000 110000 149975 -24.5618
290000 110000 149975 -25.0833
285000 115000 149975 -25.0056
290000 115000 149974 -25.6725
280000 115000 149976 -24.0215
285000 115000 149975 -25.0056
280000 120000 149976 -23.6042
285000 120000 149975 -24.8428
285000 115000 149975 -25.0056
290000 115000 149974 -25.6725
285000 120000 149975 -24.8428
290000 120000 149974 -26.073
290000 110000 149975 -25.0833
295000 110000 149974 -25.9101
290000 115000 149974 -25.6725
295000 115000 149974 -26.1866
295000 110000 149974 -25.9101
300000 110000 149973 -26.5996
295000 115000 149974 -26.1866
300000 115000 149974 -26.4721
290000 115000 149974 -25.6725
295000 115000 149974 -26.1866
290000 120000 149974 -26.073
295000 120000 149973 -26.5742
295000 115000 149974 -26.1866
300000 115000 149974 -26.4721
295000 120000 149973 -26.5742
300000 120000 149973 -26.6136
