# x y z topography
0 0 149986 -13.9793
5000 0 149986 -13.7817
0 5000 149986 -14.1637
5000 5000 149986 -13.5386
5000 0 149986 -13.7817
10000 0 149987 -13.2897
5000 5000 149986 -13.5386
10000 5000 149986 -13.5667
0 5000 149986 -14.1637
5000 5000 149986 -13.5386
0 10000 149986 -13.6772
5000 10000 149987 -13.1669
5000 5000 149986 -13.5386
10000 5000 149986 -13.5667
5000 10000 149987 -13.1669
10000 10000 149987 -13.2145
10000 0 149987 -13.2897
15000 0 149987 -13.4488
10000 5000 149986 -13.5667
15000 5000 149988 -12.4319
15000 0 149987 -13.4488
20000 0 149987 -12.6584
15000 5000 149988 -12.4319
20000 5000 149987 -13.4294
10000 5000 149986 -13.5667
15000 5000 149988 -12.4319
10000 10000 149987 -13.2145
15000 10000 149987 -13.3648
15000 5000 149988 -12.4319
20000 5000 149987 -13.4294
15000 10000 149987 -13.3648
20000 10000 149988 -12.4975
20000 0 149987 -12.6584
25000 0 149988 -12.2451
20000 5000 149987 -13.4294
25000 5000 149987 -13.4182
25000 0 149988 -12.2451
30000 0 149987 -12.9621
25000 5000 149987 -13.4182
30000 5000 149988 -12.3251
20000 5000 149987 -13.4294
25000 5000 149987 -13.4182
20000 10000 149988 -12.4975
25000 10000 149987 -12.6994
25000 5000 149987 -13.4182
30000 5000 149988 -12.3251
25000 10000 149987 -12.6994
30000 10000 149988 -11.8477
30000 0 149987 -12.9621
35000 0 149989 -10.6128
30000 5000 149988 -12.3251
35000 5000 149987 -12.6547
35000 0 149989 -10.6128
40000 0 149989 -10.9163
35000 5000 149987 -12.6547
40000 5000 149988 -11.9541
30000 5000 149988 -12.3251
35000 5000 149987 -12.6547
30000 10000 149988 -11.8477
35000 10000 149987 -12.5026
35000 5000 149987 -12.6547
40000 5000 149988 -11.9541
35000 10000 149987 -12.5026
40000 10000 149988 -12.3074
40000 0 149989 -10.9163
45000 0 149990 -9.8842
40000 5000 149988 -11.9541
45000 5000 149990 -10.2171
45000 0 149990 -9.8842
50000 0 149993 -7.17984
45000 5000 149990 -10.2171
50000 5000 149992 -8.02954
40000 5000 149988 -11.9541
45000 5000 149990 -10.2171
40000 10000 149988 -12.3074
45000 10000 149988 -11.5042
45000 5000 149990 -10.2171
50000 5000 149992 -8.02954
45000 10000 149988 -11.5042
50000 10000 149989 -10.6173
50000 0 149993 -7.17984
55000 0 149995 -4.63134
50000 5000 149992 -8.02954
55000 5000 149994 -6.25425
55000 0 149995 -4.63134
60000 0 149999 -0.752398
55000 5000 149994 -6.25425
60000 5000 149997 -2.82832
50000 5000 149992 -8.02954
55000 5000 149994 -6.25425
50000 10000 149989 -10.6173
55000 10000 149991 -8.90746
55000 5000 149994 -6.25425
60000 5000 149997 -2.82832
55000 10000 149991 -8.90746
60000 10000 149994 -6.093
60000 0 149999 -0.752398
65000 0 150001 1.12153
60000 5000 149997 -2.82832
65000 5000 150003 2.60492
65000 0 150001 1.12153
70000 0 150005 5.26574
65000 5000 150003 2.60492
70000 5000 150005 5.30118
60000 5000 149997 -2.82832
65000 5000 150003 2.60492
60000 10000 149994 -6.093
65000 10000 149997 -3.01867
65000 5000 150003 2.60492
70000 5000 150005 5.30118
65000 10000 149997 -3.01867
70000 10000 150001 0.905146
70000 0 150005 5.26574
75000 0 150007 7.43675
70000 5000 150005 5.30118
75000 5000 150008 8.31266
75000 0 150007 7.43675
80000 0 150013 13.432
75000 5000 150008 8.31266
80000 5000 150012 12.448
70000 5000 150005 5.30118
75000 5000 150008 8.31266
70000 10000 150001 0.905146
75000 10000 150008 7.87265
75000 5000 150008 8.31266
80000 5000 150012 12.448
75000 10000 150008 7.87265
80000 10000 150011 10.9783
0 10000 149986 -13.6772
5000 10000 149987 -13.1669
0 15000 149986 -13.879
5000 15000 149987 -13.3749
5000 10000 149987 -13.1669
10000 10000 149987 -13.2145
5000 15000 149987 -13.3749
10000 15000 149987 -13.2896
0 15000 149986 -13.879
5000 15000 149987 -13.3749
0 20000 149987 -13.45
5000 20000 149987 -13.3887
5000 15000 149987 -13.3749
10000 15000 149987 -13.2896
5000 20000 149987 -13.3887
10000 20000 149986 -13.6591
10000 10000 149987 -13.2145
15000 10000 149987 -13.3648
10000 15000 149987 -13.2896
15000 15000 149987 -13.4923
15000 10000 149987 -13.3648
20000 10000 149988 -12.4975
15000 15000 149987 -13.4923
20000 15000 149987 -12.9001
10000 15000 149987 -13.2896
15000 15000 149987 -13.4923
10000 20000 149986 -13.6591
15000 20000 149986 -13.5222
15000 15000 149987 -13.4923
20000 15000 149987 -12.9001
15000 20000 149986 -13.5222
20000 20000 149988 -12.2449
20000 10000 149988 -12.4975
25000 10000 149987 -12.6994
20000 15000 149987 -12.9001
25000 15000 149987 -13.3885
25000 10000 149987 -12.6994
30000 10000 149988 -11.8477
25000 15000 149987 -13.3885
30000 15000 149987 -12.8376
20000 15000 149987 -12.9001
25000 15000 149987 -13.3885
20000 20000 149988 -12.2449
25000 20000 149986 -13.5752
25000 15000 149987 -13.3885
30000 15000 149987 -12.8376
25000 20000 149986 -13.5752
30000 20000 149987 -12.8319
30000 10000 149988 -11.8477
35000 10000 149987 -12.5026
30000 15000 149987 -12.8376
35000 15000 149989 -10.5373
35000 10000 149987 -12.5026
40000 10000 149988 -12.3074
35000 15000 149989 -10.5373
40000 15000 149989 -11.4902
30000 15000 149987 -12.8376
35000 15000 149989 -10.5373
30000 20000 149987 -12.8319
35000 20000 149989 -11.1774
35000 15000 149989 -10.5373
40000 15000 149989 -11.4902
35000 20000 149989 -11.1774
40000 20000 149990 -9.75559
40000 10000 149988 -12.3074
45000 10000 149988 -11.5042
40000 15000 149989 -11.4902
45000 15000 149990 -10.0653
45000 10000 149988 -11.5042
50000 10000 149989 -10.6173
45000 15000 149990 -10.0653
50000 15000 149992 -7.76266
40000 15000 149989 -11.4902
45000 15000 149990 -10.0653
40000 20000 149990 -9.75559
45000 20000 149990 -10.389
45000 15000 149990 -10.0653
50000 15000 149992 -7.76266
45000 20000 149990 -10.389
50000 20000 149990 -9.50778
50000 10000 149989 -10.6173
55000 10000 149991 -8.90746
50000 15000 149992 -7.76266
55000 15000 149994 -5.8948
55000 10000 149991 -8.90746
60000 10000 149994 -6.093
55000 15000 149994 -5.8948
60000 15000 149998 -2.48495
50000 15000 149992 -7.76266
55000 15000 149994 -5.8948
50000 20000 149990 -9.50778
55000 20000 149992 -8.2879
55000 15000 149994 -5.8948
60000 15000 149998 -2.48495
55000 20000 149992 -8.2879
60000 20000 149994 -6.09886
60000 10000 149994 -6.093
65000 10000 149997 -3.01867
60000 15000 149998 -2.48495
65000 15000 150000 -0.0157302
65000 10000 149997 -3.01867
70000 10000 150001 0.905146
65000 15000 150000 -0.0157302
70000 15000 150001 0.85344
60000 15000 149998 -2.48495
65000 15000 150000 -0.0157302
60000 20000 149994 -6.09886
65000 20000 150000 0.356776
65000 15000 150000 -0.0157302
70000 15000 150001 0.85344
65000 20000 150000 0.356776
70000 20000 150004 4.19686
70000 10000 150001 0.905146
75000 10000 150008 7.87265
70000 15000 150001 0.85344
75000 15000 150008 8.10519
75000 10000 150008 7.87265
80000 10000 150011 10.9783
75000 15000 150008 8.10519
80000 15000 150010 10.4004
70000 15000 150001 0.85344
75000 15000 150008 8.10519
70000 20000 150004 4.19686
75000 20000 150008 8.213
75000 15000 150008 8.10519
80000 15000 150010 10.4004
75000 20000 150008 8.213
80000 20000 150012 12.3343
0 20000 149987 -13.45
5000 20000 149987 -13.3887
0 25000 149986 -14.0015
5000 25000 149986 -13.5823
5000 20000 149987 -13.3887
10000 20000 149986 -13.6591
5000 25000 149986 -13.5823
10000 25000 149987 -13.1361
0 25000 149986 -14.0015
5000 25000 149986 -13.5823
0 30000 149986 -13.7442
5000 30000 149986 -13.6279
5000 25000 149986 -13.5823
10000 25000 149987 -13.1361
5000 30000 149986 -13.6279
10000 30000 149987 -13.4795
10000 20000 149986 -13.6591
15000 20000 149986 -13.5222
10000 25000 149987 -13.1361
15000 25000 149987 -12.7511
15000 20000 149986 -13.5222
20000 20000 149988 -12.2449
15000 25000 149987 -12.7511
20000 25000 149986 -13.5993
10000 25000 149987 -13.1361
15000 25000 149987 -12.7511
10000 30000 149987 -13.4795
15000 30000 149986 -13.6767
15000 25000 149987 -12.7511
20000 25000 149986 -13.5993
15000 30000 149986 -13.6767
20000 30000 149987 -12.5572
20000 20000 149988 -12.2449
25000 20000 149986 -13.5752
20000 25000 149986 -13.5993
25000 25000 149986 -13.576
25000 20000 149986 -13.5752
30000 20000 149987 -12.8319
25000 25000 149986 -13.576
30000 25000 149988 -12.4108
20000 25000 149986 -13.5993
25000 25000 149986 -13.576
20000 30000 149987 -12.5572
25000 30000 149988 -12.2698
25000 25000 149986 -13.576
30000 25000 149988 -12.4108
25000 30000 149988 -12.2698
30000 30000 149987 -12.8984
30000 20000 149987 -12.8319
35000 20000 149989 -11.1774
30000 25000 149988 -12.4108
35000 25000 149989 -11.2963
35000 20000 149989 -11.1774
40000 20000 149990 -9.75559
35000 25000 149989 -11.2963
40000 25000 149991 -9.46366
30000 25000 149988 -12.4108
35000 25000 149989 -11.2963
30000 30000 149987 -12.8984
35000 30000 149988 -12.0874
35000 25000 149989 -11.2963
40000 25000 149991 -9.46366
35000 30000 149988 -12.0874
40000 30000 149990 -9.55278
40000 20000 149990 -9.75559
45000 20000 149990 -10.389
40000 25000 149991 -9.46366
45000 25000 149992 -8.41864
45000 20000 149990 -10.389
50000 20000 149990 -9.50778
45000 25000 149992 -8.41864
50000 25000 149993 -6.92899
40000 25000 149991 -9.46366
45000 25000 149992 -8.41864
40000 30000 149990 -9.55278
45000 30000 149991 -9.25088
45000 25000 149992 -8.41864
50000 25000 149993 -6.92899
45000 30000 149991 -9.25088
50000 30000 149993 -7.23294
50000 20000 149990 -9.50778
55000 20000 149992 -8.2879
50000 25000 149993 -6.92899
55000 25000 149994 -5.56281
55000 20000 149992 -8.2879
60000 20000 149994 -6.09886
55000 25000 149994 -5.56281
60000 25000 149997 -3.03173
50000 25000 149993 -6.92899
55000 25000 149994 -5.56281
50000 30000 149993 -7.23294
55000 30000 149994 -5.86138
55000 25000 149994 -5.56281
60000 25000 149997 -3.03173
55000 30000 149994 -5.86138
60000 30000 149996 -4.05867
60000 20000 149994 -6.09886
65000 20000 150000 0.356776
60000 25000 149997 -3.03173
65000 25000 150000 -0.166536
65000 20000 150000 0.356776
70000 20000 150004 4.19686
65000 25000 150000 -0.166536
70000 25000 150001 0.86257
60000 25000 149997 -3.03173
65000 25000 150000 -0.166536
60000 30000 149996 -4.05867
65000 30000 149998 -2.04865
65000 25000 150000 -0.166536
70000 25000 150001 0.86257
65000 30000 149998 -2.04865
70000 30000 150002 1.77213
70000 20000 150004 4.19686
75000 20000 150008 8.213
70000 25000 150001 0.86257
75000 25000 150007 6.67079
75000 20000 150008 8.213
80000 20000 150012 12.3343
75000 25000 150007 6.67079
80000 25000 150012 11.9434
70000 25000 150001 0.86257
75000 25000 150007 6.67079
70000 30000 150002 1.77213
75000 30000 150006 5.71908
75000 25000 150007 6.67079
80000 25000 150012 11.9434
75000 30000 150006 5.71908
80000 30000 150009 9.17223
0 30000 149986 -13.7442
5000 30000 149986 -13.6279
0 35000 149987 -13.4758
5000 35000 149986 -13.5255
5000 30000 149986 -13.6279
10000 30000 149987 -13.4795
5000 35000 149986 -13.5255
10000 35000 149986 -13.8138
0 35000 149987 -13.4758
5000 35000 149986 -13.5255
0 40000 149987 -13.4758
5000 40000 149986 -14.1371
5000 35000 149986 -13.5255
10000 35000 149986 -13.8138
5000 40000 149986 -14.1371
10000 40000 149986 -13.5408
10000 30000 149987 -13.4795
15000 30000 149986 -13.6767
10000 35000 149986 -13.8138
15000 35000 149986 -13.701
15000 30000 149986 -13.6767
20000 30000 149987 -12.5572
15000 35000 149986 -13.701
20000 35000 149987 -13.3913
10000 35000 149986 -13.8138
15000 35000 149986 -13.701
10000 40000 149986 -13.5408
15000 40000 149986 -13.6314
15000 35000 149986 -13.701
20000 35000 149987 -13.3913
15000 40000 149986 -13.6314
20000 40000 149987 -12.6069
20000 30000 149987 -12.5572
25000 30000 149988 -12.2698
20000 35000 149987 -13.3913
25000 35000 149987 -12.6799
25000 30000 149988 -12.2698
30000 30000 149987 -12.8984
25000 35000 149987 -12.6799
30000 35000 149987 -12.7137
20000 35000 149987 -13.3913
25000 35000 149987 -12.6799
20000 40000 149987 -12.6069
25000 40000 149987 -13.462
25000 35000 149987 -12.6799
30000 35000 149987 -12.7137
25000 40000 149987 -13.462
30000 40000 149987 -12.5173
30000 30000 149987 -12.8984
35000 30000 149988 -12.0874
30000 35000 149987 -12.7137
35000 35000 149988 -12.3971
35000 30000 149988 -12.0874
40000 30000 149990 -9.55278
35000 35000 149988 -12.3971
40000 35000 149990 -10.4433
30000 35000 149987 -12.7137
35000 35000 149988 -12.3971
30000 40000 149987 -12.5173
35000 40000 149987 -12.8979
35000 35000 149988 -12.3971
40000 35000 149990 -10.4433
35000 40000 149987 -12.8979
40000 40000 149989 -10.588
40000 30000 149990 -9.55278
45000 30000 149991 -9.25088
40000 35000 149990 -10.4433
45000 35000 149991 -9.30045
45000 30000 149991 -9.25088
50000 30000 149993 -7.23294
45000 35000 149991 -9.30045
50000 35000 149991 -8.77048
40000 35000 149990 -10.4433
45000 35000 149991 -9.30045
40000 40000 149989 -10.588
45000 40000 149990 -9.91792
45000 35000 149991 -9.30045
50000 35000 149991 -8.77048
45000 40000 149990 -9.91792
50000 40000 149991 -8.90563
50000 30000 149993 -7.23294
55000 30000 149994 -5.86138
50000 35000 149991 -8.77048
55000 35000 149993 -6.56031
55000 30000 149994 -5.86138
60000 30000 149996 -4.05867
55000 35000 149993 -6.56031
60000 35000 149996 -4.41522
50000 35000 149991 -8.77048
55000 35000 149993 -6.56031
50000 40000 149991 -8.90563
55000 40000 149992 -7.50531
55000 35000 149993 -6.56031
60000 35000 149996 -4.41522
55000 40000 149992 -7.50531
60000 40000 149995 -5.03923
60000 30000 149996 -4.05867
65000 30000 149998 -2.04865
60000 35000 149996 -4.41522
65000 35000 149999 -0.765114
65000 30000 149998 -2.04865
70000 30000 150002 1.77213
65000 35000 149999 -0.765114
70000 35000 150000 0.310279
60000 35000 149996 -4.41522
65000 35000 149999 -0.765114
60000 40000 149995 -5.03923
65000 40000 149998 -2.11159
65000 35000 149999 -0.765114
70000 35000 150000 0.310279
65000 40000 149998 -2.11159
70000 40000 150000 0.113035
70000 30000 150002 1.77213
75000 30000 150006 5.71908
70000 35000 150000 0.310279
75000 35000 150005 4.84596
75000 30000 150006 5.71908
80000 30000 150009 9.17223
75000 35000 150005 4.84596
80000 35000 150010 10.2984
70000 35000 150000 0.310279
75000 35000 150005 4.84596
70000 40000 150000 0.113035
75000 40000 150006 5.91697
75000 35000 150005 4.84596
80000 35000 150010 10.2984
75000 40000 150006 5.91697
80000 40000 150006 6.29814
0 40000 149987 -13.4758
5000 40000 149986 -14.1371
0 45000 149986 -14.4158
5000 45000 149986 -13.6708
5000 40000 149986 -14.1371
10000 40000 149986 -13.5408
5000 45000 149986 -13.6708
10000 45000 149987 -13.4036
0 45000 149986 -14.4158
5000 45000 149986 -13.6708
0 50000 149986 -14.4235
5000 50000 149986 -13.9899
5000 45000 149986 -13.6708
10000 45000 149987 -13.4036
5000 50000 149986 -13.9899
10000 50000 149986 -14.2176
10000 40000 149986 -13.5408
15000 40000 149986 -13.6314
10000 45000 149987 -13.4036
15000 45000 149987 -13.497
15000 40000 149986 -13.6314
20000 40000 149987 -12.6069
15000 45000 149987 -13.497
20000 45000 149986 -13.5717
10000 45000 149987 -13.4036
15000 45000 149987 -13.497
10000 50000 149986 -14.2176
15000 50000 149987 -13.1468
15000 45000 149987 -13.497
20000 45000 149986 -13.5717
15000 50000 149987 -13.1468
20000 50000 149987 -13.4241
20000 40000 149987 -12.6069
25000 40000 149987 -13.462
20000 45000 149986 -13.5717
25000 45000 149988 -12.4672
25000 40000 149987 -13.462
30000 40000 149987 -12.5173
25000 45000 149988 -12.4672
30000 45000 149987 -12.5841
20000 45000 149986 -13.5717
25000 45000 149988 -12.4672
20000 50000 149987 -13.4241
25000 50000 149987 -12.6962
25000 45000 149988 -12.4672
30000 45000 149987 -12.5841
25000 50000 149987 -12.6962
30000 50000 149988 -12.0741
30000 40000 149987 -12.5173
35000 40000 149987 -12.8979
30000 45000 149987 -12.5841
35000 45000 149987 -12.9849
35000 40000 149987 -12.8979
40000 40000 149989 -10.588
35000 45000 149987 -12.9849
40000 45000 149988 -12.4968
30000 45000 149987 -12.5841
35000 45000 149987 -12.9849
30000 50000 149988 -12.0741
35000 50000 149989 -11.2956
35000 45000 149987 -12.9849
40000 45000 149988 -12.4968
35000 50000 149989 -11.2956
40000 50000 149989 -11.012
40000 40000 149989 -10.588
45000 40000 149990 -9.91792
40000 45000 149988 -12.4968
45000 45000 149990 -9.62532
45000 40000 149990 -9.91792
50000 40000 149991 -8.90563
45000 45000 149990 -9.62532
50000 45000 149991 -9.22238
40000 45000 149988 -12.4968
45000 45000 149990 -9.62532
40000 50000 149989 -11.012
45000 50000 149991 -8.60445
45000 45000 149990 -9.62532
50000 45000 149991 -9.22238
45000 50000 149991 -8.60445
50000 50000 149991 -8.55237
50000 40000 149991 -8.90563
55000 40000 149992 -7.50531
50000 45000 149991 -9.22238
55000 45000 149994 -6.10586
55000 40000 149992 -7.50531
60000 40000 149995 -5.03923
55000 45000 149994 -6.10586
60000 45000 149994 -6.29556
50000 45000 149991 -9.22238
55000 45000 149994 -6.10586
50000 50000 149991 -8.55237
55000 50000 149993 -6.78435
55000 45000 149994 -6.10586
60000 45000 149994 -6.29556
55000 50000 149993 -6.78435
60000 50000 149996 -4.35722
60000 40000 149995 -5.03923
65000 40000 149998 -2.11159
60000 45000 149994 -6.29556
65000 45000 149998 -1.80278
65000 40000 149998 -2.11159
70000 40000 150000 0.113035
65000 45000 149998 -1.80278
70000 45000 150002 1.98128
60000 45000 149994 -6.29556
65000 45000 149998 -1.80278
60000 50000 149996 -4.35722
65000 50000 149998 -1.8123
65000 45000 149998 -1.80278
70000 45000 150002 1.98128
65000 50000 149998 -1.8123
70000 50000 150001 0.812652
70000 40000 150000 0.113035
75000 40000 150006 5.91697
70000 45000 150002 1.98128
75000 45000 150004 3.86379
75000 40000 150006 5.91697
80000 40000 150006 6.29814
75000 45000 150004 3.86379
80000 45000 150008 7.69829
70000 45000 150002 1.98128
75000 45000 150004 3.86379
70000 50000 150001 0.812652
75000 50000 150003 3.06465
75000 45000 150004 3.86379
80000 45000 150008 7.69829
75000 50000 150003 3.06465
80000 50000 150008 7.91651
0 50000 149986 -14.4235
5000 50000 149986 -13.9899
0 55000 149986 -14.1927
5000 55000 149986 -14.0342
5000 50000 149986 -13.9899
10000 50000 149986 -14.2176
5000 55000 149986 -14.0342
10000 55000 149986 -14.3403
0 55000 149986 -14.1927
5000 55000 149986 -14.0342
0 60000 149986 -14.0148
5000 60000 149987 -12.7182
5000 55000 149986 -14.0342
10000 55000 149986 -14.3403
5000 60000 149987 -12.7182
10000 60000 149987 -12.507
10000 50000 149986 -14.2176
15000 50000 149987 -13.1468
10000 55000 149986 -14.3403
15000 55000 149986 -14.2843
15000 50000 149987 -13.1468
20000 50000 149987 -13.4241
15000 55000 149986 -14.2843
20000 55000 149986 -14.0727
10000 55000 149986 -14.3403
15000 55000 149986 -14.2843
10000 60000 149987 -12.507
15000 60000 149986 -13.6762
15000 55000 149986 -14.2843
20000 55000 149986 -14.0727
15000 60000 149986 -13.6762
20000 60000 149987 -12.836
20000 50000 149987 -13.4241
25000 50000 149987 -12.6962
20000 55000 149986 -14.0727
25000 55000 149987 -13.3557
25000 50000 149987 -12.6962
30000 50000 149988 -12.0741
25000 55000 149987 -13.3557
30000 55000 149988 -12.4338
20000 55000 149986 -14.0727
25000 55000 149987 -13.3557
20000 60000 149987 -12.836
25000 60000 149987 -13.0645
25000 55000 149987 -13.3557
30000 55000 149988 -12.4338
25000 60000 149987 -13.0645
30000 60000 149987 -13.2894
30000 50000 149988 -12.0741
35000 50000 149989 -11.2956
30000 55000 149988 -12.4338
35000 55000 149989 -11.1244
35000 50000 149989 -11.2956
40000 50000 149989 -11.012
35000 55000 149989 -11.1244
40000 55000 149990 -10.0026
30000 55000 149988 -12.4338
35000 55000 149989 -11.1244
30000 60000 149987 -13.2894
35000 60000 149987 -13.3006
35000 55000 149989 -11.1244
40000 55000 149990 -10.0026
35000 60000 149987 -13.3006
40000 60000 149988 -12.0034
40000 50000 149989 -11.012
45000 50000 149991 -8.60445
40000 55000 149990 -10.0026
45000 55000 149991 -9.26398
45000 50000 149991 -8.60445
50000 50000 149991 -8.55237
45000 55000 149991 -9.26398
50000 55000 149991 -8.7206
40000 55000 149990 -10.0026
45000 55000 149991 -9.26398
40000 60000 149988 -12.0034
45000 60000 149990 -10.1918
45000 55000 149991 -9.26398
50000 55000 149991 -8.7206
45000 60000 149990 -10.1918
50000 60000 149990 -10.2694
50000 50000 149991 -8.55237
55000 50000 149993 -6.78435
50000 55000 149991 -8.7206
55000 55000 149993 -7.2765
55000 50000 149993 -6.78435
60000 50000 149996 -4.35722
55000 55000 149993 -7.2765
60000 55000 149995 -4.72186
50000 55000 149991 -8.7206
55000 55000 149993 -7.2765
50000 60000 149990 -10.2694
55000 60000 149992 -8.08552
55000 55000 149993 -7.2765
60000 55000 149995 -4.72186
55000 60000 149992 -8.08552
60000 60000 149993 -7.10296
60000 50000 149996 -4.35722
65000 50000 149998 -1.8123
60000 55000 149995 -4.72186
65000 55000 149998 -2.42566
65000 50000 149998 -1.8123
70000 50000 150001 0.812652
65000 55000 149998 -2.42566
70000 55000 149997 -2.93214
60000 55000 149995 -4.72186
65000 55000 149998 -2.42566
60000 60000 149993 -7.10296
65000 60000 149994 -6.1292
65000 55000 149998 -2.42566
70000 55000 149997 -2.93214
65000 60000 149994 -6.1292
70000 60000 149998 -1.94293
70000 50000 150001 0.812652
75000 50000 150003 3.06465
70000 55000 149997 -2.93214
75000 55000 150003 2.96196
75000 50000 150003 3.06465
80000 50000 150008 7.91651
75000 55000 150003 2.96196
80000 55000 150004 4.04302
70000 55000 149997 -2.93214
75000 55000 150003 2.96196
70000 60000 149998 -1.94293
75000 60000 150002 2.04885
75000 55000 150003 2.96196
80000 55000 150004 4.04302
75000 60000 150002 2.04885
80000 60000 150006 6.32298
0 60000 149986 -14.0148
5000 60000 149987 -12.7182
0 65000 149986 -13.6299
5000 65000 149987 -13.3274
5000 60000 149987 -12.7182
10000 60000 149987 -12.507
5000 65000 149987 -13.3274
10000 65000 149986 -13.8421
0 65000 149986 -13.6299
5000 65000 149987 -13.3274
0 70000 149986 -13.5312
5000 70000 149987 -13.3582
5000 65000 149987 -13.3274
10000 65000 149986 -13.8421
5000 70000 149987 -13.3582
10000 70000 149986 -13.6048
10000 60000 149987 -12.507
15000 60000 149986 -13.6762
10000 65000 149986 -13.8421
15000 65000 149986 -13.7235
15000 60000 149986 -13.6762
20000 60000 149987 -12.836
15000 65000 149986 -13.7235
20000 65000 149986 -13.5889
10000 65000 149986 -13.8421
15000 65000 149986 -13.7235
10000 70000 149986 -13.6048
15000 70000 149986 -14.0195
15000 65000 149986 -13.7235
20000 65000 149986 -13.5889
15000 70000 149986 -14.0195
20000 70000 149987 -12.9524
20000 60000 149987 -12.836
25000 60000 149987 -13.0645
20000 65000 149986 -13.5889
25000 65000 149986 -13.8483
25000 60000 149987 -13.0645
30000 60000 149987 -13.2894
25000 65000 149986 -13.8483
30000 65000 149987 -13.096
20000 65000 149986 -13.5889
25000 65000 149986 -13.8483
20000 70000 149987 -12.9524
25000 70000 149986 -13.5338
25000 65000 149986 -13.8483
30000 65000 149987 -13.096
25000 70000 149986 -13.5338
30000 70000 149987 -13.4225
30000 60000 149987 -13.2894
35000 60000 149987 -13.3006
30000 65000 149987 -13.096
35000 65000 149987 -13.0538
35000 60000 149987 -13.3006
40000 60000 149988 -12.0034
35000 65000 149987 -13.0538
40000 65000 149988 -11.7896
30000 65000 149987 -13.096
35000 65000 149987 -13.0538
30000 70000 149987 -13.4225
35000 70000 149987 -12.6716
35000 65000 149987 -13.0538
40000 65000 149988 -11.7896
35000 70000 149987 -12.6716
40000 70000 149989 -11.4077
40000 60000 149988 -12.0034
45000 60000 149990 -10.1918
40000 65000 149988 -11.7896
45000 65000 149988 -11.9245
45000 60000 149990 -10.1918
50000 60000 149990 -10.2694
45000 65000 149988 -11.9245
50000 65000 149990 -9.60362
40000 65000 149988 -11.7896
45000 65000 149988 -11.9245
40000 70000 149989 -11.4077
45000 70000 149989 -11.0247
45000 65000 149988 -11.9245
50000 65000 149990 -9.60362
45000 70000 149989 -11.0247
50000 70000 149990 -9.51865
50000 60000 149990 -10.2694
55000 60000 149992 -8.08552
50000 65000 149990 -9.60362
55000 65000 149993 -7.45642
55000 60000 149992 -8.08552
60000 60000 149993 -7.10296
55000 65000 149993 -7.45642
60000 65000 149993 -6.7579
50000 65000 149990 -9.60362
55000 65000 149993 -7.45642
50000 70000 149990 -9.51865
55000 70000 149991 -8.82115
55000 65000 149993 -7.45642
60000 65000 149993 -6.7579
55000 70000 149991 -8.82115
60000 70000 149995 -5.13294
60000 60000 149993 -7.10296
65000 60000 149994 -6.1292
60000 65000 149993 -6.7579
65000 65000 149995 -4.59308
65000 60000 149994 -6.1292
70000 60000 149998 -1.94293
65000 65000 149995 -4.59308
70000 65000 149996 -3.8777
60000 65000 149993 -6.7579
65000 65000 149995 -4.59308
60000 70000 149995 -5.13294
65000 70000 149996 -3.65165
65000 65000 149995 -4.59308
70000 65000 149996 -3.8777
65000 70000 149996 -3.65165
70000 70000 149998 -2.02261
70000 60000 149998 -1.94293
75000 60000 150002 2.04885
70000 65000 149996 -3.8777
75000 65000 150001 1.22993
75000 60000 150002 2.04885
80000 60000 150006 6.32298
75000 65000 150001 1.22993
80000 65000 150005 4.92581
70000 65000 149996 -3.8777
75000 65000 150001 1.22993
70000 70000 149998 -2.02261
75000 70000 150002 1.62201
75000 65000 150001 1.22993
80000 65000 150005 4.92581
75000 70000 150002 1.62201
80000 70000 150005 5.02081
0 70000 149986 -13.5312
5000 70000 149987 -13.3582
0 75000 149986 -14.1218
5000 75000 149986 -14.0902
5000 70000 149987 -13.3582
10000 70000 149986 -13.6048
5000 75000 149986 -14.0902
10000 75000 149986 -14.126
0 75000 149986 -14.1218
5000 75000 149986 -14.0902
0 80000 149987 -13.3505
5000 80000 149986 -13.6565
5000 75000 149986 -14.0902
10000 75000 149986 -14.126
5000 80000 149986 -13.6565
10000 80000 149986 -14.4081
10000 70000 149986 -13.6048
15000 70000 149986 -14.0195
10000 75000 149986 -14.126
15000 75000 149986 -14.1455
15000 70000 149986 -14.0195
20000 70000 149987 -12.9524
15000 75000 149986 -14.1455
20000 75000 149986 -14.1257
10000 75000 149986 -14.126
15000 75000 149986 -14.1455
10000 80000 149986 -14.4081
15000 80000 149986 -14.1462
15000 75000 149986 -14.1455
20000 75000 149986 -14.1257
15000 80000 149986 -14.1462
20000 80000 149986 -13.6058
20000 70000 149987 -12.9524
25000 70000 149986 -13.5338
20000 75000 149986 -14.1257
25000 75000 149986 -13.9111
25000 70000 149986 -13.5338
30000 70000 149987 -13.4225
25000 75000 149986 -13.9111
30000 75000 149987 -12.9083
20000 75000 149986 -14.1257
25000 75000 149986 -13.9111
20000 80000 149986 -13.6058
25000 80000 149986 -14.0162
25000 75000 149986 -13.9111
30000 75000 149987 -12.9083
25000 80000 149986 -14.0162
30000 80000 149987 -12.6369
30000 70000 149987 -13.4225
35000 70000 149987 -12.6716
30000 75000 149987 -12.9083
35000 75000 149988 -12.1613
35000 70000 149987 -12.6716
40000 70000 149989 -11.4077
35000 75000 149988 -12.1613
40000 75000 149988 -12.196
30000 75000 149987 -12.9083
35000 75000 149988 -12.1613
30000 80000 149987 -12.6369
35000 80000 149987 -13.0648
35000 75000 149988 -12.1613
40000 75000 149988 -12.196
35000 80000 149987 -13.0648
40000 80000 149989 -11.3303
40000 70000 149989 -11.4077
45000 70000 149989 -11.0247
40000 75000 149988 -12.196
45000 75000 149988 -11.573
45000 70000 149989 -11.0247
50000 70000 149990 -9.51865
45000 75000 149988 -11.573
50000 75000 149989 -10.8796
40000 75000 149988 -12.196
45000 75000 149988 -11.573
40000 80000 149989 -11.3303
45000 80000 149989 -11.0424
45000 75000 149988 -11.573
50000 75000 149989 -10.8796
45000 80000 149989 -11.0424
50000 80000 149989 -10.9385
50000 70000 149990 -9.51865
55000 70000 149991 -8.82115
50000 75000 149989 -10.8796
55000 75000 149991 -8.74681
55000 70000 149991 -8.82115
60000 70000 149995 -5.13294
55000 75000 149991 -8.74681
60000 75000 149993 -6.87003
50000 75000 149989 -10.8796
55000 75000 149991 -8.74681
50000 80000 149989 -10.9385
55000 80000 149992 -8.46273
55000 75000 149991 -8.74681
60000 75000 149993 -6.87003
55000 80000 149992 -8.46273
60000 80000 149992 -8.01881
60000 70000 149995 -5.13294
65000 70000 149996 -3.65165
60000 75000 149993 -6.87003
65000 75000 149995 -5.17634
65000 70000 149996 -3.65165
70000 70000 149998 -2.02261
65000 75000 149995 -5.17634
70000 75000 149998 -1.76173
60000 75000 149993 -6.87003
65000 75000 149995 -5.17634
60000 80000 149992 -8.01881
65000 80000 149992 -7.97413
65000 75000 149995 -5.17634
70000 75000 149998 -1.76173
65000 80000 149992 -7.97413
70000 80000 149995 -4.92334
70000 70000 149998 -2.02261
75000 70000 150002 1.62201
70000 75000 149998 -1.76173
75000 75000 150000 -0.381473
75000 70000 150002 1.62201
80000 70000 150005 5.02081
75000 75000 150000 -0.381473
80000 75000 150002 2.18632
70000 75000 149998 -1.76173
75000 75000 150000 -0.381473
70000 80000 149995 -4.92334
75000 80000 149998 -2.07244
75000 75000 150000 -0.381473
80000 75000 150002 2.18632
75000 80000 149998 -2.07244
80000 80000 150005 4.91734
80000 0 150013 13.432
85000 0 150016 15.6436
80000 5000 150012 12.448
85000 5000 150016 15.6274
85000 0 150016 15.6436
90000 0 150017 16.6577
85000 5000 150016 15.6274
90000 5000 150018 17.6333
80000 5000 150012 12.448
85000 5000 150016 15.6274
80000 10000 150011 10.9783
85000 10000 150015 14.6373
85000 5000 150016 15.6274
90000 5000 150018 17.6333
85000 10000 150015 14.6373
90000 10000 150017 16.9545
90000 0 150017 16.6577
95000 0 150017 16.6462
90000 5000 150018 17.6333
95000 5000 150018 17.6459
95000 0 150017 16.6462
100000 0 150015 15.4711
95000 5000 150018 17.6459
100000 5000 150016 16.374
90000 5000 150018 17.6333
95000 5000 150018 17.6459
90000 10000 150017 16.9545
95000 10000 150018 18.0796
95000 5000 150018 17.6459
100000 5000 150016 16.374
95000 10000 150018 18.0796
100000 10000 150017 16.7203
100000 0 150015 15.4711
105000 0 150012 12.3796
100000 5000 150016 16.374
105000 5000 150011 11.2106
105000 0 150012 12.3796
110000 0 150005 4.51503
105000 5000 150011 11.2106
110000 5000 150002 1.87918
100000 5000 150016 16.374
105000 5000 150011 11.2106
100000 10000 150017 16.7203
105000 10000 150015 15.0286
105000 5000 150011 11.2106
110000 5000 150002 1.87918
105000 10000 150015 15.0286
110000 10000 150009 9.25341
110000 0 150005 4.51503
115000 0 149991 -9.33662
110000 5000 150002 1.87918
115000 5000 149987 -12.65
115000 0 149991 -9.33662
120000 0 149981 -18.8365
115000 5000 149987 -12.65
120000 5000 149977 -22.7943
110000 5000 150002 1.87918
115000 5000 149987 -12.65
110000 10000 150009 9.25341
115000 10000 149994 -6.07629
115000 5000 149987 -12.65
120000 5000 149977 -22.7943
115000 10000 149994 -6.07629
120000 10000 149975 -25.2575
120000 0 149981 -18.8365
125000 0 149974 -25.7721
120000 5000 149977 -22.7943
125000 5000 149973 -27.2353
125000 0 149974 -25.7721
130000 0 149975 -24.8738
125000 5000 149973 -27.2353
130000 5000 149973 -26.7059
120000 5000 149977 -22.7943
125000 5000 149973 -27.2353
120000 10000 149975 -25.2575
125000 10000 149968 -32.4376
125000 5000 149973 -27.2353
130000 5000 149973 -26.7059
125000 10000 149968 -32.4376
130000 10000 149969 -30.6285
130000 0 149975 -24.8738
135000 0 149978 -22.3958
130000 5000 149973 -26.7059
135000 5000 149976 -24.4966
135000 0 149978 -22.3958
140000 0 149982 -17.9659
135000 5000 149976 -24.4966
140000 5000 149988 -11.5195
130000 5000 149973 -26.7059
135000 5000 149976 -24.4966
130000 10000 149969 -30.6285
135000 10000 149976 -24.36
135000 5000 149976 -24.4966
140000 5000 149988 -11.5195
135000 10000 149976 -24.36
140000 10000 149988 -12.0771
140000 0 149982 -17.9659
145000 0 149997 -2.83394
140000 5000 149988 -11.5195
145000 5000 149991 -8.66057
145000 0 149997 -2.83394
150000 0 150000 -0.488911
145000 5000 149991 -8.66057
150000 5000 150001 1.05125
140000 5000 149988 -11.5195
145000 5000 149991 -8.66057
140000 10000 149988 -12.0771
145000 10000 149998 -1.88386
145000 5000 149991 -8.66057
150000 5000 150001 1.05125
145000 10000 149998 -1.88386
150000 10000 150005 4.50995
150000 0 150000 -0.488911
155000 0 150005 4.80167
150000 5000 150001 1.05125
155000 5000 150007 6.944
155000 0 150005 4.80167
160000 0 150011 11.273
155000 5000 150007 6.944
160000 5000 150013 12.8313
150000 5000 150001 1.05125
155000 5000 150007 6.944
150000 10000 150005 4.50995
155000 10000 150007 7.35262
155000 5000 150007 6.944
160000 5000 150013 12.8313
155000 10000 150007 7.35262
160000 10000 150014 14.0948
80000 10000 150011 10.9783
85000 10000 150015 14.6373
80000 15000 150010 10.4004
85000 15000 150015 14.9656
85000 10000 150015 14.6373
90000 10000 150017 16.9545
85000 15000 150015 14.9656
90000 15000 150015 15.197
80000 15000 150010 10.4004
85000 15000 150015 14.9656
80000 20000 150012 12.3343
85000 20000 150017 17.1831
85000 15000 150015 14.9656
90000 15000 150015 15.197
85000 20000 150017 17.1831
90000 20000 150018 17.8238
90000 10000 150017 16.9545
95000 10000 150018 18.0796
90000 15000 150015 15.197
95000 15000 150018 18.3693
95000 10000 150018 18.0796
100000 10000 150017 16.7203
95000 15000 150018 18.3693
100000 15000 150019 19.0176
90000 15000 150015 15.197
95000 15000 150018 18.3693
90000 20000 150018 17.8238
95000 20000 150019 18.547
95000 15000 150018 18.3693
100000 15000 150019 19.0176
95000 20000 150019 18.547
100000 20000 150018 17.8494
100000 10000 150017 16.7203
105000 10000 150015 15.0286
100000 15000 150019 19.0176
105000 15000 150021 20.5551
105000 10000 150015 15.0286
110000 10000 150009 9.25341
105000 15000 150021 20.5551
110000 15000 150016 16.4285
100000 15000 150019 19.0176
105000 15000 150021 20.5551
100000 20000 150018 17.8494
105000 20000 150021 21.3112
105000 15000 150021 20.5551
110000 15000 150016 16.4285
105000 20000 150021 21.3112
110000 20000 150023 22.986
110000 10000 150009 9.25341
115000 10000 149994 -6.07629
110000 15000 150016 16.4285
115000 15000 150000 0.26297
115000 10000 149994 -6.07629
120000 10000 149975 -25.2575
115000 15000 150000 0.26297
120000 15000 149973 -27.3966
110000 15000 150016 16.4285
115000 15000 150000 0.26297
110000 20000 150023 22.986
115000 20000 150006 6.18605
115000 15000 150000 0.26297
120000 15000 149973 -27.3966
115000 20000 150006 6.18605
120000 20000 149974 -26.4842
120000 10000 149975 -25.2575
125000 10000 149968 -32.4376
120000 15000 149973 -27.3966
125000 15000 149954 -46.4754
125000 10000 149968 -32.4376
130000 10000 149969 -30.6285
125000 15000 149954 -46.4754
130000 15000 149958 -42.2857
120000 15000 149973 -27.3966
125000 15000 149954 -46.4754
120000 20000 149974 -26.4842
125000 20000 149941 -58.5291
125000 15000 149954 -46.4754
130000 15000 149958 -42.2857
125000 20000 149941 -58.5291
130000 20000 149938 -62.2318
130000 10000 149969 -30.6285
135000 10000 149976 -24.36
130000 15000 149958 -42.2857
135000 15000 149972 -28.3314
135000 10000 149976 -24.36
140000 10000 149988 -12.0771
135000 15000 149972 -28.3314
140000 15000 149984 -16.0262
130000 15000 149958 -42.2857
135000 15000 149972 -28.3314
130000 20000 149938 -62.2318
135000 20000 149964 -36.0777
135000 15000 149972 -28.3314
140000 15000 149984 -16.0262
135000 20000 149964 -36.0777
140000 20000 149983 -17.4228
140000 10000 149988 -12.0771
145000 10000 149998 -1.88386
140000 15000 149984 -16.0262
145000 15000 149999 -1.16573
145000 10000 149998 -1.88386
150000 10000 150005 4.50995
145000 15000 149999 -1.16573
150000 15000 150005 4.68506
140000 15000 149984 -16.0262
145000 15000 149999 -1.16573
140000 20000 149983 -17.4228
145000 20000 149998 -1.9102
145000 15000 149999 -1.16573
150000 15000 150005 4.68506
145000 20000 149998 -1.9102
150000 20000 149996 -3.97231
150000 10000 150005 4.50995
155000 10000 150007 7.35262
150000 15000 150005 4.68506
155000 15000 150010 10.4323
155000 10000 150007 7.35262
160000 10000 150014 14.0948
155000 15000 150010 10.4323
160000 15000 150015 14.5167
150000 15000 150005 4.68506
155000 15000 150010 10.4323
150000 20000 149996 -3.97231
155000 20000 150008 7.78053
155000 15000 150010 10.4323
160000 15000 150015 14.5167
155000 20000 150008 7.78053
160000 20000 150014 13.5382
80000 20000 150012 12.3343
85000 20000 150017 17.1831
80000 25000 150012 11.9434
85000 25000 150017 16.7519
85000 20000 150017 17.1831
90000 20000 150018 17.8238
85000 25000 150017 16.7519
90000 25000 150017 17.4488
80000 25000 150012 11.9434
85000 25000 150017 16.7519
80000 30000 150009 9.17223
85000 30000 150014 13.799
85000 25000 150017 16.7519
90000 25000 150017 17.4488
85000 30000 150014 13.799
90000 30000 150018 17.9856
90000 20000 150018 17.8238
95000 20000 150019 18.547
90000 25000 150017 17.4488
95000 25000 150020 19.8742
95000 20000 150019 18.547
100000 20000 150018 17.8494
95000 25000 150020 19.8742
100000 25000 150021 21.3933
90000 25000 150017 17.4488
95000 25000 150020 19.8742
90000 30000 150018 17.9856
95000 30000 150019 19.3449
95000 25000 150020 19.8742
100000 25000 150021 21.3933
95000 30000 150019 19.3449
100000 30000 150021 21.2366
100000 20000 150018 17.8494
105000 20000 150021 21.3112
100000 25000 150021 21.3933
105000 25000 150023 23.3258
105000 20000 150021 21.3112
110000 20000 150023 22.986
105000 25000 150023 23.3258
110000 25000 150026 25.7579
100000 25000 150021 21.3933
105000 25000 150023 23.3258
100000 30000 150021 21.2366
105000 30000 150022 21.6196
105000 25000 150023 23.3258
110000 25000 150026 25.7579
105000 30000 150022 21.6196
110000 30000 150023 23.4681
110000 20000 150023 22.986
115000 20000 150006 6.18605
110000 25000 150026 25.7579
115000 25000 150018 18.3587
115000 20000 150006 6.18605
120000 20000 149974 -26.4842
115000 25000 150018 18.3587
120000 25000 149987 -13.3514
110000 25000 150026 25.7579
115000 25000 150018 18.3587
110000 30000 150023 23.4681
115000 30000 150023 23.155
115000 25000 150018 18.3587
120000 25000 149987 -13.3514
115000 30000 150023 23.155
120000 30000 150001 0.839597
120000 20000 149974 -26.4842
125000 20000 149941 -58.5291
120000 25000 149987 -13.3514
125000 25000 149953 -47.0771
125000 20000 149941 -58.5291
130000 20000 149938 -62.2318
125000 25000 149953 -47.0771
130000 25000 149929 -71.1163
120000 25000 149987 -13.3514
125000 25000 149953 -47.0771
120000 30000 150001 0.839597
125000 30000 149972 -27.7112
125000 25000 149953 -47.0771
130000 25000 149929 -71.1163
125000 30000 149972 -27.7112
130000 30000 149934 -65.507
130000 20000 149938 -62.2318
135000 20000 149964 -36.0777
130000 25000 149929 -71.1163
135000 25000 149947 -52.6545
135000 20000 149964 -36.0777
140000 20000 149983 -17.4228
135000 25000 149947 -52.6545
140000 25000 149974 -26.2216
130000 25000 149929 -71.1163
135000 25000 149947 -52.6545
130000 30000 149934 -65.507
135000 30000 149928 -72.3104
135000 25000 149947 -52.6545
140000 25000 149974 -26.2216
135000 30000 149928 -72.3104
140000 30000 149963 -37.1489
140000 20000 149983 -17.4228
145000 20000 149998 -1.9102
140000 25000 149974 -26.2216
145000 25000 149994 -6.06613
145000 20000 149998 -1.9102
150000 20000 149996 -3.97231
145000 25000 149994 -6.06613
150000 25000 150005 5.03673
140000 25000 149974 -26.2216
145000 25000 149994 -6.06613
140000 30000 149963 -37.1489
145000 30000 149984 -15.7549
145000 25000 149994 -6.06613
150000 25000 150005 5.03673
145000 30000 149984 -15.7549
150000 30000 150003 2.72394
150000 20000 149996 -3.97231
155000 20000 150008 7.78053
150000 25000 150005 5.03673
155000 25000 150009 9.35042
155000 20000 150008 7.78053
160000 20000 150014 13.5382
155000 25000 150009 9.35042
160000 25000 150011 10.7137
150000 25000 150005 5.03673
155000 25000 150009 9.35042
150000 30000 150003 2.72394
155000 30000 150010 10.3826
155000 25000 150009 9.35042
160000 25000 150011 10.7137
155000 30000 150010 10.3826
160000 30000 150014 13.9884
80000 30000 150009 9.17223
85000 30000 150014 13.799
80000 35000 150010 10.2984
85000 35000 150013 13.4871
85000 30000 150014 13.799
90000 30000 150018 17.9856
85000 35000 150013 13.4871
90000 35000 150015 14.6631
80000 35000 150010 10.2984
85000 35000 150013 13.4871
80000 40000 150006 6.29814
85000 40000 150013 13.3929
85000 35000 150013 13.4871
90000 35000 150015 14.6631
85000 40000 150013 13.3929
90000 40000 150018 18.0108
90000 30000 150018 17.9856
95000 30000 150019 19.3449
90000 35000 150015 14.6631
95000 35000 150020 19.5122
95000 30000 150019 19.3449
100000 30000 150021 21.2366
95000 35000 150020 19.5122
100000 35000 150021 21.4401
90000 35000 150015 14.6631
95000 35000 150020 19.5122
90000 40000 150018 18.0108
95000 40000 150021 20.7386
95000 35000 150020 19.5122
100000 35000 150021 21.4401
95000 40000 150021 20.7386
100000 40000 150023 22.8492
100000 30000 150021 21.2366
105000 30000 150022 21.6196
100000 35000 150021 21.4401
105000 35000 150022 22.1923
105000 30000 150022 21.6196
110000 30000 150023 23.4681
105000 35000 150022 22.1923
110000 35000 150024 23.5828
100000 35000 150021 21.4401
105000 35000 150022 22.1923
100000 40000 150023 22.8492
105000 40000 150022 22.468
105000 35000 150022 22.1923
110000 35000 150024 23.5828
105000 40000 150022 22.468
110000 40000 150022 21.9972
110000 30000 150023 23.4681
115000 30000 150023 23.155
110000 35000 150024 23.5828
115000 35000 150025 24.7821
115000 30000 150023 23.155
120000 30000 150001 0.839597
115000 35000 150025 24.7821
120000 35000 150014 14.1935
110000 35000 150024 23.5828
115000 35000 150025 24.7821
110000 40000 150022 21.9972
115000 40000 150025 24.7437
115000 35000 150025 24.7821
120000 35000 150014 14.1935
115000 40000 150025 24.7437
120000 40000 150022 21.5145
120000 30000 150001 0.839597
125000 30000 149972 -27.7112
120000 35000 150014 14.1935
125000 35000 149987 -12.9921
125000 30000 149972 -27.7112
130000 30000 149934 -65.507
125000 35000 149987 -12.9921
130000 35000 149952 -47.9808
120000 35000 150014 14.1935
125000 35000 149987 -12.9921
120000 40000 150022 21.5145
125000 40000 150001 1.39734
125000 35000 149987 -12.9921
130000 35000 149952 -47.9808
125000 40000 150001 1.39734
130000 40000 149972 -27.5482
130000 30000 149934 -65.507
135000 30000 149928 -72.3104
130000 35000 149952 -47.9808
135000 35000 149920 -79.9987
135000 30000 149928 -72.3104
140000 30000 149963 -37.1489
135000 35000 149920 -79.9987
140000 35000 149943 -57.1287
130000 35000 149952 -47.9808
135000 35000 149920 -79.9987
130000 40000 149972 -27.5482
135000 40000 149930 -69.7526
135000 35000 149920 -79.9987
140000 35000 149943 -57.1287
135000 40000 149930 -69.7526
140000 40000 149924 -76.2786
140000 30000 149963 -37.1489
145000 30000 149984 -15.7549
140000 35000 149943 -57.1287
145000 35000 149974 -26.093
145000 30000 149984 -15.7549
150000 30000 150003 2.72394
145000 35000 149974 -26.093
150000 35000 149991 -9.35219
140000 35000 149943 -57.1287
145000 35000 149974 -26.093
140000 40000 149924 -76.2786
145000 40000 149957 -42.5016
145000 35000 149974 -26.093
150000 35000 149991 -9.35219
145000 40000 149957 -42.5016
150000 40000 149982 -18.1814
150000 30000 150003 2.72394
155000 30000 150010 10.3826
150000 35000 149991 -9.35219
155000 35000 150010 9.52117
155000 30000 150010 10.3826
160000 30000 150014 13.9884
155000 35000 150010 9.52117
160000 35000 150016 16.4798
150000 35000 149991 -9.35219
155000 35000 150010 9.52117
150000 40000 149982 -18.1814
155000 40000 150007 7.28226
155000 35000 150010 9.52117
160000 35000 150016 16.4798
155000 40000 150007 7.28226
160000 40000 150006 6.31263
80000 40000 150006 6.29814
85000 40000 150013 13.3929
80000 45000 150008 7.69829
85000 45000 150013 12.65
85000 40000 150013 13.3929
90000 40000 150018 18.0108
85000 45000 150013 12.65
90000 45000 150019 18.8061
80000 45000 150008 7.69829
85000 45000 150013 12.65
80000 50000 150008 7.91651
85000 50000 150011 10.6915
85000 45000 150013 12.65
90000 45000 150019 18.8061
85000 50000 150011 10.6915
90000 50000 150015 15.0803
90000 40000 150018 18.0108
95000 40000 150021 20.7386
90000 45000 150019 18.8061
95000 45000 150019 19.4445
95000 40000 150021 20.7386
100000 40000 150023 22.8492
95000 45000 150019 19.4445
100000 45000 150020 20.2971
90000 45000 150019 18.8061
95000 45000 150019 19.4445
90000 50000 150015 15.0803
95000 50000 150021 21.1172
95000 45000 150019 19.4445
100000 45000 150020 20.2971
95000 50000 150021 21.1172
100000 50000 150022 22.1098
100000 40000 150023 22.8492
105000 40000 150022 22.468
100000 45000 150020 20.2971
105000 45000 150022 22.4984
105000 40000 150022 22.468
110000 40000 150022 21.9972
105000 45000 150022 22.4984
110000 45000 150022 22.4743
100000 45000 150020 20.2971
105000 45000 150022 22.4984
100000 50000 150022 22.1098
105000 50000 150022 21.8298
105000 45000 150022 22.4984
110000 45000 150022 22.4743
105000 50000 150022 21.8298
110000 50000 150024 23.5798
110000 40000 150022 21.9972
115000 40000 150025 24.7437
110000 45000 150022 22.4743
115000 45000 150022 21.6683
115000 40000 150025 24.7437
120000 40000 150022 21.5145
115000 45000 150022 21.6683
120000 45000 150023 22.6816
110000 45000 150022 22.4743
115000 45000 150022 21.6683
110000 50000 150024 23.5798
115000 50000 150023 22.7046
115000 45000 150022 21.6683
120000 45000 150023 22.6816
115000 50000 150023 22.7046
120000 50000 150018 18.3356
120000 40000 150022 21.5145
125000 40000 150001 1.39734
120000 45000 150023 22.6816
125000 45000 149998 -1.99111
125000 40000 150001 1.39734
130000 40000 149972 -27.5482
125000 45000 149998 -1.99111
130000 45000 149982 -18.3867
120000 45000 150023 22.6816
125000 45000 149998 -1.99111
120000 50000 150018 18.3356
125000 50000 150019 18.6881
125000 45000 149998 -1.99111
130000 45000 149982 -18.3867
125000 50000 150019 18.6881
130000 50000 150003 3.03503
130000 40000 149972 -27.5482
135000 40000 149930 -69.7526
130000 45000 149982 -18.3867
135000 45000 149956 -44.1187
135000 40000 149930 -69.7526
140000 40000 149924 -76.2786
135000 45000 149956 -44.1187
140000 45000 149918 -81.9618
130000 45000 149982 -18.3867
135000 45000 149956 -44.1187
130000 50000 150003 3.03503
135000 50000 149974 -26.1988
135000 45000 149956 -44.1187
140000 45000 149918 -81.9618
135000 50000 149974 -26.1988
140000 50000 149932 -68.2948
140000 40000 149924 -76.2786
145000 40000 149957 -42.5016
140000 45000 149918 -81.9618
145000 45000 149931 -69.3043
145000 40000 149957 -42.5016
150000 40000 149982 -18.1814
145000 45000 149931 -69.3043
150000 45000 149971 -28.5156
140000 45000 149918 -81.9618
145000 45000 149931 -69.3043
140000 50000 149932 -68.2948
145000 50000 149915 -84.9747
145000 45000 149931 -69.3043
150000 45000 149971 -28.5156
145000 50000 149915 -84.9747
150000 50000 149952 -48.3808
150000 40000 149982 -18.1814
155000 40000 150007 7.28226
150000 45000 149971 -28.5156
155000 45000 149985 -14.8237
155000 40000 150007 7.28226
160000 40000 150006 6.31263
155000 45000 149985 -14.8237
160000 45000 150014 13.649
150000 45000 149971 -28.5156
155000 45000 149985 -14.8237
150000 50000 149952 -48.3808
155000 50000 149985 -14.7219
155000 45000 149985 -14.8237
160000 45000 150014 13.649
155000 50000 149985 -14.7219
160000 50000 149997 -2.9298
80000 50000 150008 7.91651
85000 50000 150011 10.6915
80000 55000 150004 4.04302
85000 55000 150008 7.80882
85000 50000 150011 10.6915
90000 50000 150015 15.0803
85000 55000 150008 7.80882
90000 55000 150013 12.7466
80000 55000 150004 4.04302
85000 55000 150008 7.80882
80000 60000 150006 6.32298
85000 60000 150010 9.74177
85000 55000 150008 7.80882
90000 55000 150013 12.7466
85000 60000 150010 9.74177
90000 60000 150012 11.9935
90000 50000 150015 15.0803
95000 50000 150021 21.1172
90000 55000 150013 12.7466
95000 55000 150018 17.6456
95000 50000 150021 21.1172
100000 50000 150022 22.1098
95000 55000 150018 17.6456
100000 55000 150021 21.0128
90000 55000 150013 12.7466
95000 55000 150018 17.6456
90000 60000 150012 11.9935
95000 60000 150015 15.3951
95000 55000 150018 17.6456
100000 55000 150021 21.0128
95000 60000 150015 15.3951
100000 60000 150019 19.4379
100000 50000 150022 22.1098
105000 50000 150022 21.8298
100000 55000 150021 21.0128
105000 55000 150024 23.7557
105000 50000 150022 21.8298
110000 50000 150024 23.5798
105000 55000 150024 23.7557
110000 55000 150024 24.0768
100000 55000 150021 21.0128
105000 55000 150024 23.7557
100000 60000 150019 19.4379
105000 60000 150023 22.5821
105000 55000 150024 23.7557
110000 55000 150024 24.0768
105000 60000 150023 22.5821
110000 60000 150023 23.1303
110000 50000 150024 23.5798
115000 50000 150023 22.7046
110000 55000 150024 24.0768
115000 55000 150023 22.5609
115000 50000 150023 22.7046
120000 50000 150018 18.3356
115000 55000 150023 22.5609
120000 55000 150022 22.4006
110000 55000 150024 24.0768
115000 55000 150023 22.5609
110000 60000 150023 23.1303
115000 60000 150024 23.8238
115000 55000 150023 22.5609
120000 55000 150022 22.4006
115000 60000 150024 23.8238
120000 60000 150022 22.1251
120000 50000 150018 18.3356
125000 50000 150019 18.6881
120000 55000 150022 22.4006
125000 55000 150023 23.0809
125000 50000 150019 18.6881
130000 50000 150003 3.03503
125000 55000 150023 23.0809
130000 55000 150013 13.2937
120000 55000 150022 22.4006
125000 55000 150023 23.0809
120000 60000 150022 22.1251
125000 60000 150023 23.233
125000 55000 150023 23.0809
130000 55000 150013 13.2937
125000 60000 150023 23.233
130000 60000 150019 19.3512
130000 50000 150003 3.03503
135000 50000 149974 -26.1988
130000 55000 150013 13.2937
135000 55000 149988 -12.0443
135000 50000 149974 -26.1988
140000 50000 149932 -68.2948
135000 55000 149988 -12.0443
140000 55000 149959 -40.6616
130000 55000 150013 13.2937
135000 55000 149988 -12.0443
130000 60000 150019 19.3512
135000 60000 150004 4.35708
135000 55000 149988 -12.0443
140000 55000 149959 -40.6616
135000 60000 150004 4.35708
140000 60000 149974 -26.1375
140000 50000 149932 -68.2948
145000 50000 149915 -84.9747
140000 55000 149959 -40.6616
145000 55000 149918 -82.0085
145000 50000 149915 -84.9747
150000 50000 149952 -48.3808
145000 55000 149918 -82.0085
150000 55000 149932 -68.2409
140000 55000 149959 -40.6616
145000 55000 149918 -82.0085
140000 60000 149974 -26.1375
145000 60000 149939 -60.6931
145000 55000 149918 -82.0085
150000 55000 149932 -68.2409
145000 60000 149939 -60.6931
150000 60000 149919 -80.5427
150000 50000 149952 -48.3808
155000 50000 149985 -14.7219
150000 55000 149932 -68.2409
155000 55000 149972 -28.3122
155000 50000 149985 -14.7219
160000 50000 149997 -2.9298
155000 55000 149972 -28.3122
160000 55000 149993 -7.13866
150000 55000 149932 -68.2409
155000 55000 149972 -28.3122
150000 60000 149919 -80.5427
155000 60000 149948 -52.2422
155000 55000 149972 -28.3122
160000 55000 149993 -7.13866
155000 60000 149948 -52.2422
160000 60000 149976 -24.0002
80000 60000 150006 6.32298
85000 60000 150010 9.74177
80000 65000 150005 4.92581
85000 65000 150008 7.62001
85000 60000 150010 9.74177
90000 60000 150012 11.9935
85000 65000 150008 7.62001
90000 65000 150013 13.357
80000 65000 150005 4.92581
85000 65000 150008 7.62001
80000 70000 150005 5.02081
85000 70000 150007 7.41765
85000 65000 150008 7.62001
90000 65000 150013 13.357
85000 70000 150007 7.41765
90000 70000 150011 11.1532
90000 60000 150012 11.9935
95000 60000 150015 15.3951
90000 65000 150013 13.357
95000 65000 150016 16.3872
95000 60000 150015 15.3951
100000 60000 150019 19.4379
95000 65000 150016 16.3872
100000 65000 150018 18.3808
90000 65000 150013 13.357
95000 65000 150016 16.3872
90000 70000 150011 11.1532
95000 70000 150015 14.7446
95000 65000 150016 16.3872
100000 65000 150018 18.3808
95000 70000 150015 14.7446
100000 70000 150017 17.1282
100000 60000 150019 19.4379
105000 60000 150023 22.5821
100000 65000 150018 18.3808
105000 65000 150023 23.1475
105000 60000 150023 22.5821
110000 60000 150023 23.1303
105000 65000 150023 23.1475
110000 65000 150024 23.8222
100000 65000 150018 18.3808
105000 65000 150023 23.1475
100000 70000 150017 17.1282
105000 70000 150021 21.2419
105000 65000 150023 23.1475
110000 65000 150024 23.8222
105000 70000 150021 21.2419
110000 70000 150023 22.8679
110000 60000 150023 23.1303
115000 60000 150024 23.8238
110000 65000 150024 23.8222
115000 65000 150023 23.188
115000 60000 150024 23.8238
120000 60000 150022 22.1251
115000 65000 150023 23.188
120000 65000 150023 22.9954
110000 65000 150024 23.8222
115000 65000 150023 23.188
110000 70000 150023 22.8679
115000 70000 150026 25.5323
115000 65000 150023 23.188
120000 65000 150023 22.9954
115000 70000 150026 25.5323
120000 70000 150024 24.4178
120000 60000 150022 22.1251
125000 60000 150023 23.233
120000 65000 150023 22.9954
125000 65000 150023 23.282
125000 60000 150023 23.233
130000 60000 150019 19.3512
125000 65000 150023 23.282
130000 65000 150018 18.3441
120000 65000 150023 22.9954
125000 65000 150023 23.282
120000 70000 150024 24.4178
125000 70000 150022 22.1035
125000 65000 150023 23.282
130000 65000 150018 18.3441
125000 70000 150022 22.1035
130000 70000 150020 20.0304
130000 60000 150019 19.3512
135000 60000 150004 4.35708
130000 65000 150018 18.3441
135000 65000 150005 4.92355
135000 60000 150004 4.35708
140000 60000 149974 -26.1375
135000 65000 150005 4.92355
140000 65000 149988 -11.7214
130000 65000 150018 18.3441
135000 65000 150005 4.92355
130000 70000 150020 20.0304
135000 70000 150017 17.2524
135000 65000 150005 4.92355
140000 65000 149988 -11.7214
135000 70000 150017 17.2524
140000 70000 149998 -1.6779
140000 60000 149974 -26.1375
145000 60000 149939 -60.6931
140000 65000 149988 -11.7214
145000 65000 149967 -33.3295
145000 60000 149939 -60.6931
150000 60000 149919 -80.5427
145000 65000 149967 -33.3295
150000 65000 149927 -73.1003
140000 65000 149988 -11.7214
145000 65000 149967 -33.3295
140000 70000 149998 -1.6779
145000 70000 149975 -25.4595
145000 65000 149967 -33.3295
150000 65000 149927 -73.1003
145000 70000 149975 -25.4595
150000 70000 149950 -49.9934
150000 60000 149919 -80.5427
155000 60000 149948 -52.2422
150000 65000 149927 -73.1003
155000 65000 149923 -76.8688
155000 60000 149948 -52.2422
160000 60000 149976 -24.0002
155000 65000 149923 -76.8688
160000 65000 149965 -35.2585
150000 65000 149927 -73.1003
155000 65000 149923 -76.8688
150000 70000 149950 -49.9934
155000 70000 149918 -82.1443
155000 65000 149923 -76.8688
160000 65000 149965 -35.2585
155000 70000 149918 -82.1443
160000 70000 149937 -63.0989
80000 70000 150005 5.02081
85000 70000 150007 7.41765
80000 75000 150002 2.18632
85000 75000 150006 5.88597
85000 70000 150007 7.41765
90000 70000 150011 11.1532
85000 75000 150006 5.88597
90000 75000 150010 10.4735
80000 75000 150002 2.18632
85000 75000 150006 5.88597
80000 80000 150005 4.91734
85000 80000 150005 5.25863
85000 75000 150006 5.88597
90000 75000 150010 10.4735
85000 80000 150005 5.25863
90000 80000 150008 8.03967
90000 70000 150011 11.1532
95000 70000 150015 14.7446
90000 75000 150010 10.4735
95000 75000 150014 13.949
95000 70000 150015 14.7446
100000 70000 150017 17.1282
95000 75000 150014 13.949
100000 75000 150015 15.3106
90000 75000 150010 10.4735
95000 75000 150014 13.949
90000 80000 150008 8.03967
95000 80000 150012 11.7136
95000 75000 150014 13.949
100000 75000 150015 15.3106
95000 80000 150012 11.7136
100000 80000 150017 16.5479
100000 70000 150017 17.1282
105000 70000 150021 21.2419
100000 75000 150015 15.3106
105000 75000 150019 19.3107
105000 70000 150021 21.2419
110000 70000 150023 22.8679
105000 75000 150019 19.3107
110000 75000 150023 22.7483
100000 75000 150015 15.3106
105000 75000 150019 19.3107
100000 80000 150017 16.5479
105000 80000 150019 18.7682
105000 75000 150019 19.3107
110000 75000 150023 22.7483
105000 80000 150019 18.7682
110000 80000 150022 21.6108
110000 70000 150023 22.8679
115000 70000 150026 25.5323
110000 75000 150023 22.7483
115000 75000 150022 22.1096
115000 70000 150026 25.5323
120000 70000 150024 24.4178
115000 75000 150022 22.1096
120000 75000 150023 23.3712
110000 75000 150023 22.7483
115000 75000 150022 22.1096
110000 80000 150022 21.6108
115000 80000 150022 21.7972
115000 75000 150022 22.1096
120000 75000 150023 23.3712
115000 80000 150022 21.7972
120000 80000 150023 22.9355
120000 70000 150024 24.4178
125000 70000 150022 22.1035
120000 75000 150023 23.3712
125000 75000 150022 22.1713
125000 70000 150022 22.1035
130000 70000 150020 20.0304
125000 75000 150022 22.1713
130000 75000 150019 18.6135
120000 75000 150023 23.3712
125000 75000 150022 22.1713
120000 80000 150023 22.9355
125000 80000 150022 21.8377
125000 75000 150022 22.1713
130000 75000 150019 18.6135
125000 80000 150022 21.8377
130000 80000 150018 18.0006
130000 70000 150020 20.0304
135000 70000 150017 17.2524
130000 75000 150019 18.6135
135000 75000 150016 16.2338
135000 70000 150017 17.2524
140000 70000 149998 -1.6779
135000 75000 150016 16.2338
140000 75000 150009 8.56459
130000 75000 150019 18.6135
135000 75000 150016 16.2338
130000 80000 150018 18.0006
135000 80000 150016 16.012
135000 75000 150016 16.2338
140000 75000 150009 8.56459
135000 80000 150016 16.012
140000 80000 150015 15.1262
140000 70000 149998 -1.6779
145000 70000 149975 -25.4595
140000 75000 150009 8.56459
145000 75000 149989 -11.2923
145000 70000 149975 -25.4595
150000 70000 149950 -49.9934
145000 75000 149989 -11.2923
150000 75000 149973 -27.2211
140000 75000 150009 8.56459
145000 75000 149989 -11.2923
140000 80000 150015 15.1262
145000 80000 150007 6.87179
145000 75000 149989 -11.2923
150000 75000 149973 -27.2211
145000 80000 150007 6.87179
150000 80000 149981 -18.5141
150000 70000 149950 -49.9934
155000 70000 149918 -82.1443
150000 75000 149973 -27.2211
155000 75000 149930 -70.379
155000 70000 149918 -82.1443
160000 70000 149937 -63.0989
155000 75000 149930 -70.379
160000 75000 149914 -85.5938
150000 75000 149973 -27.2211
155000 75000 149930 -70.379
150000 80000 149981 -18.5141
155000 80000 149953 -46.8495
155000 75000 149930 -70.379
160000 75000 149914 -85.5938
155000 80000 149953 -46.8495
160000 80000 149914 -86.4127
0 80000 149987 -13.3505
5000 80000 149986 -13.6565
0 85000 149985 -14.6374
5000 85000 149985 -14.6979
5000 80000 149986 -13.6565
10000 80000 149986 -14.4081
5000 85000 149985 -14.6979
10000 85000 149987 -13.4231
0 85000 149985 -14.6374
5000 85000 149985 -14.6979
0 90000 149985 -14.8629
5000 90000 149986 -13.898
5000 85000 149985 -14.6979
10000 85000 149987 -13.4231
5000 90000 149986 -13.898
10000 90000 149987 -13.3597
10000 80000 149986 -14.4081
15000 80000 149986 -14.1462
10000 85000 149987 -13.4231
15000 85000 149987 -12.8877
15000 80000 149986 -14.1462
20000 80000 149986 -13.6058
15000 85000 149987 -12.8877
20000 85000 149987 -12.7279
10000 85000 149987 -13.4231
15000 85000 149987 -12.8877
10000 90000 149987 -13.3597
15000 90000 149986 -13.6841
15000 85000 149987 -12.8877
20000 85000 149987 -12.7279
15000 90000 149986 -13.6841
20000 90000 149986 -13.7652
20000 80000 149986 -13.6058
25000 80000 149986 -14.0162
20000 85000 149987 -12.7279
25000 85000 149987 -13.0421
25000 80000 149986 -14.0162
30000 80000 149987 -12.6369
25000 85000 149987 -13.0421
30000 85000 149986 -13.6657
20000 85000 149987 -12.7279
25000 85000 149987 -13.0421
20000 90000 149986 -13.7652
25000 90000 149987 -13.3502
25000 85000 149987 -13.0421
30000 85000 149986 -13.6657
25000 90000 149987 -13.3502
30000 90000 149987 -12.6612
30000 80000 149987 -12.6369
35000 80000 149987 -13.0648
30000 85000 149986 -13.6657
35000 85000 149987 -12.8751
35000 80000 149987 -13.0648
40000 80000 149989 -11.3303
35000 85000 149987 -12.8751
40000 85000 149988 -12.2367
30000 85000 149986 -13.6657
35000 85000 149987 -12.8751
30000 90000 149987 -12.6612
35000 90000 149988 -12.4475
35000 85000 149987 -12.8751
40000 85000 149988 -12.2367
35000 90000 149988 -12.4475
40000 90000 149989 -11.434
40000 80000 149989 -11.3303
45000 80000 149989 -11.0424
40000 85000 149988 -12.2367
45000 85000 149988 -11.6952
45000 80000 149989 -11.0424
50000 80000 149989 -10.9385
45000 85000 149988 -11.6952
50000 85000 149988 -11.7945
40000 85000 149988 -12.2367
45000 85000 149988 -11.6952
40000 90000 149989 -11.434
45000 90000 149989 -10.7684
45000 85000 149988 -11.6952
50000 85000 149988 -11.7945
45000 90000 149989 -10.7684
50000 90000 149990 -9.83236
50000 80000 149989 -10.9385
55000 80000 149992 -8.46273
50000 85000 149988 -11.7945
55000 85000 149989 -11.0175
55000 80000 149992 -8.46273
60000 80000 149992 -8.01881
55000 85000 149989 -11.0175
60000 85000 149990 -9.55391
50000 85000 149988 -11.7945
55000 85000 149989 -11.0175
50000 90000 149990 -9.83236
55000 90000 149991 -9.37771
55000 85000 149989 -11.0175
60000 85000 149990 -9.55391
55000 90000 149991 -9.37771
60000 90000 149992 -7.60235
60000 80000 149992 -8.01881
65000 80000 149992 -7.97413
60000 85000 149990 -9.55391
65000 85000 149994 -5.81961
65000 80000 149992 -7.97413
70000 80000 149995 -4.92334
65000 85000 149994 -5.81961
70000 85000 149995 -4.5392
60000 85000 149990 -9.55391
65000 85000 149994 -5.81961
60000 90000 149992 -7.60235
65000 90000 149992 -7.96638
65000 85000 149994 -5.81961
70000 85000 149995 -4.5392
65000 90000 149992 -7.96638
70000 90000 149996 -3.88816
70000 80000 149995 -4.92334
75000 80000 149998 -2.07244
70000 85000 149995 -4.5392
75000 85000 149999 -1.26594
75000 80000 149998 -2.07244
80000 80000 150005 4.91734
75000 85000 149999 -1.26594
80000 85000 150001 1.13724
70000 85000 149995 -4.5392
75000 85000 149999 -1.26594
70000 90000 149996 -3.88816
75000 90000 149997 -3.12916
75000 85000 149999 -1.26594
80000 85000 150001 1.13724
75000 90000 149997 -3.12916
80000 90000 150003 2.53049
80000 80000 150005 4.91734
85000 80000 150005 5.25863
80000 85000 150001 1.13724
85000 85000 150006 6.28897
85000 80000 150005 5.25863
90000 80000 150008 8.03967
85000 85000 150006 6.28897
90000 85000 150007 6.69041
80000 85000 150001 1.13724
85000 85000 150006 6.28897
80000 90000 150003 2.53049
85000 90000 150006 5.9105
85000 85000 150006 6.28897
90000 85000 150007 6.69041
85000 90000 150006 5.9105
90000 90000 150007 7.13955
90000 80000 150008 8.03967
95000 80000 150012 11.7136
90000 85000 150007 6.69041
95000 85000 150011 10.7669
95000 80000 150012 11.7136
100000 80000 150017 16.5479
95000 85000 150011 10.7669
100000 85000 150013 12.519
90000 85000 150007 6.69041
95000 85000 150011 10.7669
90000 90000 150007 7.13955
95000 90000 150009 9.26133
95000 85000 150011 10.7669
100000 85000 150013 12.519
95000 90000 150009 9.26133
100000 90000 150013 13.4298
100000 80000 150017 16.5479
105000 80000 150019 18.7682
100000 85000 150013 12.519
105000 85000 150017 16.8348
105000 80000 150019 18.7682
110000 80000 150022 21.6108
105000 85000 150017 16.8348
110000 85000 150019 18.5585
100000 85000 150013 12.519
105000 85000 150017 16.8348
100000 90000 150013 13.4298
105000 90000 150015 15.4502
105000 85000 150017 16.8348
110000 85000 150019 18.5585
105000 90000 150015 15.4502
110000 90000 150018 17.5161
0 90000 149985 -14.8629
5000 90000 149986 -13.898
0 95000 149985 -14.5693
5000 95000 149985 -14.6893
5000 90000 149986 -13.898
10000 90000 149987 -13.3597
5000 95000 149985 -14.6893
10000 95000 149985 -14.634
0 95000 149985 -14.5693
5000 95000 149985 -14.6893
0 100000 149985 -14.555
5000 100000 149985 -14.7389
5000 95000 149985 -14.6893
10000 95000 149985 -14.634
5000 100000 149985 -14.7389
10000 100000 149986 -14.4888
10000 90000 149987 -13.3597
15000 90000 149986 -13.6841
10000 95000 149985 -14.634
15000 95000 149986 -14.4302
15000 90000 149986 -13.6841
20000 90000 149986 -13.7652
15000 95000 149986 -14.4302
20000 95000 149987 -13.3495
10000 95000 149985 -14.634
15000 95000 149986 -14.4302
10000 100000 149986 -14.4888
15000 100000 149986 -13.8425
15000 95000 149986 -14.4302
20000 95000 149987 -13.3495
15000 100000 149986 -13.8425
20000 100000 149986 -13.6169
20000 90000 149986 -13.7652
25000 90000 149987 -13.3502
20000 95000 149987 -13.3495
25000 95000 149986 -13.751
25000 90000 149987 -13.3502
30000 90000 149987 -12.6612
25000 95000 149986 -13.751
30000 95000 149987 -13.3149
20000 95000 149987 -13.3495
25000 95000 149986 -13.751
20000 100000 149986 -13.6169
25000 100000 149987 -13.4968
25000 95000 149986 -13.751
30000 95000 149987 -13.3149
25000 100000 149987 -13.4968
30000 100000 149987 -12.9276
30000 90000 149987 -12.6612
35000 90000 149988 -12.4475
30000 95000 149987 -13.3149
35000 95000 149987 -12.7958
35000 90000 149988 -12.4475
40000 90000 149989 -11.434
35000 95000 149987 -12.7958
40000 95000 149988 -11.6833
30000 95000 149987 -13.3149
35000 95000 149987 -12.7958
30000 100000 149987 -12.9276
35000 100000 149987 -12.789
35000 95000 149987 -12.7958
40000 95000 149988 -11.6833
35000 100000 149987 -12.789
40000 100000 149987 -13.0778
40000 90000 149989 -11.434
45000 90000 149989 -10.7684
40000 95000 149988 -11.6833
45000 95000 149988 -12.4615
45000 90000 149989 -10.7684
50000 90000 149990 -9.83236
45000 95000 149988 -12.4615
50000 95000 149988 -11.7936
40000 95000 149988 -11.6833
45000 95000 149988 -12.4615
40000 100000 149987 -13.0778
45000 100000 149988 -11.9419
45000 95000 149988 -12.4615
50000 95000 149988 -11.7936
45000 100000 149988 -11.9419
50000 100000 149989 -11.0055
50000 90000 149990 -9.83236
55000 90000 149991 -9.37771
50000 95000 149988 -11.7936
55000 95000 149990 -10.3129
55000 90000 149991 -9.37771
60000 90000 149992 -7.60235
55000 95000 149990 -10.3129
60000 95000 149993 -7.23238
50000 95000 149988 -11.7936
55000 95000 149990 -10.3129
50000 100000 149989 -11.0055
55000 100000 149990 -9.85782
55000 95000 149990 -10.3129
60000 95000 149993 -7.23238
55000 100000 149990 -9.85782
60000 100000 149992 -8.32375
60000 90000 149992 -7.60235
65000 90000 149992 -7.96638
60000 95000 149993 -7.23238
65000 95000 149993 -6.59724
65000 90000 149992 -7.96638
70000 90000 149996 -3.88816
65000 95000 149993 -6.59724
70000 95000 149997 -3.48824
60000 95000 149993 -7.23238
65000 95000 149993 -6.59724
60000 100000 149992 -8.32375
65000 100000 149991 -9.04724
65000 95000 149993 -6.59724
70000 95000 149997 -3.48824
65000 100000 149991 -9.04724
70000 100000 149993 -7.1682
70000 90000 149996 -3.88816
75000 90000 149997 -3.12916
70000 95000 149997 -3.48824
75000 95000 149998 -1.73276
75000 90000 149997 -3.12916
80000 90000 150003 2.53049
75000 95000 149998 -1.73276
80000 95000 150002 1.90161
70000 95000 149997 -3.48824
75000 95000 149998 -1.73276
70000 100000 149993 -7.1682
75000 100000 149998 -2.15161
75000 95000 149998 -1.73276
80000 95000 150002 1.90161
75000 100000 149998 -2.15161
80000 100000 149998 -1.84839
80000 90000 150003 2.53049
85000 90000 150006 5.9105
80000 95000 150002 1.90161
85000 95000 150005 5.16087
85000 90000 150006 5.9105
90000 90000 150007 7.13955
85000 95000 150005 5.16087
90000 95000 150008 7.77551
80000 95000 150002 1.90161
85000 95000 150005 5.16087
80000 100000 149998 -1.84839
85000 100000 150003 2.97116
85000 95000 150005 5.16087
90000 95000 150008 7.77551
85000 100000 150003 2.97116
90000 100000 150004 3.93838
90000 90000 150007 7.13955
95000 90000 150009 9.26133
90000 95000 150008 7.77551
95000 95000 150011 10.7869
95000 90000 150009 9.26133
100000 90000 150013 13.4298
95000 95000 150011 10.7869
100000 95000 150012 11.6563
90000 95000 150008 7.77551
95000 95000 150011 10.7869
90000 100000 150004 3.93838
95000 100000 150007 7.24306
95000 95000 150011 10.7869
100000 95000 150012 11.6563
95000 100000 150007 7.24306
100000 100000 150012 12.1997
0 100000 149985 -14.555
5000 100000 149985 -14.7389
0 105000 149985 -14.6301
5000 105000 149985 -14.9479
5000 100000 149985 -14.7389
10000 100000 149986 -14.4888
5000 105000 149985 -14.9479
10000 105000 149986 -14.1582
0 105000 149985 -14.6301
5000 105000 149985 -14.9479
0 110000 149985 -15.0922
5000 110000 149985 -14.6566
5000 105000 149985 -14.9479
10000 105000 149986 -14.1582
5000 110000 149985 -14.6566
10000 110000 149985 -14.8853
10000 100000 149986 -14.4888
15000 100000 149986 -13.8425
10000 105000 149986 -14.1582
15000 105000 149985 -14.6688
15000 100000 149986 -13.8425
20000 100000 149986 -13.6169
15000 105000 149985 -14.6688
20000 105000 149986 -13.6222
10000 105000 149986 -14.1582
15000 105000 149985 -14.6688
10000 110000 149985 -14.8853
15000 110000 149985 -14.8529
15000 105000 149985 -14.6688
20000 105000 149986 -13.6222
15000 110000 149985 -14.8529
20000 110000 149985 -14.6083
20000 100000 149986 -13.6169
25000 100000 149987 -13.4968
20000 105000 149986 -13.6222
25000 105000 149986 -13.9995
25000 100000 149987 -13.4968
30000 100000 149987 -12.9276
25000 105000 149986 -13.9995
30000 105000 149986 -13.6603
20000 105000 149986 -13.6222
25000 105000 149986 -13.9995
20000 110000 149985 -14.6083
25000 110000 149986 -14.0471
25000 105000 149986 -13.9995
30000 105000 149986 -13.6603
25000 110000 149986 -14.0471
30000 110000 149987 -12.6488
30000 100000 149987 -12.9276
35000 100000 149987 -12.789
30000 105000 149986 -13.6603
35000 105000 149987 -13.3149
35000 100000 149987 -12.789
40000 100000 149987 -13.0778
35000 105000 149987 -13.3149
40000 105000 149988 -12.0261
30000 105000 149986 -13.6603
35000 105000 149987 -13.3149
30000 110000 149987 -12.6488
35000 110000 149987 -12.9889
35000 105000 149987 -13.3149
40000 105000 149988 -12.0261
35000 110000 149987 -12.9889
40000 110000 149988 -11.7462
40000 100000 149987 -13.0778
45000 100000 149988 -11.9419
40000 105000 149988 -12.0261
45000 105000 149987 -12.5889
45000 100000 149988 -11.9419
50000 100000 149989 -11.0055
45000 105000 149987 -12.5889
50000 105000 149989 -11.1814
40000 105000 149988 -12.0261
45000 105000 149987 -12.5889
40000 110000 149988 -11.7462
45000 110000 149988 -12.2879
45000 105000 149987 -12.5889
50000 105000 149989 -11.1814
45000 110000 149988 -12.2879
50000 110000 149989 -11.344
50000 100000 149989 -11.0055
55000 100000 149990 -9.85782
50000 105000 149989 -11.1814
55000 105000 149989 -10.787
55000 100000 149990 -9.85782
60000 100000 149992 -8.32375
55000 105000 149989 -10.787
60000 105000 149992 -8.39297
50000 105000 149989 -11.1814
55000 105000 149989 -10.787
50000 110000 149989 -11.344
55000 110000 149990 -9.74776
55000 105000 149989 -10.787
60000 105000 149992 -8.39297
55000 110000 149990 -9.74776
60000 110000 149992 -7.79668
60000 100000 149992 -8.32375
65000 100000 149991 -9.04724
60000 105000 149992 -8.39297
65000 105000 149993 -7.17754
65000 100000 149991 -9.04724
70000 100000 149993 -7.1682
65000 105000 149993 -7.17754
70000 105000 149996 -4.00826
60000 105000 149992 -8.39297
65000 105000 149993 -7.17754
60000 110000 149992 -7.79668
65000 110000 149992 -7.72866
65000 105000 149993 -7.17754
70000 105000 149996 -4.00826
65000 110000 149992 -7.72866
70000 110000 149996 -3.99871
70000 100000 149993 -7.1682
75000 100000 149998 -2.15161
70000 105000 149996 -4.00826
75000 105000 149998 -1.68663
75000 100000 149998 -2.15161
80000 100000 149998 -1.84839
75000 105000 149998 -1.68663
80000 105000 150003 2.50967
70000 105000 149996 -4.00826
75000 105000 149998 -1.68663
70000 110000 149996 -3.99871
75000 110000 149999 -1.20754
75000 105000 149998 -1.68663
80000 105000 150003 2.50967
75000 110000 149999 -1.20754
80000 110000 150001 1.06727
0 110000 149985 -15.0922
5000 110000 149985 -14.6566
0 115000 149986 -13.6152
5000 115000 149985 -14.6367
5000 110000 149985 -14.6566
10000 110000 149985 -14.8853
5000 115000 149985 -14.6367
10000 115000 149985 -14.7309
0 115000 149986 -13.6152
5000 115000 149985 -14.6367
0 120000 149986 -14.4009
5000 120000 149985 -14.8672
5000 115000 149985 -14.6367
10000 115000 149985 -14.7309
5000 120000 149985 -14.8672
10000 120000 149985 -15.4453
10000 110000 149985 -14.8853
15000 110000 149985 -14.8529
10000 115000 149985 -14.7309
15000 115000 149987 -13.4913
15000 110000 149985 -14.8529
20000 110000 149985 -14.6083
15000 115000 149987 -13.4913
20000 115000 149986 -14.1229
10000 115000 149985 -14.7309
15000 115000 149987 -13.4913
10000 120000 149985 -15.4453
15000 120000 149985 -14.8808
15000 115000 149987 -13.4913
20000 115000 149986 -14.1229
15000 120000 149985 -14.8808
20000 120000 149986 -13.767
20000 110000 149985 -14.6083
25000 110000 149986 -14.0471
20000 115000 149986 -14.1229
25000 115000 149986 -13.5506
25000 110000 149986 -14.0471
30000 110000 149987 -12.6488
25000 115000 149986 -13.5506
30000 115000 149987 -13.3222
20000 115000 149986 -14.1229
25000 115000 149986 -13.5506
20000 120000 149986 -13.767
25000 120000 149987 -12.8613
25000 115000 149986 -13.5506
30000 115000 149987 -13.3222
25000 120000 149987 -12.8613
30000 120000 149987 -12.6543
30000 110000 149987 -12.6488
35000 110000 149987 -12.9889
30000 115000 149987 -13.3222
35000 115000 149987 -12.5377
35000 110000 149987 -12.9889
40000 110000 149988 -11.7462
35000 115000 149987 -12.5377
40000 115000 149988 -11.8264
30000 115000 149987 -13.3222
35000 115000 149987 -12.5377
30000 120000 149987 -12.6543
35000 120000 149988 -11.5875
35000 115000 149987 -12.5377
40000 115000 149988 -11.8264
35000 120000 149988 -11.5875
40000 120000 149987 -12.6061
40000 110000 149988 -11.7462
45000 110000 149988 -12.2879
40000 115000 149988 -11.8264
45000 115000 149988 -11.592
45000 110000 149988 -12.2879
50000 110000 149989 -11.344
45000 115000 149988 -11.592
50000 115000 149988 -11.9978
40000 115000 149988 -11.8264
45000 115000 149988 -11.592
40000 120000 149987 -12.6061
45000 120000 149988 -12.4564
45000 115000 149988 -11.592
50000 115000 149988 -11.9978
45000 120000 149988 -12.4564
50000 120000 149988 -11.8523
50000 110000 149989 -11.344
55000 110000 149990 -9.74776
50000 115000 149988 -11.9978
55000 115000 149989 -11.2325
55000 110000 149990 -9.74776
60000 110000 149992 -7.79668
55000 115000 149989 -11.2325
60000 115000 149991 -8.79135
50000 115000 149988 -11.9978
55000 115000 149989 -11.2325
50000 120000 149988 -11.8523
55000 120000 149990 -10.4201
55000 115000 149989 -11.2325
60000 115000 149991 -8.79135
55000 120000 149990 -10.4201
60000 120000 149992 -8.3927
60000 110000 149992 -7.79668
65000 110000 149992 -7.72866
60000 115000 149991 -8.79135
65000 115000 149994 -6.2938
65000 110000 149992 -7.72866
70000 110000 149996 -3.99871
65000 115000 149994 -6.2938
70000 115000 149996 -3.5305
60000 115000 149991 -8.79135
65000 115000 149994 -6.2938
60000 120000 149992 -8.3927
65000 120000 149994 -6.13024
65000 115000 149994 -6.2938
70000 115000 149996 -3.5305
65000 120000 149994 -6.13024
70000 120000 149997 -3.0411
70000 110000 149996 -3.99871
75000 110000 149999 -1.20754
70000 115000 149996 -3.5305
75000 115000 149998 -2.09361
75000 110000 149999 -1.20754
80000 110000 150001 1.06727
75000 115000 149998 -2.09361
80000 115000 150000 -0.295241
70000 115000 149996 -3.5305
75000 115000 149998 -2.09361
70000 120000 149997 -3.0411
75000 120000 150000 -0.484334
75000 115000 149998 -2.09361
80000 115000 150000 -0.295241
75000 120000 150000 -0.484334
80000 120000 150001 0.50244
160000 0 150011 11.273
165000 0 150016 15.7786
160000 5000 150013 12.8313
165000 5000 150016 15.8415
165000 0 150016 15.7786
170000 0 150021 20.5304
165000 5000 150016 15.8415
170000 5000 150021 20.7826
160000 5000 150013 12.8313
165000 5000 150016 15.8415
160000 10000 150014 14.0948
165000 10000 150018 17.5308
165000 5000 150016 15.8415
170000 5000 150021 20.7826
165000 10000 150018 17.5308
170000 10000 150021 21.2988
170000 0 150021 20.5304
175000 0 150020 20.1588
170000 5000 150021 20.7826
175000 5000 150021 20.5451
175000 0 150020 20.1588
180000 0 150021 20.7886
175000 5000 150021 20.5451
180000 5000 150022 21.6949
170000 5000 150021 20.7826
175000 5000 150021 20.5451
170000 10000 150021 21.2988
175000 10000 150023 22.7545
175000 5000 150021 20.5451
180000 5000 150022 21.6949
175000 10000 150023 22.7545
180000 10000 150020 20.2859
180000 0 150021 20.7886
185000 0 150019 19.4622
180000 5000 150022 21.6949
185000 5000 150020 20.1323
185000 0 150019 19.4622
190000 0 150019 18.6473
185000 5000 150020 20.1323
190000 5000 150017 17.1269
180000 5000 150022 21.6949
185000 5000 150020 20.1323
180000 10000 150020 20.2859
185000 10000 150021 20.8638
185000 5000 150020 20.1323
190000 5000 150017 17.1269
185000 10000 150021 20.8638
190000 10000 150020 19.6338
190000 0 150019 18.6473
195000 0 150018 18.1904
190000 5000 150017 17.1269
195000 5000 150017 16.8926
195000 0 150018 18.1904
200000 0 150017 17.4919
195000 5000 150017 16.8926
200000 5000 150015 15.1026
190000 5000 150017 17.1269
195000 5000 150017 16.8926
190000 10000 150020 19.6338
195000 10000 150016 15.6944
195000 5000 150017 16.8926
200000 5000 150015 15.1026
195000 10000 150016 15.6944
200000 10000 150016 15.9886
200000 0 150017 17.4919
205000 0 150013 13.463
200000 5000 150015 15.1026
205000 5000 150013 12.6051
205000 0 150013 13.463
210000 0 150012 11.517
205000 5000 150013 12.6051
210000 5000 150011 10.6072
200000 5000 150015 15.1026
205000 5000 150013 12.6051
200000 10000 150016 15.9886
205000 10000 150013 12.5938
205000 5000 150013 12.6051
210000 5000 150011 10.6072
205000 10000 150013 12.5938
210000 10000 150009 9.38954
210000 0 150012 11.517
215000 0 150009 9.45365
210000 5000 150011 10.6072
215000 5000 150008 7.97137
215000 0 150009 9.45365
220000 0 150007 7.21437
215000 5000 150008 7.97137
220000 5000 150006 6.06657
210000 5000 150011 10.6072
215000 5000 150008 7.97137
210000 10000 150009 9.38954
215000 10000 150008 8.0588
215000 5000 150008 7.97137
220000 5000 150006 6.06657
215000 10000 150008 8.0588
220000 10000 150003 3.48701
220000 0 150007 7.21437
225000 0 150004 3.99113
220000 5000 150006 6.06657
225000 5000 150001 0.764473
225000 0 150004 3.99113
230000 0 150003 2.83357
225000 5000 150001 0.764473
230000 5000 149999 -0.748107
220000 5000 150006 6.06657
225000 5000 150001 0.764473
220000 10000 150003 3.48701
225000 10000 150004 4.47001
225000 5000 150001 0.764473
230000 5000 149999 -0.748107
225000 10000 150004 4.47001
230000 10000 150003 3.10044
230000 0 150003 2.83357
235000 0 150002 1.60918
230000 5000 149999 -0.748107
235000 5000 150001 0.846857
235000 0 150002 1.60918
240000 0 150001 0.780433
235000 5000 150001 0.846857
240000 5000 150000 0.154552
230000 5000 149999 -0.748107
235000 5000 150001 0.846857
230000 10000 150003 3.10044
235000 10000 150002 1.73525
235000 5000 150001 0.846857
240000 5000 150000 0.154552
235000 10000 150002 1.73525
240000 10000 149997 -2.96584
160000 10000 150014 14.0948
165000 10000 150018 17.5308
160000 15000 150015 14.5167
165000 15000 150018 18.0979
165000 10000 150018 17.5308
170000 10000 150021 21.2988
165000 15000 150018 18.0979
170000 15000 150022 21.8453
160000 15000 150015 14.5167
165000 15000 150018 18.0979
160000 20000 150014 13.5382
165000 20000 150016 15.921
165000 15000 150018 18.0979
170000 15000 150022 21.8453
165000 20000 150016 15.921
170000 20000 150020 19.8392
170000 10000 150021 21.2988
175000 10000 150023 22.7545
170000 15000 150022 21.8453
175000 15000 150022 22.4214
175000 10000 150023 22.7545
180000 10000 150020 20.2859
175000 15000 150022 22.4214
180000 15000 150023 23.047
170000 15000 150022 21.8453
175000 15000 150022 22.4214
170000 20000 150020 19.8392
175000 20000 150022 22.2559
175000 15000 150022 22.4214
180000 15000 150023 23.047
175000 20000 150022 22.2559
180000 20000 150023 23.0327
180000 10000 150020 20.2859
185000 10000 150021 20.8638
180000 15000 150023 23.047
185000 15000 150022 22.2159
185000 10000 150021 20.8638
190000 10000 150020 19.6338
185000 15000 150022 22.2159
190000 15000 150019 19.4285
180000 15000 150023 23.047
185000 15000 150022 22.2159
180000 20000 150023 23.0327
185000 20000 150024 23.9812
185000 15000 150022 22.2159
190000 15000 150019 19.4285
185000 20000 150024 23.9812
190000 20000 150023 22.6431
190000 10000 150020 19.6338
195000 10000 150016 15.6944
190000 15000 150019 19.4285
195000 15000 150019 19.0362
195000 10000 150016 15.6944
200000 10000 150016 15.9886
195000 15000 150019 19.0362
200000 15000 150015 15.3115
190000 15000 150019 19.4285
195000 15000 150019 19.0362
190000 20000 150023 22.6431
195000 20000 150019 19.2836
195000 15000 150019 19.0362
200000 15000 150015 15.3115
195000 20000 150019 19.2836
200000 20000 150014 14.1982
200000 10000 150016 15.9886
205000 10000 150013 12.5938
200000 15000 150015 15.3115
205000 15000 150013 12.8499
205000 10000 150013 12.5938
210000 10000 150009 9.38954
205000 15000 150013 12.8499
210000 15000 150011 10.6554
200000 15000 150015 15.3115
205000 15000 150013 12.8499
200000 20000 150014 14.1982
205000 20000 150013 12.5907
205000 15000 150013 12.8499
210000 15000 150011 10.6554
205000 20000 150013 12.5907
210000 20000 150012 11.5592
210000 10000 150009 9.38954
215000 10000 150008 8.0588
210000 15000 150011 10.6554
215000 15000 150006 6.4317
215000 10000 150008 8.0588
220000 10000 150003 3.48701
215000 15000 150006 6.4317
220000 15000 150006 6.39906
210000 15000 150011 10.6554
215000 15000 150006 6.4317
210000 20000 150012 11.5592
215000 20000 150010 9.67005
215000 15000 150006 6.4317
220000 15000 150006 6.39906
215000 20000 150010 9.67005
220000 20000 150008 7.81396
220000 10000 150003 3.48701
225000 10000 150004 4.47001
220000 15000 150006 6.39906
225000 15000 150005 4.69819
225000 10000 150004 4.47001
230000 10000 150003 3.10044
225000 15000 150005 4.69819
230000 15000 150003 2.82554
220000 15000 150006 6.39906
225000 15000 150005 4.69819
220000 20000 150008 7.81396
225000 20000 150005 4.93793
225000 15000 150005 4.69819
230000 15000 150003 2.82554
225000 20000 150005 4.93793
230000 20000 150001 1.20892
230000 10000 150003 3.10044
235000 10000 150002 1.73525
230000 15000 150003 2.82554
235000 15000 150001 0.610219
235000 10000 150002 1.73525
240000 10000 149997 -2.96584
235000 15000 150001 0.610219
240000 15000 149998 -1.6543
230000 15000 150003 2.82554
235000 15000 150001 0.610219
230000 20000 150001 1.20892
235000 20000 150000 0.103626
235000 15000 150001 0.610219
240000 15000 149998 -1.6543
235000 20000 150000 0.103626
240000 20000 149999 -0.629061
160000 20000 150014 13.5382
165000 20000 150016 15.921
160000 25000 150011 10.7137
165000 25000 150014 14.4404
165000 20000 150016 15.921
170000 20000 150020 19.8392
165000 25000 150014 14.4404
170000 25000 150019 18.8827
160000 25000 150011 10.7137
165000 25000 150014 14.4404
160000 30000 150014 13.9884
165000 30000 150019 18.6758
165000 25000 150014 14.4404
170000 25000 150019 18.8827
165000 30000 150019 18.6758
170000 30000 150021 21.3615
170000 20000 150020 19.8392
175000 20000 150022 22.2559
170000 25000 150019 18.8827
175000 25000 150023 23.2366
175000 20000 150022 22.2559
180000 20000 150023 23.0327
175000 25000 150023 23.2366
180000 25000 150023 23.1834
170000 25000 150019 18.8827
175000 25000 150023 23.2366
170000 30000 150021 21.3615
175000 30000 150023 22.8759
175000 25000 150023 23.2366
180000 25000 150023 23.1834
175000 30000 150023 22.8759
180000 30000 150024 23.7519
180000 20000 150023 23.0327
185000 20000 150024 23.9812
180000 25000 150023 23.1834
185000 25000 150024 24.4732
185000 20000 150024 23.9812
190000 20000 150023 22.6431
185000 25000 150024 24.4732
190000 25000 150022 21.9074
180000 25000 150023 23.1834
185000 25000 150024 24.4732
180000 30000 150024 23.7519
185000 30000 150026 26.103
185000 25000 150024 24.4732
190000 25000 150022 21.9074
185000 30000 150026 26.103
190000 30000 150024 23.6236
190000 20000 150023 22.6431
195000 20000 150019 19.2836
190000 25000 150022 21.9074
195000 25000 150018 18.0821
195000 20000 150019 19.2836
200000 20000 150014 14.1982
195000 25000 150018 18.0821
200000 25000 150017 16.5798
190000 25000 150022 21.9074
195000 25000 150018 18.0821
190000 30000 150024 23.6236
195000 30000 150020 19.8935
195000 25000 150018 18.0821
200000 25000 150017 16.5798
195000 30000 150020 19.8935
200000 30000 150018 17.7482
200000 20000 150014 14.1982
205000 20000 150013 12.5907
200000 25000 150017 16.5798
205000 25000 150015 14.8702
205000 20000 150013 12.5907
210000 20000 150012 11.5592
205000 25000 150015 14.8702
210000 25000 150013 12.5225
200000 25000 150017 16.5798
205000 25000 150015 14.8702
200000 30000 150018 17.7482
205000 30000 150014 13.7719
205000 25000 150015 14.8702
210000 25000 150013 12.5225
205000 30000 150014 13.7719
210000 30000 150010 10.4759
210000 20000 150012 11.5592
215000 20000 150010 9.67005
210000 25000 150013 12.5225
215000 25000 150010 9.73908
215000 20000 150010 9.67005
220000 20000 150008 7.81396
215000 25000 150010 9.73908
220000 25000 150008 8.24399
210000 25000 150013 12.5225
215000 25000 150010 9.73908
210000 30000 150010 10.4759
215000 30000 150010 9.6176
215000 25000 150010 9.73908
220000 25000 150008 8.24399
215000 30000 150010 9.6176
220000 30000 150006 6.47598
220000 20000 150008 7.81396
225000 20000 150005 4.93793
220000 25000 150008 8.24399
225000 25000 150004 3.75854
225000 20000 150005 4.93793
230000 20000 150001 1.20892
225000 25000 150004 3.75854
230000 25000 150002 1.58656
220000 25000 150008 8.24399
225000 25000 150004 3.75854
220000 30000 150006 6.47598
225000 30000 150006 6.02582
225000 25000 150004 3.75854
230000 25000 150002 1.58656
225000 30000 150006 6.02582
230000 30000 150001 0.99202
230000 20000 150001 1.20892
235000 20000 150000 0.103626
230000 25000 150002 1.58656
235000 25000 150002 1.57846
235000 20000 150000 0.103626
240000 20000 149999 -0.629061
235000 25000 150002 1.57846
240000 25000 150000 -0.180199
230000 25000 150002 1.58656
235000 25000 150002 1.57846
230000 30000 150001 0.99202
235000 30000 150001 0.92719
235000 25000 150002 1.57846
240000 25000 150000 -0.180199
235000 30000 150001 0.92719
240000 30000 150000 -0.448773
160000 30000 150014 13.9884
165000 30000 150019 18.6758
160000 35000 150016 16.4798
165000 35000 150018 18.1418
165000 30000 150019 18.6758
170000 30000 150021 21.3615
165000 35000 150018 18.1418
170000 35000 150022 22.0993
160000 35000 150016 16.4798
165000 35000 150018 18.1418
160000 40000 150006 6.31263
165000 40000 150015 15.3093
165000 35000 150018 18.1418
170000 35000 150022 22.0993
165000 40000 150015 15.3093
170000 40000 150022 21.5876
170000 30000 150021 21.3615
175000 30000 150023 22.8759
170000 35000 150022 22.0993
175000 35000 150025 25.0754
175000 30000 150023 22.8759
180000 30000 150024 23.7519
175000 35000 150025 25.0754
180000 35000 150025 24.6406
170000 35000 150022 22.0993
175000 35000 150025 25.0754
170000 40000 150022 21.5876
175000 40000 150023 22.8949
175000 35000 150025 25.0754
180000 35000 150025 24.6406
175000 40000 150023 22.8949
180000 40000 150025 24.9966
180000 30000 150024 23.7519
185000 30000 150026 26.103
180000 35000 150025 24.6406
185000 35000 150025 25.1538
185000 30000 150026 26.103
190000 30000 150024 23.6236
185000 35000 150025 25.1538
190000 35000 150025 24.5677
180000 35000 150025 24.6406
185000 35000 150025 25.1538
180000 40000 150025 24.9966
185000 40000 150026 25.6135
185000 35000 150025 25.1538
190000 35000 150025 24.5677
185000 40000 150026 25.6135
190000 40000 150026 25.7328
190000 30000 150024 23.6236
195000 30000 150020 19.8935
190000 35000 150025 24.5677
195000 35000 150022 21.7929
195000 30000 150020 19.8935
200000 30000 150018 17.7482
195000 35000 150022 21.7929
200000 35000 150018 18.1131
190000 35000 150025 24.5677
195000 35000 150022 21.7929
190000 40000 150026 25.7328
195000 40000 150022 21.8135
195000 35000 150022 21.7929
200000 35000 150018 18.1131
195000 40000 150022 21.8135
200000 40000 150021 21.4016
200000 30000 150018 17.7482
205000 30000 150014 13.7719
200000 35000 150018 18.1131
205000 35000 150018 17.521
205000 30000 150014 13.7719
210000 30000 150010 10.4759
205000 35000 150018 17.521
210000 35000 150011 10.9553
200000 35000 150018 18.1131
205000 35000 150018 17.521
200000 40000 150021 21.4016
205000 40000 150017 17.3634
205000 35000 150018 17.521
210000 35000 150011 10.9553
205000 40000 150017 17.3634
210000 40000 150014 13.8065
210000 30000 150010 10.4759
215000 30000 150010 9.6176
210000 35000 150011 10.9553
215000 35000 150009 8.85224
215000 30000 150010 9.6176
220000 30000 150006 6.47598
215000 35000 150009 8.85224
220000 35000 150008 8.09544
210000 35000 150011 10.9553
215000 35000 150009 8.85224
210000 40000 150014 13.8065
215000 40000 150010 10.4285
215000 35000 150009 8.85224
220000 35000 150008 8.09544
215000 40000 150010 10.4285
220000 40000 150007 6.75073
220000 30000 150006 6.47598
225000 30000 150006 6.02582
220000 35000 150008 8.09544
225000 35000 150006 6.2331
225000 30000 150006 6.02582
230000 30000 150001 0.99202
225000 35000 150006 6.2331
230000 35000 150005 4.78598
220000 35000 150008 8.09544
225000 35000 150006 6.2331
220000 40000 150007 6.75073
225000 40000 150005 4.56066
225000 35000 150006 6.2331
230000 35000 150005 4.78598
225000 40000 150005 4.56066
230000 40000 150004 4.0319
230000 30000 150001 0.99202
235000 30000 150001 0.92719
230000 35000 150005 4.78598
235000 35000 150003 2.5868
235000 30000 150001 0.92719
240000 30000 150000 -0.448773
235000 35000 150003 2.5868
240000 35000 149999 -0.746816
230000 35000 150005 4.78598
235000 35000 150003 2.5868
230000 40000 150004 4.0319
235000 40000 150001 1.09403
235000 35000 150003 2.5868
240000 35000 149999 -0.746816
235000 40000 150001 1.09403
240000 40000 150000 -0.462813
160000 40000 150006 6.31263
165000 40000 150015 15.3093
160000 45000 150014 13.649
165000 45000 150019 19.2021
165000 40000 150015 15.3093
170000 40000 150022 21.5876
165000 45000 150019 19.2021
170000 45000 150020 20.4595
160000 45000 150014 13.649
165000 45000 150019 19.2021
160000 50000 149997 -2.9298
165000 50000 150010 10.036
165000 45000 150019 19.2021
170000 45000 150020 20.4595
165000 50000 150010 10.036
170000 50000 150019 19.3957
170000 40000 150022 21.5876
175000 40000 150023 22.8949
170000 45000 150020 20.4595
175000 45000 150022 22.2764
175000 40000 150023 22.8949
180000 40000 150025 24.9966
175000 45000 150022 22.2764
180000 45000 150025 24.5344
170000 45000 150020 20.4595
175000 45000 150022 22.2764
170000 50000 150019 19.3957
175000 50000 150022 22.4017
175000 45000 150022 22.2764
180000 45000 150025 24.5344
175000 50000 150022 22.4017
180000 50000 150025 25.3204
180000 40000 150025 24.9966
185000 40000 150026 25.6135
180000 45000 150025 24.5344
185000 45000 150027 26.6197
185000 40000 150026 25.6135
190000 40000 150026 25.7328
185000 45000 150027 26.6197
190000 45000 150025 24.6335
180000 45000 150025 24.5344
185000 45000 150027 26.6197
180000 50000 150025 25.3204
185000 50000 150026 25.9479
185000 45000 150027 26.6197
190000 45000 150025 24.6335
185000 50000 150026 25.9479
190000 50000 150026 26.0342
190000 40000 150026 25.7328
195000 40000 150022 21.8135
190000 45000 150025 24.6335
195000 45000 150024 23.9827
195000 40000 150022 21.8135
200000 40000 150021 21.4016
195000 45000 150024 23.9827
200000 45000 150022 21.8803
190000 45000 150025 24.6335
195000 45000 150024 23.9827
190000 50000 150026 26.0342
195000 50000 150025 24.805
195000 45000 150024 23.9827
200000 45000 150022 21.8803
195000 50000 150025 24.805
200000 50000 150023 23.4351
200000 40000 150021 21.4016
205000 40000 150017 17.3634
200000 45000 150022 21.8803
205000 45000 150017 17.2083
205000 40000 150017 17.3634
210000 40000 150014 13.8065
205000 45000 150017 17.2083
210000 45000 150013 13.3551
200000 45000 150022 21.8803
205000 45000 150017 17.2083
200000 50000 150023 23.4351
205000 50000 150021 20.7818
205000 45000 150017 17.2083
210000 45000 150013 13.3551
205000 50000 150021 20.7818
210000 50000 150016 15.7285
210000 40000 150014 13.8065
215000 40000 150010 10.4285
210000 45000 150013 13.3551
215000 45000 150010 10.4235
215000 40000 150010 10.4285
220000 40000 150007 6.75073
215000 45000 150010 10.4235
220000 45000 150011 10.6731
210000 45000 150013 13.3551
215000 45000 150010 10.4235
210000 50000 150016 15.7285
215000 50000 150010 10.0942
215000 45000 150010 10.4235
220000 45000 150011 10.6731
215000 50000 150010 10.0942
220000 50000 150007 6.98527
220000 40000 150007 6.75073
225000 40000 150005 4.56066
220000 45000 150011 10.6731
225000 45000 150008 7.6512
225000 40000 150005 4.56066
230000 40000 150004 4.0319
225000 45000 150008 7.6512
230000 45000 150004 3.62926
220000 45000 150011 10.6731
225000 45000 150008 7.6512
220000 50000 150007 6.98527
225000 50000 150007 7.25687
225000 45000 150008 7.6512
230000 45000 150004 3.62926
225000 50000 150007 7.25687
230000 50000 150001 1.3836
230000 40000 150004 4.0319
235000 40000 150001 1.09403
230000 45000 150004 3.62926
235000 45000 150001 1.22261
235000 40000 150001 1.09403
240000 40000 150000 -0.462813
235000 45000 150001 1.22261
240000 45000 149998 -1.90048
230000 45000 150004 3.62926
235000 45000 150001 1.22261
230000 50000 150001 1.3836
235000 50000 150001 1.29559
235000 45000 150001 1.22261
240000 45000 149998 -1.90048
235000 50000 150001 1.29559
240000 50000 150001 0.58514
160000 50000 149997 -2.9298
165000 50000 150010 10.036
160000 55000 149993 -7.13866
165000 55000 150013 13.389
165000 50000 150010 10.036
170000 50000 150019 19.3957
165000 55000 150013 13.389
170000 55000 150018 17.6443
160000 55000 149993 -7.13866
165000 55000 150013 13.389
160000 60000 149976 -24.0002
165000 60000 150006 6.12673
165000 55000 150013 13.389
170000 55000 150018 17.6443
165000 60000 150006 6.12673
170000 60000 150016 15.6543
170000 50000 150019 19.3957
175000 50000 150022 22.4017
170000 55000 150018 17.6443
175000 55000 150021 20.9414
175000 50000 150022 22.4017
180000 50000 150025 25.3204
175000 55000 150021 20.9414
180000 55000 150024 24.3797
170000 55000 150018 17.6443
175000 55000 150021 20.9414
170000 60000 150016 15.6543
175000 60000 150024 24.4984
175000 55000 150021 20.9414
180000 55000 150024 24.3797
175000 60000 150024 24.4984
180000 60000 150026 25.5581
180000 50000 150025 25.3204
185000 50000 150026 25.9479
180000 55000 150024 24.3797
185000 55000 150027 26.8077
185000 50000 150026 25.9479
190000 50000 150026 26.0342
185000 55000 150027 26.8077
190000 55000 150028 27.9522
180000 55000 150024 24.3797
185000 55000 150027 26.8077
180000 60000 150026 25.5581
185000 60000 150026 25.7001
185000 55000 150027 26.8077
190000 55000 150028 27.9522
185000 60000 150026 25.7001
190000 60000 150026 26.4343
190000 50000 150026 26.0342
195000 50000 150025 24.805
190000 55000 150028 27.9522
195000 55000 150026 26.3813
195000 50000 150025 24.805
200000 50000 150023 23.4351
195000 55000 150026 26.3813
200000 55000 150022 22.3471
190000 55000 150028 27.9522
195000 55000 150026 26.3813
190000 60000 150026 26.4343
195000 60000 150026 25.7098
195000 55000 150026 26.3813
200000 55000 150022 22.3471
195000 60000 150026 25.7098
200000 60000 150023 22.8232
200000 50000 150023 23.4351
205000 50000 150021 20.7818
200000 55000 150022 22.3471
205000 55000 150019 18.584
205000 50000 150021 20.7818
210000 50000 150016 15.7285
205000 55000 150019 18.584
210000 55000 150014 13.7206
200000 55000 150022 22.3471
205000 55000 150019 18.584
200000 60000 150023 22.8232
205000 60000 150022 22.2925
205000 55000 150019 18.584
210000 55000 150014 13.7206
205000 60000 150022 22.2925
210000 60000 150019 18.9201
210000 50000 150016 15.7285
215000 50000 150010 10.0942
210000 55000 150014 13.7206
215000 55000 150014 14.4884
215000 50000 150010 10.0942
220000 50000 150007 6.98527
215000 55000 150014 14.4884
220000 55000 150011 11.1261
210000 55000 150014 13.7206
215000 55000 150014 14.4884
210000 60000 150019 18.9201
215000 60000 150016 16.0201
215000 55000 150014 14.4884
220000 55000 150011 11.1261
215000 60000 150016 16.0201
220000 60000 150011 10.9235
220000 50000 150007 6.98527
225000 50000 150007 7.25687
220000 55000 150011 11.1261
225000 55000 150007 6.80098
225000 50000 150007 7.25687
230000 50000 150001 1.3836
225000 55000 150007 6.80098
230000 55000 150005 5.44667
220000 55000 150011 11.1261
225000 55000 150007 6.80098
220000 60000 150011 10.9235
225000 60000 150008 8.04636
225000 55000 150007 6.80098
230000 55000 150005 5.44667
225000 60000 150008 8.04636
230000 60000 150006 5.66547
230000 50000 150001 1.3836
235000 50000 150001 1.29559
230000 55000 150005 5.44667
235000 55000 150002 2.45092
235000 50000 150001 1.29559
240000 50000 150001 0.58514
235000 55000 150002 2.45092
240000 55000 150000 -0.204269
230000 55000 150005 5.44667
235000 55000 150002 2.45092
230000 60000 150006 5.66547
235000 60000 150003 2.95847
235000 55000 150002 2.45092
240000 55000 150000 -0.204269
235000 60000 150003 2.95847
240000 60000 150000 0.45371
160000 60000 149976 -24.0002
165000 60000 150006 6.12673
160000 65000 149965 -35.2585
165000 65000 149985 -14.9715
165000 60000 150006 6.12673
170000 60000 150016 15.6543
165000 65000 149985 -14.9715
170000 65000 150015 14.5102
160000 65000 149965 -35.2585
165000 65000 149985 -14.9715
160000 70000 149937 -63.0989
165000 70000 149975 -24.9771
165000 65000 149985 -14.9715
170000 65000 150015 14.5102
165000 70000 149975 -24.9771
170000 70000 150007 6.52838
170000 60000 150016 15.6543
175000 60000 150024 24.4984
170000 65000 150015 14.5102
175000 65000 150026 25.8352
175000 60000 150024 24.4984
180000 60000 150026 25.5581
175000 65000 150026 25.8352
180000 65000 150026 26.2165
170000 65000 150015 14.5102
175000 65000 150026 25.8352
170000 70000 150007 6.52838
175000 70000 150021 20.6264
175000 65000 150026 25.8352
180000 65000 150026 26.2165
175000 70000 150021 20.6264
180000 70000 150026 25.5142
180000 60000 150026 25.5581
185000 60000 150026 25.7001
180000 65000 150026 26.2165
185000 65000 150027 26.6672
185000 60000 150026 25.7001
190000 60000 150026 26.4343
185000 65000 150027 26.6672
190000 65000 150028 27.5734
180000 65000 150026 26.2165
185000 65000 150027 26.6672
180000 70000 150026 25.5142
185000 70000 150028 27.6194
185000 65000 150027 26.6672
190000 65000 150028 27.5734
185000 70000 150028 27.6194
190000 70000 150028 28.2943
190000 60000 150026 26.4343
195000 60000 150026 25.7098
190000 65000 150028 27.5734
195000 65000 150025 25.115
195000 60000 150026 25.7098
200000 60000 150023 22.8232
195000 65000 150025 25.115
200000 65000 150026 26.0429
190000 65000 150028 27.5734
195000 65000 150025 25.115
190000 70000 150028 28.2943
195000 70000 150029 28.9345
195000 65000 150025 25.115
200000 65000 150026 26.0429
195000 70000 150029 28.9345
200000 70000 150027 26.9322
160000 70000 149937 -63.0989
165000 70000 149975 -24.9771
160000 75000 149914 -85.5938
165000 75000 149960 -39.9278
165000 70000 149975 -24.9771
170000 70000 150007 6.52838
165000 75000 149960 -39.9278
170000 75000 149986 -13.7974
160000 75000 149914 -85.5938
165000 75000 149960 -39.9278
160000 80000 149914 -86.4127
165000 80000 149933 -67.0326
165000 75000 149960 -39.9278
170000 75000 149986 -13.7974
165000 80000 149933 -67.0326
170000 80000 149976 -24.4842
170000 70000 150007 6.52838
175000 70000 150021 20.6264
170000 75000 149986 -13.7974
175000 75000 150013 13.4878
175000 70000 150021 20.6264
180000 70000 150026 25.5142
175000 75000 150013 13.4878
180000 75000 150027 27.2837
170000 75000 149986 -13.7974
175000 75000 150013 13.4878
170000 80000 149976 -24.4842
175000 80000 150010 10.3028
175000 75000 150013 13.4878
180000 75000 150027 27.2837
175000 80000 150010 10.3028
180000 80000 150028 27.5096
180000 70000 150026 25.5142
185000 70000 150028 27.6194
180000 75000 150027 27.2837
185000 75000 150031 30.791
185000 70000 150028 27.6194
190000 70000 150028 28.2943
185000 75000 150031 30.791
190000 75000 150031 31.155
180000 75000 150027 27.2837
185000 75000 150031 30.791
180000 80000 150028 27.5096
185000 80000 150030 30.0605
185000 75000 150031 30.791
190000 75000 150031 31.155
185000 80000 150030 30.0605
190000 80000 150031 30.9424
190000 70000 150028 28.2943
195000 70000 150029 28.9345
190000 75000 150031 31.155
195000 75000 150029 29.0128
195000 70000 150029 28.9345
200000 70000 150027 26.9322
195000 75000 150029 29.0128
200000 75000 150027 26.9046
190000 75000 150031 31.155
195000 75000 150029 29.0128
190000 80000 150031 30.9424
195000 80000 150030 29.7288
195000 75000 150029 29.0128
200000 75000 150027 26.9046
195000 80000 150030 29.7288
200000 80000 150029 28.9953
110000 80000 150022 21.6108
115000 80000 150022 21.7972
110000 85000 150019 18.5585
115000 85000 150021 20.5979
115000 80000 150022 21.7972
120000 80000 150023 22.9355
115000 85000 150021 20.5979
120000 85000 150023 22.6579
110000 85000 150019 18.5585
115000 85000 150021 20.5979
110000 90000 150018 17.5161
115000 90000 150020 19.6934
115000 85000 150021 20.5979
120000 85000 150023 22.6579
115000 90000 150020 19.6934
120000 90000 150021 21.1273
120000 80000 150023 22.9355
125000 80000 150022 21.8377
120000 85000 150023 22.6579
125000 85000 150021 20.569
125000 80000 150022 21.8377
130000 80000 150018 18.0006
125000 85000 150021 20.569
130000 85000 150020 19.5388
120000 85000 150023 22.6579
125000 85000 150021 20.569
120000 90000 150021 21.1273
125000 90000 150021 20.7409
125000 85000 150021 20.569
130000 85000 150020 19.5388
125000 90000 150021 20.7409
130000 90000 150019 19.139
130000 80000 150018 18.0006
135000 80000 150016 16.012
130000 85000 150020 19.5388
135000 85000 150018 17.6
135000 80000 150016 16.012
140000 80000 150015 15.1262
135000 85000 150018 17.6
140000 85000 150016 15.6942
130000 85000 150020 19.5388
135000 85000 150018 17.6
130000 90000 150019 19.139
135000 90000 150016 16.0131
135000 85000 150018 17.6
140000 85000 150016 15.6942
135000 90000 150016 16.0131
140000 90000 150012 12.0072
140000 80000 150015 15.1262
145000 80000 150007 6.87179
140000 85000 150016 15.6942
145000 85000 150011 11.2785
145000 80000 150007 6.87179
150000 80000 149981 -18.5141
145000 85000 150011 11.2785
150000 85000 149996 -4.31466
140000 85000 150016 15.6942
145000 85000 150011 11.2785
140000 90000 150012 12.0072
145000 90000 150004 3.88436
145000 85000 150011 11.2785
150000 85000 149996 -4.31466
145000 90000 150004 3.88436
150000 90000 150003 3.26885
150000 80000 149981 -18.5141
155000 80000 149953 -46.8495
150000 85000 149996 -4.31466
155000 85000 149973 -26.557
155000 80000 149953 -46.8495
160000 80000 149914 -86.4127
155000 85000 149973 -26.557
160000 85000 149932 -68.0488
150000 85000 149996 -4.31466
155000 85000 149973 -26.557
150000 90000 150003 3.26885
155000 90000 149984 -16.2705
155000 85000 149973 -26.557
160000 85000 149932 -68.0488
155000 90000 149984 -16.2705
160000 90000 149959 -40.6241
100000 90000 150013 13.4298
105000 90000 150015 15.4502
100000 95000 150012 11.6563
105000 95000 150015 15.1614
105000 90000 150015 15.4502
110000 90000 150018 17.5161
105000 95000 150015 15.1614
110000 95000 150019 18.6704
100000 95000 150012 11.6563
105000 95000 150015 15.1614
100000 100000 150012 12.1997
105000 100000 150015 14.7974
105000 95000 150015 15.1614
110000 95000 150019 18.6704
105000 100000 150015 14.7974
110000 100000 150015 15.2414
110000 90000 150018 17.5161
115000 90000 150020 19.6934
110000 95000 150019 18.6704
115000 95000 150018 18.3386
115000 90000 150020 19.6934
120000 90000 150021 21.1273
115000 95000 150018 18.3386
120000 95000 150020 19.8703
110000 95000 150019 18.6704
115000 95000 150018 18.3386
110000 100000 150015 15.2414
115000 100000 150020 19.6368
115000 95000 150018 18.3386
120000 95000 150020 19.8703
115000 100000 150020 19.6368
120000 100000 150020 19.5759
120000 90000 150021 21.1273
125000 90000 150021 20.7409
120000 95000 150020 19.8703
125000 95000 150020 20.1585
125000 90000 150021 20.7409
130000 90000 150019 19.139
125000 95000 150020 20.1585
130000 95000 150019 18.7801
120000 95000 150020 19.8703
125000 95000 150020 20.1585
120000 100000 150020 19.5759
125000 100000 150019 19.2387
125000 95000 150020 20.1585
130000 95000 150019 18.7801
125000 100000 150019 19.2387
130000 100000 150018 18.3753
130000 90000 150019 19.139
135000 90000 150016 16.0131
130000 95000 150019 18.7801
135000 95000 150016 15.6115
135000 90000 150016 16.0131
140000 90000 150012 12.0072
135000 95000 150016 15.6115
140000 95000 150016 15.5155
130000 95000 150019 18.7801
135000 95000 150016 15.6115
130000 100000 150018 18.3753
135000 100000 150016 15.7115
135000 95000 150016 15.6115
140000 95000 150016 15.5155
135000 100000 150016 15.7115
140000 100000 150014 14.123
140000 90000 150012 12.0072
145000 90000 150004 3.88436
140000 95000 150016 15.5155
145000 95000 150013 13.176
145000 90000 150004 3.88436
150000 90000 150003 3.26885
145000 95000 150013 13.176
150000 95000 150006 6.2848
140000 95000 150016 15.5155
145000 95000 150013 13.176
140000 100000 150014 14.123
145000 100000 150011 10.7903
145000 95000 150013 13.176
150000 95000 150006 6.2848
145000 100000 150011 10.7903
150000 100000 150008 8.03567
150000 90000 150003 3.26885
155000 90000 149984 -16.2705
150000 95000 150006 6.2848
155000 95000 149992 -8.39363
155000 90000 149984 -16.2705
160000 90000 149959 -40.6241
155000 95000 149992 -8.39363
160000 95000 149974 -25.8642
150000 95000 150006 6.2848
155000 95000 149992 -8.39363
150000 100000 150008 8.03567
155000 100000 149997 -2.68985
155000 95000 149992 -8.39363
160000 95000 149974 -25.8642
155000 100000 149997 -2.68985
160000 100000 149981 -19.2819
80000 100000 149998 -1.84839
85000 100000 150003 2.97116
80000 105000 150003 2.50967
85000 105000 150003 3.29598
85000 100000 150003 2.97116
90000 100000 150004 3.93838
85000 105000 150003 3.29598
90000 105000 150005 5.39228
80000 105000 150003 2.50967
85000 105000 150003 3.29598
80000 110000 150001 1.06727
85000 110000 150001 0.911395
85000 105000 150003 3.29598
90000 105000 150005 5.39228
85000 110000 150001 0.911395
90000 110000 150005 5.25645
90000 100000 150004 3.93838
95000 100000 150007 7.24306
90000 105000 150005 5.39228
95000 105000 150007 7.45011
95000 100000 150007 7.24306
100000 100000 150012 12.1997
95000 105000 150007 7.45011
100000 105000 150010 9.95933
90000 105000 150005 5.39228
95000 105000 150007 7.45011
90000 110000 150005 5.25645
95000 110000 150009 9.28511
95000 105000 150007 7.45011
100000 105000 150010 9.95933
95000 110000 150009 9.28511
100000 110000 150011 10.8237
100000 100000 150012 12.1997
105000 100000 150015 14.7974
100000 105000 150010 9.95933
105000 105000 150013 13.0631
105000 100000 150015 14.7974
110000 100000 150015 15.2414
105000 105000 150013 13.0631
110000 105000 150016 15.8069
100000 105000 150010 9.95933
105000 105000 150013 13.0631
100000 110000 150011 10.8237
105000 110000 150015 15.361
105000 105000 150013 13.0631
110000 105000 150016 15.8069
105000 110000 150015 15.361
110000 110000 150016 16.2629
110000 100000 150015 15.2414
115000 100000 150020 19.6368
110000 105000 150016 15.8069
115000 105000 150018 18.0839
115000 100000 150020 19.6368
120000 100000 150020 19.5759
115000 105000 150018 18.0839
120000 105000 150019 19.143
110000 105000 150016 15.8069
115000 105000 150018 18.0839
110000 110000 150016 16.2629
115000 110000 150016 15.6415
115000 105000 150018 18.0839
120000 105000 150019 19.143
115000 110000 150016 15.6415
120000 110000 150017 17.0078
120000 100000 150020 19.5759
125000 100000 150019 19.2387
120000 105000 150019 19.143
125000 105000 150019 19.227
125000 100000 150019 19.2387
130000 100000 150018 18.3753
125000 105000 150019 19.227
130000 105000 150021 20.6173
120000 105000 150019 19.143
125000 105000 150019 19.227
120000 110000 150017 17.0078
125000 110000 150019 18.8066
125000 105000 150019 19.227
130000 105000 150021 20.6173
125000 110000 150019 18.8066
130000 110000 150018 17.6303
130000 100000 150018 18.3753
135000 100000 150016 15.7115
130000 105000 150021 20.6173
135000 105000 150016 15.8178
135000 100000 150016 15.7115
140000 100000 150014 14.123
135000 105000 150016 15.8178
140000 105000 150012 11.7072
130000 105000 150021 20.6173
135000 105000 150016 15.8178
130000 110000 150018 17.6303
135000 110000 150017 17.4655
135000 105000 150016 15.8178
140000 105000 150012 11.7072
135000 110000 150017 17.4655
140000 110000 150013 12.5558
140000 100000 150014 14.123
145000 100000 150011 10.7903
140000 105000 150012 11.7072
145000 105000 150007 6.79918
145000 100000 150011 10.7903
150000 100000 150008 8.03567
145000 105000 150007 6.79918
150000 105000 150004 3.9843
140000 105000 150012 11.7072
145000 105000 150007 6.79918
140000 110000 150013 12.5558
145000 110000 150009 9.4956
145000 105000 150007 6.79918
150000 105000 150004 3.9843
145000 110000 150009 9.4956
150000 110000 150002 2.45241
150000 100000 150008 8.03567
155000 100000 149997 -2.68985
150000 105000 150004 3.9843
155000 105000 149999 -1.37331
155000 100000 149997 -2.68985
160000 100000 149981 -19.2819
155000 105000 149999 -1.37331
160000 105000 149985 -14.8591
150000 105000 150004 3.9843
155000 105000 149999 -1.37331
150000 110000 150002 2.45241
155000 110000 149997 -3.2831
155000 105000 149999 -1.37331
160000 105000 149985 -14.8591
155000 110000 149997 -3.2831
160000 110000 149989 -11.3883
80000 110000 150001 1.06727
85000 110000 150001 0.911395
80000 115000 150000 -0.295241
85000 115000 150003 3.39418
85000 110000 150001 0.911395
90000 110000 150005 5.25645
85000 115000 150003 3.39418
90000 115000 150005 5.28543
80000 115000 150000 -0.295241
85000 115000 150003 3.39418
80000 120000 150001 0.50244
85000 120000 150003 3.1975
85000 115000 150003 3.39418
90000 115000 150005 5.28543
85000 120000 150003 3.1975
90000 120000 150005 4.9763
90000 110000 150005 5.25645
95000 110000 150009 9.28511
90000 115000 150005 5.28543
95000 115000 150009 8.61331
95000 110000 150009 9.28511
100000 110000 150011 10.8237
95000 115000 150009 8.61331
100000 115000 150012 11.8153
90000 115000 150005 5.28543
95000 115000 150009 8.61331
90000 120000 150005 4.9763
95000 120000 150006 6.27895
95000 115000 150009 8.61331
100000 115000 150012 11.8153
95000 120000 150006 6.27895
100000 120000 150008 8.25749
100000 110000 150011 10.8237
105000 110000 150015 15.361
100000 115000 150012 11.8153
105000 115000 150013 13.3358
105000 110000 150015 15.361
110000 110000 150016 16.2629
105000 115000 150013 13.3358
110000 115000 150015 15.2791
100000 115000 150012 11.8153
105000 115000 150013 13.3358
100000 120000 150008 8.25749
105000 120000 150013 12.6146
105000 115000 150013 13.3358
110000 115000 150015 15.2791
105000 120000 150013 12.6146
110000 120000 150016 16.1678
110000 110000 150016 16.2629
115000 110000 150016 15.6415
110000 115000 150015 15.2791
115000 115000 150017 17.3679
115000 110000 150016 15.6415
120000 110000 150017 17.0078
115000 115000 150017 17.3679
120000 115000 150019 18.7746
110000 115000 150015 15.2791
115000 115000 150017 17.3679
110000 120000 150016 16.1678
115000 120000 150015 15.3801
115000 115000 150017 17.3679
120000 115000 150019 18.7746
115000 120000 150015 15.3801
120000 120000 150019 19.0573
120000 110000 150017 17.0078
125000 110000 150019 18.8066
120000 115000 150019 18.7746
125000 115000 150018 18.4714
125000 110000 150019 18.8066
130000 110000 150018 17.6303
125000 115000 150018 18.4714
130000 115000 150018 18.2204
120000 115000 150019 18.7746
125000 115000 150018 18.4714
120000 120000 150019 19.0573
125000 120000 150019 19.2458
125000 115000 150018 18.4714
130000 115000 150018 18.2204
125000 120000 150019 19.2458
130000 120000 150018 17.8293
130000 110000 150018 17.6303
135000 110000 150017 17.4655
130000 115000 150018 18.2204
135000 115000 150017 17.0015
135000 110000 150017 17.4655
140000 110000 150013 12.5558
135000 115000 150017 17.0015
140000 115000 150011 11.2318
130000 115000 150018 18.2204
135000 115000 150017 17.0015
130000 120000 150018 17.8293
135000 120000 150016 16.0724
135000 115000 150017 17.0015
140000 115000 150011 11.2318
135000 120000 150016 16.0724
140000 120000 150014 14.1945
140000 110000 150013 12.5558
145000 110000 150009 9.4956
140000 115000 150011 11.2318
145000 115000 150006 5.6781
145000 110000 150009 9.4956
150000 110000 150002 2.45241
145000 115000 150006 5.6781
150000 115000 149999 -0.955633
140000 115000 150011 11.2318
145000 115000 150006 5.6781
140000 120000 150014 14.1945
145000 120000 150008 7.73909
145000 115000 150006 5.6781
150000 115000 149999 -0.955633
145000 120000 150008 7.73909
150000 120000 150003 3.36799
150000 110000 150002 2.45241
155000 110000 149997 -3.2831
150000 115000 149999 -0.955633
155000 115000 149990 -10.4382
155000 110000 149997 -3.2831
160000 110000 149989 -11.3883
155000 115000 149990 -10.4382
160000 115000 149981 -19.2841
150000 115000 149999 -0.955633
155000 115000 149990 -10.4382
150000 120000 150003 3.36799
155000 120000 149998 -2.49389
155000 115000 149990 -10.4382
160000 115000 149981 -19.2841
155000 120000 149998 -2.49389
160000 120000 149991 -9.13012
240000 0 150001 0.780433
245000 0 149998 -1.91989
240000 5000 150000 0.154552
245000 5000 149998 -1.6506
245000 0 149998 -1.91989
250000 0 149997 -3.07745
245000 5000 149998 -1.6506
250000 5000 149995 -4.79607
240000 5000 150000 0.154552
245000 5000 149998 -1.6506
240000 10000 149997 -2.96584
245000 10000 149996 -3.74899
245000 5000 149998 -1.6506
250000 5000 149995 -4.79607
245000 10000 149996 -3.74899
250000 10000 149997 -3.23281
250000 0 149997 -3.07745
255000 0 149995 -4.64676
250000 5000 149995 -4.79607
255000 5000 149996 -4.27739
255000 0 149995 -4.64676
260000 0 149995 -5.21507
255000 5000 149996 -4.27739
260000 5000 149993 -6.74615
250000 5000 149995 -4.79607
255000 5000 149996 -4.27739
250000 10000 149997 -3.23281
255000 10000 149995 -5.07406
255000 5000 149996 -4.27739
260000 5000 149993 -6.74615
255000 10000 149995 -5.07406
260000 10000 149995 -5.05709
260000 0 149995 -5.21507
265000 0 149993 -7.46524
260000 5000 149993 -6.74615
265000 5000 149994 -6.49671
265000 0 149993 -7.46524
270000 0 149993 -7.17701
265000 5000 149994 -6.49671
270000 5000 149993 -6.86455
260000 5000 149993 -6.74615
265000 5000 149994 -6.49671
260000 10000 149995 -5.05709
265000 10000 149993 -7.33502
265000 5000 149994 -6.49671
270000 5000 149993 -6.86455
265000 10000 149993 -7.33502
270000 10000 149993 -7.26647
270000 0 149993 -7.17701
275000 0 149991 -8.5418
270000 5000 149993 -6.86455
275000 5000 149993 -6.89041
275000 0 149991 -8.5418
280000 0 149991 -8.79958
275000 5000 149993 -6.89041
280000 5000 149992 -8.24153
270000 5000 149993 -6.86455
275000 5000 149993 -6.89041
270000 10000 149993 -7.26647
275000 10000 149992 -7.9019
275000 5000 149993 -6.89041
280000 5000 149992 -8.24153
275000 10000 149992 -7.9019
280000 10000 149992 -8.00459
280000 0 149991 -8.79958
285000 0 149991 -8.77049
280000 5000 149992 -8.24153
285000 5000 149991 -8.63967
285000 0 149991 -8.77049
290000 0 149992 -8.32642
285000 5000 149991 -8.63967
290000 5000 149992 -7.50959
280000 5000 149992 -8.24153
285000 5000 149991 -8.63967
280000 10000 149992 -8.00459
285000 10000 149991 -8.60684
285000 5000 149991 -8.63967
290000 5000 149992 -7.50959
285000 10000 149991 -8.60684
290000 10000 149991 -8.84003
290000 0 149992 -8.32642
295000 0 149991 -8.65058
290000 5000 149992 -7.50959
295000 5000 149991 -8.71212
295000 0 149991 -8.65058
300000 0 149992 -8.39433
295000 5000 149991 -8.71212
300000 5000 149991 -8.95269
290000 5000 149992 -7.50959
295000 5000 149991 -8.71212
290000 10000 149991 -8.84003
295000 10000 149992 -8.3175
295000 5000 149991 -8.71212
300000 5000 149991 -8.95269
295000 10000 149992 -8.3175
300000 10000 149991 -8.70352
240000 10000 149997 -2.96584
245000 10000 149996 -3.74899
240000 15000 149998 -1.6543
245000 15000 149998 -1.69215
245000 10000 149996 -3.74899
250000 10000 149997 -3.23281
245000 15000 149998 -1.69215
250000 15000 149997 -2.79166
240000 15000 149998 -1.6543
245000 15000 149998 -1.69215
240000 20000 149999 -0.629061
245000 20000 149997 -3.16985
245000 15000 149998 -1.69215
250000 15000 149997 -2.79166
245000 20000 149997 -3.16985
250000 20000 149997 -3.33479
250000 10000 149997 -3.23281
255000 10000 149995 -5.07406
250000 15000 149997 -2.79166
255000 15000 149996 -3.94964
255000 10000 149995 -5.07406
260000 10000 149995 -5.05709
255000 15000 149996 -3.94964
260000 15000 149995 -5.49526
250000 15000 149997 -2.79166
255000 15000 149996 -3.94964
250000 20000 149997 -3.33479
255000 20000 149996 -3.83151
255000 15000 149996 -3.94964
260000 15000 149995 -5.49526
255000 20000 149996 -3.83151
260000 20000 149995 -4.50812
260000 10000 149995 -5.05709
265000 10000 149993 -7.33502
260000 15000 149995 -5.49526
265000 15000 149994 -5.82042
265000 10000 149993 -7.33502
270000 10000 149993 -7.26647
265000 15000 149994 -5.82042
270000 15000 149992 -8.09649
260000 15000 149995 -5.49526
265000 15000 149994 -5.82042
260000 20000 149995 -4.50812
265000 20000 149993 -6.92465
265000 15000 149994 -5.82042
270000 15000 149992 -8.09649
265000 20000 149993 -6.92465
270000 20000 149993 -6.529
270000 10000 149993 -7.26647
275000 10000 149992 -7.9019
270000 15000 149992 -8.09649
275000 15000 149992 -7.60026
275000 10000 149992 -7.9019
280000 10000 149992 -8.00459
275000 15000 149992 -7.60026
280000 15000 149992 -7.86046
270000 15000 149992 -8.09649
275000 15000 149992 -7.60026
270000 20000 149993 -6.529
275000 20000 149992 -8.1236
275000 15000 149992 -7.60026
280000 15000 149992 -7.86046
275000 20000 149992 -8.1236
280000 20000 149991 -8.60316
280000 10000 149992 -8.00459
285000 10000 149991 -8.60684
280000 15000 149992 -7.86046
285000 15000 149991 -8.61682
285000 10000 149991 -8.60684
290000 10000 149991 -8.84003
285000 15000 149991 -8.61682
290000 15000 149991 -8.77653
280000 15000 149992 -7.86046
285000 15000 149991 -8.61682
280000 20000 149991 -8.60316
285000 20000 149991 -8.70221
285000 15000 149991 -8.61682
290000 15000 149991 -8.77653
285000 20000 149991 -8.70221
290000 20000 149991 -8.80972
290000 10000 149991 -8.84003
295000 10000 149992 -8.3175
290000 15000 149991 -8.77653
295000 15000 149991 -8.98102
295000 10000 149992 -8.3175
300000 10000 149991 -8.70352
295000 15000 149991 -8.98102
300000 15000 149991 -8.96087
290000 15000 149991 -8.77653
295000 15000 149991 -8.98102
290000 20000 149991 -8.80972
295000 20000 149991 -8.77395
295000 15000 149991 -8.98102
300000 15000 149991 -8.96087
295000 20000 149991 -8.77395
300000 20000 149991 -9.04852
240000 20000 149999 -0.629061
245000 20000 149997 -3.16985
240000 25000 150000 -0.180199
245000 25000 149998 -1.58897
245000 20000 149997 -3.16985
250000 20000 149997 -3.33479
245000 25000 149998 -1.58897
250000 25000 149996 -4.20013
240000 25000 150000 -0.180199
245000 25000 149998 -1.58897
240000 30000 150000 -0.448773
245000 30000 149998 -2.29209
245000 25000 149998 -1.58897
250000 25000 149996 -4.20013
245000 30000 149998 -2.29209
250000 30000 149997 -3.25854
250000 20000 149997 -3.33479
255000 20000 149996 -3.83151
250000 25000 149996 -4.20013
255000 25000 149996 -4.19492
255000 20000 149996 -3.83151
260000 20000 149995 -4.50812
255000 25000 149996 -4.19492
260000 25000 149994 -6.07288
250000 25000 149996 -4.20013
255000 25000 149996 -4.19492
250000 30000 149997 -3.25854
255000 30000 149995 -4.5588
255000 25000 149996 -4.19492
260000 25000 149994 -6.07288
255000 30000 149995 -4.5588
260000 30000 149995 -5.39097
260000 20000 149995 -4.50812
265000 20000 149993 -6.92465
260000 25000 149994 -6.07288
265000 25000 149994 -6.16248
265000 20000 149993 -6.92465
270000 20000 149993 -6.529
265000 25000 149994 -6.16248
270000 25000 149993 -7.01269
260000 25000 149994 -6.07288
265000 25000 149994 -6.16248
260000 30000 149995 -5.39097
265000 30000 149995 -5.38216
265000 25000 149994 -6.16248
270000 25000 149993 -7.01269
265000 30000 149995 -5.38216
270000 30000 149994 -6.17266
270000 20000 149993 -6.529
275000 20000 149992 -8.1236
270000 25000 149993 -7.01269
275000 25000 149993 -6.83565
275000 20000 149992 -8.1236
280000 20000 149991 -8.60316
275000 25000 149993 -6.83565
280000 25000 149993 -7.16871
270000 25000 149993 -7.01269
275000 25000 149993 -6.83565
270000 30000 149994 -6.17266
275000 30000 149993 -6.80583
275000 25000 149993 -6.83565
280000 25000 149993 -7.16871
275000 30000 149993 -6.80583
280000 30000 149992 -7.64412
280000 20000 149991 -8.60316
285000 20000 149991 -8.70221
280000 25000 149993 -7.16871
285000 25000 149991 -8.68133
285000 20000 149991 -8.70221
290000 20000 149991 -8.80972
285000 25000 149991 -8.68133
290000 25000 149991 -8.57525
280000 25000 149993 -7.16871
285000 25000 149991 -8.68133
280000 30000 149992 -7.64412
285000 30000 149991 -8.71331
285000 25000 149991 -8.68133
290000 25000 149991 -8.57525
285000 30000 149991 -8.71331
290000 30000 149991 -8.78814
290000 20000 149991 -8.80972
295000 20000 149991 -8.77395
290000 25000 149991 -8.57525
295000 25000 149991 -8.62668
295000 20000 149991 -8.77395
300000 20000 149991 -9.04852
295000 25000 149991 -8.62668
300000 25000 149991 -8.96799
290000 25000 149991 -8.57525
295000 25000 149991 -8.62668
290000 30000 149991 -8.78814
295000 30000 149991 -9.09831
295000 25000 149991 -8.62668
300000 25000 149991 -8.96799
295000 30000 149991 -9.09831
300000 30000 149991 -9.29876
240000 30000 150000 -0.448773
245000 30000 149998 -2.29209
240000 35000 149999 -0.746816
245000 35000 149998 -1.82351
245000 30000 149998 -2.29209
250000 30000 149997 -3.25854
245000 35000 149998 -1.82351
250000 35000 149997 -2.5494
240000 35000 149999 -0.746816
245000 35000 149998 -1.82351
240000 40000 150000 -0.462813
245000 40000 149998 -2.14038
245000 35000 149998 -1.82351
250000 35000 149997 -2.5494
245000 40000 149998 -2.14038
250000 40000 149998 -2.23845
250000 30000 149997 -3.25854
255000 30000 149995 -4.5588
250000 35000 149997 -2.5494
255000 35000 149996 -4.12579
255000 30000 149995 -4.5588
260000 30000 149995 -5.39097
255000 35000 149996 -4.12579
260000 35000 149994 -5.95293
250000 35000 149997 -2.5494
255000 35000 149996 -4.12579
250000 40000 149998 -2.23845
255000 40000 149997 -3.26316
255000 35000 149996 -4.12579
260000 35000 149994 -5.95293
255000 40000 149997 -3.26316
260000 40000 149996 -4.28779
260000 30000 149995 -5.39097
265000 30000 149995 -5.38216
260000 35000 149994 -5.95293
265000 35000 149994 -6.46499
265000 30000 149995 -5.38216
270000 30000 149994 -6.17266
265000 35000 149994 -6.46499
270000 35000 149992 -7.56924
260000 35000 149994 -5.95293
265000 35000 149994 -6.46499
260000 40000 149996 -4.28779
265000 40000 149994 -6.03971
265000 35000 149994 -6.46499
270000 35000 149992 -7.56924
265000 40000 149994 -6.03971
270000 40000 149993 -6.6001
270000 30000 149994 -6.17266
275000 30000 149993 -6.80583
270000 35000 149992 -7.56924
275000 35000 149993 -7.09435
275000 30000 149993 -6.80583
280000 30000 149992 -7.64412
275000 35000 149993 -7.09435
280000 35000 149993 -7.36011
270000 35000 149992 -7.56924
275000 35000 149993 -7.09435
270000 40000 149993 -6.6001
275000 40000 149994 -6.41634
275000 35000 149993 -7.09435
280000 35000 149993 -7.36011
275000 40000 149994 -6.41634
280000 40000 149992 -7.54163
280000 30000 149992 -7.64412
285000 30000 149991 -8.71331
280000 35000 149993 -7.36011
285000 35000 149992 -8.16
285000 30000 149991 -8.71331
290000 30000 149991 -8.78814
285000 35000 149992 -8.16
290000 35000 149992 -8.1817
280000 35000 149993 -7.36011
285000 35000 149992 -8.16
280000 40000 149992 -7.54163
285000 40000 149992 -7.75594
285000 35000 149992 -8.16
290000 35000 149992 -8.1817
285000 40000 149992 -7.75594
290000 40000 149993 -7.44647
290000 30000 149991 -8.78814
295000 30000 149991 -9.09831
290000 35000 149992 -8.1817
295000 35000 149992 -8.3634
295000 30000 149991 -9.09831
300000 30000 149991 -9.29876
295000 35000 149992 -8.3634
300000 35000 149991 -8.51317
290000 35000 149992 -8.1817
295000 35000 149992 -8.3634
290000 40000 149993 -7.44647
295000 40000 149992 -8.20245
295000 35000 149992 -8.3634
300000 35000 149991 -8.51317
295000 40000 149992 -8.20245
300000 40000 149991 -9.1533
240000 40000 150000 -0.462813
245000 40000 149998 -2.14038
240000 45000 149998 -1.90048
245000 45000 149998 -1.66759
245000 40000 149998 -2.14038
250000 40000 149998 -2.23845
245000 45000 149998 -1.66759
250000 45000 149996 -3.88181
240000 45000 149998 -1.90048
245000 45000 149998 -1.66759
240000 50000 150001 0.58514
245000 50000 149998 -1.58888
245000 45000 149998 -1.66759
250000 45000 149996 -3.88181
245000 50000 149998 -1.58888
250000 50000 149998 -1.823
250000 40000 149998 -2.23845
255000 40000 149997 -3.26316
250000 45000 149996 -3.88181
255000 45000 149996 -3.94247
255000 40000 149997 -3.26316
260000 40000 149996 -4.28779
255000 45000 149996 -3.94247
260000 45000 149994 -5.78408
250000 45000 149996 -3.88181
255000 45000 149996 -3.94247
250000 50000 149998 -1.823
255000 50000 149997 -2.69174
255000 45000 149996 -3.94247
260000 45000 149994 -5.78408
255000 50000 149997 -2.69174
260000 50000 149996 -4.08679
260000 40000 149996 -4.28779
265000 40000 149994 -6.03971
260000 45000 149994 -5.78408
265000 45000 149993 -6.55871
265000 40000 149994 -6.03971
270000 40000 149993 -6.6001
265000 45000 149993 -6.55871
270000 45000 149993 -7.27693
260000 45000 149994 -5.78408
265000 45000 149993 -6.55871
260000 50000 149996 -4.08679
265000 50000 149995 -5.37224
265000 45000 149993 -6.55871
270000 45000 149993 -7.27693
265000 50000 149995 -5.37224
270000 50000 149994 -6.06618
270000 40000 149993 -6.6001
275000 40000 149994 -6.41634
270000 45000 149993 -7.27693
275000 45000 149994 -6.18694
275000 40000 149994 -6.41634
280000 40000 149992 -7.54163
275000 45000 149994 -6.18694
280000 45000 149993 -7.21816
270000 45000 149993 -7.27693
275000 45000 149994 -6.18694
270000 50000 149994 -6.06618
275000 50000 149992 -7.66215
275000 45000 149994 -6.18694
280000 45000 149993 -7.21816
275000 50000 149992 -7.66215
280000 50000 149993 -7.45309
280000 40000 149992 -7.54163
285000 40000 149992 -7.75594
280000 45000 149993 -7.21816
285000 45000 149992 -8.19585
285000 40000 149992 -7.75594
290000 40000 149993 -7.44647
285000 45000 149992 -8.19585
290000 45000 149991 -8.56961
280000 45000 149993 -7.21816
285000 45000 149992 -8.19585
280000 50000 149993 -7.45309
285000 50000 149992 -8.05138
285000 45000 149992 -8.19585
290000 45000 149991 -8.56961
285000 50000 149992 -8.05138
290000 50000 149993 -7.24595
290000 40000 149993 -7.44647
295000 40000 149992 -8.20245
290000 45000 149991 -8.56961
295000 45000 149991 -8.7889
295000 40000 149992 -8.20245
300000 40000 149991 -9.1533
295000 45000 149991 -8.7889
300000 45000 149992 -7.87532
290000 45000 149991 -8.56961
295000 45000 149991 -8.7889
290000 50000 149993 -7.24595
295000 50000 149992 -7.81296
295000 45000 149991 -8.7889
300000 45000 149992 -7.87532
295000 50000 149992 -7.81296
300000 50000 149991 -8.93106
240000 50000 150001 0.58514
245000 50000 149998 -1.58888
240000 55000 150000 -0.204269
245000 55000 149999 -0.687139
245000 50000 149998 -1.58888
250000 50000 149998 -1.823
245000 55000 149999 -0.687139
250000 55000 149997 -3.29758
240000 55000 150000 -0.204269
245000 55000 149999 -0.687139
240000 60000 150000 0.45371
245000 60000 149998 -2.11257
245000 55000 149999 -0.687139
250000 55000 149997 -3.29758
245000 60000 149998 -2.11257
250000 60000 149998 -1.9595
250000 50000 149998 -1.823
255000 50000 149997 -2.69174
250000 55000 149997 -3.29758
255000 55000 149995 -5.37809
255000 50000 149997 -2.69174
260000 50000 149996 -4.08679
255000 55000 149995 -5.37809
260000 55000 149994 -6.01768
250000 55000 149997 -3.29758
255000 55000 149995 -5.37809
250000 60000 149998 -1.9595
255000 60000 149998 -2.40113
255000 55000 149995 -5.37809
260000 55000 149994 -6.01768
255000 60000 149998 -2.40113
260000 60000 149996 -3.59055
260000 50000 149996 -4.08679
265000 50000 149995 -5.37224
260000 55000 149994 -6.01768
265000 55000 149993 -6.68841
265000 50000 149995 -5.37224
270000 50000 149994 -6.06618
265000 55000 149993 -6.68841
270000 55000 149994 -6.05686
260000 55000 149994 -6.01768
265000 55000 149993 -6.68841
260000 60000 149996 -3.59055
265000 60000 149995 -5.32938
265000 55000 149993 -6.68841
270000 55000 149994 -6.05686
265000 60000 149995 -5.32938
270000 60000 149994 -5.7612
270000 50000 149994 -6.06618
275000 50000 149992 -7.66215
270000 55000 149994 -6.05686
275000 55000 149993 -7.28709
275000 50000 149992 -7.66215
280000 50000 149993 -7.45309
275000 55000 149993 -7.28709
280000 55000 149992 -7.86565
270000 55000 149994 -6.05686
275000 55000 149993 -7.28709
270000 60000 149994 -5.7612
275000 60000 149993 -7.24356
275000 55000 149993 -7.28709
280000 55000 149992 -7.86565
275000 60000 149993 -7.24356
280000 60000 149992 -7.72025
280000 50000 149993 -7.45309
285000 50000 149992 -8.05138
280000 55000 149992 -7.86565
285000 55000 149993 -7.44375
285000 50000 149992 -8.05138
290000 50000 149993 -7.24595
285000 55000 149993 -7.44375
290000 55000 149992 -8.30078
280000 55000 149992 -7.86565
285000 55000 149993 -7.44375
280000 60000 149992 -7.72025
285000 60000 149992 -8.12901
285000 55000 149993 -7.44375
290000 55000 149992 -8.30078
285000 60000 149992 -8.12901
290000 60000 149992 -7.86445
290000 50000 149993 -7.24595
295000 50000 149992 -7.81296
290000 55000 149992 -8.30078
295000 55000 149992 -7.90373
295000 50000 149992 -7.81296
300000 50000 149991 -8.93106
295000 55000 149992 -7.90373
300000 55000 149992 -7.87485
290000 55000 149992 -8.30078
295000 55000 149992 -7.90373
290000 60000 149992 -7.86445
295000 60000 149992 -8.39451
295000 55000 149992 -7.90373
300000 55000 149992 -7.87485
295000 60000 149992 -8.39451
300000 60000 149991 -8.99915
200000 60000 150023 22.8232
205000 60000 150022 22.2925
200000 65000 150026 26.0429
205000 65000 150025 24.6146
205000 60000 150022 22.2925
210000 60000 150019 18.9201
205000 65000 150025 24.6146
210000 65000 150020 20.0394
200000 65000 150026 26.0429
205000 65000 150025 24.6146
200000 70000 150027 26.9322
205000 70000 150023 23.1561
205000 65000 150025 24.6146
210000 65000 150020 20.0394
205000 70000 150023 23.1561
210000 70000 150018 18.2178
210000 60000 150019 18.9201
215000 60000 150016 16.0201
210000 65000 150020 20.0394
215000 65000 150017 16.7126
215000 60000 150016 16.0201
220000 60000 150011 10.9235
215000 65000 150017 16.7126
220000 65000 150013 12.9265
210000 65000 150020 20.0394
215000 65000 150017 16.7126
210000 70000 150018 18.2178
215000 70000 150016 16.2301
215000 65000 150017 16.7126
220000 65000 150013 12.9265
215000 70000 150016 16.2301
220000 70000 150011 10.7776
220000 60000 150011 10.9235
225000 60000 150008 8.04636
220000 65000 150013 12.9265
225000 65000 150009 9.40198
225000 60000 150008 8.04636
230000 60000 150006 5.66547
225000 65000 150009 9.40198
230000 65000 150008 7.82362
220000 65000 150013 12.9265
225000 65000 150009 9.40198
220000 70000 150011 10.7776
225000 70000 150010 10.0987
225000 65000 150009 9.40198
230000 65000 150008 7.82362
225000 70000 150010 10.0987
230000 70000 150005 5.39828
230000 60000 150006 5.66547
235000 60000 150003 2.95847
230000 65000 150008 7.82362
235000 65000 150004 4.18143
235000 60000 150003 2.95847
240000 60000 150000 0.45371
235000 65000 150004 4.18143
240000 65000 150000 0.0701585
230000 65000 150008 7.82362
235000 65000 150004 4.18143
230000 70000 150005 5.39828
235000 70000 150003 2.89239
235000 65000 150004 4.18143
240000 65000 150000 0.0701585
235000 70000 150003 2.89239
240000 70000 150002 1.70315
240000 60000 150000 0.45371
245000 60000 149998 -2.11257
240000 65000 150000 0.0701585
245000 65000 149999 -0.581508
245000 60000 149998 -2.11257
250000 60000 149998 -1.9595
245000 65000 149999 -0.581508
250000 65000 149999 -1.42589
240000 65000 150000 0.0701585
245000 65000 149999 -0.581508
240000 70000 150002 1.70315
245000 70000 149999 -1.39998
245000 65000 149999 -0.581508
250000 65000 149999 -1.42589
245000 70000 149999 -1.39998
250000 70000 149999 -0.891597
250000 60000 149998 -1.9595
255000 60000 149998 -2.40113
250000 65000 149999 -1.42589
255000 65000 149996 -3.62944
255000 60000 149998 -2.40113
260000 60000 149996 -3.59055
255000 65000 149996 -3.62944
260000 65000 149995 -5.03482
250000 65000 149999 -1.42589
255000 65000 149996 -3.62944
250000 70000 149999 -0.891597
255000 70000 149996 -4.04295
255000 65000 149996 -3.62944
260000 65000 149995 -5.03482
255000 70000 149996 -4.04295
260000 70000 149996 -4.16614
260000 60000 149996 -3.59055
265000 60000 149995 -5.32938
260000 65000 149995 -5.03482
265000 65000 149994 -6.49344
265000 60000 149995 -5.32938
270000 60000 149994 -5.7612
265000 65000 149994 -6.49344
270000 65000 149992 -7.59461
260000 65000 149995 -5.03482
265000 65000 149994 -6.49344
260000 70000 149996 -4.16614
265000 70000 149995 -4.78257
265000 65000 149994 -6.49344
270000 65000 149992 -7.59461
265000 70000 149995 -4.78257
270000 70000 149993 -6.74145
270000 60000 149994 -5.7612
275000 60000 149993 -7.24356
270000 65000 149992 -7.59461
275000 65000 149992 -7.79467
275000 60000 149993 -7.24356
280000 60000 149992 -7.72025
275000 65000 149992 -7.79467
280000 65000 149993 -7.22047
270000 65000 149992 -7.59461
275000 65000 149992 -7.79467
270000 70000 149993 -6.74145
275000 70000 149993 -7.13462
275000 65000 149992 -7.79467
280000 65000 149993 -7.22047
275000 70000 149993 -7.13462
280000 70000 149993 -7.2364
280000 60000 149992 -7.72025
285000 60000 149992 -8.12901
280000 65000 149993 -7.22047
285000 65000 149992 -7.65227
285000 60000 149992 -8.12901
290000 60000 149992 -7.86445
285000 65000 149992 -7.65227
290000 65000 149992 -7.86681
280000 65000 149993 -7.22047
285000 65000 149992 -7.65227
280000 70000 149993 -7.2364
285000 70000 149993 -6.7569
285000 65000 149992 -7.65227
290000 65000 149992 -7.86681
285000 70000 149993 -6.7569
290000 70000 149992 -7.97881
290000 60000 149992 -7.86445
295000 60000 149992 -8.39451
290000 65000 149992 -7.86681
295000 65000 149991 -8.71309
295000 60000 149992 -8.39451
300000 60000 149991 -8.99915
295000 65000 149991 -8.71309
300000 65000 149991 -8.7766
290000 65000 149992 -7.86681
295000 65000 149991 -8.71309
290000 70000 149992 -7.97881
295000 70000 149992 -8.00351
295000 65000 149991 -8.71309
300000 65000 149991 -8.7766
295000 70000 149992 -8.00351
300000 70000 149991 -8.64241
200000 70000 150027 26.9322
205000 70000 150023 23.1561
200000 75000 150027 26.9046
205000 75000 150025 25.2817
205000 70000 150023 23.1561
210000 70000 150018 18.2178
205000 75000 150025 25.2817
210000 75000 150022 22.124
200000 75000 150027 26.9046
205000 75000 150025 25.2817
200000 80000 150029 28.9953
205000 80000 150025 25.3963
205000 75000 150025 25.2817
210000 75000 150022 22.124
205000 80000 150025 25.3963
210000 80000 150022 21.9388
210000 70000 150018 18.2178
215000 70000 150016 16.2301
210000 75000 150022 22.124
215000 75000 150018 17.6074
215000 70000 150016 16.2301
220000 70000 150011 10.7776
215000 75000 150018 17.6074
220000 75000 150012 12.3405
210000 75000 150022 22.124
215000 75000 150018 17.6074
210000 80000 150022 21.9388
215000 80000 150018 17.7084
215000 75000 150018 17.6074
220000 75000 150012 12.3405
215000 80000 150018 17.7084
220000 80000 150014 13.981
220000 70000 150011 10.7776
225000 70000 150010 10.0987
220000 75000 150012 12.3405
225000 75000 150010 9.98549
225000 70000 150010 10.0987
230000 70000 150005 5.39828
225000 75000 150010 9.98549
230000 75000 150007 7.09384
220000 75000 150012 12.3405
225000 75000 150010 9.98549
220000 80000 150014 13.981
225000 80000 150010 9.7769
225000 75000 150010 9.98549
230000 75000 150007 7.09384
225000 80000 150010 9.7769
230000 80000 150005 5.22103
230000 70000 150005 5.39828
235000 70000 150003 2.89239
230000 75000 150007 7.09384
235000 75000 150001 0.900482
235000 70000 150003 2.89239
240000 70000 150002 1.70315
235000 75000 150001 0.900482
240000 75000 149999 -1.16631
230000 75000 150007 7.09384
235000 75000 150001 0.900482
230000 80000 150005 5.22103
235000 80000 150004 3.70327
235000 75000 150001 0.900482
240000 75000 149999 -1.16631
235000 80000 150004 3.70327
240000 80000 150002 1.81661
240000 70000 150002 1.70315
245000 70000 149999 -1.39998
240000 75000 149999 -1.16631
245000 75000 149996 -3.59153
245000 70000 149999 -1.39998
250000 70000 149999 -0.891597
245000 75000 149996 -3.59153
250000 75000 149995 -4.53721
240000 75000 149999 -1.16631
245000 75000 149996 -3.59153
240000 80000 150002 1.81661
245000 80000 150000 -0.298696
245000 75000 149996 -3.59153
250000 75000 149995 -4.53721
245000 80000 150000 -0.298696
250000 80000 149999 -0.673694
250000 70000 149999 -0.891597
255000 70000 149996 -4.04295
250000 75000 149995 -4.53721
255000 75000 149996 -4.3242
255000 70000 149996 -4.04295
260000 70000 149996 -4.16614
255000 75000 149996 -4.3242
260000 75000 149994 -5.8463
250000 75000 149995 -4.53721
255000 75000 149996 -4.3242
250000 80000 149999 -0.673694
255000 80000 149997 -2.53916
255000 75000 149996 -4.3242
260000 75000 149994 -5.8463
255000 80000 149997 -2.53916
260000 80000 149994 -5.66156
260000 70000 149996 -4.16614
265000 70000 149995 -4.78257
260000 75000 149994 -5.8463
265000 75000 149993 -6.5359
265000 70000 149995 -4.78257
270000 70000 149993 -6.74145
265000 75000 149993 -6.5359
270000 75000 149994 -5.52231
260000 75000 149994 -5.8463
265000 75000 149993 -6.5359
260000 80000 149994 -5.66156
265000 80000 149994 -5.97754
265000 75000 149993 -6.5359
270000 75000 149994 -5.52231
265000 80000 149994 -5.97754
270000 80000 149993 -6.86501
270000 70000 149993 -6.74145
275000 70000 149993 -7.13462
270000 75000 149994 -5.52231
275000 75000 149993 -6.58161
275000 70000 149993 -7.13462
280000 70000 149993 -7.2364
275000 75000 149993 -6.58161
280000 75000 149994 -5.6579
270000 75000 149994 -5.52231
275000 75000 149993 -6.58161
270000 80000 149993 -6.86501
275000 80000 149993 -6.68102
275000 75000 149993 -6.58161
280000 75000 149994 -5.6579
275000 80000 149993 -6.68102
280000 80000 149993 -7.12036
280000 70000 149993 -7.2364
285000 70000 149993 -6.7569
280000 75000 149994 -5.6579
285000 75000 149993 -6.79003
285000 70000 149993 -6.7569
290000 70000 149992 -7.97881
285000 75000 149993 -6.79003
290000 75000 149993 -7.39148
280000 75000 149994 -5.6579
285000 75000 149993 -6.79003
280000 80000 149993 -7.12036
285000 80000 149992 -7.54709
285000 75000 149993 -6.79003
290000 75000 149993 -7.39148
285000 80000 149992 -7.54709
290000 80000 149993 -7.12894
290000 70000 149992 -7.97881
295000 70000 149992 -8.00351
290000 75000 149993 -7.39148
295000 75000 149992 -7.89576
295000 70000 149992 -8.00351
300000 70000 149991 -8.64241
295000 75000 149992 -7.89576
300000 75000 149992 -7.81715
290000 75000 149993 -7.39148
295000 75000 149992 -7.89576
290000 80000 149993 -7.12894
295000 80000 149992 -7.5883
295000 75000 149992 -7.89576
300000 75000 149992 -7.81715
295000 80000 149992 -7.5883
300000 80000 149992 -8.44462
160000 80000 149914 -86.4127
165000 80000 149933 -67.0326
160000 85000 149932 -68.0488
165000 85000 149914 -85.7883
165000 80000 149933 -67.0326
170000 80000 149976 -24.4842
165000 85000 149914 -85.7883
170000 85000 149961 -38.9559
160000 85000 149932 -68.0488
165000 85000 149914 -85.7883
160000 90000 149959 -40.6241
165000 90000 149922 -78.0565
165000 85000 149914 -85.7883
170000 85000 149961 -38.9559
165000 90000 149922 -78.0565
170000 90000 149936 -63.5247
170000 80000 149976 -24.4842
175000 80000 150010 10.3028
170000 85000 149961 -38.9559
175000 85000 149991 -8.61857
175000 80000 150010 10.3028
180000 80000 150028 27.5096
175000 85000 149991 -8.61857
180000 85000 150020 20.4608
170000 85000 149961 -38.9559
175000 85000 149991 -8.61857
170000 90000 149936 -63.5247
175000 90000 149975 -24.565
175000 85000 149991 -8.61857
180000 85000 150020 20.4608
175000 90000 149975 -24.565
180000 90000 150007 7.35657
180000 80000 150028 27.5096
185000 80000 150030 30.0605
180000 85000 150020 20.4608
185000 85000 150032 31.5411
185000 80000 150030 30.0605
190000 80000 150031 30.9424
185000 85000 150032 31.5411
190000 85000 150030 29.8709
180000 85000 150020 20.4608
185000 85000 150032 31.5411
180000 90000 150007 7.35657
185000 90000 150032 32.14
185000 85000 150032 31.5411
190000 85000 150030 29.8709
185000 90000 150032 32.14
190000 90000 150032 32.4067
190000 80000 150031 30.9424
195000 80000 150030 29.7288
190000 85000 150030 29.8709
195000 85000 150028 27.9274
195000 80000 150030 29.7288
200000 80000 150029 28.9953
195000 85000 150028 27.9274
200000 85000 150028 27.8149
190000 85000 150030 29.8709
195000 85000 150028 27.9274
190000 90000 150032 32.4067
195000 90000 150029 28.5675
195000 85000 150028 27.9274
200000 85000 150028 27.8149
195000 90000 150029 28.5675
200000 90000 150027 27.4706
200000 80000 150029 28.9953
205000 80000 150025 25.3963
200000 85000 150028 27.8149
205000 85000 150026 25.724
205000 80000 150025 25.3963
210000 80000 150022 21.9388
205000 85000 150026 25.724
210000 85000 150025 24.682
200000 85000 150028 27.8149
205000 85000 150026 25.724
200000 90000 150027 27.4706
205000 90000 150026 25.7903
205000 85000 150026 25.724
210000 85000 150025 24.682
205000 90000 150026 25.7903
210000 90000 150022 21.563
210000 80000 150022 21.9388
215000 80000 150018 17.7084
210000 85000 150025 24.682
215000 85000 150020 20.2248
215000 80000 150018 17.7084
220000 80000 150014 13.981
215000 85000 150020 20.2248
220000 85000 150014 14.4771
210000 85000 150025 24.682
215000 85000 150020 20.2248
210000 90000 150022 21.563
215000 90000 150017 17.3807
215000 85000 150020 20.2248
220000 85000 150014 14.4771
215000 90000 150017 17.3807
220000 90000 150013 13.4565
220000 80000 150014 13.981
225000 80000 150010 9.7769
220000 85000 150014 14.4771
225000 85000 150011 11.1325
225000 80000 150010 9.7769
230000 80000 150005 5.22103
225000 85000 150011 11.1325
230000 85000 150009 8.75882
220000 85000 150014 14.4771
225000 85000 150011 11.1325
220000 90000 150013 13.4565
225000 90000 150012 12.3863
225000 85000 150011 11.1325
230000 85000 150009 8.75882
225000 90000 150012 12.3863
230000 90000 150008 8.10294
230000 80000 150005 5.22103
235000 80000 150004 3.70327
230000 85000 150009 8.75882
235000 85000 150006 5.52519
235000 80000 150004 3.70327
240000 80000 150002 1.81661
235000 85000 150006 5.52519
240000 85000 150002 1.60059
230000 85000 150009 8.75882
235000 85000 150006 5.52519
230000 90000 150008 8.10294
235000 90000 150004 3.79182
235000 85000 150006 5.52519
240000 85000 150002 1.60059
235000 90000 150004 3.79182
240000 90000 150001 0.899068
240000 80000 150002 1.81661
245000 80000 150000 -0.298696
240000 85000 150002 1.60059
245000 85000 149998 -1.78814
245000 80000 150000 -0.298696
250000 80000 149999 -0.673694
245000 85000 149998 -1.78814
250000 85000 149998 -1.50201
240000 85000 150002 1.60059
245000 85000 149998 -1.78814
240000 90000 150001 0.899068
245000 90000 149999 -0.667087
245000 85000 149998 -1.78814
250000 85000 149998 -1.50201
245000 90000 149999 -0.667087
250000 90000 149997 -3.16628
250000 80000 149999 -0.673694
255000 80000 149997 -2.53916
250000 85000 149998 -1.50201
255000 85000 149995 -5.09602
255000 80000 149997 -2.53916
260000 80000 149994 -5.66156
255000 85000 149995 -5.09602
260000 85000 149994 -5.94951
250000 85000 149998 -1.50201
255000 85000 149995 -5.09602
250000 90000 149997 -3.16628
255000 90000 149997 -3.4741
255000 85000 149995 -5.09602
260000 85000 149994 -5.94951
255000 90000 149997 -3.4741
260000 90000 149996 -4.42015
260000 80000 149994 -5.66156
265000 80000 149994 -5.97754
260000 85000 149994 -5.94951
265000 85000 149993 -6.80862
265000 80000 149994 -5.97754
270000 80000 149993 -6.86501
265000 85000 149993 -6.80862
270000 85000 149994 -5.87478
260000 85000 149994 -5.94951
265000 85000 149993 -6.80862
260000 90000 149996 -4.42015
265000 90000 149994 -5.81133
265000 85000 149993 -6.80862
270000 85000 149994 -5.87478
265000 90000 149994 -5.81133
270000 90000 149993 -6.75868
270000 80000 149993 -6.86501
275000 80000 149993 -6.68102
270000 85000 149994 -5.87478
275000 85000 149993 -6.97617
275000 80000 149993 -6.68102
280000 80000 149993 -7.12036
275000 85000 149993 -6.97617
280000 85000 149993 -6.71219
270000 85000 149994 -5.87478
275000 85000 149993 -6.97617
270000 90000 149993 -6.75868
275000 90000 149993 -6.5936
275000 85000 149993 -6.97617
280000 85000 149993 -6.71219
275000 90000 149993 -6.5936
280000 90000 149993 -6.80416
280000 80000 149993 -7.12036
285000 80000 149992 -7.54709
280000 85000 149993 -6.71219
285000 85000 149992 -7.73916
285000 80000 149992 -7.54709
290000 80000 149993 -7.12894
285000 85000 149992 -7.73916
290000 85000 149992 -7.99258
280000 85000 149993 -6.71219
285000 85000 149992 -7.73916
280000 90000 149993 -6.80416
285000 90000 149993 -7.18894
285000 85000 149992 -7.73916
290000 85000 149992 -7.99258
285000 90000 149993 -7.18894
290000 90000 149992 -8.06196
290000 80000 149993 -7.12894
295000 80000 149992 -7.5883
290000 85000 149992 -7.99258
295000 85000 149992 -8.40714
295000 80000 149992 -7.5883
300000 80000 149992 -8.44462
295000 85000 149992 -8.40714
300000 85000 149991 -8.67382
290000 85000 149992 -7.99258
295000 85000 149992 -8.40714
290000 90000 149992 -8.06196
295000 90000 149991 -8.55164
295000 85000 149992 -8.40714
300000 85000 149991 -8.67382
295000 90000 149991 -8.55164
300000 90000 149991 -8.74011
160000 90000 149959 -40.6241
165000 90000 149922 -78.0565
160000 95000 149974 -25.8642
165000 95000 149943 -56.8155
165000 90000 149922 -78.0565
170000 90000 149936 -63.5247
165000 95000 149943 -56.8155
170000 95000 149928 -71.8395
160000 95000 149974 -25.8642
165000 95000 149943 -56.8155
160000 100000 149981 -19.2819
165000 100000 149963 -37.4655
165000 95000 149943 -56.8155
170000 95000 149928 -71.8395
165000 100000 149963 -37.4655
170000 100000 149940 -59.9334
170000 90000 149936 -63.5247
175000 90000 149975 -24.565
170000 95000 149928 -71.8395
175000 95000 149962 -38.0649
175000 90000 149975 -24.565
180000 90000 150007 7.35657
175000 95000 149962 -38.0649
180000 95000 149992 -7.58246
170000 95000 149928 -71.8395
175000 95000 149962 -38.0649
170000 100000 149940 -59.9334
175000 100000 149950 -49.741
175000 95000 149962 -38.0649
180000 95000 149992 -7.58246
175000 100000 149950 -49.741
180000 100000 149978 -22.1957
180000 90000 150007 7.35657
185000 90000 150032 32.14
180000 95000 149992 -7.58246
185000 95000 150024 24.151
185000 90000 150032 32.14
190000 90000 150032 32.4067
185000 95000 150024 24.151
190000 95000 150032 32.1463
180000 95000 149992 -7.58246
185000 95000 150024 24.151
180000 100000 149978 -22.1957
185000 100000 150014 14.2752
185000 95000 150024 24.151
190000 95000 150032 32.1463
185000 100000 150014 14.2752
190000 100000 150030 29.9548
190000 90000 150032 32.4067
195000 90000 150029 28.5675
190000 95000 150032 32.1463
195000 95000 150030 30.2293
195000 90000 150029 28.5675
200000 90000 150027 27.4706
195000 95000 150030 30.2293
200000 95000 150027 27.0775
190000 95000 150032 32.1463
195000 95000 150030 30.2293
190000 100000 150030 29.9548
195000 100000 150029 29.3128
195000 95000 150030 30.2293
200000 95000 150027 27.0775
195000 100000 150029 29.3128
200000 100000 150026 26.2486
200000 90000 150027 27.4706
205000 90000 150026 25.7903
200000 95000 150027 27.0775
205000 95000 150025 25.1183
205000 90000 150026 25.7903
210000 90000 150022 21.563
205000 95000 150025 25.1183
210000 95000 150024 24.4557
200000 95000 150027 27.0775
205000 95000 150025 25.1183
200000 100000 150026 26.2486
205000 100000 150025 24.7921
205000 95000 150025 25.1183
210000 95000 150024 24.4557
205000 100000 150025 24.7921
210000 100000 150021 21.222
210000 90000 150022 21.563
215000 90000 150017 17.3807
210000 95000 150024 24.4557
215000 95000 150019 18.6714
215000 90000 150017 17.3807
220000 90000 150013 13.4565
215000 95000 150019 18.6714
220000 95000 150014 14.1822
210000 95000 150024 24.4557
215000 95000 150019 18.6714
210000 100000 150021 21.222
215000 100000 150021 21.2831
215000 95000 150019 18.6714
220000 95000 150014 14.1822
215000 100000 150021 21.2831
220000 100000 150016 16.1397
220000 90000 150013 13.4565
225000 90000 150012 12.3863
220000 95000 150014 14.1822
225000 95000 150012 11.8345
225000 90000 150012 12.3863
230000 90000 150008 8.10294
225000 95000 150012 11.8345
230000 95000 150007 6.73857
220000 95000 150014 14.1822
225000 95000 150012 11.8345
220000 100000 150016 16.1397
225000 100000 150012 12.2913
225000 95000 150012 11.8345
230000 95000 150007 6.73857
225000 100000 150012 12.2913
230000 100000 150009 8.92454
230000 90000 150008 8.10294
235000 90000 150004 3.79182
230000 95000 150007 6.73857
235000 95000 150004 3.6347
235000 90000 150004 3.79182
240000 90000 150001 0.899068
235000 95000 150004 3.6347
240000 95000 150003 3.01353
230000 95000 150007 6.73857
235000 95000 150004 3.6347
230000 100000 150009 8.92454
235000 100000 150006 5.50953
235000 95000 150004 3.6347
240000 95000 150003 3.01353
235000 100000 150006 5.50953
240000 100000 150001 0.773241
240000 90000 150001 0.899068
245000 90000 149999 -0.667087
240000 95000 150003 3.01353
245000 95000 150001 0.58628
245000 90000 149999 -0.667087
250000 90000 149997 -3.16628
245000 95000 150001 0.58628
250000 95000 149997 -3.38851
240000 95000 150003 3.01353
245000 95000 150001 0.58628
240000 100000 150001 0.773241
245000 100000 149998 -2.12192
245000 95000 150001 0.58628
250000 95000 149997 -3.38851
245000 100000 149998 -2.12192
250000 100000 149998 -2.48516
250000 90000 149997 -3.16628
255000 90000 149997 -3.4741
250000 95000 149997 -3.38851
255000 95000 149994 -5.58228
255000 90000 149997 -3.4741
260000 90000 149996 -4.42015
255000 95000 149994 -5.58228
260000 95000 149994 -5.81666
250000 95000 149997 -3.38851
255000 95000 149994 -5.58228
250000 100000 149998 -2.48516
255000 100000 149995 -4.70342
255000 95000 149994 -5.58228
260000 95000 149994 -5.81666
255000 100000 149995 -4.70342
260000 100000 149994 -6.13371
260000 90000 149996 -4.42015
265000 90000 149994 -5.81133
260000 95000 149994 -5.81666
265000 95000 149994 -5.89859
265000 90000 149994 -5.81133
270000 90000 149993 -6.75868
265000 95000 149994 -5.89859
270000 95000 149993 -6.82191
260000 95000 149994 -5.81666
265000 95000 149994 -5.89859
260000 100000 149994 -6.13371
265000 100000 149995 -5.14724
265000 95000 149994 -5.89859
270000 95000 149993 -6.82191
265000 100000 149995 -5.14724
270000 100000 149994 -5.81372
270000 90000 149993 -6.75868
275000 90000 149993 -6.5936
270000 95000 149993 -6.82191
275000 95000 149994 -6.44382
275000 90000 149993 -6.5936
280000 90000 149993 -6.80416
275000 95000 149994 -6.44382
280000 95000 149993 -7.47767
270000 95000 149993 -6.82191
275000 95000 149994 -6.44382
270000 100000 149994 -5.81372
275000 100000 149993 -6.85435
275000 95000 149994 -6.44382
280000 95000 149993 -7.47767
275000 100000 149993 -6.85435
280000 100000 149993 -7.2787
280000 90000 149993 -6.80416
285000 90000 149993 -7.18894
280000 95000 149993 -7.47767
285000 95000 149993 -7.42763
285000 90000 149993 -7.18894
290000 90000 149992 -8.06196
285000 95000 149993 -7.42763
290000 95000 149992 -7.61098
280000 95000 149993 -7.47767
285000 95000 149993 -7.42763
280000 100000 149993 -7.2787
285000 100000 149993 -7.099
285000 95000 149993 -7.42763
290000 95000 149992 -7.61098
285000 100000 149993 -7.099
290000 100000 149993 -7.41867
290000 90000 149992 -8.06196
295000 90000 149991 -8.55164
290000 95000 149992 -7.61098
295000 95000 149992 -7.59809
295000 90000 149991 -8.55164
300000 90000 149991 -8.74011
295000 95000 149992 -7.59809
300000 95000 149991 -8.79146
290000 95000 149992 -7.61098
295000 95000 149992 -7.59809
290000 100000 149993 -7.41867
295000 100000 149992 -8.12095
295000 95000 149992 -7.59809
300000 95000 149991 -8.79146
295000 100000 149992 -8.12095
300000 100000 149991 -8.83584
160000 100000 149981 -19.2819
165000 100000 149963 -37.4655
160000 105000 149985 -14.8591
165000 105000 149973 -27.2714
165000 100000 149963 -37.4655
170000 100000 149940 -59.9334
165000 105000 149973 -27.2714
170000 105000 149958 -42.0271
160000 105000 149985 -14.8591
165000 105000 149973 -27.2714
160000 110000 149989 -11.3883
165000 110000 149975 -24.7478
165000 105000 149973 -27.2714
170000 105000 149958 -42.0271
165000 110000 149975 -24.7478
170000 110000 149970 -29.6026
170000 100000 149940 -59.9334
175000 100000 149950 -49.741
170000 105000 149958 -42.0271
175000 105000 149961 -38.9327
175000 100000 149950 -49.741
180000 100000 149978 -22.1957
175000 105000 149961 -38.9327
180000 105000 149977 -22.7625
170000 105000 149958 -42.0271
175000 105000 149961 -38.9327
170000 110000 149970 -29.6026
175000 110000 149972 -27.981
175000 105000 149961 -38.9327
180000 105000 149977 -22.7625
175000 110000 149972 -27.981
180000 110000 149981 -19.1845
180000 100000 149978 -22.1957
185000 100000 150014 14.2752
180000 105000 149977 -22.7625
185000 105000 150004 4.13707
185000 100000 150014 14.2752
190000 100000 150030 29.9548
185000 105000 150004 4.13707
190000 105000 150022 22.0711
180000 105000 149977 -22.7625
185000 105000 150004 4.13707
180000 110000 149981 -19.1845
185000 110000 149998 -1.50416
185000 105000 150004 4.13707
190000 105000 150022 22.0711
185000 110000 149998 -1.50416
190000 110000 150014 13.7576
190000 100000 150030 29.9548
195000 100000 150029 29.3128
190000 105000 150022 22.0711
195000 105000 150026 26.3135
195000 100000 150029 29.3128
200000 100000 150026 26.2486
195000 105000 150026 26.3135
200000 105000 150025 24.5072
190000 105000 150022 22.0711
195000 105000 150026 26.3135
190000 110000 150014 13.7576
195000 110000 150021 21.2269
195000 105000 150026 26.3135
200000 105000 150025 24.5072
195000 110000 150021 21.2269
200000 110000 150022 22.166
200000 100000 150026 26.2486
205000 100000 150025 24.7921
200000 105000 150025 24.5072
205000 105000 150023 22.6401
205000 100000 150025 24.7921
210000 100000 150021 21.222
205000 105000 150023 22.6401
210000 105000 150021 20.8514
200000 105000 150025 24.5072
205000 105000 150023 22.6401
200000 110000 150022 22.166
205000 110000 150022 21.9761
205000 105000 150023 22.6401
210000 105000 150021 20.8514
205000 110000 150022 21.9761
210000 110000 150020 19.7803
210000 100000 150021 21.222
215000 100000 150021 21.2831
210000 105000 150021 20.8514
215000 105000 150018 17.9197
215000 100000 150021 21.2831
220000 100000 150016 16.1397
215000 105000 150018 17.9197
220000 105000 150017 16.618
210000 105000 150021 20.8514
215000 105000 150018 17.9197
210000 110000 150020 19.7803
215000 110000 150016 16.2909
215000 105000 150018 17.9197
220000 105000 150017 16.618
215000 110000 150016 16.2909
220000 110000 150013 12.8976
220000 100000 150016 16.1397
225000 100000 150012 12.2913
220000 105000 150017 16.618
225000 105000 150014 14.3832
225000 100000 150012 12.2913
230000 100000 150009 8.92454
225000 105000 150014 14.3832
230000 105000 150009 8.92095
220000 105000 150017 16.618
225000 105000 150014 14.3832
220000 110000 150013 12.8976
225000 110000 150011 11.0394
225000 105000 150014 14.3832
230000 105000 150009 8.92095
225000 110000 150011 11.0394
230000 110000 150008 8.44633
230000 100000 150009 8.92454
235000 100000 150006 5.50953
230000 105000 150009 8.92095
235000 105000 150004 4.38394
235000 100000 150006 5.50953
240000 100000 150001 0.773241
235000 105000 150004 4.38394
240000 105000 150003 2.92908
230000 105000 150009 8.92095
235000 105000 150004 4.38394
230000 110000 150008 8.44633
235000 110000 150006 5.51241
235000 105000 150004 4.38394
240000 105000 150003 2.92908
235000 110000 150006 5.51241
240000 110000 149999 -0.702886
240000 100000 150001 0.773241
245000 100000 149998 -2.12192
240000 105000 150003 2.92908
245000 105000 150001 0.546522
245000 100000 149998 -2.12192
250000 100000 149998 -2.48516
245000 105000 150001 0.546522
250000 105000 149998 -2.24771
240000 105000 150003 2.92908
245000 105000 150001 0.546522
240000 110000 149999 -0.702886
245000 110000 149999 -0.587275
245000 105000 150001 0.546522
250000 105000 149998 -2.24771
245000 110000 149999 -0.587275
250000 110000 149998 -2.21158
250000 100000 149998 -2.48516
255000 100000 149995 -4.70342
250000 105000 149998 -2.24771
255000 105000 149996 -3.87718
255000 100000 149995 -4.70342
260000 100000 149994 -6.13371
255000 105000 149996 -3.87718
260000 105000 149996 -3.96802
250000 105000 149998 -2.24771
255000 105000 149996 -3.87718
250000 110000 149998 -2.21158
255000 110000 149997 -3.26144
255000 105000 149996 -3.87718
260000 105000 149996 -3.96802
255000 110000 149997 -3.26144
260000 110000 149995 -4.58184
260000 100000 149994 -6.13371
265000 100000 149995 -5.14724
260000 105000 149996 -3.96802
265000 105000 149995 -5.03675
265000 100000 149995 -5.14724
270000 100000 149994 -5.81372
265000 105000 149995 -5.03675
270000 105000 149993 -6.75776
260000 105000 149996 -3.96802
265000 105000 149995 -5.03675
260000 110000 149995 -4.58184
265000 110000 149995 -5.11064
265000 105000 149995 -5.03675
270000 105000 149993 -6.75776
265000 110000 149995 -5.11064
270000 110000 149993 -6.86278
270000 100000 149994 -5.81372
275000 100000 149993 -6.85435
270000 105000 149993 -6.75776
275000 105000 149994 -6.32672
275000 100000 149993 -6.85435
280000 100000 149993 -7.2787
275000 105000 149994 -6.32672
280000 105000 149993 -7.34776
270000 105000 149993 -6.75776
275000 105000 149994 -6.32672
270000 110000 149993 -6.86278
275000 110000 149993 -7.11749
275000 105000 149994 -6.32672
280000 105000 149993 -7.34776
275000 110000 149993 -7.11749
280000 110000 149993 -7.14031
280000 100000 149993 -7.2787
285000 100000 149993 -7.099
280000 105000 149993 -7.34776
285000 105000 149992 -7.88373
285000 100000 149993 -7.099
290000 100000 149993 -7.41867
285000 105000 149992 -7.88373
290000 105000 149992 -7.71426
280000 105000 149993 -7.34776
285000 105000 149992 -7.88373
280000 110000 149993 -7.14031
285000 110000 149993 -7.23698
285000 105000 149992 -7.88373
290000 105000 149992 -7.71426
285000 110000 149993 -7.23698
290000 110000 149993 -7.35328
290000 100000 149993 -7.41867
295000 100000 149992 -8.12095
290000 105000 149992 -7.71426
295000 105000 149992 -7.9268
295000 100000 149992 -8.12095
300000 100000 149991 -8.83584
295000 105000 149992 -7.9268
300000 105000 149991 -8.79333
290000 105000 149992 -7.71426
295000 105000 149992 -7.9268
290000 110000 149993 -7.35328
295000 110000 149992 -8.18698
295000 105000 149992 -7.9268
300000 105000 149991 -8.79333
295000 110000 149992 -8.18698
300000 110000 149992 -8.49035
160000 110000 149989 -11.3883
165000 110000 149975 -24.7478
160000 115000 149981 -19.2841
165000 115000 149977 -23.3589
165000 110000 149975 -24.7478
170000 110000 149970 -29.6026
165000 115000 149977 -23.3589
170000 115000 149975 -25.1773
160000 115000 149981 -19.2841
165000 115000 149977 -23.3589
160000 120000 149991 -9.13012
165000 120000 149983 -17.0132
165000 115000 149977 -23.3589
170000 115000 149975 -25.1773
165000 120000 149983 -17.0132
170000 120000 149977 -22.5926
170000 110000 149970 -29.6026
175000 110000 149972 -27.981
170000 115000 149975 -25.1773
175000 115000 149977 -23.3543
175000 110000 149972 -27.981
180000 110000 149981 -19.1845
175000 115000 149977 -23.3543
180000 115000 149981 -18.8782
170000 115000 149975 -25.1773
175000 115000 149977 -23.3543
170000 120000 149977 -22.5926
175000 120000 149979 -20.8107
175000 115000 149977 -23.3543
180000 115000 149981 -18.8782
175000 120000 149979 -20.8107
180000 120000 149985 -15.2862
180000 110000 149981 -19.1845
185000 110000 149998 -1.50416
180000 115000 149981 -18.8782
185000 115000 149993 -6.59138
185000 110000 149998 -1.50416
190000 110000 150014 13.7576
185000 115000 149993 -6.59138
190000 115000 150010 9.98608
180000 115000 149981 -18.8782
185000 115000 149993 -6.59138
180000 120000 149985 -15.2862
185000 120000 149995 -5.40793
185000 115000 149993 -6.59138
190000 115000 150010 9.98608
185000 120000 149995 -5.40793
190000 120000 150006 6.46624
190000 110000 150014 13.7576
195000 110000 150021 21.2269
190000 115000 150010 9.98608
195000 115000 150015 14.7233
195000 110000 150021 21.2269
200000 110000 150022 22.166
195000 115000 150015 14.7233
200000 115000 150021 20.6815
190000 115000 150010 9.98608
195000 115000 150015 14.7233
190000 120000 150006 6.46624
195000 120000 150017 17.0315
195000 115000 150015 14.7233
200000 115000 150021 20.6815
195000 120000 150017 17.0315
200000 120000 150021 21.3479
200000 110000 150022 22.166
205000 110000 150022 21.9761
200000 115000 150021 20.6815
205000 115000 150023 22.9685
205000 110000 150022 21.9761
210000 110000 150020 19.7803
205000 115000 150023 22.9685
210000 115000 150023 22.9123
200000 115000 150021 20.6815
205000 115000 150023 22.9685
200000 120000 150021 21.3479
205000 120000 150023 23.1947
205000 115000 150023 22.9685
210000 115000 150023 22.9123
205000 120000 150023 23.1947
210000 120000 150022 22.4524
210000 110000 150020 19.7803
215000 110000 150016 16.2909
210000 115000 150023 22.9123
215000 115000 150018 18.1951
215000 110000 150016 16.2909
220000 110000 150013 12.8976
215000 115000 150018 18.1951
220000 115000 150016 16.1405
210000 115000 150023 22.9123
215000 115000 150018 18.1951
210000 120000 150022 22.4524
215000 120000 150020 19.9429
215000 115000 150018 18.1951
220000 115000 150016 16.1405
215000 120000 150020 19.9429
220000 120000 150016 16.4457
220000 110000 150013 12.8976
225000 110000 150011 11.0394
220000 115000 150016 16.1405
225000 115000 150011 10.8776
225000 110000 150011 11.0394
230000 110000 150008 8.44633
225000 115000 150011 10.8776
230000 115000 150004 4.37032
220000 115000 150016 16.1405
225000 115000 150011 10.8776
220000 120000 150016 16.4457
225000 120000 150014 13.5399
225000 115000 150011 10.8776
230000 115000 150004 4.37032
225000 120000 150014 13.5399
230000 120000 150008 7.90909
230000 110000 150008 8.44633
235000 110000 150006 5.51241
230000 115000 150004 4.37032
235000 115000 150002 2.31493
235000 110000 150006 5.51241
240000 110000 149999 -0.702886
235000 115000 150002 2.31493
240000 115000 150004 4.35911
230000 115000 150004 4.37032
235000 115000 150002 2.31493
230000 120000 150008 7.90909
235000 120000 150006 6.36111
235000 115000 150002 2.31493
240000 115000 150004 4.35911
235000 120000 150006 6.36111
240000 120000 150004 4.42802
240000 110000 149999 -0.702886
245000 110000 149999 -0.587275
240000 115000 150004 4.35911
245000 115000 150001 1.03264
245000 110000 149999 -0.587275
250000 110000 149998 -2.21158
245000 115000 150001 1.03264
250000 115000 149999 -0.670753
240000 115000 150004 4.35911
245000 115000 150001 1.03264
240000 120000 150004 4.42802
245000 120000 150001 1.36385
245000 115000 150001 1.03264
250000 115000 149999 -0.670753
245000 120000 150001 1.36385
250000 120000 149999 -0.515772
250000 110000 149998 -2.21158
255000 110000 149997 -3.26144
250000 115000 149999 -0.670753
255000 115000 149997 -3.44996
255000 110000 149997 -3.26144
260000 110000 149995 -4.58184
255000 115000 149997 -3.44996
260000 115000 149995 -5.18929
250000 115000 149999 -0.670753
255000 115000 149997 -3.44996
250000 120000 149999 -0.515772
255000 120000 149996 -4.00927
255000 115000 149997 -3.44996
260000 115000 149995 -5.18929
255000 120000 149996 -4.00927
260000 120000 149996 -3.59175
260000 110000 149995 -4.58184
265000 110000 149995 -5.11064
260000 115000 149995 -5.18929
265000 115000 149994 -6.17434
265000 110000 149995 -5.11064
270000 110000 149993 -6.86278
265000 115000 149994 -6.17434
270000 115000 149995 -5.24224
260000 115000 149995 -5.18929
265000 115000 149994 -6.17434
260000 120000 149996 -3.59175
265000 120000 149995 -5.31591
265000 115000 149994 -6.17434
270000 115000 149995 -5.24224
265000 120000 149995 -5.31591
270000 120000 149994 -5.97042
270000 110000 149993 -6.86278
275000 110000 149993 -7.11749
270000 115000 149995 -5.24224
275000 115000 149994 -6.43107
275000 110000 149993 -7.11749
280000 110000 149993 -7.14031
275000 115000 149994 -6.43107
280000 115000 149993 -7.1114
270000 115000 149995 -5.24224
275000 115000 149994 -6.43107
270000 120000 149994 -5.97042
275000 120000 149993 -6.97349
275000 115000 149994 -6.43107
280000 115000 149993 -7.1114
275000 120000 149993 -6.97349
280000 120000 149994 -6.38295
280000 110000 149993 -7.14031
285000 110000 149993 -7.23698
280000 115000 149993 -7.1114
285000 115000 149992 -7.87191
285000 110000 149993 -7.23698
290000 110000 149993 -7.35328
285000 115000 149992 -7.87191
290000 115000 149992 -8.02849
280000 115000 149993 -7.1114
285000 115000 149992 -7.87191
280000 120000 149994 -6.38295
285000 120000 149992 -7.86223
285000 115000 149992 -7.87191
290000 115000 149992 -8.02849
285000 120000 149992 -7.86223
290000 120000 149991 -8.62642
290000 110000 149993 -7.35328
295000 110000 149992 -8.18698
290000 115000 149992 -8.02849
295000 115000 149991 -8.59499
295000 110000 149992 -8.18698
300000 110000 149992 -8.49035
295000 115000 149991 -8.59499
300000 115000 149992 -8.16461
290000 115000 149992 -8.02849
295000 115000 149991 -8.59499
290000 120000 149991 -8.62642
295000 120000 149991 -8.89368
295000 115000 149991 -8.59499
300000 115000 149992 -8.16461
295000 120000 149991 -8.89368
300000 120000 149992 -8.43321
