# x y z topography
0 0 149999 -1.25901
5000 0 149999 -0.987305
0 5000 149999 -1.42313
5000 5000 149999 -0.800762
5000 0 149999 -0.987305
10000 0 149999 -0.517065
5000 5000 149999 -0.800762
10000 5000 149999 -0.697616
0 5000 149999 -1.42313
5000 5000 149999 -0.800762
0 10000 149999 -0.900268
5000 10000 150000 -0.463264
5000 5000 149999 -0.800762
10000 5000 149999 -0.697616
5000 10000 150000 -0.463264
10000 10000 150000 -0.414254
10000 0 149999 -0.517065
15000 0 149999 -0.718505
10000 5000 149999 -0.697616
15000 5000 150000 0.0823035
15000 0 149999 -0.718505
20000 0 150000 -0.422443
15000 5000 150000 0.0823035
20000 5000 149999 -0.849656
10000 5000 149999 -0.697616
15000 5000 150000 0.0823035
10000 10000 150000 -0.414254
15000 10000 149999 -0.710926
15000 5000 150000 0.0823035
20000 5000 149999 -0.849656
15000 10000 149999 -0.710926
20000 10000 150000 -0.336868
20000 0 150000 -0.422443
25000 0 150000 -0.411662
20000 5000 149999 -0.849656
25000 5000 149999 -0.941025
25000 0 150000 -0.411662
30000 0 149999 -0.976746
25000 5000 149999 -0.941025
30000 5000 149999 -0.82649
20000 5000 149999 -0.849656
25000 5000 149999 -0.941025
20000 10000 150000 -0.336868
25000 10000 149999 -0.814195
25000 5000 149999 -0.941025
30000 5000 149999 -0.82649
25000 10000 149999 -0.814195
30000 10000 150000 -0.35248
30000 0 149999 -0.976746
35000 0 150000 0.410101
30000 5000 149999 -0.82649
35000 5000 149999 -0.976746
35000 0 150000 0.410101
40000 0 150000 -0.213644
35000 5000 149999 -0.976746
40000 5000 149999 -0.976746
30000 5000 149999 -0.82649
35000 5000 149999 -0.976746
30000 10000 150000 -0.35248
35000 10000 149999 -0.976742
35000 5000 149999 -0.976746
40000 5000 149999 -0.976746
35000 10000 149999 -0.976742
40000 10000 149999 -0.976741
40000 0 150000 -0.213644
45000 0 150000 0.2362
40000 5000 149999 -0.976746
45000 5000 150000 -0.122203
45000 0 150000 0.2362
50000 0 150002 2.34569
45000 5000 150000 -0.122203
50000 5000 150002 1.58957
40000 5000 149999 -0.976746
45000 5000 150000 -0.122203
40000 10000 149999 -0.976741
45000 10000 149999 -0.976731
45000 5000 150000 -0.122203
50000 5000 150002 1.58957
45000 10000 149999 -0.976731
50000 10000 149999 -0.976714
50000 0 150002 2.34569
55000 0 150005 4.65549
50000 5000 150002 1.58957
55000 5000 150003 2.86287
55000 0 150005 4.65549
60000 0 150008 7.97413
55000 5000 150003 2.86287
60000 5000 150006 5.8668
50000 5000 150002 1.58957
55000 5000 150003 2.86287
50000 10000 149999 -0.976714
55000 10000 150000 0.0349288
55000 5000 150003 2.86287
60000 5000 150006 5.8668
55000 10000 150000 0.0349288
60000 10000 150002 2.26241
60000 0 150008 7.97413
65000 0 150010 9.79968
60000 5000 150006 5.8668
65000 5000 150011 10.8931
65000 0 150010 9.79968
70000 0 150013 13.3515
65000 5000 150011 10.8931
70000 5000 150013 13.4344
60000 5000 150006 5.8668
65000 5000 150011 10.8931
60000 10000 150002 2.26241
65000 10000 150005 4.93152
65000 5000 150011 10.8931
70000 5000 150013 13.4344
65000 10000 150005 4.93152
70000 10000 150009 8.6366
70000 0 150013 13.3515
75000 0 150016 15.5753
70000 5000 150013 13.4344
75000 5000 150016 16.0032
75000 0 150016 15.5753
80000 0 150021 20.7907
75000 5000 150016 16.0032
80000 5000 150020 19.8757
70000 5000 150013 13.4344
75000 5000 150016 16.0032
70000 10000 150009 8.6366
75000 10000 150015 15.4669
75000 5000 150016 16.0032
80000 5000 150020 19.8757
75000 10000 150015 15.4669
80000 10000 150018 18.1541
0 10000 149999 -0.900268
5000 10000 150000 -0.463264
0 15000 149999 -1.08521
5000 15000 149999 -0.573869
5000 10000 150000 -0.463264
10000 10000 150000 -0.414254
5000 15000 149999 -0.573869
10000 15000 149999 -0.528037
0 15000 149999 -1.08521
5000 15000 149999 -0.573869
0 20000 149999 -0.734787
5000 20000 149999 -0.644416
5000 15000 149999 -0.573869
10000 15000 149999 -0.528037
5000 20000 149999 -0.644416
10000 20000 149999 -0.877703
10000 10000 150000 -0.414254
15000 10000 149999 -0.710926
10000 15000 149999 -0.528037
15000 15000 149999 -0.863868
15000 10000 149999 -0.710926
20000 10000 150000 -0.336868
15000 15000 149999 -0.863868
20000 15000 149999 -0.652658
10000 15000 149999 -0.528037
15000 15000 149999 -0.863868
10000 20000 149999 -0.877703
15000 20000 149999 -0.878738
15000 15000 149999 -0.863868
20000 15000 149999 -0.652658
15000 20000 149999 -0.878738
20000 20000 150000 -0.19366
20000 10000 150000 -0.336868
25000 10000 149999 -0.814195
20000 15000 149999 -0.652658
25000 15000 149999 -1.26096
25000 10000 149999 -0.814195
30000 10000 150000 -0.35248
25000 15000 149999 -1.26096
30000 15000 149999 -1.19385
20000 15000 149999 -0.652658
25000 15000 149999 -1.26096
20000 20000 150000 -0.19366
25000 20000 149999 -1.26235
25000 15000 149999 -1.26096
30000 15000 149999 -1.19385
25000 20000 149999 -1.26235
30000 20000 149999 -1.24765
30000 10000 150000 -0.35248
35000 10000 149999 -0.976742
30000 15000 149999 -1.19385
35000 15000 150000 0.468545
35000 10000 149999 -0.976742
40000 10000 149999 -0.976741
35000 15000 150000 0.468545
40000 15000 149999 -0.856243
30000 15000 149999 -1.19385
35000 15000 150000 0.468545
30000 20000 149999 -1.24765
35000 20000 150000 -0.15933
35000 15000 150000 0.468545
40000 15000 149999 -0.856243
35000 20000 150000 -0.15933
40000 20000 150001 0.756843
40000 10000 149999 -0.976741
45000 10000 149999 -0.976731
40000 15000 149999 -0.856243
45000 15000 150000 0.0387298
45000 10000 149999 -0.976731
50000 10000 149999 -0.976714
45000 15000 150000 0.0387298
50000 15000 150002 1.86185
40000 15000 149999 -0.856243
45000 15000 150000 0.0387298
40000 20000 150001 0.756843
45000 20000 150000 -0.313426
45000 15000 150000 0.0387298
50000 15000 150002 1.86185
45000 20000 150000 -0.313426
50000 20000 150000 0.0180274
50000 10000 149999 -0.976714
55000 10000 150000 0.0349288
50000 15000 150002 1.86185
55000 15000 150003 3.19569
55000 10000 150000 0.0349288
60000 10000 150002 2.26241
55000 15000 150003 3.19569
60000 15000 150006 6.15155
50000 15000 150002 1.86185
55000 15000 150003 3.19569
50000 20000 150000 0.0180274
55000 20000 150001 0.679386
55000 15000 150003 3.19569
60000 15000 150006 6.15155
55000 20000 150001 0.679386
60000 20000 150003 2.71632
60000 10000 150002 2.26241
65000 10000 150005 4.93152
60000 15000 150006 6.15155
65000 15000 150008 8.43339
65000 10000 150005 4.93152
70000 10000 150009 8.6366
65000 15000 150008 8.43339
70000 15000 150009 8.61208
60000 15000 150006 6.15155
65000 15000 150008 8.43339
60000 20000 150003 2.71632
65000 20000 150009 8.63867
65000 15000 150008 8.43339
70000 15000 150009 8.61208
65000 20000 150009 8.63867
70000 20000 150012 12.3806
70000 10000 150009 8.6366
75000 10000 150015 15.4669
70000 15000 150009 8.61208
75000 15000 150016 15.5488
75000 10000 150015 15.4669
80000 10000 150018 18.1541
75000 15000 150016 15.5488
80000 15000 150018 17.7278
70000 15000 150009 8.61208
75000 15000 150016 15.5488
70000 20000 150012 12.3806
75000 20000 150016 15.8829
75000 15000 150016 15.5488
80000 15000 150018 17.7278
75000 20000 150016 15.8829
80000 20000 150020 19.8246
0 20000 149999 -0.734787
5000 20000 149999 -0.644416
0 25000 149999 -1.1808
5000 25000 149999 -0.778912
5000 20000 149999 -0.644416
10000 20000 149999 -0.877703
5000 25000 149999 -0.778912
10000 25000 150000 -0.40376
0 25000 149999 -1.1808
5000 25000 149999 -0.778912
0 30000 149999 -0.892476
5000 30000 149999 -0.818082
5000 25000 149999 -0.778912
10000 25000 150000 -0.40376
5000 30000 149999 -0.818082
10000 30000 149999 -0.802848
10000 20000 149999 -0.877703
15000 20000 149999 -0.878738
10000 25000 150000 -0.40376
15000 25000 150000 -0.330458
15000 20000 149999 -0.878738
20000 20000 150000 -0.19366
15000 25000 150000 -0.330458
20000 25000 149999 -1.18535
10000 25000 150000 -0.40376
15000 25000 150000 -0.330458
10000 30000 149999 -0.802848
15000 30000 149999 -1.12149
15000 25000 150000 -0.330458
20000 25000 149999 -1.18535
15000 30000 149999 -1.12149
20000 30000 150000 -0.465876
20000 20000 150000 -0.19366
25000 20000 149999 -1.26235
20000 25000 149999 -1.18535
25000 25000 149999 -1.26354
25000 20000 149999 -1.26235
30000 20000 149999 -1.24765
25000 25000 149999 -1.26354
30000 25000 149999 -0.946143
20000 25000 149999 -1.18535
25000 25000 149999 -1.26354
20000 30000 150000 -0.465876
25000 30000 149999 -0.576804
25000 25000 149999 -1.26354
30000 25000 149999 -0.946143
25000 30000 149999 -0.576804
30000 30000 149999 -1.30406
30000 20000 149999 -1.24765
35000 20000 150000 -0.15933
30000 25000 149999 -0.946143
35000 25000 150000 -0.319755
35000 20000 150000 -0.15933
40000 20000 150001 0.756843
35000 25000 150000 -0.319755
40000 25000 150001 0.971801
30000 25000 149999 -0.946143
35000 25000 150000 -0.319755
30000 30000 149999 -1.30406
35000 30000 149999 -0.931881
35000 25000 150000 -0.319755
40000 25000 150001 0.971801
35000 30000 149999 -0.931881
40000 30000 150001 0.848342
40000 20000 150001 0.756843
45000 20000 150000 -0.313426
40000 25000 150001 0.971801
45000 25000 150002 1.64416
45000 20000 150000 -0.313426
50000 20000 150000 0.0180274
45000 25000 150002 1.64416
50000 25000 150002 2.49612
40000 25000 150001 0.971801
45000 25000 150002 1.64416
40000 30000 150001 0.848342
45000 30000 150001 0.894011
45000 25000 150002 1.64416
50000 25000 150002 2.49612
45000 30000 150001 0.894011
50000 30000 150002 2.32519
50000 20000 150000 0.0180274
55000 20000 150001 0.679386
50000 25000 150002 2.49612
55000 25000 150003 3.48129
55000 20000 150001 0.679386
60000 20000 150003 2.71632
55000 25000 150003 3.48129
60000 25000 150005 5.43413
50000 25000 150002 2.49612
55000 25000 150003 3.48129
50000 30000 150002 2.32519
55000 30000 150003 3.27664
55000 25000 150003 3.48129
60000 25000 150005 5.43413
55000 30000 150003 3.27664
60000 30000 150005 4.81492
60000 20000 150003 2.71632
65000 20000 150009 8.63867
60000 25000 150005 5.43413
65000 25000 150008 7.92266
65000 20000 150009 8.63867
70000 20000 150012 12.3806
65000 25000 150008 7.92266
70000 25000 150009 8.87035
60000 25000 150005 5.43413
65000 25000 150008 7.92266
60000 30000 150005 4.81492
65000 30000 150006 6.13206
65000 25000 150008 7.92266
70000 25000 150009 8.87035
65000 30000 150006 6.13206
70000 30000 150010 9.56215
70000 20000 150012 12.3806
75000 20000 150016 15.8829
70000 25000 150009 8.87035
75000 25000 150014 13.986
75000 20000 150016 15.8829
80000 20000 150020 19.8246
75000 25000 150014 13.986
80000 25000 150019 18.9972
70000 25000 150009 8.87035
75000 25000 150014 13.986
70000 30000 150010 9.56215
75000 30000 150013 13.2953
75000 25000 150014 13.986
80000 25000 150019 18.9972
75000 30000 150013 13.2953
80000 30000 150016 16.4404
0 30000 149999 -0.892476
5000 30000 149999 -0.818082
0 35000 149999 -0.685539
5000 35000 149999 -0.793626
5000 30000 149999 -0.818082
10000 30000 149999 -0.802848
5000 35000 149999 -0.793626
10000 35000 149999 -1.16388
0 35000 149999 -0.685539
5000 35000 149999 -0.793626
0 40000 149999 -0.753193
5000 40000 149999 -1.36914
5000 35000 149999 -0.793626
10000 35000 149999 -1.16388
5000 40000 149999 -1.36914
10000 40000 149999 -0.918145
10000 30000 149999 -0.802848
15000 30000 149999 -1.12149
10000 35000 149999 -1.16388
15000 35000 149999 -1.17053
15000 30000 149999 -1.12149
20000 30000 150000 -0.465876
15000 35000 149999 -1.17053
20000 35000 149999 -1.13902
10000 35000 149999 -1.16388
15000 35000 149999 -1.17053
10000 40000 149999 -0.918145
15000 40000 149999 -1.1579
15000 35000 149999 -1.17053
20000 35000 149999 -1.13902
15000 40000 149999 -1.1579
20000 40000 149999 -0.596122
20000 30000 150000 -0.465876
25000 30000 149999 -0.576804
20000 35000 149999 -1.13902
25000 35000 149999 -0.792672
25000 30000 149999 -0.576804
30000 30000 149999 -1.30406
25000 35000 149999 -0.792672
30000 35000 149999 -1.25832
20000 35000 149999 -1.13902
25000 35000 149999 -0.792672
20000 40000 149999 -0.596122
25000 40000 149999 -1.2946
25000 35000 149999 -0.792672
30000 35000 149999 -1.25832
25000 40000 149999 -1.2946
30000 40000 149999 -1.18834
30000 30000 149999 -1.30406
35000 30000 149999 -0.931881
30000 35000 149999 -1.25832
35000 35000 149999 -1.30551
35000 30000 149999 -0.931881
40000 30000 150001 0.848342
35000 35000 149999 -1.30551
40000 35000 150000 -0.0825949
30000 35000 149999 -1.25832
35000 35000 149999 -1.30551
30000 40000 149999 -1.18834
35000 40000 149999 -1.31625
35000 35000 149999 -1.30551
40000 35000 150000 -0.0825949
35000 40000 149999 -1.31625
40000 40000 150000 -0.10502
40000 30000 150001 0.848342
45000 30000 150001 0.894011
40000 35000 150000 -0.0825949
45000 35000 150001 0.854935
45000 30000 150001 0.894011
50000 30000 150002 2.32519
45000 35000 150001 0.854935
50000 35000 150001 0.897636
40000 35000 150000 -0.0825949
45000 35000 150001 0.854935
40000 40000 150000 -0.10502
45000 40000 150000 0.170361
45000 35000 150001 0.854935
50000 35000 150001 0.897636
45000 40000 150000 0.170361
50000 40000 150001 0.759693
50000 30000 150002 2.32519
55000 30000 150003 3.27664
50000 35000 150001 0.897636
55000 35000 150002 2.48638
55000 30000 150003 3.27664
60000 30000 150005 4.81492
55000 35000 150002 2.48638
60000 35000 150004 4.33623
50000 35000 150001 0.897636
55000 35000 150002 2.48638
50000 40000 150001 0.759693
55000 40000 150002 1.66821
55000 35000 150002 2.48638
60000 35000 150004 4.33623
55000 40000 150002 1.66821
60000 40000 150004 3.66297
60000 30000 150005 4.81492
65000 30000 150006 6.13206
60000 35000 150004 4.33623
65000 35000 150008 7.64106
65000 30000 150006 6.13206
70000 30000 150010 9.56215
65000 35000 150008 7.64106
70000 35000 150008 8.16445
60000 35000 150004 4.33623
65000 35000 150008 7.64106
60000 40000 150004 3.66297
65000 40000 150006 6.10625
65000 35000 150008 7.64106
70000 35000 150008 8.16445
65000 40000 150006 6.10625
70000 40000 150008 8.04459
70000 30000 150010 9.56215
75000 30000 150013 13.2953
70000 35000 150008 8.16445
75000 35000 150012 12.3379
75000 30000 150013 13.2953
80000 30000 150016 16.4404
75000 35000 150012 12.3379
80000 35000 150018 17.5059
70000 35000 150008 8.16445
75000 35000 150012 12.3379
70000 40000 150008 8.04459
75000 40000 150013 13.2424
75000 35000 150012 12.3379
80000 35000 150018 17.5059
75000 40000 150013 13.2424
80000 40000 150013 13.0827
0 40000 149999 -0.753193
5000 40000 149999 -1.36914
0 45000 149998 -1.6034
5000 45000 149999 -0.899822
5000 40000 149999 -1.36914
10000 40000 149999 -0.918145
5000 45000 149999 -0.899822
10000 45000 149999 -0.88266
0 45000 149998 -1.6034
5000 45000 149999 -0.899822
0 50000 149998 -1.62199
5000 50000 149999 -1.30423
5000 45000 149999 -0.899822
10000 45000 149999 -0.88266
5000 50000 149999 -1.30423
10000 50000 149998 -1.58206
10000 40000 149999 -0.918145
15000 40000 149999 -1.1579
10000 45000 149999 -0.88266
15000 45000 149999 -1.14167
15000 40000 149999 -1.1579
20000 40000 149999 -0.596122
15000 45000 149999 -1.14167
20000 45000 149999 -1.28784
10000 45000 149999 -0.88266
15000 45000 149999 -1.14167
10000 50000 149998 -1.58206
15000 50000 149999 -0.926155
15000 45000 149999 -1.14167
20000 45000 149999 -1.28784
15000 50000 149999 -0.926155
20000 50000 149999 -1.3409
20000 40000 149999 -0.596122
25000 40000 149999 -1.2946
20000 45000 149999 -1.28784
25000 45000 149999 -0.753257
25000 40000 149999 -1.2946
30000 40000 149999 -1.18834
25000 45000 149999 -0.753257
30000 45000 149999 -1.20359
20000 45000 149999 -1.28784
25000 45000 149999 -0.753257
20000 50000 149999 -1.3409
25000 50000 149999 -1.03071
25000 45000 149999 -0.753257
30000 45000 149999 -1.20359
25000 50000 149999 -1.03071
30000 50000 149999 -0.827819
30000 40000 149999 -1.18834
35000 40000 149999 -1.31625
30000 45000 149999 -1.20359
35000 45000 149999 -1.31687
35000 40000 149999 -1.31625
40000 40000 150000 -0.10502
35000 45000 149999 -1.31687
40000 45000 149999 -1.32753
30000 45000 149999 -1.20359
35000 45000 149999 -1.31687
30000 50000 149999 -0.827819
35000 50000 149999 -0.524785
35000 45000 149999 -1.31687
40000 45000 149999 -1.32753
35000 50000 149999 -0.524785
40000 50000 150000 -0.462296
40000 40000 150000 -0.10502
45000 40000 150000 0.170361
40000 45000 149999 -1.32753
45000 45000 150000 0.173015
45000 40000 150000 0.170361
50000 40000 150001 0.759693
45000 45000 150000 0.173015
50000 45000 150000 0.32486
40000 45000 149999 -1.32753
45000 45000 150000 0.173015
40000 50000 150000 -0.462296
45000 50000 150001 1.33824
45000 45000 150000 0.173015
50000 45000 150000 0.32486
45000 50000 150001 1.33824
50000 50000 150001 1.11151
50000 40000 150001 0.759693
55000 40000 150002 1.66821
50000 45000 150000 0.32486
55000 45000 150003 2.86477
55000 40000 150002 1.66821
60000 40000 150004 3.66297
55000 45000 150003 2.86477
60000 45000 150002 2.42689
50000 45000 150000 0.32486
55000 45000 150003 2.86477
50000 50000 150001 1.11151
55000 50000 150002 2.2381
55000 45000 150003 2.86477
60000 45000 150002 2.42689
55000 50000 150002 2.2381
60000 50000 150004 4.13833
60000 40000 150004 3.66297
65000 40000 150006 6.10625
60000 45000 150002 2.42689
65000 45000 150006 6.17969
65000 40000 150006 6.10625
70000 40000 150008 8.04459
65000 45000 150006 6.17969
70000 45000 150010 9.59193
60000 45000 150002 2.42689
65000 45000 150006 6.17969
60000 50000 150004 4.13833
65000 50000 150006 6.45788
65000 45000 150006 6.17969
70000 45000 150010 9.59193
65000 50000 150006 6.45788
70000 50000 150008 8.49461
70000 40000 150008 8.04459
75000 40000 150013 13.2424
70000 45000 150010 9.59193
75000 45000 150011 11.3418
75000 40000 150013 13.2424
80000 40000 150013 13.0827
75000 45000 150011 11.3418
80000 45000 150015 14.786
70000 45000 150010 9.59193
75000 45000 150011 11.3418
70000 50000 150008 8.49461
75000 50000 150010 10.2506
75000 45000 150011 11.3418
80000 45000 150015 14.786
75000 50000 150010 10.2506
80000 50000 150014 14.4696
0 50000 149998 -1.62199
5000 50000 149999 -1.30423
0 55000 149999 -1.39907
5000 55000 149999 -1.33773
5000 50000 149999 -1.30423
10000 50000 149998 -1.58206
5000 55000 149999 -1.33773
10000 55000 149998 -1.58206
0 55000 149999 -1.39907
5000 55000 149999 -1.33773
0 60000 149999 -1.20915
5000 60000 150000 -0.0913936
5000 55000 149999 -1.33773
10000 55000 149998 -1.58206
5000 60000 150000 -0.0913936
10000 60000 150000 -0.141801
10000 50000 149998 -1.58206
15000 50000 149999 -0.926155
10000 55000 149998 -1.58206
15000 55000 149998 -1.58206
15000 50000 149999 -0.926155
20000 50000 149999 -1.3409
15000 55000 149998 -1.58206
20000 55000 149998 -1.58206
10000 55000 149998 -1.58206
15000 55000 149998 -1.58206
10000 60000 150000 -0.141801
15000 60000 149999 -1.29519
15000 55000 149998 -1.58206
20000 55000 149998 -1.58206
15000 60000 149999 -1.29519
20000 60000 149999 -1.02922
20000 50000 149999 -1.3409
25000 50000 149999 -1.03071
20000 55000 149998 -1.58206
25000 55000 149998 -1.58206
25000 50000 149999 -1.03071
30000 50000 149999 -0.827819
25000 55000 149998 -1.58206
30000 55000 149999 -1.16473
20000 55000 149998 -1.58206
25000 55000 149998 -1.58206
20000 60000 149999 -1.02922
25000 60000 149999 -1.49723
25000 55000 149998 -1.58206
30000 55000 149999 -1.16473
25000 60000 149999 -1.49723
30000 60000 149998 -1.86652
30000 50000 149999 -0.827819
35000 50000 149999 -0.524785
30000 55000 149999 -1.16473
35000 55000 150000 -0.361603
35000 50000 149999 -0.524785
40000 50000 150000 -0.462296
35000 55000 150000 -0.361603
40000 55000 150000 0.259425
30000 55000 149999 -1.16473
35000 55000 150000 -0.361603
30000 60000 149998 -1.86652
35000 60000 149998 -1.86652
35000 55000 150000 -0.361603
40000 55000 150000 0.259425
35000 60000 149998 -1.86652
40000 60000 149998 -1.62862
40000 50000 150000 -0.462296
45000 50000 150001 1.33824
40000 55000 150000 0.259425
45000 55000 150001 0.609774
45000 50000 150001 1.33824
50000 50000 150001 1.11151
45000 55000 150001 0.609774
50000 55000 150001 0.726897
40000 55000 150000 0.259425
45000 55000 150001 0.609774
40000 60000 149998 -1.62862
45000 60000 150000 -0.413197
45000 55000 150001 0.609774
50000 55000 150001 0.726897
45000 60000 150000 -0.413197
50000 60000 149999 -0.826768
50000 50000 150001 1.11151
55000 50000 150002 2.2381
50000 55000 150001 0.726897
55000 55000 150002 1.66055
55000 50000 150002 2.2381
60000 50000 150004 4.13833
55000 55000 150002 1.66055
60000 55000 150004 3.83752
50000 55000 150001 0.726897
55000 55000 150002 1.66055
50000 60000 149999 -0.826768
55000 60000 150001 1.00331
55000 55000 150002 1.66055
60000 55000 150004 3.83752
55000 60000 150001 1.00331
60000 60000 150002 1.58309
60000 50000 150004 4.13833
65000 50000 150006 6.45788
60000 55000 150004 3.83752
65000 55000 150005 5.46206
65000 50000 150006 6.45788
70000 50000 150008 8.49461
65000 55000 150005 5.46206
70000 55000 150005 4.50358
60000 55000 150004 3.83752
65000 55000 150005 5.46206
60000 60000 150002 1.58309
65000 60000 150002 1.8525
65000 55000 150005 5.46206
70000 55000 150005 4.50358
65000 60000 150002 1.8525
70000 60000 150006 5.55578
70000 50000 150008 8.49461
75000 50000 150010 10.2506
70000 55000 150005 4.50358
75000 55000 150010 10.0755
75000 50000 150010 10.2506
80000 50000 150014 14.4696
75000 55000 150010 10.0755
80000 55000 150011 10.6658
70000 55000 150005 4.50358
75000 55000 150010 10.0755
70000 60000 150006 5.55578
75000 60000 150009 8.93918
75000 55000 150010 10.0755
80000 55000 150011 10.6658
75000 60000 150009 8.93918
80000 60000 150013 12.813
0 60000 149999 -1.20915
5000 60000 150000 -0.0913936
0 65000 149999 -0.894645
5000 65000 149999 -0.660723
5000 60000 150000 -0.0913936
10000 60000 150000 -0.141801
5000 65000 149999 -0.660723
10000 65000 149999 -1.26918
0 65000 149999 -0.894645
5000 65000 149999 -0.660723
0 70000 149999 -0.918979
5000 70000 149999 -0.764831
5000 65000 149999 -0.660723
10000 65000 149999 -1.26918
5000 70000 149999 -0.764831
10000 70000 149999 -1.18163
10000 60000 150000 -0.141801
15000 60000 149999 -1.29519
10000 65000 149999 -1.26918
15000 65000 149999 -1.44038
15000 60000 149999 -1.29519
20000 60000 149999 -1.02922
15000 65000 149999 -1.44038
20000 65000 149998 -1.65663
10000 65000 149999 -1.26918
15000 65000 149999 -1.44038
10000 70000 149999 -1.18163
15000 70000 149998 -1.71163
15000 65000 149999 -1.44038
20000 65000 149998 -1.65663
15000 70000 149998 -1.71163
20000 70000 149999 -1.12852
20000 60000 149999 -1.02922
25000 60000 149999 -1.49723
20000 65000 149998 -1.65663
25000 65000 149998 -1.83109
25000 60000 149999 -1.49723
30000 60000 149998 -1.86652
25000 65000 149998 -1.83109
30000 65000 149998 -1.86883
20000 65000 149998 -1.65663
25000 65000 149998 -1.83109
20000 70000 149999 -1.12852
25000 70000 149998 -1.83248
25000 65000 149998 -1.83109
30000 65000 149998 -1.86883
25000 70000 149998 -1.83248
30000 70000 149998 -1.8976
30000 60000 149998 -1.86652
35000 60000 149998 -1.86652
30000 65000 149998 -1.86883
35000 65000 149998 -1.86652
35000 60000 149998 -1.86652
40000 60000 149998 -1.62862
35000 65000 149998 -1.86652
40000 65000 149999 -1.43663
30000 65000 149998 -1.86883
35000 65000 149998 -1.86652
30000 70000 149998 -1.8976
35000 70000 149998 -1.80606
35000 65000 149998 -1.86652
40000 65000 149999 -1.43663
35000 70000 149998 -1.80606
40000 70000 149999 -1.0084
40000 60000 149998 -1.62862
45000 60000 150000 -0.413197
40000 65000 149999 -1.43663
45000 65000 149998 -1.86652
45000 60000 150000 -0.413197
50000 60000 149999 -0.826768
45000 65000 149998 -1.86652
50000 65000 150000 -0.248505
40000 65000 149999 -1.43663
45000 65000 149998 -1.86652
40000 70000 149999 -1.0084
45000 70000 149999 -1.00534
45000 65000 149998 -1.86652
50000 65000 150000 -0.248505
45000 70000 149999 -1.00534
50000 70000 150000 -0.141672
50000 60000 149999 -0.826768
55000 60000 150001 1.00331
50000 65000 150000 -0.248505
55000 65000 150001 1.35203
55000 60000 150001 1.00331
60000 60000 150002 1.58309
55000 65000 150001 1.35203
60000 65000 150002 1.76425
50000 65000 150000 -0.248505
55000 65000 150001 1.35203
50000 70000 150000 -0.141672
55000 70000 150000 0.215903
55000 65000 150001 1.35203
60000 65000 150002 1.76425
55000 70000 150000 0.215903
60000 70000 150003 3.23788
60000 60000 150002 1.58309
65000 60000 150002 1.8525
60000 65000 150002 1.76425
65000 65000 150003 3.26796
65000 60000 150002 1.8525
70000 60000 150006 5.55578
65000 65000 150003 3.26796
70000 65000 150004 3.55139
60000 65000 150002 1.76425
65000 65000 150003 3.26796
60000 70000 150003 3.23788
65000 70000 150004 4.35155
65000 65000 150003 3.26796
70000 65000 150004 3.55139
65000 70000 150004 4.35155
70000 70000 150006 5.57108
70000 60000 150006 5.55578
75000 60000 150009 8.93918
70000 65000 150004 3.55139
75000 65000 150008 7.84804
75000 60000 150009 8.93918
80000 60000 150013 12.813
75000 65000 150008 7.84804
80000 65000 150011 11.2436
70000 65000 150004 3.55139
75000 65000 150008 7.84804
70000 70000 150006 5.57108
75000 70000 150008 8.47015
75000 65000 150008 7.84804
80000 65000 150011 11.2436
75000 70000 150008 8.47015
80000 70000 150011 11.2717
0 70000 149999 -0.918979
5000 70000 149999 -0.764831
0 75000 149999 -1.44775
5000 75000 149999 -1.46724
5000 70000 149999 -0.764831
10000 70000 149999 -1.18163
5000 75000 149999 -1.46724
10000 75000 149998 -1.62394
0 75000 149999 -1.44775
5000 75000 149999 -1.46724
0 80000 149999 -0.902602
5000 80000 149999 -1.24911
5000 75000 149999 -1.46724
10000 75000 149998 -1.62394
5000 80000 149999 -1.24911
10000 80000 149998 -1.98493
10000 70000 149999 -1.18163
15000 70000 149998 -1.71163
10000 75000 149998 -1.62394
15000 75000 149998 -1.89328
15000 70000 149998 -1.71163
20000 70000 149999 -1.12852
15000 75000 149998 -1.89328
20000 75000 149998 -1.95455
10000 75000 149998 -1.62394
15000 75000 149998 -1.89328
10000 80000 149998 -1.98493
15000 80000 149998 -1.88171
15000 75000 149998 -1.89328
20000 75000 149998 -1.95455
15000 80000 149998 -1.88171
20000 80000 149998 -1.74009
20000 70000 149999 -1.12852
25000 70000 149998 -1.83248
20000 75000 149998 -1.95455
25000 75000 149998 -1.95455
25000 70000 149998 -1.83248
30000 70000 149998 -1.8976
25000 75000 149998 -1.95455
30000 75000 149998 -1.6959
20000 75000 149998 -1.95455
25000 75000 149998 -1.95455
20000 80000 149998 -1.74009
25000 80000 149998 -1.95455
25000 75000 149998 -1.95455
30000 75000 149998 -1.6959
25000 80000 149998 -1.95455
30000 80000 149998 -1.53334
30000 70000 149998 -1.8976
35000 70000 149998 -1.80606
30000 75000 149998 -1.6959
35000 75000 149999 -1.38978
35000 70000 149998 -1.80606
40000 70000 149999 -1.0084
35000 75000 149999 -1.38978
40000 75000 149998 -1.8101
30000 75000 149998 -1.6959
35000 75000 149999 -1.38978
30000 80000 149998 -1.53334
35000 80000 149998 -1.95455
35000 75000 149999 -1.38978
40000 75000 149998 -1.8101
35000 80000 149998 -1.95455
40000 80000 149999 -1.07816
40000 70000 149999 -1.0084
45000 70000 149999 -1.00534
40000 75000 149998 -1.8101
45000 75000 149998 -1.6452
45000 70000 149999 -1.00534
50000 70000 150000 -0.141672
45000 75000 149998 -1.6452
50000 75000 149999 -1.44832
40000 75000 149998 -1.8101
45000 75000 149998 -1.6452
40000 80000 149999 -1.07816
45000 80000 149999 -1.30931
45000 75000 149998 -1.6452
50000 75000 149999 -1.44832
45000 80000 149999 -1.30931
50000 80000 149998 -1.59595
50000 70000 150000 -0.141672
55000 70000 150000 0.215903
50000 75000 149999 -1.44832
55000 75000 150000 0.111606
55000 70000 150000 0.215903
60000 70000 150003 3.23788
55000 75000 150000 0.111606
60000 75000 150001 1.46531
50000 75000 149999 -1.44832
55000 75000 150000 0.111606
50000 80000 149998 -1.59595
55000 80000 150000 0.1922
55000 75000 150000 0.111606
60000 75000 150001 1.46531
55000 80000 150000 0.1922
60000 80000 150000 0.150454
60000 70000 150003 3.23788
65000 70000 150004 4.35155
60000 75000 150001 1.46531
65000 75000 150003 2.68011
65000 70000 150004 4.35155
70000 70000 150006 5.57108
65000 75000 150003 2.68011
70000 75000 150005 5.21317
60000 75000 150001 1.46531
65000 75000 150003 2.68011
60000 80000 150000 0.150454
65000 80000 150000 -0.279499
65000 75000 150003 2.68011
70000 75000 150005 5.21317
65000 80000 150000 -0.279499
70000 80000 150002 2.16925
70000 70000 150006 5.57108
75000 70000 150008 8.47015
70000 75000 150005 5.21317
75000 75000 150006 6.0977
75000 70000 150008 8.47015
80000 70000 150011 11.2717
75000 75000 150006 6.0977
80000 75000 150008 7.9979
70000 75000 150005 5.21317
75000 75000 150006 6.0977
70000 80000 150002 2.16925
75000 80000 150005 4.52536
75000 75000 150006 6.0977
80000 75000 150008 7.9979
75000 80000 150005 4.52536
80000 80000 150011 11.0225
80000 0 150021 20.7907
85000 0 150023 22.6217
80000 5000 150020 19.8757
85000 5000 150023 22.6501
85000 0 150023 22.6217
90000 0 150023 23.1794
85000 5000 150023 22.6501
90000 5000 150024 24.0644
80000 5000 150020 19.8757
85000 5000 150023 22.6501
80000 10000 150018 18.1541
85000 10000 150021 21.3609
85000 5000 150023 22.6501
90000 5000 150024 24.0644
85000 10000 150021 21.3609
90000 10000 150023 23.1675
90000 0 150023 23.1794
95000 0 150022 22.4091
90000 5000 150024 24.0644
95000 5000 150023 23.238
95000 0 150022 22.4091
100000 0 150020 19.9648
95000 5000 150023 23.238
100000 5000 150021 20.7247
90000 5000 150024 24.0644
95000 5000 150023 23.238
90000 10000 150023 23.1675
95000 10000 150023 23.4938
95000 5000 150023 23.238
100000 5000 150021 20.7247
95000 10000 150023 23.4938
100000 10000 150021 21.2697
100000 0 150020 19.9648
105000 0 150015 14.7399
100000 5000 150021 20.7247
105000 5000 150013 13.2792
105000 0 150015 14.7399
110000 0 150004 4.4825
105000 5000 150013 13.2792
110000 5000 150001 0.878009
100000 5000 150021 20.7247
105000 5000 150013 13.2792
100000 10000 150021 21.2697
105000 10000 150018 18.0794
105000 5000 150013 13.2792
110000 5000 150001 0.878009
105000 10000 150018 18.0794
110000 10000 150010 10.1923
110000 0 150004 4.4825
115000 0 149989 -11.3368
110000 5000 150001 0.878009
115000 5000 149984 -15.6713
115000 0 149989 -11.3368
120000 0 149977 -22.9403
115000 5000 149984 -15.6713
120000 5000 149973 -27.3991
110000 5000 150001 0.878009
115000 5000 149984 -15.6713
110000 10000 150010 10.1923
115000 10000 149991 -8.52543
115000 5000 149984 -15.6713
120000 5000 149973 -27.3991
115000 10000 149991 -8.52543
120000 10000 149970 -30.0357
120000 0 149977 -22.9403
125000 0 149969 -30.8984
120000 5000 149973 -27.3991
125000 5000 149968 -32.2829
125000 0 149969 -30.8984
130000 0 149969 -31.122
125000 5000 149968 -32.2829
130000 5000 149967 -32.574
120000 5000 149973 -27.3991
125000 5000 149968 -32.2829
120000 10000 149970 -30.0357
125000 10000 149962 -37.9667
125000 5000 149968 -32.2829
130000 5000 149967 -32.574
125000 10000 149962 -37.9667
130000 10000 149963 -36.993
130000 0 149969 -31.122
135000 0 149971 -28.554
130000 5000 149967 -32.574
135000 5000 149969 -31.1793
135000 0 149971 -28.554
140000 0 149975 -24.8754
135000 5000 149969 -31.1793
140000 5000 149982 -17.9018
130000 5000 149967 -32.574
135000 5000 149969 -31.1793
130000 10000 149963 -36.993
135000 10000 149969 -31.1761
135000 5000 149969 -31.1793
140000 5000 149982 -17.9018
135000 10000 149969 -31.1761
140000 10000 149981 -18.6393
140000 0 149975 -24.8754
145000 0 149991 -8.73652
140000 5000 149982 -17.9018
145000 5000 149985 -14.7723
145000 0 149991 -8.73652
150000 0 149994 -5.88726
145000 5000 149985 -14.7723
150000 5000 149995 -4.92761
140000 5000 149982 -17.9018
145000 5000 149985 -14.7723
140000 10000 149981 -18.6393
145000 10000 149993 -7.25071
145000 5000 149985 -14.7723
150000 5000 149995 -4.92761
145000 10000 149993 -7.25071
150000 10000 150000 -0.375387
150000 0 149994 -5.88726
155000 0 150000 0.030007
150000 5000 149995 -4.92761
155000 5000 150002 2.28599
155000 0 150000 0.030007
160000 0 150007 6.7427
155000 5000 150002 2.28599
160000 5000 150008 7.88291
150000 5000 149995 -4.92761
155000 5000 150002 2.28599
150000 10000 150000 -0.375387
155000 10000 150003 2.83502
155000 5000 150002 2.28599
160000 5000 150008 7.88291
155000 10000 150003 2.83502
160000 10000 150010 9.68435
80000 10000 150018 18.1541
85000 10000 150021 21.3609
80000 15000 150018 17.7278
85000 15000 150022 21.8847
85000 10000 150021 21.3609
90000 10000 150023 23.1675
85000 15000 150022 21.8847
90000 15000 150022 21.5089
80000 15000 150018 17.7278
85000 15000 150022 21.8847
80000 20000 150020 19.8246
85000 20000 150024 24.1175
85000 15000 150022 21.8847
90000 15000 150022 21.5089
85000 20000 150024 24.1175
90000 20000 150024 24.3185
90000 10000 150023 23.1675
95000 10000 150023 23.4938
90000 15000 150022 21.5089
95000 15000 150024 23.8169
95000 10000 150023 23.4938
100000 10000 150021 21.2697
95000 15000 150024 23.8169
100000 15000 150024 23.7476
90000 15000 150022 21.5089
95000 15000 150024 23.8169
90000 20000 150024 24.3185
95000 20000 150024 24.3485
95000 15000 150024 23.8169
100000 15000 150024 23.7476
95000 20000 150024 24.3485
100000 20000 150023 22.897
100000 10000 150021 21.2697
105000 10000 150018 18.0794
100000 15000 150024 23.7476
105000 15000 150024 24.3928
105000 10000 150018 18.0794
110000 10000 150010 10.1923
105000 15000 150024 24.3928
110000 15000 150019 18.5341
100000 15000 150024 23.7476
105000 15000 150024 24.3928
100000 20000 150023 22.897
105000 20000 150026 25.7527
105000 15000 150024 24.3928
110000 15000 150019 18.5341
105000 20000 150026 25.7527
110000 20000 150026 26.0907
110000 10000 150010 10.1923
115000 10000 149991 -8.52543
110000 15000 150019 18.5341
115000 15000 149998 -1.7946
115000 10000 149991 -8.52543
120000 10000 149970 -30.0357
115000 15000 149998 -1.7946
120000 15000 149968 -32.1334
110000 15000 150019 18.5341
115000 15000 149998 -1.7946
110000 20000 150026 26.0907
115000 20000 150005 5.38912
115000 15000 149998 -1.7946
120000 15000 149968 -32.1334
115000 20000 150005 5.38912
120000 20000 149968 -32.0504
120000 10000 149970 -30.0357
125000 10000 149962 -37.9667
120000 15000 149968 -32.1334
125000 15000 149947 -52.7559
125000 10000 149962 -37.9667
130000 10000 149963 -36.993
125000 15000 149947 -52.7559
130000 15000 149951 -49.3446
120000 15000 149968 -32.1334
125000 15000 149947 -52.7559
120000 20000 149968 -32.0504
125000 20000 149934 -65.7896
125000 15000 149947 -52.7559
130000 15000 149951 -49.3446
125000 20000 149934 -65.7896
130000 20000 149930 -69.9131
130000 10000 149963 -36.993
135000 10000 149969 -31.1761
130000 15000 149951 -49.3446
135000 15000 149965 -34.669
135000 10000 149969 -31.1761
140000 10000 149981 -18.6393
135000 15000 149965 -34.669
140000 15000 149977 -22.654
130000 15000 149951 -49.3446
135000 15000 149965 -34.669
130000 20000 149930 -69.9131
135000 20000 149957 -43.2785
135000 15000 149965 -34.669
140000 15000 149977 -22.654
135000 20000 149957 -43.2785
140000 20000 149976 -24.1907
140000 10000 149981 -18.6393
145000 10000 149993 -7.25071
140000 15000 149977 -22.654
145000 15000 149993 -6.54125
145000 10000 149993 -7.25071
150000 10000 150000 -0.375387
145000 15000 149993 -6.54125
150000 15000 150000 0.395535
140000 15000 149977 -22.654
145000 15000 149993 -6.54125
140000 20000 149976 -24.1907
145000 20000 149992 -7.56543
145000 15000 149993 -6.54125
150000 15000 150000 0.395535
145000 20000 149992 -7.56543
150000 20000 149989 -11.2759
150000 10000 150000 -0.375387
155000 10000 150003 2.83502
150000 15000 150000 0.395535
155000 15000 150006 6.01435
155000 10000 150003 2.83502
160000 10000 150010 9.68435
155000 15000 150006 6.01435
160000 15000 150010 10.3254
150000 15000 150000 0.395535
155000 15000 150006 6.01435
150000 20000 149989 -11.2759
155000 20000 150002 1.82445
155000 15000 150006 6.01435
160000 15000 150010 10.3254
155000 20000 150002 1.82445
160000 20000 150009 8.91942
80000 20000 150020 19.8246
85000 20000 150024 24.1175
80000 25000 150019 18.9972
85000 25000 150024 23.5637
85000 20000 150024 24.1175
90000 20000 150024 24.3185
85000 25000 150024 23.5637
90000 25000 150024 24.0793
80000 25000 150019 18.9972
85000 25000 150024 23.5637
80000 30000 150016 16.4404
85000 30000 150021 20.6535
85000 25000 150024 23.5637
90000 25000 150024 24.0793
85000 30000 150021 20.6535
90000 30000 150025 24.5193
90000 20000 150024 24.3185
95000 20000 150024 24.3485
90000 25000 150024 24.0793
95000 25000 150026 25.6714
95000 20000 150024 24.3485
100000 20000 150023 22.897
95000 25000 150026 25.6714
100000 25000 150026 26.2643
90000 25000 150024 24.0793
95000 25000 150026 25.6714
90000 30000 150025 24.5193
95000 30000 150025 25.3429
95000 25000 150026 25.6714
100000 25000 150026 26.2643
95000 30000 150025 25.3429
100000 30000 150026 26.4434
100000 20000 150023 22.897
105000 20000 150026 25.7527
100000 25000 150026 26.2643
105000 25000 150028 27.654
105000 20000 150026 25.7527
110000 20000 150026 26.0907
105000 25000 150028 27.654
110000 25000 150030 29.5476
100000 25000 150026 26.2643
105000 25000 150028 27.654
100000 30000 150026 26.4434
105000 30000 150026 26.2384
105000 25000 150028 27.654
110000 25000 150030 29.5476
105000 30000 150026 26.2384
110000 30000 150028 27.5845
110000 20000 150026 26.0907
115000 20000 150005 5.38912
110000 25000 150030 29.5476
115000 25000 150019 18.8852
115000 20000 150005 5.38912
120000 20000 149968 -32.0504
115000 25000 150019 18.8852
120000 25000 149982 -17.8049
110000 25000 150030 29.5476
115000 25000 150019 18.8852
110000 30000 150028 27.5845
115000 30000 150025 24.9712
115000 25000 150019 18.8852
120000 25000 149982 -17.8049
115000 30000 150025 24.9712
120000 30000 149998 -2.17778
120000 20000 149968 -32.0504
125000 20000 149934 -65.7896
120000 25000 149982 -17.8049
125000 25000 149946 -53.7989
125000 20000 149934 -65.7896
130000 20000 149930 -69.9131
125000 25000 149946 -53.7989
130000 25000 149920 -79.6486
120000 25000 149982 -17.8049
125000 25000 149946 -53.7989
120000 30000 149998 -2.17778
125000 30000 149968 -32.434
125000 25000 149946 -53.7989
130000 25000 149920 -79.6486
125000 30000 149968 -32.434
130000 30000 149926 -74.1112
130000 20000 149930 -69.9131
135000 20000 149957 -43.2785
130000 25000 149920 -79.6486
135000 25000 149939 -60.8381
135000 20000 149957 -43.2785
140000 20000 149976 -24.1907
135000 25000 149939 -60.8381
140000 25000 149967 -33.3299
130000 25000 149920 -79.6486
135000 25000 149939 -60.8381
130000 30000 149926 -74.1112
135000 30000 149919 -81.4909
135000 25000 149939 -60.8381
140000 25000 149967 -33.3299
135000 30000 149919 -81.4909
140000 30000 149955 -44.8541
140000 20000 149976 -24.1907
145000 20000 149992 -7.56543
140000 25000 149967 -33.3299
145000 25000 149988 -12.4977
145000 20000 149992 -7.56543
150000 20000 149989 -11.2759
145000 25000 149988 -12.4977
150000 25000 150000 0.00346044
140000 25000 149967 -33.3299
145000 25000 149988 -12.4977
140000 30000 149955 -44.8541
145000 30000 149977 -23.0621
145000 25000 149988 -12.4977
150000 25000 150000 0.00346044
145000 30000 149977 -23.0621
150000 30000 149997 -3.12484
150000 20000 149989 -11.2759
155000 20000 150002 1.82445
150000 25000 150000 0.00346044
155000 25000 150005 5.0552
155000 20000 150002 1.82445
160000 20000 150009 8.91942
155000 25000 150005 5.0552
160000 25000 150006 6.0211
150000 25000 150000 0.00346044
155000 25000 150005 5.0552
150000 30000 149997 -3.12484
155000 30000 150006 5.94873
155000 25000 150005 5.0552
160000 25000 150006 6.0211
155000 30000 150006 5.94873
160000 30000 150010 10.1855
80000 30000 150016 16.4404
85000 30000 150021 20.6535
80000 35000 150018 17.5059
85000 35000 150020 20.1703
85000 30000 150021 20.6535
90000 30000 150025 24.5193
85000 35000 150020 20.1703
90000 35000 150021 20.8958
80000 35000 150018 17.5059
85000 35000 150020 20.1703
80000 40000 150013 13.0827
85000 40000 150020 19.8723
85000 35000 150020 20.1703
90000 35000 150021 20.8958
85000 40000 150020 19.8723
90000 40000 150024 24.1175
90000 30000 150025 24.5193
95000 30000 150025 25.3429
90000 35000 150021 20.8958
95000 35000 150025 25.3355
95000 30000 150025 25.3429
100000 30000 150026 26.4434
95000 35000 150025 25.3355
100000 35000 150027 26.6758
90000 35000 150021 20.8958
95000 35000 150025 25.3355
90000 40000 150024 24.1175
95000 40000 150026 26.3124
95000 35000 150025 25.3355
100000 35000 150027 26.6758
95000 40000 150026 26.3124
100000 40000 150028 27.8782
100000 30000 150026 26.4434
105000 30000 150026 26.2384
100000 35000 150027 26.6758
105000 35000 150027 26.7618
105000 30000 150026 26.2384
110000 30000 150028 27.5845
105000 35000 150027 26.7618
110000 35000 150028 27.5418
100000 35000 150027 26.6758
105000 35000 150027 26.7618
100000 40000 150028 27.8782
105000 40000 150027 26.9975
105000 35000 150027 26.7618
110000 35000 150028 27.5418
105000 40000 150027 26.9975
110000 40000 150026 25.8514
110000 30000 150028 27.5845
115000 30000 150025 24.9712
110000 35000 150028 27.5418
115000 35000 150028 27.5858
115000 30000 150025 24.9712
120000 30000 149998 -2.17778
115000 35000 150028 27.5858
120000 35000 150014 13.5332
110000 35000 150028 27.5418
115000 35000 150028 27.5858
110000 40000 150026 25.8514
115000 40000 150028 27.5086
115000 35000 150028 27.5858
120000 35000 150014 13.5332
115000 40000 150028 27.5086
120000 40000 150022 22.4417
120000 30000 149998 -2.17778
125000 30000 149968 -32.434
120000 35000 150014 13.5332
125000 35000 149981 -18.6034
125000 30000 149968 -32.434
130000 30000 149926 -74.1112
125000 35000 149981 -18.6034
130000 35000 149945 -55.2404
120000 35000 150014 13.5332
125000 35000 149981 -18.6034
120000 40000 150022 22.4417
125000 40000 149998 -1.86773
125000 35000 149981 -18.6034
130000 35000 149945 -55.2404
125000 40000 149998 -1.86773
130000 40000 149967 -33.1296
130000 30000 149926 -74.1112
135000 30000 149919 -81.4909
130000 35000 149945 -55.2404
135000 35000 149910 -89.6512
135000 30000 149919 -81.4909
140000 30000 149955 -44.8541
135000 35000 149910 -89.6512
140000 35000 149934 -66.3137
130000 35000 149945 -55.2404
135000 35000 149910 -89.6512
130000 40000 149967 -33.1296
135000 40000 149921 -78.9463
135000 35000 149910 -89.6512
140000 35000 149934 -66.3137
135000 40000 149921 -78.9463
140000 40000 149913 -86.79
140000 30000 149955 -44.8541
145000 30000 149977 -23.0621
140000 35000 149934 -66.3137
145000 35000 149966 -33.9653
145000 30000 149977 -23.0621
150000 30000 149997 -3.12484
145000 35000 149966 -33.9653
150000 35000 149983 -16.5852
140000 35000 149934 -66.3137
145000 35000 149966 -33.9653
140000 40000 149913 -86.79
145000 40000 149949 -51.2762
145000 35000 149966 -33.9653
150000 35000 149983 -16.5852
145000 40000 149949 -51.2762
150000 40000 149974 -26.2928
150000 30000 149997 -3.12484
155000 30000 150006 5.94873
150000 35000 149983 -16.5852
155000 35000 150005 4.55423
155000 30000 150006 5.94873
160000 30000 150010 10.1855
155000 35000 150005 4.55423
160000 35000 150013 12.6969
150000 35000 149983 -16.5852
155000 35000 150005 4.55423
150000 40000 149974 -26.2928
155000 40000 150001 1.26203
155000 35000 150005 4.55423
160000 35000 150013 12.6969
155000 40000 150001 1.26203
160000 40000 150000 -0.412013
80000 40000 150013 13.0827
85000 40000 150020 19.8723
80000 45000 150015 14.786
85000 45000 150019 19.3226
85000 40000 150020 19.8723
90000 40000 150024 24.1175
85000 45000 150019 19.3226
90000 45000 150025 24.9253
80000 45000 150015 14.786
85000 45000 150019 19.3226
80000 50000 150014 14.4696
85000 50000 150017 17.1686
85000 45000 150019 19.3226
90000 45000 150025 24.9253
85000 50000 150017 17.1686
90000 50000 150021 21.2519
90000 40000 150024 24.1175
95000 40000 150026 26.3124
90000 45000 150025 24.9253
95000 45000 150025 25.359
95000 40000 150026 26.3124
100000 40000 150028 27.8782
95000 45000 150025 25.359
100000 45000 150025 25.4779
90000 45000 150025 24.9253
95000 45000 150025 25.359
90000 50000 150021 21.2519
95000 50000 150027 26.7158
95000 45000 150025 25.359
100000 45000 150025 25.4779
95000 50000 150027 26.7158
100000 50000 150027 27.3864
100000 40000 150028 27.8782
105000 40000 150027 26.9975
100000 45000 150025 25.4779
105000 45000 150027 26.9579
105000 40000 150027 26.9975
110000 40000 150026 25.8514
105000 45000 150027 26.9579
110000 45000 150026 26.0877
100000 45000 150025 25.4779
105000 45000 150027 26.9579
100000 50000 150027 27.3864
105000 50000 150026 26.4103
105000 45000 150027 26.9579
110000 45000 150026 26.0877
105000 50000 150026 26.4103
110000 50000 150027 27.0577
110000 40000 150026 25.8514
115000 40000 150028 27.5086
110000 45000 150026 26.0877
115000 45000 150024 24.4688
115000 40000 150028 27.5086
120000 40000 150022 22.4417
115000 45000 150024 24.4688
120000 45000 150024 23.8641
110000 45000 150026 26.0877
115000 45000 150024 24.4688
110000 50000 150027 27.0577
115000 50000 150025 25.2239
115000 45000 150024 24.4688
120000 45000 150024 23.8641
115000 50000 150025 25.2239
120000 50000 150017 17.4532
120000 40000 150022 22.4417
125000 40000 149998 -1.86773
120000 45000 150024 23.8641
125000 45000 149992 -8.39157
125000 40000 149998 -1.86773
130000 40000 149967 -33.1296
125000 45000 149992 -8.39157
130000 45000 149975 -24.6682
120000 45000 150024 23.8641
125000 45000 149992 -8.39157
120000 50000 150017 17.4532
125000 50000 150018 18.2157
125000 45000 149992 -8.39157
130000 45000 149975 -24.6682
125000 50000 150018 18.2157
130000 50000 149999 -0.990921
130000 40000 149967 -33.1296
135000 40000 149921 -78.9463
130000 45000 149975 -24.6682
135000 45000 149948 -52.0242
135000 40000 149921 -78.9463
140000 40000 149913 -86.79
135000 45000 149948 -52.0242
140000 45000 149907 -92.6637
130000 45000 149975 -24.6682
135000 45000 149948 -52.0242
130000 50000 149999 -0.990921
135000 50000 149968 -32.4339
135000 45000 149948 -52.0242
140000 45000 149907 -92.6637
135000 50000 149968 -32.4339
140000 50000 149922 -77.8728
140000 40000 149913 -86.79
145000 40000 149949 -51.2762
140000 45000 149907 -92.6637
145000 45000 149921 -79.3814
145000 40000 149949 -51.2762
150000 40000 149974 -26.2928
145000 45000 149921 -79.3814
150000 45000 149963 -36.554
140000 45000 149907 -92.6637
145000 45000 149921 -79.3814
140000 50000 149922 -77.8728
145000 50000 149903 -97.2595
145000 45000 149921 -79.3814
150000 45000 149963 -36.554
145000 50000 149903 -97.2595
150000 50000 149942 -57.7711
150000 40000 149974 -26.2928
155000 40000 150001 1.26203
150000 45000 149963 -36.554
155000 45000 149976 -24.0914
155000 40000 150001 1.26203
160000 40000 150000 -0.412013
155000 45000 149976 -24.0914
160000 45000 150009 8.73129
150000 45000 149963 -36.554
155000 45000 149976 -24.0914
150000 50000 149942 -57.7711
155000 50000 149977 -23.0841
155000 45000 149976 -24.0914
160000 45000 150009 8.73129
155000 50000 149977 -23.0841
160000 50000 149989 -10.7044
80000 50000 150014 14.4696
85000 50000 150017 17.1686
80000 55000 150011 10.6658
85000 55000 150014 14.088
85000 50000 150017 17.1686
90000 50000 150021 21.2519
85000 55000 150014 14.088
90000 55000 150019 18.5877
80000 55000 150011 10.6658
85000 55000 150014 14.088
80000 60000 150013 12.813
85000 60000 150016 15.7971
85000 55000 150014 14.088
90000 55000 150019 18.5877
85000 60000 150016 15.7971
90000 60000 150018 17.7222
90000 50000 150021 21.2519
95000 50000 150027 26.7158
90000 55000 150019 18.5877
95000 55000 150023 23.1652
95000 50000 150027 26.7158
100000 50000 150027 27.3864
95000 55000 150023 23.1652
100000 55000 150026 26.1772
90000 55000 150019 18.5877
95000 55000 150023 23.1652
90000 60000 150018 17.7222
95000 60000 150021 20.7417
95000 55000 150023 23.1652
100000 55000 150026 26.1772
95000 60000 150021 20.7417
100000 60000 150024 24.3862
100000 50000 150027 27.3864
105000 50000 150026 26.4103
100000 55000 150026 26.1772
105000 55000 150028 28.1625
105000 50000 150026 26.4103
110000 50000 150027 27.0577
105000 55000 150028 28.1625
110000 55000 150028 27.5314
100000 55000 150026 26.1772
105000 55000 150028 28.1625
100000 60000 150024 24.3862
105000 60000 150027 27.1069
105000 55000 150028 28.1625
110000 55000 150028 27.5314
105000 60000 150027 27.1069
110000 60000 150027 26.8665
110000 50000 150027 27.0577
115000 50000 150025 25.2239
110000 55000 150028 27.5314
115000 55000 150025 25.2129
115000 50000 150025 25.2239
120000 50000 150017 17.4532
115000 55000 150025 25.2129
120000 55000 150024 24.2601
110000 55000 150028 27.5314
115000 55000 150025 25.2129
110000 60000 150027 26.8665
115000 60000 150026 26.4005
115000 55000 150025 25.2129
120000 55000 150024 24.2601
115000 60000 150026 26.4005
120000 60000 150024 24.1017
120000 50000 150017 17.4532
125000 50000 150018 18.2157
120000 55000 150024 24.2601
125000 55000 150024 23.9321
125000 50000 150018 18.2157
130000 50000 149999 -0.990921
125000 55000 150024 23.9321
130000 55000 150010 10.3249
120000 55000 150024 24.2601
125000 55000 150024 23.9321
120000 60000 150024 24.1017
125000 60000 150024 24.1593
125000 55000 150024 23.9321
130000 55000 150010 10.3249
125000 60000 150024 24.1593
130000 60000 150019 18.5378
130000 50000 149999 -0.990921
135000 50000 149968 -32.4339
130000 55000 150010 10.3249
135000 55000 149981 -18.6506
135000 50000 149968 -32.4339
140000 50000 149922 -77.8728
135000 55000 149981 -18.6506
140000 55000 149951 -48.8782
130000 55000 150010 10.3249
135000 55000 149981 -18.6506
130000 60000 150019 18.5378
135000 60000 149999 -0.698448
135000 55000 149981 -18.6506
140000 55000 149951 -48.8782
135000 60000 149999 -0.698448
140000 60000 149967 -33.0249
140000 50000 149922 -77.8728
145000 50000 149903 -97.2595
140000 55000 149951 -48.8782
145000 55000 149907 -93.4187
145000 50000 149903 -97.2595
150000 50000 149942 -57.7711
145000 55000 149907 -93.4187
150000 55000 149921 -79.1046
140000 55000 149951 -48.8782
145000 55000 149907 -93.4187
140000 60000 149967 -33.0249
145000 60000 149929 -70.7153
145000 55000 149907 -93.4187
150000 55000 149921 -79.1046
145000 60000 149929 -70.7153
150000 60000 149908 -92.3545
150000 50000 149942 -57.7711
155000 50000 149977 -23.0841
150000 55000 149921 -79.1046
155000 55000 149963 -37.0055
155000 50000 149977 -23.0841
160000 50000 149989 -10.7044
155000 55000 149963 -37.0055
160000 55000 149983 -16.728
150000 55000 149921 -79.1046
155000 55000 149963 -37.0055
150000 60000 149908 -92.3545
155000 60000 149938 -62.4649
155000 55000 149963 -37.0055
160000 55000 149983 -16.728
155000 60000 149938 -62.4649
160000 60000 149967 -33.4332
80000 60000 150013 12.813
85000 60000 150016 15.7971
80000 65000 150011 11.2436
85000 65000 150014 13.6806
85000 60000 150016 15.7971
90000 60000 150018 17.7222
85000 65000 150014 13.6806
90000 65000 150019 18.9529
80000 65000 150011 11.2436
85000 65000 150014 13.6806
80000 70000 150011 11.2717
85000 70000 150013 13.4031
85000 65000 150014 13.6806
90000 65000 150019 18.9529
85000 70000 150013 13.4031
90000 70000 150016 16.3534
90000 60000 150018 17.7222
95000 60000 150021 20.7417
90000 65000 150019 18.9529
95000 65000 150022 21.5324
95000 60000 150021 20.7417
100000 60000 150024 24.3862
95000 65000 150022 21.5324
100000 65000 150023 23.3136
90000 65000 150019 18.9529
95000 65000 150022 21.5324
90000 70000 150016 16.3534
95000 70000 150020 19.559
95000 65000 150022 21.5324
100000 65000 150023 23.3136
95000 70000 150020 19.559
100000 70000 150022 21.9016
100000 60000 150024 24.3862
105000 60000 150027 27.1069
100000 65000 150023 23.3136
105000 65000 150027 27.4003
105000 60000 150027 27.1069
110000 60000 150027 26.8665
105000 65000 150027 27.4003
110000 65000 150028 27.506
100000 65000 150023 23.3136
105000 65000 150027 27.4003
100000 70000 150022 21.9016
105000 70000 150025 25.2193
105000 65000 150027 27.4003
110000 65000 150028 27.506
105000 70000 150025 25.2193
110000 70000 150026 26.3981
110000 60000 150027 26.8665
115000 60000 150026 26.4005
110000 65000 150028 27.506
115000 65000 150026 26.0417
115000 60000 150026 26.4005
120000 60000 150024 24.1017
115000 65000 150026 26.0417
120000 65000 150025 24.8699
110000 65000 150028 27.506
115000 65000 150026 26.0417
110000 70000 150026 26.3981
115000 70000 150028 28.0767
115000 65000 150026 26.0417
120000 65000 150025 24.8699
115000 70000 150028 28.0767
120000 70000 150026 26.0954
120000 60000 150024 24.1017
125000 60000 150024 24.1593
120000 65000 150025 24.8699
125000 65000 150024 24.0686
125000 60000 150024 24.1593
130000 60000 150019 18.5378
125000 65000 150024 24.0686
130000 65000 150017 17.4993
120000 65000 150025 24.8699
125000 65000 150024 24.0686
120000 70000 150026 26.0954
125000 70000 150023 22.8376
125000 65000 150024 24.0686
130000 65000 150017 17.4993
125000 70000 150023 22.8376
130000 70000 150020 19.6394
130000 60000 150019 18.5378
135000 60000 149999 -0.698448
130000 65000 150017 17.4993
135000 65000 150000 0.168472
135000 60000 149999 -0.698448
140000 60000 149967 -33.0249
135000 65000 150000 0.168472
140000 65000 149982 -18.3379
130000 65000 150017 17.4993
135000 65000 150000 0.168472
130000 70000 150020 19.6394
135000 70000 150015 15.0878
135000 65000 150000 0.168472
140000 65000 149982 -18.3379
135000 70000 150015 15.0878
140000 70000 149992 -7.54305
140000 60000 149967 -33.0249
145000 60000 149929 -70.7153
140000 65000 149982 -18.3379
145000 65000 149959 -41.4061
145000 60000 149929 -70.7153
150000 60000 149908 -92.3545
145000 65000 149959 -41.4061
150000 65000 149916 -84.2252
140000 65000 149982 -18.3379
145000 65000 149959 -41.4061
140000 70000 149992 -7.54305
145000 70000 149967 -32.8273
145000 65000 149959 -41.4061
150000 65000 149916 -84.2252
145000 70000 149967 -32.8273
150000 70000 149941 -59.2493
150000 60000 149908 -92.3545
155000 60000 149938 -62.4649
150000 65000 149916 -84.2252
155000 65000 149912 -88.3025
155000 60000 149938 -62.4649
160000 60000 149967 -33.4332
155000 65000 149912 -88.3025
160000 65000 149955 -44.9011
150000 65000 149916 -84.2252
155000 65000 149912 -88.3025
150000 70000 149941 -59.2493
155000 70000 149905 -94.5589
155000 65000 149912 -88.3025
160000 65000 149955 -44.9011
155000 70000 149905 -94.5589
160000 70000 149925 -74.6559
80000 70000 150011 11.2717
85000 70000 150013 13.4031
80000 75000 150008 7.9979
85000 75000 150011 11.4852
85000 70000 150013 13.4031
90000 70000 150016 16.3534
85000 75000 150011 11.4852
90000 75000 150016 15.5902
80000 75000 150008 7.9979
85000 75000 150011 11.4852
80000 80000 150011 11.0225
85000 80000 150011 10.8945
85000 75000 150011 11.4852
90000 75000 150016 15.5902
85000 80000 150011 10.8945
90000 80000 150013 13.2963
90000 70000 150016 16.3534
95000 70000 150020 19.559
90000 75000 150016 15.5902
95000 75000 150019 18.695
95000 70000 150020 19.559
100000 70000 150022 21.9016
95000 75000 150019 18.695
100000 75000 150020 19.814
90000 75000 150016 15.5902
95000 75000 150019 18.695
90000 80000 150013 13.2963
95000 80000 150017 16.5338
95000 75000 150019 18.695
100000 75000 150020 19.814
95000 80000 150017 16.5338
100000 80000 150021 20.824
100000 70000 150022 21.9016
105000 70000 150025 25.2193
100000 75000 150020 19.814
105000 75000 150023 23.3629
105000 70000 150025 25.2193
110000 70000 150026 26.3981
105000 75000 150023 23.3629
110000 75000 150026 26.1424
100000 75000 150020 19.814
105000 75000 150023 23.3629
100000 80000 150021 20.824
105000 80000 150023 22.5764
105000 75000 150023 23.3629
110000 75000 150026 26.1424
105000 80000 150023 22.5764
110000 80000 150025 24.8196
110000 70000 150026 26.3981
115000 70000 150028 28.0767
110000 75000 150026 26.1424
115000 75000 150025 24.9281
115000 70000 150028 28.0767
120000 70000 150026 26.0954
115000 75000 150025 24.9281
120000 75000 150025 25.2445
110000 75000 150026 26.1424
115000 75000 150025 24.9281
110000 80000 150025 24.8196
115000 80000 150024 24.4366
115000 75000 150025 24.9281
120000 75000 150025 25.2445
115000 80000 150024 24.4366
120000 80000 150025 24.7432
120000 70000 150026 26.0954
125000 70000 150023 22.8376
120000 75000 150025 25.2445
125000 75000 150023 22.9653
125000 70000 150023 22.8376
130000 70000 150020 19.6394
125000 75000 150023 22.9653
130000 75000 150018 18.483
120000 75000 150025 25.2445
125000 75000 150023 22.9653
120000 80000 150025 24.7432
125000 80000 150023 22.5201
125000 75000 150023 22.9653
130000 75000 150018 18.483
125000 80000 150023 22.5201
130000 80000 150018 17.8082
130000 70000 150020 19.6394
135000 70000 150015 15.0878
130000 75000 150018 18.483
135000 75000 150015 14.5447
135000 70000 150015 15.0878
140000 70000 149992 -7.54305
135000 75000 150015 14.5447
140000 75000 150003 3.22298
130000 75000 150018 18.483
135000 75000 150015 14.5447
130000 80000 150018 17.8082
135000 80000 150014 14.3955
135000 75000 150015 14.5447
140000 75000 150003 3.22298
135000 80000 150014 14.3955
140000 80000 150013 12.5974
140000 70000 149992 -7.54305
145000 70000 149967 -32.8273
140000 75000 150003 3.22298
145000 75000 149981 -18.8827
145000 70000 149967 -32.8273
150000 70000 149941 -59.2493
145000 75000 149981 -18.8827
150000 75000 149965 -35.0227
140000 75000 150003 3.22298
145000 75000 149981 -18.8827
140000 80000 150013 12.5974
145000 80000 150002 2.38961
145000 75000 149981 -18.8827
150000 75000 149965 -35.0227
145000 80000 150002 2.38961
150000 80000 149974 -26.086
150000 70000 149941 -59.2493
155000 70000 149905 -94.5589
150000 75000 149965 -35.0227
155000 75000 149919 -81.4583
155000 70000 149905 -94.5589
160000 70000 149925 -74.6559
155000 75000 149919 -81.4583
160000 75000 149902 -98.0044
150000 75000 149965 -35.0227
155000 75000 149919 -81.4583
150000 80000 149974 -26.086
155000 80000 149944 -56.3409
155000 75000 149919 -81.4583
160000 75000 149902 -98.0044
155000 80000 149944 -56.3409
160000 80000 149901 -98.8771
0 80000 149999 -0.902602
5000 80000 149999 -1.24911
0 85000 149998 -2.10835
5000 85000 149998 -2.2104
5000 80000 149999 -1.24911
10000 80000 149998 -1.98493
5000 85000 149998 -2.2104
10000 85000 149999 -1.12586
0 85000 149998 -2.10835
5000 85000 149998 -2.2104
0 90000 149998 -2.34434
5000 90000 149999 -1.4856
5000 85000 149998 -2.2104
10000 85000 149999 -1.12586
5000 90000 149999 -1.4856
10000 90000 149999 -1.09572
10000 80000 149998 -1.98493
15000 80000 149998 -1.88171
10000 85000 149999 -1.12586
15000 85000 149999 -0.819034
15000 80000 149998 -1.88171
20000 80000 149998 -1.74009
15000 85000 149999 -0.819034
20000 85000 149999 -0.929059
10000 85000 149999 -1.12586
15000 85000 149999 -0.819034
10000 90000 149999 -1.09572
15000 90000 149998 -1.5354
15000 85000 149999 -0.819034
20000 85000 149999 -0.929059
15000 90000 149998 -1.5354
20000 90000 149998 -1.87168
20000 80000 149998 -1.74009
25000 80000 149998 -1.95455
20000 85000 149999 -0.929059
25000 85000 149998 -1.60607
25000 80000 149998 -1.95455
30000 80000 149998 -1.53334
25000 85000 149998 -1.60607
30000 85000 149998 -1.95456
20000 85000 149999 -0.929059
25000 85000 149998 -1.60607
20000 90000 149998 -1.87168
25000 90000 149998 -1.79601
25000 85000 149998 -1.60607
30000 85000 149998 -1.95456
25000 90000 149998 -1.79601
30000 90000 149998 -1.54079
30000 80000 149998 -1.53334
35000 80000 149998 -1.95455
30000 85000 149998 -1.95456
35000 85000 149998 -1.95456
35000 80000 149998 -1.95455
40000 80000 149999 -1.07816
35000 85000 149998 -1.95456
40000 85000 149998 -1.85222
30000 85000 149998 -1.95456
35000 85000 149998 -1.95456
30000 90000 149998 -1.54079
35000 90000 149998 -1.62641
35000 85000 149998 -1.95456
40000 85000 149998 -1.85222
35000 90000 149998 -1.62641
40000 90000 149999 -1.03193
40000 80000 149999 -1.07816
45000 80000 149999 -1.30931
40000 85000 149998 -1.85222
45000 85000 149998 -1.82306
45000 80000 149999 -1.30931
50000 80000 149998 -1.59595
45000 85000 149998 -1.82306
50000 85000 149998 -1.95455
40000 85000 149998 -1.85222
45000 85000 149998 -1.82306
40000 90000 149999 -1.03193
45000 90000 149999 -0.919276
45000 85000 149998 -1.82306
50000 85000 149998 -1.95455
45000 90000 149999 -0.919276
50000 90000 149999 -0.644276
50000 80000 149998 -1.59595
55000 80000 150000 0.1922
50000 85000 149998 -1.95455
55000 85000 149998 -1.95454
55000 80000 150000 0.1922
60000 80000 150000 0.150454
55000 85000 149998 -1.95454
60000 85000 149999 -1.32675
50000 85000 149998 -1.95455
55000 85000 149998 -1.95454
50000 90000 149999 -0.644276
55000 90000 149999 -0.707754
55000 85000 149998 -1.95454
60000 85000 149999 -1.32675
55000 90000 149999 -0.707754
60000 90000 150000 0.384602
60000 80000 150000 0.150454
65000 80000 150000 -0.279499
60000 85000 149999 -1.32675
65000 85000 150002 1.71104
65000 80000 150000 -0.279499
70000 80000 150002 2.16925
65000 85000 150002 1.71104
70000 85000 150003 2.75658
60000 85000 149999 -1.32675
65000 85000 150002 1.71104
60000 90000 150000 0.384602
65000 90000 150000 -0.425161
65000 85000 150002 1.71104
70000 85000 150003 2.75658
65000 90000 150000 -0.425161
70000 90000 150003 3.27666
70000 80000 150002 2.16925
75000 80000 150005 4.52536
70000 85000 150003 2.75658
75000 85000 150006 5.62384
75000 80000 150005 4.52536
80000 80000 150011 11.0225
75000 85000 150006 5.62384
80000 85000 150007 7.1624
70000 85000 150003 2.75658
75000 85000 150006 5.62384
70000 90000 150003 3.27666
75000 90000 150003 3.27783
75000 85000 150006 5.62384
80000 85000 150007 7.1624
75000 90000 150003 3.27783
80000 90000 150008 8.47982
80000 80000 150011 11.0225
85000 80000 150011 10.8945
80000 85000 150007 7.1624
85000 85000 150012 11.6572
85000 80000 150011 10.8945
90000 80000 150013 13.2963
85000 85000 150012 11.6572
90000 85000 150012 11.6882
80000 85000 150007 7.1624
85000 85000 150012 11.6572
80000 90000 150008 8.47982
85000 90000 150011 11.3528
85000 85000 150012 11.6572
90000 85000 150012 11.6882
85000 90000 150011 11.3528
90000 90000 150012 11.9131
90000 80000 150013 13.2963
95000 80000 150017 16.5338
90000 85000 150012 11.6882
95000 85000 150015 15.3619
95000 80000 150017 16.5338
100000 80000 150021 20.824
95000 85000 150015 15.3619
100000 85000 150017 16.7603
90000 85000 150012 11.6882
95000 85000 150015 15.3619
90000 90000 150012 11.9131
95000 90000 150014 13.8634
95000 85000 150015 15.3619
100000 85000 150017 16.7603
95000 90000 150014 13.8634
100000 90000 150017 17.1742
100000 80000 150021 20.824
105000 80000 150023 22.5764
100000 85000 150017 16.7603
105000 85000 150020 20.4735
105000 80000 150023 22.5764
110000 80000 150025 24.8196
105000 85000 150020 20.4735
110000 85000 150022 21.6233
100000 85000 150017 16.7603
105000 85000 150020 20.4735
100000 90000 150017 17.1742
105000 90000 150019 19.0595
105000 85000 150020 20.4735
110000 85000 150022 21.6233
105000 90000 150019 19.0595
110000 90000 150021 20.5374
0 90000 149998 -2.34434
5000 90000 149999 -1.4856
0 95000 149998 -2.12157
5000 95000 149998 -2.27933
5000 90000 149999 -1.4856
10000 90000 149999 -1.09572
5000 95000 149998 -2.27933
10000 95000 149998 -2.33221
0 95000 149998 -2.12157
5000 95000 149998 -2.27933
0 100000 149998 -2.19382
5000 100000 149998 -2.36062
5000 95000 149998 -2.27933
10000 95000 149998 -2.33221
5000 100000 149998 -2.36062
10000 100000 149998 -2.20999
10000 90000 149999 -1.09572
15000 90000 149998 -1.5354
10000 95000 149998 -2.33221
15000 95000 149998 -2.30443
15000 90000 149998 -1.5354
20000 90000 149998 -1.87168
15000 95000 149998 -2.30443
20000 95000 149998 -1.63368
10000 95000 149998 -2.33221
15000 95000 149998 -2.30443
10000 100000 149998 -2.20999
15000 100000 149998 -1.8996
15000 95000 149998 -2.30443
20000 95000 149998 -1.63368
15000 100000 149998 -1.8996
20000 100000 149998 -1.82756
20000 90000 149998 -1.87168
25000 90000 149998 -1.79601
20000 95000 149998 -1.63368
25000 95000 149998 -2.19002
25000 90000 149998 -1.79601
30000 90000 149998 -1.54079
25000 95000 149998 -2.19002
30000 95000 149998 -2.08705
20000 95000 149998 -1.63368
25000 95000 149998 -2.19002
20000 100000 149998 -1.82756
25000 100000 149998 -1.94256
25000 95000 149998 -2.19002
30000 95000 149998 -2.08705
25000 100000 149998 -1.94256
30000 100000 149998 -1.77758
30000 90000 149998 -1.54079
35000 90000 149998 -1.62641
30000 95000 149998 -2.08705
35000 95000 149998 -1.929
35000 90000 149998 -1.62641
40000 90000 149999 -1.03193
35000 95000 149998 -1.929
40000 95000 149999 -1.45084
30000 95000 149998 -2.08705
35000 95000 149998 -1.929
30000 100000 149998 -1.77758
35000 100000 149998 -1.99439
35000 95000 149998 -1.929
40000 95000 149999 -1.45084
35000 100000 149998 -1.99439
40000 100000 149998 -2.42005
40000 90000 149999 -1.03193
45000 90000 149999 -0.919276
40000 95000 149999 -1.45084
45000 95000 149998 -2.42005
45000 90000 149999 -0.919276
50000 90000 149999 -0.644276
45000 95000 149998 -2.42005
50000 95000 149998 -2.42005
40000 95000 149999 -1.45084
45000 95000 149998 -2.42005
40000 100000 149998 -2.42005
45000 100000 149998 -2.10564
45000 95000 149998 -2.42005
50000 95000 149998 -2.42005
45000 100000 149998 -2.10564
50000 100000 149998 -1.88143
50000 90000 149999 -0.644276
55000 90000 149999 -0.707754
50000 95000 149998 -2.42005
55000 95000 149998 -1.53254
55000 90000 149999 -0.707754
60000 90000 150000 0.384602
55000 95000 149998 -1.53254
60000 95000 150001 0.696262
50000 95000 149998 -2.42005
55000 95000 149998 -1.53254
50000 100000 149998 -1.88143
55000 100000 149999 -1.39455
55000 95000 149998 -1.53254
60000 95000 150001 0.696262
55000 100000 149999 -1.39455
60000 100000 150000 -0.495445
60000 90000 150000 0.384602
65000 90000 150000 -0.425161
60000 95000 150001 0.696262
65000 95000 150001 1.14048
65000 90000 150000 -0.425161
70000 90000 150003 3.27666
65000 95000 150001 1.14048
70000 95000 150003 3.43093
60000 95000 150001 0.696262
65000 95000 150001 1.14048
60000 100000 150000 -0.495445
65000 100000 149998 -1.62107
65000 95000 150001 1.14048
70000 95000 150003 3.43093
65000 100000 149998 -1.62107
70000 100000 150000 -0.349688
70000 90000 150003 3.27666
75000 90000 150003 3.27783
70000 95000 150003 3.43093
75000 95000 150005 4.66487
75000 90000 150003 3.27783
80000 90000 150008 8.47982
75000 95000 150005 4.66487
80000 95000 150008 7.91247
70000 95000 150003 3.43093
75000 95000 150005 4.66487
70000 100000 150000 -0.349688
75000 100000 150004 4.28657
75000 95000 150005 4.66487
80000 95000 150008 7.91247
75000 100000 150004 4.28657
80000 100000 150004 3.85556
80000 90000 150008 8.47982
85000 90000 150011 11.3528
80000 95000 150008 7.91247
85000 95000 150011 10.5954
85000 90000 150011 11.3528
90000 90000 150012 11.9131
85000 95000 150011 10.5954
90000 95000 150013 12.6861
80000 95000 150008 7.91247
85000 95000 150011 10.5954
80000 100000 150004 3.85556
85000 100000 150008 8.32928
85000 95000 150011 10.5954
90000 95000 150013 12.6861
85000 100000 150008 8.32928
90000 100000 150009 8.59498
90000 90000 150012 11.9131
95000 90000 150014 13.8634
90000 95000 150013 12.6861
95000 95000 150015 14.8831
95000 90000 150014 13.8634
100000 90000 150017 17.1742
95000 95000 150015 14.8831
100000 95000 150016 15.5729
90000 95000 150013 12.6861
95000 95000 150015 14.8831
90000 100000 150009 8.59498
95000 100000 150011 11.339
95000 95000 150015 14.8831
100000 95000 150016 15.5729
95000 100000 150011 11.339
100000 100000 150016 15.9793
0 100000 149998 -2.19382
5000 100000 149998 -2.36062
0 105000 149998 -2.28094
5000 105000 149997 -2.57135
5000 100000 149998 -2.36062
10000 100000 149998 -2.20999
5000 105000 149997 -2.57135
10000 105000 149998 -2.09533
0 105000 149998 -2.28094
5000 105000 149997 -2.57135
0 110000 149997 -2.68802
5000 110000 149998 -2.35948
5000 105000 149997 -2.57135
10000 105000 149998 -2.09533
5000 110000 149998 -2.35948
10000 110000 149997 -2.70068
10000 100000 149998 -2.20999
15000 100000 149998 -1.8996
10000 105000 149998 -2.09533
15000 105000 149997 -2.60817
15000 100000 149998 -1.8996
20000 100000 149998 -1.82756
15000 105000 149997 -2.60817
20000 105000 149998 -1.88188
10000 105000 149998 -2.09533
15000 105000 149997 -2.60817
10000 110000 149997 -2.70068
15000 110000 149997 -2.73466
15000 105000 149997 -2.60817
20000 105000 149998 -1.88188
15000 110000 149997 -2.73466
20000 110000 149997 -2.73466
20000 100000 149998 -1.82756
25000 100000 149998 -1.94256
20000 105000 149998 -1.88188
25000 105000 149998 -2.41961
25000 100000 149998 -1.94256
30000 100000 149998 -1.77758
25000 105000 149998 -2.41961
30000 105000 149998 -2.43592
20000 105000 149998 -1.88188
25000 105000 149998 -2.41961
20000 110000 149997 -2.73466
25000 110000 149998 -2.47294
25000 105000 149998 -2.41961
30000 105000 149998 -2.43592
25000 110000 149998 -2.47294
30000 110000 149999 -1.4444
30000 100000 149998 -1.77758
35000 100000 149998 -1.99439
30000 105000 149998 -2.43592
35000 105000 149998 -2.42005
35000 100000 149998 -1.99439
40000 100000 149998 -2.42005
35000 105000 149998 -2.42005
40000 105000 149998 -1.78714
30000 105000 149998 -2.43592
35000 105000 149998 -2.42005
30000 110000 149999 -1.4444
35000 110000 149998 -2.15982
35000 105000 149998 -2.42005
40000 105000 149998 -1.78714
35000 110000 149998 -2.15982
40000 110000 149998 -1.51245
40000 100000 149998 -2.42005
45000 100000 149998 -2.10564
40000 105000 149998 -1.78714
45000 105000 149998 -2.42005
45000 100000 149998 -2.10564
50000 100000 149998 -1.88143
45000 105000 149998 -2.42005
50000 105000 149998 -1.95301
40000 105000 149998 -1.78714
45000 105000 149998 -2.42005
40000 110000 149998 -1.51245
45000 110000 149998 -2.16444
45000 105000 149998 -2.42005
50000 105000 149998 -1.95301
45000 110000 149998 -2.16444
50000 110000 149998 -2.07974
50000 100000 149998 -1.88143
55000 100000 149999 -1.39455
50000 105000 149998 -1.95301
55000 105000 149998 -2.10205
55000 100000 149999 -1.39455
60000 100000 150000 -0.495445
55000 105000 149998 -2.10205
60000 105000 150000 -0.264552
50000 105000 149998 -1.95301
55000 105000 149998 -2.10205
50000 110000 149998 -2.07974
55000 110000 149999 -1.25356
55000 105000 149998 -2.10205
60000 105000 150000 -0.264552
55000 110000 149999 -1.25356
60000 110000 150000 0.034889
60000 100000 150000 -0.495445
65000 100000 149998 -1.62107
60000 105000 150000 -0.264552
65000 105000 150000 0.341582
65000 100000 149998 -1.62107
70000 100000 150000 -0.349688
65000 105000 150000 0.341582
70000 105000 150003 2.95298
60000 105000 150000 -0.264552
65000 105000 150000 0.341582
60000 110000 150000 0.034889
65000 110000 150000 -0.337476
65000 105000 150000 0.341582
70000 105000 150003 2.95298
65000 110000 150000 -0.337476
70000 110000 150003 2.86902
70000 100000 150000 -0.349688
75000 100000 150004 4.28657
70000 105000 150003 2.95298
75000 105000 150005 5.09872
75000 100000 150004 4.28657
80000 100000 150004 3.85556
75000 105000 150005 5.09872
80000 105000 150009 8.53046
70000 105000 150003 2.95298
75000 105000 150005 5.09872
70000 110000 150003 2.86902
75000 110000 150005 5.32496
75000 105000 150005 5.09872
80000 105000 150009 8.53046
75000 110000 150005 5.32496
80000 110000 150007 7.03686
0 110000 149997 -2.68802
5000 110000 149998 -2.35948
0 115000 149999 -1.48968
5000 115000 149998 -2.43277
5000 110000 149998 -2.35948
10000 110000 149997 -2.70068
5000 115000 149998 -2.43277
10000 115000 149997 -2.58019
0 115000 149999 -1.48968
5000 115000 149998 -2.43277
0 120000 149998 -2.24633
5000 120000 149997 -2.71738
5000 115000 149998 -2.43277
10000 115000 149997 -2.58019
5000 120000 149997 -2.71738
10000 120000 149997 -3.39956
10000 110000 149997 -2.70068
15000 110000 149997 -2.73466
10000 115000 149997 -2.58019
15000 115000 149998 -1.66194
15000 110000 149997 -2.73466
20000 110000 149997 -2.73466
15000 115000 149998 -1.66194
20000 115000 149998 -2.24716
10000 115000 149997 -2.58019
15000 115000 149998 -1.66194
10000 120000 149997 -3.39956
15000 120000 149997 -2.9246
15000 115000 149998 -1.66194
20000 115000 149998 -2.24716
15000 120000 149997 -2.9246
20000 120000 149998 -2.02036
20000 110000 149997 -2.73466
25000 110000 149998 -2.47294
20000 115000 149998 -2.24716
25000 115000 149998 -1.87937
25000 110000 149998 -2.47294
30000 110000 149999 -1.4444
25000 115000 149998 -1.87937
30000 115000 149998 -2.06096
20000 115000 149998 -2.24716
25000 115000 149998 -1.87937
20000 120000 149998 -2.02036
25000 120000 149999 -1.32607
25000 115000 149998 -1.87937
30000 115000 149998 -2.06096
25000 120000 149999 -1.32607
30000 120000 149999 -1.31058
30000 110000 149999 -1.4444
35000 110000 149998 -2.15982
30000 115000 149998 -2.06096
35000 115000 149998 -1.74517
35000 110000 149998 -2.15982
40000 110000 149998 -1.51245
35000 115000 149998 -1.74517
40000 115000 149998 -1.5729
30000 115000 149998 -2.06096
35000 115000 149998 -1.74517
30000 120000 149999 -1.31058
35000 120000 149999 -0.964256
35000 115000 149998 -1.74517
40000 115000 149998 -1.5729
35000 120000 149999 -0.964256
40000 120000 149998 -2.11066
40000 110000 149998 -1.51245
45000 110000 149998 -2.16444
40000 115000 149998 -1.5729
45000 115000 149998 -1.85719
45000 110000 149998 -2.16444
50000 110000 149998 -2.07974
45000 115000 149998 -1.85719
50000 115000 149998 -2.231
40000 115000 149998 -1.5729
45000 115000 149998 -1.85719
40000 120000 149998 -2.11066
45000 120000 149998 -2.16441
45000 115000 149998 -1.85719
50000 115000 149998 -2.231
45000 120000 149998 -2.16441
50000 120000 149998 -2.22811
50000 110000 149998 -2.07974
55000 110000 149999 -1.25356
50000 115000 149998 -2.231
55000 115000 149998 -2.27824
55000 110000 149999 -1.25356
60000 110000 150000 0.034889
55000 115000 149998 -2.27824
60000 115000 149999 -0.866361
50000 115000 149998 -2.231
55000 115000 149998 -2.27824
50000 120000 149998 -2.22811
55000 120000 149998 -1.82428
55000 115000 149998 -2.27824
60000 115000 149999 -0.866361
55000 120000 149998 -1.82428
60000 120000 149999 -0.518615
60000 110000 150000 0.034889
65000 110000 150000 -0.337476
60000 115000 149999 -0.866361
65000 115000 150001 0.961167
65000 110000 150000 -0.337476
70000 110000 150003 2.86902
65000 115000 150001 0.961167
70000 115000 150003 3.06915
60000 115000 149999 -0.866361
65000 115000 150001 0.961167
60000 120000 149999 -0.518615
65000 120000 150001 1.3041
65000 115000 150001 0.961167
70000 115000 150003 3.06915
65000 120000 150001 1.3041
70000 120000 150004 3.96111
70000 110000 150003 2.86902
75000 110000 150005 5.32496
70000 115000 150003 3.06915
75000 115000 150004 4.46897
75000 110000 150005 5.32496
80000 110000 150007 7.03686
75000 115000 150004 4.46897
80000 115000 150006 5.86459
70000 115000 150003 3.06915
75000 115000 150004 4.46897
70000 120000 150004 3.96111
75000 120000 150006 6.12221
75000 115000 150004 4.46897
80000 115000 150006 5.86459
75000 120000 150006 6.12221
80000 120000 150007 6.51213
160000 0 150007 6.7427
165000 0 150012 11.5508
160000 5000 150008 7.88291
165000 5000 150012 11.6201
165000 0 150012 11.5508
170000 0 150016 16.4868
165000 5000 150012 11.6201
170000 5000 150017 16.7427
160000 5000 150008 7.88291
165000 5000 150012 11.6201
160000 10000 150010 9.68435
165000 10000 150013 13.478
165000 5000 150012 11.6201
170000 5000 150017 16.7427
165000 10000 150013 13.478
170000 10000 150017 17.2129
170000 0 150016 16.4868
175000 0 150016 16.1747
170000 5000 150017 16.7427
175000 5000 150017 16.6717
175000 0 150016 16.1747
180000 0 150017 16.6065
175000 5000 150017 16.6717
180000 5000 150017 17.3557
170000 5000 150017 16.7427
175000 5000 150017 16.6717
170000 10000 150017 17.2129
175000 10000 150019 18.7073
175000 5000 150017 16.6717
180000 5000 150017 17.3557
175000 10000 150019 18.7073
180000 10000 150016 16.1796
180000 0 150017 16.6065
185000 0 150015 15.0239
180000 5000 150017 17.3557
185000 5000 150016 15.5708
185000 0 150015 15.0239
190000 0 150014 13.9362
185000 5000 150016 15.5708
190000 5000 150012 12.336
180000 5000 150017 17.3557
185000 5000 150016 15.5708
180000 10000 150016 16.1796
185000 10000 150016 16.3254
185000 5000 150016 15.5708
190000 5000 150012 12.336
185000 10000 150016 16.3254
190000 10000 150015 14.8296
190000 0 150014 13.9362
195000 0 150013 13.2155
190000 5000 150012 12.336
195000 5000 150012 11.9247
195000 0 150013 13.2155
200000 0 150012 12.0178
195000 5000 150012 11.9247
200000 5000 150010 9.82711
190000 5000 150012 12.336
195000 5000 150012 11.9247
190000 10000 150015 14.8296
195000 10000 150011 10.5751
195000 5000 150012 11.9247
200000 5000 150010 9.82711
195000 10000 150011 10.5751
200000 10000 150011 10.5462
200000 0 150012 12.0178
205000 0 150008 7.89736
200000 5000 150010 9.82711
205000 5000 150007 7.01169
205000 0 150008 7.89736
210000 0 150006 5.59169
205000 5000 150007 7.01169
210000 5000 150005 4.74903
200000 5000 150010 9.82711
205000 5000 150007 7.01169
200000 10000 150011 10.5462
205000 10000 150007 7.08626
205000 5000 150007 7.01169
210000 5000 150005 4.74903
205000 10000 150007 7.08626
210000 10000 150003 3.49832
210000 0 150006 5.59169
215000 0 150003 3.34197
210000 5000 150005 4.74903
215000 5000 150002 1.76442
215000 0 150003 3.34197
220000 0 150001 0.956875
215000 5000 150002 1.76442
220000 5000 149999 -0.616492
210000 5000 150005 4.74903
215000 5000 150002 1.76442
210000 10000 150003 3.49832
215000 10000 150002 1.80011
215000 5000 150002 1.76442
220000 5000 149999 -0.616492
215000 10000 150002 1.80011
220000 10000 149997 -3.24442
220000 0 150001 0.956875
225000 0 149998 -2.22935
220000 5000 149999 -0.616492
225000 5000 149994 -5.89849
225000 0 149998 -2.22935
230000 0 149996 -3.64964
225000 5000 149994 -5.89849
230000 5000 149993 -7.25688
220000 5000 149999 -0.616492
225000 5000 149994 -5.89849
220000 10000 149997 -3.24442
225000 10000 149998 -1.91633
225000 5000 149994 -5.89849
230000 5000 149993 -7.25688
225000 10000 149998 -1.91633
230000 10000 149997 -3.21618
230000 0 149996 -3.64964
235000 0 149995 -4.75419
230000 5000 149993 -7.25688
235000 5000 149994 -5.84267
235000 0 149995 -4.75419
240000 0 149994 -5.60391
235000 5000 149994 -5.84267
240000 5000 149994 -6.26465
230000 5000 149993 -7.25688
235000 5000 149994 -5.84267
230000 10000 149997 -3.21618
235000 10000 149995 -4.86614
235000 5000 149994 -5.84267
240000 5000 149994 -6.26465
235000 10000 149995 -4.86614
240000 10000 149991 -9.27394
160000 10000 150010 9.68435
165000 10000 150013 13.478
160000 15000 150010 10.3254
165000 15000 150014 14.0671
165000 10000 150013 13.478
170000 10000 150017 17.2129
165000 15000 150014 14.0671
170000 15000 150018 17.8099
160000 15000 150010 10.3254
165000 15000 150014 14.0671
160000 20000 150009 8.91942
165000 20000 150012 11.9727
165000 15000 150014 14.0671
170000 15000 150018 17.8099
165000 20000 150012 11.9727
170000 20000 150016 15.8534
170000 10000 150017 17.2129
175000 10000 150019 18.7073
170000 15000 150018 17.8099
175000 15000 150019 18.5135
175000 10000 150019 18.7073
180000 10000 150016 16.1796
175000 15000 150019 18.5135
180000 15000 150019 18.8293
170000 15000 150018 17.8099
175000 15000 150019 18.5135
170000 20000 150016 15.8534
175000 20000 150019 18.5032
175000 15000 150019 18.5135
180000 15000 150019 18.8293
175000 20000 150019 18.5032
180000 20000 150019 19.2113
180000 10000 150016 16.1796
185000 10000 150016 16.3254
180000 15000 150019 18.8293
185000 15000 150018 17.79
185000 10000 150016 16.3254
190000 10000 150015 14.8296
185000 15000 150018 17.79
190000 15000 150015 14.8068
180000 15000 150019 18.8293
185000 15000 150018 17.79
180000 20000 150019 19.2113
185000 20000 150020 19.7337
185000 15000 150018 17.79
190000 15000 150015 14.8068
185000 20000 150020 19.7337
190000 20000 150018 18.0058
190000 10000 150015 14.8296
195000 10000 150011 10.5751
190000 15000 150015 14.8068
195000 15000 150014 13.9766
195000 10000 150011 10.5751
200000 10000 150011 10.5462
195000 15000 150014 13.9766
200000 15000 150010 9.93189
190000 15000 150015 14.8068
195000 15000 150014 13.9766
190000 20000 150018 18.0058
195000 20000 150014 14.2082
195000 15000 150014 13.9766
200000 15000 150010 9.93189
195000 20000 150014 14.2082
200000 20000 150009 8.81647
200000 10000 150011 10.5462
205000 10000 150007 7.08626
200000 15000 150010 9.93189
205000 15000 150007 7.12362
205000 10000 150007 7.08626
210000 10000 150003 3.49832
205000 15000 150007 7.12362
210000 15000 150005 4.64211
200000 15000 150010 9.93189
205000 15000 150007 7.12362
200000 20000 150009 8.81647
205000 20000 150007 6.78133
205000 15000 150007 7.12362
210000 15000 150005 4.64211
205000 20000 150007 6.78133
210000 20000 150006 5.65305
210000 10000 150003 3.49832
215000 10000 150002 1.80011
210000 15000 150005 4.64211
215000 15000 150000 0.0139408
215000 10000 150002 1.80011
220000 10000 149997 -3.24442
215000 15000 150000 0.0139408
220000 15000 150000 0.181084
210000 15000 150005 4.64211
215000 15000 150000 0.0139408
210000 20000 150006 5.65305
215000 20000 150004 3.71181
215000 15000 150000 0.0139408
220000 15000 150000 0.181084
215000 20000 150004 3.71181
220000 20000 150002 1.55865
220000 10000 149997 -3.24442
225000 10000 149998 -1.91633
220000 15000 150000 0.181084
225000 15000 149998 -1.73829
225000 10000 149998 -1.91633
230000 10000 149997 -3.21618
225000 15000 149998 -1.73829
230000 15000 149996 -3.59511
220000 15000 150000 0.181084
225000 15000 149998 -1.73829
220000 20000 150002 1.55865
225000 20000 149999 -1.46438
225000 15000 149998 -1.73829
230000 15000 149996 -3.59511
225000 20000 149999 -1.46438
230000 20000 149995 -5.0758
230000 10000 149997 -3.21618
235000 10000 149995 -4.86614
230000 15000 149996 -3.59511
235000 15000 149994 -5.66487
235000 10000 149995 -4.86614
240000 10000 149991 -9.27394
235000 15000 149994 -5.66487
240000 15000 149992 -7.89209
230000 15000 149996 -3.59511
235000 15000 149994 -5.66487
230000 20000 149995 -5.0758
235000 20000 149994 -6.12104
235000 15000 149994 -5.66487
240000 15000 149992 -7.89209
235000 20000 149994 -6.12104
240000 20000 149993 -6.86653
160000 20000 150009 8.91942
165000 20000 150012 11.9727
160000 25000 150006 6.0211
165000 25000 150010 10.1028
165000 20000 150012 11.9727
170000 20000 150016 15.8534
165000 25000 150010 10.1028
170000 25000 150015 14.7867
160000 25000 150006 6.0211
165000 25000 150010 10.1028
160000 30000 150010 10.1855
165000 30000 150015 14.7164
165000 25000 150010 10.1028
170000 25000 150015 14.7867
165000 30000 150015 14.7164
170000 30000 150017 17.4722
170000 20000 150016 15.8534
175000 20000 150019 18.5032
170000 25000 150015 14.7867
175000 25000 150019 19.2814
175000 20000 150019 18.5032
180000 20000 150019 19.2113
175000 25000 150019 19.2814
180000 25000 150019 19.4151
170000 25000 150015 14.7867
175000 25000 150019 19.2814
170000 30000 150017 17.4722
175000 30000 150019 19.1296
175000 25000 150019 19.2814
180000 25000 150019 19.4151
175000 30000 150019 19.1296
180000 30000 150020 20.0386
180000 20000 150019 19.2113
185000 20000 150020 19.7337
180000 25000 150019 19.4151
185000 25000 150020 20.3342
185000 20000 150020 19.7337
190000 20000 150018 18.0058
185000 25000 150020 20.3342
190000 25000 150017 17.4065
180000 25000 150019 19.4151
185000 25000 150020 20.3342
180000 30000 150020 20.0386
185000 30000 150022 22.037
185000 25000 150020 20.3342
190000 25000 150017 17.4065
185000 30000 150022 22.037
190000 30000 150019 19.2938
190000 20000 150018 18.0058
195000 20000 150014 14.2082
190000 25000 150017 17.4065
195000 25000 150013 13.3395
195000 20000 150014 14.2082
200000 20000 150009 8.81647
195000 25000 150013 13.3395
200000 25000 150012 11.5482
190000 25000 150017 17.4065
195000 25000 150013 13.3395
190000 30000 150019 19.2938
195000 30000 150015 15.3237
195000 25000 150013 13.3395
200000 25000 150012 11.5482
195000 30000 150015 15.3237
200000 30000 150013 12.5847
200000 20000 150009 8.81647
205000 20000 150007 6.78133
200000 25000 150012 11.5482
205000 25000 150009 9.47692
205000 20000 150007 6.78133
210000 20000 150006 5.65305
205000 25000 150009 9.47692
210000 25000 150007 6.90151
200000 25000 150012 11.5482
205000 25000 150009 9.47692
200000 30000 150013 12.5847
205000 30000 150008 8.33701
205000 25000 150009 9.47692
210000 25000 150007 6.90151
205000 30000 150008 8.33701
210000 30000 150005 4.84531
210000 20000 150006 5.65305
215000 20000 150004 3.71181
210000 25000 150007 6.90151
215000 25000 150004 3.98866
215000 20000 150004 3.71181
220000 20000 150002 1.55865
215000 25000 150004 3.98866
220000 25000 150002 2.17008
210000 25000 150007 6.90151
215000 25000 150004 3.98866
210000 30000 150005 4.84531
215000 30000 150004 3.75449
215000 25000 150004 3.98866
220000 25000 150002 2.17008
215000 30000 150004 3.75449
220000 30000 150000 0.333027
220000 20000 150002 1.55865
225000 20000 149999 -1.46438
220000 25000 150002 2.17008
225000 25000 149998 -2.3598
225000 20000 149999 -1.46438
230000 20000 149995 -5.0758
225000 25000 149998 -2.3598
230000 25000 149995 -4.63767
220000 25000 150002 2.17008
225000 25000 149998 -2.3598
220000 30000 150000 0.333027
225000 30000 150000 -0.462766
225000 25000 149998 -2.3598
230000 25000 149995 -4.63767
225000 30000 150000 -0.462766
230000 30000 149995 -5.35224
230000 20000 149995 -5.0758
235000 20000 149994 -6.12104
230000 25000 149995 -4.63767
235000 25000 149995 -4.91812
235000 20000 149994 -6.12104
240000 20000 149993 -6.86653
235000 25000 149995 -4.91812
240000 25000 149993 -6.59305
230000 25000 149995 -4.63767
235000 25000 149995 -4.91812
230000 30000 149995 -5.35224
235000 30000 149995 -5.42265
235000 25000 149995 -4.91812
240000 25000 149993 -6.59305
235000 30000 149995 -5.42265
240000 30000 149993 -6.68971
160000 30000 150010 10.1855
165000 30000 150015 14.7164
160000 35000 150013 12.6969
165000 35000 150014 14.2964
165000 30000 150015 14.7164
170000 30000 150017 17.4722
165000 35000 150014 14.2964
170000 35000 150018 18.0233
160000 35000 150013 12.6969
165000 35000 150014 14.2964
160000 40000 150000 -0.412013
165000 40000 150011 10.6168
165000 35000 150014 14.2964
170000 35000 150018 18.0233
165000 40000 150011 10.6168
170000 40000 150017 17.4311
170000 30000 150017 17.4722
175000 30000 150019 19.1296
170000 35000 150018 18.0233
175000 35000 150021 21.2297
175000 30000 150019 19.1296
180000 30000 150020 20.0386
175000 35000 150021 21.2297
180000 35000 150021 21.077
170000 35000 150018 18.0233
175000 35000 150021 21.2297
170000 40000 150017 17.4311
175000 40000 150019 19.1346
175000 35000 150021 21.2297
180000 35000 150021 21.077
175000 40000 150019 19.1346
180000 40000 150021 21.3712
180000 30000 150020 20.0386
185000 30000 150022 22.037
180000 35000 150021 21.077
185000 35000 150021 21.3689
185000 30000 150022 22.037
190000 30000 150019 19.2938
185000 35000 150021 21.3689
190000 35000 150020 20.3408
180000 35000 150021 21.077
185000 35000 150021 21.3689
180000 40000 150021 21.3712
185000 40000 150022 22.1357
185000 35000 150021 21.3689
190000 35000 150020 20.3408
185000 40000 150022 22.1357
190000 40000 150022 21.8413
190000 30000 150019 19.2938
195000 30000 150015 15.3237
190000 35000 150020 20.3408
195000 35000 150017 17.3077
195000 30000 150015 15.3237
200000 30000 150013 12.5847
195000 35000 150017 17.3077
200000 35000 150013 13.0581
190000 35000 150020 20.3408
195000 35000 150017 17.3077
190000 40000 150022 21.8413
195000 40000 150017 17.4576
195000 35000 150017 17.3077
200000 35000 150013 13.0581
195000 40000 150017 17.4576
200000 40000 150016 16.4771
200000 30000 150013 12.5847
205000 30000 150008 8.33701
200000 35000 150013 13.0581
205000 35000 150012 12.0613
205000 30000 150008 8.33701
210000 30000 150005 4.84531
205000 35000 150012 12.0613
210000 35000 150005 5.25732
200000 35000 150013 13.0581
205000 35000 150012 12.0613
200000 40000 150016 16.4771
205000 40000 150012 11.9596
205000 35000 150012 12.0613
210000 35000 150005 5.25732
205000 40000 150012 11.9596
210000 40000 150008 8.26261
210000 30000 150005 4.84531
215000 30000 150004 3.75449
210000 35000 150005 5.25732
215000 35000 150003 2.78953
215000 30000 150004 3.75449
220000 30000 150000 0.333027
215000 35000 150003 2.78953
220000 35000 150002 1.8692
210000 35000 150005 5.25732
215000 35000 150003 2.78953
210000 40000 150008 8.26261
215000 40000 150005 4.71994
215000 35000 150003 2.78953
220000 35000 150002 1.8692
215000 40000 150005 4.71994
220000 40000 150001 0.845657
220000 30000 150000 0.333027
225000 30000 150000 -0.462766
220000 35000 150002 1.8692
225000 35000 150000 -0.0899613
225000 30000 150000 -0.462766
230000 30000 149995 -5.35224
225000 35000 150000 -0.0899613
230000 35000 149998 -1.61572
220000 35000 150002 1.8692
225000 35000 150000 -0.0899613
220000 40000 150001 0.845657
225000 40000 149999 -1.48898
225000 35000 150000 -0.0899613
230000 35000 149998 -1.61572
225000 40000 149999 -1.48898
230000 40000 149998 -2.34451
230000 30000 149995 -5.35224
235000 30000 149995 -5.42265
230000 35000 149998 -1.61572
235000 35000 149996 -3.75541
235000 30000 149995 -5.42265
240000 30000 149993 -6.68971
235000 35000 149996 -3.75541
240000 35000 149993 -6.8464
230000 35000 149998 -1.61572
235000 35000 149996 -3.75541
230000 40000 149998 -2.34451
235000 40000 149995 -5.2491
235000 35000 149996 -3.75541
240000 35000 149993 -6.8464
235000 40000 149995 -5.2491
240000 40000 149993 -6.72495
160000 40000 150000 -0.412013
165000 40000 150011 10.6168
160000 45000 150009 8.73129
165000 45000 150015 15.1412
165000 40000 150011 10.6168
170000 40000 150017 17.4311
165000 45000 150015 15.1412
170000 45000 150016 16.4185
160000 45000 150009 8.73129
165000 45000 150015 15.1412
160000 50000 149989 -10.7044
165000 50000 150003 3.47137
165000 45000 150015 15.1412
170000 45000 150016 16.4185
165000 50000 150003 3.47137
170000 50000 150015 14.9028
170000 40000 150017 17.4311
175000 40000 150019 19.1346
170000 45000 150016 16.4185
175000 45000 150019 18.5033
175000 40000 150019 19.1346
180000 40000 150021 21.3712
175000 45000 150019 18.5033
180000 45000 150021 20.898
170000 45000 150016 16.4185
175000 45000 150019 18.5033
170000 50000 150015 14.9028
175000 50000 150019 18.6582
175000 45000 150019 18.5033
180000 45000 150021 20.898
175000 50000 150019 18.6582
180000 50000 150022 21.6667
180000 40000 150021 21.3712
185000 40000 150022 22.1357
180000 45000 150021 20.898
185000 45000 150023 22.9909
185000 40000 150022 22.1357
190000 40000 150022 21.8413
185000 45000 150023 22.9909
190000 45000 150021 20.9062
180000 45000 150021 20.898
185000 45000 150023 22.9909
180000 50000 150022 21.6667
185000 50000 150023 22.5877
185000 45000 150023 22.9909
190000 45000 150021 20.9062
185000 50000 150023 22.5877
190000 50000 150023 22.5407
190000 40000 150022 21.8413
195000 40000 150017 17.4576
190000 45000 150021 20.9062
195000 45000 150020 20.0185
195000 40000 150017 17.4576
200000 40000 150016 16.4771
195000 45000 150020 20.0185
200000 45000 150017 17.0083
190000 45000 150021 20.9062
195000 45000 150020 20.0185
190000 50000 150023 22.5407
195000 50000 150021 20.9728
195000 45000 150020 20.0185
200000 45000 150017 17.0083
195000 50000 150021 20.9728
200000 50000 150019 19.0042
200000 40000 150016 16.4771
205000 40000 150012 11.9596
200000 45000 150017 17.0083
205000 45000 150012 12.059
205000 40000 150012 11.9596
210000 40000 150008 8.26261
205000 45000 150012 12.059
210000 45000 150008 7.96217
200000 45000 150017 17.0083
205000 45000 150012 12.059
200000 50000 150019 19.0042
205000 50000 150016 15.8956
205000 45000 150012 12.059
210000 45000 150008 7.96217
205000 50000 150016 15.8956
210000 50000 150010 10.3722
210000 40000 150008 8.26261
215000 40000 150005 4.71994
210000 45000 150008 7.96217
215000 45000 150005 4.91833
215000 40000 150005 4.71994
220000 40000 150001 0.845657
215000 45000 150005 4.91833
220000 45000 150005 4.80931
210000 45000 150008 7.96217
215000 45000 150005 4.91833
210000 50000 150010 10.3722
215000 50000 150004 4.46409
215000 45000 150005 4.91833
220000 45000 150005 4.80931
215000 50000 150004 4.46409
220000 50000 150001 0.977013
220000 40000 150001 0.845657
225000 40000 149999 -1.48898
220000 45000 150005 4.80931
225000 45000 150002 1.60391
225000 40000 149999 -1.48898
230000 40000 149998 -2.34451
225000 45000 150002 1.60391
230000 45000 149997 -2.5281
220000 45000 150005 4.80931
225000 45000 150002 1.60391
220000 50000 150001 0.977013
225000 50000 150001 1.04431
225000 45000 150002 1.60391
230000 45000 149997 -2.5281
225000 50000 150001 1.04431
230000 50000 149995 -4.93117
230000 40000 149998 -2.34451
235000 40000 149995 -5.2491
230000 45000 149997 -2.5281
235000 45000 149995 -5.16519
235000 40000 149995 -5.2491
240000 40000 149993 -6.72495
235000 45000 149995 -5.16519
240000 45000 149992 -8.16898
230000 45000 149997 -2.5281
235000 45000 149995 -5.16519
230000 50000 149995 -4.93117
235000 50000 149995 -5.03097
235000 45000 149995 -5.16519
240000 45000 149992 -8.16898
235000 50000 149995 -5.03097
240000 50000 149994 -5.73193
160000 50000 149989 -10.7044
165000 50000 150003 3.47137
160000 55000 149983 -16.728
165000 55000 150006 5.72459
165000 50000 150003 3.47137
170000 50000 150015 14.9028
165000 55000 150006 5.72459
170000 55000 150013 12.7813
160000 55000 149983 -16.728
165000 55000 150006 5.72459
160000 60000 149967 -33.4332
165000 60000 149999 -1.4436
165000 55000 150006 5.72459
170000 55000 150013 12.7813
165000 60000 149999 -1.4436
170000 60000 150009 9.20362
170000 50000 150015 14.9028
175000 50000 150019 18.6582
170000 55000 150013 12.7813
175000 55000 150017 16.7688
175000 50000 150019 18.6582
180000 50000 150022 21.6667
175000 55000 150017 16.7688
180000 55000 150021 20.5781
170000 55000 150013 12.7813
175000 55000 150017 16.7688
170000 60000 150009 9.20362
175000 60000 150021 20.5061
175000 55000 150017 16.7688
180000 55000 150021 20.5781
175000 60000 150021 20.5061
180000 60000 150022 21.98
180000 50000 150022 21.6667
185000 50000 150023 22.5877
180000 55000 150021 20.5781
185000 55000 150023 23.2444
185000 50000 150023 22.5877
190000 50000 150023 22.5407
185000 55000 150023 23.2444
190000 55000 150024 24.3705
180000 55000 150021 20.5781
185000 55000 150023 23.2444
180000 60000 150022 21.98
185000 60000 150022 22.1942
185000 55000 150023 23.2444
190000 55000 150024 24.3705
185000 60000 150022 22.1942
190000 60000 150023 23.0974
190000 50000 150023 22.5407
195000 50000 150021 20.9728
190000 55000 150024 24.3705
195000 55000 150023 22.6501
195000 50000 150021 20.9728
200000 50000 150019 19.0042
195000 55000 150023 22.6501
200000 55000 150018 18.1966
190000 55000 150024 24.3705
195000 55000 150023 22.6501
190000 60000 150023 23.0974
195000 60000 150022 22.0692
195000 55000 150023 22.6501
200000 55000 150018 18.1966
195000 60000 150022 22.0692
200000 60000 150018 18.4379
200000 50000 150019 19.0042
205000 50000 150016 15.8956
200000 55000 150018 18.1966
205000 55000 150014 13.7632
205000 50000 150016 15.8956
210000 50000 150010 10.3722
205000 55000 150014 13.7632
210000 55000 150008 8.47813
200000 55000 150018 18.1966
205000 55000 150014 13.7632
200000 60000 150018 18.4379
205000 60000 150017 17.4757
205000 55000 150014 13.7632
210000 55000 150008 8.47813
205000 60000 150017 17.4757
210000 60000 150014 14.0838
210000 50000 150010 10.3722
215000 50000 150004 4.46409
210000 55000 150008 8.47813
215000 55000 150009 9.24772
215000 50000 150004 4.46409
220000 50000 150001 0.977013
215000 55000 150009 9.24772
220000 55000 150006 5.6681
210000 55000 150008 8.47813
215000 55000 150009 9.24772
210000 60000 150014 14.0838
215000 60000 150011 10.8566
215000 55000 150009 9.24772
220000 55000 150006 5.6681
215000 60000 150011 10.8566
220000 60000 150006 5.52571
220000 50000 150001 0.977013
225000 50000 150001 1.04431
220000 55000 150006 5.6681
225000 55000 150001 0.590913
225000 50000 150001 1.04431
230000 50000 149995 -4.93117
225000 55000 150001 0.590913
230000 55000 149999 -0.76961
220000 55000 150006 5.6681
225000 55000 150001 0.590913
220000 60000 150006 5.52571
225000 60000 150002 2.28545
225000 55000 150001 0.590913
230000 55000 149999 -0.76961
225000 60000 150002 2.28545
230000 60000 150000 -0.286873
230000 50000 149995 -4.93117
235000 50000 149995 -5.03097
230000 55000 149999 -0.76961
235000 55000 149996 -3.7959
235000 50000 149995 -5.03097
240000 50000 149994 -5.73193
235000 55000 149996 -3.7959
240000 55000 149994 -6.37327
230000 55000 149999 -0.76961
235000 55000 149996 -3.7959
230000 60000 150000 -0.286873
235000 60000 149997 -3.20838
235000 55000 149996 -3.7959
240000 55000 149994 -6.37327
235000 60000 149997 -3.20838
240000 60000 149994 -5.71341
160000 60000 149967 -33.4332
165000 60000 149999 -1.4436
160000 65000 149955 -44.9011
165000 65000 149975 -25.1544
165000 60000 149999 -1.4436
170000 60000 150009 9.20362
165000 65000 149975 -25.1544
170000 65000 150009 8.51695
160000 65000 149955 -44.9011
165000 65000 149975 -25.1544
160000 70000 149925 -74.6559
165000 70000 149965 -35.3695
165000 65000 149975 -25.1544
170000 65000 150009 8.51695
165000 70000 149965 -35.3695
170000 70000 149999 -1.47388
170000 60000 150009 9.20362
175000 60000 150021 20.5061
170000 65000 150009 8.51695
175000 65000 150022 21.9793
175000 60000 150021 20.5061
180000 60000 150022 21.98
175000 65000 150022 21.9793
180000 65000 150023 22.7725
170000 65000 150009 8.51695
175000 65000 150022 21.9793
170000 70000 149999 -1.47388
175000 70000 150015 15.2005
175000 65000 150022 21.9793
180000 65000 150023 22.7725
175000 70000 150015 15.2005
180000 70000 150022 21.9771
180000 60000 150022 21.98
185000 60000 150022 22.1942
180000 65000 150023 22.7725
185000 65000 150023 23.2414
185000 60000 150022 22.1942
190000 60000 150023 23.0974
185000 65000 150023 23.2414
190000 65000 150024 24.0917
180000 65000 150023 22.7725
185000 65000 150023 23.2414
180000 70000 150022 21.9771
185000 70000 150024 24.3355
185000 65000 150023 23.2414
190000 65000 150024 24.0917
185000 70000 150024 24.3355
190000 70000 150025 24.835
190000 60000 150023 23.0974
195000 60000 150022 22.0692
190000 65000 150024 24.0917
195000 65000 150022 21.5097
195000 60000 150022 22.0692
200000 60000 150018 18.4379
195000 65000 150022 21.5097
200000 65000 150022 21.8722
190000 65000 150024 24.0917
195000 65000 150022 21.5097
190000 70000 150025 24.835
195000 70000 150025 25.2556
195000 65000 150022 21.5097
200000 65000 150022 21.8722
195000 70000 150025 25.2556
200000 70000 150023 23.2699
160000 70000 149925 -74.6559
165000 70000 149965 -35.3695
160000 75000 149902 -98.0044
165000 75000 149950 -50.3216
165000 70000 149965 -35.3695
170000 70000 149999 -1.47388
165000 75000 149950 -50.3216
170000 75000 149976 -23.6533
160000 75000 149902 -98.0044
165000 75000 149950 -50.3216
160000 80000 149901 -98.8771
165000 80000 149921 -78.8622
165000 75000 149950 -50.3216
170000 75000 149976 -23.6533
165000 80000 149921 -78.8622
170000 80000 149965 -35.2324
170000 70000 149999 -1.47388
175000 70000 150015 15.2005
170000 75000 149976 -23.6533
175000 75000 150007 6.78382
175000 70000 150015 15.2005
180000 70000 150022 21.9771
175000 75000 150007 6.78382
180000 75000 150023 23.4478
170000 75000 149976 -23.6533
175000 75000 150007 6.78382
170000 80000 149965 -35.2324
175000 80000 150002 2.1755
175000 75000 150007 6.78382
180000 75000 150023 23.4478
175000 80000 150002 2.1755
180000 80000 150023 22.8928
180000 70000 150022 21.9771
185000 70000 150024 24.3355
180000 75000 150023 23.4478
185000 75000 150027 27.4378
185000 70000 150024 24.3355
190000 70000 150025 24.835
185000 75000 150027 27.4378
190000 75000 150028 27.6689
180000 75000 150023 23.4478
185000 75000 150027 27.4378
180000 80000 150023 22.8928
185000 80000 150027 26.8461
185000 75000 150027 27.4378
190000 75000 150028 27.6689
185000 80000 150027 26.8461
190000 80000 150028 27.5117
190000 70000 150025 24.835
195000 70000 150025 25.2556
190000 75000 150028 27.6689
195000 75000 150026 25.6316
195000 70000 150025 25.2556
200000 70000 150023 23.2699
195000 75000 150026 25.6316
200000 75000 150023 23.2949
190000 75000 150028 27.6689
195000 75000 150026 25.6316
190000 80000 150028 27.5117
195000 80000 150026 26.1938
195000 75000 150026 25.6316
200000 75000 150023 23.2949
195000 80000 150026 26.1938
200000 80000 150025 25.2283
110000 80000 150025 24.8196
115000 80000 150024 24.4366
110000 85000 150022 21.6233
115000 85000 150023 23.1075
115000 80000 150024 24.4366
120000 80000 150025 24.7432
115000 85000 150023 23.1075
120000 85000 150024 24.2628
110000 85000 150022 21.6233
115000 85000 150023 23.1075
110000 90000 150021 20.5374
115000 90000 150022 22.0569
115000 85000 150023 23.1075
120000 85000 150024 24.2628
115000 90000 150022 22.0569
120000 90000 150023 22.8395
120000 80000 150025 24.7432
125000 80000 150023 22.5201
120000 85000 150024 24.2628
125000 85000 150021 21.4222
125000 80000 150023 22.5201
130000 80000 150018 17.8082
125000 85000 150021 21.4222
130000 85000 150019 19.0232
120000 85000 150024 24.2628
125000 85000 150021 21.4222
120000 90000 150023 22.8395
125000 90000 150022 21.6072
125000 85000 150021 21.4222
130000 85000 150019 19.0232
125000 90000 150022 21.6072
130000 90000 150019 18.7037
130000 80000 150018 17.8082
135000 80000 150014 14.3955
130000 85000 150019 19.0232
135000 85000 150016 16.2815
135000 80000 150014 14.3955
140000 80000 150013 12.5974
135000 85000 150016 16.2815
140000 85000 150014 13.7029
130000 85000 150019 19.0232
135000 85000 150016 16.2815
130000 90000 150019 18.7037
135000 90000 150015 14.5761
135000 85000 150016 16.2815
140000 85000 150014 13.7029
135000 90000 150015 14.5761
140000 90000 150009 9.10783
140000 80000 150013 12.5974
145000 80000 150002 2.38961
140000 85000 150014 13.7029
145000 85000 150008 8.00351
145000 80000 150002 2.38961
150000 80000 149974 -26.086
145000 85000 150008 8.00351
150000 85000 149989 -11.1107
140000 85000 150014 13.7029
145000 85000 150008 8.00351
140000 90000 150009 9.10783
145000 90000 149998 -1.87678
145000 85000 150008 8.00351
150000 85000 149989 -11.1107
145000 90000 149998 -1.87678
150000 90000 149998 -2.42027
150000 80000 149974 -26.086
155000 80000 149944 -56.3409
150000 85000 149989 -11.1107
155000 85000 149965 -35.4732
155000 80000 149944 -56.3409
160000 80000 149901 -98.8771
155000 85000 149965 -35.4732
160000 85000 149920 -79.5107
150000 85000 149989 -11.1107
155000 85000 149965 -35.4732
150000 90000 149998 -2.42027
155000 90000 149976 -24.2584
155000 85000 149965 -35.4732
160000 85000 149920 -79.5107
155000 90000 149976 -24.2584
160000 90000 149949 -50.636
100000 90000 150017 17.1742
105000 90000 150019 19.0595
100000 95000 150016 15.5729
105000 95000 150019 18.6014
105000 90000 150019 19.0595
110000 90000 150021 20.5374
105000 95000 150019 18.6014
110000 95000 150021 21.4003
100000 95000 150016 15.5729
105000 95000 150019 18.6014
100000 100000 150016 15.9793
105000 100000 150018 18.0272
105000 95000 150019 18.6014
110000 95000 150021 21.4003
105000 100000 150018 18.0272
110000 100000 150018 17.8511
110000 90000 150021 20.5374
115000 90000 150022 22.0569
110000 95000 150021 21.4003
115000 95000 150021 20.5005
115000 90000 150022 22.0569
120000 90000 150023 22.8395
115000 95000 150021 20.5005
120000 95000 150021 21.4028
110000 95000 150021 21.4003
115000 95000 150021 20.5005
110000 100000 150018 17.8511
115000 100000 150021 21.4677
115000 95000 150021 20.5005
120000 95000 150021 21.4028
115000 100000 150021 21.4677
120000 100000 150021 20.9986
120000 90000 150023 22.8395
125000 90000 150022 21.6072
120000 95000 150021 21.4028
125000 95000 150021 20.9083
125000 90000 150022 21.6072
130000 90000 150019 18.7037
125000 95000 150021 20.9083
130000 95000 150018 18.395
120000 95000 150021 21.4028
125000 95000 150021 20.9083
120000 100000 150021 20.9986
125000 100000 150020 19.8966
125000 95000 150021 20.9083
130000 95000 150018 18.395
125000 100000 150020 19.8966
130000 100000 150018 17.9262
130000 90000 150019 18.7037
135000 90000 150015 14.5761
130000 95000 150018 18.395
135000 95000 150014 14.326
135000 90000 150015 14.5761
140000 90000 150009 9.10783
135000 95000 150014 14.326
140000 95000 150013 13.0444
130000 95000 150018 18.395
135000 95000 150014 14.326
130000 100000 150018 17.9262
135000 100000 150014 14.3923
135000 95000 150014 14.326
140000 95000 150013 13.0444
135000 100000 150014 14.3923
140000 100000 150012 11.7937
140000 90000 150009 9.10783
145000 90000 149998 -1.87678
140000 95000 150013 13.0444
145000 95000 150010 9.89593
145000 90000 149998 -1.87678
150000 90000 149998 -2.42027
145000 95000 150010 9.89593
150000 95000 150002 1.85801
140000 95000 150013 13.0444
145000 95000 150010 9.89593
140000 100000 150012 11.7937
145000 100000 150008 7.53809
145000 95000 150010 9.89593
150000 95000 150002 1.85801
145000 100000 150008 7.53809
150000 100000 150004 3.6064
150000 90000 149998 -2.42027
155000 90000 149976 -24.2584
150000 95000 150002 1.85801
155000 95000 149984 -15.773
155000 90000 149976 -24.2584
160000 90000 149949 -50.636
155000 95000 149984 -15.773
160000 95000 149964 -35.7603
150000 95000 150002 1.85801
155000 95000 149984 -15.773
150000 100000 150004 3.6064
155000 100000 149991 -8.86434
155000 95000 149984 -15.773
160000 95000 149964 -35.7603
155000 100000 149991 -8.86434
160000 100000 149972 -27.8578
80000 100000 150004 3.85556
85000 100000 150008 8.32928
80000 105000 150009 8.53046
85000 105000 150009 8.98166
85000 100000 150008 8.32928
90000 100000 150009 8.59498
85000 105000 150009 8.98166
90000 105000 150010 10.4233
80000 105000 150009 8.53046
85000 105000 150009 8.98166
80000 110000 150007 7.03686
85000 110000 150006 6.45105
85000 105000 150009 8.98166
90000 105000 150010 10.4233
85000 110000 150006 6.45105
90000 110000 150010 9.76834
90000 100000 150009 8.59498
95000 100000 150011 11.339
90000 105000 150010 10.4233
95000 105000 150012 11.7091
95000 100000 150011 11.339
100000 100000 150016 15.9793
95000 105000 150012 11.7091
100000 105000 150014 13.6666
90000 105000 150010 10.4233
95000 105000 150012 11.7091
90000 110000 150010 9.76834
95000 110000 150013 13.4627
95000 105000 150012 11.7091
100000 105000 150014 13.6666
95000 110000 150013 13.4627
100000 110000 150015 14.7447
100000 100000 150016 15.9793
105000 100000 150018 18.0272
100000 105000 150014 13.6666
105000 105000 150016 16.2405
105000 100000 150018 18.0272
110000 100000 150018 17.8511
105000 105000 150016 16.2405
110000 105000 150019 18.5387
100000 105000 150014 13.6666
105000 105000 150016 16.2405
100000 110000 150015 14.7447
105000 110000 150018 18.4297
105000 105000 150016 16.2405
110000 105000 150019 18.5387
105000 110000 150018 18.4297
110000 110000 150019 18.612
110000 100000 150018 17.8511
115000 100000 150021 21.4677
110000 105000 150019 18.5387
115000 105000 150020 19.9833
115000 100000 150021 21.4677
120000 100000 150021 20.9986
115000 105000 150020 19.9833
120000 105000 150020 20.3487
110000 105000 150019 18.5387
115000 105000 150020 19.9833
110000 110000 150019 18.612
115000 110000 150017 17.4792
115000 105000 150020 19.9833
120000 105000 150020 20.3487
115000 110000 150017 17.4792
120000 110000 150018 18.164
120000 100000 150021 20.9986
125000 100000 150020 19.8966
120000 105000 150020 20.3487
125000 105000 150020 19.8354
125000 100000 150020 19.8966
130000 100000 150018 17.9262
125000 105000 150020 19.8354
130000 105000 150020 20.0698
120000 105000 150020 20.3487
125000 105000 150020 19.8354
120000 110000 150018 18.164
125000 110000 150019 19.3442
125000 105000 150020 19.8354
130000 105000 150020 20.0698
125000 110000 150019 19.3442
130000 110000 150017 17.3464
130000 100000 150018 17.9262
135000 100000 150014 14.3923
130000 105000 150020 20.0698
135000 105000 150014 14.2913
135000 100000 150014 14.3923
140000 100000 150012 11.7937
135000 105000 150014 14.2913
140000 105000 150009 8.83117
130000 105000 150020 20.0698
135000 105000 150014 14.2913
130000 110000 150017 17.3464
135000 110000 150016 15.8861
135000 105000 150014 14.2913
140000 105000 150009 8.83117
135000 110000 150016 15.8861
140000 110000 150010 9.78326
140000 100000 150012 11.7937
145000 100000 150008 7.53809
140000 105000 150009 8.83117
145000 105000 150003 2.8827
145000 100000 150008 7.53809
150000 100000 150004 3.6064
145000 105000 150003 2.8827
150000 105000 149999 -0.699619
140000 105000 150009 8.83117
145000 105000 150003 2.8827
140000 110000 150010 9.78326
145000 110000 150006 5.88947
145000 105000 150003 2.8827
150000 105000 149999 -0.699619
145000 110000 150006 5.88947
150000 110000 149997 -2.69711
150000 100000 150004 3.6064
155000 100000 149991 -8.86434
150000 105000 149999 -0.699619
155000 105000 149993 -7.36008
155000 100000 149991 -8.86434
160000 100000 149972 -27.8578
155000 105000 149993 -7.36008
160000 105000 149977 -23.1198
150000 105000 149999 -0.699619
155000 105000 149993 -7.36008
150000 110000 149997 -2.69711
155000 110000 149990 -10.0881
155000 105000 149993 -7.36008
160000 105000 149977 -23.1198
155000 110000 149990 -10.0881
160000 110000 149980 -19.5338
80000 110000 150007 7.03686
85000 110000 150006 6.45105
80000 115000 150006 5.86459
85000 115000 150009 8.82787
85000 110000 150006 6.45105
90000 110000 150010 9.76834
85000 115000 150009 8.82787
90000 115000 150010 10.2169
80000 115000 150006 5.86459
85000 115000 150009 8.82787
80000 120000 150007 6.51213
85000 120000 150008 8.30561
85000 115000 150009 8.82787
90000 115000 150010 10.2169
85000 120000 150008 8.30561
90000 120000 150010 9.67901
90000 110000 150010 9.76834
95000 110000 150013 13.4627
90000 115000 150010 10.2169
95000 115000 150013 13.0317
95000 110000 150013 13.4627
100000 110000 150015 14.7447
95000 115000 150013 13.0317
100000 115000 150016 15.5876
90000 115000 150010 10.2169
95000 115000 150013 13.0317
90000 120000 150010 9.67901
95000 120000 150011 10.5307
95000 115000 150013 13.0317
100000 115000 150016 15.5876
95000 120000 150011 10.5307
100000 120000 150012 11.7818
100000 110000 150015 14.7447
105000 110000 150018 18.4297
100000 115000 150016 15.5876
105000 115000 150016 16.3243
105000 110000 150018 18.4297
110000 110000 150019 18.612
105000 115000 150016 16.3243
110000 115000 150018 17.6217
100000 115000 150016 15.5876
105000 115000 150016 16.3243
100000 120000 150012 11.7818
105000 120000 150016 15.7553
105000 115000 150016 16.3243
110000 115000 150018 17.6217
105000 120000 150016 15.7553
110000 120000 150018 18.4506
110000 110000 150019 18.612
115000 110000 150017 17.4792
110000 115000 150018 17.6217
115000 115000 150019 19.0294
115000 110000 150017 17.4792
120000 110000 150018 18.164
115000 115000 150019 19.0294
120000 115000 150020 19.7122
110000 115000 150018 17.6217
115000 115000 150019 19.0294
110000 120000 150018 18.4506
115000 120000 150017 17.2521
115000 115000 150019 19.0294
120000 115000 150020 19.7122
115000 120000 150017 17.2521
120000 120000 150020 19.9527
120000 110000 150018 18.164
125000 110000 150019 19.3442
120000 115000 150020 19.7122
125000 115000 150019 18.9711
125000 110000 150019 19.3442
130000 110000 150017 17.3464
125000 115000 150019 18.9711
130000 115000 150018 17.9233
120000 115000 150020 19.7122
125000 115000 150019 18.9711
120000 120000 150020 19.9527
125000 120000 150020 19.6067
125000 115000 150019 18.9711
130000 115000 150018 17.9233
125000 120000 150020 19.6067
130000 120000 150018 17.539
130000 110000 150017 17.3464
135000 110000 150016 15.8861
130000 115000 150018 17.9233
135000 115000 150015 15.4365
135000 110000 150016 15.8861
140000 110000 150010 9.78326
135000 115000 150015 15.4365
140000 115000 150009 8.58201
130000 115000 150018 17.9233
135000 115000 150015 15.4365
130000 120000 150018 17.539
135000 120000 150015 14.7694
135000 115000 150015 15.4365
140000 115000 150009 8.58201
135000 120000 150015 14.7694
140000 120000 150012 11.7636
140000 110000 150010 9.78326
145000 110000 150006 5.88947
140000 115000 150009 8.58201
145000 115000 150002 1.57457
145000 110000 150006 5.88947
150000 110000 149997 -2.69711
145000 115000 150002 1.57457
150000 115000 149993 -6.79706
140000 115000 150009 8.58201
145000 115000 150002 1.57457
140000 120000 150012 11.7636
145000 120000 150004 4.296
145000 115000 150002 1.57457
150000 115000 149993 -6.79706
145000 120000 150004 4.296
150000 120000 149998 -1.64376
150000 110000 149997 -2.69711
155000 110000 149990 -10.0881
150000 115000 149993 -6.79706
155000 115000 149982 -18.1106
155000 110000 149990 -10.0881
160000 110000 149980 -19.5338
155000 115000 149982 -18.1106
160000 115000 149972 -27.9816
150000 115000 149993 -6.79706
155000 115000 149982 -18.1106
150000 120000 149998 -1.64376
155000 120000 149991 -8.74361
155000 115000 149982 -18.1106
160000 115000 149972 -27.9816
155000 120000 149991 -8.74361
160000 120000 149983 -16.8233
240000 0 149994 -5.60391
245000 0 149992 -8.06228
240000 5000 149994 -6.26465
245000 5000 149992 -7.93089
245000 0 149992 -8.06228
250000 0 149991 -9.42488
245000 5000 149992 -7.93089
250000 5000 149989 -11.2111
240000 5000 149994 -6.26465
245000 5000 149992 -7.93089
240000 10000 149991 -9.27394
245000 10000 149990 -10.09
245000 5000 149992 -7.93089
250000 5000 149989 -11.2111
245000 10000 149990 -10.09
250000 10000 149991 -9.4959
250000 0 149991 -9.42488
255000 0 149989 -10.9136
250000 5000 149989 -11.2111
255000 5000 149989 -10.7066
255000 0 149989 -10.9136
260000 0 149988 -11.5129
255000 5000 149989 -10.7066
260000 5000 149987 -13.0121
250000 5000 149989 -11.2111
255000 5000 149989 -10.7066
250000 10000 149991 -9.4959
255000 10000 149989 -11.3066
255000 5000 149989 -10.7066
260000 5000 149987 -13.0121
255000 10000 149989 -11.3066
260000 10000 149989 -11.491
260000 0 149988 -11.5129
265000 0 149987 -13.4409
260000 5000 149987 -13.0121
265000 5000 149987 -12.7037
265000 0 149987 -13.4409
270000 0 149987 -13.3488
265000 5000 149987 -12.7037
270000 5000 149987 -12.9867
260000 5000 149987 -13.0121
265000 5000 149987 -12.7037
260000 10000 149989 -11.491
265000 10000 149986 -13.6631
265000 5000 149987 -12.7037
270000 5000 149987 -12.9867
265000 10000 149986 -13.6631
270000 10000 149987 -13.3395
270000 0 149987 -13.3488
275000 0 149986 -14.4721
270000 5000 149987 -12.9867
275000 5000 149987 -13.0668
275000 0 149986 -14.4721
280000 0 149985 -14.6348
275000 5000 149987 -13.0668
280000 5000 149986 -14.1765
270000 5000 149987 -12.9867
275000 5000 149987 -13.0668
270000 10000 149987 -13.3395
275000 10000 149986 -13.8884
275000 5000 149987 -13.0668
280000 5000 149986 -14.1765
275000 10000 149986 -13.8884
280000 10000 149986 -13.9794
280000 0 149985 -14.6348
285000 0 149985 -14.646
280000 5000 149986 -14.1765
285000 5000 149985 -14.5247
285000 0 149985 -14.646
290000 0 149986 -14.2735
285000 5000 149985 -14.5247
290000 5000 149986 -13.5367
280000 5000 149986 -14.1765
285000 5000 149985 -14.5247
280000 10000 149986 -13.9794
285000 10000 149985 -14.5208
285000 5000 149985 -14.5247
290000 5000 149986 -13.5367
285000 10000 149985 -14.5208
290000 10000 149985 -14.6345
290000 0 149986 -14.2735
295000 0 149986 -14.3875
290000 5000 149986 -13.5367
295000 5000 149986 -14.4285
295000 0 149986 -14.3875
300000 0 149986 -14.0853
295000 5000 149986 -14.4285
300000 5000 149985 -14.6633
290000 5000 149986 -13.5367
295000 5000 149986 -14.4285
290000 10000 149985 -14.6345
295000 10000 149986 -14.1632
295000 5000 149986 -14.4285
300000 5000 149985 -14.6633
295000 10000 149986 -14.1632
300000 10000 149986 -14.4997
240000 10000 149991 -9.27394
245000 10000 149990 -10.09
240000 15000 149992 -7.89209
245000 15000 149992 -8.03114
245000 10000 149990 -10.09
250000 10000 149991 -9.4959
245000 15000 149992 -8.03114
250000 15000 149991 -9.11355
240000 15000 149992 -7.89209
245000 15000 149992 -8.03114
240000 20000 149993 -6.86653
245000 20000 149991 -9.39573
245000 15000 149992 -8.03114
250000 15000 149991 -9.11355
245000 20000 149991 -9.39573
250000 20000 149991 -9.4976
250000 10000 149991 -9.4959
255000 10000 149989 -11.3066
250000 15000 149991 -9.11355
255000 15000 149990 -10.2408
255000 10000 149989 -11.3066
260000 10000 149989 -11.491
255000 15000 149990 -10.2408
260000 15000 149988 -11.6802
250000 15000 149991 -9.11355
255000 15000 149990 -10.2408
250000 20000 149991 -9.4976
255000 20000 149990 -10.0327
255000 15000 149990 -10.2408
260000 15000 149988 -11.6802
255000 20000 149990 -10.0327
260000 20000 149989 -10.7676
260000 10000 149989 -11.491
265000 10000 149986 -13.6631
260000 15000 149988 -11.6802
265000 15000 149988 -12.1347
265000 10000 149986 -13.6631
270000 10000 149987 -13.3395
265000 15000 149988 -12.1347
270000 15000 149986 -14.0696
260000 15000 149988 -11.6802
265000 15000 149988 -12.1347
260000 20000 149989 -10.7676
265000 20000 149987 -13.0053
265000 15000 149988 -12.1347
270000 15000 149986 -14.0696
265000 20000 149987 -13.0053
270000 20000 149987 -12.666
270000 10000 149987 -13.3395
275000 10000 149986 -13.8884
270000 15000 149986 -14.0696
275000 15000 149986 -13.6562
275000 10000 149986 -13.8884
280000 10000 149986 -13.9794
275000 15000 149986 -13.6562
280000 15000 149986 -13.8698
270000 15000 149986 -14.0696
275000 15000 149986 -13.6562
270000 20000 149987 -12.666
275000 20000 149986 -14.075
275000 15000 149986 -13.6562
280000 15000 149986 -13.8698
275000 20000 149986 -14.075
280000 20000 149986 -14.4237
280000 10000 149986 -13.9794
285000 10000 149985 -14.5208
280000 15000 149986 -13.8698
285000 15000 149986 -14.4992
285000 10000 149985 -14.5208
290000 10000 149985 -14.6345
285000 15000 149986 -14.4992
290000 15000 149985 -14.5548
280000 15000 149986 -13.8698
285000 15000 149986 -14.4992
280000 20000 149986 -14.4237
285000 20000 149985 -14.5044
285000 15000 149986 -14.4992
290000 15000 149985 -14.5548
285000 20000 149985 -14.5044
290000 20000 149985 -14.5853
290000 10000 149985 -14.6345
295000 10000 149986 -14.1632
290000 15000 149985 -14.5548
295000 15000 149985 -14.7266
295000 10000 149986 -14.1632
300000 10000 149986 -14.4997
295000 15000 149985 -14.7266
300000 15000 149985 -14.7328
290000 15000 149985 -14.5548
295000 15000 149985 -14.7266
290000 20000 149985 -14.5853
295000 20000 149985 -14.5359
295000 15000 149985 -14.7266
300000 15000 149985 -14.7328
295000 20000 149985 -14.5359
300000 20000 149985 -14.8086
240000 20000 149993 -6.86653
245000 20000 149991 -9.39573
240000 25000 149993 -6.59305
245000 25000 149992 -7.87572
245000 20000 149991 -9.39573
250000 20000 149991 -9.4976
245000 25000 149992 -7.87572
250000 25000 149989 -10.526
240000 25000 149993 -6.59305
245000 25000 149992 -7.87572
240000 30000 149993 -6.68971
245000 30000 149992 -8.43843
245000 25000 149992 -7.87572
250000 25000 149989 -10.526
245000 30000 149992 -8.43843
250000 30000 149990 -9.6247
250000 20000 149991 -9.4976
255000 20000 149990 -10.0327
250000 25000 149989 -10.526
255000 25000 149989 -10.512
255000 20000 149990 -10.0327
260000 20000 149989 -10.7676
255000 25000 149989 -10.512
260000 25000 149988 -12.1703
250000 25000 149989 -10.526
255000 25000 149989 -10.512
250000 30000 149990 -9.6247
255000 30000 149989 -10.8667
255000 25000 149989 -10.512
260000 25000 149988 -12.1703
255000 30000 149989 -10.8667
260000 30000 149988 -11.5539
260000 20000 149989 -10.7676
265000 20000 149987 -13.0053
260000 25000 149988 -12.1703
265000 25000 149988 -12.2166
265000 20000 149987 -13.0053
270000 20000 149987 -12.666
265000 25000 149988 -12.2166
270000 25000 149987 -12.9462
260000 25000 149988 -12.1703
265000 25000 149988 -12.2166
260000 30000 149988 -11.5539
265000 30000 149988 -11.5524
265000 25000 149988 -12.2166
270000 25000 149987 -12.9462
265000 30000 149988 -11.5524
270000 30000 149988 -12.1745
270000 20000 149987 -12.666
275000 20000 149986 -14.075
270000 25000 149987 -12.9462
275000 25000 149987 -12.8411
275000 20000 149986 -14.075
280000 20000 149986 -14.4237
275000 25000 149987 -12.8411
280000 25000 149987 -13.2008
270000 25000 149987 -12.9462
275000 25000 149987 -12.8411
270000 30000 149988 -12.1745
275000 30000 149987 -12.7947
275000 25000 149987 -12.8411
280000 25000 149987 -13.2008
275000 30000 149987 -12.7947
280000 30000 149986 -13.6277
280000 20000 149986 -14.4237
285000 20000 149985 -14.5044
280000 25000 149987 -13.2008
285000 25000 149985 -14.5221
285000 20000 149985 -14.5044
290000 20000 149985 -14.5853
285000 25000 149985 -14.5221
290000 25000 149986 -14.4393
280000 25000 149987 -13.2008
285000 25000 149985 -14.5221
280000 30000 149986 -13.6277
285000 30000 149985 -14.5539
285000 25000 149985 -14.5221
290000 25000 149986 -14.4393
285000 30000 149985 -14.5539
290000 30000 149985 -14.6457
290000 20000 149985 -14.5853
295000 20000 149985 -14.5359
290000 25000 149986 -14.4393
295000 25000 149986 -14.443
295000 20000 149985 -14.5359
300000 20000 149985 -14.8086
295000 25000 149986 -14.443
300000 25000 149985 -14.7671
290000 25000 149986 -14.4393
295000 25000 149986 -14.443
290000 30000 149985 -14.6457
295000 30000 149985 -14.9059
295000 25000 149986 -14.443
300000 25000 149985 -14.7671
295000 30000 149985 -14.9059
300000 30000 149985 -15.0974
240000 30000 149993 -6.68971
245000 30000 149992 -8.43843
240000 35000 149993 -6.8464
245000 35000 149992 -7.98257
245000 30000 149992 -8.43843
250000 30000 149990 -9.6247
245000 35000 149992 -7.98257
250000 35000 149991 -8.80255
240000 35000 149993 -6.8464
245000 35000 149992 -7.98257
240000 40000 149993 -6.72495
245000 40000 149992 -8.27866
245000 35000 149992 -7.98257
250000 35000 149991 -8.80255
245000 40000 149992 -8.27866
250000 40000 149992 -8.43586
250000 30000 149990 -9.6247
255000 30000 149989 -10.8667
250000 35000 149991 -8.80255
255000 35000 149990 -10.4832
255000 30000 149989 -10.8667
260000 30000 149988 -11.5539
255000 35000 149990 -10.4832
260000 35000 149988 -12.0739
250000 35000 149991 -8.80255
255000 35000 149990 -10.4832
250000 40000 149992 -8.43586
255000 40000 149991 -9.45024
255000 35000 149990 -10.4832
260000 35000 149988 -12.0739
255000 40000 149991 -9.45024
260000 40000 149989 -10.516
260000 30000 149988 -11.5539
265000 30000 149988 -11.5524
260000 35000 149988 -12.0739
265000 35000 149987 -12.5708
265000 30000 149988 -11.5524
270000 30000 149988 -12.1745
265000 35000 149987 -12.5708
270000 35000 149987 -13.4809
260000 35000 149988 -12.0739
265000 35000 149987 -12.5708
260000 40000 149989 -10.516
265000 40000 149988 -12.1087
265000 35000 149987 -12.5708
270000 35000 149987 -13.4809
265000 40000 149988 -12.1087
270000 40000 149987 -12.5267
270000 30000 149988 -12.1745
275000 30000 149987 -12.7947
270000 35000 149987 -13.4809
275000 35000 149987 -13.0721
275000 30000 149987 -12.7947
280000 30000 149986 -13.6277
275000 35000 149987 -13.0721
280000 35000 149987 -13.2907
270000 35000 149987 -13.4809
275000 35000 149987 -13.0721
270000 40000 149987 -12.5267
275000 40000 149988 -12.2806
275000 35000 149987 -13.0721
280000 35000 149987 -13.2907
275000 40000 149988 -12.2806
280000 40000 149987 -13.2981
280000 30000 149986 -13.6277
285000 30000 149985 -14.5539
280000 35000 149987 -13.2907
285000 35000 149986 -14.0451
285000 30000 149985 -14.5539
290000 30000 149985 -14.6457
285000 35000 149986 -14.0451
290000 35000 149986 -14.0882
280000 35000 149987 -13.2907
285000 35000 149986 -14.0451
280000 40000 149987 -13.2981
285000 40000 149986 -13.5916
285000 35000 149986 -14.0451
290000 35000 149986 -14.0882
285000 40000 149986 -13.5916
290000 40000 149987 -13.3618
290000 30000 149985 -14.6457
295000 30000 149985 -14.9059
290000 35000 149986 -14.0882
295000 35000 149986 -14.2621
295000 30000 149985 -14.9059
300000 30000 149985 -15.0974
295000 35000 149986 -14.2621
300000 35000 149986 -14.4024
290000 35000 149986 -14.0882
295000 35000 149986 -14.2621
290000 40000 149987 -13.3618
295000 40000 149986 -13.9867
295000 35000 149986 -14.2621
300000 35000 149986 -14.4024
295000 40000 149986 -13.9867
300000 40000 149985 -14.9261
240000 40000 149993 -6.72495
245000 40000 149992 -8.27866
240000 45000 149992 -8.16898
245000 45000 149992 -7.92248
245000 40000 149992 -8.27866
250000 40000 149992 -8.43586
245000 45000 149992 -7.92248
250000 45000 149990 -10.0604
240000 45000 149992 -8.16898
245000 45000 149992 -7.92248
240000 50000 149994 -5.73193
245000 50000 149992 -7.6306
245000 45000 149992 -7.92248
250000 45000 149990 -10.0604
245000 50000 149992 -7.6306
250000 50000 149992 -8.09221
250000 40000 149992 -8.43586
255000 40000 149991 -9.45024
250000 45000 149990 -10.0604
255000 45000 149990 -10.1451
255000 40000 149991 -9.45024
260000 40000 149989 -10.516
255000 45000 149990 -10.1451
260000 45000 149988 -12.0168
250000 45000 149990 -10.0604
255000 45000 149990 -10.1451
250000 50000 149992 -8.09221
255000 50000 149991 -9.03443
255000 45000 149990 -10.1451
260000 45000 149988 -12.0168
255000 50000 149991 -9.03443
260000 50000 149990 -10.3497
260000 40000 149989 -10.516
265000 40000 149988 -12.1087
260000 45000 149988 -12.0168
265000 45000 149987 -12.6967
265000 40000 149988 -12.1087
270000 40000 149987 -12.5267
265000 45000 149987 -12.6967
270000 45000 149987 -13.1
260000 45000 149988 -12.0168
265000 45000 149987 -12.6967
260000 50000 149990 -10.3497
265000 50000 149989 -11.4898
265000 45000 149987 -12.6967
270000 45000 149987 -13.1
265000 50000 149989 -11.4898
270000 50000 149988 -12.1487
270000 40000 149987 -12.5267
275000 40000 149988 -12.2806
270000 45000 149987 -13.1
275000 45000 149988 -12.1092
275000 40000 149988 -12.2806
280000 40000 149987 -13.2981
275000 45000 149988 -12.1092
280000 45000 149987 -12.9693
270000 45000 149987 -13.1
275000 45000 149988 -12.1092
270000 50000 149988 -12.1487
275000 50000 149987 -13.3258
275000 45000 149988 -12.1092
280000 45000 149987 -12.9693
275000 50000 149987 -13.3258
280000 50000 149987 -13.2416
280000 40000 149987 -13.2981
285000 40000 149986 -13.5916
280000 45000 149987 -12.9693
285000 45000 149986 -13.9536
285000 40000 149986 -13.5916
290000 40000 149987 -13.3618
285000 45000 149986 -13.9536
290000 45000 149986 -14.3383
280000 45000 149987 -12.9693
285000 45000 149986 -13.9536
280000 50000 149987 -13.2416
285000 50000 149986 -13.7465
285000 45000 149986 -13.9536
290000 45000 149986 -14.3383
285000 50000 149986 -13.7465
290000 50000 149987 -13.1549
290000 40000 149987 -13.3618
295000 40000 149986 -13.9867
290000 45000 149986 -14.3383
295000 45000 149985 -14.5425
295000 40000 149986 -13.9867
300000 40000 149985 -14.9261
295000 45000 149985 -14.5425
300000 45000 149986 -13.8179
290000 45000 149986 -14.3383
295000 45000 149985 -14.5425
290000 50000 149987 -13.1549
295000 50000 149986 -13.6074
295000 45000 149985 -14.5425
300000 45000 149986 -13.8179
295000 50000 149986 -13.6074
300000 50000 149985 -14.641
240000 50000 149994 -5.73193
245000 50000 149992 -7.6306
240000 55000 149994 -6.37327
245000 55000 149993 -6.94904
245000 50000 149992 -7.6306
250000 50000 149992 -8.09221
245000 55000 149993 -6.94904
250000 55000 149990 -9.55459
240000 55000 149994 -6.37327
245000 55000 149993 -6.94904
240000 60000 149994 -5.71341
245000 60000 149992 -8.3174
245000 55000 149993 -6.94904
250000 55000 149990 -9.55459
245000 60000 149992 -8.3174
250000 60000 149992 -8.32409
250000 50000 149992 -8.09221
255000 50000 149991 -9.03443
250000 55000 149990 -9.55459
255000 55000 149988 -11.5822
255000 50000 149991 -9.03443
260000 50000 149990 -10.3497
255000 55000 149988 -11.5822
260000 55000 149988 -12.1159
250000 55000 149990 -9.55459
255000 55000 149988 -11.5822
250000 60000 149992 -8.32409
255000 60000 149991 -8.74499
255000 55000 149988 -11.5822
260000 55000 149988 -12.1159
255000 60000 149991 -8.74499
260000 60000 149990 -9.8663
260000 50000 149990 -10.3497
265000 50000 149989 -11.4898
260000 55000 149988 -12.1159
265000 55000 149987 -12.6482
265000 50000 149989 -11.4898
270000 50000 149988 -12.1487
265000 55000 149987 -12.6482
270000 55000 149988 -11.9602
260000 55000 149988 -12.1159
265000 55000 149987 -12.6482
260000 60000 149990 -9.8663
265000 60000 149989 -11.3884
265000 55000 149987 -12.6482
270000 55000 149988 -11.9602
265000 60000 149989 -11.3884
270000 60000 149988 -11.6441
270000 50000 149988 -12.1487
275000 50000 149987 -13.3258
270000 55000 149988 -11.9602
275000 55000 149987 -13.0135
275000 50000 149987 -13.3258
280000 50000 149987 -13.2416
275000 55000 149987 -13.0135
280000 55000 149986 -13.6145
270000 55000 149988 -11.9602
275000 55000 149987 -13.0135
270000 60000 149988 -11.6441
275000 60000 149987 -13.0308
275000 55000 149987 -13.0135
280000 55000 149986 -13.6145
275000 60000 149987 -13.0308
280000 60000 149987 -13.485
280000 50000 149987 -13.2416
285000 50000 149986 -13.7465
280000 55000 149986 -13.6145
285000 55000 149987 -13.2497
285000 50000 149986 -13.7465
290000 50000 149987 -13.1549
285000 55000 149987 -13.2497
290000 55000 149986 -14.0266
280000 55000 149986 -13.6145
285000 55000 149987 -13.2497
280000 60000 149987 -13.485
285000 60000 149986 -13.9294
285000 55000 149987 -13.2497
290000 55000 149986 -14.0266
285000 60000 149986 -13.9294
290000 60000 149986 -13.6976
290000 50000 149987 -13.1549
295000 50000 149986 -13.6074
290000 55000 149986 -14.0266
295000 55000 149986 -13.7974
295000 50000 149986 -13.6074
300000 50000 149985 -14.641
295000 55000 149986 -13.7974
300000 55000 149986 -13.7893
290000 55000 149986 -14.0266
295000 55000 149986 -13.7974
290000 60000 149986 -13.6976
295000 60000 149986 -14.2032
295000 55000 149986 -13.7974
300000 55000 149986 -13.7893
295000 60000 149986 -14.2032
300000 60000 149985 -14.7543
200000 60000 150018 18.4379
205000 60000 150017 17.4757
200000 65000 150022 21.8722
205000 65000 150020 20.1894
205000 60000 150017 17.4757
210000 60000 150014 14.0838
205000 65000 150020 20.1894
210000 65000 150015 15.2734
200000 65000 150022 21.8722
205000 65000 150020 20.1894
200000 70000 150023 23.2699
205000 70000 150019 19.025
205000 65000 150020 20.1894
210000 65000 150015 15.2734
205000 70000 150019 19.025
210000 70000 150014 13.5816
210000 60000 150014 14.0838
215000 60000 150011 10.8566
210000 65000 150015 15.2734
215000 65000 150012 11.5252
215000 60000 150011 10.8566
220000 60000 150006 5.52571
215000 65000 150012 11.5252
220000 65000 150008 7.67245
210000 65000 150015 15.2734
215000 65000 150012 11.5252
210000 70000 150014 13.5816
215000 70000 150011 11.1429
215000 65000 150012 11.5252
220000 65000 150008 7.67245
215000 70000 150011 11.1429
220000 70000 150005 5.37067
220000 60000 150006 5.52571
225000 60000 150002 2.28545
220000 65000 150008 7.67245
225000 65000 150004 3.8598
225000 60000 150002 2.28545
230000 60000 150000 -0.286873
225000 65000 150004 3.8598
230000 65000 150002 1.67167
220000 65000 150008 7.67245
225000 65000 150004 3.8598
220000 70000 150005 5.37067
225000 70000 150004 4.2757
225000 65000 150004 3.8598
230000 65000 150002 1.67167
225000 70000 150004 4.2757
230000 70000 149999 -0.755348
230000 60000 150000 -0.286873
235000 60000 149997 -3.20838
230000 65000 150002 1.67167
235000 65000 149998 -2.07062
235000 60000 149997 -3.20838
240000 60000 149994 -5.71341
235000 65000 149998 -2.07062
240000 65000 149994 -6.03417
230000 65000 150002 1.67167
235000 65000 149998 -2.07062
230000 70000 149999 -0.755348
235000 70000 149996 -3.56122
235000 65000 149998 -2.07062
240000 65000 149994 -6.03417
235000 70000 149996 -3.56122
240000 70000 149995 -4.64816
240000 60000 149994 -5.71341
245000 60000 149992 -8.3174
240000 65000 149994 -6.03417
245000 65000 149993 -6.75114
245000 60000 149992 -8.3174
250000 60000 149992 -8.32409
245000 65000 149993 -6.75114
250000 65000 149992 -7.67817
240000 65000 149994 -6.03417
245000 65000 149993 -6.75114
240000 70000 149995 -4.64816
245000 70000 149992 -7.65896
245000 65000 149993 -6.75114
250000 65000 149992 -7.67817
245000 70000 149992 -7.65896
250000 70000 149993 -7.2872
250000 60000 149992 -8.32409
255000 60000 149991 -8.74499
250000 65000 149992 -7.67817
255000 65000 149990 -9.78597
255000 60000 149991 -8.74499
260000 60000 149990 -9.8663
255000 65000 149990 -9.78597
260000 65000 149989 -11.2032
250000 65000 149992 -7.67817
255000 65000 149990 -9.78597
250000 70000 149993 -7.2872
255000 70000 149990 -10.2178
255000 65000 149990 -9.78597
260000 65000 149989 -11.2032
255000 70000 149990 -10.2178
260000 70000 149990 -10.3716
260000 60000 149990 -9.8663
265000 60000 149989 -11.3884
260000 65000 149989 -11.2032
265000 65000 149987 -12.513
265000 60000 149989 -11.3884
270000 60000 149988 -11.6441
265000 65000 149987 -12.513
270000 65000 149987 -13.3767
260000 65000 149989 -11.2032
265000 65000 149987 -12.513
260000 70000 149990 -10.3716
265000 70000 149989 -10.9244
265000 65000 149987 -12.513
270000 65000 149987 -13.3767
265000 70000 149989 -10.9244
270000 70000 149987 -12.5795
270000 60000 149988 -11.6441
275000 60000 149987 -13.0308
270000 65000 149987 -13.3767
275000 65000 149986 -13.5327
275000 60000 149987 -13.0308
280000 60000 149987 -13.485
275000 65000 149986 -13.5327
280000 65000 149987 -13.0846
270000 65000 149987 -13.3767
275000 65000 149986 -13.5327
270000 70000 149987 -12.5795
275000 70000 149987 -12.8514
275000 65000 149986 -13.5327
280000 65000 149987 -13.0846
275000 70000 149987 -12.8514
280000 70000 149987 -12.9476
280000 60000 149987 -13.485
285000 60000 149986 -13.9294
280000 65000 149987 -13.0846
285000 65000 149987 -13.3458
285000 60000 149986 -13.9294
290000 60000 149986 -13.6976
285000 65000 149987 -13.3458
290000 65000 149986 -13.6276
280000 65000 149987 -13.0846
285000 65000 149987 -13.3458
280000 70000 149987 -12.9476
285000 70000 149987 -12.5298
285000 65000 149987 -13.3458
290000 65000 149986 -13.6276
285000 70000 149987 -12.5298
290000 70000 149986 -13.6526
290000 60000 149986 -13.6976
295000 60000 149986 -14.2032
290000 65000 149986 -13.6276
295000 65000 149986 -14.4568
295000 60000 149986 -14.2032
300000 60000 149985 -14.7543
295000 65000 149986 -14.4568
300000 65000 149985 -14.5835
290000 65000 149986 -13.6276
295000 65000 149986 -14.4568
290000 70000 149986 -13.6526
295000 70000 149986 -13.7951
295000 65000 149986 -14.4568
300000 65000 149985 -14.5835
295000 70000 149986 -13.7951
300000 70000 149986 -14.4619
200000 70000 150023 23.2699
205000 70000 150019 19.025
200000 75000 150023 23.2949
205000 75000 150021 21.0549
205000 70000 150019 19.025
210000 70000 150014 13.5816
205000 75000 150021 21.0549
210000 75000 150018 17.5717
200000 75000 150023 23.2949
205000 75000 150021 21.0549
200000 80000 150025 25.2283
205000 80000 150022 21.5127
205000 75000 150021 21.0549
210000 75000 150018 17.5717
205000 80000 150022 21.5127
210000 80000 150017 17.4765
210000 70000 150014 13.5816
215000 70000 150011 11.1429
210000 75000 150018 17.5717
215000 75000 150013 12.6459
215000 70000 150011 11.1429
220000 70000 150005 5.37067
215000 75000 150013 12.6459
220000 75000 150007 7.02906
210000 75000 150018 17.5717
215000 75000 150013 12.6459
210000 80000 150017 17.4765
215000 80000 150013 12.9827
215000 75000 150013 12.6459
220000 75000 150007 7.02906
215000 80000 150013 12.9827
220000 80000 150009 8.90635
220000 70000 150005 5.37067
225000 70000 150004 4.2757
220000 75000 150007 7.02906
225000 75000 150004 4.42906
225000 70000 150004 4.2757
230000 70000 149999 -0.755348
225000 75000 150004 4.42906
230000 75000 150001 0.979465
220000 75000 150007 7.02906
225000 75000 150004 4.42906
220000 80000 150009 8.90635
225000 80000 150004 4.13229
225000 75000 150004 4.42906
230000 75000 150001 0.979465
225000 80000 150004 4.13229
230000 80000 149999 -0.683905
230000 70000 149999 -0.755348
235000 70000 149996 -3.56122
230000 75000 150001 0.979465
235000 75000 149995 -5.43675
235000 70000 149996 -3.56122
240000 70000 149995 -4.64816
235000 75000 149995 -5.43675
240000 75000 149992 -7.71782
230000 75000 150001 0.979465
235000 75000 149995 -5.43675
230000 80000 149999 -0.683905
235000 80000 149998 -2.32639
235000 75000 149995 -5.43675
240000 75000 149992 -7.71782
235000 80000 149998 -2.32639
240000 80000 149996 -4.33534
240000 70000 149995 -4.64816
245000 70000 149992 -7.65896
240000 75000 149992 -7.71782
245000 75000 149990 -9.83523
245000 70000 149992 -7.65896
250000 70000 149993 -7.2872
245000 75000 149990 -9.83523
250000 75000 149989 -10.6858
240000 75000 149992 -7.71782
245000 75000 149990 -9.83523
240000 80000 149996 -4.33534
245000 80000 149994 -6.46919
245000 75000 149990 -9.83523
250000 75000 149989 -10.6858
245000 80000 149994 -6.46919
250000 80000 149993 -7.00529
250000 70000 149993 -7.2872
255000 70000 149990 -10.2178
250000 75000 149989 -10.6858
255000 75000 149989 -10.5453
255000 70000 149990 -10.2178
260000 70000 149990 -10.3716
255000 75000 149989 -10.5453
260000 75000 149988 -11.8564
250000 75000 149989 -10.6858
255000 75000 149989 -10.5453
250000 80000 149993 -7.00529
255000 80000 149991 -8.84571
255000 75000 149989 -10.5453
260000 75000 149988 -11.8564
255000 80000 149991 -8.84571
260000 80000 149988 -11.6806
260000 70000 149990 -10.3716
265000 70000 149989 -10.9244
260000 75000 149988 -11.8564
265000 75000 149988 -12.3183
265000 70000 149989 -10.9244
270000 70000 149987 -12.5795
265000 75000 149988 -12.3183
270000 75000 149988 -11.5052
260000 75000 149988 -11.8564
265000 75000 149988 -12.3183
260000 80000 149988 -11.6806
265000 80000 149988 -11.9523
265000 75000 149988 -12.3183
270000 75000 149988 -11.5052
265000 80000 149988 -11.9523
270000 80000 149988 -12.4431
270000 70000 149987 -12.5795
275000 70000 149987 -12.8514
270000 75000 149988 -11.5052
275000 75000 149988 -12.2557
275000 70000 149987 -12.8514
280000 70000 149987 -12.9476
275000 75000 149988 -12.2557
280000 75000 149989 -11.4712
270000 75000 149988 -11.5052
275000 75000 149988 -12.2557
270000 80000 149988 -12.4431
275000 80000 149988 -12.3751
275000 75000 149988 -12.2557
280000 75000 149989 -11.4712
275000 80000 149988 -12.3751
280000 80000 149987 -12.6954
280000 70000 149987 -12.9476
285000 70000 149987 -12.5298
280000 75000 149989 -11.4712
285000 75000 149988 -12.4165
285000 70000 149987 -12.5298
290000 70000 149986 -13.6526
285000 75000 149988 -12.4165
290000 75000 149987 -13.0469
280000 75000 149989 -11.4712
285000 75000 149988 -12.4165
280000 80000 149987 -12.6954
285000 80000 149987 -13.1222
285000 75000 149988 -12.4165
290000 75000 149987 -13.0469
285000 80000 149987 -13.1222
290000 80000 149987 -12.8261
290000 70000 149986 -13.6526
295000 70000 149986 -13.7951
290000 75000 149987 -13.0469
295000 75000 149986 -13.6048
295000 70000 149986 -13.7951
300000 70000 149986 -14.4619
295000 75000 149986 -13.6048
300000 75000 149986 -13.6809
290000 75000 149987 -13.0469
295000 75000 149986 -13.6048
290000 80000 149987 -12.8261
295000 80000 149987 -13.3139
295000 75000 149986 -13.6048
300000 75000 149986 -13.6809
295000 80000 149987 -13.3139
300000 80000 149986 -14.1715
160000 80000 149901 -98.8771
165000 80000 149921 -78.8622
160000 85000 149920 -79.5107
165000 85000 149902 -98.4445
165000 80000 149921 -78.8622
170000 80000 149965 -35.2324
165000 85000 149902 -98.4445
170000 85000 149951 -49.4644
160000 85000 149920 -79.5107
165000 85000 149902 -98.4445
160000 90000 149949 -50.636
165000 90000 149910 -90.3636
165000 85000 149902 -98.4445
170000 85000 149951 -49.4644
165000 90000 149910 -90.3636
170000 90000 149925 -75.4275
170000 80000 149965 -35.2324
175000 80000 150002 2.1755
170000 85000 149951 -49.4644
175000 85000 149981 -18.6697
175000 80000 150002 2.1755
180000 80000 150023 22.8928
175000 85000 149981 -18.6697
180000 85000 150014 13.5749
170000 85000 149951 -49.4644
175000 85000 149981 -18.6697
170000 90000 149925 -75.4275
175000 90000 149964 -35.6704
175000 85000 149981 -18.6697
180000 85000 150014 13.5749
175000 90000 149964 -35.6704
180000 90000 150000 -0.425528
180000 80000 150023 22.8928
185000 80000 150027 26.8461
180000 85000 150014 13.5749
185000 85000 150028 28.1607
185000 80000 150027 26.8461
190000 80000 150028 27.5117
185000 85000 150028 28.1607
190000 85000 150027 26.8334
180000 85000 150014 13.5749
185000 85000 150028 28.1607
180000 90000 150000 -0.425528
185000 90000 150028 27.9243
185000 85000 150028 28.1607
190000 85000 150027 26.8334
185000 90000 150028 27.9243
190000 90000 150029 29.4169
190000 80000 150028 27.5117
195000 80000 150026 26.1938
190000 85000 150027 26.8334
195000 85000 150025 24.5928
195000 80000 150026 26.1938
200000 80000 150025 25.2283
195000 85000 150025 24.5928
200000 85000 150024 24.2072
190000 85000 150027 26.8334
195000 85000 150025 24.5928
190000 90000 150029 29.4169
195000 90000 150025 25.2083
195000 85000 150025 24.5928
200000 85000 150024 24.2072
195000 90000 150025 25.2083
200000 90000 150024 23.725
200000 80000 150025 25.2283
205000 80000 150022 21.5127
200000 85000 150024 24.2072
205000 85000 150022 21.9369
205000 80000 150022 21.5127
210000 80000 150017 17.4765
205000 85000 150022 21.9369
210000 85000 150020 20.351
200000 85000 150024 24.2072
205000 85000 150022 21.9369
200000 90000 150024 23.725
205000 90000 150022 21.8272
205000 85000 150022 21.9369
210000 85000 150020 20.351
205000 90000 150022 21.8272
210000 90000 150017 17.2801
210000 80000 150017 17.4765
215000 80000 150013 12.9827
210000 85000 150020 20.351
215000 85000 150015 15.4876
215000 80000 150013 12.9827
220000 80000 150009 8.90635
215000 85000 150015 15.4876
220000 85000 150010 9.52911
210000 85000 150020 20.351
215000 85000 150015 15.4876
210000 90000 150017 17.2801
215000 90000 150013 12.7347
215000 85000 150015 15.4876
220000 85000 150010 9.52911
215000 90000 150013 12.7347
220000 90000 150008 8.41195
220000 80000 150009 8.90635
225000 80000 150004 4.13229
220000 85000 150010 9.52911
225000 85000 150006 5.72754
225000 80000 150004 4.13229
230000 80000 149999 -0.683905
225000 85000 150006 5.72754
230000 85000 150003 2.98716
220000 85000 150010 9.52911
225000 85000 150006 5.72754
220000 90000 150008 8.41195
225000 90000 150007 6.78906
225000 85000 150006 5.72754
230000 85000 150003 2.98716
225000 90000 150007 6.78906
230000 90000 150002 2.37682
230000 80000 149999 -0.683905
235000 80000 149998 -2.32639
230000 85000 150003 2.98716
235000 85000 150000 -0.42403
235000 80000 149998 -2.32639
240000 80000 149996 -4.33534
235000 85000 150000 -0.42403
240000 85000 149995 -4.58872
230000 85000 150003 2.98716
235000 85000 150000 -0.42403
230000 90000 150002 2.37682
235000 90000 149998 -2.24916
235000 85000 150000 -0.42403
240000 85000 149995 -4.58872
235000 90000 149998 -2.24916
240000 90000 149995 -5.34407
240000 80000 149996 -4.33534
245000 80000 149994 -6.46919
240000 85000 149995 -4.58872
245000 85000 149992 -7.95966
245000 80000 149994 -6.46919
250000 80000 149993 -7.00529
245000 85000 149992 -7.95966
250000 85000 149992 -7.9258
240000 85000 149995 -4.58872
245000 85000 149992 -7.95966
240000 90000 149995 -5.34407
245000 90000 149993 -6.82008
245000 85000 149992 -7.95966
250000 85000 149992 -7.9258
245000 90000 149993 -6.82008
250000 90000 149991 -9.29861
250000 80000 149993 -7.00529
255000 80000 149991 -8.84571
250000 85000 149992 -7.9258
255000 85000 149989 -11.2922
255000 80000 149991 -8.84571
260000 80000 149988 -11.6806
255000 85000 149989 -11.2922
260000 85000 149988 -11.9649
250000 85000 149992 -7.9258
255000 85000 149989 -11.2922
250000 90000 149991 -9.29861
255000 90000 149990 -9.69418
255000 85000 149989 -11.2922
260000 85000 149988 -11.9649
255000 90000 149990 -9.69418
260000 90000 149989 -10.6668
260000 80000 149988 -11.6806
265000 80000 149988 -11.9523
260000 85000 149988 -11.9649
265000 85000 149987 -12.5327
265000 80000 149988 -11.9523
270000 80000 149988 -12.4431
265000 85000 149987 -12.5327
270000 85000 149988 -11.8411
260000 85000 149988 -11.9649
265000 85000 149987 -12.5327
260000 90000 149989 -10.6668
265000 90000 149988 -11.854
265000 85000 149987 -12.5327
270000 85000 149988 -11.8411
265000 90000 149988 -11.854
270000 90000 149987 -12.5439
270000 80000 149988 -12.4431
275000 80000 149988 -12.3751
270000 85000 149988 -11.8411
275000 85000 149987 -12.5719
275000 80000 149988 -12.3751
280000 80000 149987 -12.6954
275000 85000 149987 -12.5719
280000 85000 149988 -12.4024
270000 85000 149988 -11.8411
275000 85000 149987 -12.5719
270000 90000 149987 -12.5439
275000 90000 149988 -12.3277
275000 85000 149987 -12.5719
280000 85000 149988 -12.4024
275000 90000 149988 -12.3277
280000 90000 149988 -12.4598
280000 80000 149987 -12.6954
285000 80000 149987 -13.1222
280000 85000 149988 -12.4024
285000 85000 149987 -13.3124
285000 80000 149987 -13.1222
290000 80000 149987 -12.8261
285000 85000 149987 -13.3124
290000 85000 149986 -13.6087
280000 85000 149988 -12.4024
285000 85000 149987 -13.3124
280000 90000 149988 -12.4598
285000 90000 149987 -12.7678
285000 85000 149987 -13.3124
290000 85000 149986 -13.6087
285000 90000 149987 -12.7678
290000 90000 149986 -13.6393
290000 80000 149987 -12.8261
295000 80000 149987 -13.3139
290000 85000 149986 -13.6087
295000 85000 149986 -14.0383
295000 80000 149987 -13.3139
300000 80000 149986 -14.1715
295000 85000 149986 -14.0383
300000 85000 149986 -14.3187
290000 85000 149986 -13.6087
295000 85000 149986 -14.0383
290000 90000 149986 -13.6393
295000 90000 149986 -14.1731
295000 85000 149986 -14.0383
300000 85000 149986 -14.3187
295000 90000 149986 -14.1731
300000 90000 149986 -14.3626
160000 90000 149949 -50.636
165000 90000 149910 -90.3636
160000 95000 149964 -35.7603
165000 95000 149932 -67.7442
165000 90000 149910 -90.3636
170000 90000 149925 -75.4275
165000 95000 149932 -67.7442
170000 95000 149916 -84.461
160000 95000 149964 -35.7603
165000 95000 149932 -67.7442
160000 100000 149972 -27.8578
165000 100000 149953 -47.449
165000 95000 149932 -67.7442
170000 95000 149916 -84.461
165000 100000 149953 -47.449
170000 100000 149928 -71.8724
170000 90000 149925 -75.4275
175000 90000 149964 -35.6704
170000 95000 149916 -84.461
175000 95000 149951 -49.0885
175000 90000 149964 -35.6704
180000 90000 150000 -0.425528
175000 95000 149951 -49.0885
180000 95000 149983 -16.9619
170000 95000 149916 -84.461
175000 95000 149951 -49.0885
170000 100000 149928 -71.8724
175000 100000 149938 -61.566
175000 95000 149951 -49.0885
180000 95000 149983 -16.9619
175000 100000 149938 -61.566
180000 100000 149967 -32.6931
180000 90000 150000 -0.425528
185000 90000 150028 27.9243
180000 95000 149983 -16.9619
185000 95000 150018 18.3998
185000 90000 150028 27.9243
190000 90000 150029 29.4169
185000 95000 150018 18.3998
190000 95000 150029 29.1208
180000 95000 149983 -16.9619
185000 95000 150018 18.3998
180000 100000 149967 -32.6931
185000 100000 150007 6.66257
185000 95000 150018 18.3998
190000 95000 150029 29.1208
185000 100000 150007 6.66257
190000 100000 150026 26.0631
190000 90000 150029 29.4169
195000 90000 150025 25.2083
190000 95000 150029 29.1208
195000 95000 150027 26.7409
195000 90000 150025 25.2083
200000 90000 150024 23.725
195000 95000 150027 26.7409
200000 95000 150023 23.2588
190000 95000 150029 29.1208
195000 95000 150027 26.7409
190000 100000 150026 26.0631
195000 100000 150026 25.752
195000 95000 150027 26.7409
200000 95000 150023 23.2588
195000 100000 150026 25.752
200000 100000 150022 22.3314
200000 90000 150024 23.725
205000 90000 150022 21.8272
200000 95000 150023 23.2588
205000 95000 150021 21.0747
205000 90000 150022 21.8272
210000 90000 150017 17.2801
205000 95000 150021 21.0747
210000 95000 150020 20.1063
200000 95000 150023 23.2588
205000 95000 150021 21.0747
200000 100000 150022 22.3314
205000 100000 150021 20.716
205000 95000 150021 21.0747
210000 95000 150020 20.1063
205000 100000 150021 20.716
210000 100000 150017 16.8588
210000 90000 150017 17.2801
215000 90000 150013 12.7347
210000 95000 150020 20.1063
215000 95000 150014 14.2332
215000 90000 150013 12.7347
220000 90000 150008 8.41195
215000 95000 150014 14.2332
220000 95000 150009 9.2951
210000 95000 150020 20.1063
215000 95000 150014 14.2332
210000 100000 150017 16.8588
215000 100000 150017 16.7823
215000 95000 150014 14.2332
220000 95000 150009 9.2951
215000 100000 150017 16.7823
220000 100000 150011 11.4429
220000 90000 150008 8.41195
225000 90000 150007 6.78906
220000 95000 150009 9.2951
225000 95000 150006 6.27582
225000 90000 150007 6.78906
230000 90000 150002 2.37682
225000 95000 150006 6.27582
230000 95000 150001 0.943948
220000 95000 150009 9.2951
225000 95000 150006 6.27582
220000 100000 150011 11.4429
225000 100000 150007 7.12048
225000 95000 150006 6.27582
230000 95000 150001 0.943948
225000 100000 150007 7.12048
230000 100000 150003 3.44643
230000 90000 150002 2.37682
235000 90000 149998 -2.24916
230000 95000 150001 0.943948
235000 95000 149998 -2.27639
235000 90000 149998 -2.24916
240000 90000 149995 -5.34407
235000 95000 149998 -2.27639
240000 95000 149997 -3.11029
230000 95000 150001 0.943948
235000 95000 149998 -2.27639
230000 100000 150003 3.44643
235000 100000 150000 -0.433238
235000 95000 149998 -2.27639
240000 95000 149997 -3.11029
235000 100000 150000 -0.433238
240000 100000 149995 -5.20102
240000 90000 149995 -5.34407
245000 90000 149993 -6.82008
240000 95000 149997 -3.11029
245000 95000 149994 -5.51601
245000 90000 149993 -6.82008
250000 90000 149991 -9.29861
245000 95000 149994 -5.51601
250000 95000 149990 -9.55337
240000 95000 149997 -3.11029
245000 95000 149994 -5.51601
240000 100000 149995 -5.20102
245000 100000 149992 -8.32914
245000 95000 149994 -5.51601
250000 95000 149990 -9.55337
245000 100000 149992 -8.32914
250000 100000 149991 -8.7808
250000 90000 149991 -9.29861
255000 90000 149990 -9.69418
250000 95000 149990 -9.55337
255000 95000 149988 -11.6568
255000 90000 149990 -9.69418
260000 90000 149989 -10.6668
255000 95000 149988 -11.6568
260000 95000 149988 -11.9497
250000 95000 149990 -9.55337
255000 95000 149988 -11.6568
250000 100000 149991 -8.7808
255000 100000 149989 -10.8939
255000 95000 149988 -11.6568
260000 95000 149988 -11.9497
255000 100000 149989 -10.8939
260000 100000 149988 -12.1954
260000 90000 149989 -10.6668
265000 90000 149988 -11.854
260000 95000 149988 -11.9497
265000 95000 149988 -11.8852
265000 90000 149988 -11.854
270000 90000 149987 -12.5439
265000 95000 149988 -11.8852
270000 95000 149987 -12.6167
260000 95000 149988 -11.9497
265000 95000 149988 -11.8852
260000 100000 149988 -12.1954
265000 100000 149989 -11.2486
265000 95000 149988 -11.8852
270000 95000 149987 -12.6167
265000 100000 149989 -11.2486
270000 100000 149988 -11.7493
270000 90000 149987 -12.5439
275000 90000 149988 -12.3277
270000 95000 149987 -12.6167
275000 95000 149988 -12.2385
275000 90000 149988 -12.3277
280000 90000 149988 -12.4598
275000 95000 149988 -12.2385
280000 95000 149987 -13.1194
270000 95000 149987 -12.6167
275000 95000 149988 -12.2385
270000 100000 149988 -11.7493
275000 100000 149987 -12.5547
275000 95000 149988 -12.2385
280000 95000 149987 -13.1194
275000 100000 149987 -12.5547
280000 100000 149987 -12.8586
280000 90000 149988 -12.4598
285000 90000 149987 -12.7678
280000 95000 149987 -13.1194
285000 95000 149987 -12.9612
285000 90000 149987 -12.7678
290000 90000 149986 -13.6393
285000 95000 149987 -12.9612
290000 95000 149987 -13.2475
280000 95000 149987 -13.1194
285000 95000 149987 -12.9612
280000 100000 149987 -12.8586
285000 100000 149987 -12.8416
285000 95000 149987 -12.9612
290000 95000 149987 -13.2475
285000 100000 149987 -12.8416
290000 100000 149987 -13.1235
290000 90000 149986 -13.6393
295000 90000 149986 -14.1731
290000 95000 149987 -13.2475
295000 95000 149987 -13.2917
295000 90000 149986 -14.1731
300000 90000 149986 -14.3626
295000 95000 149987 -13.2917
300000 95000 149986 -14.4108
290000 95000 149987 -13.2475
295000 95000 149987 -13.2917
290000 100000 149987 -13.1235
295000 100000 149986 -13.8664
295000 95000 149987 -13.2917
300000 95000 149986 -14.4108
295000 100000 149986 -13.8664
300000 100000 149986 -14.487
160000 100000 149972 -27.8578
165000 100000 149953 -47.449
160000 105000 149977 -23.1198
165000 105000 149963 -37.004
165000 100000 149953 -47.449
170000 100000 149928 -71.8724
165000 105000 149963 -37.004
170000 105000 149947 -52.6207
160000 105000 149977 -23.1198
165000 105000 149963 -37.004
160000 110000 149980 -19.5338
165000 110000 149965 -34.6382
165000 105000 149963 -37.004
170000 105000 149947 -52.6207
165000 110000 149965 -34.6382
170000 110000 149960 -39.6219
170000 100000 149928 -71.8724
175000 100000 149938 -61.566
170000 105000 149947 -52.6207
175000 105000 149950 -50.1265
175000 100000 149938 -61.566
180000 100000 149967 -32.6931
175000 105000 149950 -50.1265
180000 105000 149966 -33.5836
170000 105000 149947 -52.6207
175000 105000 149950 -50.1265
170000 110000 149960 -39.6219
175000 110000 149962 -38.297
175000 105000 149950 -50.1265
180000 105000 149966 -33.5836
175000 110000 149962 -38.297
180000 110000 149971 -29.3331
180000 100000 149967 -32.6931
185000 100000 150007 6.66257
180000 105000 149966 -33.5836
185000 105000 149996 -4.21835
185000 100000 150007 6.66257
190000 100000 150026 26.0631
185000 105000 149996 -4.21835
190000 105000 150017 16.9676
180000 105000 149966 -33.5836
185000 105000 149996 -4.21835
180000 110000 149971 -29.3331
185000 110000 149990 -9.99595
185000 105000 149996 -4.21835
190000 105000 150017 16.9676
185000 110000 149990 -9.99595
190000 110000 150007 7.43518
190000 100000 150026 26.0631
195000 100000 150026 25.752
190000 105000 150017 16.9676
195000 105000 150022 22.2257
195000 100000 150026 25.752
200000 100000 150022 22.3314
195000 105000 150022 22.2257
200000 105000 150020 20.3792
190000 105000 150017 16.9676
195000 105000 150022 22.2257
190000 110000 150007 7.43518
195000 110000 150016 16.4989
195000 105000 150022 22.2257
200000 105000 150020 20.3792
195000 110000 150016 16.4989
200000 110000 150018 17.9367
200000 100000 150022 22.3314
205000 100000 150021 20.716
200000 105000 150020 20.3792
205000 105000 150019 18.593
205000 100000 150021 20.716
210000 100000 150017 16.8588
205000 105000 150019 18.593
210000 105000 150017 16.5663
200000 105000 150020 20.3792
205000 105000 150019 18.593
200000 110000 150018 17.9367
205000 110000 150018 17.8538
205000 105000 150019 18.593
210000 105000 150017 16.5663
205000 110000 150018 17.8538
210000 110000 150015 15.4
210000 100000 150017 16.8588
215000 100000 150017 16.7823
210000 105000 150017 16.5663
215000 105000 150013 12.8177
215000 100000 150017 16.7823
220000 100000 150011 11.4429
215000 105000 150013 12.8177
220000 105000 150012 11.7143
210000 105000 150017 16.5663
215000 105000 150013 12.8177
210000 110000 150015 15.4
215000 110000 150012 11.5289
215000 105000 150013 12.8177
220000 105000 150012 11.7143
215000 110000 150012 11.5289
220000 110000 150007 7.00878
220000 100000 150011 11.4429
225000 100000 150007 7.12048
220000 105000 150012 11.7143
225000 105000 150009 9.17675
225000 100000 150007 7.12048
230000 100000 150003 3.44643
225000 105000 150009 9.17675
230000 105000 150003 3.43342
220000 105000 150012 11.7143
225000 105000 150009 9.17675
220000 110000 150007 7.00878
225000 110000 150006 5.81136
225000 105000 150009 9.17675
230000 105000 150003 3.43342
225000 110000 150006 5.81136
230000 110000 150003 3.04003
230000 100000 150003 3.44643
235000 100000 150000 -0.433238
230000 105000 150003 3.43342
235000 105000 149999 -1.30706
235000 100000 150000 -0.433238
240000 100000 149995 -5.20102
235000 105000 149999 -1.30706
240000 105000 149997 -2.95028
230000 105000 150003 3.43342
235000 105000 149999 -1.30706
230000 110000 150003 3.04003
235000 110000 150000 -0.43276
235000 105000 149999 -1.30706
240000 105000 149997 -2.95028
235000 110000 150000 -0.43276
240000 110000 149993 -6.98313
240000 100000 149995 -5.20102
245000 100000 149992 -8.32914
240000 105000 149997 -2.95028
245000 105000 149994 -5.64947
245000 100000 149992 -8.32914
250000 100000 149991 -8.7808
245000 105000 149994 -5.64947
250000 105000 149992 -8.49112
240000 105000 149997 -2.95028
245000 105000 149994 -5.64947
240000 110000 149993 -6.98313
245000 110000 149993 -6.84722
245000 105000 149994 -5.64947
250000 105000 149992 -8.49112
245000 110000 149993 -6.84722
250000 110000 149992 -8.35429
250000 100000 149991 -8.7808
255000 100000 149989 -10.8939
250000 105000 149992 -8.49112
255000 105000 149990 -10.1719
255000 100000 149989 -10.8939
260000 100000 149988 -12.1954
255000 105000 149990 -10.1719
260000 105000 149990 -10.1659
250000 105000 149992 -8.49112
255000 105000 149990 -10.1719
250000 110000 149992 -8.35429
255000 110000 149991 -9.30584
255000 105000 149990 -10.1719
260000 105000 149990 -10.1659
255000 110000 149991 -9.30584
260000 110000 149989 -10.7321
260000 100000 149988 -12.1954
265000 100000 149989 -11.2486
260000 105000 149990 -10.1659
265000 105000 149989 -11.0699
265000 100000 149989 -11.2486
270000 100000 149988 -11.7493
265000 105000 149989 -11.0699
270000 105000 149987 -12.5404
260000 105000 149990 -10.1659
265000 105000 149989 -11.0699
260000 110000 149989 -10.7321
265000 110000 149989 -11.2365
265000 105000 149989 -11.0699
270000 105000 149987 -12.5404
265000 110000 149989 -11.2365
270000 110000 149987 -12.6994
270000 100000 149988 -11.7493
275000 100000 149987 -12.5547
270000 105000 149987 -12.5404
275000 105000 149988 -12.1274
275000 100000 149987 -12.5547
280000 100000 149987 -12.8586
275000 105000 149988 -12.1274
280000 105000 149987 -12.9203
270000 105000 149987 -12.5404
275000 105000 149988 -12.1274
270000 110000 149987 -12.6994
275000 110000 149987 -12.8277
275000 105000 149988 -12.1274
280000 105000 149987 -12.9203
275000 110000 149987 -12.8277
280000 110000 149987 -12.8372
280000 100000 149987 -12.8586
285000 100000 149987 -12.8416
280000 105000 149987 -12.9203
285000 105000 149986 -13.5341
285000 100000 149987 -12.8416
290000 100000 149987 -13.1235
285000 105000 149986 -13.5341
290000 105000 149987 -13.497
280000 105000 149987 -12.9203
285000 105000 149986 -13.5341
280000 110000 149987 -12.8372
285000 110000 149987 -12.9474
285000 105000 149986 -13.5341
290000 105000 149987 -13.497
285000 110000 149987 -12.9474
290000 110000 149987 -13.0983
290000 100000 149987 -13.1235
295000 100000 149986 -13.8664
290000 105000 149987 -13.497
295000 105000 149986 -13.7435
295000 100000 149986 -13.8664
300000 100000 149986 -14.487
295000 105000 149986 -13.7435
300000 105000 149986 -14.4625
290000 105000 149987 -13.497
295000 105000 149986 -13.7435
290000 110000 149987 -13.0983
295000 110000 149986 -13.8825
295000 105000 149986 -13.7435
300000 105000 149986 -14.4625
295000 110000 149986 -13.8825
300000 110000 149986 -14.2574
160000 110000 149980 -19.5338
165000 110000 149965 -34.6382
160000 115000 149972 -27.9816
165000 115000 149967 -32.6863
165000 110000 149965 -34.6382
170000 110000 149960 -39.6219
165000 115000 149967 -32.6863
170000 115000 149965 -35.179
160000 115000 149972 -27.9816
165000 115000 149967 -32.6863
160000 120000 149983 -16.8233
165000 120000 149974 -26.0841
165000 115000 149967 -32.6863
170000 115000 149965 -35.179
165000 120000 149974 -26.0841
170000 120000 149968 -32.2614
170000 110000 149960 -39.6219
175000 110000 149962 -38.297
170000 115000 149965 -35.179
175000 115000 149966 -33.5652
175000 110000 149962 -38.297
180000 110000 149971 -29.3331
175000 115000 149966 -33.5652
180000 115000 149971 -28.8743
170000 115000 149965 -35.179
175000 115000 149966 -33.5652
170000 120000 149968 -32.2614
175000 120000 149969 -30.6634
175000 115000 149966 -33.5652
180000 115000 149971 -28.8743
175000 120000 149969 -30.6634
180000 120000 149975 -24.5244
180000 110000 149971 -29.3331
185000 110000 149990 -9.99595
180000 115000 149971 -28.8743
185000 115000 149984 -15.6936
185000 110000 149990 -9.99595
190000 110000 150007 7.43518
185000 115000 149984 -15.6936
190000 115000 150002 2.242
180000 115000 149971 -28.8743
185000 115000 149984 -15.6936
180000 120000 149975 -24.5244
185000 120000 149986 -13.8844
185000 115000 149984 -15.6936
190000 115000 150002 2.242
185000 120000 149986 -13.8844
190000 120000 149999 -0.846489
190000 110000 150007 7.43518
195000 110000 150016 16.4989
190000 115000 150002 2.242
195000 115000 150009 8.78867
195000 110000 150016 16.4989
200000 110000 150018 17.9367
195000 115000 150009 8.78867
200000 115000 150016 16.3059
190000 115000 150002 2.242
195000 115000 150009 8.78867
190000 120000 149999 -0.846489
195000 120000 150012 11.708
195000 115000 150009 8.78867
200000 115000 150016 16.3059
195000 120000 150012 11.708
200000 120000 150017 17.1997
200000 110000 150018 17.9367
205000 110000 150018 17.8538
200000 115000 150016 16.3059
205000 115000 150019 18.7746
205000 110000 150018 17.8538
210000 110000 150015 15.4
205000 115000 150019 18.7746
210000 115000 150018 18.4404
200000 115000 150016 16.3059
205000 115000 150019 18.7746
200000 120000 150017 17.1997
205000 120000 150019 19.0587
205000 115000 150019 18.7746
210000 115000 150018 18.4404
205000 120000 150019 19.0587
210000 120000 150018 18.1343
210000 110000 150015 15.4
215000 110000 150012 11.5289
210000 115000 150018 18.4404
215000 115000 150014 13.5611
215000 110000 150012 11.5289
220000 110000 150007 7.00878
215000 115000 150014 13.5611
220000 115000 150011 10.8997
210000 115000 150018 18.4404
215000 115000 150014 13.5611
210000 120000 150018 18.1343
215000 120000 150015 15.4514
215000 115000 150014 13.5611
220000 115000 150011 10.8997
215000 120000 150015 15.4514
220000 120000 150012 11.7814
220000 110000 150007 7.00878
225000 110000 150006 5.81136
220000 115000 150011 10.8997
225000 115000 150005 5.35536
225000 110000 150006 5.81136
230000 110000 150003 3.04003
225000 115000 150005 5.35536
230000 115000 149999 -1.48003
220000 115000 150011 10.8997
225000 115000 150005 5.35536
220000 120000 150012 11.7814
225000 120000 150008 8.31551
225000 115000 150005 5.35536
230000 115000 149999 -1.48003
225000 120000 150008 8.31551
230000 120000 150003 2.60845
230000 110000 150003 3.04003
235000 110000 150000 -0.43276
230000 115000 149999 -1.48003
235000 115000 149996 -3.77618
235000 110000 150000 -0.43276
240000 110000 149993 -6.98313
235000 115000 149996 -3.77618
240000 115000 149998 -1.72967
230000 115000 149999 -1.48003
235000 115000 149996 -3.77618
230000 120000 150003 2.60845
235000 120000 150001 0.634564
235000 115000 149996 -3.77618
240000 115000 149998 -1.72967
235000 120000 150001 0.634564
240000 120000 149999 -1.4003
240000 110000 149993 -6.98313
245000 110000 149993 -6.84722
240000 115000 149998 -1.72967
245000 115000 149995 -4.82366
245000 110000 149993 -6.84722
250000 110000 149992 -8.35429
245000 115000 149995 -4.82366
250000 115000 149993 -6.72998
240000 115000 149998 -1.72967
245000 115000 149995 -4.82366
240000 120000 149999 -1.4003
245000 120000 149996 -4.49159
245000 115000 149995 -4.82366
250000 115000 149993 -6.72998
245000 120000 149996 -4.49159
250000 120000 149993 -6.67391
250000 110000 149992 -8.35429
255000 110000 149991 -9.30584
250000 115000 149993 -6.72998
255000 115000 149991 -9.41218
255000 110000 149991 -9.30584
260000 110000 149989 -10.7321
255000 115000 149991 -9.41218
260000 115000 149989 -11.2627
250000 115000 149993 -6.72998
255000 115000 149991 -9.41218
250000 120000 149993 -6.67391
255000 120000 149990 -9.96125
255000 115000 149991 -9.41218
260000 115000 149989 -11.2627
255000 120000 149990 -9.96125
260000 120000 149990 -9.80653
260000 110000 149989 -10.7321
265000 110000 149989 -11.2365
260000 115000 149989 -11.2627
265000 115000 149988 -12.2073
265000 110000 149989 -11.2365
270000 110000 149987 -12.6994
265000 115000 149988 -12.2073
270000 115000 149989 -11.2709
260000 115000 149989 -11.2627
265000 115000 149988 -12.2073
260000 120000 149990 -9.80653
265000 120000 149989 -11.2556
265000 115000 149988 -12.2073
270000 115000 149989 -11.2709
265000 120000 149989 -11.2556
270000 120000 149988 -11.8316
270000 110000 149987 -12.6994
275000 110000 149987 -12.8277
270000 115000 149989 -11.2709
275000 115000 149988 -12.1876
275000 110000 149987 -12.8277
280000 110000 149987 -12.8372
275000 115000 149988 -12.1876
280000 115000 149987 -12.7642
270000 115000 149989 -11.2709
275000 115000 149988 -12.1876
270000 120000 149988 -11.8316
275000 120000 149987 -12.6369
275000 115000 149988 -12.1876
280000 115000 149987 -12.7642
275000 120000 149987 -12.6369
280000 120000 149988 -12.1312
280000 110000 149987 -12.8372
285000 110000 149987 -12.9474
280000 115000 149987 -12.7642
285000 115000 149987 -13.4973
285000 110000 149987 -12.9474
290000 110000 149987 -13.0983
285000 115000 149987 -13.4973
290000 115000 149986 -13.7425
280000 115000 149987 -12.7642
285000 115000 149987 -13.4973
280000 120000 149988 -12.1312
285000 120000 149987 -13.4661
285000 115000 149987 -13.4973
290000 115000 149986 -13.7425
285000 120000 149987 -13.4661
290000 120000 149986 -14.318
290000 110000 149987 -13.0983
295000 110000 149986 -13.8825
290000 115000 149986 -13.7425
295000 115000 149986 -14.2499
295000 110000 149986 -13.8825
300000 110000 149986 -14.2574
295000 115000 149986 -14.2499
300000 115000 149986 -13.996
290000 115000 149986 -13.7425
295000 115000 149986 -14.2499
290000 120000 149986 -14.318
295000 120000 149985 -14.5828
295000 115000 149986 -14.2499
300000 115000 149986 -13.996
295000 120000 149985 -14.5828
300000 120000 149986 -14.2229
