# x y z topography
0 0 149984 -15.5902
5000 0 149985 -15.34
0 5000 149984 -15.7699
5000 5000 149985 -15.1395
5000 0 149985 -15.34
10000 0 149985 -14.8473
5000 5000 149985 -15.1395
10000 5000 149985 -15.0665
0 5000 149984 -15.7699
5000 5000 149985 -15.1395
0 10000 149985 -15.2663
5000 10000 149985 -14.7901
5000 5000 149985 -15.1395
10000 5000 149985 -15.0665
5000 10000 149985 -14.7901
10000 10000 149985 -14.7528
10000 0 149985 -14.8473
15000 0 149985 -14.9269
10000 5000 149985 -15.0665
15000 5000 149986 -14.0566
15000 0 149985 -14.9269
20000 0 149986 -14.3455
15000 5000 149986 -14.0566
20000 5000 149985 -14.9184
10000 5000 149985 -15.0665
15000 5000 149986 -14.0566
10000 10000 149985 -14.7528
15000 10000 149985 -14.9147
15000 5000 149986 -14.0566
20000 5000 149985 -14.9184
15000 10000 149985 -14.9147
20000 10000 149986 -14.2241
20000 0 149986 -14.3455
25000 0 149986 -14.049
20000 5000 149985 -14.9184
25000 5000 149985 -14.9184
25000 0 149986 -14.049
30000 0 149985 -14.7389
25000 5000 149985 -14.9184
30000 5000 149986 -14.2049
20000 5000 149985 -14.9184
25000 5000 149985 -14.9184
20000 10000 149986 -14.2241
25000 10000 149986 -14.4774
25000 5000 149985 -14.9184
30000 5000 149986 -14.2049
25000 10000 149986 -14.4774
30000 10000 149986 -13.7133
30000 0 149985 -14.7389
35000 0 149987 -12.5834
30000 5000 149986 -14.2049
35000 5000 149985 -14.5234
35000 0 149987 -12.5834
40000 0 149987 -12.8821
35000 5000 149985 -14.5234
40000 5000 149986 -13.9302
30000 5000 149986 -14.2049
35000 5000 149985 -14.5234
30000 10000 149986 -13.7133
35000 10000 149986 -14.3552
35000 5000 149985 -14.5234
40000 5000 149986 -13.9302
35000 10000 149986 -14.3552
40000 10000 149986 -14.2674
40000 0 149987 -12.8821
45000 0 149988 -11.9691
40000 5000 149986 -13.9302
45000 5000 149988 -12.3177
45000 0 149988 -11.9691
50000 0 149991 -9.36445
45000 5000 149988 -12.3177
50000 5000 149990 -10.1666
40000 5000 149986 -13.9302
45000 5000 149988 -12.3177
40000 10000 149986 -14.2674
45000 10000 149986 -13.5816
45000 5000 149988 -12.3177
50000 5000 149990 -10.1666
45000 10000 149986 -13.5816
50000 10000 149987 -12.8211
50000 0 149991 -9.36445
55000 0 149993 -6.71091
50000 5000 149990 -10.1666
55000 5000 149992 -8.4135
55000 0 149993 -6.71091
60000 0 149997 -2.88655
55000 5000 149992 -8.4135
60000 5000 149995 -4.97413
50000 5000 149990 -10.1666
55000 5000 149992 -8.4135
50000 10000 149987 -12.8211
55000 10000 149989 -11.1946
55000 5000 149992 -8.4135
60000 5000 149995 -4.97413
55000 10000 149989 -11.1946
60000 10000 149992 -8.43148
60000 0 149997 -2.88655
65000 0 149999 -0.784274
60000 5000 149995 -4.97413
65000 5000 150000 0.499984
65000 0 149999 -0.784274
70000 0 150003 3.30579
65000 5000 150000 0.499984
70000 5000 150003 3.37728
60000 5000 149995 -4.97413
65000 5000 150000 0.499984
60000 10000 149992 -8.43148
65000 10000 149995 -5.30193
65000 5000 150000 0.499984
70000 5000 150003 3.37728
65000 10000 149995 -5.30193
70000 10000 149999 -1.21772
70000 0 150003 3.30579
75000 0 150006 5.80014
70000 5000 150003 3.37728
75000 5000 150006 6.44315
75000 0 150006 5.80014
80000 0 150012 11.7097
75000 5000 150006 6.44315
80000 5000 150011 10.7634
70000 5000 150003 3.37728
75000 5000 150006 6.44315
70000 10000 149999 -1.21772
75000 10000 150006 5.9714
75000 5000 150006 6.44315
80000 5000 150011 10.7634
75000 10000 150006 5.9714
80000 10000 150009 9.1724
0 10000 149985 -15.2663
5000 10000 149985 -14.7901
0 15000 149985 -15.4615
5000 15000 149985 -14.9426
5000 10000 149985 -14.7901
10000 10000 149985 -14.7528
5000 15000 149985 -14.9426
10000 15000 149985 -14.8437
0 15000 149985 -15.4615
5000 15000 149985 -14.9426
0 20000 149985 -15.0723
5000 20000 149985 -14.9845
5000 15000 149985 -14.9426
10000 15000 149985 -14.8437
5000 20000 149985 -14.9845
10000 20000 149985 -15.2107
10000 10000 149985 -14.7528
15000 10000 149985 -14.9147
10000 15000 149985 -14.8437
15000 15000 149985 -15.0706
15000 10000 149985 -14.9147
20000 10000 149986 -14.2241
15000 15000 149985 -15.0706
20000 15000 149985 -14.5827
10000 15000 149985 -14.8437
15000 15000 149985 -15.0706
10000 20000 149985 -15.2107
15000 20000 149985 -15.1022
15000 15000 149985 -15.0706
20000 15000 149985 -14.5827
15000 20000 149985 -15.1022
20000 20000 149986 -14.0308
20000 10000 149986 -14.2241
25000 10000 149986 -14.4774
20000 15000 149985 -14.5827
25000 15000 149985 -15.1397
25000 10000 149986 -14.4774
30000 10000 149986 -13.7133
25000 15000 149985 -15.1397
30000 15000 149985 -14.6329
20000 15000 149985 -14.5827
25000 15000 149985 -15.1397
20000 20000 149986 -14.0308
25000 20000 149985 -15.2523
25000 15000 149985 -15.1397
30000 15000 149985 -14.6329
25000 20000 149985 -15.2523
30000 20000 149985 -14.6623
30000 10000 149986 -13.7133
35000 10000 149986 -14.3552
30000 15000 149985 -14.6329
35000 15000 149987 -12.515
35000 10000 149986 -14.3552
40000 10000 149986 -14.2674
35000 15000 149987 -12.515
40000 15000 149987 -13.4825
30000 15000 149985 -14.6329
35000 15000 149987 -12.515
30000 20000 149985 -14.6623
35000 20000 149987 -13.1521
35000 15000 149987 -12.515
40000 15000 149987 -13.4825
35000 20000 149987 -13.1521
40000 20000 149988 -11.8155
40000 10000 149986 -14.2674
45000 10000 149986 -13.5816
40000 15000 149987 -13.4825
45000 15000 149988 -12.1607
45000 10000 149986 -13.5816
50000 10000 149987 -12.8211
45000 15000 149988 -12.1607
50000 15000 149990 -9.89857
40000 15000 149987 -13.4825
45000 15000 149988 -12.1607
40000 20000 149988 -11.8155
45000 20000 149987 -12.5152
45000 15000 149988 -12.1607
50000 15000 149990 -9.89857
45000 20000 149987 -12.5152
50000 20000 149988 -11.7268
50000 10000 149987 -12.8211
55000 10000 149989 -11.1946
50000 15000 149990 -9.89857
55000 15000 149992 -8.07741
55000 10000 149989 -11.1946
60000 10000 149992 -8.43148
55000 15000 149992 -8.07741
60000 15000 149995 -4.6681
50000 15000 149990 -9.89857
55000 15000 149992 -8.07741
50000 20000 149988 -11.7268
55000 20000 149989 -10.5707
55000 15000 149992 -8.07741
60000 15000 149995 -4.6681
55000 20000 149989 -10.5707
60000 20000 149992 -8.23729
60000 10000 149992 -8.43148
65000 10000 149995 -5.30193
60000 15000 149995 -4.6681
65000 15000 149998 -2.03392
65000 10000 149995 -5.30193
70000 10000 149999 -1.21772
65000 15000 149998 -2.03392
70000 15000 149999 -1.26026
60000 15000 149995 -4.6681
65000 15000 149998 -2.03392
60000 20000 149992 -8.23729
65000 20000 149998 -1.75598
65000 15000 149998 -2.03392
70000 15000 149999 -1.26026
65000 20000 149998 -1.75598
70000 20000 150002 2.30889
70000 10000 149999 -1.21772
75000 10000 150006 5.9714
70000 15000 149999 -1.26026
75000 15000 150006 6.12347
75000 10000 150006 5.9714
80000 10000 150009 9.1724
75000 15000 150006 6.12347
80000 15000 150009 8.67824
70000 15000 149999 -1.26026
75000 15000 150006 6.12347
70000 20000 150002 2.30889
75000 20000 150006 6.34625
75000 15000 150006 6.12347
80000 15000 150009 8.67824
75000 20000 150006 6.34625
80000 20000 150011 10.6856
0 20000 149985 -15.0723
5000 20000 149985 -14.9845
0 25000 149984 -15.5654
5000 25000 149985 -15.1431
5000 20000 149985 -14.9845
10000 20000 149985 -15.2107
5000 25000 149985 -15.1431
10000 25000 149985 -14.697
0 25000 149984 -15.5654
5000 25000 149985 -15.1431
0 30000 149985 -15.2879
5000 30000 149985 -15.1817
5000 25000 149985 -15.1431
10000 25000 149985 -14.697
5000 30000 149985 -15.1817
10000 30000 149985 -15.0678
10000 20000 149985 -15.2107
15000 20000 149985 -15.1022
10000 25000 149985 -14.697
15000 25000 149986 -14.4162
15000 20000 149985 -15.1022
20000 20000 149986 -14.0308
15000 25000 149986 -14.4162
20000 25000 149985 -15.2523
10000 25000 149985 -14.697
15000 25000 149986 -14.4162
10000 30000 149985 -15.0678
15000 30000 149985 -15.297
15000 25000 149986 -14.4162
20000 25000 149985 -15.2523
15000 30000 149985 -15.297
20000 30000 149986 -14.3305
20000 20000 149986 -14.0308
25000 20000 149985 -15.2523
20000 25000 149985 -15.2523
25000 25000 149985 -15.2523
25000 20000 149985 -15.2523
30000 20000 149985 -14.6623
25000 25000 149985 -15.2523
30000 25000 149986 -14.3001
20000 25000 149985 -15.2523
25000 25000 149985 -15.2523
20000 30000 149986 -14.3305
25000 30000 149986 -14.1604
25000 25000 149985 -15.2523
30000 25000 149986 -14.3001
25000 30000 149986 -14.1604
30000 30000 149985 -14.7723
30000 20000 149985 -14.6623
35000 20000 149987 -13.1521
30000 25000 149986 -14.3001
35000 25000 149987 -13.2886
35000 20000 149987 -13.1521
40000 20000 149988 -11.8155
35000 25000 149987 -13.2886
40000 25000 149988 -11.5641
30000 25000 149986 -14.3001
35000 25000 149987 -13.2886
30000 30000 149985 -14.7723
35000 30000 149986 -13.9842
35000 25000 149987 -13.2886
40000 25000 149988 -11.5641
35000 30000 149986 -13.9842
40000 30000 149988 -11.6827
40000 20000 149988 -11.8155
45000 20000 149987 -12.5152
40000 25000 149988 -11.5641
45000 25000 149989 -10.5244
45000 20000 149987 -12.5152
50000 20000 149988 -11.7268
45000 25000 149989 -10.5244
50000 25000 149991 -9.16478
40000 25000 149988 -11.5641
45000 25000 149989 -10.5244
40000 30000 149988 -11.6827
45000 30000 149989 -11.3173
45000 25000 149989 -10.5244
50000 25000 149991 -9.16478
45000 30000 149989 -11.3173
50000 30000 149991 -9.40794
50000 20000 149988 -11.7268
55000 20000 149989 -10.5707
50000 25000 149991 -9.16478
55000 25000 149992 -7.77495
55000 20000 149989 -10.5707
60000 20000 149992 -8.23729
55000 25000 149992 -7.77495
60000 25000 149995 -5.29635
50000 25000 149991 -9.16478
55000 25000 149992 -7.77495
50000 30000 149991 -9.40794
55000 30000 149992 -8.03487
55000 25000 149992 -7.77495
60000 25000 149995 -5.29635
55000 30000 149992 -8.03487
60000 30000 149994 -6.1238
60000 20000 149992 -8.23729
65000 20000 149998 -1.75598
60000 25000 149995 -5.29635
65000 25000 149998 -2.37221
65000 20000 149998 -1.75598
70000 20000 150002 2.30889
65000 25000 149998 -2.37221
70000 25000 149999 -1.11259
60000 25000 149995 -5.29635
65000 25000 149998 -2.37221
60000 30000 149994 -6.1238
65000 30000 149996 -4.1897
65000 25000 149998 -2.37221
70000 25000 149999 -1.11259
65000 30000 149996 -4.1897
70000 30000 150000 -0.311444
70000 20000 150002 2.30889
75000 20000 150006 6.34625
70000 25000 149999 -1.11259
75000 25000 150005 4.62242
75000 20000 150006 6.34625
80000 20000 150011 10.6856
75000 25000 150005 4.62242
80000 25000 150010 10.0648
70000 25000 149999 -1.11259
75000 25000 150005 4.62242
70000 30000 150000 -0.311444
75000 30000 150004 3.82091
75000 25000 150005 4.62242
80000 25000 150010 10.0648
75000 30000 150004 3.82091
80000 30000 150007 7.41311
0 30000 149985 -15.2879
5000 30000 149985 -15.1817
0 35000 149985 -15.0478
5000 35000 149985 -15.1153
5000 30000 149985 -15.1817
10000 30000 149985 -15.0678
5000 35000 149985 -15.1153
10000 35000 149985 -15.4266
0 35000 149985 -15.0478
5000 35000 149985 -15.1153
0 40000 149985 -15.0795
5000 40000 149984 -15.7159
5000 35000 149985 -15.1153
10000 35000 149985 -15.4266
5000 40000 149984 -15.7159
10000 40000 149985 -15.1525
10000 30000 149985 -15.0678
15000 30000 149985 -15.297
10000 35000 149985 -15.4266
15000 35000 149985 -15.3387
15000 30000 149985 -15.297
20000 30000 149986 -14.3305
15000 35000 149985 -15.3387
20000 35000 149985 -15.0807
10000 35000 149985 -15.4266
15000 35000 149985 -15.3387
10000 40000 149985 -15.1525
15000 40000 149985 -15.2749
15000 35000 149985 -15.3387
20000 35000 149985 -15.0807
15000 40000 149985 -15.2749
20000 40000 149986 -14.42
20000 30000 149986 -14.3305
25000 30000 149986 -14.1604
20000 35000 149985 -15.0807
25000 35000 149986 -14.4616
25000 30000 149986 -14.1604
30000 30000 149985 -14.7723
25000 35000 149986 -14.4616
30000 35000 149985 -14.6003
20000 35000 149985 -15.0807
25000 35000 149986 -14.4616
20000 40000 149986 -14.42
25000 40000 149985 -15.2266
25000 35000 149986 -14.4616
30000 35000 149985 -14.6003
25000 40000 149985 -15.2266
30000 40000 149986 -14.4774
30000 30000 149985 -14.7723
35000 30000 149986 -13.9842
30000 35000 149985 -14.6003
35000 35000 149986 -14.3572
35000 30000 149986 -13.9842
40000 30000 149988 -11.6827
35000 35000 149986 -14.3572
40000 35000 149987 -12.6139
30000 35000 149985 -14.6003
35000 35000 149986 -14.3572
30000 40000 149986 -14.4774
35000 40000 149985 -14.877
35000 35000 149986 -14.3572
40000 35000 149987 -12.6139
35000 40000 149985 -14.877
40000 40000 149987 -12.6697
40000 30000 149988 -11.6827
45000 30000 149989 -11.3173
40000 35000 149987 -12.6139
45000 35000 149989 -11.3648
45000 30000 149989 -11.3173
50000 30000 149991 -9.40794
45000 35000 149989 -11.3648
50000 35000 149989 -10.8853
40000 35000 149987 -12.6139
45000 35000 149989 -11.3648
40000 40000 149987 -12.6697
45000 40000 149988 -12.0109
45000 35000 149989 -11.3648
50000 35000 149989 -10.8853
45000 40000 149988 -12.0109
50000 40000 149989 -11.037
50000 30000 149991 -9.40794
55000 30000 149992 -8.03487
50000 35000 149989 -10.8853
55000 35000 149991 -8.78372
55000 30000 149992 -8.03487
60000 30000 149994 -6.1238
55000 35000 149991 -8.78372
60000 35000 149993 -6.54625
50000 35000 149989 -10.8853
55000 35000 149991 -8.78372
50000 40000 149989 -11.037
55000 40000 149990 -9.65783
55000 35000 149991 -8.78372
60000 35000 149993 -6.54625
55000 40000 149990 -9.65783
60000 40000 149993 -7.19796
60000 30000 149994 -6.1238
65000 30000 149996 -4.1897
60000 35000 149993 -6.54625
65000 35000 149997 -2.81049
65000 30000 149996 -4.1897
70000 30000 150000 -0.311444
65000 35000 149997 -2.81049
70000 35000 149998 -1.75208
60000 35000 149993 -6.54625
65000 35000 149997 -2.81049
60000 40000 149993 -7.19796
65000 40000 149996 -4.25825
65000 35000 149997 -2.81049
70000 35000 149998 -1.75208
65000 40000 149996 -4.25825
70000 40000 149998 -1.9042
70000 30000 150000 -0.311444
75000 30000 150004 3.82091
70000 35000 149998 -1.75208
75000 35000 150003 2.90998
75000 30000 150004 3.82091
80000 30000 150007 7.41311
75000 35000 150003 2.90998
80000 35000 150009 8.51556
70000 35000 149998 -1.75208
75000 35000 150003 2.90998
70000 40000 149998 -1.9042
75000 40000 150004 3.89407
75000 35000 150003 2.90998
80000 35000 150009 8.51556
75000 40000 150004 3.89407
80000 40000 150004 4.28145
0 40000 149985 -15.0795
5000 40000 149984 -15.7159
0 45000 149984 -15.9751
5000 45000 149985 -15.234
5000 40000 149984 -15.7159
10000 40000 149985 -15.1525
5000 45000 149985 -15.234
10000 45000 149985 -15.0669
0 45000 149984 -15.9751
5000 45000 149985 -15.234
0 50000 149984 -15.9805
5000 50000 149984 -15.5987
5000 45000 149985 -15.234
10000 45000 149985 -15.0669
5000 50000 149984 -15.5987
10000 50000 149984 -15.8296
10000 40000 149985 -15.1525
15000 40000 149985 -15.2749
10000 45000 149985 -15.0669
15000 45000 149985 -15.1992
15000 40000 149985 -15.2749
20000 40000 149986 -14.42
15000 45000 149985 -15.1992
20000 45000 149985 -15.2749
10000 45000 149985 -15.0669
15000 45000 149985 -15.1992
10000 50000 149984 -15.8296
15000 50000 149985 -14.9166
15000 45000 149985 -15.1992
20000 45000 149985 -15.2749
15000 50000 149985 -14.9166
20000 50000 149985 -15.1726
20000 40000 149986 -14.42
25000 40000 149985 -15.2266
20000 45000 149985 -15.2749
25000 45000 149986 -14.3394
25000 40000 149985 -15.2266
30000 40000 149986 -14.4774
25000 45000 149986 -14.3394
30000 45000 149985 -14.512
20000 45000 149985 -15.2749
25000 45000 149986 -14.3394
20000 50000 149985 -15.1726
25000 50000 149985 -14.5903
25000 45000 149986 -14.3394
30000 45000 149985 -14.512
25000 50000 149985 -14.5903
30000 50000 149986 -14.0649
30000 40000 149986 -14.4774
35000 40000 149985 -14.877
30000 45000 149985 -14.512
35000 45000 149985 -14.9854
35000 40000 149985 -14.877
40000 40000 149987 -12.6697
35000 45000 149985 -14.9854
40000 45000 149985 -14.5992
30000 45000 149985 -14.512
35000 45000 149985 -14.9854
30000 50000 149986 -14.0649
35000 50000 149987 -13.3931
35000 45000 149985 -14.9854
40000 45000 149985 -14.5992
35000 50000 149987 -13.3931
40000 50000 149987 -13.0672
40000 40000 149987 -12.6697
45000 40000 149988 -12.0109
40000 45000 149985 -14.5992
45000 45000 149988 -11.9082
45000 40000 149988 -12.0109
50000 40000 149989 -11.037
45000 45000 149988 -11.9082
50000 45000 149989 -11.4036
40000 45000 149985 -14.5992
45000 45000 149988 -11.9082
40000 50000 149987 -13.0672
45000 50000 149989 -10.7879
45000 45000 149988 -11.9082
50000 45000 149989 -11.4036
45000 50000 149989 -10.7879
50000 50000 149989 -10.6804
50000 40000 149989 -11.037
55000 40000 149990 -9.65783
50000 45000 149989 -11.4036
55000 45000 149992 -8.36729
55000 40000 149990 -9.65783
60000 40000 149993 -7.19796
55000 45000 149992 -8.36729
60000 45000 149992 -8.44812
50000 45000 149989 -11.4036
55000 45000 149992 -8.36729
50000 50000 149989 -10.6804
55000 50000 149991 -9.02678
55000 45000 149992 -8.36729
60000 45000 149992 -8.44812
55000 50000 149991 -9.02678
60000 50000 149993 -6.62732
60000 40000 149993 -7.19796
65000 40000 149996 -4.25825
60000 45000 149992 -8.44812
65000 45000 149996 -4.0717
65000 40000 149996 -4.25825
70000 40000 149998 -1.9042
65000 45000 149996 -4.0717
70000 45000 150000 -0.201962
60000 45000 149992 -8.44812
65000 45000 149996 -4.0717
60000 50000 149993 -6.62732
65000 50000 149996 -3.92534
65000 45000 149996 -4.0717
70000 45000 150000 -0.201962
65000 50000 149996 -3.92534
70000 50000 149999 -1.31525
70000 40000 149998 -1.9042
75000 40000 150004 3.89407
70000 45000 150000 -0.201962
75000 45000 150002 1.90635
75000 40000 150004 3.89407
80000 40000 150004 4.28145
75000 45000 150002 1.90635
80000 45000 150006 5.86154
70000 45000 150000 -0.201962
75000 45000 150002 1.90635
70000 50000 149999 -1.31525
75000 50000 150001 0.982883
75000 45000 150002 1.90635
80000 45000 150006 5.86154
75000 50000 150001 0.982883
80000 50000 150006 5.81224
0 50000 149984 -15.9805
5000 50000 149984 -15.5987
0 55000 149984 -15.7534
5000 55000 149984 -15.6364
5000 50000 149984 -15.5987
10000 50000 149984 -15.8296
5000 55000 149984 -15.6364
10000 55000 149984 -15.9147
0 55000 149984 -15.7534
5000 55000 149984 -15.6364
0 60000 149984 -15.5688
5000 60000 149986 -14.3537
5000 55000 149984 -15.6364
10000 55000 149984 -15.9147
5000 60000 149986 -14.3537
10000 60000 149986 -14.2486
10000 50000 149984 -15.8296
15000 50000 149985 -14.9166
10000 55000 149984 -15.9147
15000 55000 149984 -15.9147
15000 50000 149985 -14.9166
20000 50000 149985 -15.1726
15000 55000 149984 -15.9147
20000 55000 149984 -15.8679
10000 55000 149984 -15.9147
15000 55000 149984 -15.9147
10000 60000 149986 -14.2486
15000 60000 149985 -15.3565
15000 55000 149984 -15.9147
20000 55000 149984 -15.8679
15000 60000 149985 -15.3565
20000 60000 149985 -14.7474
20000 50000 149985 -15.1726
25000 50000 149985 -14.5903
20000 55000 149984 -15.8679
25000 55000 149985 -15.2695
25000 50000 149985 -14.5903
30000 50000 149986 -14.0649
25000 55000 149985 -15.2695
30000 55000 149986 -14.4095
20000 55000 149984 -15.8679
25000 55000 149985 -15.2695
20000 60000 149985 -14.7474
25000 60000 149985 -15.0019
25000 55000 149985 -15.2695
30000 55000 149986 -14.4095
25000 60000 149985 -15.0019
30000 60000 149985 -15.2574
30000 50000 149986 -14.0649
35000 50000 149987 -13.3931
30000 55000 149986 -14.4095
35000 55000 149987 -13.223
35000 50000 149987 -13.3931
40000 50000 149987 -13.0672
35000 55000 149987 -13.223
40000 55000 149988 -12.2057
30000 55000 149986 -14.4095
35000 55000 149987 -13.223
30000 60000 149985 -15.2574
35000 60000 149985 -15.3248
35000 55000 149987 -13.223
40000 55000 149988 -12.2057
35000 60000 149985 -15.3248
40000 60000 149986 -14.1644
40000 50000 149987 -13.0672
45000 50000 149989 -10.7879
40000 55000 149988 -12.2057
45000 55000 149989 -11.4958
45000 50000 149989 -10.7879
50000 50000 149989 -10.6804
45000 55000 149989 -11.4958
50000 55000 149989 -10.9633
40000 55000 149988 -12.2057
45000 55000 149989 -11.4958
40000 60000 149986 -14.1644
45000 60000 149988 -12.4812
45000 55000 149989 -11.4958
50000 55000 149989 -10.9633
45000 60000 149988 -12.4812
50000 60000 149987 -12.5077
50000 50000 149989 -10.6804
55000 50000 149991 -9.02678
50000 55000 149989 -10.9633
55000 55000 149990 -9.56125
55000 50000 149991 -9.02678
60000 50000 149993 -6.62732
55000 55000 149990 -9.56125
60000 55000 149993 -6.95191
50000 55000 149989 -10.9633
55000 55000 149990 -9.56125
50000 60000 149987 -12.5077
55000 60000 149990 -10.2881
55000 55000 149990 -9.56125
60000 55000 149993 -6.95191
55000 60000 149990 -10.2881
60000 60000 149991 -9.26976
60000 50000 149993 -6.62732
65000 50000 149996 -3.92534
60000 55000 149993 -6.95191
65000 55000 149995 -4.73129
65000 50000 149996 -3.92534
70000 50000 149999 -1.31525
65000 55000 149995 -4.73129
70000 55000 149995 -5.20418
60000 55000 149993 -6.95191
65000 55000 149995 -4.73129
60000 60000 149991 -9.26976
65000 60000 149992 -8.40534
65000 55000 149995 -4.73129
70000 55000 149995 -5.20418
65000 60000 149992 -8.40534
70000 60000 149996 -4.1777
70000 50000 149999 -1.31525
75000 50000 150001 0.982883
70000 55000 149995 -5.20418
75000 55000 150001 0.839934
75000 50000 150001 0.982883
80000 50000 150006 5.81224
75000 55000 150001 0.839934
80000 55000 150002 1.97566
70000 55000 149995 -5.20418
75000 55000 150001 0.839934
70000 60000 149996 -4.1777
75000 60000 150000 -0.20472
75000 55000 150001 0.839934
80000 55000 150002 1.97566
75000 60000 150000 -0.20472
80000 60000 150004 4.18968
0 60000 149984 -15.5688
5000 60000 149986 -14.3537
0 65000 149985 -15.2187
5000 65000 149985 -14.9397
5000 60000 149986 -14.3537
10000 60000 149986 -14.2486
5000 65000 149985 -14.9397
10000 65000 149985 -15.4743
0 65000 149985 -15.2187
5000 65000 149985 -14.9397
0 70000 149985 -15.1879
5000 70000 149985 -15.0118
5000 65000 149985 -14.9397
10000 65000 149985 -15.4743
5000 70000 149985 -15.0118
10000 70000 149985 -15.318
10000 60000 149986 -14.2486
15000 60000 149985 -15.3565
10000 65000 149985 -15.4743
15000 65000 149985 -15.4573
15000 60000 149985 -15.3565
20000 60000 149985 -14.7474
15000 65000 149985 -15.4573
20000 65000 149985 -15.4337
10000 65000 149985 -15.4743
15000 65000 149985 -15.4573
10000 70000 149985 -15.318
15000 70000 149984 -15.7332
15000 65000 149985 -15.4573
20000 65000 149985 -15.4337
15000 70000 149984 -15.7332
20000 70000 149985 -14.8483
20000 60000 149985 -14.7474
25000 60000 149985 -15.0019
20000 65000 149985 -15.4337
25000 65000 149984 -15.6718
25000 60000 149985 -15.0019
30000 60000 149985 -15.2574
25000 65000 149984 -15.6718
30000 65000 149985 -15.0986
20000 65000 149985 -15.4337
25000 65000 149984 -15.6718
20000 70000 149985 -14.8483
25000 70000 149985 -15.4519
25000 65000 149984 -15.6718
30000 65000 149985 -15.0986
25000 70000 149985 -15.4519
30000 70000 149985 -15.4248
30000 60000 149985 -15.2574
35000 60000 149985 -15.3248
30000 65000 149985 -15.0986
35000 65000 149985 -15.0891
35000 60000 149985 -15.3248
40000 60000 149986 -14.1644
35000 65000 149985 -15.0891
40000 65000 149986 -13.9452
30000 65000 149985 -15.0986
35000 65000 149985 -15.0891
30000 70000 149985 -15.4248
35000 70000 149985 -14.7254
35000 65000 149985 -15.0891
40000 65000 149986 -13.9452
35000 70000 149985 -14.7254
40000 70000 149986 -13.545
40000 60000 149986 -14.1644
45000 60000 149988 -12.4812
40000 65000 149986 -13.9452
45000 65000 149986 -14.1239
45000 60000 149988 -12.4812
50000 60000 149987 -12.5077
45000 65000 149986 -14.1239
50000 65000 149988 -11.8884
40000 65000 149986 -13.9452
45000 65000 149986 -14.1239
40000 70000 149986 -13.545
45000 70000 149987 -13.1691
45000 65000 149986 -14.1239
50000 65000 149988 -11.8884
45000 70000 149987 -13.1691
50000 70000 149988 -11.7882
50000 60000 149987 -12.5077
55000 60000 149990 -10.2881
50000 65000 149988 -11.8884
55000 65000 149990 -9.79756
55000 60000 149990 -10.2881
60000 60000 149991 -9.26976
55000 65000 149990 -9.79756
60000 65000 149991 -9.00342
50000 65000 149988 -11.8884
55000 65000 149990 -9.79756
50000 70000 149988 -11.7882
55000 70000 149989 -11.0429
55000 65000 149990 -9.79756
60000 65000 149991 -9.00342
55000 70000 149989 -11.0429
60000 70000 149993 -7.45481
60000 60000 149991 -9.26976
65000 60000 149992 -8.40534
60000 65000 149991 -9.00342
65000 65000 149993 -6.92094
65000 60000 149992 -8.40534
70000 60000 149996 -4.1777
65000 65000 149993 -6.92094
70000 65000 149994 -6.15518
60000 65000 149991 -9.00342
65000 65000 149993 -6.92094
60000 70000 149993 -7.45481
65000 70000 149994 -5.90163
65000 65000 149993 -6.92094
70000 65000 149994 -6.15518
65000 70000 149994 -5.90163
70000 70000 149996 -4.20622
70000 60000 149996 -4.1777
75000 60000 150000 -0.20472
70000 65000 149994 -6.15518
75000 65000 149999 -1.15172
75000 60000 150000 -0.20472
80000 60000 150004 4.18968
75000 65000 149999 -1.15172
80000 65000 150003 2.70712
70000 65000 149994 -6.15518
75000 65000 149999 -1.15172
70000 70000 149996 -4.20622
75000 70000 149999 -0.644228
75000 65000 149999 -1.15172
80000 65000 150003 2.70712
75000 70000 149999 -0.644228
80000 70000 150003 2.75115
0 70000 149985 -15.1879
5000 70000 149985 -15.0118
0 75000 149984 -15.7422
5000 75000 149984 -15.7269
5000 70000 149985 -15.0118
10000 70000 149985 -15.318
5000 75000 149984 -15.7269
10000 75000 149984 -15.792
0 75000 149984 -15.7422
5000 75000 149984 -15.7269
0 80000 149985 -15.0872
5000 80000 149985 -15.4055
5000 75000 149984 -15.7269
10000 75000 149984 -15.792
5000 80000 149985 -15.4055
10000 80000 149984 -16.1251
10000 70000 149985 -15.318
15000 70000 149984 -15.7332
10000 75000 149984 -15.792
15000 75000 149984 -15.8927
15000 70000 149984 -15.7332
20000 70000 149985 -14.8483
15000 75000 149984 -15.8927
20000 75000 149984 -15.9063
10000 75000 149984 -15.792
15000 75000 149984 -15.8927
10000 80000 149984 -16.1251
15000 80000 149984 -15.8893
15000 75000 149984 -15.8927
20000 75000 149984 -15.9063
15000 80000 149984 -15.8893
20000 80000 149985 -15.4776
20000 70000 149985 -14.8483
25000 70000 149985 -15.4519
20000 75000 149984 -15.9063
25000 75000 149984 -15.8219
25000 70000 149985 -15.4519
30000 70000 149985 -15.4248
25000 75000 149984 -15.8219
30000 75000 149985 -14.907
20000 75000 149984 -15.9063
25000 75000 149984 -15.8219
20000 80000 149985 -15.4776
25000 80000 149984 -15.8858
25000 75000 149984 -15.8219
30000 75000 149985 -14.907
25000 80000 149984 -15.8858
30000 80000 149985 -14.695
30000 70000 149985 -15.4248
35000 70000 149985 -14.7254
30000 75000 149985 -14.907
35000 75000 149986 -14.258
35000 70000 149985 -14.7254
40000 70000 149986 -13.545
35000 75000 149986 -14.258
40000 75000 149986 -14.3467
30000 75000 149985 -14.907
35000 75000 149986 -14.258
30000 80000 149985 -14.695
35000 80000 149985 -15.1468
35000 75000 149986 -14.258
40000 75000 149986 -14.3467
35000 80000 149985 -15.1468
40000 80000 149986 -13.5327
40000 70000 149986 -13.545
45000 70000 149987 -13.1691
40000 75000 149986 -14.3467
45000 75000 149986 -13.7844
45000 70000 149987 -13.1691
50000 70000 149988 -11.7882
45000 75000 149986 -13.7844
50000 75000 149987 -13.1402
40000 75000 149986 -14.3467
45000 75000 149986 -13.7844
40000 80000 149986 -13.5327
45000 80000 149987 -13.3277
45000 75000 149986 -13.7844
50000 75000 149987 -13.1402
45000 80000 149987 -13.3277
50000 80000 149987 -13.2263
50000 70000 149988 -11.7882
55000 70000 149989 -11.0429
50000 75000 149987 -13.1402
55000 75000 149989 -11.0631
55000 70000 149989 -11.0429
60000 70000 149993 -7.45481
55000 75000 149989 -11.0631
60000 75000 149991 -9.21401
50000 75000 149987 -13.1402
55000 75000 149989 -11.0631
50000 80000 149987 -13.2263
55000 80000 149989 -10.8732
55000 75000 149989 -11.0631
60000 75000 149991 -9.21401
55000 80000 149989 -10.8732
60000 80000 149990 -10.4314
60000 70000 149993 -7.45481
65000 70000 149994 -5.90163
60000 75000 149991 -9.21401
65000 75000 149993 -7.49411
65000 70000 149994 -5.90163
70000 70000 149996 -4.20622
65000 75000 149993 -7.49411
70000 75000 149996 -4.26446
60000 75000 149991 -9.21401
65000 75000 149993 -7.49411
60000 80000 149990 -10.4314
65000 80000 149990 -10.4005
65000 75000 149993 -7.49411
70000 75000 149996 -4.26446
65000 80000 149990 -10.4005
70000 80000 149993 -7.37585
70000 70000 149996 -4.20622
75000 70000 149999 -0.644228
70000 75000 149996 -4.26446
75000 75000 149997 -2.83928
75000 70000 149999 -0.644228
80000 70000 150003 2.75115
75000 75000 149997 -2.83928
80000 75000 150000 -0.301089
70000 75000 149996 -4.26446
75000 75000 149997 -2.83928
70000 80000 149993 -7.37585
75000 80000 149996 -4.47265
75000 75000 149997 -2.83928
80000 75000 150000 -0.301089
75000 80000 149996 -4.47265
80000 80000 150003 2.59575
80000 0 150012 11.7097
85000 0 150014 14.0565
80000 5000 150011 10.7634
85000 5000 150014 14.0644
85000 0 150014 14.0565
90000 0 150015 15.1769
85000 5000 150014 14.0644
90000 5000 150016 16.106
80000 5000 150011 10.7634
85000 5000 150014 14.0644
80000 10000 150009 9.1724
85000 10000 150013 12.9246
85000 5000 150014 14.0644
90000 5000 150016 16.106
85000 10000 150013 12.9246
90000 10000 150015 15.3196
90000 0 150015 15.1769
95000 0 150015 15.14
90000 5000 150016 16.106
95000 5000 150016 16.0478
95000 0 150015 15.14
100000 0 150014 13.7074
95000 5000 150016 16.0478
100000 5000 150015 14.5467
90000 5000 150016 16.106
95000 5000 150016 16.0478
90000 10000 150015 15.3196
95000 10000 150016 16.3828
95000 5000 150016 16.0478
100000 5000 150015 14.5467
95000 10000 150016 16.3828
100000 10000 150015 14.9746
100000 0 150014 13.7074
105000 0 150010 9.9222
100000 5000 150015 14.5467
105000 5000 150009 8.6392
105000 0 150010 9.9222
110000 0 150001 1.24313
105000 5000 150009 8.6392
110000 5000 149998 -1.85468
100000 5000 150015 14.5467
105000 5000 150009 8.6392
100000 10000 150015 14.9746
105000 10000 150013 12.9194
105000 5000 150009 8.6392
110000 5000 149998 -1.85468
105000 10000 150013 12.9194
110000 10000 150006 6.48296
110000 0 150001 1.24313
115000 0 149987 -13.2011
110000 5000 149998 -1.85468
115000 5000 149983 -16.9954
115000 0 149987 -13.2011
120000 0 149977 -23.3685
115000 5000 149983 -16.9954
120000 5000 149972 -27.576
110000 5000 149998 -1.85468
115000 5000 149983 -16.9954
110000 10000 150006 6.48296
115000 10000 149990 -10.1546
115000 5000 149983 -16.9954
120000 5000 149972 -27.576
115000 10000 149990 -10.1546
120000 10000 149970 -30.1172
120000 0 149977 -23.3685
125000 0 149970 -30.4142
120000 5000 149972 -27.576
125000 5000 149968 -31.8409
125000 0 149970 -30.4142
130000 0 149970 -29.6896
125000 5000 149968 -31.8409
130000 5000 149969 -31.3295
120000 5000 149972 -27.576
125000 5000 149968 -31.8409
120000 10000 149970 -30.1172
125000 10000 149963 -37.2748
125000 5000 149968 -31.8409
130000 5000 149969 -31.3295
125000 10000 149963 -37.2748
130000 10000 149965 -35.4954
130000 0 149970 -29.6896
135000 0 149973 -26.7988
130000 5000 149969 -31.3295
135000 5000 149971 -29.1829
135000 0 149973 -26.7988
140000 0 149978 -22.3269
135000 5000 149971 -29.1829
140000 5000 149984 -15.6187
130000 5000 149969 -31.3295
135000 5000 149971 -29.1829
130000 10000 149965 -35.4954
135000 10000 149971 -29.0982
135000 5000 149971 -29.1829
140000 5000 149984 -15.6187
135000 10000 149971 -29.0982
140000 10000 149984 -16.278
140000 0 149978 -22.3269
145000 0 149994 -6.26715
140000 5000 149984 -15.6187
145000 5000 149988 -12.2067
145000 0 149994 -6.26715
150000 0 149997 -3.24475
145000 5000 149988 -12.2067
150000 5000 149998 -1.98177
140000 5000 149984 -15.6187
145000 5000 149988 -12.2067
140000 10000 149984 -16.278
145000 10000 149995 -5.05743
145000 5000 149988 -12.2067
150000 5000 149998 -1.98177
145000 10000 149995 -5.05743
150000 10000 150002 2.00689
150000 0 149997 -3.24475
155000 0 150003 2.77602
150000 5000 149998 -1.98177
155000 5000 150005 4.98446
155000 0 150003 2.77602
160000 0 150010 9.80042
155000 5000 150005 4.98446
160000 5000 150011 11.1404
150000 5000 149998 -1.98177
155000 5000 150005 4.98446
150000 10000 150002 2.00689
155000 10000 150005 5.46113
155000 5000 150005 4.98446
160000 5000 150011 11.1404
155000 10000 150005 5.46113
160000 10000 150013 12.6822
80000 10000 150009 9.1724
85000 10000 150013 12.9246
80000 15000 150009 8.67824
85000 15000 150013 13.3587
85000 10000 150013 12.9246
90000 10000 150015 15.3196
85000 15000 150013 13.3587
90000 15000 150014 13.6267
80000 15000 150009 8.67824
85000 15000 150013 13.3587
80000 20000 150011 10.6856
85000 20000 150016 15.5722
85000 15000 150013 13.3587
90000 15000 150014 13.6267
85000 20000 150016 15.5722
90000 20000 150016 16.325
90000 10000 150015 15.3196
95000 10000 150016 16.3828
90000 15000 150014 13.6267
95000 15000 150017 16.691
95000 10000 150016 16.3828
100000 10000 150015 14.9746
95000 15000 150017 16.691
100000 15000 150017 17.3338
90000 15000 150014 13.6267
95000 15000 150017 16.691
90000 20000 150016 16.325
95000 20000 150017 17.0506
95000 15000 150017 16.691
100000 15000 150017 17.3338
95000 20000 150017 17.0506
100000 20000 150016 16.3199
100000 10000 150015 14.9746
105000 10000 150013 12.9194
100000 15000 150017 17.3338
105000 15000 150019 18.8099
105000 10000 150013 12.9194
110000 10000 150006 6.48296
105000 15000 150019 18.8099
110000 15000 150014 14.2253
100000 15000 150017 17.3338
105000 15000 150019 18.8099
100000 20000 150016 16.3199
105000 20000 150020 19.8526
105000 15000 150019 18.8099
110000 15000 150014 14.2253
105000 20000 150020 19.8526
110000 20000 150021 21.2695
110000 10000 150006 6.48296
115000 10000 149990 -10.1546
110000 15000 150014 14.2253
115000 15000 149996 -3.6288
115000 10000 149990 -10.1546
120000 10000 149970 -30.1172
115000 15000 149996 -3.6288
120000 15000 149968 -31.6704
110000 15000 150014 14.2253
115000 15000 149996 -3.6288
110000 20000 150021 21.2695
115000 20000 150003 2.93741
115000 15000 149996 -3.6288
120000 15000 149968 -31.6704
115000 20000 150003 2.93741
120000 20000 149969 -31.0673
120000 10000 149970 -30.1172
125000 10000 149963 -37.2748
120000 15000 149968 -31.6704
125000 15000 149948 -51.6709
125000 10000 149963 -37.2748
130000 10000 149965 -35.4954
125000 15000 149948 -51.6709
130000 15000 149953 -47.4782
120000 15000 149968 -31.6704
125000 15000 149948 -51.6709
120000 20000 149969 -31.0673
125000 20000 149936 -64.1999
125000 15000 149948 -51.6709
130000 15000 149953 -47.4782
125000 20000 149936 -64.1999
130000 20000 149932 -67.6811
130000 10000 149965 -35.4954
135000 10000 149971 -29.0982
130000 15000 149953 -47.4782
135000 15000 149967 -32.8106
135000 10000 149971 -29.0982
140000 10000 149984 -16.278
135000 15000 149967 -32.8106
140000 15000 149980 -20.2616
130000 15000 149953 -47.4782
135000 15000 149967 -32.8106
130000 20000 149932 -67.6811
135000 20000 149959 -40.9886
135000 15000 149967 -32.8106
140000 15000 149980 -20.2616
135000 20000 149959 -40.9886
140000 20000 149978 -21.7384
140000 10000 149984 -16.278
145000 10000 149995 -5.05743
140000 15000 149980 -20.2616
145000 15000 149996 -4.34365
145000 10000 149995 -5.05743
150000 10000 150002 2.00689
145000 15000 149996 -4.34365
150000 15000 150002 2.48575
140000 15000 149980 -20.2616
145000 15000 149996 -4.34365
140000 20000 149978 -21.7384
145000 20000 149995 -5.20675
145000 15000 149996 -4.34365
150000 15000 150002 2.48575
145000 20000 149995 -5.20675
150000 20000 149992 -7.67068
150000 10000 150002 2.00689
155000 10000 150005 5.46113
150000 15000 150002 2.48575
155000 15000 150009 8.59097
155000 10000 150005 5.46113
160000 10000 150013 12.6822
155000 15000 150009 8.59097
160000 15000 150013 13.2133
150000 15000 150002 2.48575
155000 15000 150009 8.59097
150000 20000 149992 -7.67068
155000 20000 150005 5.27322
155000 15000 150009 8.59097
160000 15000 150013 13.2133
155000 20000 150005 5.27322
160000 20000 150012 12.0585
80000 20000 150011 10.6856
85000 20000 150016 15.5722
80000 25000 150010 10.0648
85000 25000 150015 15.0726
85000 20000 150016 15.5722
90000 20000 150016 16.325
85000 25000 150015 15.0726
90000 25000 150016 16.0154
80000 25000 150010 10.0648
85000 25000 150015 15.0726
80000 30000 150007 7.41311
85000 30000 150012 12.1429
85000 25000 150015 15.0726
90000 25000 150016 16.0154
85000 30000 150012 12.1429
90000 30000 150017 16.5065
90000 20000 150016 16.325
95000 20000 150017 17.0506
90000 25000 150016 16.0154
95000 25000 150018 18.3683
95000 20000 150017 17.0506
100000 20000 150016 16.3199
95000 25000 150018 18.3683
100000 25000 150020 19.7821
90000 25000 150016 16.0154
95000 25000 150018 18.3683
90000 30000 150017 16.5065
95000 30000 150018 17.9407
95000 25000 150018 18.3683
100000 25000 150020 19.7821
95000 30000 150018 17.9407
100000 30000 150020 19.7993
100000 20000 150016 16.3199
105000 20000 150020 19.8526
100000 25000 150020 19.7821
105000 25000 150022 21.8069
105000 20000 150020 19.8526
110000 20000 150021 21.2695
105000 25000 150022 21.8069
110000 25000 150024 24.361
100000 25000 150020 19.7821
105000 25000 150022 21.8069
100000 30000 150020 19.7993
105000 30000 150020 20.2509
105000 25000 150022 21.8069
110000 25000 150024 24.361
105000 30000 150020 20.2509
110000 30000 150022 22.2251
110000 20000 150021 21.2695
115000 20000 150003 2.93741
110000 25000 150024 24.361
115000 25000 150016 15.7662
115000 20000 150003 2.93741
120000 20000 149969 -31.0673
115000 25000 150016 15.7662
120000 25000 149982 -18.0544
110000 25000 150024 24.361
115000 25000 150016 15.7662
110000 30000 150022 22.2251
115000 30000 150021 21.2027
115000 25000 150016 15.7662
120000 25000 149982 -18.0544
115000 30000 150021 21.2027
120000 30000 149997 -3.12927
120000 20000 149969 -31.0673
125000 20000 149936 -64.1999
120000 25000 149982 -18.0544
125000 25000 149948 -52.4934
125000 20000 149936 -64.1999
130000 20000 149932 -67.6811
125000 25000 149948 -52.4934
130000 25000 149923 -76.9761
120000 25000 149982 -18.0544
125000 25000 149948 -52.4934
120000 30000 149997 -3.12927
125000 30000 149968 -32.1222
125000 25000 149948 -52.4934
130000 25000 149923 -76.9761
125000 30000 149968 -32.1222
130000 30000 149929 -71.4571
130000 20000 149932 -67.6811
135000 20000 149959 -40.9886
130000 25000 149923 -76.9761
135000 25000 149942 -58.0154
135000 20000 149959 -40.9886
140000 20000 149978 -21.7384
135000 25000 149942 -58.0154
140000 25000 149969 -31.0674
130000 25000 149923 -76.9761
135000 25000 149942 -58.0154
130000 30000 149929 -71.4571
135000 30000 149922 -78.1182
135000 25000 149942 -58.0154
140000 25000 149969 -31.0674
135000 30000 149922 -78.1182
140000 30000 149958 -41.907
140000 20000 149978 -21.7384
145000 20000 149995 -5.20675
140000 25000 149969 -31.0674
145000 25000 149990 -9.75249
145000 20000 149995 -5.20675
150000 20000 149992 -7.67068
145000 25000 149990 -9.75249
150000 25000 150002 2.48052
140000 25000 149969 -31.0674
145000 25000 149990 -9.75249
140000 30000 149958 -41.907
145000 30000 149980 -19.9273
145000 25000 149990 -9.75249
150000 25000 150002 2.48052
145000 30000 149980 -19.9273
150000 30000 150000 -0.242252
150000 20000 149992 -7.67068
155000 20000 150005 5.27322
150000 25000 150002 2.48052
155000 25000 150008 7.58714
155000 20000 150005 5.27322
160000 20000 150012 12.0585
155000 25000 150008 7.58714
160000 25000 150009 9.17382
150000 25000 150002 2.48052
155000 25000 150008 7.58714
150000 30000 150000 -0.242252
155000 30000 150009 8.54881
155000 25000 150008 7.58714
160000 25000 150009 9.17382
155000 30000 150009 8.54881
160000 30000 150013 12.881
80000 30000 150007 7.41311
85000 30000 150012 12.1429
80000 35000 150009 8.51556
85000 35000 150012 11.756
85000 30000 150012 12.1429
90000 30000 150017 16.5065
85000 35000 150012 11.756
90000 35000 150013 13.0334
80000 35000 150009 8.51556
85000 35000 150012 11.756
80000 40000 150004 4.28145
85000 40000 150012 11.5618
85000 35000 150012 11.756
90000 35000 150013 13.0334
85000 40000 150012 11.5618
90000 40000 150016 16.3172
90000 30000 150017 16.5065
95000 30000 150018 17.9407
90000 35000 150013 13.0334
95000 35000 150018 18.0239
95000 30000 150018 17.9407
100000 30000 150020 19.7993
95000 35000 150018 18.0239
100000 35000 150020 20.0207
90000 35000 150013 13.0334
95000 35000 150018 18.0239
90000 40000 150016 16.3172
95000 40000 150019 19.1244
95000 35000 150018 18.0239
100000 35000 150020 20.0207
95000 40000 150019 19.1244
100000 40000 150021 21.3221
100000 30000 150020 19.7993
105000 30000 150020 20.2509
100000 35000 150020 20.0207
105000 35000 150021 20.8054
105000 30000 150020 20.2509
110000 30000 150022 22.2251
105000 35000 150021 20.8054
110000 35000 150022 22.2695
100000 35000 150020 20.0207
105000 35000 150021 20.8054
100000 40000 150021 21.3221
105000 40000 150021 21.0646
105000 35000 150021 20.8054
110000 35000 150022 22.2695
105000 40000 150021 21.0646
110000 40000 150021 20.6446
110000 30000 150022 22.2251
115000 30000 150021 21.2027
110000 35000 150022 22.2695
115000 35000 150023 23.3047
115000 30000 150021 21.2027
120000 30000 149997 -3.12927
115000 35000 150023 23.3047
120000 35000 150011 11.4135
110000 35000 150022 22.2695
115000 35000 150023 23.3047
110000 40000 150021 20.6446
115000 40000 150023 23.2117
115000 35000 150023 23.3047
120000 35000 150011 11.4135
115000 40000 150023 23.2117
120000 40000 150019 19.4931
120000 30000 149997 -3.12927
125000 30000 149968 -32.1222
120000 35000 150011 11.4135
125000 35000 149982 -17.9129
125000 30000 149968 -32.1222
130000 30000 149929 -71.4571
125000 35000 149982 -17.9129
130000 35000 149947 -53.3036
120000 35000 150011 11.4135
125000 35000 149982 -17.9129
120000 40000 150019 19.4931
125000 40000 149998 -2.32622
125000 35000 149982 -17.9129
130000 35000 149947 -53.3036
125000 40000 149998 -2.32622
130000 40000 149968 -32.0737
130000 30000 149929 -71.4571
135000 30000 149922 -78.1182
130000 35000 149947 -53.3036
135000 35000 149914 -86.0172
135000 30000 149922 -78.1182
140000 30000 149958 -41.907
135000 35000 149914 -86.0172
140000 35000 149937 -62.5752
130000 35000 149947 -53.3036
135000 35000 149914 -86.0172
130000 40000 149968 -32.0737
135000 40000 149924 -75.5978
135000 35000 149914 -86.0172
140000 35000 149937 -62.5752
135000 40000 149924 -75.5978
140000 40000 149918 -82.3718
140000 30000 149958 -41.907
145000 30000 149980 -19.9273
140000 35000 149937 -62.5752
145000 35000 149969 -31.0674
145000 30000 149980 -19.9273
150000 30000 150000 -0.242252
145000 35000 149969 -31.0674
150000 35000 149987 -13.0201
140000 35000 149937 -62.5752
145000 35000 149969 -31.0674
140000 40000 149918 -82.3718
145000 40000 149953 -47.3867
145000 35000 149969 -31.0674
150000 35000 149987 -13.0201
145000 40000 149953 -47.3867
150000 40000 149978 -22.3197
150000 30000 150000 -0.242252
155000 30000 150009 8.54881
150000 35000 149987 -13.0201
155000 35000 150007 7.43395
155000 30000 150009 8.54881
160000 30000 150013 12.881
155000 35000 150007 7.43395
160000 35000 150015 15.3969
150000 35000 149987 -13.0201
155000 35000 150007 7.43395
150000 40000 149978 -22.3197
155000 40000 150005 4.68118
155000 35000 150007 7.43395
160000 35000 150015 15.3969
155000 40000 150005 4.68118
160000 40000 150004 3.78085
80000 40000 150004 4.28145
85000 40000 150012 11.5618
80000 45000 150006 5.86154
85000 45000 150011 10.9191
85000 40000 150012 11.5618
90000 40000 150016 16.3172
85000 45000 150011 10.9191
90000 45000 150017 17.1191
80000 45000 150006 5.86154
85000 45000 150011 10.9191
80000 50000 150006 5.81224
85000 50000 150009 8.86192
85000 45000 150011 10.9191
90000 45000 150017 17.1191
85000 50000 150009 8.86192
90000 50000 150013 13.4263
90000 40000 150016 16.3172
95000 40000 150019 19.1244
90000 45000 150017 17.1191
95000 45000 150018 18.01
95000 40000 150019 19.1244
100000 40000 150021 21.3221
95000 45000 150018 18.01
100000 45000 150019 18.8326
90000 45000 150017 17.1191
95000 45000 150018 18.01
90000 50000 150013 13.4263
95000 50000 150020 19.5179
95000 45000 150018 18.01
100000 45000 150019 18.8326
95000 50000 150020 19.5179
100000 50000 150021 20.7144
100000 40000 150021 21.3221
105000 40000 150021 21.0646
100000 45000 150019 18.8326
105000 45000 150021 21.0619
105000 40000 150021 21.0646
110000 40000 150021 20.6446
105000 45000 150021 21.0619
110000 45000 150021 20.9883
100000 45000 150019 18.8326
105000 45000 150021 21.0619
100000 50000 150021 20.7144
105000 50000 150020 20.4505
105000 45000 150021 21.0619
110000 45000 150021 20.9883
105000 50000 150020 20.4505
110000 50000 150022 22.0232
110000 40000 150021 20.6446
115000 40000 150023 23.2117
110000 45000 150021 20.9883
115000 45000 150020 20.1989
115000 40000 150023 23.2117
120000 40000 150019 19.4931
115000 45000 150020 20.1989
120000 45000 150021 20.8005
110000 45000 150021 20.9883
115000 45000 150020 20.1989
110000 50000 150022 22.0232
115000 50000 150021 21.0692
115000 45000 150020 20.1989
120000 45000 150021 20.8005
115000 50000 150021 21.0692
120000 50000 150015 15.4897
120000 40000 150019 19.4931
125000 40000 149998 -2.32622
120000 45000 150021 20.8005
125000 45000 149993 -7.33887
125000 40000 149998 -2.32622
130000 40000 149968 -32.0737
125000 45000 149993 -7.33887
130000 45000 149977 -23.2509
120000 45000 150021 20.8005
125000 45000 149993 -7.33887
120000 50000 150015 15.4897
125000 50000 150016 16.4102
125000 45000 149993 -7.33887
130000 45000 149977 -23.2509
125000 50000 150016 16.4102
130000 50000 149999 -0.586502
130000 40000 149968 -32.0737
135000 40000 149924 -75.5978
130000 45000 149977 -23.2509
135000 45000 149951 -49.3932
135000 40000 149924 -75.5978
140000 40000 149918 -82.3718
135000 45000 149951 -49.3932
140000 45000 149912 -88.1705
130000 45000 149977 -23.2509
135000 45000 149951 -49.3932
130000 50000 149999 -0.586502
135000 50000 149969 -31.0674
135000 45000 149951 -49.3932
140000 45000 149912 -88.1705
135000 50000 149969 -31.0674
140000 50000 149926 -73.9146
140000 40000 149918 -82.3718
145000 40000 149953 -47.3867
140000 45000 149912 -88.1705
145000 45000 149925 -74.7793
145000 40000 149953 -47.3867
150000 40000 149978 -22.3197
145000 45000 149925 -74.7793
150000 45000 149967 -32.6211
140000 45000 149912 -88.1705
145000 45000 149925 -74.7793
140000 50000 149926 -73.9146
145000 50000 149908 -91.5516
145000 45000 149925 -74.7793
150000 45000 149967 -32.6211
145000 50000 149908 -91.5516
150000 50000 149947 -53.0709
150000 40000 149978 -22.3197
155000 40000 150005 4.68118
150000 45000 149967 -32.6211
155000 45000 149981 -19.1434
155000 40000 150005 4.68118
160000 40000 150004 3.78085
155000 45000 149981 -19.1434
160000 45000 150012 12.023
150000 45000 149967 -32.6211
155000 45000 149981 -19.1434
150000 50000 149947 -53.0709
155000 50000 149981 -18.5441
155000 45000 149981 -19.1434
160000 45000 150012 12.023
155000 50000 149981 -18.5441
160000 50000 149994 -6.0359
80000 50000 150006 5.81224
85000 50000 150009 8.86192
80000 55000 150002 1.97566
85000 55000 150006 5.87883
85000 50000 150009 8.86192
90000 50000 150013 13.4263
85000 55000 150006 5.87883
90000 55000 150011 10.9228
80000 55000 150002 1.97566
85000 55000 150006 5.87883
80000 60000 150004 4.18968
85000 60000 150008 7.6971
85000 55000 150006 5.87883
90000 55000 150011 10.9228
85000 60000 150008 7.6971
90000 60000 150010 10.121
90000 50000 150013 13.4263
95000 50000 150020 19.5179
90000 55000 150011 10.9228
95000 55000 150016 16.01
95000 50000 150020 19.5179
100000 50000 150021 20.7144
95000 55000 150016 16.01
100000 55000 150020 19.5596
90000 55000 150011 10.9228
95000 55000 150016 16.01
90000 60000 150010 10.121
95000 60000 150014 13.6713
95000 55000 150016 16.01
100000 55000 150020 19.5596
95000 60000 150014 13.6713
100000 60000 150018 17.8706
100000 50000 150021 20.7144
105000 50000 150020 20.4505
100000 55000 150020 19.5596
105000 55000 150022 22.2887
105000 50000 150020 20.4505
110000 50000 150022 22.0232
105000 55000 150022 22.2887
110000 55000 150023 22.5097
100000 55000 150020 19.5596
105000 55000 150022 22.2887
100000 60000 150018 17.8706
105000 60000 150021 21.1744
105000 55000 150022 22.2887
110000 55000 150023 22.5097
105000 60000 150021 21.1744
110000 60000 150022 21.7136
110000 50000 150022 22.0232
115000 50000 150021 21.0692
110000 55000 150023 22.5097
115000 55000 150021 20.9908
115000 50000 150021 21.0692
120000 50000 150015 15.4897
115000 55000 150021 20.9908
120000 55000 150021 20.8018
110000 55000 150023 22.5097
115000 55000 150021 20.9908
110000 60000 150022 21.7136
115000 60000 150022 22.1936
115000 55000 150021 20.9908
120000 55000 150021 20.8018
115000 60000 150022 22.1936
120000 60000 150021 20.5746
120000 50000 150015 15.4897
125000 50000 150016 16.4102
120000 55000 150021 20.8018
125000 55000 150021 21.3877
125000 50000 150016 16.4102
130000 50000 149999 -0.586502
125000 55000 150021 21.3877
130000 55000 150010 10.3069
120000 55000 150021 20.8018
125000 55000 150021 21.3877
120000 60000 150021 20.5746
125000 60000 150022 21.5691
125000 55000 150021 21.3877
130000 55000 150010 10.3069
125000 60000 150022 21.5691
130000 60000 150017 17.2878
130000 50000 149999 -0.586502
135000 50000 149969 -31.0674
130000 55000 150010 10.3069
135000 55000 149983 -16.5621
135000 50000 149969 -31.0674
140000 50000 149926 -73.9146
135000 55000 149983 -16.5621
140000 55000 149954 -45.6678
130000 55000 150010 10.3069
135000 55000 149983 -16.5621
130000 60000 150017 17.2878
135000 60000 150001 0.56446
135000 55000 149983 -16.5621
140000 55000 149954 -45.6678
135000 60000 150001 0.56446
140000 60000 149969 -31.0674
140000 50000 149926 -73.9146
145000 50000 149908 -91.5516
140000 55000 149954 -45.6678
145000 55000 149912 -88.1039
145000 50000 149908 -91.5516
150000 50000 149947 -53.0709
145000 55000 149912 -88.1039
150000 55000 149926 -73.6735
140000 55000 149954 -45.6678
145000 55000 149912 -88.1039
140000 60000 149969 -31.0674
145000 60000 149934 -66.1241
145000 55000 149912 -88.1039
150000 55000 149926 -73.6735
145000 60000 149934 -66.1241
150000 60000 149914 -86.4483
150000 50000 149947 -53.0709
155000 50000 149981 -18.5441
150000 55000 149926 -73.6735
155000 55000 149968 -32.3195
155000 50000 149981 -18.5441
160000 50000 149994 -6.0359
155000 55000 149968 -32.3195
160000 55000 149989 -11.1597
150000 55000 149926 -73.6735
155000 55000 149968 -32.3195
150000 60000 149914 -86.4483
155000 60000 149943 -56.9316
155000 55000 149968 -32.3195
160000 55000 149989 -11.1597
155000 60000 149943 -56.9316
160000 60000 149972 -28.3381
80000 60000 150004 4.18968
85000 60000 150008 7.6971
80000 65000 150003 2.70712
85000 65000 150006 5.59005
85000 60000 150008 7.6971
90000 60000 150010 10.121
85000 65000 150006 5.59005
90000 65000 150011 11.4217
80000 65000 150003 2.70712
85000 65000 150006 5.59005
80000 70000 150003 2.75115
85000 70000 150005 5.34805
85000 65000 150006 5.59005
90000 65000 150011 11.4217
85000 70000 150005 5.34805
90000 70000 150009 9.01356
90000 60000 150010 10.121
95000 60000 150014 13.6713
90000 65000 150011 11.4217
95000 65000 150015 14.5643
95000 60000 150014 13.6713
100000 60000 150018 17.8706
95000 65000 150015 14.5643
100000 65000 150017 16.8076
90000 65000 150011 11.4217
95000 65000 150015 14.5643
90000 70000 150009 9.01356
95000 70000 150013 12.7531
95000 65000 150015 14.5643
100000 65000 150017 16.8076
95000 70000 150013 12.7531
100000 70000 150015 15.4719
100000 60000 150018 17.8706
105000 60000 150021 21.1744
100000 65000 150017 16.8076
105000 65000 150022 21.5963
105000 60000 150021 21.1744
110000 60000 150022 21.7136
105000 65000 150022 21.5963
110000 65000 150022 22.3707
100000 65000 150017 16.8076
105000 65000 150022 21.5963
100000 70000 150015 15.4719
105000 70000 150020 19.5414
105000 65000 150022 21.5963
110000 65000 150022 22.3707
105000 70000 150020 19.5414
110000 70000 150021 21.3282
110000 60000 150022 21.7136
115000 60000 150022 22.1936
110000 65000 150022 22.3707
115000 65000 150022 21.6994
115000 60000 150022 22.1936
120000 60000 150021 20.5746
115000 65000 150022 21.6994
120000 65000 150021 21.4068
110000 65000 150022 22.3707
115000 65000 150022 21.6994
110000 70000 150021 21.3282
115000 70000 150024 23.8826
115000 65000 150022 21.6994
120000 65000 150021 21.4068
115000 70000 150024 23.8826
120000 70000 150023 22.7279
120000 60000 150021 20.5746
125000 60000 150022 21.5691
120000 65000 150021 21.4068
125000 65000 150022 21.5474
125000 60000 150022 21.5691
130000 60000 150017 17.2878
125000 65000 150022 21.5474
130000 65000 150016 16.2543
120000 65000 150021 21.4068
125000 65000 150022 21.5474
120000 70000 150023 22.7279
125000 70000 150020 20.361
125000 65000 150022 21.5474
130000 65000 150016 16.2543
125000 70000 150020 20.361
130000 70000 150018 18.1501
130000 60000 150017 17.2878
135000 60000 150001 0.56446
130000 65000 150016 16.2543
135000 65000 150001 1.31585
135000 60000 150001 0.56446
140000 60000 149969 -31.0674
135000 65000 150001 1.31585
140000 65000 149984 -15.9067
130000 65000 150016 16.2543
135000 65000 150001 1.31585
130000 70000 150018 18.1501
135000 70000 150015 14.9017
135000 65000 150001 1.31585
140000 65000 149984 -15.9067
135000 70000 150015 14.9017
140000 70000 149995 -5.48071
140000 60000 149969 -31.0674
145000 60000 149934 -66.1241
140000 65000 149984 -15.9067
145000 65000 149962 -37.8545
145000 60000 149934 -66.1241
150000 60000 149914 -86.4483
145000 65000 149962 -37.8545
150000 65000 149921 -78.6851
140000 65000 149984 -15.9067
145000 65000 149962 -37.8545
140000 70000 149995 -5.48071
145000 70000 149970 -30.2337
145000 65000 149962 -37.8545
150000 65000 149921 -78.6851
145000 70000 149970 -30.2337
150000 70000 149945 -54.657
150000 60000 149914 -86.4483
155000 60000 149943 -56.9316
150000 65000 149921 -78.6851
155000 65000 149918 -82.1017
155000 60000 149943 -56.9316
160000 60000 149972 -28.3381
155000 65000 149918 -82.1017
160000 65000 149961 -39.295
150000 65000 149921 -78.6851
155000 65000 149918 -82.1017
150000 70000 149945 -54.657
155000 70000 149912 -87.9499
155000 65000 149918 -82.1017
160000 65000 149961 -39.295
155000 70000 149912 -87.9499
160000 70000 149932 -68.0669
80000 70000 150003 2.75115
85000 70000 150005 5.34805
80000 75000 150000 -0.301089
85000 75000 150004 3.62828
85000 70000 150005 5.34805
90000 70000 150009 9.01356
85000 75000 150004 3.62828
90000 75000 150008 8.29408
80000 75000 150000 -0.301089
85000 75000 150004 3.62828
80000 80000 150003 2.59575
85000 80000 150003 3.02071
85000 75000 150004 3.62828
90000 75000 150008 8.29408
85000 80000 150003 3.02071
90000 80000 150006 5.9307
90000 70000 150009 9.01356
95000 70000 150013 12.7531
90000 75000 150008 8.29408
95000 75000 150012 11.9266
95000 70000 150013 12.7531
100000 70000 150015 15.4719
95000 75000 150012 11.9266
100000 75000 150014 13.5175
90000 75000 150008 8.29408
95000 75000 150012 11.9266
90000 80000 150006 5.9307
95000 80000 150010 9.72415
95000 75000 150012 11.9266
100000 75000 150014 13.5175
95000 80000 150010 9.72415
100000 80000 150015 14.6332
100000 70000 150015 15.4719
105000 70000 150020 19.5414
100000 75000 150014 13.5175
105000 75000 150018 17.6559
105000 70000 150020 19.5414
110000 70000 150021 21.3282
105000 75000 150018 17.6559
110000 75000 150021 21.1427
100000 75000 150014 13.5175
105000 75000 150018 17.6559
100000 80000 150015 14.6332
105000 80000 150017 16.9739
105000 75000 150018 17.6559
110000 75000 150021 21.1427
105000 80000 150017 16.9739
110000 80000 150020 19.9077
110000 70000 150021 21.3282
115000 70000 150024 23.8826
110000 75000 150021 21.1427
115000 75000 150021 20.5935
115000 70000 150024 23.8826
120000 70000 150023 22.7279
115000 75000 150021 20.5935
120000 75000 150022 21.7786
110000 75000 150021 21.1427
115000 75000 150021 20.5935
110000 80000 150020 19.9077
115000 80000 150020 20.2091
115000 75000 150021 20.5935
120000 75000 150022 21.7786
115000 80000 150020 20.2091
120000 80000 150021 21.3194
120000 70000 150023 22.7279
125000 70000 150020 20.361
120000 75000 150022 21.7786
125000 75000 150020 20.4528
125000 70000 150020 20.361
130000 70000 150018 18.1501
125000 75000 150020 20.4528
130000 75000 150017 16.84
120000 75000 150022 21.7786
125000 75000 150020 20.4528
120000 80000 150021 21.3194
125000 80000 150020 20.0599
125000 75000 150020 20.4528
130000 75000 150017 16.84
125000 80000 150020 20.0599
130000 80000 150016 16.1947
130000 70000 150018 18.1501
135000 70000 150015 14.9017
130000 75000 150017 16.84
135000 75000 150014 14.1282
135000 70000 150015 14.9017
140000 70000 149995 -5.48071
135000 75000 150014 14.1282
140000 75000 150005 5.08823
130000 75000 150017 16.84
135000 75000 150014 14.1282
130000 80000 150016 16.1947
135000 80000 150014 13.9322
135000 75000 150014 14.1282
140000 75000 150005 5.08823
135000 80000 150014 13.9322
140000 80000 150013 13.0072
140000 70000 149995 -5.48071
145000 70000 149970 -30.2337
140000 75000 150005 5.08823
145000 75000 149984 -15.5564
145000 70000 149970 -30.2337
150000 70000 149945 -54.657
145000 75000 149984 -15.5564
150000 75000 149969 -31.1928
140000 75000 150005 5.08823
145000 75000 149984 -15.5564
140000 80000 150013 13.0072
145000 80000 150004 4.19447
145000 75000 149984 -15.5564
150000 75000 149969 -31.1928
145000 80000 150004 4.19447
150000 80000 149978 -22.332
150000 70000 149945 -54.657
155000 70000 149912 -87.9499
150000 75000 149969 -31.1928
155000 75000 149924 -75.5671
155000 70000 149912 -87.9499
160000 70000 149932 -68.0669
155000 75000 149924 -75.5671
160000 75000 149909 -91.0053
150000 75000 149969 -31.1928
155000 75000 149924 -75.5671
150000 80000 149978 -22.332
155000 80000 149949 -51.2662
155000 75000 149924 -75.5671
160000 75000 149909 -91.0053
155000 80000 149949 -51.2662
160000 80000 149908 -91.8639
0 80000 149985 -15.0872
5000 80000 149985 -15.4055
0 85000 149984 -16.331
5000 85000 149984 -16.4011
5000 80000 149985 -15.4055
10000 80000 149984 -16.1251
5000 85000 149984 -16.4011
10000 85000 149985 -15.2019
0 85000 149984 -16.331
5000 85000 149984 -16.4011
0 90000 149983 -16.5607
5000 90000 149984 -15.6415
5000 85000 149984 -16.4011
10000 85000 149985 -15.2019
5000 90000 149984 -15.6415
10000 90000 149985 -15.154
10000 80000 149984 -16.1251
15000 80000 149984 -15.8893
10000 85000 149985 -15.2019
15000 85000 149985 -14.7338
15000 80000 149984 -15.8893
20000 80000 149985 -15.4776
15000 85000 149985 -14.7338
20000 85000 149985 -14.6293
10000 85000 149985 -15.2019
15000 85000 149985 -14.7338
10000 90000 149985 -15.154
15000 90000 149985 -15.4851
15000 85000 149985 -14.7338
20000 85000 149985 -14.6293
15000 90000 149985 -15.4851
20000 90000 149984 -15.6222
20000 80000 149985 -15.4776
25000 80000 149984 -15.8858
20000 85000 149985 -14.6293
25000 85000 149985 -15.0319
25000 80000 149984 -15.8858
30000 80000 149985 -14.695
25000 85000 149985 -15.0319
30000 85000 149984 -15.6719
20000 85000 149985 -14.6293
25000 85000 149985 -15.0319
20000 90000 149984 -15.6222
25000 90000 149985 -15.2697
25000 85000 149985 -15.0319
30000 85000 149984 -15.6719
25000 90000 149985 -15.2697
30000 90000 149985 -14.6885
30000 80000 149985 -14.695
35000 80000 149985 -15.1468
30000 85000 149984 -15.6719
35000 85000 149985 -14.9682
35000 80000 149985 -15.1468
40000 80000 149986 -13.5327
35000 85000 149985 -14.9682
40000 85000 149986 -14.3664
30000 85000 149984 -15.6719
35000 85000 149985 -14.9682
30000 90000 149985 -14.6885
35000 90000 149986 -14.498
35000 85000 149985 -14.9682
40000 85000 149986 -14.3664
35000 90000 149986 -14.498
40000 90000 149986 -13.5489
40000 80000 149986 -13.5327
45000 80000 149987 -13.3277
40000 85000 149986 -14.3664
45000 85000 149986 -13.9075
45000 80000 149987 -13.3277
50000 80000 149987 -13.2263
45000 85000 149986 -13.9075
50000 85000 149986 -14.0961
40000 85000 149986 -14.3664
45000 85000 149986 -13.9075
40000 90000 149986 -13.5489
45000 90000 149987 -12.9909
45000 85000 149986 -13.9075
50000 85000 149986 -14.0961
45000 90000 149987 -12.9909
50000 90000 149988 -12.1948
50000 80000 149987 -13.2263
55000 80000 149989 -10.8732
50000 85000 149986 -14.0961
55000 85000 149987 -13.4136
55000 80000 149989 -10.8732
60000 80000 149990 -10.4314
55000 85000 149987 -13.4136
60000 85000 149988 -11.9555
50000 85000 149986 -14.0961
55000 85000 149987 -13.4136
50000 90000 149988 -12.1948
55000 90000 149988 -11.7824
55000 85000 149987 -13.4136
60000 85000 149988 -11.9555
55000 90000 149988 -11.7824
60000 90000 149990 -10.1093
60000 80000 149990 -10.4314
65000 80000 149990 -10.4005
60000 85000 149988 -11.9555
65000 85000 149992 -8.30621
65000 80000 149990 -10.4005
70000 80000 149993 -7.37585
65000 85000 149992 -8.30621
70000 85000 149993 -6.87432
60000 85000 149988 -11.9555
65000 85000 149992 -8.30621
60000 90000 149990 -10.1093
65000 90000 149990 -10.4652
65000 85000 149992 -8.30621
70000 85000 149993 -6.87432
65000 90000 149990 -10.4652
70000 90000 149994 -6.274
70000 80000 149993 -7.37585
75000 80000 149996 -4.47265
70000 85000 149993 -6.87432
75000 85000 149996 -3.51557
75000 80000 149996 -4.47265
80000 80000 150003 2.59575
75000 85000 149996 -3.51557
80000 85000 149999 -1.23316
70000 85000 149993 -6.87432
75000 85000 149996 -3.51557
70000 90000 149994 -6.274
75000 90000 149994 -5.61816
75000 85000 149996 -3.51557
80000 85000 149999 -1.23316
75000 90000 149994 -5.61816
80000 90000 150000 0.125502
80000 80000 150003 2.59575
85000 80000 150003 3.02071
80000 85000 149999 -1.23316
85000 85000 150004 3.90907
85000 80000 150003 3.02071
90000 80000 150006 5.9307
85000 85000 150004 3.90907
90000 85000 150004 4.45667
80000 85000 149999 -1.23316
85000 85000 150004 3.90907
80000 90000 150000 0.125502
85000 90000 150004 3.56199
85000 85000 150004 3.90907
90000 85000 150004 4.45667
85000 90000 150004 3.56199
90000 90000 150005 4.7739
90000 80000 150006 5.9307
95000 80000 150010 9.72415
90000 85000 150004 4.45667
95000 85000 150009 8.64997
95000 80000 150010 9.72415
100000 80000 150015 14.6332
95000 85000 150009 8.64997
100000 85000 150011 10.5772
90000 85000 150004 4.45667
95000 85000 150009 8.64997
90000 90000 150005 4.7739
95000 90000 150007 7.16249
95000 85000 150009 8.64997
100000 85000 150011 10.5772
95000 90000 150007 7.16249
100000 90000 150011 11.2271
100000 80000 150015 14.6332
105000 80000 150017 16.9739
100000 85000 150011 10.5772
105000 85000 150015 14.9624
105000 80000 150017 16.9739
110000 80000 150020 19.9077
105000 85000 150015 14.9624
110000 85000 150017 16.7832
100000 85000 150011 10.5772
105000 85000 150015 14.9624
100000 90000 150011 11.2271
105000 90000 150014 13.5636
105000 85000 150015 14.9624
110000 85000 150017 16.7832
105000 90000 150014 13.5636
110000 90000 150016 15.7186
0 90000 149983 -16.5607
5000 90000 149984 -15.6415
0 95000 149984 -16.3048
5000 95000 149984 -16.4344
5000 90000 149984 -15.6415
10000 90000 149985 -15.154
5000 95000 149984 -16.4344
10000 95000 149984 -16.4113
0 95000 149984 -16.3048
5000 95000 149984 -16.4344
0 100000 149984 -16.3397
5000 100000 149983 -16.504
5000 95000 149984 -16.4344
10000 95000 149984 -16.4113
5000 100000 149983 -16.504
10000 100000 149984 -16.2752
10000 90000 149985 -15.154
15000 90000 149985 -15.4851
10000 95000 149984 -16.4113
15000 95000 149984 -16.2544
15000 90000 149985 -15.4851
20000 90000 149984 -15.6222
15000 95000 149984 -16.2544
20000 95000 149985 -15.2977
10000 95000 149984 -16.4113
15000 95000 149984 -16.2544
10000 100000 149984 -16.2752
15000 100000 149984 -15.7577
15000 95000 149984 -16.2544
20000 95000 149985 -15.2977
15000 100000 149984 -15.7577
20000 100000 149984 -15.5252
20000 90000 149984 -15.6222
25000 90000 149985 -15.2697
20000 95000 149985 -15.2977
25000 95000 149984 -15.6714
25000 90000 149985 -15.2697
30000 90000 149985 -14.6885
25000 95000 149984 -15.6714
30000 95000 149985 -15.2798
20000 95000 149985 -15.2977
25000 95000 149984 -15.6714
20000 100000 149984 -15.5252
25000 100000 149985 -15.4108
25000 95000 149984 -15.6714
30000 95000 149985 -15.2798
25000 100000 149985 -15.4108
30000 100000 149985 -14.9261
30000 90000 149985 -14.6885
35000 90000 149986 -14.498
30000 95000 149985 -15.2798
35000 95000 149985 -14.8129
35000 90000 149986 -14.498
40000 90000 149986 -13.5489
35000 95000 149985 -14.8129
40000 95000 149986 -13.8837
30000 95000 149985 -15.2798
35000 95000 149985 -14.8129
30000 100000 149985 -14.9261
35000 100000 149985 -14.8382
35000 95000 149985 -14.8129
40000 95000 149986 -13.8837
35000 100000 149985 -14.8382
40000 100000 149985 -15.1448
40000 90000 149986 -13.5489
45000 90000 149987 -12.9909
40000 95000 149986 -13.8837
45000 95000 149985 -14.6447
45000 90000 149987 -12.9909
50000 90000 149988 -12.1948
45000 95000 149985 -14.6447
50000 95000 149986 -14.1293
40000 95000 149986 -13.8837
45000 95000 149985 -14.6447
40000 100000 149985 -15.1448
45000 100000 149986 -14.1762
45000 95000 149985 -14.6447
50000 95000 149986 -14.1293
45000 100000 149986 -14.1762
50000 100000 149987 -13.4164
50000 90000 149988 -12.1948
55000 90000 149988 -11.7824
50000 95000 149986 -14.1293
55000 95000 149987 -12.6656
55000 90000 149988 -11.7824
60000 90000 149990 -10.1093
55000 95000 149987 -12.6656
60000 95000 149990 -9.7716
50000 95000 149986 -14.1293
55000 95000 149987 -12.6656
50000 100000 149987 -13.4164
55000 100000 149988 -12.3815
55000 95000 149987 -12.6656
60000 95000 149990 -9.7716
55000 100000 149988 -12.3815
60000 100000 149989 -10.92
60000 90000 149990 -10.1093
65000 90000 149990 -10.4652
60000 95000 149990 -9.7716
65000 95000 149991 -8.96695
65000 90000 149990 -10.4652
70000 90000 149994 -6.274
65000 95000 149991 -8.96695
70000 95000 149994 -6.00091
60000 95000 149990 -9.7716
65000 95000 149991 -8.96695
60000 100000 149989 -10.92
65000 100000 149988 -11.6115
65000 95000 149991 -8.96695
70000 95000 149994 -6.00091
65000 100000 149988 -11.6115
70000 100000 149990 -9.7579
70000 90000 149994 -6.274
75000 90000 149994 -5.61816
70000 95000 149994 -6.00091
75000 95000 149996 -4.22091
75000 90000 149994 -5.61816
80000 90000 150000 0.125502
75000 95000 149996 -4.22091
80000 95000 150000 -0.472363
70000 95000 149994 -6.00091
75000 95000 149996 -4.22091
70000 100000 149990 -9.7579
75000 100000 149995 -4.60881
75000 95000 149996 -4.22091
80000 95000 150000 -0.472363
75000 100000 149995 -4.60881
80000 100000 149996 -4.38638
80000 90000 150000 0.125502
85000 90000 150004 3.56199
80000 95000 150000 -0.472363
85000 95000 150003 2.8146
85000 90000 150004 3.56199
90000 90000 150005 4.7739
85000 95000 150003 2.8146
90000 95000 150005 5.49107
80000 95000 150000 -0.472363
85000 95000 150003 2.8146
80000 100000 149996 -4.38638
85000 100000 150001 0.583134
85000 95000 150003 2.8146
90000 95000 150005 5.49107
85000 100000 150001 0.583134
90000 100000 150002 1.51854
90000 90000 150005 4.7739
95000 90000 150007 7.16249
90000 95000 150005 5.49107
95000 95000 150008 8.43829
95000 90000 150007 7.16249
100000 90000 150011 11.2271
95000 95000 150008 8.43829
100000 95000 150010 9.56665
90000 95000 150005 5.49107
95000 95000 150008 8.43829
90000 100000 150002 1.51854
95000 100000 150005 4.88112
95000 95000 150008 8.43829
100000 95000 150010 9.56665
95000 100000 150005 4.88112
100000 100000 150010 10.0357
0 100000 149984 -16.3397
5000 100000 149983 -16.504
0 105000 149984 -16.4225
5000 105000 149983 -16.7159
5000 100000 149983 -16.504
10000 100000 149984 -16.2752
5000 105000 149983 -16.7159
10000 105000 149984 -16.062
0 105000 149984 -16.4225
5000 105000 149983 -16.7159
0 110000 149983 -16.8583
5000 110000 149984 -16.4675
5000 105000 149983 -16.7159
10000 105000 149984 -16.062
5000 110000 149984 -16.4675
10000 110000 149983 -16.7104
10000 100000 149984 -16.2752
15000 100000 149984 -15.7577
10000 105000 149984 -16.062
15000 105000 149983 -16.5194
15000 100000 149984 -15.7577
20000 100000 149984 -15.5252
15000 105000 149983 -16.5194
20000 105000 149984 -15.5547
10000 105000 149984 -16.062
15000 105000 149983 -16.5194
10000 110000 149983 -16.7104
15000 110000 149983 -16.6842
15000 105000 149983 -16.5194
20000 105000 149984 -15.5547
15000 110000 149983 -16.6842
20000 110000 149983 -16.501
20000 100000 149984 -15.5252
25000 100000 149985 -15.4108
20000 105000 149984 -15.5547
25000 105000 149984 -15.9123
25000 100000 149985 -15.4108
30000 100000 149985 -14.9261
25000 105000 149984 -15.9123
30000 105000 149984 -15.6383
20000 105000 149984 -15.5547
25000 105000 149984 -15.9123
20000 110000 149983 -16.501
25000 110000 149984 -15.9753
25000 105000 149984 -15.9123
30000 105000 149984 -15.6383
25000 110000 149984 -15.9753
30000 110000 149985 -14.6154
30000 100000 149985 -14.9261
35000 100000 149985 -14.8382
30000 105000 149984 -15.6383
35000 105000 149985 -15.336
35000 100000 149985 -14.8382
40000 100000 149985 -15.1448
35000 105000 149985 -15.336
40000 105000 149986 -14.2182
30000 105000 149984 -15.6383
35000 105000 149985 -15.336
30000 110000 149985 -14.6154
35000 110000 149985 -15.0022
35000 105000 149985 -15.336
40000 105000 149986 -14.2182
35000 110000 149985 -15.0022
40000 110000 149986 -13.9382
40000 100000 149985 -15.1448
45000 100000 149986 -14.1762
40000 105000 149986 -14.2182
45000 105000 149985 -14.7785
45000 100000 149986 -14.1762
50000 100000 149987 -13.4164
45000 105000 149985 -14.7785
50000 105000 149986 -13.532
40000 105000 149986 -14.2182
45000 105000 149985 -14.7785
40000 110000 149986 -13.9382
45000 110000 149986 -14.4832
45000 105000 149985 -14.7785
50000 105000 149986 -13.532
45000 110000 149986 -14.4832
50000 110000 149986 -13.6843
50000 100000 149987 -13.4164
55000 100000 149988 -12.3815
50000 105000 149986 -13.532
55000 105000 149987 -13.1977
55000 100000 149988 -12.3815
60000 100000 149989 -10.92
55000 105000 149987 -13.1977
60000 105000 149989 -10.8336
50000 105000 149986 -13.532
55000 105000 149987 -13.1977
50000 110000 149986 -13.6843
55000 110000 149988 -12.2558
55000 105000 149987 -13.1977
60000 105000 149989 -10.8336
55000 110000 149988 -12.2558
60000 110000 149990 -10.3916
60000 100000 149989 -10.92
65000 100000 149988 -11.6115
60000 105000 149989 -10.8336
65000 105000 149990 -9.66367
65000 100000 149988 -11.6115
70000 100000 149990 -9.7579
65000 105000 149990 -9.66367
70000 105000 149993 -6.50033
60000 105000 149989 -10.8336
65000 105000 149990 -9.66367
60000 110000 149990 -10.3916
65000 110000 149990 -10.2765
65000 105000 149990 -9.66367
70000 105000 149993 -6.50033
65000 110000 149990 -10.2765
70000 110000 149993 -6.53179
70000 100000 149990 -9.7579
75000 100000 149995 -4.60881
70000 105000 149993 -6.50033
75000 105000 149996 -3.96599
75000 100000 149995 -4.60881
80000 100000 149996 -4.38638
75000 105000 149996 -3.96599
80000 105000 150000 0.142806
70000 105000 149993 -6.50033
75000 105000 149996 -3.96599
70000 110000 149993 -6.53179
75000 110000 149996 -3.61125
75000 105000 149996 -3.96599
80000 105000 150000 0.142806
75000 110000 149996 -3.61125
80000 110000 149999 -1.32176
0 110000 149983 -16.8583
5000 110000 149984 -16.4675
0 115000 149984 -15.5267
5000 115000 149984 -16.4932
5000 110000 149984 -16.4675
10000 110000 149983 -16.7104
5000 115000 149984 -16.4932
10000 115000 149983 -16.5845
0 115000 149984 -15.5267
5000 115000 149984 -16.4932
0 120000 149984 -16.2988
5000 120000 149983 -16.7565
5000 115000 149984 -16.4932
10000 115000 149983 -16.5845
5000 120000 149983 -16.7565
10000 120000 149983 -17.3516
10000 110000 149983 -16.7104
15000 110000 149983 -16.6842
10000 115000 149983 -16.5845
15000 115000 149985 -15.4575
15000 110000 149983 -16.6842
20000 110000 149983 -16.501
15000 115000 149985 -15.4575
20000 115000 149984 -15.9803
10000 115000 149983 -16.5845
15000 115000 149985 -15.4575
10000 120000 149983 -17.3516
15000 120000 149983 -16.7773
15000 115000 149985 -15.4575
20000 115000 149984 -15.9803
15000 120000 149983 -16.7773
20000 120000 149984 -15.6877
20000 110000 149983 -16.501
25000 110000 149984 -15.9753
20000 115000 149984 -15.9803
25000 115000 149985 -15.4009
25000 110000 149984 -15.9753
30000 110000 149985 -14.6154
25000 115000 149985 -15.4009
30000 115000 149985 -15.2842
20000 115000 149984 -15.9803
25000 115000 149985 -15.4009
20000 120000 149984 -15.6877
25000 120000 149985 -14.7851
25000 115000 149985 -15.4009
30000 115000 149985 -15.2842
25000 120000 149985 -14.7851
30000 120000 149985 -14.5482
30000 110000 149985 -14.6154
35000 110000 149985 -15.0022
30000 115000 149985 -15.2842
35000 115000 149985 -14.5856
35000 110000 149985 -15.0022
40000 110000 149986 -13.9382
35000 115000 149985 -14.5856
40000 115000 149986 -14.0077
30000 115000 149985 -15.2842
35000 115000 149985 -14.5856
30000 120000 149985 -14.5482
35000 120000 149986 -13.7211
35000 115000 149985 -14.5856
40000 115000 149986 -14.0077
35000 120000 149986 -13.7211
40000 120000 149985 -14.7134
40000 110000 149986 -13.9382
45000 110000 149986 -14.4832
40000 115000 149986 -14.0077
45000 115000 149986 -13.877
45000 110000 149986 -14.4832
50000 110000 149986 -13.6843
45000 115000 149986 -13.877
50000 115000 149986 -14.2848
40000 115000 149986 -14.0077
45000 115000 149986 -13.877
40000 120000 149985 -14.7134
45000 120000 149985 -14.6634
45000 115000 149986 -13.877
50000 115000 149986 -14.2848
45000 120000 149985 -14.6634
50000 120000 149986 -14.1568
50000 110000 149986 -13.6843
55000 110000 149988 -12.2558
50000 115000 149986 -14.2848
55000 115000 149986 -13.6427
55000 110000 149988 -12.2558
60000 110000 149990 -10.3916
55000 115000 149986 -13.6427
60000 115000 149989 -11.3415
50000 115000 149986 -14.2848
55000 115000 149986 -13.6427
50000 120000 149986 -14.1568
55000 120000 149987 -12.8705
55000 115000 149986 -13.6427
60000 115000 149989 -11.3415
55000 120000 149987 -12.8705
60000 120000 149989 -10.9686
60000 110000 149990 -10.3916
65000 110000 149990 -10.2765
60000 115000 149989 -11.3415
65000 115000 149991 -8.90827
65000 110000 149990 -10.2765
70000 110000 149993 -6.53179
65000 115000 149991 -8.90827
70000 115000 149994 -6.15406
60000 115000 149989 -11.3415
65000 115000 149991 -8.90827
60000 120000 149989 -10.9686
65000 120000 149991 -8.66479
65000 115000 149991 -8.90827
70000 115000 149994 -6.15406
65000 120000 149991 -8.66479
70000 120000 149994 -5.5057
70000 110000 149993 -6.53179
75000 110000 149996 -3.61125
70000 115000 149994 -6.15406
75000 115000 149996 -4.43161
75000 110000 149996 -3.61125
80000 110000 149999 -1.32176
75000 115000 149996 -4.43161
80000 115000 149997 -2.58583
70000 115000 149994 -6.15406
75000 115000 149996 -4.43161
70000 120000 149994 -5.5057
75000 120000 149997 -2.85619
75000 115000 149996 -4.43161
80000 115000 149997 -2.58583
75000 120000 149997 -2.85619
80000 120000 149998 -1.84495
160000 0 150010 9.80042
165000 0 150015 14.8921
160000 5000 150011 11.1404
165000 5000 150015 14.9587
165000 0 150015 14.8921
170000 0 150020 20.1481
165000 5000 150015 14.9587
170000 5000 150020 20.4043
160000 5000 150011 11.1404
165000 5000 150015 14.9587
160000 10000 150013 12.6822
165000 10000 150017 16.7267
165000 5000 150015 14.9587
170000 5000 150020 20.4043
165000 10000 150017 16.7267
170000 10000 150021 20.8914
170000 0 150020 20.1481
175000 0 150020 20.202
170000 5000 150020 20.4043
175000 5000 150021 20.6462
175000 0 150020 20.202
180000 0 150021 21.1367
175000 5000 150021 20.6462
180000 5000 150022 21.9626
170000 5000 150020 20.4043
175000 5000 150021 20.6462
170000 10000 150021 20.8914
175000 10000 150023 22.7695
175000 5000 150021 20.6462
180000 5000 150022 21.9626
175000 10000 150023 22.7695
180000 10000 150021 20.6798
180000 0 150021 21.1367
185000 0 150020 20.0898
180000 5000 150022 21.9626
185000 5000 150021 20.6965
185000 0 150020 20.0898
190000 0 150020 19.5321
185000 5000 150021 20.6965
190000 5000 150018 17.9763
180000 5000 150022 21.9626
185000 5000 150021 20.6965
180000 10000 150021 20.6798
185000 10000 150021 21.4422
185000 5000 150021 20.6965
190000 5000 150018 17.9763
185000 10000 150021 21.4422
190000 10000 150020 20.4735
190000 0 150020 19.5321
195000 0 150019 19.3272
190000 5000 150018 17.9763
195000 5000 150018 18.032
195000 0 150019 19.3272
200000 0 150019 18.7525
195000 5000 150018 18.032
200000 5000 150016 16.4718
190000 5000 150018 17.9763
195000 5000 150018 18.032
190000 10000 150020 20.4735
195000 10000 150017 16.7715
195000 5000 150018 18.032
200000 5000 150016 16.4718
195000 10000 150017 16.7715
200000 10000 150017 17.2713
200000 0 150019 18.7525
205000 0 150015 15.0506
200000 5000 150016 16.4718
205000 5000 150014 14.1808
205000 0 150015 15.0506
210000 0 150013 13.2843
205000 5000 150014 14.1808
210000 5000 150012 12.4125
200000 5000 150016 16.4718
205000 5000 150014 14.1808
200000 10000 150017 17.2713
205000 10000 150014 14.2136
205000 5000 150014 14.1808
210000 5000 150012 12.4125
205000 10000 150014 14.2136
210000 10000 150011 11.1792
210000 0 150013 13.2843
215000 0 150011 11.4723
210000 5000 150012 12.4125
215000 5000 150010 9.93995
215000 0 150011 11.4723
220000 0 150009 9.48828
215000 5000 150010 9.93995
220000 5000 150008 8.13994
210000 5000 150012 12.4125
215000 5000 150010 9.93995
210000 10000 150011 11.1792
215000 10000 150010 10.0144
215000 5000 150010 9.93995
220000 5000 150008 8.13994
215000 10000 150010 10.0144
220000 10000 150006 5.51996
220000 0 150009 9.48828
225000 0 150007 6.59836
220000 5000 150008 8.13994
225000 5000 150003 3.13479
225000 0 150007 6.59836
230000 0 150006 5.5974
225000 5000 150003 3.13479
230000 5000 150002 2.00226
220000 5000 150008 8.13994
225000 5000 150003 3.13479
220000 10000 150006 5.51996
225000 10000 150007 6.99094
225000 5000 150003 3.13479
230000 5000 150002 2.00226
225000 10000 150007 6.99094
230000 10000 150006 5.95378
230000 0 150006 5.5974
235000 0 150005 4.70552
230000 5000 150002 2.00226
235000 5000 150004 3.77746
235000 0 150005 4.70552
240000 0 150004 4.1199
235000 5000 150004 3.77746
240000 5000 150003 3.47924
230000 5000 150002 2.00226
235000 5000 150004 3.77746
230000 10000 150006 5.95378
235000 10000 150005 4.71032
235000 5000 150004 3.77746
240000 5000 150003 3.47924
235000 10000 150005 4.71032
240000 10000 150000 0.420517
160000 10000 150013 12.6822
165000 10000 150017 16.7267
160000 15000 150013 13.2133
165000 15000 150017 17.3017
165000 10000 150017 16.7267
170000 10000 150021 20.8914
165000 15000 150017 17.3017
170000 15000 150021 21.4654
160000 15000 150013 13.2133
165000 15000 150017 17.3017
160000 20000 150012 12.0585
165000 20000 150015 15.1659
165000 15000 150017 17.3017
170000 15000 150021 21.4654
165000 20000 150015 15.1659
170000 20000 150019 19.4818
170000 10000 150021 20.8914
175000 10000 150023 22.7695
170000 15000 150021 21.4654
175000 15000 150023 22.5109
175000 10000 150023 22.7695
180000 10000 150021 20.6798
175000 15000 150023 22.5109
180000 15000 150023 23.3836
170000 15000 150021 21.4654
175000 15000 150023 22.5109
170000 20000 150019 19.4818
175000 20000 150022 22.4295
175000 15000 150023 22.5109
180000 15000 150023 23.3836
175000 20000 150022 22.4295
180000 20000 150024 23.5739
180000 10000 150021 20.6798
185000 10000 150021 21.4422
180000 15000 150023 23.3836
185000 15000 150023 22.8534
185000 10000 150021 21.4422
190000 10000 150020 20.4735
185000 15000 150023 22.8534
190000 15000 150020 20.3622
180000 15000 150023 23.3836
185000 15000 150023 22.8534
180000 20000 150024 23.5739
185000 20000 150025 24.7019
185000 15000 150023 22.8534
190000 15000 150020 20.3622
185000 20000 150025 24.7019
190000 20000 150024 23.5646
190000 10000 150020 20.4735
195000 10000 150017 16.7715
190000 15000 150020 20.3622
195000 15000 150020 20.1339
195000 10000 150017 16.7715
200000 10000 150017 17.2713
195000 15000 150020 20.1339
200000 15000 150017 16.6335
190000 15000 150020 20.3622
195000 15000 150020 20.1339
190000 20000 150024 23.5646
195000 20000 150020 20.3797
195000 15000 150020 20.1339
200000 15000 150017 16.6335
195000 20000 150020 20.3797
200000 20000 150016 15.5257
200000 10000 150017 17.2713
205000 10000 150014 14.2136
200000 15000 150017 16.6335
205000 15000 150014 14.3643
205000 10000 150014 14.2136
210000 10000 150011 11.1792
205000 15000 150014 14.3643
210000 15000 150012 12.3838
200000 15000 150017 16.6335
205000 15000 150014 14.3643
200000 20000 150016 15.5257
205000 20000 150014 14.0721
205000 15000 150014 14.3643
210000 15000 150012 12.3838
205000 20000 150014 14.0721
210000 20000 150013 13.3432
210000 10000 150011 11.1792
215000 10000 150010 10.0144
210000 15000 150012 12.3838
215000 15000 150008 8.3097
215000 10000 150010 10.0144
220000 10000 150006 5.51996
215000 15000 150008 8.3097
220000 15000 150009 8.69095
210000 15000 150012 12.3838
215000 15000 150008 8.3097
210000 20000 150013 13.3432
215000 20000 150012 11.7666
215000 15000 150008 8.3097
220000 15000 150009 8.69095
215000 20000 150012 11.7666
220000 20000 150010 10.0855
220000 10000 150006 5.51996
225000 10000 150007 6.99094
220000 15000 150009 8.69095
225000 15000 150007 7.18843
225000 10000 150007 6.99094
230000 10000 150006 5.95378
225000 15000 150007 7.18843
230000 15000 150006 5.61637
220000 15000 150009 8.69095
225000 15000 150007 7.18843
220000 20000 150010 10.0855
225000 20000 150007 7.44518
225000 15000 150007 7.18843
230000 15000 150006 5.61637
225000 20000 150007 7.44518
230000 20000 150004 4.07361
230000 10000 150006 5.95378
235000 10000 150005 4.71032
230000 15000 150006 5.61637
235000 15000 150004 3.75518
235000 10000 150005 4.71032
240000 10000 150000 0.420517
235000 15000 150004 3.75518
240000 15000 150002 1.76441
230000 15000 150006 5.61637
235000 15000 150004 3.75518
230000 20000 150004 4.07361
235000 20000 150003 3.271
235000 15000 150004 3.75518
240000 15000 150002 1.76441
235000 20000 150003 3.271
240000 20000 150003 2.78801
160000 20000 150012 12.0585
165000 20000 150015 15.1659
160000 25000 150009 9.17382
165000 25000 150013 13.484
165000 20000 150015 15.1659
170000 20000 150019 19.4818
165000 25000 150013 13.484
170000 25000 150018 18.4683
160000 25000 150009 9.17382
165000 25000 150013 13.484
160000 30000 150013 12.881
165000 30000 150018 17.9136
165000 25000 150013 13.484
170000 25000 150018 18.4683
165000 30000 150018 17.9136
170000 30000 150021 21.05
170000 20000 150019 19.4818
175000 20000 150022 22.4295
170000 25000 150018 18.4683
175000 25000 150023 23.309
175000 20000 150022 22.4295
180000 20000 150024 23.5739
175000 25000 150023 23.309
180000 25000 150024 23.7486
170000 25000 150018 18.4683
175000 25000 150023 23.309
170000 30000 150021 21.05
175000 30000 150023 23.0488
175000 25000 150023 23.309
180000 25000 150024 23.7486
175000 30000 150023 23.0488
180000 30000 150024 24.3463
180000 20000 150024 23.5739
185000 20000 150025 24.7019
180000 25000 150024 23.7486
185000 25000 150025 25.248
185000 20000 150025 24.7019
190000 20000 150024 23.5646
185000 25000 150025 25.248
190000 25000 150023 22.9018
180000 25000 150024 23.7486
185000 25000 150025 25.248
180000 30000 150024 24.3463
185000 30000 150027 26.9125
185000 25000 150025 25.248
190000 25000 150023 22.9018
185000 30000 150027 26.9125
190000 30000 150025 24.6971
190000 20000 150024 23.5646
195000 20000 150020 20.3797
190000 25000 150023 22.9018
195000 25000 150019 19.3335
195000 20000 150020 20.3797
200000 20000 150016 15.5257
195000 25000 150019 19.3335
200000 25000 150018 18.08
190000 25000 150023 22.9018
195000 25000 150019 19.3335
190000 30000 150025 24.6971
195000 30000 150021 21.2466
195000 25000 150019 19.3335
200000 25000 150018 18.08
195000 30000 150021 21.2466
200000 30000 150019 19.1832
200000 20000 150016 15.5257
205000 20000 150014 14.0721
200000 25000 150018 18.08
205000 25000 150017 16.5531
205000 20000 150014 14.0721
210000 20000 150013 13.3432
205000 25000 150017 16.5531
210000 25000 150014 14.4468
200000 25000 150018 18.08
205000 25000 150017 16.5531
200000 30000 150019 19.1832
205000 30000 150015 15.4393
205000 25000 150017 16.5531
210000 25000 150014 14.4468
205000 30000 150015 15.4393
210000 30000 150012 12.4012
210000 20000 150013 13.3432
215000 20000 150012 11.7666
210000 25000 150014 14.4468
215000 25000 150012 11.9426
215000 20000 150012 11.7666
220000 20000 150010 10.0855
215000 25000 150012 11.9426
220000 25000 150011 10.6107
210000 25000 150014 14.4468
215000 25000 150012 11.9426
210000 30000 150012 12.4012
215000 30000 150012 11.766
215000 25000 150012 11.9426
220000 25000 150011 10.6107
215000 30000 150012 11.766
220000 30000 150009 8.80823
220000 20000 150010 10.0855
225000 20000 150007 7.44518
220000 25000 150011 10.6107
225000 25000 150006 6.41222
225000 20000 150007 7.44518
230000 20000 150004 4.07361
225000 25000 150006 6.41222
230000 25000 150004 4.4768
220000 25000 150011 10.6107
225000 25000 150006 6.41222
220000 30000 150009 8.80823
225000 30000 150008 8.48912
225000 25000 150006 6.41222
230000 25000 150004 4.4768
225000 30000 150008 8.48912
230000 30000 150004 3.82089
230000 20000 150004 4.07361
235000 20000 150003 3.271
230000 25000 150004 4.4768
235000 25000 150005 4.60078
235000 20000 150003 3.271
240000 20000 150003 2.78801
235000 25000 150005 4.60078
240000 25000 150003 3.14404
230000 25000 150004 4.4768
235000 25000 150005 4.60078
230000 30000 150004 3.82089
235000 30000 150004 4.02733
235000 25000 150005 4.60078
240000 25000 150003 3.14404
235000 30000 150004 4.02733
240000 30000 150003 2.96618
160000 30000 150013 12.881
165000 30000 150018 17.9136
160000 35000 150015 15.3969
165000 35000 150017 17.4418
165000 30000 150018 17.9136
170000 30000 150021 21.05
165000 35000 150017 17.4418
170000 35000 150022 21.6919
160000 35000 150015 15.3969
165000 35000 150017 17.4418
160000 40000 150004 3.78085
165000 40000 150014 14.2209
165000 35000 150017 17.4418
170000 35000 150022 21.6919
165000 40000 150014 14.2209
170000 40000 150021 21.1496
170000 30000 150021 21.05
175000 30000 150023 23.0488
170000 35000 150022 21.6919
175000 35000 150025 25.1951
175000 30000 150023 23.0488
180000 30000 150024 24.3463
175000 35000 150025 25.1951
180000 35000 150025 25.3076
170000 35000 150022 21.6919
175000 35000 150025 25.1951
170000 40000 150021 21.1496
175000 40000 150023 23.0556
175000 35000 150025 25.1951
180000 35000 150025 25.3076
175000 40000 150023 23.0556
180000 40000 150026 25.6325
180000 30000 150024 24.3463
185000 30000 150027 26.9125
180000 35000 150025 25.3076
185000 35000 150026 26.1076
185000 30000 150027 26.9125
190000 30000 150025 24.6971
185000 35000 150026 26.1076
190000 35000 150026 25.6872
180000 35000 150025 25.3076
185000 35000 150026 26.1076
180000 40000 150026 25.6325
185000 40000 150027 26.7235
185000 35000 150026 26.1076
190000 35000 150026 25.6872
185000 40000 150027 26.7235
190000 40000 150027 27.0281
190000 30000 150025 24.6971
195000 30000 150021 21.2466
190000 35000 150026 25.6872
195000 35000 150023 23.1845
195000 30000 150021 21.2466
200000 30000 150019 19.1832
195000 35000 150023 23.1845
200000 35000 150020 19.5952
190000 35000 150026 25.6872
195000 35000 150023 23.1845
190000 40000 150027 27.0281
195000 40000 150023 23.2713
195000 35000 150023 23.1845
200000 35000 150020 19.5952
195000 40000 150023 23.2713
200000 40000 150023 22.9567
200000 30000 150019 19.1832
205000 30000 150015 15.4393
200000 35000 150020 19.5952
205000 35000 150019 19.1719
205000 30000 150015 15.4393
210000 30000 150012 12.4012
205000 35000 150019 19.1719
210000 35000 150013 12.8432
200000 35000 150020 19.5952
205000 35000 150019 19.1719
200000 40000 150023 22.9567
205000 40000 150019 19.0461
205000 35000 150019 19.1719
210000 35000 150013 12.8432
205000 40000 150019 19.0461
210000 40000 150016 15.7715
210000 30000 150012 12.4012
215000 30000 150012 11.766
210000 35000 150013 12.8432
215000 35000 150011 10.9277
215000 30000 150012 11.766
220000 30000 150009 8.80823
215000 35000 150011 10.9277
220000 35000 150010 10.3811
210000 35000 150013 12.8432
215000 35000 150011 10.9277
210000 40000 150016 15.7715
215000 40000 150013 12.6506
215000 35000 150011 10.9277
220000 35000 150010 10.3811
215000 40000 150013 12.6506
220000 40000 150009 9.2017
220000 30000 150009 8.80823
225000 30000 150008 8.48912
220000 35000 150010 10.3811
225000 35000 150009 8.77816
225000 30000 150008 8.48912
230000 30000 150004 3.82089
225000 35000 150009 8.77816
230000 35000 150008 7.58394
220000 35000 150010 10.3811
225000 35000 150009 8.77816
220000 40000 150009 9.2017
225000 40000 150007 7.25025
225000 35000 150009 8.77816
230000 35000 150008 7.58394
225000 40000 150007 7.25025
230000 40000 150007 6.8452
230000 30000 150004 3.82089
235000 30000 150004 4.02733
230000 35000 150008 7.58394
235000 35000 150006 5.69118
235000 30000 150004 4.02733
240000 30000 150003 2.96618
235000 35000 150006 5.69118
240000 35000 150003 2.7441
230000 35000 150008 7.58394
235000 35000 150006 5.69118
230000 40000 150007 6.8452
235000 40000 150004 4.2032
235000 35000 150006 5.69118
240000 35000 150003 2.7441
235000 40000 150004 4.2032
240000 40000 150003 2.94629
160000 40000 150004 3.78085
165000 40000 150014 14.2209
160000 45000 150012 12.023
165000 45000 150018 18.4064
165000 40000 150014 14.2209
170000 40000 150021 21.1496
165000 45000 150018 18.4064
170000 45000 150020 20.0795
160000 45000 150012 12.023
165000 45000 150018 18.4064
160000 50000 149994 -6.0359
165000 50000 150008 8.0093
165000 45000 150018 18.4064
170000 45000 150020 20.0795
165000 50000 150008 8.0093
170000 50000 150019 18.8004
170000 40000 150021 21.1496
175000 40000 150023 23.0556
170000 45000 150020 20.0795
175000 45000 150022 22.429
175000 40000 150023 23.0556
180000 40000 150026 25.6325
175000 45000 150022 22.429
180000 45000 150025 25.1618
170000 45000 150020 20.0795
175000 45000 150022 22.429
170000 50000 150019 18.8004
175000 50000 150023 22.5717
175000 45000 150022 22.429
180000 45000 150025 25.1618
175000 50000 150023 22.5717
180000 50000 150026 25.9377
180000 40000 150026 25.6325
185000 40000 150027 26.7235
180000 45000 150025 25.1618
185000 45000 150028 27.6485
185000 40000 150027 26.7235
190000 40000 150027 27.0281
185000 45000 150028 27.6485
190000 45000 150026 26.0146
180000 45000 150025 25.1618
185000 45000 150028 27.6485
180000 50000 150026 25.9377
185000 50000 150027 27.1128
185000 45000 150028 27.6485
190000 45000 150026 26.0146
185000 50000 150027 27.1128
190000 50000 150028 27.5288
190000 40000 150027 27.0281
195000 40000 150023 23.2713
190000 45000 150026 26.0146
195000 45000 150026 25.6408
195000 40000 150023 23.2713
200000 40000 150023 22.9567
195000 45000 150026 25.6408
200000 45000 150023 23.4612
190000 45000 150026 26.0146
195000 45000 150026 25.6408
190000 50000 150028 27.5288
195000 50000 150027 26.5289
195000 45000 150026 25.6408
200000 45000 150023 23.4612
195000 50000 150027 26.5289
200000 50000 150025 25.238
200000 40000 150023 22.9567
205000 40000 150019 19.0461
200000 45000 150023 23.4612
205000 45000 150019 19.0176
205000 40000 150019 19.0461
210000 40000 150016 15.7715
205000 45000 150019 19.0176
210000 45000 150015 15.3934
200000 45000 150023 23.4612
205000 45000 150019 19.0176
200000 50000 150025 25.238
205000 50000 150023 22.722
205000 45000 150019 19.0176
210000 45000 150015 15.3934
205000 50000 150023 22.722
210000 50000 150018 17.7843
210000 40000 150016 15.7715
215000 40000 150013 12.6506
210000 45000 150015 15.3934
215000 45000 150013 12.7507
215000 40000 150013 12.6506
220000 40000 150009 9.2017
215000 45000 150013 12.7507
220000 45000 150013 13.1392
210000 45000 150015 15.3934
215000 45000 150013 12.7507
210000 50000 150018 17.7843
215000 50000 150012 12.3655
215000 45000 150013 12.7507
220000 45000 150013 13.1392
215000 50000 150012 12.3655
220000 50000 150009 9.39107
220000 40000 150009 9.2017
225000 40000 150007 7.25025
220000 45000 150013 13.1392
225000 45000 150010 10.3357
225000 40000 150007 7.25025
230000 40000 150007 6.8452
225000 45000 150010 10.3357
230000 45000 150007 6.55879
220000 45000 150013 13.1392
225000 45000 150010 10.3357
220000 50000 150009 9.39107
225000 50000 150010 9.8632
225000 45000 150010 10.3357
230000 45000 150007 6.55879
225000 50000 150010 9.8632
230000 50000 150004 4.2281
230000 40000 150007 6.8452
235000 40000 150004 4.2032
230000 45000 150007 6.55879
235000 45000 150004 4.31055
235000 40000 150004 4.2032
240000 40000 150003 2.94629
235000 45000 150004 4.31055
240000 45000 150002 1.51006
230000 45000 150007 6.55879
235000 45000 150004 4.31055
230000 50000 150004 4.2281
235000 50000 150004 4.41503
235000 45000 150004 4.31055
240000 45000 150002 1.51006
235000 50000 150004 4.41503
240000 50000 150004 3.96423
160000 50000 149994 -6.0359
165000 50000 150008 8.0093
160000 55000 149989 -11.1597
165000 55000 150011 10.8844
165000 50000 150008 8.0093
170000 50000 150019 18.8004
165000 55000 150011 10.8844
170000 55000 150017 16.8725
160000 55000 149989 -11.1597
165000 55000 150011 10.8844
160000 60000 149972 -28.3381
165000 60000 150004 3.6071
165000 55000 150011 10.8844
170000 55000 150017 16.8725
165000 60000 150004 3.6071
170000 60000 150014 14.1649
170000 50000 150019 18.8004
175000 50000 150023 22.5717
170000 55000 150017 16.8725
175000 55000 150021 20.9012
175000 50000 150023 22.5717
180000 50000 150026 25.9377
175000 55000 150021 20.9012
180000 55000 150025 24.9246
170000 55000 150017 16.8725
175000 55000 150021 20.9012
170000 60000 150014 14.1649
175000 60000 150025 24.5452
175000 55000 150021 20.9012
180000 55000 150025 24.9246
175000 60000 150025 24.5452
180000 60000 150026 26.2101
180000 50000 150026 25.9377
185000 50000 150027 27.1128
180000 55000 150025 24.9246
185000 55000 150028 27.8677
185000 50000 150027 27.1128
190000 50000 150028 27.5288
185000 55000 150028 27.8677
190000 55000 150029 29.3991
180000 55000 150025 24.9246
185000 55000 150028 27.8677
180000 60000 150026 26.2101
185000 60000 150027 26.7858
185000 55000 150028 27.8677
190000 55000 150029 29.3991
185000 60000 150027 26.7858
190000 60000 150028 28.0071
190000 50000 150028 27.5288
195000 50000 150027 26.5289
190000 55000 150029 29.3991
195000 55000 150028 28.1533
195000 50000 150027 26.5289
200000 50000 150025 25.238
195000 55000 150028 28.1533
200000 55000 150024 24.2938
190000 55000 150029 29.3991
195000 55000 150028 28.1533
190000 60000 150028 28.0071
195000 60000 150028 27.5323
195000 55000 150028 28.1533
200000 55000 150024 24.2938
195000 60000 150028 27.5323
200000 60000 150025 24.6572
200000 50000 150025 25.238
205000 50000 150023 22.722
200000 55000 150024 24.2938
205000 55000 150021 20.5611
205000 50000 150023 22.722
210000 50000 150018 17.7843
205000 55000 150021 20.5611
210000 55000 150016 15.8432
200000 55000 150024 24.2938
205000 55000 150021 20.5611
200000 60000 150025 24.6572
205000 60000 150024 24.2746
205000 55000 150021 20.5611
210000 55000 150016 15.8432
205000 60000 150024 24.2746
210000 60000 150021 21.2403
210000 50000 150018 17.7843
215000 50000 150012 12.3655
210000 55000 150016 15.8432
215000 55000 150017 16.9501
215000 50000 150012 12.3655
220000 50000 150009 9.39107
215000 55000 150017 16.9501
220000 55000 150014 13.806
210000 55000 150016 15.8432
215000 55000 150017 16.9501
210000 60000 150021 21.2403
215000 60000 150019 18.5172
215000 55000 150017 16.9501
220000 55000 150014 13.806
215000 60000 150019 18.5172
220000 60000 150014 13.6287
220000 50000 150009 9.39107
225000 50000 150010 9.8632
220000 55000 150014 13.806
225000 55000 150009 9.41258
225000 50000 150010 9.8632
230000 50000 150004 4.2281
225000 55000 150009 9.41258
230000 55000 150008 8.35108
220000 55000 150014 13.806
225000 55000 150009 9.41258
220000 60000 150014 13.6287
225000 60000 150011 10.8811
225000 55000 150009 9.41258
230000 55000 150008 8.35108
225000 60000 150011 10.8811
230000 60000 150009 8.70048
230000 50000 150004 4.2281
235000 50000 150004 4.41503
230000 55000 150008 8.35108
235000 55000 150006 5.60766
235000 50000 150004 4.41503
240000 50000 150004 3.96423
235000 55000 150006 5.60766
240000 55000 150003 3.25316
230000 55000 150008 8.35108
235000 55000 150006 5.60766
230000 60000 150009 8.70048
235000 60000 150006 6.15719
235000 55000 150006 5.60766
240000 55000 150003 3.25316
235000 60000 150006 6.15719
240000 60000 150004 3.91346
160000 60000 149972 -28.3381
165000 60000 150004 3.6071
160000 65000 149961 -39.295
165000 65000 149981 -18.8303
165000 60000 150004 3.6071
170000 60000 150014 14.1649
165000 65000 149981 -18.8303
170000 65000 150013 13.1857
160000 65000 149961 -39.295
165000 65000 149981 -18.8303
160000 70000 149932 -68.0669
165000 70000 149970 -29.9832
165000 65000 149981 -18.8303
170000 65000 150013 13.1857
165000 70000 149970 -29.9832
170000 70000 150004 4.17461
170000 60000 150014 14.1649
175000 60000 150025 24.5452
170000 65000 150013 13.1857
175000 65000 150026 25.9544
175000 60000 150025 24.5452
180000 60000 150026 26.2101
175000 65000 150026 25.9544
180000 65000 150027 26.9243
170000 65000 150013 13.1857
175000 65000 150026 25.9544
170000 70000 150004 4.17461
175000 70000 150020 20.0023
175000 65000 150026 25.9544
180000 65000 150027 26.9243
175000 70000 150020 20.0023
180000 70000 150026 26.192
180000 60000 150026 26.2101
185000 60000 150027 26.7858
180000 65000 150027 26.9243
185000 65000 150028 27.7863
185000 60000 150027 26.7858
190000 60000 150028 28.0071
185000 65000 150028 27.7863
190000 65000 150029 29.0697
180000 65000 150027 26.9243
185000 65000 150028 27.7863
180000 70000 150026 26.192
185000 70000 150029 28.8084
185000 65000 150028 27.7863
190000 65000 150029 29.0697
185000 70000 150029 28.8084
190000 70000 150030 29.8002
190000 60000 150028 28.0071
195000 60000 150028 27.5323
190000 65000 150029 29.0697
195000 65000 150027 26.9567
195000 60000 150028 27.5323
200000 60000 150025 24.6572
195000 65000 150027 26.9567
200000 65000 150028 27.9787
190000 65000 150029 29.0697
195000 65000 150027 26.9567
190000 70000 150030 29.8002
195000 70000 150031 30.732
195000 65000 150027 26.9567
200000 65000 150028 27.9787
195000 70000 150031 30.732
200000 70000 150029 29.1271
160000 70000 149932 -68.0669
165000 70000 149970 -29.9832
160000 75000 149909 -91.0053
165000 75000 149956 -43.9043
165000 70000 149970 -29.9832
170000 70000 150004 4.17461
165000 75000 149956 -43.9043
170000 75000 149983 -17.101
160000 75000 149909 -91.0053
165000 75000 149956 -43.9043
160000 80000 149908 -91.8639
165000 80000 149928 -71.723
165000 75000 149956 -43.9043
170000 75000 149983 -17.101
165000 80000 149928 -71.723
170000 80000 149971 -29.1278
170000 70000 150004 4.17461
175000 70000 150020 20.0023
170000 75000 149983 -17.101
175000 75000 150012 12.2326
175000 70000 150020 20.0023
180000 70000 150026 26.192
175000 75000 150012 12.2326
180000 75000 150028 27.8165
170000 75000 149983 -17.101
175000 75000 150012 12.2326
170000 80000 149971 -29.1278
175000 80000 150008 8.31592
175000 75000 150012 12.2326
180000 75000 150028 27.8165
175000 80000 150008 8.31592
180000 80000 150028 27.6697
180000 70000 150026 26.192
185000 70000 150029 28.8084
180000 75000 150028 27.8165
185000 75000 150032 31.9394
185000 70000 150029 28.8084
190000 70000 150030 29.8002
185000 75000 150032 31.9394
190000 75000 150033 32.6472
180000 75000 150028 27.8165
185000 75000 150032 31.9394
180000 80000 150028 27.6697
185000 80000 150031 31.288
185000 75000 150032 31.9394
190000 75000 150033 32.6472
185000 80000 150031 31.288
190000 80000 150032 32.4587
190000 70000 150030 29.8002
195000 70000 150031 30.732
190000 75000 150033 32.6472
195000 75000 150031 30.965
195000 70000 150031 30.732
200000 70000 150029 29.1271
195000 75000 150031 30.965
200000 75000 150029 29.1282
190000 75000 150033 32.6472
195000 75000 150031 30.965
190000 80000 150032 32.4587
195000 80000 150032 31.6002
195000 75000 150031 30.965
200000 75000 150029 29.1282
195000 80000 150032 31.6002
200000 80000 150031 31.1303
110000 80000 150020 19.9077
115000 80000 150020 20.2091
110000 85000 150017 16.7832
115000 85000 150019 18.9386
115000 80000 150020 20.2091
120000 80000 150021 21.3194
115000 85000 150019 18.9386
120000 85000 150021 20.9342
110000 85000 150017 16.7832
115000 85000 150019 18.9386
110000 90000 150016 15.7186
115000 90000 150018 17.9589
115000 85000 150019 18.9386
120000 85000 150021 20.9342
115000 90000 150018 17.9589
120000 90000 150019 19.4636
120000 80000 150021 21.3194
125000 80000 150020 20.0599
120000 85000 150021 20.9342
125000 85000 150019 18.8795
125000 80000 150020 20.0599
130000 80000 150016 16.1947
125000 85000 150019 18.8795
130000 85000 150018 17.5597
120000 85000 150021 20.9342
125000 85000 150019 18.8795
120000 90000 150019 19.4636
125000 90000 150019 19.06
125000 85000 150019 18.8795
130000 85000 150018 17.5597
125000 90000 150019 19.06
130000 90000 150017 17.2065
130000 80000 150016 16.1947
135000 80000 150014 13.9322
130000 85000 150018 17.5597
135000 85000 150016 15.6269
135000 80000 150014 13.9322
140000 80000 150013 13.0072
135000 85000 150016 15.6269
140000 85000 150014 13.815
130000 85000 150018 17.5597
135000 85000 150016 15.6269
130000 90000 150017 17.2065
135000 90000 150014 13.9978
135000 85000 150016 15.6269
140000 85000 150014 13.815
135000 90000 150014 13.9978
140000 90000 150010 9.71609
140000 80000 150013 13.0072
145000 80000 150004 4.19447
140000 85000 150014 13.815
145000 85000 150009 9.21042
145000 80000 150004 4.19447
150000 80000 149978 -22.332
145000 85000 150009 9.21042
150000 85000 149992 -7.72675
140000 85000 150014 13.815
145000 85000 150009 9.21042
140000 90000 150010 9.71609
145000 90000 150001 0.628867
145000 85000 150009 9.21042
150000 85000 149992 -7.72675
145000 90000 150001 0.628867
150000 90000 150000 0.417749
150000 80000 149978 -22.332
155000 80000 149949 -51.2662
150000 85000 149992 -7.72675
155000 85000 149969 -31.1429
155000 80000 149949 -51.2662
160000 80000 149908 -91.8639
155000 85000 149969 -31.1429
160000 85000 149927 -72.9604
150000 85000 149992 -7.72675
155000 85000 149969 -31.1429
150000 90000 150000 0.417749
155000 90000 149980 -19.8881
155000 85000 149969 -31.1429
160000 85000 149927 -72.9604
155000 90000 149980 -19.8881
160000 90000 149955 -44.8863
100000 90000 150011 11.2271
105000 90000 150014 13.5636
100000 95000 150010 9.56665
105000 95000 150013 13.1945
105000 90000 150014 13.5636
110000 90000 150016 15.7186
105000 95000 150013 13.1945
110000 95000 150017 16.7254
100000 95000 150010 9.56665
105000 95000 150013 13.1945
100000 100000 150010 10.0357
105000 100000 150013 12.7247
105000 95000 150013 13.1945
110000 95000 150017 16.7254
105000 100000 150013 12.7247
110000 100000 150013 13.2243
110000 90000 150016 15.7186
115000 90000 150018 17.9589
110000 95000 150017 16.7254
115000 95000 150017 16.5016
115000 90000 150018 17.9589
120000 90000 150019 19.4636
115000 95000 150017 16.5016
120000 95000 150018 18.1103
110000 95000 150017 16.7254
115000 95000 150017 16.5016
110000 100000 150013 13.2243
115000 100000 150018 17.6305
115000 95000 150017 16.5016
120000 95000 150018 18.1103
115000 100000 150018 17.6305
120000 100000 150018 17.7648
120000 90000 150019 19.4636
125000 90000 150019 19.06
120000 95000 150018 18.1103
125000 95000 150018 18.4181
125000 90000 150019 19.06
130000 90000 150017 17.2065
125000 95000 150018 18.4181
130000 95000 150017 16.8797
120000 95000 150018 18.1103
125000 95000 150018 18.4181
120000 100000 150018 17.7648
125000 100000 150017 17.4551
125000 95000 150018 18.4181
130000 95000 150017 16.8797
125000 100000 150017 17.4551
130000 100000 150016 16.4462
130000 90000 150017 17.2065
135000 90000 150014 13.9978
130000 95000 150017 16.8797
135000 95000 150014 13.6686
135000 90000 150014 13.9978
140000 90000 150010 9.71609
135000 95000 150014 13.6686
140000 95000 150013 13.4081
130000 95000 150017 16.8797
135000 95000 150014 13.6686
130000 100000 150016 16.4462
135000 100000 150014 13.7546
135000 95000 150014 13.6686
140000 95000 150013 13.4081
135000 100000 150014 13.7546
140000 100000 150012 12.0933
140000 90000 150010 9.71609
145000 90000 150001 0.628867
140000 95000 150013 13.4081
145000 95000 150011 11.084
145000 90000 150001 0.628867
150000 90000 150000 0.417749
145000 95000 150011 11.084
150000 95000 150004 4.05542
140000 95000 150013 13.4081
145000 95000 150011 11.084
140000 100000 150012 12.0933
145000 100000 150009 8.71374
145000 95000 150011 11.084
150000 95000 150004 4.05542
145000 100000 150009 8.71374
150000 100000 150006 5.79267
150000 90000 150000 0.417749
155000 90000 149980 -19.8881
150000 95000 150004 4.05542
155000 95000 149988 -11.6789
155000 90000 149980 -19.8881
160000 90000 149955 -44.8863
155000 95000 149988 -11.6789
160000 95000 149969 -30.9286
150000 95000 150004 4.05542
155000 95000 149988 -11.6789
150000 100000 150006 5.79267
155000 100000 149995 -5.37349
155000 95000 149988 -11.6789
160000 95000 149969 -30.9286
155000 100000 149995 -5.37349
160000 100000 149977 -22.7518
80000 100000 149996 -4.38638
85000 100000 150001 0.583134
80000 105000 150000 0.142806
85000 105000 150001 1.07862
85000 100000 150001 0.583134
90000 100000 150002 1.51854
85000 105000 150001 1.07862
90000 105000 150003 3.1732
80000 105000 150000 0.142806
85000 105000 150001 1.07862
80000 110000 149999 -1.32176
85000 110000 149999 -1.39084
85000 105000 150001 1.07862
90000 105000 150003 3.1732
85000 110000 149999 -1.39084
90000 110000 150003 2.73896
90000 100000 150002 1.51854
95000 100000 150005 4.88112
90000 105000 150003 3.1732
95000 105000 150005 5.16743
95000 100000 150005 4.88112
100000 100000 150010 10.0357
95000 105000 150005 5.16743
100000 105000 150008 7.74508
90000 105000 150003 3.1732
95000 105000 150005 5.16743
90000 110000 150003 2.73896
95000 110000 150007 6.96051
95000 105000 150005 5.16743
100000 105000 150008 7.74508
95000 110000 150007 6.96051
100000 110000 150009 8.72829
100000 100000 150010 10.0357
105000 100000 150013 12.7247
100000 105000 150008 7.74508
105000 105000 150011 10.9595
105000 100000 150013 12.7247
110000 100000 150013 13.2243
105000 105000 150011 10.9595
110000 105000 150014 13.871
100000 105000 150008 7.74508
105000 105000 150011 10.9595
100000 110000 150009 8.72829
105000 110000 150013 13.2025
105000 105000 150011 10.9595
110000 105000 150014 13.871
105000 110000 150013 13.2025
110000 110000 150014 14.1265
110000 100000 150013 13.2243
115000 100000 150018 17.6305
110000 105000 150014 13.871
115000 105000 150016 16.117
115000 100000 150018 17.6305
120000 100000 150018 17.7648
115000 105000 150016 16.117
120000 105000 150017 17.2234
110000 105000 150014 13.871
115000 105000 150016 16.117
110000 110000 150014 14.1265
115000 110000 150014 13.6337
115000 105000 150016 16.117
120000 105000 150017 17.2234
115000 110000 150014 13.6337
120000 110000 150015 15.0524
120000 100000 150018 17.7648
125000 100000 150017 17.4551
120000 105000 150017 17.2234
125000 105000 150017 17.4081
125000 100000 150017 17.4551
130000 100000 150016 16.4462
125000 105000 150017 17.4081
130000 105000 150019 18.6246
120000 105000 150017 17.2234
125000 105000 150017 17.4081
120000 110000 150015 15.0524
125000 110000 150017 16.9462
125000 105000 150017 17.4081
130000 105000 150019 18.6246
125000 110000 150017 16.9462
130000 110000 150016 15.7677
130000 100000 150016 16.4462
135000 100000 150014 13.7546
130000 105000 150019 18.6246
135000 105000 150014 13.7613
135000 100000 150014 13.7546
140000 100000 150012 12.0933
135000 105000 150014 13.7613
140000 105000 150009 9.39622
130000 105000 150019 18.6246
135000 105000 150014 13.7613
130000 110000 150016 15.7677
135000 110000 150015 15.3803
135000 105000 150014 13.7613
140000 105000 150009 9.39622
135000 110000 150015 15.3803
140000 110000 150010 10.2931
140000 100000 150012 12.0933
145000 100000 150009 8.71374
140000 105000 150009 9.39622
145000 105000 150004 4.41001
145000 100000 150009 8.71374
150000 100000 150006 5.79267
145000 105000 150004 4.41001
150000 105000 150002 1.62838
140000 105000 150009 9.39622
145000 105000 150004 4.41001
140000 110000 150010 10.2931
145000 110000 150007 7.23173
145000 105000 150004 4.41001
150000 105000 150002 1.62838
145000 110000 150007 7.23173
150000 110000 150000 -0.132608
150000 100000 150006 5.79267
155000 100000 149995 -5.37349
150000 105000 150002 1.62838
155000 105000 149996 -3.96072
155000 100000 149995 -5.37349
160000 100000 149977 -22.7518
155000 105000 149996 -3.96072
160000 105000 149982 -18.1639
150000 105000 150002 1.62838
155000 105000 149996 -3.96072
150000 110000 150000 -0.132608
155000 110000 149994 -6.26429
155000 105000 149996 -3.96072
160000 105000 149982 -18.1639
155000 110000 149994 -6.26429
160000 110000 149985 -14.6507
80000 110000 149999 -1.32176
85000 110000 149999 -1.39084
80000 115000 149997 -2.58583
85000 115000 150001 1.0435
85000 110000 149999 -1.39084
90000 110000 150003 2.73896
85000 115000 150001 1.0435
90000 115000 150003 3.00964
80000 115000 149997 -2.58583
85000 115000 150001 1.0435
80000 120000 149998 -1.84495
85000 120000 150001 0.68603
85000 115000 150001 1.0435
90000 115000 150003 3.00964
85000 120000 150001 0.68603
90000 120000 150003 2.5764
90000 110000 150003 2.73896
95000 110000 150007 6.96051
90000 115000 150003 3.00964
95000 115000 150006 6.41936
95000 110000 150007 6.96051
100000 110000 150009 8.72829
95000 115000 150006 6.41936
100000 115000 150010 9.65031
90000 115000 150003 3.00964
95000 115000 150006 6.41936
90000 120000 150003 2.5764
95000 120000 150004 3.97825
95000 115000 150006 6.41936
100000 115000 150010 9.65031
95000 120000 150004 3.97825
100000 120000 150006 5.93474
100000 110000 150009 8.72829
105000 110000 150013 13.2025
100000 115000 150010 9.65031
105000 115000 150011 11.1408
105000 110000 150013 13.2025
110000 110000 150014 14.1265
105000 115000 150011 11.1408
110000 115000 150013 13.1411
100000 115000 150010 9.65031
105000 115000 150011 11.1408
100000 120000 150006 5.93474
105000 120000 150011 10.5009
105000 115000 150011 11.1408
110000 115000 150013 13.1411
105000 120000 150011 10.5009
110000 120000 150014 13.9987
110000 110000 150014 14.1265
115000 110000 150014 13.6337
110000 115000 150013 13.1411
115000 115000 150015 15.2799
115000 110000 150014 13.6337
120000 110000 150015 15.0524
115000 115000 150015 15.2799
120000 115000 150017 16.7146
110000 115000 150013 13.1411
115000 115000 150015 15.2799
110000 120000 150014 13.9987
115000 120000 150013 13.402
115000 115000 150015 15.2799
120000 115000 150017 16.7146
115000 120000 150013 13.402
120000 120000 150017 16.9765
120000 110000 150015 15.0524
125000 110000 150017 16.9462
120000 115000 150017 16.7146
125000 115000 150017 16.5925
125000 110000 150017 16.9462
130000 110000 150016 15.7677
125000 115000 150017 16.5925
130000 115000 150016 16.3595
120000 115000 150017 16.7146
125000 115000 150017 16.5925
120000 120000 150017 16.9765
125000 120000 150017 17.2973
125000 115000 150017 16.5925
130000 115000 150016 16.3595
125000 120000 150017 17.2973
130000 120000 150016 15.9696
130000 110000 150016 15.7677
135000 110000 150015 15.3803
130000 115000 150016 16.3595
135000 115000 150015 14.9393
135000 110000 150015 15.3803
140000 110000 150010 10.2931
135000 115000 150015 14.9393
140000 115000 150009 9.02441
130000 115000 150016 16.3595
135000 115000 150015 14.9393
130000 120000 150016 15.9696
135000 120000 150014 14.1229
135000 115000 150015 14.9393
140000 115000 150009 9.02441
135000 120000 150014 14.1229
140000 120000 150012 12.1085
140000 110000 150010 10.2931
145000 110000 150007 7.23173
140000 115000 150009 9.02441
145000 115000 150003 3.19018
145000 110000 150007 7.23173
150000 110000 150000 -0.132608
145000 115000 150003 3.19018
150000 115000 149996 -3.86687
140000 115000 150009 9.02441
145000 115000 150003 3.19018
140000 120000 150012 12.1085
145000 120000 150006 5.56772
145000 115000 150003 3.19018
150000 115000 149996 -3.86687
145000 120000 150006 5.56772
150000 120000 150001 0.831624
150000 110000 150000 -0.132608
155000 110000 149994 -6.26429
150000 115000 149996 -3.86687
155000 115000 149986 -13.8781
155000 110000 149994 -6.26429
160000 110000 149985 -14.6507
155000 115000 149986 -13.8781
160000 115000 149977 -22.7735
150000 115000 149996 -3.86687
155000 115000 149986 -13.8781
150000 120000 150001 0.831624
155000 120000 149995 -5.23088
155000 115000 149986 -13.8781
160000 115000 149977 -22.7735
155000 120000 149995 -5.23088
160000 120000 149988 -12.1692
240000 0 150004 4.1199
245000 0 150002 1.79102
240000 5000 150003 3.47924
245000 5000 150002 1.98996
245000 0 150002 1.79102
250000 0 150001 0.75988
245000 5000 150002 1.98996
250000 5000 149999 -0.995381
240000 5000 150003 3.47924
245000 5000 150002 1.98996
240000 10000 150000 0.420517
245000 10000 150000 -0.134683
245000 5000 150002 1.98996
250000 5000 149999 -0.995381
245000 10000 150000 -0.134683
250000 10000 150001 0.644733
250000 0 150001 0.75988
255000 0 149999 -0.561398
250000 5000 149999 -0.995381
255000 5000 150000 -0.277181
255000 0 149999 -0.561398
260000 0 149999 -0.976345
255000 5000 150000 -0.277181
260000 5000 149998 -2.48969
250000 5000 149999 -0.995381
255000 5000 150000 -0.277181
250000 10000 150001 0.644733
255000 10000 149999 -0.975747
255000 5000 150000 -0.277181
260000 5000 149998 -2.48969
255000 10000 149999 -0.975747
260000 10000 149999 -0.889303
260000 0 149999 -0.976345
265000 0 149997 -2.90122
260000 5000 149998 -2.48969
265000 5000 149998 -2.06272
265000 0 149997 -2.90122
270000 0 149997 -2.59311
265000 5000 149998 -2.06272
270000 5000 149998 -2.25178
260000 5000 149998 -2.48969
265000 5000 149998 -2.06272
260000 10000 149999 -0.889303
265000 10000 149997 -2.9959
265000 5000 149998 -2.06272
270000 5000 149998 -2.25178
265000 10000 149997 -2.9959
270000 10000 149997 -2.62756
270000 0 149997 -2.59311
275000 0 149996 -3.71265
270000 5000 149998 -2.25178
275000 5000 149998 -2.1896
275000 0 149996 -3.71265
280000 0 149996 -3.79736
275000 5000 149998 -2.1896
280000 5000 149997 -3.32511
270000 5000 149998 -2.25178
275000 5000 149998 -2.1896
270000 10000 149997 -2.62756
275000 10000 149997 -3.10359
275000 5000 149998 -2.1896
280000 5000 149997 -3.32511
275000 10000 149997 -3.10359
280000 10000 149997 -3.10899
280000 0 149996 -3.79736
285000 0 149996 -3.76088
280000 5000 149997 -3.32511
285000 5000 149996 -3.63497
285000 0 149996 -3.76088
290000 0 149997 -3.31571
285000 5000 149996 -3.63497
290000 5000 149997 -2.54073
280000 5000 149997 -3.32511
285000 5000 149996 -3.63497
280000 10000 149997 -3.10899
285000 10000 149996 -3.61895
285000 5000 149996 -3.63497
290000 5000 149997 -2.54073
285000 10000 149996 -3.61895
290000 10000 149996 -3.76595
290000 0 149997 -3.31571
295000 0 149996 -3.50881
290000 5000 149997 -2.54073
295000 5000 149996 -3.56172
295000 0 149996 -3.50881
300000 0 149997 -3.22328
295000 5000 149996 -3.56172
300000 5000 149996 -3.79458
290000 5000 149997 -2.54073
295000 5000 149996 -3.56172
290000 10000 149996 -3.76595
295000 10000 149997 -3.23547
295000 5000 149996 -3.56172
300000 5000 149996 -3.79458
295000 10000 149997 -3.23547
300000 10000 149996 -3.59221
240000 10000 150000 0.420517
245000 10000 150000 -0.134683
240000 15000 150002 1.76441
245000 15000 150002 1.91361
245000 10000 150000 -0.134683
250000 10000 150001 0.644733
245000 15000 150002 1.91361
250000 15000 150001 1.04842
240000 15000 150002 1.76441
245000 15000 150002 1.91361
240000 20000 150003 2.78801
245000 20000 150001 0.500691
245000 15000 150002 1.91361
250000 15000 150001 1.04842
245000 20000 150001 0.500691
250000 20000 150001 0.586378
250000 10000 150001 0.644733
255000 10000 149999 -0.975747
250000 15000 150001 1.04842
255000 15000 150000 0.111774
255000 10000 149999 -0.975747
260000 10000 149999 -0.889303
255000 15000 150000 0.111774
260000 15000 149999 -1.20004
250000 15000 150001 1.04842
255000 15000 150000 0.111774
250000 20000 150001 0.586378
255000 20000 150000 0.273422
255000 15000 150000 0.111774
260000 15000 149999 -1.20004
255000 20000 150000 0.273422
260000 20000 150000 -0.253362
260000 10000 149999 -0.889303
265000 10000 149997 -2.9959
260000 15000 149999 -1.20004
265000 15000 149999 -1.43908
265000 10000 149997 -2.9959
270000 10000 149997 -2.62756
265000 15000 149999 -1.43908
270000 15000 149997 -3.41573
260000 15000 149999 -1.20004
265000 15000 149999 -1.43908
260000 20000 150000 -0.253362
265000 20000 149998 -2.41809
265000 15000 149999 -1.43908
270000 15000 149997 -3.41573
265000 20000 149998 -2.41809
270000 20000 149998 -1.92318
270000 10000 149997 -2.62756
275000 10000 149997 -3.10359
270000 15000 149997 -3.41573
275000 15000 149997 -2.84151
275000 10000 149997 -3.10359
280000 10000 149997 -3.10899
275000 15000 149997 -2.84151
280000 15000 149997 -2.98671
270000 15000 149997 -3.41573
275000 15000 149997 -2.84151
270000 20000 149998 -1.92318
275000 20000 149997 -3.31444
275000 15000 149997 -2.84151
280000 15000 149997 -2.98671
275000 20000 149997 -3.31444
280000 20000 149996 -3.63576
280000 10000 149997 -3.10899
285000 10000 149996 -3.61895
280000 15000 149997 -2.98671
285000 15000 149996 -3.62282
285000 10000 149996 -3.61895
290000 10000 149996 -3.76595
285000 15000 149996 -3.62282
290000 15000 149996 -3.68997
280000 15000 149997 -2.98671
285000 15000 149996 -3.62282
280000 20000 149996 -3.63576
285000 20000 149996 -3.66012
285000 15000 149996 -3.62282
290000 15000 149996 -3.68997
285000 20000 149996 -3.66012
290000 20000 149996 -3.71277
290000 10000 149996 -3.76595
295000 10000 149997 -3.23547
290000 15000 149996 -3.68997
295000 15000 149996 -3.84647
295000 10000 149997 -3.23547
300000 10000 149996 -3.59221
295000 15000 149996 -3.84647
300000 15000 149996 -3.8374
290000 15000 149996 -3.68997
295000 15000 149996 -3.84647
290000 20000 149996 -3.71277
295000 20000 149996 -3.64596
295000 15000 149996 -3.84647
300000 15000 149996 -3.8374
295000 20000 149996 -3.64596
300000 20000 149996 -3.91692
240000 20000 150003 2.78801
245000 20000 150001 0.500691
240000 25000 150003 3.14404
245000 25000 150002 2.04403
245000 20000 150001 0.500691
250000 20000 150001 0.586378
245000 25000 150002 2.04403
250000 25000 150000 -0.369166
240000 25000 150003 3.14404
245000 25000 150002 2.04403
240000 30000 150003 2.96618
245000 30000 150001 1.41502
245000 25000 150002 2.04403
250000 25000 150000 -0.369166
245000 30000 150001 1.41502
250000 30000 150001 0.559039
250000 20000 150001 0.586378
255000 20000 150000 0.273422
250000 25000 150000 -0.369166
255000 25000 150000 -0.156503
255000 20000 150000 0.273422
260000 20000 150000 -0.253362
255000 25000 150000 -0.156503
260000 25000 149998 -1.73548
250000 25000 150000 -0.369166
255000 25000 150000 -0.156503
250000 30000 150001 0.559039
255000 30000 149999 -0.517244
255000 25000 150000 -0.156503
260000 25000 149998 -1.73548
255000 30000 149999 -0.517244
260000 30000 149999 -1.09096
260000 20000 150000 -0.253362
265000 20000 149998 -2.41809
260000 25000 149998 -1.73548
265000 25000 149998 -1.64164
265000 20000 149998 -2.41809
270000 20000 149998 -1.92318
265000 25000 149998 -1.64164
270000 25000 149998 -2.29675
260000 25000 149998 -1.73548
265000 25000 149998 -1.64164
260000 30000 149999 -1.09096
265000 30000 149999 -0.924666
265000 25000 149998 -1.64164
270000 25000 149998 -2.29675
265000 30000 149999 -0.924666
270000 30000 149999 -1.4931
270000 20000 149998 -1.92318
275000 20000 149997 -3.31444
270000 25000 149998 -2.29675
275000 25000 149998 -2.05031
275000 20000 149997 -3.31444
280000 20000 149996 -3.63576
275000 25000 149998 -2.05031
280000 25000 149998 -2.31147
270000 25000 149998 -2.29675
275000 25000 149998 -2.05031
270000 30000 149999 -1.4931
275000 30000 149998 -2.01277
275000 25000 149998 -2.05031
280000 25000 149998 -2.31147
275000 30000 149998 -2.01277
280000 30000 149997 -2.76463
280000 20000 149996 -3.63576
285000 20000 149996 -3.66012
280000 25000 149998 -2.31147
285000 25000 149996 -3.65772
285000 20000 149996 -3.66012
290000 20000 149996 -3.71277
285000 25000 149996 -3.65772
290000 25000 149996 -3.51667
280000 25000 149998 -2.31147
285000 25000 149996 -3.65772
280000 30000 149997 -2.76463
285000 30000 149996 -3.68845
285000 25000 149996 -3.65772
290000 25000 149996 -3.51667
285000 30000 149996 -3.68845
290000 30000 149996 -3.73522
290000 20000 149996 -3.71277
295000 20000 149996 -3.64596
290000 25000 149996 -3.51667
295000 25000 149996 -3.52115
295000 20000 149996 -3.64596
300000 20000 149996 -3.91692
295000 25000 149996 -3.52115
300000 25000 149996 -3.84944
290000 25000 149996 -3.51667
295000 25000 149996 -3.52115
290000 30000 149996 -3.73522
295000 30000 149996 -3.98549
295000 25000 149996 -3.52115
300000 25000 149996 -3.84944
295000 30000 149996 -3.98549
300000 30000 149996 -4.17328
240000 30000 150003 2.96618
245000 30000 150001 1.41502
240000 35000 150003 2.7441
245000 35000 150002 1.87828
245000 30000 150001 1.41502
250000 30000 150001 0.559039
245000 35000 150002 1.87828
250000 35000 150001 1.32145
240000 35000 150003 2.7441
245000 35000 150002 1.87828
240000 40000 150003 2.94629
245000 40000 150002 1.57188
245000 35000 150002 1.87828
250000 35000 150001 1.32145
245000 40000 150002 1.57188
250000 40000 150002 1.66063
250000 30000 150001 0.559039
255000 30000 149999 -0.517244
250000 35000 150001 1.32145
255000 35000 150000 -0.106306
255000 30000 149999 -0.517244
260000 30000 149999 -1.09096
255000 35000 150000 -0.106306
260000 35000 149998 -1.6294
250000 35000 150001 1.32145
255000 35000 150000 -0.106306
250000 40000 150002 1.66063
255000 40000 150001 0.843219
255000 35000 150000 -0.106306
260000 35000 149998 -1.6294
255000 40000 150001 0.843219
260000 40000 150000 -0.0197856
260000 30000 149999 -1.09096
265000 30000 149999 -0.924666
260000 35000 149998 -1.6294
265000 35000 149998 -1.97305
265000 30000 149999 -0.924666
270000 30000 149999 -1.4931
265000 35000 149998 -1.97305
270000 35000 149997 -2.84299
260000 35000 149998 -1.6294
265000 35000 149998 -1.97305
260000 40000 150000 -0.0197856
265000 40000 149998 -1.53108
265000 35000 149998 -1.97305
270000 35000 149997 -2.84299
265000 40000 149998 -1.53108
270000 40000 149998 -1.88325
270000 30000 149999 -1.4931
275000 30000 149998 -2.01277
270000 35000 149997 -2.84299
275000 35000 149998 -2.29651
275000 30000 149998 -2.01277
280000 30000 149997 -2.76463
275000 35000 149998 -2.29651
280000 35000 149998 -2.45257
270000 35000 149997 -2.84299
275000 35000 149998 -2.29651
270000 40000 149998 -1.88325
275000 40000 149998 -1.56133
275000 35000 149998 -2.29651
280000 35000 149998 -2.45257
275000 40000 149998 -1.56133
280000 40000 149997 -2.54427
280000 30000 149997 -2.76463
285000 30000 149996 -3.68845
280000 35000 149998 -2.45257
285000 35000 149997 -3.16141
285000 30000 149996 -3.68845
290000 30000 149996 -3.73522
285000 35000 149997 -3.16141
290000 35000 149997 -3.145
280000 35000 149998 -2.45257
285000 35000 149997 -3.16141
280000 40000 149997 -2.54427
285000 40000 149997 -2.73423
285000 35000 149997 -3.16141
290000 35000 149997 -3.145
285000 40000 149997 -2.73423
290000 40000 149998 -2.41432
290000 30000 149996 -3.73522
295000 30000 149996 -3.98549
290000 35000 149997 -3.145
295000 35000 149997 -3.29376
295000 30000 149996 -3.98549
300000 30000 149996 -4.17328
295000 35000 149997 -3.29376
300000 35000 149997 -3.42826
290000 35000 149997 -3.145
295000 35000 149997 -3.29376
290000 40000 149998 -2.41432
295000 40000 149997 -3.06765
295000 35000 149997 -3.29376
300000 35000 149997 -3.42826
295000 40000 149997 -3.06765
300000 40000 149996 -4.00218
240000 40000 150003 2.94629
245000 40000 150002 1.57188
240000 45000 150002 1.51006
245000 45000 150002 1.98343
245000 40000 150002 1.57188
250000 40000 150002 1.66063
245000 45000 150002 1.98343
250000 45000 150000 0.0362486
240000 45000 150002 1.51006
245000 45000 150002 1.98343
240000 50000 150004 3.96423
245000 50000 150002 2.17101
245000 45000 150002 1.98343
250000 45000 150000 0.0362486
245000 50000 150002 2.17101
250000 50000 150002 2.03903
250000 40000 150002 1.66063
255000 40000 150001 0.843219
250000 45000 150000 0.0362486
255000 45000 150000 0.160641
255000 40000 150001 0.843219
260000 40000 150000 -0.0197856
255000 45000 150000 0.160641
260000 45000 149998 -1.51601
250000 45000 150000 0.0362486
255000 45000 150000 0.160641
250000 50000 150002 2.03903
255000 50000 150001 1.3382
255000 45000 150000 0.160641
260000 45000 149998 -1.51601
255000 50000 150001 1.3382
260000 50000 150000 0.164793
260000 40000 150000 -0.0197856
265000 40000 149998 -1.53108
260000 45000 149998 -1.51601
265000 45000 149998 -2.09715
265000 40000 149998 -1.53108
270000 40000 149998 -1.88325
265000 45000 149998 -2.09715
270000 45000 149997 -2.52628
260000 45000 149998 -1.51601
265000 45000 149998 -2.09715
260000 50000 150000 0.164793
265000 50000 149999 -0.896686
265000 45000 149998 -2.09715
270000 45000 149997 -2.52628
265000 50000 149999 -0.896686
270000 50000 149999 -1.4455
270000 40000 149998 -1.88325
275000 40000 149998 -1.56133
270000 45000 149997 -2.52628
275000 45000 149999 -1.36469
275000 40000 149998 -1.56133
280000 40000 149997 -2.54427
275000 45000 149999 -1.36469
280000 45000 149998 -2.21808
270000 45000 149997 -2.52628
275000 45000 149999 -1.36469
270000 50000 149999 -1.4455
275000 50000 149997 -2.69937
275000 45000 149999 -1.36469
280000 45000 149998 -2.21808
275000 50000 149997 -2.69937
280000 50000 149998 -2.47607
280000 40000 149997 -2.54427
285000 40000 149997 -2.73423
280000 45000 149998 -2.21808
285000 45000 149997 -3.13149
285000 40000 149997 -2.73423
290000 40000 149998 -2.41432
285000 45000 149997 -3.13149
290000 45000 149997 -3.45929
280000 45000 149998 -2.21808
285000 45000 149997 -3.13149
280000 50000 149998 -2.47607
285000 50000 149997 -2.95579
285000 45000 149997 -3.13149
290000 45000 149997 -3.45929
285000 50000 149997 -2.95579
290000 50000 149998 -2.20839
290000 40000 149998 -2.41432
295000 40000 149997 -3.06765
290000 45000 149997 -3.45929
295000 45000 149996 -3.63714
295000 40000 149997 -3.06765
300000 40000 149996 -4.00218
295000 45000 149996 -3.63714
300000 45000 149997 -2.8126
290000 45000 149997 -3.45929
295000 45000 149996 -3.63714
290000 50000 149998 -2.20839
295000 50000 149997 -2.6822
295000 45000 149996 -3.63714
300000 45000 149997 -2.8126
295000 50000 149997 -2.6822
300000 50000 149996 -3.74438
240000 50000 150004 3.96423
245000 50000 150002 2.17101
240000 55000 150003 3.25316
245000 55000 150003 2.95805
245000 50000 150002 2.17101
250000 50000 150002 2.03903
245000 55000 150003 2.95805
250000 55000 150001 0.57493
240000 55000 150003 3.25316
245000 55000 150003 2.95805
240000 60000 150004 3.91346
245000 60000 150002 1.56569
245000 55000 150003 2.95805
250000 55000 150001 0.57493
245000 60000 150002 1.56569
250000 60000 150002 1.85754
250000 50000 150002 2.03903
255000 50000 150001 1.3382
250000 55000 150001 0.57493
255000 55000 149999 -1.27387
255000 50000 150001 1.3382
260000 50000 150000 0.164793
255000 55000 149999 -1.27387
260000 55000 149998 -1.68503
250000 55000 150001 0.57493
255000 55000 149999 -1.27387
250000 60000 150002 1.85754
255000 60000 150002 1.62936
255000 55000 149999 -1.27387
260000 55000 149998 -1.68503
255000 60000 150002 1.62936
260000 60000 150001 0.651705
260000 50000 150000 0.164793
265000 50000 149999 -0.896686
260000 55000 149998 -1.68503
265000 55000 149998 -2.13387
265000 50000 149999 -0.896686
270000 50000 149999 -1.4455
265000 55000 149998 -2.13387
270000 55000 149999 -1.34254
260000 55000 149998 -1.68503
265000 55000 149998 -2.13387
260000 60000 150001 0.651705
265000 60000 149999 -0.82686
265000 55000 149998 -2.13387
270000 55000 149999 -1.34254
265000 60000 149999 -0.82686
270000 60000 149999 -1.03799
270000 50000 149999 -1.4455
275000 50000 149997 -2.69937
270000 55000 149999 -1.34254
275000 55000 149998 -2.36831
275000 50000 149997 -2.69937
280000 50000 149998 -2.47607
275000 55000 149998 -2.36831
280000 55000 149997 -2.85844
270000 55000 149999 -1.34254
275000 55000 149998 -2.36831
270000 60000 149999 -1.03799
275000 60000 149998 -2.35953
275000 55000 149998 -2.36831
280000 55000 149997 -2.85844
275000 60000 149998 -2.35953
280000 60000 149997 -2.72843
280000 50000 149998 -2.47607
285000 50000 149997 -2.95579
280000 55000 149997 -2.85844
285000 55000 149998 -2.40223
285000 50000 149997 -2.95579
290000 50000 149998 -2.20839
285000 55000 149998 -2.40223
290000 55000 149997 -3.16511
280000 55000 149997 -2.85844
285000 55000 149998 -2.40223
280000 60000 149997 -2.72843
285000 60000 149997 -3.07837
285000 55000 149998 -2.40223
290000 55000 149997 -3.16511
285000 60000 149997 -3.07837
290000 60000 149997 -2.78404
290000 50000 149998 -2.20839
295000 50000 149997 -2.6822
290000 55000 149997 -3.16511
295000 55000 149997 -2.82468
295000 50000 149997 -2.6822
300000 50000 149996 -3.74438
295000 55000 149997 -2.82468
300000 55000 149997 -2.79513
290000 55000 149997 -3.16511
295000 55000 149997 -2.82468
290000 60000 149997 -2.78404
295000 60000 149997 -3.27049
295000 55000 149997 -2.82468
300000 55000 149997 -2.79513
295000 60000 149997 -3.27049
300000 60000 149996 -3.83345
200000 60000 150025 24.6572
205000 60000 150024 24.2746
200000 65000 150028 27.9787
205000 65000 150027 26.7841
205000 60000 150024 24.2746
210000 60000 150021 21.2403
205000 65000 150027 26.7841
210000 65000 150022 22.3917
200000 65000 150028 27.9787
205000 65000 150027 26.7841
200000 70000 150029 29.1271
205000 70000 150025 25.482
205000 65000 150027 26.7841
210000 65000 150022 22.3917
205000 70000 150025 25.482
210000 70000 150021 20.6287
210000 60000 150021 21.2403
215000 60000 150019 18.5172
210000 65000 150022 22.3917
215000 65000 150019 19.1939
215000 60000 150019 18.5172
220000 60000 150014 13.6287
215000 65000 150019 19.1939
220000 65000 150016 15.7044
210000 65000 150022 22.3917
215000 65000 150019 19.1939
210000 70000 150021 20.6287
215000 70000 150019 18.7776
215000 65000 150019 19.1939
220000 65000 150016 15.7044
215000 70000 150019 18.7776
220000 70000 150013 13.4858
220000 60000 150014 13.6287
225000 60000 150011 10.8811
220000 65000 150016 15.7044
225000 65000 150012 12.3469
225000 60000 150011 10.8811
230000 60000 150009 8.70048
225000 65000 150012 12.3469
230000 65000 150011 10.7544
220000 65000 150016 15.7044
225000 65000 150012 12.3469
220000 70000 150013 13.4858
225000 70000 150013 12.8995
225000 65000 150012 12.3469
230000 65000 150011 10.7544
225000 70000 150013 12.8995
230000 70000 150008 8.3332
230000 60000 150009 8.70048
235000 60000 150006 6.15719
230000 65000 150011 10.7544
235000 65000 150007 7.33835
235000 60000 150006 6.15719
240000 60000 150004 3.91346
235000 65000 150007 7.33835
240000 65000 150004 3.55944
230000 65000 150011 10.7544
235000 65000 150007 7.33835
230000 70000 150008 8.3332
235000 70000 150006 5.94619
235000 65000 150007 7.33835
240000 65000 150004 3.55944
235000 70000 150006 5.94619
240000 70000 150005 5.06612
240000 60000 150004 3.91346
245000 60000 150002 1.56569
240000 65000 150004 3.55944
245000 65000 150003 3.11447
245000 60000 150002 1.56569
250000 60000 150002 1.85754
245000 65000 150003 3.11447
250000 65000 150002 2.44698
240000 65000 150004 3.55944
245000 65000 150003 3.11447
240000 70000 150005 5.06612
245000 70000 150002 2.2465
245000 65000 150003 3.11447
250000 65000 150002 2.44698
245000 70000 150002 2.2465
250000 70000 150003 2.91115
250000 60000 150002 1.85754
255000 60000 150002 1.62936
250000 65000 150002 2.44698
255000 65000 150000 0.498951
255000 60000 150002 1.62936
260000 60000 150001 0.651705
255000 65000 150000 0.498951
260000 65000 149999 -0.73783
250000 65000 150002 2.44698
255000 65000 150000 0.498951
250000 70000 150003 2.91115
255000 70000 150000 0.0739701
255000 65000 150000 0.498951
260000 65000 149999 -0.73783
255000 70000 150000 0.0739701
260000 70000 150000 0.11187
260000 60000 150001 0.651705
265000 60000 149999 -0.82686
260000 65000 149999 -0.73783
265000 65000 149998 -1.97011
265000 60000 149999 -0.82686
270000 60000 149999 -1.03799
265000 65000 149998 -1.97011
270000 65000 149997 -2.82067
260000 65000 149999 -0.73783
265000 65000 149998 -1.97011
260000 70000 150000 0.11187
265000 70000 150000 -0.323817
265000 65000 149998 -1.97011
270000 65000 149997 -2.82067
265000 70000 150000 -0.323817
270000 70000 149998 -1.99464
270000 60000 149999 -1.03799
275000 60000 149998 -2.35953
270000 65000 149997 -2.82067
275000 65000 149997 -2.88382
275000 60000 149998 -2.35953
280000 60000 149997 -2.72843
275000 65000 149997 -2.88382
280000 65000 149998 -2.27924
270000 65000 149997 -2.82067
275000 65000 149997 -2.88382
270000 70000 149998 -1.99464
275000 70000 149998 -2.2102
275000 65000 149997 -2.88382
280000 65000 149998 -2.27924
275000 70000 149998 -2.2102
280000 70000 149998 -2.21071
280000 60000 149997 -2.72843
285000 60000 149997 -3.07837
280000 65000 149998 -2.27924
285000 65000 149997 -2.54433
285000 60000 149997 -3.07837
290000 60000 149997 -2.78404
285000 65000 149997 -2.54433
290000 65000 149997 -2.74787
280000 65000 149998 -2.27924
285000 65000 149997 -2.54433
280000 70000 149998 -2.21071
285000 70000 149998 -1.69114
285000 65000 149997 -2.54433
290000 65000 149997 -2.74787
285000 70000 149998 -1.69114
290000 70000 149997 -2.81369
290000 60000 149997 -2.78404
295000 60000 149997 -3.27049
290000 65000 149997 -2.74787
295000 65000 149996 -3.55692
295000 60000 149997 -3.27049
300000 60000 149996 -3.83345
295000 65000 149996 -3.55692
300000 65000 149996 -3.64398
290000 65000 149997 -2.74787
295000 65000 149996 -3.55692
290000 70000 149997 -2.81369
295000 70000 149997 -2.87499
295000 65000 149996 -3.55692
300000 65000 149996 -3.64398
295000 70000 149997 -2.87499
300000 70000 149996 -3.52043
200000 70000 150029 29.1271
205000 70000 150025 25.482
200000 75000 150029 29.1282
205000 75000 150028 27.5532
205000 70000 150025 25.482
210000 70000 150021 20.6287
205000 75000 150028 27.5532
210000 75000 150025 24.605
200000 75000 150029 29.1282
205000 75000 150028 27.5532
200000 80000 150031 31.1303
205000 80000 150028 27.8433
205000 75000 150028 27.5532
210000 75000 150025 24.605
205000 80000 150028 27.8433
210000 80000 150024 24.4443
210000 70000 150021 20.6287
215000 70000 150019 18.7776
210000 75000 150025 24.605
215000 75000 150020 20.2126
215000 70000 150019 18.7776
220000 70000 150013 13.4858
215000 75000 150020 20.2126
220000 75000 150015 15.0995
210000 75000 150025 24.605
215000 75000 150020 20.2126
210000 80000 150024 24.4443
215000 80000 150020 20.4326
215000 75000 150020 20.2126
220000 75000 150015 15.0995
215000 80000 150020 20.4326
220000 80000 150017 16.8544
220000 70000 150013 13.4858
225000 70000 150013 12.8995
220000 75000 150015 15.0995
225000 75000 150013 12.9253
225000 70000 150013 12.8995
230000 70000 150008 8.3332
225000 75000 150013 12.9253
230000 75000 150010 10.0434
220000 75000 150015 15.0995
225000 75000 150013 12.9253
220000 80000 150017 16.8544
225000 80000 150013 12.6715
225000 75000 150013 12.9253
230000 75000 150010 10.0434
225000 80000 150013 12.6715
230000 80000 150008 8.28129
230000 70000 150008 8.3332
235000 70000 150006 5.94619
230000 75000 150010 10.0434
235000 75000 150004 4.01703
235000 70000 150006 5.94619
240000 70000 150005 5.06612
235000 75000 150004 4.01703
240000 75000 150002 2.09257
230000 75000 150010 10.0434
235000 75000 150004 4.01703
230000 80000 150008 8.28129
235000 80000 150007 6.9767
235000 75000 150004 4.01703
240000 75000 150002 2.09257
235000 80000 150007 6.9767
240000 80000 150005 5.28352
240000 70000 150005 5.06612
245000 70000 150002 2.2465
240000 75000 150002 2.09257
245000 75000 150000 0.0622346
245000 70000 150002 2.2465
250000 70000 150003 2.91115
245000 75000 150000 0.0622346
250000 75000 149999 -0.604824
240000 75000 150002 2.09257
245000 75000 150000 0.0622346
240000 80000 150005 5.28352
245000 80000 150003 3.40219
245000 75000 150000 0.0622346
250000 75000 149999 -0.604824
245000 80000 150003 3.40219
250000 80000 150003 3.16591
250000 70000 150003 2.91115
255000 70000 150000 0.0739701
250000 75000 149999 -0.604824
255000 75000 150000 -0.230695
255000 70000 150000 0.0739701
260000 70000 150000 0.11187
255000 75000 150000 -0.230695
260000 75000 149999 -1.47106
250000 75000 149999 -0.604824
255000 75000 150000 -0.230695
250000 80000 150003 3.16591
255000 80000 150002 1.51035
255000 75000 150000 -0.230695
260000 75000 149999 -1.47106
255000 80000 150002 1.51035
260000 80000 149999 -1.28869
260000 70000 150000 0.11187
265000 70000 150000 -0.323817
260000 75000 149999 -1.47106
265000 75000 149998 -1.899
265000 70000 150000 -0.323817
270000 70000 149998 -1.99464
265000 75000 149998 -1.899
270000 75000 149999 -0.849856
260000 75000 149999 -1.47106
265000 75000 149998 -1.899
260000 80000 149999 -1.28869
265000 80000 149999 -1.43019
265000 75000 149998 -1.899
270000 75000 149999 -0.849856
265000 80000 149999 -1.43019
270000 80000 149998 -1.95429
270000 70000 149998 -1.99464
275000 70000 149998 -2.2102
270000 75000 149999 -0.849856
275000 75000 149998 -1.63302
275000 70000 149998 -2.2102
280000 70000 149998 -2.21071
275000 75000 149998 -1.63302
280000 75000 149999 -0.68488
270000 75000 149999 -0.849856
275000 75000 149998 -1.63302
270000 80000 149998 -1.95429
275000 80000 149998 -1.74301
275000 75000 149998 -1.63302
280000 75000 149999 -0.68488
275000 80000 149998 -1.74301
280000 80000 149998 -2.0221
280000 70000 149998 -2.21071
285000 70000 149998 -1.69114
280000 75000 149999 -0.68488
285000 75000 149998 -1.64648
285000 70000 149998 -1.69114
290000 70000 149997 -2.81369
285000 75000 149998 -1.64648
290000 75000 149998 -2.21849
280000 75000 149999 -0.68488
285000 75000 149998 -1.64648
280000 80000 149998 -2.0221
285000 80000 149998 -2.37803
285000 75000 149998 -1.64648
290000 75000 149998 -2.21849
285000 80000 149998 -2.37803
290000 80000 149998 -1.98111
290000 70000 149997 -2.81369
295000 70000 149997 -2.87499
290000 75000 149998 -2.21849
295000 75000 149997 -2.72958
295000 70000 149997 -2.87499
300000 70000 149996 -3.52043
295000 75000 149997 -2.72958
300000 75000 149997 -2.72549
290000 75000 149998 -2.21849
295000 75000 149997 -2.72958
290000 80000 149998 -1.98111
295000 80000 149998 -2.43631
295000 75000 149997 -2.72958
300000 75000 149997 -2.72549
295000 80000 149998 -2.43631
300000 80000 149997 -3.28868
160000 80000 149908 -91.8639
165000 80000 149928 -71.723
160000 85000 149927 -72.9604
165000 85000 149909 -90.8969
165000 80000 149928 -71.723
170000 80000 149971 -29.1278
165000 85000 149909 -90.8969
170000 85000 149957 -42.6077
160000 85000 149927 -72.9604
165000 85000 149909 -90.8969
160000 90000 149955 -44.8863
165000 90000 149917 -83.0207
165000 85000 149909 -90.8969
170000 85000 149957 -42.6077
165000 90000 149917 -83.0207
170000 90000 149932 -67.8692
170000 80000 149971 -29.1278
175000 80000 150008 8.31592
170000 85000 149957 -42.6077
175000 85000 149988 -11.6025
175000 80000 150008 8.31592
180000 80000 150028 27.6697
175000 85000 149988 -11.6025
180000 85000 150019 19.4916
170000 85000 149957 -42.6077
175000 85000 149988 -11.6025
170000 90000 149932 -67.8692
175000 90000 149971 -29.0509
175000 85000 149988 -11.6025
180000 85000 150019 19.4916
175000 90000 149971 -29.0509
180000 90000 150006 5.93189
180000 80000 150028 27.6697
185000 80000 150031 31.288
180000 85000 150019 19.4916
185000 85000 150033 32.6919
185000 80000 150031 31.288
190000 80000 150032 32.4587
185000 85000 150033 32.6919
190000 85000 150032 31.5897
180000 85000 150019 19.4916
185000 85000 150033 32.6919
180000 90000 150006 5.93189
185000 90000 150033 32.9018
185000 85000 150033 32.6919
190000 85000 150032 31.5897
185000 90000 150033 32.9018
190000 90000 150034 34.149
190000 80000 150032 32.4587
195000 80000 150032 31.6002
190000 85000 150032 31.5897
195000 85000 150030 29.9018
195000 80000 150032 31.6002
200000 80000 150031 31.1303
195000 85000 150030 29.9018
200000 85000 150030 30.0324
190000 85000 150032 31.5897
195000 85000 150030 29.9018
190000 90000 150034 34.149
195000 90000 150031 30.5255
195000 85000 150030 29.9018
200000 85000 150030 30.0324
195000 90000 150031 30.5255
200000 90000 150030 29.6159
200000 80000 150031 31.1303
205000 80000 150028 27.8433
200000 85000 150030 30.0324
205000 85000 150028 28.2203
205000 80000 150028 27.8433
210000 80000 150024 24.4443
205000 85000 150028 28.2203
210000 85000 150027 27.2549
200000 85000 150030 30.0324
205000 85000 150028 28.2203
200000 90000 150030 29.6159
205000 90000 150028 28.2018
205000 85000 150028 28.2203
210000 85000 150027 27.2549
205000 90000 150028 28.2018
210000 90000 150024 24.1747
210000 80000 150024 24.4443
215000 80000 150020 20.4326
210000 85000 150027 27.2549
215000 85000 150023 22.9386
215000 80000 150020 20.4326
220000 80000 150017 16.8544
215000 85000 150023 22.9386
220000 85000 150017 17.4144
210000 85000 150027 27.2549
215000 85000 150023 22.9386
210000 90000 150024 24.1747
215000 90000 150020 20.1479
215000 85000 150023 22.9386
220000 85000 150017 17.4144
215000 90000 150020 20.1479
220000 90000 150016 16.343
220000 80000 150017 16.8544
225000 80000 150013 12.6715
220000 85000 150017 17.4144
225000 85000 150014 14.1515
225000 80000 150013 12.6715
230000 80000 150008 8.28129
225000 85000 150014 14.1515
230000 85000 150012 11.8762
220000 85000 150017 17.4144
225000 85000 150014 14.1515
220000 90000 150016 16.343
225000 90000 150015 15.3052
225000 85000 150014 14.1515
230000 85000 150012 11.8762
225000 90000 150015 15.3052
230000 90000 150011 11.2497
230000 80000 150008 8.28129
235000 80000 150007 6.9767
230000 85000 150012 11.8762
235000 85000 150009 8.8365
235000 80000 150007 6.9767
240000 80000 150005 5.28352
235000 85000 150009 8.8365
240000 85000 150005 5.04972
230000 85000 150012 11.8762
235000 85000 150009 8.8365
230000 90000 150011 11.2497
235000 90000 150007 7.06079
235000 85000 150009 8.8365
240000 85000 150005 5.04972
235000 90000 150007 7.06079
240000 90000 150004 4.32205
240000 80000 150005 5.28352
245000 80000 150003 3.40219
240000 85000 150005 5.04972
245000 85000 150002 1.90887
245000 80000 150003 3.40219
250000 80000 150003 3.16591
245000 85000 150002 1.90887
250000 85000 150002 2.28842
240000 85000 150005 5.04972
245000 85000 150002 1.90887
240000 90000 150004 4.32205
245000 90000 150003 3.0403
245000 85000 150002 1.90887
250000 85000 150002 2.28842
245000 90000 150003 3.0403
250000 90000 150001 0.770887
250000 80000 150003 3.16591
255000 80000 150002 1.51035
250000 85000 150002 2.28842
255000 85000 149999 -0.998428
255000 80000 150002 1.51035
260000 80000 149999 -1.28869
255000 85000 149999 -0.998428
260000 85000 149998 -1.57656
250000 85000 150002 2.28842
255000 85000 149999 -0.998428
250000 90000 150001 0.770887
255000 90000 150001 0.614952
255000 85000 149999 -0.998428
260000 85000 149998 -1.57656
255000 90000 150001 0.614952
260000 90000 150000 -0.171669
260000 80000 149999 -1.28869
265000 80000 149999 -1.43019
260000 85000 149998 -1.57656
265000 85000 149998 -2.08417
265000 80000 149999 -1.43019
270000 80000 149998 -1.95429
265000 85000 149998 -2.08417
270000 85000 149999 -1.18803
260000 85000 149998 -1.57656
265000 85000 149998 -2.08417
260000 90000 150000 -0.171669
265000 90000 149999 -1.29784
265000 85000 149998 -2.08417
270000 85000 149999 -1.18803
265000 90000 149999 -1.29784
270000 90000 149998 -1.97304
270000 80000 149998 -1.95429
275000 80000 149998 -1.74301
270000 85000 149999 -1.18803
275000 85000 149998 -1.98754
275000 80000 149998 -1.74301
280000 80000 149998 -2.0221
275000 85000 149998 -1.98754
280000 85000 149998 -1.675
270000 85000 149999 -1.18803
275000 85000 149998 -1.98754
270000 90000 149998 -1.97304
275000 90000 149998 -1.66751
275000 85000 149998 -1.98754
280000 85000 149998 -1.675
275000 90000 149998 -1.66751
280000 90000 149998 -1.74608
280000 80000 149998 -2.0221
285000 80000 149998 -2.37803
280000 85000 149998 -1.675
285000 85000 149997 -2.56864
285000 80000 149998 -2.37803
290000 80000 149998 -1.98111
285000 85000 149997 -2.56864
290000 85000 149997 -2.80284
280000 85000 149998 -1.675
285000 85000 149997 -2.56864
280000 90000 149998 -1.74608
285000 90000 149998 -2.02251
285000 85000 149997 -2.56864
290000 85000 149997 -2.80284
285000 90000 149998 -2.02251
290000 90000 149997 -2.85597
290000 80000 149998 -1.98111
295000 80000 149998 -2.43631
290000 85000 149997 -2.80284
295000 85000 149997 -3.20935
295000 80000 149998 -2.43631
300000 80000 149997 -3.28868
295000 85000 149997 -3.20935
300000 85000 149997 -3.48024
290000 85000 149997 -2.80284
295000 85000 149997 -3.20935
290000 90000 149997 -2.85597
295000 90000 149997 -3.35198
295000 85000 149997 -3.20935
300000 85000 149997 -3.48024
295000 90000 149997 -3.35198
300000 90000 149996 -3.537
160000 90000 149955 -44.8863
165000 90000 149917 -83.0207
160000 95000 149969 -30.9286
165000 95000 149939 -61.1179
165000 90000 149917 -83.0207
170000 90000 149932 -67.8692
165000 95000 149939 -61.1179
170000 95000 149923 -76.5898
160000 95000 149969 -30.9286
165000 95000 149939 -61.1179
160000 100000 149977 -22.7518
165000 100000 149959 -41.3048
165000 95000 149939 -61.1179
170000 95000 149923 -76.5898
165000 100000 149959 -41.3048
170000 100000 149936 -64.3435
170000 90000 149932 -67.8692
175000 90000 149971 -29.0509
170000 95000 149923 -76.5898
175000 95000 149958 -41.6216
175000 90000 149971 -29.0509
180000 90000 150006 5.93189
175000 95000 149958 -41.6216
180000 95000 149990 -9.83295
170000 95000 149923 -76.5898
175000 95000 149958 -41.6216
170000 100000 149936 -64.3435
175000 100000 149946 -53.7135
175000 95000 149958 -41.6216
180000 95000 149990 -9.83295
175000 100000 149946 -53.7135
180000 100000 149975 -25.2561
180000 90000 150006 5.93189
185000 90000 150033 32.9018
180000 95000 149990 -9.83295
185000 95000 150024 24.1485
185000 90000 150033 32.9018
190000 90000 150034 34.149
185000 95000 150024 24.1485
190000 95000 150034 33.8861
180000 95000 149990 -9.83295
185000 95000 150024 24.1485
180000 100000 149975 -25.2561
185000 100000 150013 13.3341
185000 95000 150024 24.1485
190000 95000 150034 33.8861
185000 100000 150013 13.3341
190000 100000 150031 31.2701
190000 90000 150034 34.149
195000 90000 150031 30.5255
190000 95000 150034 33.8861
195000 95000 150032 32.1155
195000 90000 150031 30.5255
200000 90000 150030 29.6159
195000 95000 150032 32.1155
200000 95000 150029 29.1856
190000 95000 150034 33.8861
195000 95000 150032 32.1155
190000 100000 150031 31.2701
195000 100000 150031 31.1593
195000 95000 150032 32.1155
200000 95000 150029 29.1856
195000 100000 150031 31.1593
200000 100000 150028 28.2983
200000 90000 150030 29.6159
205000 90000 150028 28.2018
200000 95000 150029 29.1856
205000 95000 150027 27.4858
205000 90000 150028 28.2018
210000 90000 150024 24.1747
205000 95000 150027 27.4858
210000 95000 150027 27.0219
200000 95000 150029 29.1856
205000 95000 150027 27.4858
200000 100000 150028 28.2983
205000 100000 150027 27.1449
205000 95000 150027 27.4858
210000 95000 150027 27.0219
205000 100000 150027 27.1449
210000 100000 150024 23.7897
210000 90000 150024 24.1747
215000 90000 150020 20.1479
210000 95000 150027 27.0219
215000 95000 150022 21.5366
215000 90000 150020 20.1479
220000 90000 150016 16.343
215000 95000 150022 21.5366
220000 95000 150017 17.1475
210000 95000 150027 27.0219
215000 95000 150022 21.5366
210000 100000 150024 23.7897
215000 100000 150024 24.1201
215000 95000 150022 21.5366
220000 95000 150017 17.1475
215000 100000 150024 24.1201
220000 100000 150019 19.2006
220000 90000 150016 16.343
225000 90000 150015 15.3052
220000 95000 150017 17.1475
225000 95000 150015 14.7705
225000 90000 150015 15.3052
230000 90000 150011 11.2497
225000 95000 150015 14.7705
230000 95000 150010 9.85684
220000 95000 150017 17.1475
225000 95000 150015 14.7705
220000 100000 150019 19.2006
225000 100000 150015 15.4213
225000 95000 150015 14.7705
230000 95000 150010 9.85684
225000 100000 150015 15.4213
230000 100000 150012 12.1955
230000 90000 150011 11.2497
235000 90000 150007 7.06079
230000 95000 150010 9.85684
235000 95000 150007 6.97209
235000 90000 150007 7.06079
240000 90000 150004 4.32205
235000 95000 150007 6.97209
240000 95000 150006 6.49823
230000 95000 150010 9.85684
235000 95000 150007 6.97209
230000 100000 150012 12.1955
235000 100000 150009 8.82626
235000 95000 150007 6.97209
240000 95000 150006 6.49823
235000 100000 150009 8.82626
240000 100000 150004 4.34107
240000 90000 150004 4.32205
245000 90000 150003 3.0403
240000 95000 150006 6.49823
245000 95000 150004 4.32072
245000 90000 150003 3.0403
250000 90000 150001 0.770887
245000 95000 150004 4.32072
250000 95000 150001 0.529852
240000 95000 150006 6.49823
245000 95000 150004 4.32072
240000 100000 150004 4.34107
245000 100000 150002 1.56279
245000 95000 150004 4.32072
250000 95000 150001 0.529852
245000 100000 150002 1.56279
250000 100000 150001 1.36525
250000 90000 150001 0.770887
255000 90000 150001 0.614952
250000 95000 150001 0.529852
255000 95000 149999 -1.4281
255000 90000 150001 0.614952
260000 90000 150000 -0.171669
255000 95000 149999 -1.4281
260000 95000 149998 -1.52031
250000 95000 150001 0.529852
255000 95000 149999 -1.4281
250000 100000 150001 1.36525
255000 100000 149999 -0.609877
255000 95000 149999 -1.4281
260000 95000 149998 -1.52031
255000 100000 149999 -0.609877
260000 100000 149998 -1.8027
260000 90000 150000 -0.171669
265000 90000 149999 -1.29784
260000 95000 149998 -1.52031
265000 95000 149999 -1.35526
265000 90000 149999 -1.29784
270000 90000 149998 -1.97304
265000 95000 149999 -1.35526
270000 95000 149998 -2.03585
260000 95000 149998 -1.52031
265000 95000 149999 -1.35526
260000 100000 149998 -1.8027
265000 100000 149999 -0.662433
265000 95000 149999 -1.35526
270000 95000 149998 -2.03585
265000 100000 149999 -0.662433
270000 100000 149999 -1.0966
270000 90000 149998 -1.97304
275000 90000 149998 -1.66751
270000 95000 149998 -2.03585
275000 95000 149998 -1.54353
275000 90000 149998 -1.66751
280000 90000 149998 -1.74608
275000 95000 149998 -1.54353
280000 95000 149998 -2.40179
270000 95000 149998 -2.03585
275000 95000 149998 -1.54353
270000 100000 149999 -1.0966
275000 100000 149998 -1.89913
275000 95000 149998 -1.54353
280000 95000 149998 -2.40179
275000 100000 149998 -1.89913
280000 100000 149998 -2.17066
280000 90000 149998 -1.74608
285000 90000 149998 -2.02251
280000 95000 149998 -2.40179
285000 95000 149998 -2.23625
285000 90000 149998 -2.02251
290000 90000 149997 -2.85597
285000 95000 149998 -2.23625
290000 95000 149998 -2.43776
280000 95000 149998 -2.40179
285000 95000 149998 -2.23625
280000 100000 149998 -2.17066
285000 100000 149998 -2.01742
285000 95000 149998 -2.23625
290000 95000 149998 -2.43776
285000 100000 149998 -2.01742
290000 100000 149998 -2.28145
290000 90000 149997 -2.85597
295000 90000 149997 -3.35198
290000 95000 149998 -2.43776
295000 95000 149998 -2.43608
295000 90000 149997 -3.35198
300000 90000 149996 -3.537
295000 95000 149998 -2.43608
300000 95000 149996 -3.58729
290000 95000 149998 -2.43776
295000 95000 149998 -2.43608
290000 100000 149998 -2.28145
295000 100000 149997 -2.98373
295000 95000 149998 -2.43608
300000 95000 149996 -3.58729
295000 100000 149997 -2.98373
300000 100000 149996 -3.64784
160000 100000 149977 -22.7518
165000 100000 149959 -41.3048
160000 105000 149982 -18.1639
165000 105000 149969 -31.2054
165000 100000 149959 -41.3048
170000 100000 149936 -64.3435
165000 105000 149969 -31.2054
170000 105000 149954 -45.7808
160000 105000 149982 -18.1639
165000 105000 149969 -31.2054
160000 110000 149985 -14.6507
165000 110000 149971 -28.7994
165000 105000 149969 -31.2054
170000 105000 149954 -45.7808
165000 110000 149971 -28.7994
170000 110000 149967 -33.0805
170000 100000 149936 -64.3435
175000 100000 149946 -53.7135
170000 105000 149954 -45.7808
175000 105000 149957 -42.5986
175000 100000 149946 -53.7135
180000 100000 149975 -25.2561
175000 105000 149957 -42.5986
180000 105000 149974 -26.0547
170000 105000 149954 -45.7808
175000 105000 149957 -42.5986
170000 110000 149967 -33.0805
175000 110000 149969 -31.2788
175000 105000 149957 -42.5986
180000 105000 149974 -26.0547
175000 110000 149969 -31.2788
180000 110000 149978 -21.8481
180000 100000 149975 -25.2561
185000 100000 150013 13.3341
180000 105000 149974 -26.0547
185000 105000 150003 2.80074
185000 100000 150013 13.3341
190000 100000 150031 31.2701
185000 105000 150003 2.80074
190000 105000 150023 22.7761
180000 105000 149974 -26.0547
185000 105000 150003 2.80074
180000 110000 149978 -21.8481
185000 110000 149997 -2.91669
185000 105000 150003 2.80074
190000 105000 150023 22.7761
185000 110000 149997 -2.91669
190000 110000 150014 13.8383
190000 100000 150031 31.2701
195000 100000 150031 31.1593
190000 105000 150023 22.7761
195000 105000 150028 27.8929
195000 100000 150031 31.1593
200000 100000 150028 28.2983
195000 105000 150028 27.8929
200000 105000 150026 26.4548
190000 105000 150023 22.7761
195000 105000 150028 27.8929
190000 110000 150014 13.8383
195000 110000 150022 22.4984
195000 105000 150028 27.8929
200000 105000 150026 26.4548
195000 110000 150022 22.4984
200000 110000 150024 24.0747
200000 100000 150028 28.2983
205000 100000 150027 27.1449
200000 105000 150026 26.4548
205000 105000 150025 25.0081
205000 100000 150027 27.1449
210000 100000 150024 23.7897
205000 105000 150025 25.0081
210000 105000 150023 23.4633
200000 105000 150026 26.4548
205000 105000 150025 25.0081
200000 110000 150024 24.0747
205000 110000 150024 24.3088
205000 105000 150025 25.0081
210000 105000 150023 23.4633
205000 110000 150024 24.3088
210000 110000 150022 22.3428
210000 100000 150024 23.7897
215000 100000 150024 24.1201
210000 105000 150023 23.4633
215000 105000 150020 20.4773
215000 100000 150024 24.1201
220000 100000 150019 19.2006
215000 105000 150020 20.4773
220000 105000 150020 19.577
210000 105000 150023 23.4633
215000 105000 150020 20.4773
210000 110000 150022 22.3428
215000 110000 150019 18.9959
215000 105000 150020 20.4773
220000 105000 150020 19.577
215000 110000 150019 18.9959
220000 110000 150015 15.3345
220000 100000 150019 19.2006
225000 100000 150015 15.4213
220000 105000 150020 19.577
225000 105000 150017 17.4903
225000 100000 150015 15.4213
230000 100000 150012 12.1955
225000 105000 150017 17.4903
230000 105000 150012 12.1835
220000 105000 150020 19.577
225000 105000 150017 17.4903
220000 110000 150015 15.3345
225000 110000 150014 14.1451
225000 105000 150017 17.4903
230000 105000 150012 12.1835
225000 110000 150014 14.1451
230000 110000 150012 11.7506
230000 100000 150012 12.1955
235000 100000 150009 8.82626
230000 105000 150012 12.1835
235000 105000 150008 7.83092
235000 100000 150009 8.82626
240000 100000 150004 4.34107
235000 105000 150008 7.83092
240000 105000 150007 6.5485
230000 105000 150012 12.1835
235000 105000 150008 7.83092
230000 110000 150012 11.7506
235000 110000 150009 8.8364
235000 105000 150008 7.83092
240000 105000 150007 6.5485
235000 110000 150009 8.8364
240000 110000 150003 2.71247
240000 100000 150004 4.34107
245000 100000 150002 1.56279
240000 105000 150007 6.5485
245000 105000 150004 4.23799
245000 100000 150002 1.56279
250000 100000 150001 1.36525
245000 105000 150004 4.23799
250000 105000 150002 1.6276
240000 105000 150007 6.5485
245000 105000 150004 4.23799
240000 110000 150003 2.71247
245000 110000 150003 3.07536
245000 105000 150004 4.23799
250000 105000 150002 1.6276
245000 110000 150003 3.07536
250000 110000 150002 1.71948
250000 100000 150001 1.36525
255000 100000 149999 -0.609877
250000 105000 150002 1.6276
255000 105000 150000 0.163425
255000 100000 149999 -0.609877
260000 100000 149998 -1.8027
255000 105000 150000 0.163425
260000 105000 150000 0.302111
250000 105000 150002 1.6276
255000 105000 150000 0.163425
250000 110000 150002 1.71948
255000 110000 150001 0.907813
255000 105000 150000 0.163425
260000 105000 150000 0.302111
255000 110000 150001 0.907813
260000 110000 150000 -0.288816
260000 100000 149998 -1.8027
265000 100000 149999 -0.662433
260000 105000 150000 0.302111
265000 105000 149999 -0.513742
265000 100000 149999 -0.662433
270000 100000 149999 -1.0966
265000 105000 149999 -0.513742
270000 105000 149998 -1.9564
260000 105000 150000 0.302111
265000 105000 149999 -0.513742
260000 110000 150000 -0.288816
265000 110000 149999 -0.635502
265000 105000 149999 -0.513742
270000 105000 149998 -1.9564
265000 110000 149999 -0.635502
270000 110000 149998 -2.08885
270000 100000 149999 -1.0966
275000 100000 149998 -1.89913
270000 105000 149998 -1.9564
275000 105000 149999 -1.418
275000 100000 149998 -1.89913
280000 100000 149998 -2.17066
275000 105000 149999 -1.418
280000 105000 149998 -2.23233
270000 105000 149998 -1.9564
275000 105000 149999 -1.418
270000 110000 149998 -2.08885
275000 110000 149998 -2.15976
275000 105000 149999 -1.418
280000 105000 149998 -2.23233
275000 110000 149998 -2.15976
280000 110000 149998 -2.08897
280000 100000 149998 -2.17066
285000 100000 149998 -2.01742
280000 105000 149998 -2.23233
285000 105000 149997 -2.75007
285000 100000 149998 -2.01742
290000 100000 149998 -2.28145
285000 105000 149997 -2.75007
290000 105000 149997 -2.61747
280000 105000 149998 -2.23233
285000 105000 149997 -2.75007
280000 110000 149998 -2.08897
285000 110000 149998 -2.13421
285000 105000 149997 -2.75007
290000 105000 149997 -2.61747
285000 110000 149998 -2.13421
290000 110000 149998 -2.23506
290000 100000 149998 -2.28145
295000 100000 149997 -2.98373
290000 105000 149997 -2.61747
295000 105000 149997 -2.83213
295000 100000 149997 -2.98373
300000 100000 149996 -3.64784
295000 105000 149997 -2.83213
300000 105000 149996 -3.61517
290000 105000 149997 -2.61747
295000 105000 149997 -2.83213
290000 110000 149998 -2.23506
295000 110000 149997 -3.02909
295000 105000 149997 -2.83213
300000 105000 149996 -3.61517
295000 110000 149997 -3.02909
300000 110000 149997 -3.36532
160000 110000 149985 -14.6507
165000 110000 149971 -28.7994
160000 115000 149977 -22.7735
165000 115000 149973 -26.8784
165000 110000 149971 -28.7994
170000 110000 149967 -33.0805
165000 115000 149973 -26.8784
170000 115000 149971 -28.6472
160000 115000 149977 -22.7735
165000 115000 149973 -26.8784
160000 120000 149988 -12.1692
165000 120000 149980 -20.3417
165000 115000 149973 -26.8784
170000 115000 149971 -28.6472
165000 120000 149980 -20.3417
170000 120000 149974 -25.8204
170000 110000 149967 -33.0805
175000 110000 149969 -31.2788
170000 115000 149971 -28.6472
175000 115000 149973 -26.5291
175000 110000 149969 -31.2788
180000 110000 149978 -21.8481
175000 115000 149973 -26.5291
180000 115000 149979 -21.4605
170000 115000 149971 -28.6472
175000 115000 149973 -26.5291
170000 120000 149974 -25.8204
175000 120000 149976 -23.7365
175000 115000 149973 -26.5291
180000 115000 149979 -21.4605
175000 120000 149976 -23.7365
180000 120000 149982 -17.503
180000 110000 149978 -21.8481
185000 110000 149997 -2.91669
180000 115000 149979 -21.4605
185000 115000 149992 -8.30754
185000 110000 149997 -2.91669
190000 110000 150014 13.8383
185000 115000 149992 -8.30754
190000 115000 150009 9.37278
180000 115000 149979 -21.4605
185000 115000 149992 -8.30754
180000 120000 149982 -17.503
185000 120000 149993 -6.82863
185000 115000 149992 -8.30754
190000 115000 150009 9.37278
185000 120000 149993 -6.82863
190000 120000 150006 6.03122
190000 110000 150014 13.8383
195000 110000 150022 22.4984
190000 115000 150009 9.37278
195000 115000 150015 15.3807
195000 110000 150022 22.4984
200000 110000 150024 24.0747
195000 115000 150015 15.3807
200000 115000 150023 22.5123
190000 115000 150009 9.37278
195000 115000 150015 15.3807
190000 120000 150006 6.03122
195000 120000 150018 17.9973
195000 115000 150015 15.3807
200000 115000 150023 22.5123
195000 120000 150018 17.9973
200000 120000 150023 23.2899
200000 110000 150024 24.0747
205000 110000 150024 24.3088
200000 115000 150023 22.5123
205000 115000 150025 25.2624
205000 110000 150024 24.3088
210000 110000 150022 22.3428
205000 115000 150025 25.2624
210000 115000 150025 25.4221
200000 115000 150023 22.5123
205000 115000 150025 25.2624
200000 120000 150023 23.2899
205000 120000 150026 25.5188
205000 115000 150025 25.2624
210000 115000 150025 25.4221
205000 120000 150026 25.5188
210000 120000 150025 25.0435
210000 110000 150022 22.3428
215000 110000 150019 18.9959
210000 115000 150025 25.4221
215000 115000 150021 20.9714
215000 110000 150019 18.9959
220000 110000 150015 15.3345
215000 115000 150021 20.9714
220000 115000 150019 18.9341
210000 115000 150025 25.4221
215000 115000 150021 20.9714
210000 120000 150025 25.0435
215000 120000 150023 22.7839
215000 115000 150021 20.9714
220000 115000 150019 18.9341
215000 120000 150023 22.7839
220000 120000 150020 19.5257
220000 110000 150015 15.3345
225000 110000 150014 14.1451
220000 115000 150019 18.9341
225000 115000 150014 13.8282
225000 110000 150014 14.1451
230000 110000 150012 11.7506
225000 115000 150014 13.8282
230000 115000 150007 7.45884
220000 115000 150019 18.9341
225000 115000 150014 13.8282
220000 120000 150020 19.5257
225000 120000 150017 16.6368
225000 115000 150014 13.8282
230000 115000 150007 7.45884
225000 120000 150017 16.6368
230000 120000 150011 11.2638
230000 110000 150012 11.7506
235000 110000 150009 8.8364
230000 115000 150007 7.45884
235000 115000 150006 5.5673
235000 110000 150009 8.8364
240000 110000 150003 2.71247
235000 115000 150006 5.5673
240000 115000 150008 7.8731
230000 115000 150007 7.45884
235000 115000 150006 5.5673
230000 120000 150011 11.2638
235000 120000 150010 9.78755
235000 115000 150006 5.5673
240000 115000 150008 7.8731
235000 120000 150010 9.78755
240000 120000 150008 8.07173
240000 110000 150003 2.71247
245000 110000 150003 3.07536
240000 115000 150008 7.8731
245000 115000 150005 4.90203
245000 110000 150003 3.07536
250000 110000 150002 1.71948
245000 115000 150005 4.90203
250000 115000 150003 3.30144
240000 115000 150008 7.8731
245000 115000 150005 4.90203
240000 120000 150008 8.07173
245000 120000 150005 5.23507
245000 115000 150005 4.90203
250000 115000 150003 3.30144
245000 120000 150005 5.23507
250000 120000 150003 3.40341
250000 110000 150002 1.71948
255000 110000 150001 0.907813
250000 115000 150003 3.30144
255000 115000 150001 0.762771
255000 110000 150001 0.907813
260000 110000 150000 -0.288816
255000 115000 150001 0.762771
260000 115000 149999 -0.858632
250000 115000 150003 3.30144
255000 115000 150001 0.762771
250000 120000 150003 3.40341
255000 120000 150000 0.204233
255000 115000 150001 0.762771
260000 115000 149999 -0.858632
255000 120000 150000 0.204233
260000 120000 150001 0.665727
260000 110000 150000 -0.288816
265000 110000 149999 -0.635502
260000 115000 149999 -0.858632
265000 115000 149998 -1.65078
265000 110000 149999 -0.635502
270000 110000 149998 -2.08885
265000 115000 149998 -1.65078
270000 115000 149999 -0.564382
260000 115000 149999 -0.858632
265000 115000 149998 -1.65078
260000 120000 150001 0.665727
265000 120000 149999 -0.740645
265000 115000 149998 -1.65078
270000 115000 149999 -0.564382
265000 120000 149999 -0.740645
270000 120000 149999 -1.20536
270000 110000 149998 -2.08885
275000 110000 149998 -2.15976
270000 115000 149999 -0.564382
275000 115000 149999 -1.49597
275000 110000 149998 -2.15976
280000 110000 149998 -2.08897
275000 115000 149999 -1.49597
280000 115000 149998 -2.03528
270000 115000 149999 -0.564382
275000 115000 149999 -1.49597
270000 120000 149999 -1.20536
275000 120000 149998 -1.98817
275000 115000 149999 -1.49597
280000 115000 149998 -2.03528
275000 120000 149998 -1.98817
280000 120000 149999 -1.35537
280000 110000 149998 -2.08897
285000 110000 149998 -2.13421
280000 115000 149998 -2.03528
285000 115000 149997 -2.72271
285000 110000 149998 -2.13421
290000 110000 149998 -2.23506
285000 115000 149997 -2.72271
290000 115000 149997 -2.89272
280000 115000 149998 -2.03528
285000 115000 149997 -2.72271
280000 120000 149999 -1.35537
285000 120000 149997 -2.70169
285000 115000 149997 -2.72271
290000 115000 149997 -2.89272
285000 120000 149997 -2.70169
290000 120000 149997 -3.48137
290000 110000 149998 -2.23506
295000 110000 149997 -3.02909
290000 115000 149997 -2.89272
295000 115000 149997 -3.41513
295000 110000 149997 -3.02909
300000 110000 149997 -3.36532
295000 115000 149997 -3.41513
300000 115000 149997 -3.0738
290000 115000 149997 -2.89272
295000 115000 149997 -3.41513
290000 120000 149997 -3.48137
295000 120000 149996 -3.73211
295000 115000 149997 -3.41513
300000 115000 149997 -3.0738
295000 120000 149996 -3.73211
300000 120000 149997 -3.32024
