# x y z topography
0 0 150016 15.6762
5000 0 150016 16.2292
0 5000 150016 15.6023
5000 5000 150016 16.2721
5000 0 150016 16.2292
10000 0 150017 16.9425
5000 5000 150016 16.2721
10000 5000 150017 16.9015
0 5000 150016 15.6023
5000 5000 150016 16.2721
0 10000 150016 16.1372
5000 10000 150017 16.5819
5000 5000 150016 16.2721
10000 5000 150017 16.9015
5000 10000 150017 16.5819
10000 10000 150017 16.9974
10000 0 150017 16.9425
15000 0 150017 16.802
10000 5000 150017 16.9015
15000 5000 150017 17.0986
15000 0 150017 16.802
20000 0 150017 16.5128
15000 5000 150017 17.0986
20000 5000 150016 16.4975
10000 5000 150017 16.9015
15000 5000 150017 17.0986
10000 10000 150017 16.9974
15000 10000 150017 16.7778
15000 5000 150017 17.0986
20000 5000 150016 16.4975
15000 10000 150017 16.7778
20000 10000 150016 16.4239
20000 0 150017 16.5128
25000 0 150016 16.2427
20000 5000 150016 16.4975
25000 5000 150016 16.2395
25000 0 150016 16.2427
30000 0 150016 16.1281
25000 5000 150016 16.2395
30000 5000 150016 16.2162
20000 5000 150016 16.4975
25000 5000 150016 16.2395
20000 10000 150016 16.4239
25000 10000 150016 16.1558
25000 5000 150016 16.2395
30000 5000 150016 16.2162
25000 10000 150016 16.1558
30000 10000 150016 16.249
30000 0 150016 16.1281
35000 0 150017 16.632
30000 5000 150016 16.2162
35000 5000 150016 16.2695
35000 0 150017 16.632
40000 0 150016 16.3763
35000 5000 150016 16.2695
40000 5000 150016 16.3245
30000 5000 150016 16.2162
35000 5000 150016 16.2695
30000 10000 150016 16.249
35000 10000 150016 16.2717
35000 5000 150016 16.2695
40000 5000 150016 16.3245
35000 10000 150016 16.2717
40000 10000 150016 16.3435
40000 0 150016 16.3763
45000 0 150016 16.4506
40000 5000 150016 16.3245
45000 5000 150016 16.3249
45000 0 150016 16.4506
50000 0 150018 17.9435
45000 5000 150016 16.3249
50000 5000 150017 17.4011
40000 5000 150016 16.3245
45000 5000 150016 16.3249
40000 10000 150016 16.3435
45000 10000 150016 16.3339
45000 5000 150016 16.3249
50000 5000 150017 17.4011
45000 10000 150016 16.3339
50000 10000 150016 16.3339
50000 0 150018 17.9435
55000 0 150021 20.8246
50000 5000 150017 17.4011
55000 5000 150019 18.5346
55000 0 150021 20.8246
60000 0 150024 24.0566
55000 5000 150019 18.5346
60000 5000 150022 21.6543
50000 5000 150017 17.4011
55000 5000 150019 18.5346
50000 10000 150016 16.3339
55000 10000 150017 16.6985
55000 5000 150019 18.5346
60000 5000 150022 21.6543
55000 10000 150017 16.6985
60000 10000 150018 17.8546
60000 0 150024 24.0566
65000 0 150027 26.9579
60000 5000 150022 21.6543
65000 5000 150026 26.3821
65000 0 150027 26.9579
70000 0 150031 30.5059
65000 5000 150026 26.3821
70000 5000 150030 29.8469
60000 5000 150022 21.6543
65000 5000 150026 26.3821
60000 10000 150018 17.8546
65000 10000 150020 19.89
65000 5000 150026 26.3821
70000 5000 150030 29.8469
65000 10000 150020 19.89
70000 10000 150024 23.7115
70000 0 150031 30.5059
75000 0 150034 33.9411
70000 5000 150030 29.8469
75000 5000 150032 32.256
75000 0 150034 33.9411
80000 0 150038 38.1348
75000 5000 150032 32.256
80000 5000 150037 37.2004
70000 5000 150030 29.8469
75000 5000 150032 32.256
70000 10000 150024 23.7115
75000 10000 150031 31.3317
75000 5000 150032 32.256
80000 5000 150037 37.2004
75000 10000 150031 31.3317
80000 10000 150034 34.2979
0 10000 150016 16.1372
5000 10000 150017 16.5819
0 15000 150016 16.1332
5000 15000 150017 16.6473
5000 10000 150017 16.5819
10000 10000 150017 16.9974
5000 15000 150017 16.6473
10000 15000 150017 16.8048
0 15000 150016 16.1332
5000 15000 150017 16.6473
0 20000 150016 16.2778
5000 20000 150017 16.5672
5000 15000 150017 16.6473
10000 15000 150017 16.8048
5000 20000 150017 16.5672
10000 20000 150017 16.6209
10000 10000 150017 16.9974
15000 10000 150017 16.7778
10000 15000 150017 16.8048
15000 15000 150017 16.5391
15000 10000 150017 16.7778
20000 10000 150016 16.4239
15000 15000 150017 16.5391
20000 15000 150016 16.2988
10000 15000 150017 16.8048
15000 15000 150017 16.5391
10000 20000 150017 16.6209
15000 20000 150016 16.4904
15000 15000 150017 16.5391
20000 15000 150016 16.2988
15000 20000 150016 16.4904
20000 20000 150016 16.2094
20000 10000 150016 16.4239
25000 10000 150016 16.1558
20000 15000 150016 16.2988
25000 15000 150016 16.0749
25000 10000 150016 16.1558
30000 10000 150016 16.249
25000 15000 150016 16.0749
30000 15000 150016 16.0731
20000 15000 150016 16.2988
25000 15000 150016 16.0749
20000 20000 150016 16.2094
25000 20000 150016 15.9757
25000 15000 150016 16.0749
30000 15000 150016 16.0731
25000 20000 150016 15.9757
30000 20000 150016 15.9437
30000 10000 150016 16.249
35000 10000 150016 16.2717
30000 15000 150016 16.0731
35000 15000 150017 16.6181
35000 10000 150016 16.2717
40000 10000 150016 16.3435
35000 15000 150017 16.6181
40000 15000 150016 16.3833
30000 15000 150016 16.0731
35000 15000 150017 16.6181
30000 20000 150016 15.9437
35000 20000 150016 16.1146
35000 15000 150017 16.6181
40000 15000 150016 16.3833
35000 20000 150016 16.1146
40000 20000 150017 16.5996
40000 10000 150016 16.3435
45000 10000 150016 16.3339
40000 15000 150016 16.3833
45000 15000 150016 16.3646
45000 10000 150016 16.3339
50000 10000 150016 16.3339
45000 15000 150016 16.3646
50000 15000 150018 17.5412
40000 15000 150016 16.3833
45000 15000 150016 16.3646
40000 20000 150017 16.5996
45000 20000 150016 16.3746
45000 15000 150016 16.3646
50000 15000 150018 17.5412
45000 20000 150016 16.3746
50000 20000 150016 16.3746
50000 10000 150016 16.3339
55000 10000 150017 16.6985
50000 15000 150018 17.5412
55000 15000 150019 18.749
55000 10000 150017 16.6985
60000 10000 150018 17.8546
55000 15000 150019 18.749
60000 15000 150022 21.6948
50000 15000 150018 17.5412
55000 15000 150019 18.749
50000 20000 150016 16.3746
55000 20000 150016 16.3952
55000 15000 150019 18.749
60000 15000 150022 21.6948
55000 20000 150016 16.3952
60000 20000 150019 18.9872
60000 10000 150018 17.8546
65000 10000 150020 19.89
60000 15000 150022 21.6948
65000 15000 150024 24.1357
65000 10000 150020 19.89
70000 10000 150024 23.7115
65000 15000 150024 24.1357
70000 15000 150024 23.8096
60000 15000 150022 21.6948
65000 15000 150024 24.1357
60000 20000 150019 18.9872
65000 20000 150024 24.2859
65000 15000 150024 24.1357
70000 15000 150024 23.8096
65000 20000 150024 24.2859
70000 20000 150029 28.8527
70000 10000 150024 23.7115
75000 10000 150031 31.3317
70000 15000 150024 23.8096
75000 15000 150031 31.0859
75000 10000 150031 31.3317
80000 10000 150034 34.2979
75000 15000 150031 31.0859
80000 15000 150034 34.3458
70000 15000 150024 23.8096
75000 15000 150031 31.0859
70000 20000 150029 28.8527
75000 20000 150032 32.4114
75000 15000 150031 31.0859
80000 15000 150034 34.3458
75000 20000 150032 32.4114
80000 20000 150037 37.3307
0 20000 150016 16.2778
5000 20000 150017 16.5672
0 25000 150016 16.1834
5000 25000 150017 16.5492
5000 20000 150017 16.5672
10000 20000 150017 16.6209
5000 25000 150017 16.5492
10000 25000 150017 16.7785
0 25000 150016 16.1834
5000 25000 150017 16.5492
0 30000 150016 16.4258
5000 30000 150016 16.4464
5000 25000 150017 16.5492
10000 25000 150017 16.7785
5000 30000 150016 16.4464
10000 30000 150016 16.3259
10000 20000 150017 16.6209
15000 20000 150016 16.4904
10000 25000 150017 16.7785
15000 25000 150016 16.358
15000 20000 150016 16.4904
20000 20000 150016 16.2094
15000 25000 150016 16.358
20000 25000 150016 15.964
10000 25000 150017 16.7785
15000 25000 150016 16.358
10000 30000 150016 16.3259
15000 30000 150016 16.1135
15000 25000 150016 16.358
20000 25000 150016 15.964
15000 30000 150016 16.1135
20000 30000 150016 16.0097
20000 20000 150016 16.2094
25000 20000 150016 15.9757
20000 25000 150016 15.964
25000 25000 150016 15.8636
25000 20000 150016 15.9757
30000 20000 150016 15.9437
25000 25000 150016 15.8636
30000 25000 150016 15.7637
20000 25000 150016 15.964
25000 25000 150016 15.8636
20000 30000 150016 16.0097
25000 30000 150016 15.7966
25000 25000 150016 15.8636
30000 25000 150016 15.7637
25000 30000 150016 15.7966
30000 30000 150016 15.5287
30000 20000 150016 15.9437
35000 20000 150016 16.1146
30000 25000 150016 15.7637
35000 25000 150016 15.9104
35000 20000 150016 16.1146
40000 20000 150017 16.5996
35000 25000 150016 15.9104
40000 25000 150016 16.4399
30000 25000 150016 15.7637
35000 25000 150016 15.9104
30000 30000 150016 15.5287
35000 30000 150016 15.5783
35000 25000 150016 15.9104
40000 25000 150016 16.4399
35000 30000 150016 15.5783
40000 30000 150016 16.2401
40000 20000 150017 16.5996
45000 20000 150016 16.3746
40000 25000 150016 16.4399
45000 25000 150017 17.1143
45000 20000 150016 16.3746
50000 20000 150016 16.3746
45000 25000 150017 17.1143
50000 25000 150018 17.5388
40000 25000 150016 16.4399
45000 25000 150017 17.1143
40000 30000 150016 16.2401
45000 30000 150017 16.6269
45000 25000 150017 17.1143
50000 25000 150018 17.5388
45000 30000 150017 16.6269
50000 30000 150018 17.7673
50000 20000 150016 16.3746
55000 20000 150016 16.3952
50000 25000 150018 17.5388
55000 25000 150019 18.7097
55000 20000 150016 16.3952
60000 20000 150019 18.9872
55000 25000 150019 18.7097
60000 25000 150020 19.9421
50000 25000 150018 17.5388
55000 25000 150019 18.7097
50000 30000 150018 17.7673
55000 30000 150019 18.921
55000 25000 150019 18.7097
60000 25000 150020 19.9421
55000 30000 150019 18.921
60000 30000 150021 20.7961
60000 20000 150019 18.9872
65000 20000 150024 24.2859
60000 25000 150020 19.9421
65000 25000 150022 22.3734
65000 20000 150024 24.2859
70000 20000 150029 28.8527
65000 25000 150022 22.3734
70000 25000 150024 24.478
60000 25000 150020 19.9421
65000 25000 150022 22.3734
60000 30000 150021 20.7961
65000 30000 150021 20.5567
65000 25000 150022 22.3734
70000 25000 150024 24.478
65000 30000 150021 20.5567
70000 30000 150024 24.2468
70000 20000 150029 28.8527
75000 20000 150032 32.4114
70000 25000 150024 24.478
75000 25000 150029 29.3001
75000 20000 150032 32.4114
80000 20000 150037 37.3307
75000 25000 150029 29.3001
80000 25000 150035 35.2349
70000 25000 150024 24.478
75000 25000 150029 29.3001
70000 30000 150024 24.2468
75000 30000 150029 28.9405
75000 25000 150029 29.3001
80000 25000 150035 35.2349
75000 30000 150029 28.9405
80000 30000 150033 33.0544
0 30000 150016 16.4258
5000 30000 150016 16.4464
0 35000 150016 16.3985
5000 35000 150016 16.2268
5000 30000 150016 16.4464
10000 30000 150016 16.3259
5000 35000 150016 16.2268
10000 35000 150016 16.0814
0 35000 150016 16.3985
5000 35000 150016 16.2268
0 40000 150016 16.1067
5000 40000 150016 15.9129
5000 35000 150016 16.2268
10000 35000 150016 16.0814
5000 40000 150016 15.9129
10000 40000 150016 15.9966
10000 30000 150016 16.3259
15000 30000 150016 16.1135
10000 35000 150016 16.0814
15000 35000 150016 15.9053
15000 30000 150016 16.1135
20000 30000 150016 16.0097
15000 35000 150016 15.9053
20000 35000 150016 15.7304
10000 35000 150016 16.0814
15000 35000 150016 15.9053
10000 40000 150016 15.9966
15000 40000 150016 15.6189
15000 35000 150016 15.9053
20000 35000 150016 15.7304
15000 40000 150016 15.6189
20000 40000 150016 15.5781
20000 30000 150016 16.0097
25000 30000 150016 15.7966
20000 35000 150016 15.7304
25000 35000 150016 15.7267
25000 30000 150016 15.7966
30000 30000 150016 15.5287
25000 35000 150016 15.7267
30000 35000 150015 15.2924
20000 35000 150016 15.7304
25000 35000 150016 15.7267
20000 40000 150016 15.5781
25000 40000 150015 15.3155
25000 35000 150016 15.7267
30000 35000 150015 15.2924
25000 40000 150015 15.3155
30000 40000 150015 15.2082
30000 30000 150016 15.5287
35000 30000 150016 15.5783
30000 35000 150015 15.2924
35000 35000 150015 15.1597
35000 30000 150016 15.5783
40000 30000 150016 16.2401
35000 35000 150015 15.1597
40000 35000 150016 15.6756
30000 35000 150015 15.2924
35000 35000 150015 15.1597
30000 40000 150015 15.2082
35000 40000 150015 14.9794
35000 35000 150015 15.1597
40000 35000 150016 15.6756
35000 40000 150015 14.9794
40000 40000 150015 15.425
40000 30000 150016 16.2401
45000 30000 150017 16.6269
40000 35000 150016 15.6756
45000 35000 150017 16.642
45000 30000 150017 16.6269
50000 30000 150018 17.7673
45000 35000 150017 16.642
50000 35000 150017 16.5526
40000 35000 150016 15.6756
45000 35000 150017 16.642
40000 40000 150015 15.425
45000 40000 150016 15.6813
45000 35000 150017 16.642
50000 35000 150017 16.5526
45000 40000 150016 15.6813
50000 40000 150016 16.3536
50000 30000 150018 17.7673
55000 30000 150019 18.921
50000 35000 150017 16.5526
55000 35000 150018 17.6793
55000 30000 150019 18.921
60000 30000 150021 20.7961
55000 35000 150018 17.6793
60000 35000 150020 19.9081
50000 35000 150017 16.5526
55000 35000 150018 17.6793
50000 40000 150016 16.3536
55000 40000 150017 17.154
55000 35000 150018 17.6793
60000 35000 150020 19.9081
55000 40000 150017 17.154
60000 40000 150019 18.976
60000 30000 150021 20.7961
65000 30000 150021 20.5567
60000 35000 150020 19.9081
65000 35000 150023 23.2507
65000 30000 150021 20.5567
70000 30000 150024 24.2468
65000 35000 150023 23.2507
70000 35000 150023 23.25
60000 35000 150020 19.9081
65000 35000 150023 23.2507
60000 40000 150019 18.976
65000 40000 150021 21.1698
65000 35000 150023 23.2507
70000 35000 150023 23.25
65000 40000 150021 21.1698
70000 40000 150024 24.089
70000 30000 150024 24.2468
75000 30000 150029 28.9405
70000 35000 150023 23.25
75000 35000 150028 27.8098
75000 30000 150029 28.9405
80000 30000 150033 33.0544
75000 35000 150028 27.8098
80000 35000 150034 33.7456
70000 35000 150023 23.25
75000 35000 150028 27.8098
70000 40000 150024 24.089
75000 40000 150028 28.3924
75000 35000 150028 27.8098
80000 35000 150034 33.7456
75000 40000 150028 28.3924
80000 40000 150028 28.3741
0 40000 150016 16.1067
5000 40000 150016 15.9129
0 45000 150016 15.5847
5000 45000 150016 15.9591
5000 40000 150016 15.9129
10000 40000 150016 15.9966
5000 45000 150016 15.9591
10000 45000 150016 15.5522
0 45000 150016 15.5847
5000 45000 150016 15.9591
0 50000 150015 15.4799
5000 50000 150015 15.4497
5000 45000 150016 15.9591
10000 45000 150016 15.5522
5000 50000 150015 15.4497
10000 50000 150015 15.2278
10000 40000 150016 15.9966
15000 40000 150016 15.6189
10000 45000 150016 15.5522
15000 45000 150015 15.3072
15000 40000 150016 15.6189
20000 40000 150016 15.5781
15000 45000 150015 15.3072
20000 45000 150015 15.0915
10000 45000 150016 15.5522
15000 45000 150015 15.3072
10000 50000 150015 15.2278
15000 50000 150015 15.1252
15000 45000 150015 15.3072
20000 45000 150015 15.0915
15000 50000 150015 15.1252
20000 50000 150015 15.0025
20000 40000 150016 15.5781
25000 40000 150015 15.3155
20000 45000 150015 15.0915
25000 45000 150015 15.4046
25000 40000 150015 15.3155
30000 40000 150015 15.2082
25000 45000 150015 15.4046
30000 45000 150015 15.1405
20000 45000 150015 15.0915
25000 45000 150015 15.4046
20000 50000 150015 15.0025
25000 50000 150015 14.9755
25000 45000 150015 15.4046
30000 45000 150015 15.1405
25000 50000 150015 14.9755
30000 50000 150015 14.8414
30000 40000 150015 15.2082
35000 40000 150015 14.9794
30000 45000 150015 15.1405
35000 45000 150015 14.8215
35000 40000 150015 14.9794
40000 40000 150015 15.425
35000 45000 150015 14.8215
40000 45000 150015 14.7104
30000 45000 150015 15.1405
35000 45000 150015 14.8215
30000 50000 150015 14.8414
35000 50000 150015 14.7824
35000 45000 150015 14.8215
40000 45000 150015 14.7104
35000 50000 150015 14.7824
40000 50000 150015 15.0746
40000 40000 150015 15.425
45000 40000 150016 15.6813
40000 45000 150015 14.7104
45000 45000 150015 15.3266
45000 40000 150016 15.6813
50000 40000 150016 16.3536
45000 45000 150015 15.3266
50000 45000 150016 15.8029
40000 45000 150015 14.7104
45000 45000 150015 15.3266
40000 50000 150015 15.0746
45000 50000 150016 16.2795
45000 45000 150015 15.3266
50000 45000 150016 15.8029
45000 50000 150016 16.2795
50000 50000 150017 16.6071
50000 40000 150016 16.3536
55000 40000 150017 17.154
50000 45000 150016 15.8029
55000 45000 150018 17.6586
55000 40000 150017 17.154
60000 40000 150019 18.976
55000 45000 150018 17.6586
60000 45000 150018 17.9172
50000 45000 150016 15.8029
55000 45000 150018 17.6586
50000 50000 150017 16.6071
55000 50000 150017 17.239
55000 45000 150018 17.6586
60000 45000 150018 17.9172
55000 50000 150017 17.239
60000 50000 150019 18.9324
60000 40000 150019 18.976
65000 40000 150021 21.1698
60000 45000 150018 17.9172
65000 45000 150021 20.703
65000 40000 150021 21.1698
70000 40000 150024 24.089
65000 45000 150021 20.703
70000 45000 150024 24.4489
60000 45000 150018 17.9172
65000 45000 150021 20.703
60000 50000 150019 18.9324
65000 50000 150022 21.6193
65000 45000 150021 20.703
70000 45000 150024 24.4489
65000 50000 150022 21.6193
70000 50000 150023 23.0024
70000 40000 150024 24.089
75000 40000 150028 28.3924
70000 45000 150024 24.4489
75000 45000 150027 27.3623
75000 40000 150028 28.3924
80000 40000 150028 28.3741
75000 45000 150027 27.3623
80000 45000 150031 30.8402
70000 45000 150024 24.4489
75000 45000 150027 27.3623
70000 50000 150023 23.0024
75000 50000 150024 24.4025
75000 45000 150027 27.3623
80000 45000 150031 30.8402
75000 50000 150024 24.4025
80000 50000 150028 28.0729
0 50000 150015 15.4799
5000 50000 150015 15.4497
0 55000 150016 15.5067
5000 55000 150015 15.4058
5000 50000 150015 15.4497
10000 50000 150015 15.2278
5000 55000 150015 15.4058
10000 55000 150015 15.1123
0 55000 150016 15.5067
5000 55000 150015 15.4058
0 60000 150016 15.637
5000 60000 150016 16.2554
5000 55000 150015 15.4058
10000 55000 150015 15.1123
5000 60000 150016 16.2554
10000 60000 150016 15.766
10000 50000 150015 15.2278
15000 50000 150015 15.1252
10000 55000 150015 15.1123
15000 55000 150015 14.7121
15000 50000 150015 15.1252
20000 50000 150015 15.0025
15000 55000 150015 14.7121
20000 55000 150014 14.4204
10000 55000 150015 15.1123
15000 55000 150015 14.7121
10000 60000 150016 15.766
15000 60000 150015 14.8697
15000 55000 150015 14.7121
20000 55000 150014 14.4204
15000 60000 150015 14.8697
20000 60000 150014 14.3115
20000 50000 150015 15.0025
25000 50000 150015 14.9755
20000 55000 150014 14.4204
25000 55000 150014 14.3316
25000 50000 150015 14.9755
30000 50000 150015 14.8414
25000 55000 150014 14.3316
30000 55000 150014 14.2033
20000 55000 150014 14.4204
25000 55000 150014 14.3316
20000 60000 150014 14.3115
25000 60000 150014 13.8414
25000 55000 150014 14.3316
30000 55000 150014 14.2033
25000 60000 150014 13.8414
30000 60000 150014 13.7149
30000 50000 150015 14.8414
35000 50000 150015 14.7824
30000 55000 150014 14.2033
35000 55000 150015 14.6046
35000 50000 150015 14.7824
40000 50000 150015 15.0746
35000 55000 150015 14.6046
40000 55000 150015 14.8394
30000 55000 150014 14.2033
35000 55000 150015 14.6046
30000 60000 150014 13.7149
35000 60000 150014 13.7217
35000 55000 150015 14.6046
40000 55000 150015 14.8394
35000 60000 150014 13.7217
40000 60000 150014 13.7106
40000 50000 150015 15.0746
45000 50000 150016 16.2795
40000 55000 150015 14.8394
45000 55000 150015 15.2505
45000 50000 150016 16.2795
50000 50000 150017 16.6071
45000 55000 150015 15.2505
50000 55000 150015 15.4958
40000 55000 150015 14.8394
45000 55000 150015 15.2505
40000 60000 150014 13.7106
45000 60000 150014 14.1455
45000 55000 150015 15.2505
50000 55000 150015 15.4958
45000 60000 150014 14.1455
50000 60000 150014 14.2426
50000 50000 150017 16.6071
55000 50000 150017 17.239
50000 55000 150015 15.4958
55000 55000 150016 16.2551
55000 50000 150017 17.239
60000 50000 150019 18.9324
55000 55000 150016 16.2551
60000 55000 150019 18.5077
50000 55000 150015 15.4958
55000 55000 150016 16.2551
50000 60000 150014 14.2426
55000 60000 150016 15.836
55000 55000 150016 16.2551
60000 55000 150019 18.5077
55000 60000 150016 15.836
60000 60000 150016 16.4824
60000 50000 150019 18.9324
65000 50000 150022 21.6193
60000 55000 150019 18.5077
65000 55000 150019 19.37
65000 50000 150022 21.6193
70000 50000 150023 23.0024
65000 55000 150019 19.37
70000 55000 150019 18.7704
60000 55000 150019 18.5077
65000 55000 150019 19.37
60000 60000 150016 16.4824
65000 60000 150016 16.3634
65000 55000 150019 19.37
70000 55000 150019 18.7704
65000 60000 150016 16.3634
70000 60000 150020 19.9262
70000 50000 150023 23.0024
75000 50000 150024 24.4025
70000 55000 150019 18.7704
75000 55000 150024 24.236
75000 50000 150024 24.4025
80000 50000 150028 28.0729
75000 55000 150024 24.236
80000 55000 150025 24.9679
70000 55000 150019 18.7704
75000 55000 150024 24.236
70000 60000 150020 19.9262
75000 60000 150023 22.9001
75000 55000 150024 24.236
80000 55000 150025 24.9679
75000 60000 150023 22.9001
80000 60000 150026 25.8017
0 60000 150016 15.637
5000 60000 150016 16.2554
0 65000 150016 15.5757
5000 65000 150016 15.6819
5000 60000 150016 16.2554
10000 60000 150016 15.766
5000 65000 150016 15.6819
10000 65000 150015 15.1191
0 65000 150016 15.5757
5000 65000 150016 15.6819
0 70000 150015 15.2325
5000 70000 150015 15.3766
5000 65000 150016 15.6819
10000 65000 150015 15.1191
5000 70000 150015 15.3766
10000 70000 150015 14.8059
10000 60000 150016 15.766
15000 60000 150015 14.8697
10000 65000 150015 15.1191
15000 65000 150015 14.5689
15000 60000 150015 14.8697
20000 60000 150014 14.3115
15000 65000 150015 14.5689
20000 65000 150014 14.0536
10000 65000 150015 15.1191
15000 65000 150015 14.5689
10000 70000 150015 14.8059
15000 70000 150014 14.2498
15000 65000 150015 14.5689
20000 65000 150014 14.0536
15000 70000 150014 14.2498
20000 70000 150014 14.0343
20000 60000 150014 14.3115
25000 60000 150014 13.8414
20000 65000 150014 14.0536
25000 65000 150014 13.6054
25000 60000 150014 13.8414
30000 60000 150014 13.7149
25000 65000 150014 13.6054
30000 65000 150013 13.4106
20000 65000 150014 14.0536
25000 65000 150014 13.6054
20000 70000 150014 14.0343
25000 70000 150013 13.4132
25000 65000 150014 13.6054
30000 65000 150013 13.4106
25000 70000 150013 13.4132
30000 70000 150013 13.2685
30000 60000 150014 13.7149
35000 60000 150014 13.7217
30000 65000 150013 13.4106
35000 65000 150013 13.4396
35000 60000 150014 13.7217
40000 60000 150014 13.7106
35000 65000 150013 13.4396
40000 65000 150013 13.4779
30000 65000 150013 13.4106
35000 65000 150013 13.4396
30000 70000 150013 13.2685
35000 70000 150013 13.3744
35000 65000 150013 13.4396
40000 65000 150013 13.4779
35000 70000 150013 13.3744
40000 70000 150014 13.7658
40000 60000 150014 13.7106
45000 60000 150014 14.1455
40000 65000 150013 13.4779
45000 65000 150014 13.6028
45000 60000 150014 14.1455
50000 60000 150014 14.2426
45000 65000 150014 13.6028
50000 65000 150014 14.1173
40000 65000 150013 13.4779
45000 65000 150014 13.6028
40000 70000 150014 13.7658
45000 70000 150014 13.801
45000 65000 150014 13.6028
50000 65000 150014 14.1173
45000 70000 150014 13.801
50000 70000 150014 13.9388
50000 60000 150014 14.2426
55000 60000 150016 15.836
50000 65000 150014 14.1173
55000 65000 150015 15.2512
55000 60000 150016 15.836
60000 60000 150016 16.4824
55000 65000 150015 15.2512
60000 65000 150016 16.2003
50000 65000 150014 14.1173
55000 65000 150015 15.2512
50000 70000 150014 13.9388
55000 70000 150015 14.6064
55000 65000 150015 15.2512
60000 65000 150016 16.2003
55000 70000 150015 14.6064
60000 70000 150017 17.0004
60000 60000 150016 16.4824
65000 60000 150016 16.3634
60000 65000 150016 16.2003
65000 65000 150017 17.2728
65000 60000 150016 16.3634
70000 60000 150020 19.9262
65000 65000 150017 17.2728
70000 65000 150018 17.6999
60000 65000 150016 16.2003
65000 65000 150017 17.2728
60000 70000 150017 17.0004
65000 70000 150019 18.5385
65000 65000 150017 17.2728
70000 65000 150018 17.6999
65000 70000 150019 18.5385
70000 70000 150020 19.9623
70000 60000 150020 19.9262
75000 60000 150023 22.9001
70000 65000 150018 17.6999
75000 65000 150021 20.5908
75000 60000 150023 22.9001
80000 60000 150026 25.8017
75000 65000 150021 20.5908
80000 65000 150024 24.0055
70000 65000 150018 17.6999
75000 65000 150021 20.5908
70000 70000 150020 19.9623
75000 70000 150022 21.9427
75000 65000 150021 20.5908
80000 65000 150024 24.0055
75000 70000 150022 21.9427
80000 70000 150024 24.3545
0 70000 150015 15.2325
5000 70000 150015 15.3766
0 75000 150015 14.6539
5000 75000 150015 14.6415
5000 70000 150015 15.3766
10000 70000 150015 14.8059
5000 75000 150015 14.6415
10000 75000 150014 14.4498
0 75000 150015 14.6539
5000 75000 150015 14.6415
0 80000 150015 14.5221
5000 80000 150014 14.2353
5000 75000 150015 14.6415
10000 75000 150014 14.4498
5000 80000 150014 14.2353
10000 80000 150014 13.734
10000 70000 150015 14.8059
15000 70000 150014 14.2498
10000 75000 150014 14.4498
15000 75000 150014 13.8994
15000 70000 150014 14.2498
20000 70000 150014 14.0343
15000 75000 150014 13.8994
20000 75000 150014 13.5441
10000 75000 150014 14.4498
15000 75000 150014 13.8994
10000 80000 150014 13.734
15000 80000 150014 13.8803
15000 75000 150014 13.8994
20000 75000 150014 13.5441
15000 80000 150014 13.8803
20000 80000 150014 13.5349
20000 70000 150014 14.0343
25000 70000 150013 13.4132
20000 75000 150014 13.5441
25000 75000 150013 13.2808
25000 70000 150013 13.4132
30000 70000 150013 13.2685
25000 75000 150013 13.2808
30000 75000 150013 13.2298
20000 75000 150014 13.5441
25000 75000 150013 13.2808
20000 80000 150014 13.5349
25000 80000 150013 13.2241
25000 75000 150013 13.2808
30000 75000 150013 13.2298
25000 80000 150013 13.2241
30000 80000 150013 13.1827
30000 70000 150013 13.2685
35000 70000 150013 13.3744
30000 75000 150013 13.2298
35000 75000 150013 13.438
35000 70000 150013 13.3744
40000 70000 150014 13.7658
35000 75000 150013 13.438
40000 75000 150013 13.2965
30000 75000 150013 13.2298
35000 75000 150013 13.438
30000 80000 150013 13.1827
35000 80000 150013 13.1134
35000 75000 150013 13.438
40000 75000 150013 13.2965
35000 80000 150013 13.1134
40000 80000 150013 13.2296
40000 70000 150014 13.7658
45000 70000 150014 13.801
40000 75000 150013 13.2965
45000 75000 150013 13.2638
45000 70000 150014 13.801
50000 70000 150014 13.9388
45000 75000 150013 13.2638
50000 75000 150013 13.2822
40000 75000 150013 13.2965
45000 75000 150013 13.2638
40000 80000 150013 13.2296
45000 80000 150013 12.9452
45000 75000 150013 13.2638
50000 75000 150013 13.2822
45000 80000 150013 12.9452
50000 80000 150013 12.817
50000 70000 150014 13.9388
55000 70000 150015 14.6064
50000 75000 150013 13.2822
55000 75000 150014 13.9937
55000 70000 150015 14.6064
60000 70000 150017 17.0004
55000 75000 150014 13.9937
60000 75000 150015 15.183
50000 75000 150013 13.2822
55000 75000 150014 13.9937
50000 80000 150013 12.817
55000 80000 150013 13.3799
55000 75000 150014 13.9937
60000 75000 150015 15.183
55000 80000 150013 13.3799
60000 80000 150013 13.4487
60000 70000 150017 17.0004
65000 70000 150019 18.5385
60000 75000 150015 15.183
65000 75000 150016 16.0886
65000 70000 150019 18.5385
70000 70000 150020 19.9623
65000 75000 150016 16.0886
70000 75000 150017 17.4996
60000 75000 150015 15.183
65000 75000 150016 16.0886
60000 80000 150013 13.4487
65000 80000 150013 13.3006
65000 75000 150016 16.0886
70000 75000 150017 17.4996
65000 80000 150013 13.3006
70000 80000 150015 14.8766
70000 70000 150020 19.9623
75000 70000 150022 21.9427
70000 75000 150017 17.4996
75000 75000 150018 18.1901
75000 70000 150022 21.9427
80000 70000 150024 24.3545
75000 75000 150018 18.1901
80000 75000 150019 19.2688
70000 75000 150017 17.4996
75000 75000 150018 18.1901
70000 80000 150015 14.8766
75000 80000 150017 17.2624
75000 75000 150018 18.1901
80000 75000 150019 19.2688
75000 80000 150017 17.2624
80000 80000 150023 22.9871
80000 0 150038 38.1348
85000 0 150040 40.1371
80000 5000 150037 37.2004
85000 5000 150040 40.2789
85000 0 150040 40.1371
90000 0 150041 40.8062
85000 5000 150040 40.2789
90000 5000 150041 41.3792
80000 5000 150037 37.2004
85000 5000 150040 40.2789
80000 10000 150034 34.2979
85000 10000 150038 37.7864
85000 5000 150040 40.2789
90000 5000 150041 41.3792
85000 10000 150038 37.7864
90000 10000 150040 39.5095
90000 0 150041 40.8062
95000 0 150038 37.8913
90000 5000 150041 41.3792
95000 5000 150038 38.3243
95000 0 150038 37.8913
100000 0 150031 30.7953
95000 5000 150038 38.3243
100000 5000 150030 30.1434
90000 5000 150041 41.3792
95000 5000 150038 38.3243
90000 10000 150040 39.5095
95000 10000 150039 38.5959
95000 5000 150038 38.3243
100000 5000 150030 30.1434
95000 10000 150039 38.5959
100000 10000 150030 30.487
100000 0 150031 30.7953
105000 0 150018 17.8088
100000 5000 150030 30.1434
105000 5000 150010 10.2366
105000 0 150018 17.8088
110000 0 149999 -0.8288
105000 5000 150010 10.2366
110000 5000 149986 -14.3323
100000 5000 150030 30.1434
105000 5000 150010 10.2366
100000 10000 150030 30.487
105000 10000 150020 19.8932
105000 5000 150010 10.2366
110000 5000 149986 -14.3323
105000 10000 150020 19.8932
110000 10000 150007 6.79947
110000 0 149999 -0.8288
115000 0 149977 -22.7117
110000 5000 149986 -14.3323
115000 5000 149965 -35.1522
115000 0 149977 -22.7117
120000 0 149960 -40.0945
115000 5000 149965 -35.1522
120000 5000 149952 -47.7652
110000 5000 149986 -14.3323
115000 5000 149965 -35.1522
110000 10000 150007 6.79947
115000 10000 149976 -23.6486
115000 5000 149965 -35.1522
120000 5000 149952 -47.7652
115000 10000 149976 -23.6486
120000 10000 149949 -51.1172
120000 0 149960 -40.0945
125000 0 149949 -50.6158
120000 5000 149952 -47.7652
125000 5000 149948 -52.4693
125000 0 149949 -50.6158
130000 0 149948 -52.4392
125000 5000 149948 -52.4693
130000 5000 149946 -53.787
120000 5000 149952 -47.7652
125000 5000 149948 -52.4693
120000 10000 149949 -51.1172
125000 10000 149941 -58.5396
125000 5000 149948 -52.4693
130000 5000 149946 -53.787
125000 10000 149941 -58.5396
130000 10000 149942 -58.4942
130000 0 149948 -52.4392
135000 0 149952 -48.13
130000 5000 149946 -53.787
135000 5000 149948 -52.498
135000 0 149952 -48.13
140000 0 149955 -45.1567
135000 5000 149948 -52.498
140000 5000 149964 -36.0864
130000 5000 149946 -53.787
135000 5000 149948 -52.498
130000 10000 149942 -58.4942
135000 10000 149947 -52.6497
135000 5000 149948 -52.498
140000 5000 149964 -36.0864
135000 10000 149947 -52.6497
140000 10000 149963 -37.171
140000 0 149955 -45.1567
145000 0 149976 -23.9208
140000 5000 149964 -36.0864
145000 5000 149969 -31.3185
145000 0 149976 -23.9208
150000 0 149982 -17.9899
145000 5000 149969 -31.3185
150000 5000 149979 -21.2678
140000 5000 149964 -36.0864
145000 5000 149969 -31.3185
140000 10000 149963 -37.171
145000 10000 149980 -19.6464
145000 5000 149969 -31.3185
150000 5000 149979 -21.2678
145000 10000 149980 -19.6464
150000 10000 149990 -9.76283
150000 0 149982 -17.9899
155000 0 149992 -8.27931
150000 5000 149979 -21.2678
155000 5000 149993 -7.12807
155000 0 149992 -8.27931
160000 0 150001 1.38698
155000 5000 149993 -7.12807
160000 5000 150001 1.18438
150000 5000 149979 -21.2678
155000 5000 149993 -7.12807
150000 10000 149990 -9.76283
155000 10000 149996 -4.15462
155000 5000 149993 -7.12807
160000 5000 150001 1.18438
155000 10000 149996 -4.15462
160000 10000 150005 4.90097
80000 10000 150034 34.2979
85000 10000 150038 37.7864
80000 15000 150034 34.3458
85000 15000 150039 38.7468
85000 10000 150038 37.7864
90000 10000 150040 39.5095
85000 15000 150039 38.7468
90000 15000 150038 38.2958
80000 15000 150034 34.3458
85000 15000 150039 38.7468
80000 20000 150037 37.3307
85000 20000 150042 41.5529
85000 15000 150039 38.7468
90000 15000 150038 38.2958
85000 20000 150042 41.5529
90000 20000 150042 41.8281
90000 10000 150040 39.5095
95000 10000 150039 38.5959
90000 15000 150038 38.2958
95000 15000 150039 39.0484
95000 10000 150039 38.5959
100000 10000 150030 30.487
95000 15000 150039 39.0484
100000 15000 150037 37.4152
90000 15000 150038 38.2958
95000 15000 150039 39.0484
90000 20000 150042 41.8281
95000 20000 150041 40.6056
95000 15000 150039 39.0484
100000 15000 150037 37.4152
95000 20000 150041 40.6056
100000 20000 150038 38.3877
100000 10000 150030 30.487
105000 10000 150020 19.8932
100000 15000 150037 37.4152
105000 15000 150035 35.3383
105000 10000 150020 19.8932
110000 10000 150007 6.79947
105000 15000 150035 35.3383
110000 15000 150021 21.2942
100000 15000 150037 37.4152
105000 15000 150035 35.3383
100000 20000 150038 38.3877
105000 20000 150041 40.7535
105000 15000 150035 35.3383
110000 15000 150021 21.2942
105000 20000 150041 40.7535
110000 20000 150034 34.1416
110000 10000 150007 6.79947
115000 10000 149976 -23.6486
110000 15000 150021 21.2942
115000 15000 149985 -15.0163
115000 10000 149976 -23.6486
120000 10000 149949 -51.1172
115000 15000 149985 -15.0163
120000 15000 149946 -53.7049
110000 15000 150021 21.2942
115000 15000 149985 -15.0163
110000 20000 150034 34.1416
115000 20000 149996 -3.69229
115000 15000 149985 -15.0163
120000 15000 149946 -53.7049
115000 20000 149996 -3.69229
120000 20000 149947 -53.152
120000 10000 149949 -51.1172
125000 10000 149941 -58.5396
120000 15000 149946 -53.7049
125000 15000 149925 -74.9501
125000 10000 149941 -58.5396
130000 10000 149942 -58.4942
125000 15000 149925 -74.9501
130000 15000 149928 -72.0855
120000 15000 149946 -53.7049
125000 15000 149925 -74.9501
120000 20000 149947 -53.152
125000 20000 149909 -90.7671
125000 15000 149925 -74.9501
130000 15000 149928 -72.0855
125000 20000 149909 -90.7671
130000 20000 149907 -93.4626
130000 10000 149942 -58.4942
135000 10000 149947 -52.6497
130000 15000 149928 -72.0855
135000 15000 149944 -56.4312
135000 10000 149947 -52.6497
140000 10000 149963 -37.171
135000 15000 149944 -56.4312
140000 15000 149959 -41.3891
130000 15000 149928 -72.0855
135000 15000 149944 -56.4312
130000 20000 149907 -93.4626
135000 20000 149935 -64.9481
135000 15000 149944 -56.4312
140000 15000 149959 -41.3891
135000 20000 149935 -64.9481
140000 20000 149956 -43.5833
140000 10000 149963 -37.171
145000 10000 149980 -19.6464
140000 15000 149959 -41.3891
145000 15000 149981 -18.9345
145000 10000 149980 -19.6464
150000 10000 149990 -9.76283
145000 15000 149981 -18.9345
150000 15000 149993 -6.59347
140000 15000 149959 -41.3891
145000 15000 149981 -18.9345
140000 20000 149956 -43.5833
145000 20000 149978 -22.3005
145000 15000 149981 -18.9345
150000 15000 149993 -6.59347
145000 20000 149978 -22.3005
150000 20000 149968 -31.5077
150000 10000 149990 -9.76283
155000 10000 149996 -4.15462
150000 15000 149993 -6.59347
155000 15000 149999 -0.516057
155000 10000 149996 -4.15462
160000 10000 150005 4.90097
155000 15000 149999 -0.516057
160000 15000 150006 6.27466
150000 15000 149993 -6.59347
155000 15000 149999 -0.516057
150000 20000 149968 -31.5077
155000 20000 149983 -17.0135
155000 15000 149999 -0.516057
160000 15000 150006 6.27466
155000 20000 149983 -17.0135
160000 20000 149999 -0.6951
80000 20000 150037 37.3307
85000 20000 150042 41.5529
80000 25000 150035 35.2349
85000 25000 150040 40.4782
85000 20000 150042 41.5529
90000 20000 150042 41.8281
85000 25000 150040 40.4782
90000 25000 150042 42.0477
80000 25000 150035 35.2349
85000 25000 150040 40.4782
80000 30000 150033 33.0544
85000 30000 150038 37.8946
85000 25000 150040 40.4782
90000 25000 150042 42.0477
85000 30000 150038 37.8946
90000 30000 150042 41.8322
90000 20000 150042 41.8281
95000 20000 150041 40.6056
90000 25000 150042 42.0477
95000 25000 150042 42.3351
95000 20000 150041 40.6056
100000 20000 150038 38.3877
95000 25000 150042 42.3351
100000 25000 150041 41.1418
90000 25000 150042 42.0477
95000 25000 150042 42.3351
90000 30000 150042 41.8322
95000 30000 150043 42.585
95000 25000 150042 42.3351
100000 25000 150041 41.1418
95000 30000 150043 42.585
100000 30000 150042 42.4326
100000 20000 150038 38.3877
105000 20000 150041 40.7535
100000 25000 150041 41.1418
105000 25000 150043 42.6558
105000 20000 150041 40.7535
110000 20000 150034 34.1416
105000 25000 150043 42.6558
110000 25000 150042 42.4655
100000 25000 150041 41.1418
105000 25000 150043 42.6558
100000 30000 150042 42.4326
105000 30000 150042 42.1478
105000 25000 150043 42.6558
110000 25000 150042 42.4655
105000 30000 150042 42.1478
110000 30000 150043 43.1485
110000 20000 150034 34.1416
115000 20000 149996 -3.69229
110000 25000 150042 42.4655
115000 25000 150015 15.173
115000 20000 149996 -3.69229
120000 20000 149947 -53.152
115000 25000 150015 15.173
120000 25000 149962 -38.0941
110000 25000 150042 42.4655
115000 25000 150015 15.173
110000 30000 150043 43.1485
115000 30000 150028 28.2285
115000 25000 150015 15.173
120000 25000 149962 -38.0941
115000 30000 150028 28.2285
120000 30000 149983 -17.47
120000 20000 149947 -53.152
125000 20000 149909 -90.7671
120000 25000 149962 -38.0941
125000 25000 149923 -77.3409
125000 20000 149909 -90.7671
130000 20000 149907 -93.4626
125000 25000 149923 -77.3409
130000 25000 149895 -105.304
120000 25000 149962 -38.0941
125000 25000 149923 -77.3409
120000 30000 149983 -17.47
125000 30000 149942 -57.9369
125000 25000 149923 -77.3409
130000 25000 149895 -105.304
125000 30000 149942 -57.9369
130000 30000 149899 -100.585
130000 20000 149907 -93.4626
135000 20000 149935 -64.9481
130000 25000 149895 -105.304
135000 25000 149916 -84.4643
135000 20000 149935 -64.9481
140000 20000 149956 -43.5833
135000 25000 149916 -84.4643
140000 25000 149942 -58.4783
130000 25000 149895 -105.304
135000 25000 149916 -84.4643
130000 30000 149899 -100.585
135000 30000 149894 -106.255
135000 25000 149916 -84.4643
140000 25000 149942 -58.4783
135000 30000 149894 -106.255
140000 30000 149933 -66.5488
140000 20000 149956 -43.5833
145000 20000 149978 -22.3005
140000 25000 149942 -58.4783
145000 25000 149970 -29.7926
145000 20000 149978 -22.3005
150000 20000 149968 -31.5077
145000 25000 149970 -29.7926
150000 25000 149989 -10.66
140000 25000 149942 -58.4783
145000 25000 149970 -29.7926
140000 30000 149933 -66.5488
145000 30000 149958 -42.3433
145000 25000 149970 -29.7926
150000 25000 149989 -10.66
145000 30000 149958 -42.3433
150000 30000 149983 -16.9174
150000 20000 149968 -31.5077
155000 20000 149983 -17.0135
150000 25000 149989 -10.66
155000 25000 149999 -1.46426
155000 20000 149983 -17.0135
160000 20000 149999 -0.6951
155000 25000 149999 -1.46426
160000 25000 149998 -1.71904
150000 25000 149989 -10.66
155000 25000 149999 -1.46426
150000 30000 149983 -16.9174
155000 30000 149999 -0.768121
155000 25000 149999 -1.46426
160000 25000 149998 -1.71904
155000 30000 149999 -0.768121
160000 30000 150008 7.93018
80000 30000 150033 33.0544
85000 30000 150038 37.8946
80000 35000 150034 33.7456
85000 35000 150036 36.2102
85000 30000 150038 37.8946
90000 30000 150042 41.8322
85000 35000 150036 36.2102
90000 35000 150037 37.005
80000 35000 150034 33.7456
85000 35000 150036 36.2102
80000 40000 150028 28.3741
85000 40000 150035 35.1649
85000 35000 150036 36.2102
90000 35000 150037 37.005
85000 40000 150035 35.1649
90000 40000 150040 39.8777
90000 30000 150042 41.8322
95000 30000 150043 42.585
90000 35000 150037 37.005
95000 35000 150042 41.7655
95000 30000 150043 42.585
100000 30000 150042 42.4326
95000 35000 150042 41.7655
100000 35000 150043 42.8274
90000 35000 150037 37.005
95000 35000 150042 41.7655
90000 40000 150040 39.8777
95000 40000 150042 42.1544
95000 35000 150042 41.7655
100000 35000 150043 42.8274
95000 40000 150042 42.1544
100000 40000 150043 43.4565
100000 30000 150042 42.4326
105000 30000 150042 42.1478
100000 35000 150043 42.8274
105000 35000 150042 42.3574
105000 30000 150042 42.1478
110000 30000 150043 43.1485
105000 35000 150042 42.3574
110000 35000 150043 42.6924
100000 35000 150043 42.8274
105000 35000 150042 42.3574
100000 40000 150043 43.4565
105000 40000 150042 42.2788
105000 35000 150042 42.3574
110000 35000 150043 42.6924
105000 40000 150042 42.2788
110000 40000 150040 40.145
110000 30000 150043 43.1485
115000 30000 150028 28.2285
110000 35000 150043 42.6924
115000 35000 150037 36.9165
115000 30000 150028 28.2285
120000 30000 149983 -17.47
115000 35000 150037 36.9165
120000 35000 150007 6.91593
110000 35000 150043 42.6924
115000 35000 150037 36.9165
110000 40000 150040 40.145
115000 40000 150040 39.5306
115000 35000 150037 36.9165
120000 35000 150007 6.91593
115000 40000 150040 39.5306
120000 40000 150025 25.1629
120000 30000 149983 -17.47
125000 30000 149942 -57.9369
120000 35000 150007 6.91593
125000 35000 149959 -40.6613
125000 30000 149942 -57.9369
130000 30000 149899 -100.585
125000 35000 149959 -40.6613
130000 35000 149921 -78.8848
120000 35000 150007 6.91593
125000 35000 149959 -40.6613
120000 40000 150025 25.1629
125000 40000 149985 -15.1294
125000 35000 149959 -40.6613
130000 35000 149921 -78.8848
125000 40000 149985 -15.1294
130000 40000 149942 -58.4784
130000 30000 149899 -100.585
135000 30000 149894 -106.255
130000 35000 149921 -78.8848
135000 35000 149884 -115.516
135000 30000 149894 -106.255
140000 30000 149933 -66.5488
135000 35000 149884 -115.516
140000 35000 149910 -90.3606
130000 35000 149921 -78.8848
135000 35000 149884 -115.516
130000 40000 149942 -58.4784
135000 40000 149896 -104.356
135000 35000 149884 -115.516
140000 35000 149910 -90.3606
135000 40000 149896 -104.356
140000 40000 149887 -112.973
140000 30000 149933 -66.5488
145000 30000 149958 -42.3433
140000 35000 149910 -90.3606
145000 35000 149942 -58.3073
145000 30000 149958 -42.3433
150000 30000 149983 -16.9174
145000 35000 149942 -58.3073
150000 35000 149964 -36.0597
140000 35000 149910 -90.3606
145000 35000 149942 -58.3073
140000 40000 149887 -112.973
145000 40000 149925 -74.9905
145000 35000 149942 -58.3073
150000 35000 149964 -36.0597
145000 40000 149925 -74.9905
150000 40000 149951 -48.7939
150000 30000 149983 -16.9174
155000 30000 149999 -0.768121
150000 35000 149964 -36.0597
155000 35000 149995 -5.30445
155000 30000 149999 -0.768121
160000 30000 150008 7.93018
155000 35000 149995 -5.30445
160000 35000 150009 9.41803
150000 35000 149964 -36.0597
155000 35000 149995 -5.30445
150000 40000 149951 -48.7939
155000 40000 149987 -13.4466
155000 35000 149995 -5.30445
160000 35000 150009 9.41803
155000 40000 149987 -13.4466
160000 40000 149982 -17.8654
80000 40000 150028 28.3741
85000 40000 150035 35.1649
80000 45000 150031 30.8402
85000 45000 150035 35.2256
85000 40000 150035 35.1649
90000 40000 150040 39.8777
85000 45000 150035 35.2256
90000 45000 150041 40.6501
80000 45000 150031 30.8402
85000 45000 150035 35.2256
80000 50000 150028 28.0729
85000 50000 150032 32.1488
85000 45000 150035 35.2256
90000 45000 150041 40.6501
85000 50000 150032 32.1488
90000 50000 150037 36.8922
90000 40000 150040 39.8777
95000 40000 150042 42.1544
90000 45000 150041 40.6501
95000 45000 150042 42.2496
95000 40000 150042 42.1544
100000 40000 150043 43.4565
95000 45000 150042 42.2496
100000 45000 150042 42.2189
90000 45000 150041 40.6501
95000 45000 150042 42.2496
90000 50000 150037 36.8922
95000 50000 150042 42.2636
95000 45000 150042 42.2496
100000 45000 150042 42.2189
95000 50000 150042 42.2636
100000 50000 150044 43.6335
100000 40000 150043 43.4565
105000 40000 150042 42.2788
100000 45000 150042 42.2189
105000 45000 150042 41.988
105000 40000 150042 42.2788
110000 40000 150040 40.145
105000 45000 150042 41.988
110000 45000 150039 38.8841
100000 45000 150042 42.2189
105000 45000 150042 41.988
100000 50000 150044 43.6335
105000 50000 150042 41.8594
105000 45000 150042 41.988
110000 45000 150039 38.8841
105000 50000 150042 41.8594
110000 50000 150040 39.7426
110000 40000 150040 40.145
115000 40000 150040 39.5306
110000 45000 150039 38.8841
115000 45000 150032 32.2237
115000 40000 150040 39.5306
120000 40000 150025 25.1629
115000 45000 150032 32.2237
120000 45000 150025 24.7045
110000 45000 150039 38.8841
115000 45000 150032 32.2237
110000 50000 150040 39.7426
115000 50000 150031 31.3895
115000 45000 150032 32.2237
120000 45000 150025 24.7045
115000 50000 150031 31.3895
120000 50000 150008 7.78527
120000 40000 150025 25.1629
125000 40000 149985 -15.1294
120000 45000 150025 24.7045
125000 45000 149968 -31.548
125000 40000 149985 -15.1294
130000 40000 149942 -58.4784
125000 45000 149968 -31.548
130000 45000 149954 -46.0636
120000 45000 150025 24.7045
125000 45000 149968 -31.548
120000 50000 150008 7.78527
125000 50000 150017 17.2157
125000 45000 149968 -31.548
130000 45000 149954 -46.0636
125000 50000 150017 17.2157
130000 50000 149985 -14.5881
130000 40000 149942 -58.4784
135000 40000 149896 -104.356
130000 45000 149954 -46.0636
135000 45000 149924 -75.9246
135000 40000 149896 -104.356
140000 40000 149887 -112.973
135000 45000 149924 -75.9246
140000 45000 149879 -120.952
130000 45000 149954 -46.0636
135000 45000 149924 -75.9246
130000 50000 149985 -14.5881
135000 50000 149943 -56.6901
135000 45000 149924 -75.9246
140000 45000 149879 -120.952
135000 50000 149943 -56.6901
140000 50000 149896 -103.839
140000 40000 149887 -112.973
145000 40000 149925 -74.9905
140000 45000 149879 -120.952
145000 45000 149895 -104.996
145000 40000 149925 -74.9905
150000 40000 149951 -48.7939
145000 45000 149895 -104.996
150000 45000 149940 -59.993
140000 45000 149879 -120.952
145000 45000 149895 -104.996
140000 50000 149896 -103.839
145000 50000 149872 -127.806
145000 45000 149895 -104.996
150000 45000 149940 -59.993
145000 50000 149872 -127.806
150000 50000 149918 -82.017
150000 40000 149951 -48.7939
155000 40000 149987 -13.4466
150000 45000 149940 -59.993
155000 45000 149952 -48.35
155000 40000 149987 -13.4466
160000 40000 149982 -17.8654
155000 45000 149952 -48.35
160000 45000 149999 -0.661737
150000 45000 149940 -59.993
155000 45000 149952 -48.35
150000 50000 149918 -82.017
155000 50000 149954 -46.1452
155000 45000 149952 -48.35
160000 45000 149999 -0.661737
155000 50000 149954 -46.1452
160000 50000 149971 -29.2843
80000 50000 150028 28.0729
85000 50000 150032 32.1488
80000 55000 150025 24.9679
85000 55000 150029 28.5912
85000 50000 150032 32.1488
90000 50000 150037 36.8922
85000 55000 150029 28.5912
90000 55000 150033 33.1887
80000 55000 150025 24.9679
85000 55000 150029 28.5912
80000 60000 150026 25.8017
85000 60000 150029 29.0572
85000 55000 150029 28.5912
90000 55000 150033 33.1887
85000 60000 150029 29.0572
90000 60000 150032 31.6521
90000 50000 150037 36.8922
95000 50000 150042 42.2636
90000 55000 150033 33.1887
95000 55000 150038 38.2757
95000 50000 150042 42.2636
100000 50000 150044 43.6335
95000 55000 150038 38.2757
100000 55000 150042 41.7621
90000 55000 150033 33.1887
95000 55000 150038 38.2757
90000 60000 150032 31.6521
95000 60000 150035 35.2252
95000 55000 150038 38.2757
100000 55000 150042 41.7621
95000 60000 150035 35.2252
100000 60000 150039 39.2939
100000 50000 150044 43.6335
105000 50000 150042 41.8594
100000 55000 150042 41.7621
105000 55000 150043 42.9679
105000 50000 150042 41.8594
110000 50000 150040 39.7426
105000 55000 150043 42.9679
110000 55000 150040 40.1761
100000 55000 150042 41.7621
105000 55000 150043 42.9679
100000 60000 150039 39.2939
105000 60000 150042 42.1178
105000 55000 150043 42.9679
110000 55000 150040 40.1761
105000 60000 150042 42.1178
110000 60000 150041 40.6047
110000 50000 150040 39.7426
115000 50000 150031 31.3895
110000 55000 150040 40.1761
115000 55000 150035 35.2429
115000 50000 150031 31.3895
120000 50000 150008 7.78527
115000 55000 150035 35.2429
120000 55000 150033 32.6221
110000 55000 150040 40.1761
115000 55000 150035 35.2429
110000 60000 150041 40.6047
115000 60000 150038 37.7484
115000 55000 150035 35.2429
120000 55000 150033 32.6221
115000 60000 150038 37.7484
120000 60000 150035 34.7513
120000 50000 150008 7.78527
125000 50000 150017 17.2157
120000 55000 150033 32.6221
125000 55000 150029 28.8988
125000 50000 150017 17.2157
130000 50000 149985 -14.5881
125000 55000 150029 28.8988
130000 55000 149995 -4.57131
120000 55000 150033 32.6221
125000 55000 150029 28.8988
120000 60000 150035 34.7513
125000 60000 150030 30.2818
125000 55000 150029 28.8988
130000 55000 149995 -4.57131
125000 60000 150030 30.2818
130000 60000 150018 17.7951
130000 50000 149985 -14.5881
135000 50000 149943 -56.6901
130000 55000 149995 -4.57131
135000 55000 149959 -40.6557
135000 50000 149943 -56.6901
140000 50000 149896 -103.839
135000 55000 149959 -40.6557
140000 55000 149927 -72.6643
130000 55000 149995 -4.57131
135000 55000 149959 -40.6557
130000 60000 150018 17.7951
135000 60000 149983 -16.8506
135000 55000 149959 -40.6557
140000 55000 149927 -72.6643
135000 60000 149983 -16.8506
140000 60000 149942 -58.3932
140000 50000 149896 -103.839
145000 50000 149872 -127.806
140000 55000 149927 -72.6643
145000 55000 149877 -123.325
145000 50000 149872 -127.806
150000 50000 149918 -82.017
145000 55000 149877 -123.325
150000 55000 149893 -107.438
140000 55000 149927 -72.6643
145000 55000 149877 -123.325
140000 60000 149942 -58.3932
145000 60000 149903 -97.449
145000 55000 149877 -123.325
150000 55000 149893 -107.438
145000 60000 149903 -97.449
150000 60000 149878 -122.459
150000 50000 149918 -82.017
155000 50000 149954 -46.1452
150000 55000 149893 -107.438
155000 55000 149938 -62.119
155000 50000 149954 -46.1452
160000 50000 149971 -29.2843
155000 55000 149938 -62.119
160000 55000 149958 -41.5001
150000 55000 149893 -107.438
155000 55000 149938 -62.119
150000 60000 149878 -122.459
155000 60000 149910 -90.115
155000 55000 149938 -62.119
160000 55000 149958 -41.5001
155000 60000 149910 -90.115
160000 60000 149942 -58.4783
80000 60000 150026 25.8017
85000 60000 150029 29.0572
80000 65000 150024 24.0055
85000 65000 150027 27.1512
85000 60000 150029 29.0572
90000 60000 150032 31.6521
85000 65000 150027 27.1512
90000 65000 150032 32.2397
80000 65000 150024 24.0055
85000 65000 150027 27.1512
80000 70000 150024 24.3545
85000 70000 150026 26.4265
85000 65000 150027 27.1512
90000 65000 150032 32.2397
85000 70000 150026 26.4265
90000 70000 150028 28.4895
90000 60000 150032 31.6521
95000 60000 150035 35.2252
90000 65000 150032 32.2397
95000 65000 150035 35.2128
95000 60000 150035 35.2252
100000 60000 150039 39.2939
95000 65000 150035 35.2128
100000 65000 150038 37.953
90000 65000 150032 32.2397
95000 65000 150035 35.2128
90000 70000 150028 28.4895
95000 70000 150032 31.9369
95000 65000 150035 35.2128
100000 65000 150038 37.953
95000 70000 150032 31.9369
100000 70000 150036 35.7141
100000 60000 150039 39.2939
105000 60000 150042 42.1178
100000 65000 150038 37.953
105000 65000 150041 41.4629
105000 60000 150042 42.1178
110000 60000 150041 40.6047
105000 65000 150041 41.4629
110000 65000 150041 41.0839
100000 65000 150038 37.953
105000 65000 150041 41.4629
100000 70000 150036 35.7141
105000 70000 150038 38.2028
105000 65000 150041 41.4629
110000 65000 150041 41.0839
105000 70000 150038 38.2028
110000 70000 150040 39.6589
110000 60000 150041 40.6047
115000 60000 150038 37.7484
110000 65000 150041 41.0839
115000 65000 150038 38.195
115000 60000 150038 37.7484
120000 60000 150035 34.7513
115000 65000 150038 38.195
120000 65000 150035 34.9737
110000 65000 150041 41.0839
115000 65000 150038 38.195
110000 70000 150040 39.6589
115000 70000 150039 39.4583
115000 65000 150038 38.195
120000 65000 150035 34.9737
115000 70000 150039 39.4583
120000 70000 150036 35.6559
120000 60000 150035 34.7513
125000 60000 150030 30.2818
120000 65000 150035 34.9737
125000 65000 150031 30.7611
125000 60000 150030 30.2818
130000 60000 150018 17.7951
125000 65000 150031 30.7611
130000 65000 150013 13.213
120000 65000 150035 34.9737
125000 65000 150031 30.7611
120000 70000 150036 35.6559
125000 70000 150029 29.2946
125000 65000 150031 30.7611
130000 65000 150013 13.213
125000 70000 150029 29.2946
130000 70000 150022 21.873
130000 60000 150018 17.7951
135000 60000 149983 -16.8506
130000 65000 150013 13.213
135000 65000 149982 -17.8807
135000 60000 149983 -16.8506
140000 60000 149942 -58.3932
135000 65000 149982 -17.8807
140000 65000 149961 -38.504
130000 65000 150013 13.213
135000 65000 149982 -17.8807
130000 70000 150022 21.873
135000 70000 150011 10.8199
135000 65000 149982 -17.8807
140000 65000 149961 -38.504
135000 70000 150011 10.8199
140000 70000 149977 -23.4967
140000 60000 149942 -58.3932
145000 60000 149903 -97.449
140000 65000 149961 -38.504
145000 65000 149936 -64.369
145000 60000 149903 -97.449
150000 60000 149878 -122.459
145000 65000 149936 -64.369
150000 65000 149887 -112.686
140000 65000 149961 -38.504
145000 65000 149936 -64.369
140000 70000 149977 -23.4967
145000 70000 149943 -56.5972
145000 65000 149936 -64.369
150000 65000 149887 -112.686
145000 70000 149943 -56.5972
150000 70000 149916 -84.2021
150000 60000 149878 -122.459
155000 60000 149910 -90.115
150000 65000 149887 -112.686
155000 65000 149881 -119.235
155000 60000 149910 -90.115
160000 60000 149942 -58.4783
155000 65000 149881 -119.235
160000 65000 149928 -71.6472
150000 65000 149887 -112.686
155000 65000 149881 -119.235
150000 70000 149916 -84.2021
155000 70000 149873 -126.52
155000 65000 149881 -119.235
160000 65000 149928 -71.6472
155000 70000 149873 -126.52
160000 70000 149895 -105.01
80000 70000 150024 24.3545
85000 70000 150026 26.4265
80000 75000 150019 19.2688
85000 75000 150023 22.8848
85000 70000 150026 26.4265
90000 70000 150028 28.4895
85000 75000 150023 22.8848
90000 75000 150027 27.008
80000 75000 150019 19.2688
85000 75000 150023 22.8848
80000 80000 150023 22.9871
85000 80000 150023 22.9521
85000 75000 150023 22.8848
90000 75000 150027 27.008
85000 80000 150023 22.9521
90000 80000 150025 25.4016
90000 70000 150028 28.4895
95000 70000 150032 31.9369
90000 75000 150027 27.008
95000 75000 150030 29.9502
95000 70000 150032 31.9369
100000 70000 150036 35.7141
95000 75000 150030 29.9502
100000 75000 150033 32.5483
90000 75000 150027 27.008
95000 75000 150030 29.9502
90000 80000 150025 25.4016
95000 80000 150029 28.7134
95000 75000 150030 29.9502
100000 75000 150033 32.5483
95000 80000 150029 28.7134
100000 80000 150033 32.9019
100000 70000 150036 35.7141
105000 70000 150038 38.2028
100000 75000 150033 32.5483
105000 75000 150037 36.5057
105000 70000 150038 38.2028
110000 70000 150040 39.6589
105000 75000 150037 36.5057
110000 75000 150039 38.8151
100000 75000 150033 32.5483
105000 75000 150037 36.5057
100000 80000 150033 32.9019
105000 80000 150035 35.1075
105000 75000 150037 36.5057
110000 75000 150039 38.8151
105000 80000 150035 35.1075
110000 80000 150037 36.713
110000 70000 150040 39.6589
115000 70000 150039 39.4583
110000 75000 150039 38.8151
115000 75000 150037 37.3271
115000 70000 150039 39.4583
120000 70000 150036 35.6559
115000 75000 150037 37.3271
120000 75000 150035 35.4897
110000 75000 150039 38.8151
115000 75000 150037 37.3271
110000 80000 150037 36.713
115000 80000 150036 35.9394
115000 75000 150037 37.3271
120000 75000 150035 35.4897
115000 80000 150036 35.9394
120000 80000 150034 34.4807
120000 70000 150036 35.6559
125000 70000 150029 29.2946
120000 75000 150035 35.4897
125000 75000 150030 30.327
125000 70000 150029 29.2946
130000 70000 150022 21.873
125000 75000 150030 30.327
130000 75000 150023 23.1154
120000 75000 150035 35.4897
125000 75000 150030 30.327
120000 80000 150034 34.4807
125000 80000 150029 29.3219
125000 75000 150030 30.327
130000 75000 150023 23.1154
125000 80000 150029 29.3219
130000 80000 150022 22.0692
130000 70000 150022 21.873
135000 70000 150011 10.8199
130000 75000 150023 23.1154
135000 75000 150011 10.8539
135000 70000 150011 10.8199
140000 70000 149977 -23.4967
135000 75000 150011 10.8539
140000 75000 149981 -18.9713
130000 75000 150023 23.1154
135000 75000 150011 10.8539
130000 80000 150022 22.0692
135000 80000 150010 10.3665
135000 75000 150011 10.8539
140000 75000 149981 -18.9713
135000 80000 150010 10.3665
140000 80000 150008 8.021
140000 70000 149977 -23.4967
145000 70000 149943 -56.5972
140000 75000 149981 -18.9713
145000 75000 149959 -40.8878
145000 70000 149943 -56.5972
150000 70000 149916 -84.2021
145000 75000 149959 -40.8878
150000 75000 149940 -59.8961
140000 75000 149981 -18.9713
145000 75000 149959 -40.8878
140000 80000 150008 8.021
145000 80000 149992 -8.32123
145000 75000 149959 -40.8878
150000 75000 149940 -59.8961
145000 80000 149992 -8.32123
150000 80000 149952 -47.6829
150000 70000 149916 -84.2021
155000 70000 149873 -126.52
150000 75000 149940 -59.8961
155000 75000 149890 -109.895
155000 70000 149873 -126.52
160000 70000 149895 -105.01
155000 75000 149890 -109.895
160000 75000 149871 -129.213
150000 75000 149940 -59.8961
155000 75000 149890 -109.895
150000 80000 149952 -47.6829
155000 80000 149919 -81.4109
155000 75000 149890 -109.895
160000 75000 149871 -129.213
155000 80000 149919 -81.4109
160000 80000 149869 -130.741
0 80000 150015 14.5221
5000 80000 150014 14.2353
0 85000 150014 13.5094
5000 85000 150013 13.4545
5000 80000 150014 14.2353
10000 80000 150014 13.734
5000 85000 150013 13.4545
10000 85000 150014 14.3796
0 85000 150014 13.5094
5000 85000 150013 13.4545
0 90000 150013 13.3387
5000 90000 150014 13.9394
5000 85000 150013 13.4545
10000 85000 150014 14.3796
5000 90000 150014 13.9394
10000 90000 150014 14.2154
10000 80000 150014 13.734
15000 80000 150014 13.8803
10000 85000 150014 14.3796
15000 85000 150014 14.3382
15000 80000 150014 13.8803
20000 80000 150014 13.5349
15000 85000 150014 14.3382
20000 85000 150014 13.6657
10000 85000 150014 14.3796
15000 85000 150014 14.3382
10000 90000 150014 14.2154
15000 90000 150014 13.5971
15000 85000 150014 14.3382
20000 85000 150014 13.6657
15000 90000 150014 13.5971
20000 90000 150013 12.9198
20000 80000 150014 13.5349
25000 80000 150013 13.2241
20000 85000 150014 13.6657
25000 85000 150013 12.9624
25000 80000 150013 13.2241
30000 80000 150013 13.1827
25000 85000 150013 12.9624
30000 85000 150013 12.8529
20000 85000 150014 13.6657
25000 85000 150013 12.9624
20000 90000 150013 12.9198
25000 90000 150013 12.8729
25000 85000 150013 12.9624
30000 85000 150013 12.8529
25000 90000 150013 12.8729
30000 90000 150013 12.8524
30000 80000 150013 13.1827
35000 80000 150013 13.1134
30000 85000 150013 12.8529
35000 85000 150013 12.8616
35000 80000 150013 13.1134
40000 80000 150013 13.2296
35000 85000 150013 12.8616
40000 85000 150013 12.8206
30000 85000 150013 12.8529
35000 85000 150013 12.8616
30000 90000 150013 12.8524
35000 90000 150013 12.888
35000 85000 150013 12.8616
40000 85000 150013 12.8206
35000 90000 150013 12.888
40000 90000 150013 13.1386
40000 80000 150013 13.2296
45000 80000 150013 12.9452
40000 85000 150013 12.8206
45000 85000 150013 12.7371
45000 80000 150013 12.9452
50000 80000 150013 12.817
45000 85000 150013 12.7371
50000 85000 150013 12.563
40000 85000 150013 12.8206
45000 85000 150013 12.7371
40000 90000 150013 13.1386
45000 90000 150013 12.8102
45000 85000 150013 12.7371
50000 85000 150013 12.563
45000 90000 150013 12.8102
50000 90000 150012 12.4169
50000 80000 150013 12.817
55000 80000 150013 13.3799
50000 85000 150013 12.563
55000 85000 150012 12.356
55000 80000 150013 13.3799
60000 80000 150013 13.4487
55000 85000 150012 12.356
60000 85000 150012 12.4312
50000 85000 150013 12.563
55000 85000 150012 12.356
50000 90000 150012 12.4169
55000 90000 150012 12.2691
55000 85000 150012 12.356
60000 85000 150012 12.4312
55000 90000 150012 12.2691
60000 90000 150013 12.8279
60000 80000 150013 13.4487
65000 80000 150013 13.3006
60000 85000 150012 12.4312
65000 85000 150014 14.114
65000 80000 150013 13.3006
70000 80000 150015 14.8766
65000 85000 150014 14.114
70000 85000 150016 15.8928
60000 85000 150012 12.4312
65000 85000 150014 14.114
60000 90000 150013 12.8279
65000 90000 150013 12.5793
65000 85000 150014 14.114
70000 85000 150016 15.8928
65000 90000 150013 12.5793
70000 90000 150015 15.482
70000 80000 150015 14.8766
75000 80000 150017 17.2624
70000 85000 150016 15.8928
75000 85000 150019 19.0306
75000 80000 150017 17.2624
80000 80000 150023 22.9871
75000 85000 150019 19.0306
80000 85000 150019 19.0864
70000 85000 150016 15.8928
75000 85000 150019 19.0306
70000 90000 150015 15.482
75000 90000 150015 14.9065
75000 85000 150019 19.0306
80000 85000 150019 19.0864
75000 90000 150015 14.9065
80000 90000 150020 19.7087
80000 80000 150023 22.9871
85000 80000 150023 22.9521
80000 85000 150019 19.0864
85000 85000 150023 22.643
85000 80000 150023 22.9521
90000 80000 150025 25.4016
85000 85000 150023 22.643
90000 85000 150023 23.2231
80000 85000 150019 19.0864
85000 85000 150023 22.643
80000 90000 150020 19.7087
85000 90000 150022 22.4537
85000 85000 150023 22.643
90000 85000 150023 23.2231
85000 90000 150022 22.4537
90000 90000 150023 22.7337
90000 80000 150025 25.4016
95000 80000 150029 28.7134
90000 85000 150023 23.2231
95000 85000 150027 26.7842
95000 80000 150029 28.7134
100000 80000 150033 32.9019
95000 85000 150027 26.7842
100000 85000 150029 29.0715
90000 85000 150023 23.2231
95000 85000 150027 26.7842
90000 90000 150023 22.7337
95000 90000 150025 25.4774
95000 85000 150027 26.7842
100000 85000 150029 29.0715
95000 90000 150025 25.4774
100000 90000 150028 28.1247
100000 80000 150033 32.9019
105000 80000 150035 35.1075
100000 85000 150029 29.0715
105000 85000 150032 32.2814
105000 80000 150035 35.1075
110000 80000 150037 36.713
105000 85000 150032 32.2814
110000 85000 150033 33.1713
100000 85000 150029 29.0715
105000 85000 150032 32.2814
100000 90000 150028 28.1247
105000 90000 150030 30.3459
105000 85000 150032 32.2814
110000 85000 150033 33.1713
105000 90000 150030 30.3459
110000 90000 150032 31.8225
0 90000 150013 13.3387
5000 90000 150014 13.9394
0 95000 150013 13.3812
5000 95000 150013 13.2581
5000 90000 150014 13.9394
10000 90000 150014 14.2154
5000 95000 150013 13.2581
10000 95000 150013 13.1433
0 95000 150013 13.3812
5000 95000 150013 13.2581
0 100000 150013 13.3498
5000 100000 150013 13.1823
5000 95000 150013 13.2581
10000 95000 150013 13.1433
5000 100000 150013 13.1823
10000 100000 150013 12.9848
10000 90000 150014 14.2154
15000 90000 150014 13.5971
10000 95000 150013 13.1433
15000 95000 150013 12.755
15000 90000 150014 13.5971
20000 90000 150013 12.9198
15000 95000 150013 12.755
20000 95000 150013 12.6694
10000 95000 150013 13.1433
15000 95000 150013 12.755
10000 100000 150013 12.9848
15000 100000 150013 12.6016
15000 95000 150013 12.755
20000 95000 150013 12.6694
15000 100000 150013 12.6016
20000 100000 150013 12.6071
20000 90000 150013 12.9198
25000 90000 150013 12.8729
20000 95000 150013 12.6694
25000 95000 150012 12.4771
25000 90000 150013 12.8729
30000 90000 150013 12.8524
25000 95000 150012 12.4771
30000 95000 150012 12.4276
20000 95000 150013 12.6694
25000 95000 150012 12.4771
20000 100000 150013 12.6071
25000 100000 150013 12.5455
25000 95000 150012 12.4771
30000 95000 150012 12.4276
25000 100000 150013 12.5455
30000 100000 150012 12.4777
30000 90000 150013 12.8524
35000 90000 150013 12.888
30000 95000 150012 12.4276
35000 95000 150013 12.5246
35000 90000 150013 12.888
40000 90000 150013 13.1386
35000 95000 150013 12.5246
40000 95000 150012 12.4651
30000 95000 150012 12.4276
35000 95000 150013 12.5246
30000 100000 150012 12.4777
35000 100000 150012 12.077
35000 95000 150013 12.5246
40000 95000 150012 12.4651
35000 100000 150012 12.077
40000 100000 150012 11.9515
40000 90000 150013 13.1386
45000 90000 150013 12.8102
40000 95000 150012 12.4651
45000 95000 150012 11.9458
45000 90000 150013 12.8102
50000 90000 150012 12.4169
45000 95000 150012 11.9458
50000 95000 150012 11.8746
40000 95000 150012 12.4651
45000 95000 150012 11.9458
40000 100000 150012 11.9515
45000 100000 150012 11.9521
45000 95000 150012 11.9458
50000 95000 150012 11.8746
45000 100000 150012 11.9521
50000 100000 150012 11.8603
50000 90000 150012 12.4169
55000 90000 150012 12.2691
50000 95000 150012 11.8746
55000 95000 150012 11.9126
55000 90000 150012 12.2691
60000 90000 150013 12.8279
55000 95000 150012 11.9126
60000 95000 150013 12.8031
50000 95000 150012 11.8746
55000 95000 150012 11.9126
50000 100000 150012 11.8603
55000 100000 150012 11.8159
55000 95000 150012 11.9126
60000 95000 150013 12.8031
55000 100000 150012 11.8159
60000 100000 150012 11.7998
60000 90000 150013 12.8279
65000 90000 150013 12.5793
60000 95000 150013 12.8031
65000 95000 150014 13.746
65000 90000 150013 12.5793
70000 90000 150015 15.482
65000 95000 150014 13.746
70000 95000 150015 14.9499
60000 95000 150013 12.8031
65000 95000 150014 13.746
60000 100000 150012 11.7998
65000 100000 150012 11.8147
65000 95000 150014 13.746
70000 95000 150015 14.9499
65000 100000 150012 11.8147
70000 100000 150012 11.9893
70000 90000 150015 15.482
75000 90000 150015 14.9065
70000 95000 150015 14.9499
75000 95000 150016 15.927
75000 90000 150015 14.9065
80000 90000 150020 19.7087
75000 95000 150016 15.927
80000 95000 150019 19.2821
70000 95000 150015 14.9499
75000 95000 150016 15.927
70000 100000 150012 11.9893
75000 100000 150015 15.4432
75000 95000 150016 15.927
80000 95000 150019 19.2821
75000 100000 150015 15.4432
80000 100000 150014 14.261
80000 90000 150020 19.7087
85000 90000 150022 22.4537
80000 95000 150019 19.2821
85000 95000 150021 21.4358
85000 90000 150022 22.4537
90000 90000 150023 22.7337
85000 95000 150021 21.4358
90000 95000 150023 23.4078
80000 95000 150019 19.2821
85000 95000 150021 21.4358
80000 100000 150014 14.261
85000 100000 150019 18.8223
85000 95000 150021 21.4358
90000 95000 150023 23.4078
85000 100000 150019 18.8223
90000 100000 150018 18.2917
90000 90000 150023 22.7337
95000 90000 150025 25.4774
90000 95000 150023 23.4078
95000 95000 150024 24.4236
95000 90000 150025 25.4774
100000 90000 150028 28.1247
95000 95000 150024 24.4236
100000 95000 150026 25.959
90000 95000 150023 23.4078
95000 95000 150024 24.4236
90000 100000 150018 18.2917
95000 100000 150021 20.8576
95000 95000 150024 24.4236
100000 95000 150026 25.959
95000 100000 150021 20.8576
100000 100000 150026 26.0718
0 100000 150013 13.3498
5000 100000 150013 13.1823
0 105000 150013 13.4118
5000 105000 150013 12.9475
5000 100000 150013 13.1823
10000 100000 150013 12.9848
5000 105000 150013 12.9475
10000 105000 150012 12.3425
0 105000 150013 13.4118
5000 105000 150013 12.9475
0 110000 150013 13.3627
5000 110000 150013 12.9173
5000 105000 150013 12.9475
10000 105000 150012 12.3425
5000 110000 150013 12.9173
10000 110000 150012 11.7485
10000 100000 150013 12.9848
15000 100000 150013 12.6016
10000 105000 150012 12.3425
15000 105000 150012 11.719
15000 100000 150013 12.6016
20000 100000 150013 12.6071
15000 105000 150012 11.719
20000 105000 150012 12.3617
10000 105000 150012 12.3425
15000 105000 150012 11.719
10000 110000 150012 11.7485
15000 110000 150012 11.5009
15000 105000 150012 11.719
20000 105000 150012 12.3617
15000 110000 150012 11.5009
20000 110000 150012 11.5939
20000 100000 150013 12.6071
25000 100000 150013 12.5455
20000 105000 150012 12.3617
25000 105000 150012 11.9888
25000 100000 150013 12.5455
30000 100000 150012 12.4777
25000 105000 150012 11.9888
30000 105000 150012 11.8917
20000 105000 150012 12.3617
25000 105000 150012 11.9888
20000 110000 150012 11.5939
25000 110000 150012 12.0773
25000 105000 150012 11.9888
30000 105000 150012 11.8917
25000 110000 150012 12.0773
30000 110000 150013 12.6626
30000 100000 150012 12.4777
35000 100000 150012 12.077
30000 105000 150012 11.8917
35000 105000 150012 11.8931
35000 100000 150012 12.077
40000 100000 150012 11.9515
35000 105000 150012 11.8931
40000 105000 150012 11.9623
30000 105000 150012 11.8917
35000 105000 150012 11.8931
30000 110000 150013 12.6626
35000 110000 150012 12.073
35000 105000 150012 11.8931
40000 105000 150012 11.9623
35000 110000 150012 12.073
40000 110000 150012 12.0376
40000 100000 150012 11.9515
45000 100000 150012 11.9521
40000 105000 150012 11.9623
45000 105000 150012 11.8809
45000 100000 150012 11.9521
50000 100000 150012 11.8603
45000 105000 150012 11.8809
50000 105000 150012 11.7553
40000 105000 150012 11.9623
45000 105000 150012 11.8809
40000 110000 150012 12.0376
45000 110000 150012 11.751
45000 105000 150012 11.8809
50000 105000 150012 11.7553
45000 110000 150012 11.751
50000 110000 150012 11.5878
50000 100000 150012 11.8603
55000 100000 150012 11.8159
50000 105000 150012 11.7553
55000 105000 150012 11.6367
55000 100000 150012 11.8159
60000 100000 150012 11.7998
55000 105000 150012 11.6367
60000 105000 150012 12.3013
50000 105000 150012 11.7553
55000 105000 150012 11.6367
50000 110000 150012 11.5878
55000 110000 150011 11.4738
55000 105000 150012 11.6367
60000 105000 150012 12.3013
55000 110000 150011 11.4738
60000 110000 150012 12.0352
60000 100000 150012 11.7998
65000 100000 150012 11.8147
60000 105000 150012 12.3013
65000 105000 150013 12.8535
65000 100000 150012 11.8147
70000 100000 150012 11.9893
65000 105000 150013 12.8535
70000 105000 150015 14.7749
60000 105000 150012 12.3013
65000 105000 150013 12.8535
60000 110000 150012 12.0352
65000 110000 150012 12.1362
65000 105000 150013 12.8535
70000 105000 150015 14.7749
65000 110000 150012 12.1362
70000 110000 150014 14.1009
70000 100000 150012 11.9893
75000 100000 150015 15.4432
70000 105000 150015 14.7749
75000 105000 150017 17.4489
75000 100000 150015 15.4432
80000 100000 150014 14.261
75000 105000 150017 17.4489
80000 105000 150020 20.0045
70000 105000 150015 14.7749
75000 105000 150017 17.4489
70000 110000 150014 14.1009
75000 110000 150017 16.5658
75000 105000 150017 17.4489
80000 105000 150020 20.0045
75000 110000 150017 16.5658
80000 110000 150018 18.2014
0 110000 150013 13.3627
5000 110000 150013 12.9173
0 115000 150014 13.8388
5000 115000 150012 12.3767
5000 110000 150013 12.9173
10000 110000 150012 11.7485
5000 115000 150012 12.3767
10000 115000 150012 11.7824
0 115000 150014 13.8388
5000 115000 150012 12.3767
0 120000 150013 13.2822
5000 120000 150012 12.2165
5000 115000 150012 12.3767
10000 115000 150012 11.7824
5000 120000 150012 12.2165
10000 120000 150011 10.806
10000 110000 150012 11.7485
15000 110000 150012 11.5009
10000 115000 150012 11.7824
15000 115000 150012 12.1108
15000 110000 150012 11.5009
20000 110000 150012 11.5939
15000 115000 150012 12.1108
20000 115000 150012 12.2829
10000 115000 150012 11.7824
15000 115000 150012 12.1108
10000 120000 150011 10.806
15000 120000 150011 11.0694
15000 115000 150012 12.1108
20000 115000 150012 12.2829
15000 120000 150011 11.0694
20000 120000 150012 12.0567
20000 110000 150012 11.5939
25000 110000 150012 12.0773
20000 115000 150012 12.2829
25000 115000 150013 12.7433
25000 110000 150012 12.0773
30000 110000 150013 12.6626
25000 115000 150013 12.7433
30000 115000 150013 12.5181
20000 115000 150012 12.2829
25000 115000 150013 12.7433
20000 120000 150012 12.0567
25000 120000 150013 12.9959
25000 115000 150013 12.7433
30000 115000 150013 12.5181
25000 120000 150013 12.9959
30000 120000 150013 13.043
30000 110000 150013 12.6626
35000 110000 150012 12.073
30000 115000 150013 12.5181
35000 115000 150012 12.2318
35000 110000 150012 12.073
40000 110000 150012 12.0376
35000 115000 150012 12.2318
40000 115000 150012 11.9359
30000 115000 150013 12.5181
35000 115000 150012 12.2318
30000 120000 150013 13.043
35000 120000 150012 12.3396
35000 115000 150012 12.2318
40000 115000 150012 11.9359
35000 120000 150012 12.3396
40000 120000 150012 11.5964
40000 110000 150012 12.0376
45000 110000 150012 11.751
40000 115000 150012 11.9359
45000 115000 150012 11.5884
45000 110000 150012 11.751
50000 110000 150012 11.5878
45000 115000 150012 11.5884
50000 115000 150011 11.4218
40000 115000 150012 11.9359
45000 115000 150012 11.5884
40000 120000 150012 11.5964
45000 120000 150011 11.4099
45000 115000 150012 11.5884
50000 115000 150011 11.4218
45000 120000 150011 11.4099
50000 120000 150011 11.4199
50000 110000 150012 11.5878
55000 110000 150011 11.4738
50000 115000 150011 11.4218
55000 115000 150011 11.4199
55000 110000 150011 11.4738
60000 110000 150012 12.0352
55000 115000 150011 11.4199
60000 115000 150011 11.4199
50000 115000 150011 11.4218
55000 115000 150011 11.4199
50000 120000 150011 11.4199
55000 120000 150011 11.4199
55000 115000 150011 11.4199
60000 115000 150011 11.4199
55000 120000 150011 11.4199
60000 120000 150012 11.6216
60000 110000 150012 12.0352
65000 110000 150012 12.1362
60000 115000 150011 11.4199
65000 115000 150012 12.4692
65000 110000 150012 12.1362
70000 110000 150014 14.1009
65000 115000 150012 12.4692
70000 115000 150012 12.2707
60000 115000 150011 11.4199
65000 115000 150012 12.4692
60000 120000 150012 11.6216
65000 120000 150013 13.2602
65000 115000 150012 12.4692
70000 115000 150012 12.2707
65000 120000 150013 13.2602
70000 120000 150016 15.8418
70000 110000 150014 14.1009
75000 110000 150017 16.5658
70000 115000 150012 12.2707
75000 115000 150015 14.8558
75000 110000 150017 16.5658
80000 110000 150018 18.2014
75000 115000 150015 14.8558
80000 115000 150018 17.6261
70000 115000 150012 12.2707
75000 115000 150015 14.8558
70000 120000 150016 15.8418
75000 120000 150017 17.436
75000 115000 150015 14.8558
80000 115000 150018 17.6261
75000 120000 150017 17.436
80000 120000 150017 16.7583
160000 0 150001 1.38698
165000 0 150008 8.43101
160000 5000 150001 1.18438
165000 5000 150008 8.10514
165000 0 150008 8.43101
170000 0 150015 14.6363
165000 5000 150008 8.10514
170000 5000 150015 14.8212
160000 5000 150001 1.18438
165000 5000 150008 8.10514
160000 10000 150005 4.90097
165000 10000 150011 11.1097
165000 5000 150008 8.10514
170000 5000 150015 14.8212
165000 10000 150011 11.1097
170000 10000 150016 15.7891
170000 0 150015 14.6363
175000 0 150016 15.5438
170000 5000 150015 14.8212
175000 5000 150016 16.3062
175000 0 150016 15.5438
180000 0 150016 15.8837
175000 5000 150016 16.3062
180000 5000 150016 16.2178
170000 5000 150015 14.8212
175000 5000 150016 16.3062
170000 10000 150016 15.7891
175000 10000 150018 18.1319
175000 5000 150016 16.3062
180000 5000 150016 16.2178
175000 10000 150018 18.1319
180000 10000 150016 15.761
180000 0 150016 15.8837
185000 0 150014 13.8198
180000 5000 150016 16.2178
185000 5000 150014 13.8898
185000 0 150014 13.8198
190000 0 150012 12.1914
185000 5000 150014 13.8898
190000 5000 150010 9.91085
180000 5000 150016 16.2178
185000 5000 150014 13.8898
180000 10000 150016 15.761
185000 10000 150015 14.648
185000 5000 150014 13.8898
190000 5000 150010 9.91085
185000 10000 150015 14.648
190000 10000 150012 12.4025
190000 0 150012 12.1914
195000 0 150011 10.5614
190000 5000 150010 9.91085
195000 5000 150009 9.09562
195000 0 150011 10.5614
200000 0 150008 7.52177
195000 5000 150009 9.09562
200000 5000 150006 5.8593
190000 5000 150010 9.91085
195000 5000 150009 9.09562
190000 10000 150012 12.4025
195000 10000 150007 6.55452
195000 5000 150009 9.09562
200000 5000 150006 5.8593
195000 10000 150007 6.55452
200000 10000 150006 5.89932
200000 0 150008 7.52177
205000 0 150003 2.68621
200000 5000 150006 5.8593
205000 5000 150002 1.65989
205000 0 150003 2.68621
210000 0 149999 -1.22673
205000 5000 150002 1.65989
210000 5000 149998 -2.11553
200000 5000 150006 5.8593
205000 5000 150002 1.65989
200000 10000 150006 5.89932
205000 10000 150002 2.12703
205000 5000 150002 1.65989
210000 5000 149998 -2.11553
205000 10000 150002 2.12703
210000 10000 149997 -3.33383
210000 0 149999 -1.22673
215000 0 149995 -4.63258
210000 5000 149998 -2.11553
215000 5000 149993 -6.75242
215000 0 149995 -4.63258
220000 0 149992 -8.01626
215000 5000 149993 -6.75242
220000 5000 149989 -11.374
210000 5000 149998 -2.11553
215000 5000 149993 -6.75242
210000 10000 149997 -3.33383
215000 10000 149992 -7.55153
215000 5000 149993 -6.75242
220000 5000 149989 -11.374
215000 10000 149992 -7.55153
220000 10000 149986 -13.7175
220000 0 149992 -8.01626
225000 0 149988 -11.9643
220000 5000 149989 -11.374
225000 5000 149983 -16.5019
225000 0 149988 -11.9643
230000 0 149985 -14.6638
225000 5000 149983 -16.5019
230000 5000 149982 -17.9982
220000 5000 149989 -11.374
225000 5000 149983 -16.5019
220000 10000 149986 -13.7175
225000 10000 149988 -12.175
225000 5000 149983 -16.5019
230000 5000 149982 -17.9982
225000 10000 149988 -12.175
230000 10000 149986 -14.0004
230000 0 149985 -14.6638
235000 0 149984 -15.8056
230000 5000 149982 -17.9982
235000 5000 149982 -17.8558
235000 0 149984 -15.8056
240000 0 149983 -16.7247
235000 5000 149982 -17.8558
240000 5000 149982 -17.8335
230000 5000 149982 -17.9982
235000 5000 149982 -17.8558
230000 10000 149986 -14.0004
235000 10000 149983 -16.6773
235000 5000 149982 -17.8558
240000 5000 149982 -17.8335
235000 10000 149983 -16.6773
240000 10000 149979 -20.5919
160000 10000 150005 4.90097
165000 10000 150011 11.1097
160000 15000 150006 6.27466
165000 15000 150012 11.7225
165000 10000 150011 11.1097
170000 10000 150016 15.7891
165000 15000 150012 11.7225
170000 15000 150016 16.3209
160000 15000 150006 6.27466
165000 15000 150012 11.7225
160000 20000 149999 -0.6951
165000 20000 150009 9.07724
165000 15000 150012 11.7225
170000 15000 150016 16.3209
165000 20000 150009 9.07724
170000 20000 150014 14.4904
170000 10000 150016 15.7891
175000 10000 150018 18.1319
170000 15000 150016 16.3209
175000 15000 150018 18.3864
175000 10000 150018 18.1319
180000 10000 150016 15.761
175000 15000 150018 18.3864
180000 15000 150018 18.1558
170000 15000 150016 16.3209
175000 15000 150018 18.3864
170000 20000 150014 14.4904
175000 20000 150019 18.662
175000 15000 150018 18.3864
180000 15000 150018 18.1558
175000 20000 150019 18.662
180000 20000 150020 19.91
180000 10000 150016 15.761
185000 10000 150015 14.648
180000 15000 150018 18.1558
185000 15000 150017 16.7447
185000 10000 150015 14.648
190000 10000 150012 12.4025
185000 15000 150017 16.7447
190000 15000 150013 13.098
180000 15000 150018 18.1558
185000 15000 150017 16.7447
180000 20000 150020 19.91
185000 20000 150019 19.2586
185000 15000 150017 16.7447
190000 15000 150013 13.098
185000 20000 150019 19.2586
190000 20000 150016 16.1157
190000 10000 150012 12.4025
195000 10000 150007 6.55452
190000 15000 150013 13.098
195000 15000 150011 10.7877
195000 10000 150007 6.55452
200000 10000 150006 5.89932
195000 15000 150011 10.7877
200000 15000 150005 5.07449
190000 15000 150013 13.098
195000 15000 150011 10.7877
190000 20000 150016 16.1157
195000 20000 150011 10.5718
195000 15000 150011 10.7877
200000 15000 150005 5.07449
195000 20000 150011 10.5718
200000 20000 150004 3.84259
200000 10000 150006 5.89932
205000 10000 150002 2.12703
200000 15000 150005 5.07449
205000 15000 150001 0.997279
205000 10000 150002 2.12703
210000 10000 149997 -3.33383
205000 15000 150001 0.997279
210000 15000 149997 -2.84782
200000 15000 150005 5.07449
205000 15000 150001 0.997279
200000 20000 150004 3.84259
205000 20000 150000 0.152299
205000 15000 150001 0.997279
210000 15000 149997 -2.84782
205000 20000 150000 0.152299
210000 20000 149999 -1.40924
210000 10000 149997 -3.33383
215000 10000 149992 -7.55153
210000 15000 149997 -2.84782
215000 15000 149990 -9.66592
215000 10000 149992 -7.55153
220000 10000 149986 -13.7175
215000 15000 149990 -9.66592
220000 15000 149991 -8.68824
210000 15000 149997 -2.84782
215000 15000 149990 -9.66592
210000 20000 149999 -1.40924
215000 20000 149996 -3.50701
215000 15000 149990 -9.66592
220000 15000 149991 -8.68824
215000 20000 149996 -3.50701
220000 20000 149993 -7.32356
220000 10000 149986 -13.7175
225000 10000 149988 -12.175
220000 15000 149991 -8.68824
225000 15000 149988 -11.7673
225000 10000 149988 -12.175
230000 10000 149986 -14.0004
225000 15000 149988 -11.7673
230000 15000 149986 -14.124
220000 15000 149991 -8.68824
225000 15000 149988 -11.7673
220000 20000 149993 -7.32356
225000 20000 149989 -11.3431
225000 15000 149988 -11.7673
230000 15000 149986 -14.124
225000 20000 149989 -11.3431
230000 20000 149985 -15.0862
230000 10000 149986 -14.0004
235000 10000 149983 -16.6773
230000 15000 149986 -14.124
235000 15000 149984 -16.4445
235000 10000 149983 -16.6773
240000 10000 149979 -20.5919
235000 15000 149984 -16.4445
240000 15000 149981 -18.8481
230000 15000 149986 -14.124
235000 15000 149984 -16.4445
230000 20000 149985 -15.0862
235000 20000 149983 -16.5564
235000 15000 149984 -16.4445
240000 15000 149981 -18.8481
235000 20000 149983 -16.5564
240000 20000 149982 -17.8181
160000 20000 149999 -0.6951
165000 20000 150009 9.07724
160000 25000 149998 -1.71904
165000 25000 150005 5.40994
165000 20000 150009 9.07724
170000 20000 150014 14.4904
165000 25000 150005 5.40994
170000 25000 150013 12.9136
160000 25000 149998 -1.71904
165000 25000 150005 5.40994
160000 30000 150008 7.93018
165000 30000 150013 12.9446
165000 25000 150005 5.40994
170000 25000 150013 12.9136
165000 30000 150013 12.9446
170000 30000 150017 16.5847
170000 20000 150014 14.4904
175000 20000 150019 18.662
170000 25000 150013 12.9136
175000 25000 150018 18.4638
175000 20000 150019 18.662
180000 20000 150020 19.91
175000 25000 150018 18.4638
180000 25000 150021 20.5004
170000 25000 150013 12.9136
175000 25000 150018 18.4638
170000 30000 150017 16.5847
175000 30000 150020 19.6753
175000 25000 150018 18.4638
180000 25000 150021 20.5004
175000 30000 150020 19.6753
180000 30000 150021 21.4103
180000 20000 150020 19.91
185000 20000 150019 19.2586
180000 25000 150021 20.5004
185000 25000 150020 20.4799
185000 20000 150019 19.2586
190000 20000 150016 16.1157
185000 25000 150020 20.4799
190000 25000 150016 16.0288
180000 25000 150021 20.5004
185000 25000 150020 20.4799
180000 30000 150021 21.4103
185000 30000 150023 22.6762
185000 25000 150020 20.4799
190000 25000 150016 16.0288
185000 30000 150023 22.6762
190000 30000 150019 18.6319
190000 20000 150016 16.1157
195000 20000 150011 10.5718
190000 25000 150016 16.0288
195000 25000 150011 11.1363
195000 20000 150011 10.5718
200000 20000 150004 3.84259
195000 25000 150011 11.1363
200000 25000 150008 8.10582
190000 25000 150016 16.0288
195000 25000 150011 11.1363
190000 30000 150019 18.6319
195000 30000 150014 13.6262
195000 25000 150011 11.1363
200000 25000 150008 8.10582
195000 30000 150014 13.6262
200000 30000 150009 9.02517
200000 20000 150004 3.84259
205000 20000 150000 0.152299
200000 25000 150008 8.10582
205000 25000 150005 5.1014
205000 20000 150000 0.152299
210000 20000 149999 -1.40924
205000 25000 150005 5.1014
210000 25000 150002 1.52165
200000 25000 150008 8.10582
205000 25000 150005 5.1014
200000 30000 150009 9.02517
205000 30000 150004 3.74798
205000 25000 150005 5.1014
210000 25000 150002 1.52165
205000 30000 150004 3.74798
210000 30000 149999 -1.09399
210000 20000 149999 -1.40924
215000 20000 149996 -3.50701
210000 25000 150002 1.52165
215000 25000 149997 -2.56088
215000 20000 149996 -3.50701
220000 20000 149993 -7.32356
215000 25000 149997 -2.56088
220000 25000 149994 -6.1858
210000 25000 150002 1.52165
215000 25000 149997 -2.56088
210000 30000 149999 -1.09399
215000 30000 149996 -3.54029
215000 25000 149997 -2.56088
220000 25000 149994 -6.1858
215000 30000 149996 -3.54029
220000 30000 149992 -7.89462
220000 20000 149993 -7.32356
225000 20000 149989 -11.3431
220000 25000 149994 -6.1858
225000 25000 149989 -11.2603
225000 20000 149989 -11.3431
230000 20000 149985 -15.0862
225000 25000 149989 -11.2603
230000 25000 149986 -14.3434
220000 25000 149994 -6.1858
225000 25000 149989 -11.2603
220000 30000 149992 -7.89462
225000 30000 149990 -10.4821
225000 25000 149989 -11.2603
230000 25000 149986 -14.3434
225000 30000 149990 -10.4821
230000 30000 149985 -15.1869
230000 20000 149985 -15.0862
235000 20000 149983 -16.5564
230000 25000 149986 -14.3434
235000 25000 149984 -16.0709
235000 20000 149983 -16.5564
240000 20000 149982 -17.8181
235000 25000 149984 -16.0709
240000 25000 149982 -18.0518
230000 25000 149986 -14.3434
235000 25000 149984 -16.0709
230000 30000 149985 -15.1869
235000 30000 149984 -16.1032
235000 25000 149984 -16.0709
240000 25000 149982 -18.0518
235000 30000 149984 -16.1032
240000 30000 149982 -17.5309
160000 30000 150008 7.93018
165000 30000 150013 12.9446
160000 35000 150009 9.41803
165000 35000 150012 11.9264
165000 30000 150013 12.9446
170000 30000 150017 16.5847
165000 35000 150012 11.9264
170000 35000 150017 16.5966
160000 35000 150009 9.41803
165000 35000 150012 11.9264
160000 40000 149982 -17.8654
165000 40000 150002 1.81172
165000 35000 150012 11.9264
170000 35000 150017 16.5966
165000 40000 150002 1.81172
170000 40000 150015 14.7118
170000 30000 150017 16.5847
175000 30000 150020 19.6753
170000 35000 150017 16.5966
175000 35000 150022 21.7585
175000 30000 150020 19.6753
180000 30000 150021 21.4103
175000 35000 150022 21.7585
180000 35000 150023 23.2628
170000 35000 150017 16.5966
175000 35000 150022 21.7585
170000 40000 150015 14.7118
175000 40000 150020 19.8052
175000 35000 150022 21.7585
180000 35000 150023 23.2628
175000 40000 150020 19.8052
180000 40000 150023 23.3617
180000 30000 150021 21.4103
185000 30000 150023 22.6762
180000 35000 150023 23.2628
185000 35000 150023 23.1075
185000 30000 150023 22.6762
190000 30000 150019 18.6319
185000 35000 150023 23.1075
190000 35000 150020 20.4897
180000 35000 150023 23.2628
185000 35000 150023 23.1075
180000 40000 150023 23.3617
185000 40000 150025 24.8827
185000 35000 150023 23.1075
190000 35000 150020 20.4897
185000 40000 150025 24.8827
190000 40000 150023 23.0734
190000 30000 150019 18.6319
195000 30000 150014 13.6262
190000 35000 150020 20.4897
195000 35000 150016 16.2337
195000 30000 150014 13.6262
200000 30000 150009 9.02517
195000 35000 150016 16.2337
200000 35000 150010 10.4012
190000 35000 150020 20.4897
195000 35000 150016 16.2337
190000 40000 150023 23.0734
195000 40000 150017 16.9519
195000 35000 150016 16.2337
200000 35000 150010 10.4012
195000 40000 150017 16.9519
200000 40000 150014 13.7079
200000 30000 150009 9.02517
205000 30000 150004 3.74798
200000 35000 150010 10.4012
205000 35000 150008 7.51973
205000 30000 150004 3.74798
210000 30000 149999 -1.09399
205000 35000 150008 7.51973
210000 35000 149999 -0.981638
200000 35000 150010 10.4012
205000 35000 150008 7.51973
200000 40000 150014 13.7079
205000 40000 150008 7.54906
205000 35000 150008 7.51973
210000 35000 149999 -0.981638
205000 40000 150008 7.54906
210000 40000 150003 3.04641
210000 30000 149999 -1.09399
215000 30000 149996 -3.54029
210000 35000 149999 -0.981638
215000 35000 149994 -5.5732
215000 30000 149996 -3.54029
220000 30000 149992 -7.89462
215000 35000 149994 -5.5732
220000 35000 149993 -6.81919
210000 35000 149999 -0.981638
215000 35000 149994 -5.5732
210000 40000 150003 3.04641
215000 40000 149999 -1.42449
215000 35000 149994 -5.5732
220000 35000 149993 -6.81919
215000 40000 149999 -1.42449
220000 40000 149994 -6.35633
220000 30000 149992 -7.89462
225000 30000 149990 -10.4821
220000 35000 149993 -6.81919
225000 35000 149990 -9.54986
225000 30000 149990 -10.4821
230000 30000 149985 -15.1869
225000 35000 149990 -9.54986
230000 35000 149988 -11.6704
220000 35000 149993 -6.81919
225000 35000 149990 -9.54986
220000 40000 149994 -6.35633
225000 40000 149990 -9.71694
225000 35000 149990 -9.54986
230000 35000 149988 -11.6704
225000 40000 149990 -9.71694
230000 40000 149988 -12.3354
230000 30000 149985 -15.1869
235000 30000 149984 -16.1032
230000 35000 149988 -11.6704
235000 35000 149986 -14.2611
235000 30000 149984 -16.1032
240000 30000 149982 -17.5309
235000 35000 149986 -14.2611
240000 35000 149983 -17.2933
230000 35000 149988 -11.6704
235000 35000 149986 -14.2611
230000 40000 149988 -12.3354
235000 40000 149984 -15.6089
235000 35000 149986 -14.2611
240000 35000 149983 -17.2933
235000 40000 149984 -15.6089
240000 40000 149982 -17.5499
160000 40000 149982 -17.8654
165000 40000 150002 1.81172
160000 45000 149999 -0.661737
165000 45000 150011 11.1143
165000 40000 150002 1.81172
170000 40000 150015 14.7118
165000 45000 150011 11.1143
170000 45000 150013 13.4381
160000 45000 149999 -0.661737
165000 45000 150011 11.1143
160000 50000 149971 -29.2843
165000 50000 149988 -11.9432
165000 45000 150011 11.1143
170000 45000 150013 13.4381
165000 50000 149988 -11.9432
170000 50000 150009 9.30624
170000 40000 150015 14.7118
175000 40000 150020 19.8052
170000 45000 150013 13.4381
175000 45000 150019 19.0261
175000 40000 150020 19.8052
180000 40000 150023 23.3617
175000 45000 150019 19.0261
180000 45000 150023 22.8338
170000 45000 150013 13.4381
175000 45000 150019 19.0261
170000 50000 150009 9.30624
175000 50000 150019 19.1556
175000 45000 150019 19.0261
180000 45000 150023 22.8338
175000 50000 150019 19.1556
180000 50000 150023 23.4936
180000 40000 150023 23.3617
185000 40000 150025 24.8827
180000 45000 150023 22.8338
185000 45000 150026 25.5382
185000 40000 150025 24.8827
190000 40000 150023 23.0734
185000 45000 150026 25.5382
190000 45000 150023 22.9348
180000 45000 150023 22.8338
185000 45000 150026 25.5382
180000 50000 150023 23.4936
185000 50000 150026 25.8781
185000 45000 150026 25.5382
190000 45000 150023 22.9348
185000 50000 150026 25.8781
190000 50000 150025 25.4803
190000 40000 150023 23.0734
195000 40000 150017 16.9519
190000 45000 150023 22.9348
195000 45000 150021 20.807
195000 40000 150017 16.9519
200000 40000 150014 13.7079
195000 45000 150021 20.807
200000 45000 150015 15.0264
190000 45000 150023 22.9348
195000 45000 150021 20.807
190000 50000 150025 25.4803
195000 50000 150023 22.611
195000 45000 150021 20.807
200000 45000 150015 15.0264
195000 50000 150023 22.611
200000 50000 150019 18.5757
200000 40000 150014 13.7079
205000 40000 150008 7.54906
200000 45000 150015 15.0264
205000 45000 150009 8.97945
205000 40000 150008 7.54906
210000 40000 150003 3.04641
205000 45000 150009 8.97945
210000 45000 150004 3.78023
200000 45000 150015 15.0264
205000 45000 150009 8.97945
200000 50000 150019 18.5757
205000 50000 150014 13.5744
205000 45000 150009 8.97945
210000 45000 150004 3.78023
205000 50000 150014 13.5744
210000 50000 150006 6.24867
210000 40000 150003 3.04641
215000 40000 149999 -1.42449
210000 45000 150004 3.78023
215000 45000 149999 -0.525365
215000 40000 149999 -1.42449
220000 40000 149994 -6.35633
215000 45000 149999 -0.525365
220000 45000 149998 -2.24753
210000 45000 150004 3.78023
215000 45000 149999 -0.525365
210000 50000 150006 6.24867
215000 50000 149998 -1.71911
215000 45000 149999 -0.525365
220000 45000 149998 -2.24753
215000 50000 149998 -1.71911
220000 50000 149993 -6.9443
220000 40000 149994 -6.35633
225000 40000 149990 -9.71694
220000 45000 149998 -2.24753
225000 45000 149994 -6.45811
225000 40000 149990 -9.71694
230000 40000 149988 -12.3354
225000 45000 149994 -6.45811
230000 45000 149988 -11.807
220000 45000 149998 -2.24753
225000 45000 149994 -6.45811
220000 50000 149993 -6.9443
225000 50000 149992 -7.75615
225000 45000 149994 -6.45811
230000 45000 149988 -11.807
225000 50000 149992 -7.75615
230000 50000 149986 -14.4397
230000 40000 149988 -12.3354
235000 40000 149984 -15.6089
230000 45000 149988 -11.807
235000 45000 149984 -15.689
235000 40000 149984 -15.6089
240000 40000 149982 -17.5499
235000 45000 149984 -15.689
240000 45000 149981 -18.8635
230000 45000 149988 -11.807
235000 45000 149984 -15.689
230000 50000 149986 -14.4397
235000 50000 149985 -15.259
235000 45000 149984 -15.689
240000 45000 149981 -18.8635
235000 50000 149985 -15.259
240000 50000 149983 -16.5538
160000 50000 149971 -29.2843
165000 50000 149988 -11.9432
160000 55000 149958 -41.5001
165000 55000 149986 -13.6055
165000 50000 149988 -11.9432
170000 50000 150009 9.30624
165000 55000 149986 -13.6055
170000 55000 150007 7.2504
160000 55000 149958 -41.5001
165000 55000 149986 -13.6055
160000 60000 149942 -58.4783
165000 60000 149979 -21.1656
165000 55000 149986 -13.6055
170000 55000 150007 7.2504
165000 60000 149979 -21.1656
170000 60000 149987 -13.3714
170000 50000 150009 9.30624
175000 50000 150019 19.1556
170000 55000 150007 7.2504
175000 55000 150014 13.927
175000 50000 150019 19.1556
180000 50000 150023 23.4936
175000 55000 150014 13.927
180000 55000 150021 21.2462
170000 55000 150007 7.2504
175000 55000 150014 13.927
170000 60000 149987 -13.3714
175000 60000 150018 18.1655
175000 55000 150014 13.927
180000 55000 150021 21.2462
175000 60000 150018 18.1655
180000 60000 150024 23.5147
180000 50000 150023 23.4936
185000 50000 150026 25.8781
180000 55000 150021 21.2462
185000 55000 150026 25.7247
185000 50000 150026 25.8781
190000 50000 150025 25.4803
185000 55000 150026 25.7247
190000 55000 150027 27.2996
180000 55000 150021 21.2462
185000 55000 150026 25.7247
180000 60000 150024 23.5147
185000 60000 150025 25.0495
185000 55000 150026 25.7247
190000 55000 150027 27.2996
185000 60000 150025 25.0495
190000 60000 150027 26.8882
190000 50000 150025 25.4803
195000 50000 150023 22.611
190000 55000 150027 27.2996
195000 55000 150025 24.8278
195000 50000 150023 22.611
200000 50000 150019 18.5757
195000 55000 150025 24.8278
200000 55000 150019 18.6393
190000 55000 150027 27.2996
195000 55000 150025 24.8278
190000 60000 150027 26.8882
195000 60000 150025 24.6001
195000 55000 150025 24.8278
200000 55000 150019 18.6393
195000 60000 150025 24.6001
200000 60000 150018 17.8606
200000 50000 150019 18.5757
205000 50000 150014 13.5744
200000 55000 150019 18.6393
205000 55000 150012 11.5589
205000 50000 150014 13.5744
210000 50000 150006 6.24867
205000 55000 150012 11.5589
210000 55000 150004 4.26375
200000 55000 150019 18.6393
205000 55000 150012 11.5589
200000 60000 150018 17.8606
205000 60000 150015 15.3699
205000 55000 150012 11.5589
210000 55000 150004 4.26375
205000 60000 150015 15.3699
210000 60000 150012 11.8613
210000 50000 150006 6.24867
215000 50000 149998 -1.71911
210000 55000 150004 4.26375
215000 55000 150005 4.77025
215000 50000 149998 -1.71911
220000 50000 149993 -6.9443
215000 55000 150005 4.77025
220000 55000 150000 -0.315888
210000 55000 150004 4.26375
215000 55000 150005 4.77025
210000 60000 150012 11.8613
215000 60000 150007 6.99421
215000 55000 150005 4.77025
220000 55000 150000 -0.315888
215000 60000 150007 6.99421
220000 60000 150000 0.261002
220000 50000 149993 -6.9443
225000 50000 149992 -7.75615
220000 55000 150000 -0.315888
225000 55000 149992 -8.29492
225000 50000 149992 -7.75615
230000 50000 149986 -14.4397
225000 55000 149992 -8.29492
230000 55000 149990 -10.0558
220000 55000 150000 -0.315888
225000 55000 149992 -8.29492
220000 60000 150000 0.261002
225000 60000 149995 -4.73789
225000 55000 149992 -8.29492
230000 55000 149990 -10.0558
225000 60000 149995 -4.73789
230000 60000 149991 -8.52886
230000 50000 149986 -14.4397
235000 50000 149985 -15.259
230000 55000 149990 -10.0558
235000 55000 149987 -13.4093
235000 50000 149985 -15.259
240000 50000 149983 -16.5538
235000 55000 149987 -13.4093
240000 55000 149983 -16.5147
230000 55000 149990 -10.0558
235000 55000 149987 -13.4093
230000 60000 149991 -8.52886
235000 60000 149987 -12.6497
235000 55000 149987 -13.4093
240000 55000 149983 -16.5147
235000 60000 149987 -12.6497
240000 60000 149984 -15.9887
160000 60000 149942 -58.4783
165000 60000 149979 -21.1656
160000 65000 149928 -71.6472
165000 65000 149946 -54.4633
165000 60000 149979 -21.1656
170000 60000 149987 -13.3714
165000 65000 149946 -54.4633
170000 65000 149995 -4.61831
160000 65000 149928 -71.6472
165000 65000 149946 -54.4633
160000 70000 149895 -105.01
165000 70000 149939 -60.6863
165000 65000 149946 -54.4633
170000 65000 149995 -4.61831
165000 70000 149939 -60.6863
170000 70000 149979 -21.1799
170000 60000 149987 -13.3714
175000 60000 150018 18.1655
170000 65000 149995 -4.61831
175000 65000 150021 21.2866
175000 60000 150018 18.1655
180000 60000 150024 23.5147
175000 65000 150021 21.2866
180000 65000 150025 25.4787
170000 65000 149995 -4.61831
175000 65000 150021 21.2866
170000 70000 149979 -21.1799
175000 70000 150002 1.83627
175000 65000 150021 21.2866
180000 65000 150025 25.4787
175000 70000 150002 1.83627
180000 70000 150021 21.2875
180000 60000 150024 23.5147
185000 60000 150025 25.0495
180000 65000 150025 25.4787
185000 65000 150027 26.7415
185000 60000 150025 25.0495
190000 60000 150027 26.8882
185000 65000 150027 26.7415
190000 65000 150028 27.7813
180000 65000 150025 25.4787
185000 65000 150027 26.7415
180000 70000 150021 21.2875
185000 70000 150028 28.3984
185000 65000 150027 26.7415
190000 65000 150028 27.7813
185000 70000 150028 28.3984
190000 70000 150029 28.8392
190000 60000 150027 26.8882
195000 60000 150025 24.6001
190000 65000 150028 27.7813
195000 65000 150024 24.3707
195000 60000 150025 24.6001
200000 60000 150018 17.8606
195000 65000 150024 24.3707
200000 65000 150023 22.6905
190000 65000 150028 27.7813
195000 65000 150024 24.3707
190000 70000 150029 28.8392
195000 70000 150028 28.452
195000 65000 150024 24.3707
200000 65000 150023 22.6905
195000 70000 150028 28.452
200000 70000 150026 25.8797
160000 70000 149895 -105.01
165000 70000 149939 -60.6863
160000 75000 149871 -129.213
165000 75000 149922 -77.857
165000 70000 149939 -60.6863
170000 70000 149979 -21.1799
165000 75000 149922 -77.857
170000 75000 149949 -51.0034
160000 75000 149871 -129.213
165000 75000 149922 -77.857
160000 80000 149869 -130.741
165000 80000 149891 -108.767
165000 75000 149922 -77.857
170000 75000 149949 -51.0034
165000 80000 149891 -108.767
170000 80000 149939 -60.8491
170000 70000 149979 -21.1799
175000 70000 150002 1.83627
170000 75000 149949 -51.0034
175000 75000 149990 -9.64655
175000 70000 150002 1.83627
180000 70000 150021 21.2875
175000 75000 149990 -9.64655
180000 75000 150022 22.3878
170000 75000 149949 -51.0034
175000 75000 149990 -9.64655
170000 80000 149939 -60.8491
175000 80000 149982 -18.3816
175000 75000 149990 -9.64655
180000 75000 150022 22.3878
175000 80000 149982 -18.3816
180000 80000 150017 17.1262
180000 70000 150021 21.2875
185000 70000 150028 28.3984
180000 75000 150022 22.3878
185000 75000 150032 31.5299
185000 70000 150028 28.3984
190000 70000 150029 28.8392
185000 75000 150032 31.5299
190000 75000 150032 31.7582
180000 75000 150022 22.3878
185000 75000 150032 31.5299
180000 80000 150017 17.1262
185000 80000 150030 30.3874
185000 75000 150032 31.5299
190000 75000 150032 31.7582
185000 80000 150030 30.3874
190000 80000 150032 32.2469
190000 70000 150029 28.8392
195000 70000 150028 28.452
190000 75000 150032 31.7582
195000 75000 150030 29.7913
195000 70000 150028 28.452
200000 70000 150026 25.8797
195000 75000 150030 29.7913
200000 75000 150026 26.082
190000 75000 150032 31.7582
195000 75000 150030 29.7913
190000 80000 150032 32.2469
195000 80000 150030 30.1586
195000 75000 150030 29.7913
200000 75000 150026 26.082
195000 80000 150030 30.1586
200000 80000 150028 27.8929
110000 80000 150037 36.713
115000 80000 150036 35.9394
110000 85000 150033 33.1713
115000 85000 150034 34.1822
115000 80000 150036 35.9394
120000 80000 150034 34.4807
115000 85000 150034 34.1822
120000 85000 150034 33.5657
110000 85000 150033 33.1713
115000 85000 150034 34.1822
110000 90000 150032 31.8225
115000 90000 150033 32.5961
115000 85000 150034 34.1822
120000 85000 150034 33.5657
115000 90000 150033 32.5961
120000 90000 150032 32.2588
120000 80000 150034 34.4807
125000 80000 150029 29.3219
120000 85000 150034 33.5657
125000 85000 150029 28.7853
125000 80000 150029 29.3219
130000 80000 150022 22.0692
125000 85000 150029 28.7853
130000 85000 150023 22.9037
120000 85000 150034 33.5657
125000 85000 150029 28.7853
120000 90000 150032 32.2588
125000 90000 150029 28.9533
125000 85000 150029 28.7853
130000 85000 150023 22.9037
125000 90000 150029 28.9533
130000 90000 150023 22.5739
130000 80000 150022 22.0692
135000 80000 150010 10.3665
130000 85000 150023 22.9037
135000 85000 150018 18.2505
135000 80000 150010 10.3665
140000 80000 150008 8.021
135000 85000 150018 18.2505
140000 85000 150014 13.7184
130000 85000 150023 22.9037
135000 85000 150018 18.2505
130000 90000 150023 22.5739
135000 90000 150014 14.4535
135000 85000 150018 18.2505
140000 85000 150014 13.7184
135000 90000 150014 14.4535
140000 90000 150002 1.71096
140000 80000 150008 8.021
145000 80000 149992 -8.32123
140000 85000 150014 13.7184
145000 85000 150002 2.31027
145000 80000 149992 -8.32123
150000 80000 149952 -47.6829
145000 85000 150002 2.31027
150000 85000 149970 -30.3876
140000 85000 150014 13.7184
145000 85000 150002 2.31027
140000 90000 150002 1.71096
145000 90000 149980 -20.2023
145000 85000 150002 2.31027
150000 85000 149970 -30.3876
145000 90000 149980 -20.2023
150000 90000 149982 -17.7146
150000 80000 149952 -47.6829
155000 80000 149919 -81.4109
150000 85000 149970 -30.3876
155000 85000 149939 -61.105
155000 80000 149919 -81.4109
160000 80000 149869 -130.741
155000 85000 149939 -61.105
160000 85000 149892 -107.867
150000 85000 149970 -30.3876
155000 85000 149939 -61.105
150000 90000 149982 -17.7146
155000 90000 149954 -45.7974
155000 85000 149939 -61.105
160000 85000 149892 -107.867
155000 90000 149954 -45.7974
160000 90000 149923 -76.5429
100000 90000 150028 28.1247
105000 90000 150030 30.3459
100000 95000 150026 25.959
105000 95000 150029 29.4788
105000 90000 150030 30.3459
110000 90000 150032 31.8225
105000 95000 150029 29.4788
110000 95000 150031 31.4935
100000 95000 150026 25.959
105000 95000 150029 29.4788
100000 100000 150026 26.0718
105000 100000 150028 28.1067
105000 95000 150029 29.4788
110000 95000 150031 31.4935
105000 100000 150028 28.1067
110000 100000 150028 27.6621
110000 90000 150032 31.8225
115000 90000 150033 32.5961
110000 95000 150031 31.4935
115000 95000 150030 30.1355
115000 90000 150033 32.5961
120000 90000 150032 32.2588
115000 95000 150030 30.1355
120000 95000 150030 30.2559
110000 95000 150031 31.4935
115000 95000 150030 30.1355
110000 100000 150028 27.6621
115000 100000 150030 29.9454
115000 95000 150030 30.1355
120000 95000 150030 30.2559
115000 100000 150030 29.9454
120000 100000 150029 29.2529
120000 90000 150032 32.2588
125000 90000 150029 28.9533
120000 95000 150030 30.2559
125000 95000 150028 27.5941
125000 90000 150029 28.9533
130000 90000 150023 22.5739
125000 95000 150028 27.5941
130000 95000 150022 22.0787
120000 95000 150030 30.2559
125000 95000 150028 27.5941
120000 100000 150029 29.2529
125000 100000 150026 26.2915
125000 95000 150028 27.5941
130000 95000 150022 22.0787
125000 100000 150026 26.2915
130000 100000 150021 21.355
130000 90000 150023 22.5739
135000 90000 150014 14.4535
130000 95000 150022 22.0787
135000 95000 150016 15.5394
135000 90000 150014 14.4535
140000 90000 150002 1.71096
135000 95000 150016 15.5394
140000 95000 150009 9.14042
130000 95000 150022 22.0787
135000 95000 150016 15.5394
130000 100000 150021 21.355
135000 100000 150015 15.1414
135000 95000 150016 15.5394
140000 95000 150009 9.14042
135000 100000 150015 15.1414
140000 100000 150009 8.98103
140000 90000 150002 1.71096
145000 90000 149980 -20.2023
140000 95000 150009 9.14042
145000 95000 150005 4.93163
145000 90000 149980 -20.2023
150000 90000 149982 -17.7146
145000 95000 150005 4.93163
150000 95000 149993 -7.13633
140000 95000 150009 9.14042
145000 95000 150005 4.93163
140000 100000 150009 8.98103
145000 100000 150003 3.13504
145000 95000 150005 4.93163
150000 95000 149993 -7.13633
145000 100000 150003 3.13504
150000 100000 149995 -4.81304
150000 90000 149982 -17.7146
155000 90000 149954 -45.7974
150000 95000 149993 -7.13633
155000 95000 149964 -35.5575
155000 90000 149954 -45.7974
160000 90000 149923 -76.5429
155000 95000 149964 -35.5575
160000 95000 149939 -60.5139
150000 95000 149993 -7.13633
155000 95000 149964 -35.5575
150000 100000 149995 -4.81304
155000 100000 149976 -24.4423
155000 95000 149964 -35.5575
160000 95000 149939 -60.5139
155000 100000 149976 -24.4423
160000 100000 149949 -51.4047
80000 100000 150014 14.261
85000 100000 150019 18.8223
80000 105000 150020 20.0045
85000 105000 150021 20.6376
85000 100000 150019 18.8223
90000 100000 150018 18.2917
85000 105000 150021 20.6376
90000 105000 150021 21.4215
80000 105000 150020 20.0045
85000 105000 150021 20.6376
80000 110000 150018 18.2014
85000 110000 150018 17.9186
85000 105000 150021 20.6376
90000 105000 150021 21.4215
85000 110000 150018 17.9186
90000 110000 150020 20.0708
90000 100000 150018 18.2917
95000 100000 150021 20.8576
90000 105000 150021 21.4215
95000 105000 150022 22.11
95000 100000 150021 20.8576
100000 100000 150026 26.0718
95000 105000 150022 22.11
100000 105000 150024 23.7615
90000 105000 150021 21.4215
95000 105000 150022 22.11
90000 110000 150020 20.0708
95000 110000 150023 23.3828
95000 105000 150022 22.11
100000 105000 150024 23.7615
95000 110000 150023 23.3828
100000 110000 150026 25.6423
100000 100000 150026 26.0718
105000 100000 150028 28.1067
100000 105000 150024 23.7615
105000 105000 150026 26.3089
105000 100000 150028 28.1067
110000 100000 150028 27.6621
105000 105000 150026 26.3089
110000 105000 150028 28.4102
100000 105000 150024 23.7615
105000 105000 150026 26.3089
100000 110000 150026 25.6423
105000 110000 150028 28.1796
105000 105000 150026 26.3089
110000 105000 150028 28.4102
105000 110000 150028 28.1796
110000 110000 150027 27.2053
110000 100000 150028 27.6621
115000 100000 150030 29.9454
110000 105000 150028 28.4102
115000 105000 150028 28.2589
115000 100000 150030 29.9454
120000 100000 150029 29.2529
115000 105000 150028 28.2589
120000 105000 150028 27.5951
110000 105000 150028 28.4102
115000 105000 150028 28.2589
110000 110000 150027 27.2053
115000 110000 150026 25.6323
115000 105000 150028 28.2589
120000 105000 150028 27.5951
115000 110000 150026 25.6323
120000 110000 150026 25.5959
120000 100000 150029 29.2529
125000 100000 150026 26.2915
120000 105000 150028 27.5951
125000 105000 150026 26.4424
125000 100000 150026 26.2915
130000 100000 150021 21.355
125000 105000 150026 26.4424
130000 105000 150023 23.1177
120000 105000 150028 27.5951
125000 105000 150026 26.4424
120000 110000 150026 25.5959
125000 110000 150026 25.5077
125000 105000 150026 26.4424
130000 105000 150023 23.1177
125000 110000 150026 25.5077
130000 110000 150021 21.3368
130000 100000 150021 21.355
135000 100000 150015 15.1414
130000 105000 150023 23.1177
135000 105000 150014 14.2205
135000 100000 150015 15.1414
140000 100000 150009 8.98103
135000 105000 150014 14.2205
140000 105000 150004 4.28206
130000 105000 150023 23.1177
135000 105000 150014 14.2205
130000 110000 150021 21.3368
135000 110000 150016 15.5342
135000 105000 150014 14.2205
140000 105000 150004 4.28206
135000 110000 150016 15.5342
140000 110000 150006 5.98176
140000 100000 150009 8.98103
145000 100000 150003 3.13504
140000 105000 150004 4.28206
145000 105000 149993 -6.75589
145000 100000 150003 3.13504
150000 100000 149995 -4.81304
145000 105000 149993 -6.75589
150000 105000 149990 -10.2113
140000 105000 150004 4.28206
145000 105000 149993 -6.75589
140000 110000 150006 5.98176
145000 110000 149999 -1.08292
145000 105000 149993 -6.75589
150000 105000 149990 -10.2113
145000 110000 149999 -1.08292
150000 110000 149982 -18.1472
150000 100000 149995 -4.81304
155000 100000 149976 -24.4423
150000 105000 149990 -10.2113
155000 105000 149979 -21.3961
155000 100000 149976 -24.4423
160000 100000 149949 -51.4047
155000 105000 149979 -21.3961
160000 105000 149955 -45.1246
150000 105000 149990 -10.2113
155000 105000 149979 -21.3961
150000 110000 149982 -18.1472
155000 110000 149973 -27.3143
155000 105000 149979 -21.3961
160000 105000 149955 -45.1246
155000 110000 149973 -27.3143
160000 110000 149959 -41.148
80000 110000 150018 18.2014
85000 110000 150018 17.9186
80000 115000 150018 17.6261
85000 115000 150020 19.8631
85000 110000 150018 17.9186
90000 110000 150020 20.0708
85000 115000 150020 19.8631
90000 115000 150021 21.0404
80000 115000 150018 17.6261
85000 115000 150020 19.8631
80000 120000 150017 16.7583
85000 120000 150018 18.039
85000 115000 150020 19.8631
90000 115000 150021 21.0404
85000 120000 150018 18.039
90000 120000 150019 19.1166
90000 110000 150020 20.0708
95000 110000 150023 23.3828
90000 115000 150021 21.0404
95000 115000 150024 23.5217
95000 110000 150023 23.3828
100000 110000 150026 25.6423
95000 115000 150024 23.5217
100000 115000 150026 25.6543
90000 115000 150021 21.0404
95000 115000 150024 23.5217
90000 120000 150019 19.1166
95000 120000 150020 20.2022
95000 115000 150024 23.5217
100000 115000 150026 25.6543
95000 120000 150020 20.2022
100000 120000 150021 21.3958
100000 110000 150026 25.6423
105000 110000 150028 28.1796
100000 115000 150026 25.6543
105000 115000 150025 25.4374
105000 110000 150028 28.1796
110000 110000 150027 27.2053
105000 115000 150025 25.4374
110000 115000 150026 26.0904
100000 115000 150026 25.6543
105000 115000 150025 25.4374
100000 120000 150021 21.3958
105000 120000 150025 25.4381
105000 115000 150025 25.4374
110000 115000 150026 26.0904
105000 120000 150025 25.4381
110000 120000 150027 26.8342
110000 110000 150027 27.2053
115000 110000 150026 25.6323
110000 115000 150026 26.0904
115000 115000 150027 26.5463
115000 110000 150026 25.6323
120000 110000 150026 25.5959
115000 115000 150027 26.5463
120000 115000 150026 26.0278
110000 115000 150026 26.0904
115000 115000 150027 26.5463
110000 120000 150027 26.8342
115000 120000 150025 25.3495
115000 115000 150027 26.5463
120000 115000 150026 26.0278
115000 120000 150025 25.3495
120000 120000 150026 26.0767
120000 110000 150026 25.5959
125000 110000 150026 25.5077
120000 115000 150026 26.0278
125000 115000 150025 24.9166
125000 110000 150026 25.5077
130000 110000 150021 21.3368
125000 115000 150025 24.9166
130000 115000 150022 21.7497
120000 115000 150026 26.0278
125000 115000 150025 24.9166
120000 120000 150026 26.0767
125000 120000 150025 25.1489
125000 115000 150025 24.9166
130000 115000 150022 21.7497
125000 120000 150025 25.1489
130000 120000 150022 21.5599
130000 110000 150021 21.3368
135000 110000 150016 15.5342
130000 115000 150022 21.7497
135000 115000 150015 14.8899
135000 110000 150016 15.5342
140000 110000 150006 5.98176
135000 115000 150015 14.8899
140000 115000 150004 3.9099
130000 115000 150022 21.7497
135000 115000 150015 14.8899
130000 120000 150022 21.5599
135000 120000 150016 15.9648
135000 115000 150015 14.8899
140000 115000 150004 3.9099
135000 120000 150016 15.9648
140000 120000 150009 8.98471
140000 110000 150006 5.98176
145000 110000 149999 -1.08292
140000 115000 150004 3.9099
145000 115000 149990 -9.96684
145000 110000 149999 -1.08292
150000 110000 149982 -18.1472
145000 115000 149990 -9.96684
150000 115000 149975 -24.7279
140000 115000 150004 3.9099
145000 115000 149990 -9.96684
140000 120000 150009 8.98471
145000 120000 149998 -2.27912
145000 115000 149990 -9.96684
150000 115000 149975 -24.7279
145000 120000 149998 -2.27912
150000 120000 149987 -13.4361
150000 110000 149982 -18.1472
155000 110000 149973 -27.3143
150000 115000 149975 -24.7279
155000 115000 149960 -40.1836
155000 110000 149973 -27.3143
160000 110000 149959 -41.148
155000 115000 149960 -40.1836
160000 115000 149947 -52.6384
150000 115000 149975 -24.7279
155000 115000 149960 -40.1836
150000 120000 149987 -13.4361
155000 120000 149976 -24.2013
155000 115000 149960 -40.1836
160000 115000 149947 -52.6384
155000 120000 149976 -24.2013
160000 120000 149963 -36.6352
240000 0 149983 -16.7247
245000 0 149981 -19.0187
240000 5000 149982 -17.8335
245000 5000 149981 -19.4144
245000 0 149981 -19.0187
250000 0 149979 -21.4151
245000 5000 149981 -19.4144
250000 5000 149977 -23.3125
240000 5000 149982 -17.8335
245000 5000 149981 -19.4144
240000 10000 149979 -20.5919
245000 10000 149978 -21.8345
245000 5000 149981 -19.4144
250000 5000 149977 -23.3125
245000 10000 149978 -21.8345
250000 10000 149979 -21.2163
250000 0 149979 -21.4151
255000 0 149977 -23.2592
250000 5000 149977 -23.3125
255000 5000 149977 -23.4441
255000 0 149977 -23.2592
260000 0 149976 -24.4314
255000 5000 149977 -23.4441
260000 5000 149975 -25.1279
250000 5000 149977 -23.3125
255000 5000 149977 -23.4441
250000 10000 149979 -21.2163
255000 10000 149977 -23.4053
255000 5000 149977 -23.4441
260000 5000 149975 -25.1279
255000 10000 149977 -23.4053
260000 10000 149975 -24.6346
260000 0 149976 -24.4314
265000 0 149974 -25.7871
260000 5000 149975 -25.1279
265000 5000 149974 -25.6273
265000 0 149974 -25.7871
270000 0 149974 -26.4424
265000 5000 149974 -25.6273
270000 5000 149974 -26.0445
260000 5000 149975 -25.1279
265000 5000 149974 -25.6273
260000 10000 149975 -24.6346
265000 10000 149974 -25.517
265000 5000 149974 -25.6273
270000 5000 149974 -26.0445
265000 10000 149974 -25.517
270000 10000 149974 -25.9993
270000 0 149974 -26.4424
275000 0 149973 -26.8577
270000 5000 149974 -26.0445
275000 5000 149974 -26.4289
275000 0 149973 -26.8577
280000 0 149973 -27.1485
275000 5000 149974 -26.4289
280000 5000 149973 -26.8185
270000 5000 149974 -26.0445
275000 5000 149974 -26.4289
270000 10000 149974 -25.9993
275000 10000 149974 -26.3627
275000 5000 149974 -26.4289
280000 5000 149973 -26.8185
275000 10000 149974 -26.3627
280000 10000 149973 -26.6344
280000 0 149973 -27.1485
285000 0 149973 -27.4244
280000 5000 149973 -26.8185
285000 5000 149973 -27.0041
285000 0 149973 -27.4244
290000 0 149973 -27.1611
285000 5000 149973 -27.0041
290000 5000 149973 -26.5662
280000 5000 149973 -26.8185
285000 5000 149973 -27.0041
280000 10000 149973 -26.6344
285000 10000 149973 -26.7819
285000 5000 149973 -27.0041
290000 5000 149973 -26.5662
285000 10000 149973 -26.7819
290000 10000 149973 -26.827
290000 0 149973 -27.1611
295000 0 149974 -26.3665
290000 5000 149973 -26.5662
295000 5000 149974 -26.225
295000 0 149974 -26.3665
300000 0 149974 -25.6774
295000 5000 149974 -26.225
300000 5000 149974 -26.1612
290000 5000 149973 -26.5662
295000 5000 149974 -26.225
290000 10000 149973 -26.827
295000 10000 149974 -26.3629
295000 5000 149974 -26.225
300000 5000 149974 -26.1612
295000 10000 149974 -26.3629
300000 10000 149974 -26.2997
240000 10000 149979 -20.5919
245000 10000 149978 -21.8345
240000 15000 149981 -18.8481
245000 15000 149981 -19.4169
245000 10000 149978 -21.8345
250000 10000 149979 -21.2163
245000 15000 149981 -19.4169
250000 15000 149979 -20.7489
240000 15000 149981 -18.8481
245000 15000 149981 -19.4169
240000 20000 149982 -17.8181
245000 20000 149980 -20.2527
245000 15000 149981 -19.4169
250000 15000 149979 -20.7489
245000 20000 149980 -20.2527
250000 20000 149979 -20.7162
250000 10000 149979 -21.2163
255000 10000 149977 -23.4053
250000 15000 149979 -20.7489
255000 15000 149978 -22.3529
255000 10000 149977 -23.4053
260000 10000 149975 -24.6346
255000 15000 149978 -22.3529
260000 15000 149976 -24.1167
250000 15000 149979 -20.7489
255000 15000 149978 -22.3529
250000 20000 149979 -20.7162
255000 20000 149978 -21.8837
255000 15000 149978 -22.3529
260000 15000 149976 -24.1167
255000 20000 149978 -21.8837
260000 20000 149977 -23.3863
260000 10000 149975 -24.6346
265000 10000 149974 -25.517
260000 15000 149976 -24.1167
265000 15000 149975 -25.2555
265000 10000 149974 -25.517
270000 10000 149974 -25.9993
265000 15000 149975 -25.2555
270000 15000 149974 -25.9332
260000 15000 149976 -24.1167
265000 15000 149975 -25.2555
260000 20000 149977 -23.3863
265000 20000 149975 -25.351
265000 15000 149975 -25.2555
270000 15000 149974 -25.9332
265000 20000 149975 -25.351
270000 20000 149974 -25.582
270000 10000 149974 -25.9993
275000 10000 149974 -26.3627
270000 15000 149974 -25.9332
275000 15000 149974 -26.2423
275000 10000 149974 -26.3627
280000 10000 149973 -26.6344
275000 15000 149974 -26.2423
280000 15000 149973 -26.5475
270000 15000 149974 -25.9332
275000 15000 149974 -26.2423
270000 20000 149974 -25.582
275000 20000 149974 -26.1914
275000 15000 149974 -26.2423
280000 15000 149973 -26.5475
275000 20000 149974 -26.1914
280000 20000 149973 -26.5181
280000 10000 149973 -26.6344
285000 10000 149973 -26.7819
280000 15000 149973 -26.5475
285000 15000 149973 -26.7482
285000 10000 149973 -26.7819
290000 10000 149973 -26.827
285000 15000 149973 -26.7482
290000 15000 149973 -26.814
280000 15000 149973 -26.5475
285000 15000 149973 -26.7482
280000 20000 149973 -26.5181
285000 20000 149973 -26.7415
285000 15000 149973 -26.7482
290000 15000 149973 -26.814
285000 20000 149973 -26.7415
290000 20000 149973 -26.8223
290000 10000 149973 -26.827
295000 10000 149974 -26.3629
290000 15000 149973 -26.814
295000 15000 149973 -26.6472
295000 10000 149974 -26.3629
300000 10000 149974 -26.2997
295000 15000 149973 -26.6472
300000 15000 149974 -26.4837
290000 15000 149973 -26.814
295000 15000 149973 -26.6472
290000 20000 149973 -26.8223
295000 20000 149973 -26.5563
295000 15000 149973 -26.6472
300000 15000 149974 -26.4837
295000 20000 149973 -26.5563
300000 20000 149973 -26.5895
240000 20000 149982 -17.8181
245000 20000 149980 -20.2527
240000 25000 149982 -18.0518
245000 25000 149981 -19.3387
245000 20000 149980 -20.2527
250000 20000 149979 -20.7162
245000 25000 149981 -19.3387
250000 25000 149978 -21.9937
240000 25000 149982 -18.0518
245000 25000 149981 -19.3387
240000 30000 149982 -17.5309
245000 30000 149981 -19.4539
245000 25000 149981 -19.3387
250000 25000 149978 -21.9937
245000 30000 149981 -19.4539
250000 30000 149978 -21.6258
250000 20000 149979 -20.7162
255000 20000 149978 -21.8837
250000 25000 149978 -21.9937
255000 25000 149977 -22.5868
255000 20000 149978 -21.8837
260000 20000 149977 -23.3863
255000 25000 149977 -22.5868
260000 25000 149976 -24.3716
250000 25000 149978 -21.9937
255000 25000 149977 -22.5868
250000 30000 149978 -21.6258
255000 30000 149977 -22.7847
255000 25000 149977 -22.5868
260000 25000 149976 -24.3716
255000 30000 149977 -22.7847
260000 30000 149976 -23.5714
260000 20000 149977 -23.3863
265000 20000 149975 -25.351
260000 25000 149976 -24.3716
265000 25000 149975 -24.6203
265000 20000 149975 -25.351
270000 20000 149974 -25.582
265000 25000 149975 -24.6203
270000 25000 149975 -25.3797
260000 25000 149976 -24.3716
265000 25000 149975 -24.6203
260000 30000 149976 -23.5714
265000 30000 149976 -24.1603
265000 25000 149975 -24.6203
270000 25000 149975 -25.3797
265000 30000 149976 -24.1603
270000 30000 149975 -24.7816
270000 20000 149974 -25.582
275000 20000 149974 -26.1914
270000 25000 149975 -25.3797
275000 25000 149974 -25.6045
275000 20000 149974 -26.1914
280000 20000 149973 -26.5181
275000 25000 149974 -25.6045
280000 25000 149974 -26.0412
270000 25000 149975 -25.3797
275000 25000 149974 -25.6045
270000 30000 149975 -24.7816
275000 30000 149975 -25.3739
275000 25000 149974 -25.6045
280000 25000 149974 -26.0412
275000 30000 149975 -25.3739
280000 30000 149974 -26.0823
280000 20000 149973 -26.5181
285000 20000 149973 -26.7415
280000 25000 149974 -26.0412
285000 25000 149973 -26.7749
285000 20000 149973 -26.7415
290000 20000 149973 -26.8223
285000 25000 149973 -26.7749
290000 25000 149973 -26.9402
280000 25000 149974 -26.0412
285000 25000 149973 -26.7749
280000 30000 149974 -26.0823
285000 30000 149973 -26.7307
285000 25000 149973 -26.7749
290000 25000 149973 -26.9402
285000 30000 149973 -26.7307
290000 30000 149973 -26.9251
290000 20000 149973 -26.8223
295000 20000 149973 -26.5563
290000 25000 149973 -26.9402
295000 25000 149973 -26.7738
295000 20000 149973 -26.5563
300000 20000 149973 -26.5895
295000 25000 149973 -26.7738
300000 25000 149973 -26.8804
290000 25000 149973 -26.9402
295000 25000 149973 -26.7738
290000 30000 149973 -26.9251
295000 30000 149973 -27.0908
295000 25000 149973 -26.7738
300000 25000 149973 -26.8804
295000 30000 149973 -27.0908
300000 30000 149973 -27.319
240000 30000 149982 -17.5309
245000 30000 149981 -19.4539
240000 35000 149983 -17.2933
245000 35000 149981 -19.0304
245000 30000 149981 -19.4539
250000 30000 149978 -21.6258
245000 35000 149981 -19.0304
250000 35000 149980 -20.3629
240000 35000 149983 -17.2933
245000 35000 149981 -19.0304
240000 40000 149982 -17.5499
245000 40000 149981 -19.249
245000 35000 149981 -19.0304
250000 35000 149980 -20.3629
245000 40000 149981 -19.249
250000 40000 149980 -19.8231
250000 30000 149978 -21.6258
255000 30000 149977 -22.7847
250000 35000 149980 -20.3629
255000 35000 149977 -22.5391
255000 30000 149977 -22.7847
260000 30000 149976 -23.5714
255000 35000 149977 -22.5391
260000 35000 149976 -23.949
250000 35000 149980 -20.3629
255000 35000 149977 -22.5391
250000 40000 149980 -19.8231
255000 40000 149979 -21.1323
255000 35000 149977 -22.5391
260000 35000 149976 -23.949
255000 40000 149979 -21.1323
260000 40000 149977 -22.7229
260000 30000 149976 -23.5714
265000 30000 149976 -24.1603
260000 35000 149976 -23.949
265000 35000 149975 -24.9107
265000 30000 149976 -24.1603
270000 30000 149975 -24.7816
265000 35000 149975 -24.9107
270000 35000 149975 -25.4221
260000 35000 149976 -23.949
265000 35000 149975 -24.9107
260000 40000 149977 -22.7229
265000 40000 149976 -24.262
265000 35000 149975 -24.9107
270000 35000 149975 -25.4221
265000 40000 149976 -24.262
270000 40000 149975 -24.8013
270000 30000 149975 -24.7816
275000 30000 149975 -25.3739
270000 35000 149975 -25.4221
275000 35000 149975 -25.4967
275000 30000 149975 -25.3739
280000 30000 149974 -26.0823
275000 35000 149975 -25.4967
280000 35000 149974 -25.7408
270000 35000 149975 -25.4221
275000 35000 149975 -25.4967
270000 40000 149975 -24.8013
275000 40000 149975 -24.6039
275000 35000 149975 -25.4967
280000 35000 149974 -25.7408
275000 40000 149975 -24.6039
280000 40000 149975 -25.2703
280000 30000 149974 -26.0823
285000 30000 149973 -26.7307
280000 35000 149974 -25.7408
285000 35000 149974 -26.4485
285000 30000 149973 -26.7307
290000 30000 149973 -26.9251
285000 35000 149974 -26.4485
290000 35000 149973 -26.7393
280000 35000 149974 -25.7408
285000 35000 149974 -26.4485
280000 40000 149975 -25.2703
285000 40000 149974 -25.7912
285000 35000 149974 -26.4485
290000 35000 149973 -26.7393
285000 40000 149974 -25.7912
290000 40000 149974 -26.0769
290000 30000 149973 -26.9251
295000 30000 149973 -27.0908
290000 35000 149973 -26.7393
295000 35000 149973 -26.955
295000 30000 149973 -27.0908
300000 30000 149973 -27.319
295000 35000 149973 -26.955
300000 35000 149973 -27.1481
290000 35000 149973 -26.7393
295000 35000 149973 -26.955
290000 40000 149974 -26.0769
295000 40000 149973 -26.6319
295000 35000 149973 -26.955
300000 35000 149973 -27.1481
295000 40000 149973 -26.6319
300000 40000 149972 -27.5117
240000 40000 149982 -17.5499
245000 40000 149981 -19.249
240000 45000 149981 -18.8635
245000 45000 149981 -19.1922
245000 40000 149981 -19.249
250000 40000 149980 -19.8231
245000 45000 149981 -19.1922
250000 45000 149978 -21.521
240000 45000 149981 -18.8635
245000 45000 149981 -19.1922
240000 50000 149983 -16.5538
245000 50000 149982 -18.2468
245000 45000 149981 -19.1922
250000 45000 149978 -21.521
245000 50000 149982 -18.2468
250000 50000 149980 -19.6501
250000 40000 149980 -19.8231
255000 40000 149979 -21.1323
250000 45000 149978 -21.521
255000 45000 149978 -21.9811
255000 40000 149979 -21.1323
260000 40000 149977 -22.7229
255000 45000 149978 -21.9811
260000 45000 149976 -23.5533
250000 45000 149978 -21.521
255000 45000 149978 -21.9811
250000 50000 149980 -19.6501
255000 50000 149979 -21.1352
255000 45000 149978 -21.9811
260000 45000 149976 -23.5533
255000 50000 149979 -21.1352
260000 50000 149978 -22.473
260000 40000 149977 -22.7229
265000 40000 149976 -24.262
260000 45000 149976 -23.5533
265000 45000 149976 -24.1523
265000 40000 149976 -24.262
270000 40000 149975 -24.8013
265000 45000 149976 -24.1523
270000 45000 149976 -24.493
260000 45000 149976 -23.5533
265000 45000 149976 -24.1523
260000 50000 149978 -22.473
265000 50000 149976 -23.6397
265000 45000 149976 -24.1523
270000 45000 149976 -24.493
265000 50000 149976 -23.6397
270000 50000 149976 -24.4293
270000 40000 149975 -24.8013
275000 40000 149975 -24.6039
270000 45000 149976 -24.493
275000 45000 149975 -24.5313
275000 40000 149975 -24.6039
280000 40000 149975 -25.2703
275000 45000 149975 -24.5313
280000 45000 149975 -24.9602
270000 45000 149976 -24.493
275000 45000 149975 -24.5313
270000 50000 149976 -24.4293
275000 50000 149975 -25.0966
275000 45000 149975 -24.5313
280000 45000 149975 -24.9602
275000 50000 149975 -25.0966
280000 50000 149975 -25.2115
280000 40000 149975 -25.2703
285000 40000 149974 -25.7912
280000 45000 149975 -24.9602
285000 45000 149974 -25.9898
285000 40000 149974 -25.7912
290000 40000 149974 -26.0769
285000 45000 149974 -25.9898
290000 45000 149973 -26.7187
280000 45000 149975 -24.9602
285000 45000 149974 -25.9898
280000 50000 149975 -25.2115
285000 50000 149974 -25.6734
285000 45000 149974 -25.9898
290000 45000 149973 -26.7187
285000 50000 149974 -25.6734
290000 50000 149974 -25.9168
290000 40000 149974 -26.0769
295000 40000 149973 -26.6319
290000 45000 149973 -26.7187
295000 45000 149973 -27.1004
295000 40000 149973 -26.6319
300000 40000 149972 -27.5117
295000 45000 149973 -27.1004
300000 45000 149973 -27.007
290000 45000 149973 -26.7187
295000 45000 149973 -27.1004
290000 50000 149974 -25.9168
295000 50000 149974 -26.411
295000 45000 149973 -27.1004
300000 45000 149973 -27.007
295000 50000 149974 -26.411
300000 50000 149973 -27.343
240000 50000 149983 -16.5538
245000 50000 149982 -18.2468
240000 55000 149983 -16.5147
245000 55000 149982 -18.2148
245000 50000 149982 -18.2468
250000 50000 149980 -19.6501
245000 55000 149982 -18.2148
250000 55000 149979 -21.0079
240000 55000 149983 -16.5147
245000 55000 149982 -18.2148
240000 60000 149984 -15.9887
245000 60000 149981 -19.1001
245000 55000 149982 -18.2148
250000 55000 149979 -21.0079
245000 60000 149981 -19.1001
250000 60000 149980 -20.1589
250000 50000 149980 -19.6501
255000 50000 149979 -21.1352
250000 55000 149979 -21.0079
255000 55000 149977 -22.822
255000 50000 149979 -21.1352
260000 50000 149978 -22.473
255000 55000 149977 -22.822
260000 55000 149977 -23.4251
250000 55000 149979 -21.0079
255000 55000 149977 -22.822
250000 60000 149980 -20.1589
255000 60000 149979 -20.8583
255000 55000 149977 -22.822
260000 55000 149977 -23.4251
255000 60000 149979 -20.8583
260000 60000 149978 -22.0445
260000 50000 149978 -22.473
265000 50000 149976 -23.6397
260000 55000 149977 -23.4251
265000 55000 149976 -24.0161
265000 50000 149976 -23.6397
270000 50000 149976 -24.4293
265000 55000 149976 -24.0161
270000 55000 149976 -24.0263
260000 55000 149977 -23.4251
265000 55000 149976 -24.0161
260000 60000 149978 -22.0445
265000 60000 149977 -23.3482
265000 55000 149976 -24.0161
270000 55000 149976 -24.0263
265000 60000 149977 -23.3482
270000 60000 149976 -23.6677
270000 50000 149976 -24.4293
275000 50000 149975 -25.0966
270000 55000 149976 -24.0263
275000 55000 149975 -24.8422
275000 50000 149975 -25.0966
280000 50000 149975 -25.2115
275000 55000 149975 -24.8422
280000 55000 149974 -25.8501
270000 55000 149976 -24.0263
275000 55000 149975 -24.8422
270000 60000 149976 -23.6677
275000 60000 149975 -24.8579
275000 55000 149975 -24.8422
280000 55000 149974 -25.8501
275000 60000 149975 -24.8579
280000 60000 149974 -25.6199
280000 50000 149975 -25.2115
285000 50000 149974 -25.6734
280000 55000 149974 -25.8501
285000 55000 149974 -25.6768
285000 50000 149974 -25.6734
290000 50000 149974 -25.9168
285000 55000 149974 -25.6768
290000 55000 149974 -26.4956
280000 55000 149974 -25.8501
285000 55000 149974 -25.6768
280000 60000 149974 -25.6199
285000 60000 149974 -26.4333
285000 55000 149974 -25.6768
290000 55000 149974 -26.4956
285000 60000 149974 -26.4333
290000 60000 149974 -26.4971
290000 50000 149974 -25.9168
295000 50000 149974 -26.411
290000 55000 149974 -26.4956
295000 55000 149973 -26.9422
295000 50000 149974 -26.411
300000 50000 149973 -27.343
295000 55000 149973 -26.9422
300000 55000 149973 -27.1461
290000 55000 149974 -26.4956
295000 55000 149973 -26.9422
290000 60000 149974 -26.4971
295000 60000 149973 -27.1588
295000 55000 149973 -26.9422
300000 55000 149973 -27.1461
295000 60000 149973 -27.1588
300000 60000 149972 -27.5583
200000 60000 150018 17.8606
205000 60000 150015 15.3699
200000 65000 150023 22.6905
205000 65000 150020 20.0112
205000 60000 150015 15.3699
210000 60000 150012 11.8613
205000 65000 150020 20.0112
210000 65000 150014 13.5172
200000 65000 150023 22.6905
205000 65000 150020 20.0112
200000 70000 150026 25.8797
205000 70000 150019 19.4173
205000 65000 150020 20.0112
210000 65000 150014 13.5172
205000 70000 150019 19.4173
210000 70000 150012 11.8672
210000 60000 150012 11.8613
215000 60000 150007 6.99421
210000 65000 150014 13.5172
215000 65000 150008 7.71579
215000 60000 150007 6.99421
220000 60000 150000 0.261002
215000 65000 150008 7.71579
220000 65000 150003 2.99338
210000 65000 150014 13.5172
215000 65000 150008 7.71579
210000 70000 150012 11.8672
215000 70000 150007 6.95271
215000 65000 150008 7.71579
220000 65000 150003 2.99338
215000 70000 150007 6.95271
220000 70000 150000 -0.308597
220000 60000 150000 0.261002
225000 60000 149995 -4.73789
220000 65000 150003 2.99338
225000 65000 149998 -2.42128
225000 60000 149995 -4.73789
230000 60000 149991 -8.52886
225000 65000 149998 -2.42128
230000 65000 149993 -7.14915
220000 65000 150003 2.99338
225000 65000 149998 -2.42128
220000 70000 150000 -0.308597
225000 70000 149996 -4.3205
225000 65000 149998 -2.42128
230000 65000 149993 -7.14915
225000 70000 149996 -4.3205
230000 70000 149990 -10.2461
230000 60000 149991 -8.52886
235000 60000 149987 -12.6497
230000 65000 149993 -7.14915
235000 65000 149988 -11.8253
235000 60000 149987 -12.6497
240000 60000 149984 -15.9887
235000 65000 149988 -11.8253
240000 65000 149984 -15.7245
230000 65000 149993 -7.14915
235000 65000 149988 -11.8253
230000 70000 149990 -10.2461
235000 70000 149986 -14.2755
235000 65000 149988 -11.8253
240000 65000 149984 -15.7245
235000 70000 149986 -14.2755
240000 70000 149985 -15.3324
240000 60000 149984 -15.9887
245000 60000 149981 -19.1001
240000 65000 149984 -15.7245
245000 65000 149983 -17.4126
245000 60000 149981 -19.1001
250000 60000 149980 -20.1589
245000 65000 149983 -17.4126
250000 65000 149981 -18.8384
240000 65000 149984 -15.7245
245000 65000 149983 -17.4126
240000 70000 149985 -15.3324
245000 70000 149982 -18.0285
245000 65000 149983 -17.4126
250000 65000 149981 -18.8384
245000 70000 149982 -18.0285
250000 70000 149981 -18.9408
250000 60000 149980 -20.1589
255000 60000 149979 -20.8583
250000 65000 149981 -18.8384
255000 65000 149979 -21.0247
255000 60000 149979 -20.8583
260000 60000 149978 -22.0445
255000 65000 149979 -21.0247
260000 65000 149977 -22.8703
250000 65000 149981 -18.8384
255000 65000 149979 -21.0247
250000 70000 149981 -18.9408
255000 70000 149979 -21.3406
255000 65000 149979 -21.0247
260000 65000 149977 -22.8703
255000 70000 149979 -21.3406
260000 70000 149978 -22.0378
260000 60000 149978 -22.0445
265000 60000 149977 -23.3482
260000 65000 149977 -22.8703
265000 65000 149976 -23.9724
265000 60000 149977 -23.3482
270000 60000 149976 -23.6677
265000 65000 149976 -23.9724
270000 65000 149976 -24.4176
260000 65000 149977 -22.8703
265000 65000 149976 -23.9724
260000 70000 149978 -22.0378
265000 70000 149977 -22.9144
265000 65000 149976 -23.9724
270000 65000 149976 -24.4176
265000 70000 149977 -22.9144
270000 70000 149976 -24.1233
270000 60000 149976 -23.6677
275000 60000 149975 -24.8579
270000 65000 149976 -24.4176
275000 65000 149975 -24.999
275000 60000 149975 -24.8579
280000 60000 149974 -25.6199
275000 65000 149975 -24.999
280000 65000 149975 -25.2646
270000 65000 149976 -24.4176
275000 65000 149975 -24.999
270000 70000 149976 -24.1233
275000 70000 149976 -24.3437
275000 65000 149975 -24.999
280000 65000 149975 -25.2646
275000 70000 149976 -24.3437
280000 70000 149975 -24.7106
280000 60000 149974 -25.6199
285000 60000 149974 -26.4333
280000 65000 149975 -25.2646
285000 65000 149975 -25.4867
285000 60000 149974 -26.4333
290000 60000 149974 -26.4971
285000 65000 149975 -25.4867
290000 65000 149974 -26.252
280000 65000 149975 -25.2646
285000 65000 149975 -25.4867
280000 70000 149975 -24.7106
285000 70000 149975 -24.7836
285000 65000 149975 -25.4867
290000 65000 149974 -26.252
285000 70000 149975 -24.7836
290000 70000 149974 -26.001
290000 60000 149974 -26.4971
295000 60000 149973 -27.1588
290000 65000 149974 -26.252
295000 65000 149973 -27.2886
295000 60000 149973 -27.1588
300000 60000 149972 -27.5583
295000 65000 149973 -27.2886
300000 65000 149972 -27.7419
290000 65000 149974 -26.252
295000 65000 149973 -27.2886
290000 70000 149974 -26.001
295000 70000 149973 -26.8682
295000 65000 149973 -27.2886
300000 65000 149972 -27.7419
295000 70000 149973 -26.8682
300000 70000 149972 -27.6688
200000 70000 150026 25.8797
205000 70000 150019 19.4173
200000 75000 150026 26.082
205000 75000 150021 21.381
205000 70000 150019 19.4173
210000 70000 150012 11.8672
205000 75000 150021 21.381
210000 75000 150016 16.1447
200000 75000 150026 26.082
205000 75000 150021 21.381
200000 80000 150028 27.8929
205000 80000 150023 23.0588
205000 75000 150021 21.381
210000 75000 150016 16.1447
205000 80000 150023 23.0588
210000 80000 150017 16.8405
210000 70000 150012 11.8672
215000 70000 150007 6.95271
210000 75000 150016 16.1447
215000 75000 150009 9.31285
215000 70000 150007 6.95271
220000 70000 150000 -0.308597
215000 75000 150009 9.31285
220000 75000 150002 1.64546
210000 75000 150016 16.1447
215000 75000 150009 9.31285
210000 80000 150017 16.8405
215000 80000 150011 10.6712
215000 75000 150009 9.31285
220000 75000 150002 1.64546
215000 80000 150011 10.6712
220000 80000 150005 4.83252
220000 70000 150000 -0.308597
225000 70000 149996 -4.3205
220000 75000 150002 1.64546
225000 75000 149998 -2.37148
225000 70000 149996 -4.3205
230000 70000 149990 -10.2461
225000 75000 149998 -2.37148
230000 75000 149992 -8.42391
220000 75000 150002 1.64546
225000 75000 149998 -2.37148
220000 80000 150005 4.83252
225000 80000 149997 -2.64859
225000 75000 149998 -2.37148
230000 75000 149992 -8.42391
225000 80000 149997 -2.64859
230000 80000 149991 -9.18485
230000 70000 149990 -10.2461
235000 70000 149986 -14.2755
230000 75000 149992 -8.42391
235000 75000 149984 -15.5792
235000 70000 149986 -14.2755
240000 70000 149985 -15.3324
235000 75000 149984 -15.5792
240000 75000 149982 -18.2899
230000 75000 149992 -8.42391
235000 75000 149984 -15.5792
230000 80000 149991 -9.18485
235000 80000 149988 -11.5808
235000 75000 149984 -15.5792
240000 75000 149982 -18.2899
235000 80000 149988 -11.5808
240000 80000 149986 -14.1954
240000 70000 149985 -15.3324
245000 70000 149982 -18.0285
240000 75000 149982 -18.2899
245000 75000 149980 -19.8693
245000 70000 149982 -18.0285
250000 70000 149981 -18.9408
245000 75000 149980 -19.8693
250000 75000 149979 -20.896
240000 75000 149982 -18.2899
245000 75000 149980 -19.8693
240000 80000 149986 -14.1954
245000 80000 149983 -16.9098
245000 75000 149980 -19.8693
250000 75000 149979 -20.896
245000 80000 149983 -16.9098
250000 80000 149982 -18.3856
250000 70000 149981 -18.9408
255000 70000 149979 -21.3406
250000 75000 149979 -20.896
255000 75000 149978 -21.5995
255000 70000 149979 -21.3406
260000 70000 149978 -22.0378
255000 75000 149978 -21.5995
260000 75000 149978 -22.3257
250000 75000 149979 -20.896
255000 75000 149978 -21.5995
250000 80000 149982 -18.3856
255000 80000 149980 -20.3665
255000 75000 149978 -21.5995
260000 75000 149978 -22.3257
255000 80000 149980 -20.3665
260000 80000 149978 -22.1714
260000 70000 149978 -22.0378
265000 70000 149977 -22.9144
260000 75000 149978 -22.3257
265000 75000 149977 -23.0019
265000 70000 149977 -22.9144
270000 70000 149976 -24.1233
265000 75000 149977 -23.0019
270000 75000 149977 -23.2047
260000 75000 149978 -22.3257
265000 75000 149977 -23.0019
260000 80000 149978 -22.1714
265000 80000 149977 -22.7088
265000 75000 149977 -23.0019
270000 75000 149977 -23.2047
265000 80000 149977 -22.7088
270000 80000 149977 -23.1073
270000 70000 149976 -24.1233
275000 70000 149976 -24.3437
270000 75000 149977 -23.2047
275000 75000 149976 -23.5807
275000 70000 149976 -24.3437
280000 70000 149975 -24.7106
275000 75000 149976 -23.5807
280000 75000 149976 -23.5542
270000 75000 149977 -23.2047
275000 75000 149976 -23.5807
270000 80000 149977 -23.1073
275000 80000 149977 -23.3916
275000 75000 149976 -23.5807
280000 75000 149976 -23.5542
275000 80000 149977 -23.3916
280000 80000 149976 -24.0089
280000 70000 149975 -24.7106
285000 70000 149975 -24.7836
280000 75000 149976 -23.5542
285000 75000 149976 -24.2162
285000 70000 149975 -24.7836
290000 70000 149974 -26.001
285000 75000 149976 -24.2162
290000 75000 149975 -25.2661
280000 75000 149976 -23.5542
285000 75000 149976 -24.2162
280000 80000 149976 -24.0089
285000 80000 149975 -24.51
285000 75000 149976 -24.2162
290000 75000 149975 -25.2661
285000 80000 149975 -24.51
290000 80000 149975 -24.9939
290000 70000 149974 -26.001
295000 70000 149973 -26.8682
290000 75000 149975 -25.2661
295000 75000 149974 -26.3751
295000 70000 149973 -26.8682
300000 70000 149972 -27.6688
295000 75000 149974 -26.3751
300000 75000 149973 -27.0763
290000 75000 149975 -25.2661
295000 75000 149974 -26.3751
290000 80000 149975 -24.9939
295000 80000 149974 -26.0697
295000 75000 149974 -26.3751
300000 75000 149973 -27.0763
295000 80000 149974 -26.0697
300000 80000 149973 -27.0799
160000 80000 149869 -130.741
165000 80000 149891 -108.767
160000 85000 149892 -107.867
165000 85000 149870 -130.346
165000 80000 149891 -108.767
170000 80000 149939 -60.8491
165000 85000 149870 -130.346
170000 85000 149923 -77.2944
160000 85000 149892 -107.867
165000 85000 149870 -130.346
160000 90000 149923 -76.5429
165000 90000 149878 -121.926
165000 85000 149870 -130.346
170000 85000 149923 -77.2944
165000 90000 149878 -121.926
170000 90000 149895 -105.19
170000 80000 149939 -60.8491
175000 80000 149982 -18.3816
170000 85000 149923 -77.2944
175000 85000 149955 -45.1486
175000 80000 149982 -18.3816
180000 80000 150017 17.1262
175000 85000 149955 -45.1486
180000 85000 149998 -2.03817
170000 85000 149923 -77.2944
175000 85000 149955 -45.1486
170000 90000 149895 -105.19
175000 90000 149938 -61.6929
175000 85000 149955 -45.1486
180000 85000 149998 -2.03817
175000 90000 149938 -61.6929
180000 90000 149981 -19.388
180000 80000 150017 17.1262
185000 80000 150030 30.3874
180000 85000 149998 -2.03817
185000 85000 150030 30.1234
185000 80000 150030 30.3874
190000 80000 150032 32.2469
185000 85000 150030 30.1234
190000 85000 150033 32.997
180000 85000 149998 -2.03817
185000 85000 150030 30.1234
180000 90000 149981 -19.388
185000 90000 150025 25.1497
185000 85000 150030 30.1234
190000 85000 150033 32.997
185000 90000 150025 25.1497
190000 90000 150036 35.7022
190000 80000 150032 32.2469
195000 80000 150030 30.1586
190000 85000 150033 32.997
195000 85000 150029 29.2208
195000 80000 150030 30.1586
200000 80000 150028 27.8929
195000 85000 150029 29.2208
200000 85000 150027 27.2757
190000 85000 150033 32.997
195000 85000 150029 29.2208
190000 90000 150036 35.7022
195000 90000 150030 29.8046
195000 85000 150029 29.2208
200000 85000 150027 27.2757
195000 90000 150030 29.8046
200000 90000 150026 26.386
200000 80000 150028 27.8929
205000 80000 150023 23.0588
200000 85000 150027 27.2757
205000 85000 150024 23.8833
205000 80000 150023 23.0588
210000 80000 150017 16.8405
205000 85000 150024 23.8833
210000 85000 150020 20.1213
200000 85000 150027 27.2757
205000 85000 150024 23.8833
200000 90000 150026 26.386
205000 90000 150023 23.0144
205000 85000 150024 23.8833
210000 85000 150020 20.1213
205000 90000 150023 23.0144
210000 90000 150017 16.7125
210000 80000 150017 16.8405
215000 80000 150011 10.6712
210000 85000 150020 20.1213
215000 85000 150013 13.4
215000 80000 150011 10.6712
220000 80000 150005 4.83252
215000 85000 150013 13.4
220000 85000 150006 5.96791
210000 85000 150020 20.1213
215000 85000 150013 13.4
210000 90000 150017 16.7125
215000 90000 150010 10.342
215000 85000 150013 13.4
220000 85000 150006 5.96791
215000 90000 150010 10.342
220000 90000 150004 3.94819
220000 80000 150005 4.83252
225000 80000 149997 -2.64859
220000 85000 150006 5.96791
225000 85000 150000 -0.237899
225000 80000 149997 -2.64859
230000 80000 149991 -9.18485
225000 85000 150000 -0.237899
230000 85000 149995 -4.50182
220000 85000 150006 5.96791
225000 85000 150000 -0.237899
220000 90000 150004 3.94819
225000 90000 150000 -0.0887416
225000 85000 150000 -0.237899
230000 85000 149995 -4.50182
225000 90000 150000 -0.0887416
230000 90000 149995 -5.15924
230000 80000 149991 -9.18485
235000 80000 149988 -11.5808
230000 85000 149995 -4.50182
235000 85000 149991 -9.14473
235000 80000 149988 -11.5808
240000 80000 149986 -14.1954
235000 85000 149991 -9.14473
240000 85000 149986 -14.3953
230000 85000 149995 -4.50182
235000 85000 149991 -9.14473
230000 90000 149995 -5.15924
235000 90000 149989 -11.4634
235000 85000 149991 -9.14473
240000 85000 149986 -14.3953
235000 90000 149989 -11.4634
240000 90000 149985 -15.3933
240000 80000 149986 -14.1954
245000 80000 149983 -16.9098
240000 85000 149986 -14.3953
245000 85000 149982 -17.9952
245000 80000 149983 -16.9098
250000 80000 149982 -18.3856
245000 85000 149982 -17.9952
250000 85000 149981 -19.2285
240000 85000 149986 -14.3953
245000 85000 149982 -17.9952
240000 90000 149985 -15.3933
245000 90000 149983 -17.0456
245000 85000 149982 -17.9952
250000 85000 149981 -19.2285
245000 90000 149983 -17.0456
250000 90000 149980 -19.6473
250000 80000 149982 -18.3856
255000 80000 149980 -20.3665
250000 85000 149981 -19.2285
255000 85000 149979 -21.4582
255000 80000 149980 -20.3665
260000 80000 149978 -22.1714
255000 85000 149979 -21.4582
260000 85000 149978 -22.1605
250000 85000 149981 -19.2285
255000 85000 149979 -21.4582
250000 90000 149980 -19.6473
255000 90000 149979 -20.7986
255000 85000 149979 -21.4582
260000 85000 149978 -22.1605
255000 90000 149979 -20.7986
260000 90000 149978 -21.949
260000 80000 149978 -22.1714
265000 80000 149977 -22.7088
260000 85000 149978 -22.1605
265000 85000 149977 -22.6809
265000 80000 149977 -22.7088
270000 80000 149977 -23.1073
265000 85000 149977 -22.6809
270000 85000 149977 -23.1034
260000 85000 149978 -22.1605
265000 85000 149977 -22.6809
260000 90000 149978 -21.949
265000 90000 149977 -22.7038
265000 85000 149977 -22.6809
270000 85000 149977 -23.1034
265000 90000 149977 -22.7038
270000 90000 149977 -23.1697
270000 80000 149977 -23.1073
275000 80000 149977 -23.3916
270000 85000 149977 -23.1034
275000 85000 149976 -23.5262
275000 80000 149977 -23.3916
280000 80000 149976 -24.0089
275000 85000 149976 -23.5262
280000 85000 149976 -23.845
270000 85000 149977 -23.1034
275000 85000 149976 -23.5262
270000 90000 149977 -23.1697
275000 90000 149976 -23.5922
275000 85000 149976 -23.5262
280000 85000 149976 -23.845
275000 90000 149976 -23.5922
280000 90000 149976 -23.858
280000 80000 149976 -24.0089
285000 80000 149975 -24.51
280000 85000 149976 -23.845
285000 85000 149975 -24.7913
285000 80000 149975 -24.51
290000 80000 149975 -24.9939
285000 85000 149975 -24.7913
290000 85000 149974 -25.6663
280000 85000 149976 -23.845
285000 85000 149975 -24.7913
280000 90000 149976 -23.858
285000 90000 149976 -24.2436
285000 85000 149975 -24.7913
290000 85000 149974 -25.6663
285000 90000 149976 -24.2436
290000 90000 149975 -25.4226
290000 80000 149975 -24.9939
295000 80000 149974 -26.0697
290000 85000 149974 -25.6663
295000 85000 149973 -26.5046
295000 80000 149974 -26.0697
300000 80000 149973 -27.0799
295000 85000 149973 -26.5046
300000 85000 149973 -26.9268
290000 85000 149974 -25.6663
295000 85000 149973 -26.5046
290000 90000 149975 -25.4226
295000 90000 149974 -26.4417
295000 85000 149973 -26.5046
300000 85000 149973 -26.9268
295000 90000 149974 -26.4417
300000 90000 149973 -26.8415
160000 90000 149923 -76.5429
165000 90000 149878 -121.926
160000 95000 149939 -60.5139
165000 95000 149905 -95.3446
165000 90000 149878 -121.926
170000 90000 149895 -105.19
165000 95000 149905 -95.3446
170000 95000 149885 -115.384
160000 95000 149939 -60.5139
165000 95000 149905 -95.3446
160000 100000 149949 -51.4047
165000 100000 149927 -73.4565
165000 95000 149905 -95.3446
170000 95000 149885 -115.384
165000 100000 149927 -73.4565
170000 100000 149898 -101.876
170000 90000 149895 -105.19
175000 90000 149938 -61.6929
170000 95000 149885 -115.384
175000 95000 149923 -77.1653
175000 90000 149938 -61.6929
180000 90000 149981 -19.388
175000 95000 149923 -77.1653
180000 95000 149959 -41.2721
170000 95000 149885 -115.384
175000 95000 149923 -77.1653
170000 100000 149898 -101.876
175000 100000 149909 -90.8253
175000 95000 149923 -77.1653
180000 95000 149959 -41.2721
175000 100000 149909 -90.8253
180000 100000 149942 -58.4783
180000 90000 149981 -19.388
185000 90000 150025 25.1497
180000 95000 149959 -41.2721
185000 95000 150008 8.30577
185000 90000 150025 25.1497
190000 90000 150036 35.7022
185000 95000 150008 8.30577
190000 95000 150034 33.6104
180000 95000 149959 -41.2721
185000 95000 150008 8.30577
180000 100000 149942 -58.4783
185000 100000 149989 -11.1147
185000 95000 150008 8.30577
190000 95000 150034 33.6104
185000 100000 149989 -11.1147
190000 100000 150026 25.6294
190000 90000 150036 35.7022
195000 90000 150030 29.8046
190000 95000 150034 33.6104
195000 95000 150031 31.1115
195000 90000 150030 29.8046
200000 90000 150026 26.386
195000 95000 150031 31.1115
200000 95000 150026 25.603
190000 95000 150034 33.6104
195000 95000 150031 31.1115
190000 100000 150026 25.6294
195000 100000 150029 29.4843
195000 95000 150031 31.1115
200000 95000 150026 25.603
195000 100000 150029 29.4843
200000 100000 150025 24.6066
200000 90000 150026 26.386
205000 90000 150023 23.0144
200000 95000 150026 25.603
205000 95000 150022 22.2785
205000 90000 150023 23.0144
210000 90000 150017 16.7125
205000 95000 150022 22.2785
210000 95000 150020 20.0722
200000 95000 150026 25.603
205000 95000 150022 22.2785
200000 100000 150025 24.6066
205000 100000 150022 21.7935
205000 95000 150022 22.2785
210000 95000 150020 20.0722
205000 100000 150022 21.7935
210000 100000 150016 16.0419
210000 90000 150017 16.7125
215000 90000 150010 10.342
210000 95000 150020 20.0722
215000 95000 150013 13.2008
215000 90000 150010 10.342
220000 90000 150004 3.94819
215000 95000 150013 13.2008
220000 95000 150006 5.76481
210000 95000 150020 20.0722
215000 95000 150013 13.2008
210000 100000 150016 16.0419
215000 100000 150015 15.4656
215000 95000 150013 13.2008
220000 95000 150006 5.76481
215000 100000 150015 15.4656
220000 100000 150009 8.95523
220000 90000 150004 3.94819
225000 90000 150000 -0.0887416
220000 95000 150006 5.76481
225000 95000 150000 -0.38139
225000 90000 150000 -0.0887416
230000 90000 149995 -5.15924
225000 95000 150000 -0.38139
230000 95000 149993 -7.05136
220000 95000 150006 5.76481
225000 95000 150000 -0.38139
220000 100000 150009 8.95523
225000 100000 150002 2.38445
225000 95000 150000 -0.38139
230000 95000 149993 -7.05136
225000 100000 150002 2.38445
230000 100000 149997 -2.99913
230000 90000 149995 -5.15924
235000 90000 149989 -11.4634
230000 95000 149993 -7.05136
235000 95000 149989 -10.7764
235000 90000 149989 -11.4634
240000 90000 149985 -15.3933
235000 95000 149989 -10.7764
240000 95000 149987 -12.5864
230000 95000 149993 -7.05136
235000 95000 149989 -10.7764
230000 100000 149997 -2.99913
235000 100000 149991 -8.73706
235000 95000 149989 -10.7764
240000 95000 149987 -12.5864
235000 100000 149991 -8.73706
240000 100000 149986 -14.2529
240000 90000 149985 -15.3933
245000 90000 149983 -17.0456
240000 95000 149987 -12.5864
245000 95000 149984 -15.582
245000 90000 149983 -17.0456
250000 90000 149980 -19.6473
245000 95000 149984 -15.582
250000 95000 149980 -19.8042
240000 95000 149987 -12.5864
245000 95000 149984 -15.582
240000 100000 149986 -14.2529
245000 100000 149982 -18.204
245000 95000 149984 -15.582
250000 95000 149980 -19.8042
245000 100000 149982 -18.204
250000 100000 149981 -19.4706
250000 90000 149980 -19.6473
255000 90000 149979 -20.7986
250000 95000 149980 -19.8042
255000 95000 149978 -21.5203
255000 90000 149979 -20.7986
260000 90000 149978 -21.949
255000 95000 149978 -21.5203
260000 95000 149978 -22.1325
250000 95000 149980 -19.8042
255000 95000 149978 -21.5203
250000 100000 149981 -19.4706
255000 100000 149979 -21.2618
255000 95000 149978 -21.5203
260000 95000 149978 -22.1325
255000 100000 149979 -21.2618
260000 100000 149978 -22.034
260000 90000 149978 -21.949
265000 90000 149977 -22.7038
260000 95000 149978 -22.1325
265000 95000 149977 -22.7331
265000 90000 149977 -22.7038
270000 90000 149977 -23.1697
265000 95000 149977 -22.7331
270000 95000 149977 -23.3227
260000 95000 149978 -22.1325
265000 95000 149977 -22.7331
260000 100000 149978 -22.034
265000 100000 149978 -22.4048
265000 95000 149977 -22.7331
270000 95000 149977 -23.3227
265000 100000 149978 -22.4048
270000 100000 149977 -23.1632
270000 90000 149977 -23.1697
275000 90000 149976 -23.5922
270000 95000 149977 -23.3227
275000 95000 149976 -23.8095
275000 90000 149976 -23.5922
280000 90000 149976 -23.858
275000 95000 149976 -23.8095
280000 95000 149975 -24.6461
270000 95000 149977 -23.3227
275000 95000 149976 -23.8095
270000 100000 149977 -23.1632
275000 100000 149976 -23.7009
275000 95000 149976 -23.8095
280000 95000 149975 -24.6461
275000 100000 149976 -23.7009
280000 100000 149976 -24.3644
280000 90000 149976 -23.858
285000 90000 149976 -24.2436
280000 95000 149975 -24.6461
285000 95000 149976 -24.4382
285000 90000 149976 -24.2436
290000 90000 149975 -25.4226
285000 95000 149976 -24.4382
290000 95000 149975 -25.227
280000 95000 149975 -24.6461
285000 95000 149976 -24.4382
280000 100000 149976 -24.3644
285000 100000 149975 -24.9483
285000 95000 149976 -24.4382
290000 95000 149975 -25.227
285000 100000 149975 -24.9483
290000 100000 149975 -25.4169
290000 90000 149975 -25.4226
295000 90000 149974 -26.4417
290000 95000 149975 -25.227
295000 95000 149974 -25.9333
295000 90000 149974 -26.4417
300000 90000 149973 -26.8415
295000 95000 149974 -25.9333
300000 95000 149973 -26.9292
290000 95000 149975 -25.227
295000 95000 149974 -25.9333
290000 100000 149975 -25.4169
295000 100000 149973 -26.6819
295000 95000 149974 -25.9333
300000 95000 149973 -26.9292
295000 100000 149973 -26.6819
300000 100000 149973 -27.1314
160000 100000 149949 -51.4047
165000 100000 149927 -73.4565
160000 105000 149955 -45.1246
165000 105000 149937 -63.2086
165000 100000 149927 -73.4565
170000 100000 149898 -101.876
165000 105000 149937 -63.2086
170000 105000 149921 -79.1152
160000 105000 149955 -45.1246
165000 105000 149937 -63.2086
160000 110000 149959 -41.148
165000 110000 149940 -59.5891
165000 105000 149937 -63.2086
170000 105000 149921 -79.1152
165000 110000 149940 -59.5891
170000 110000 149934 -66.0741
170000 100000 149898 -101.876
175000 100000 149909 -90.8253
170000 105000 149921 -79.1152
175000 105000 149922 -78.0663
175000 100000 149909 -90.8253
180000 100000 149942 -58.4783
175000 105000 149922 -78.0663
180000 105000 149941 -59.2241
170000 105000 149921 -79.1152
175000 105000 149922 -78.0663
170000 110000 149934 -66.0741
175000 110000 149934 -65.5666
175000 105000 149922 -78.0663
180000 105000 149941 -59.2241
175000 110000 149934 -65.5666
180000 110000 149945 -55.2308
180000 100000 149942 -58.4783
185000 100000 149989 -11.1147
180000 105000 149941 -59.2241
185000 105000 149976 -24.212
185000 100000 149989 -11.1147
190000 100000 150026 25.6294
185000 105000 149976 -24.212
190000 105000 150011 10.8621
180000 105000 149941 -59.2241
185000 105000 149976 -24.212
180000 110000 149945 -55.2308
185000 110000 149969 -30.5779
185000 105000 149976 -24.212
190000 105000 150011 10.8621
185000 110000 149969 -30.5779
190000 110000 149996 -4.05709
190000 100000 150026 25.6294
195000 100000 150029 29.4843
190000 105000 150011 10.8621
195000 105000 150023 22.8249
195000 100000 150029 29.4843
200000 100000 150025 24.6066
195000 105000 150023 22.8249
200000 105000 150022 21.5237
190000 105000 150011 10.8621
195000 105000 150023 22.8249
190000 110000 149996 -4.05709
195000 110000 150012 12.1086
195000 105000 150023 22.8249
200000 105000 150022 21.5237
195000 110000 150012 12.1086
200000 110000 150017 16.9817
200000 100000 150025 24.6066
205000 100000 150022 21.7935
200000 105000 150022 21.5237
205000 105000 150020 19.9006
205000 100000 150022 21.7935
210000 100000 150016 16.0419
205000 105000 150020 19.9006
210000 105000 150016 16.2376
200000 105000 150022 21.5237
205000 105000 150020 19.9006
200000 110000 150017 16.9817
205000 110000 150019 18.8714
205000 105000 150020 19.9006
210000 105000 150016 16.2376
205000 110000 150019 18.8714
210000 110000 150015 15.0708
210000 100000 150016 16.0419
215000 100000 150015 15.4656
210000 105000 150016 16.2376
215000 105000 150008 8.30438
215000 100000 150015 15.4656
220000 100000 150009 8.95523
215000 105000 150008 8.30438
220000 105000 150008 8.05028
210000 105000 150016 16.2376
215000 105000 150008 8.30438
210000 110000 150015 15.0708
215000 110000 150009 9.13759
215000 105000 150008 8.30438
220000 105000 150008 8.05028
215000 110000 150009 9.13759
220000 110000 150001 0.846565
220000 100000 150009 8.95523
225000 100000 150002 2.38445
220000 105000 150008 8.05028
225000 105000 150005 4.51705
225000 100000 150002 2.38445
230000 100000 149997 -2.99913
225000 105000 150005 4.51705
230000 105000 149997 -2.77486
220000 105000 150008 8.05028
225000 105000 150005 4.51705
220000 110000 150001 0.846565
225000 110000 150000 0.375717
225000 105000 150005 4.51705
230000 105000 149997 -2.77486
225000 110000 150000 0.375717
230000 110000 149997 -3.03887
230000 100000 149997 -2.99913
235000 100000 149991 -8.73706
230000 105000 149997 -2.77486
235000 105000 149991 -8.85394
235000 100000 149991 -8.73706
240000 100000 149986 -14.2529
235000 105000 149991 -8.85394
240000 105000 149988 -11.9563
230000 105000 149997 -2.77486
235000 105000 149991 -8.85394
230000 110000 149997 -3.03887
235000 110000 149991 -9.08289
235000 105000 149991 -8.85394
240000 105000 149988 -11.9563
235000 110000 149991 -9.08289
240000 110000 149983 -16.745
240000 100000 149986 -14.2529
245000 100000 149982 -18.204
240000 105000 149988 -11.9563
245000 105000 149984 -15.9125
245000 100000 149982 -18.204
250000 100000 149981 -19.4706
245000 105000 149984 -15.9125
250000 105000 149981 -18.9735
240000 105000 149988 -11.9563
245000 105000 149984 -15.9125
240000 110000 149983 -16.745
245000 110000 149983 -17.2206
245000 105000 149984 -15.9125
250000 105000 149981 -18.9735
245000 110000 149983 -17.2206
250000 110000 149981 -18.6426
250000 100000 149981 -19.4706
255000 100000 149979 -21.2618
250000 105000 149981 -18.9735
255000 105000 149979 -20.9061
255000 100000 149979 -21.2618
260000 100000 149978 -22.034
255000 105000 149979 -20.9061
260000 105000 149979 -21.3075
250000 105000 149981 -18.9735
255000 105000 149979 -20.9061
250000 110000 149981 -18.6426
255000 110000 149980 -19.6559
255000 105000 149979 -20.9061
260000 105000 149979 -21.3075
255000 110000 149980 -19.6559
260000 110000 149978 -21.6931
260000 100000 149978 -22.034
265000 100000 149978 -22.4048
260000 105000 149979 -21.3075
265000 105000 149978 -22.2873
265000 100000 149978 -22.4048
270000 100000 149977 -23.1632
265000 105000 149978 -22.2873
270000 105000 149976 -23.7183
260000 105000 149979 -21.3075
265000 105000 149978 -22.2873
260000 110000 149978 -21.6931
265000 110000 149977 -22.8641
265000 105000 149978 -22.2873
270000 105000 149976 -23.7183
265000 110000 149977 -22.8641
270000 110000 149976 -24.0304
270000 100000 149977 -23.1632
275000 100000 149976 -23.7009
270000 105000 149976 -23.7183
275000 105000 149976 -23.8862
275000 100000 149976 -23.7009
280000 100000 149976 -24.3644
275000 105000 149976 -23.8862
280000 105000 149976 -24.4843
270000 105000 149976 -23.7183
275000 105000 149976 -23.8862
270000 110000 149976 -24.0304
275000 110000 149976 -24.4459
275000 105000 149976 -23.8862
280000 105000 149976 -24.4843
275000 110000 149976 -24.4459
280000 110000 149975 -24.7144
280000 100000 149976 -24.3644
285000 100000 149975 -24.9483
280000 105000 149976 -24.4843
285000 105000 149975 -25.4187
285000 100000 149975 -24.9483
290000 100000 149975 -25.4169
285000 105000 149975 -25.4187
290000 105000 149974 -26.0456
280000 105000 149976 -24.4843
285000 105000 149975 -25.4187
280000 110000 149975 -24.7144
285000 110000 149975 -25.1473
285000 105000 149975 -25.4187
290000 105000 149974 -26.0456
285000 110000 149975 -25.1473
290000 110000 149974 -25.6669
290000 100000 149975 -25.4169
295000 100000 149973 -26.6819
290000 105000 149974 -26.0456
295000 105000 149973 -26.6603
295000 100000 149973 -26.6819
300000 100000 149973 -27.1314
295000 105000 149973 -26.6603
300000 105000 149973 -27.1364
290000 105000 149974 -26.0456
295000 105000 149973 -26.6603
290000 110000 149974 -25.6669
295000 110000 149974 -26.4911
295000 105000 149973 -26.6603
300000 105000 149973 -27.1364
295000 110000 149974 -26.4911
300000 110000 149973 -27.1919
160000 110000 149959 -41.148
165000 110000 149940 -59.5891
160000 115000 149947 -52.6384
165000 115000 149943 -57.4298
165000 110000 149940 -59.5891
170000 110000 149934 -66.0741
165000 115000 149943 -57.4298
170000 115000 149939 -60.6799
160000 115000 149947 -52.6384
165000 115000 149943 -57.4298
160000 120000 149963 -36.6352
165000 120000 149950 -50.283
165000 115000 149943 -57.4298
170000 115000 149939 -60.6799
165000 120000 149950 -50.283
170000 120000 149942 -58.0451
170000 110000 149934 -66.0741
175000 110000 149934 -65.5666
170000 115000 149939 -60.6799
175000 115000 149941 -58.9699
175000 110000 149934 -65.5666
180000 110000 149945 -55.2308
175000 115000 149941 -58.9699
180000 115000 149946 -54.3673
170000 115000 149939 -60.6799
175000 115000 149941 -58.9699
170000 120000 149942 -58.0451
175000 120000 149944 -56.1436
175000 115000 149941 -58.9699
180000 115000 149946 -54.3673
175000 120000 149944 -56.1436
180000 120000 149953 -47.079
180000 110000 149945 -55.2308
185000 110000 149969 -30.5779
180000 115000 149946 -54.3673
185000 115000 149961 -39.3892
185000 110000 149969 -30.5779
190000 110000 149996 -4.05709
185000 115000 149961 -39.3892
190000 115000 149982 -17.5104
180000 115000 149946 -54.3673
185000 115000 149961 -39.3892
180000 120000 149953 -47.079
185000 120000 149967 -32.9828
185000 115000 149961 -39.3892
190000 115000 149982 -17.5104
185000 120000 149967 -32.9828
190000 120000 149985 -14.8997
190000 110000 149996 -4.05709
195000 110000 150012 12.1086
190000 115000 149982 -17.5104
195000 115000 149999 -1.0596
195000 110000 150012 12.1086
200000 110000 150017 16.9817
195000 115000 149999 -1.0596
200000 115000 150014 14.4155
190000 115000 149982 -17.5104
195000 115000 149999 -1.0596
190000 120000 149985 -14.8997
195000 120000 150005 5.18435
195000 115000 149999 -1.0596
200000 115000 150014 14.4155
195000 120000 150005 5.18435
200000 120000 150017 16.5851
200000 110000 150017 16.9817
205000 110000 150019 18.8714
200000 115000 150014 14.4155
205000 115000 150019 19.3976
205000 110000 150019 18.8714
210000 110000 150015 15.0708
205000 115000 150019 19.3976
210000 115000 150018 17.8993
200000 115000 150014 14.4155
205000 115000 150019 19.3976
200000 120000 150017 16.5851
205000 120000 150020 19.7873
205000 115000 150019 19.3976
210000 115000 150018 17.8993
205000 120000 150020 19.7873
210000 120000 150018 18.0357
210000 110000 150015 15.0708
215000 110000 150009 9.13759
210000 115000 150018 17.8993
215000 115000 150011 11.1922
215000 110000 150009 9.13759
220000 110000 150001 0.846565
215000 115000 150011 11.1922
220000 115000 150006 5.78137
210000 115000 150018 17.8993
215000 115000 150011 11.1922
210000 120000 150018 18.0357
215000 120000 150014 14.204
215000 115000 150011 11.1922
220000 115000 150006 5.78137
215000 120000 150014 14.204
220000 120000 150009 9.20642
220000 110000 150001 0.846565
225000 110000 150000 0.375717
220000 115000 150006 5.78137
225000 115000 149999 -0.937515
225000 110000 150000 0.375717
230000 110000 149997 -3.03887
225000 115000 149999 -0.937515
230000 115000 149990 -9.74351
220000 115000 150006 5.78137
225000 115000 149999 -0.937515
220000 120000 150009 9.20642
225000 120000 150003 3.45894
225000 115000 149999 -0.937515
230000 115000 149990 -9.74351
225000 120000 150003 3.45894
230000 120000 149997 -2.98378
230000 110000 149997 -3.03887
235000 110000 149991 -9.08289
230000 115000 149990 -9.74351
235000 115000 149987 -13.0465
235000 110000 149991 -9.08289
240000 110000 149983 -16.745
235000 115000 149987 -13.0465
240000 115000 149989 -11.4565
230000 115000 149990 -9.74351
235000 115000 149987 -13.0465
230000 120000 149997 -2.98378
235000 120000 149993 -6.90229
235000 115000 149987 -13.0465
240000 115000 149989 -11.4565
235000 120000 149993 -6.90229
240000 120000 149990 -9.87966
240000 110000 149983 -16.745
245000 110000 149983 -17.2206
240000 115000 149989 -11.4565
245000 115000 149986 -14.0425
245000 110000 149983 -17.2206
250000 110000 149981 -18.6426
245000 115000 149986 -14.0425
250000 115000 149983 -16.6731
240000 115000 149989 -11.4565
245000 115000 149986 -14.0425
240000 120000 149990 -9.87966
245000 120000 149986 -13.602
245000 115000 149986 -14.0425
250000 115000 149983 -16.6731
245000 120000 149986 -13.602
250000 120000 149983 -16.7945
250000 110000 149981 -18.6426
255000 110000 149980 -19.6559
250000 115000 149983 -16.6731
255000 115000 149980 -19.5232
255000 110000 149980 -19.6559
260000 110000 149978 -21.6931
255000 115000 149980 -19.5232
260000 115000 149978 -22.0686
250000 115000 149983 -16.6731
255000 115000 149980 -19.5232
250000 120000 149983 -16.7945
255000 120000 149980 -19.7718
255000 115000 149980 -19.5232
260000 115000 149978 -22.0686
255000 120000 149980 -19.7718
260000 120000 149979 -20.9361
260000 110000 149978 -21.6931
265000 110000 149977 -22.8641
260000 115000 149978 -22.0686
265000 115000 149977 -23.441
265000 110000 149977 -22.8641
270000 110000 149976 -24.0304
265000 115000 149977 -23.441
270000 115000 149977 -23.3902
260000 115000 149978 -22.0686
265000 115000 149977 -23.441
260000 120000 149979 -20.9361
265000 120000 149977 -22.5206
265000 115000 149977 -23.441
270000 115000 149977 -23.3902
265000 120000 149977 -22.5206
270000 120000 149977 -23.4733
270000 110000 149976 -24.0304
275000 110000 149976 -24.4459
270000 115000 149977 -23.3902
275000 115000 149976 -23.9174
275000 110000 149976 -24.4459
280000 110000 149975 -24.7144
275000 115000 149976 -23.9174
280000 115000 149975 -24.6161
270000 115000 149977 -23.3902
275000 115000 149976 -23.9174
270000 120000 149977 -23.4733
275000 120000 149976 -24.1304
275000 115000 149976 -23.9174
280000 115000 149975 -24.6161
275000 120000 149976 -24.1304
280000 120000 149976 -24.203
280000 110000 149975 -24.7144
285000 110000 149975 -25.1473
280000 115000 149975 -24.6161
285000 115000 149974 -25.5945
285000 110000 149975 -25.1473
290000 110000 149974 -25.6669
285000 115000 149974 -25.5945
290000 115000 149974 -26.2573
280000 115000 149975 -24.6161
285000 115000 149974 -25.5945
280000 120000 149976 -24.203
285000 120000 149975 -25.4269
285000 115000 149974 -25.5945
290000 115000 149974 -26.2573
285000 120000 149975 -25.4269
290000 120000 149973 -26.6456
290000 110000 149974 -25.6669
295000 110000 149974 -26.4911
290000 115000 149974 -26.2573
295000 115000 149973 -26.763
295000 110000 149974 -26.4911
300000 110000 149973 -27.1919
295000 115000 149973 -26.763
300000 115000 149973 -27.0686
290000 115000 149974 -26.2573
295000 115000 149973 -26.763
290000 120000 149973 -26.6456
295000 120000 149973 -27.1485
295000 115000 149973 -26.763
300000 115000 149973 -27.0686
295000 120000 149973 -27.1485
300000 120000 149973 -27.2058
