# x y z topography
0 0 149987 -13.0972
5000 0 149986 -14.4529
0 5000 149987 -13.0221
5000 5000 149990 -9.51329
5000 0 149986 -14.4529
10000 0 149990 -9.50167
5000 5000 149990 -9.51329
10000 5000 149989 -11.1202
0 5000 149987 -13.0221
5000 5000 149990 -9.51329
0 10000 149988 -11.961
5000 10000 149991 -8.92792
5000 5000 149990 -9.51329
10000 5000 149989 -11.1202
5000 10000 149991 -8.92792
10000 10000 149989 -10.6713
10000 0 149990 -9.50167
15000 0 149988 -11.5732
10000 5000 149989 -11.1202
15000 5000 149992 -8.20746
15000 0 149988 -11.5732
20000 0 149992 -7.70072
15000 5000 149992 -8.20746
20000 5000 149991 -9.40591
10000 5000 149989 -11.1202
15000 5000 149992 -8.20746
10000 10000 149989 -10.6713
15000 10000 149989 -10.7358
15000 5000 149992 -8.20746
20000 5000 149991 -9.40591
15000 10000 149989 -10.7358
20000 10000 149992 -7.51018
20000 0 149992 -7.70072
25000 0 149993 -7.1946
20000 5000 149991 -9.40591
25000 5000 149990 -9.64895
25000 0 149993 -7.1946
30000 0 149991 -9.4884
25000 5000 149990 -9.64895
30000 5000 149993 -6.69937
20000 5000 149991 -9.40591
25000 5000 149990 -9.64895
20000 10000 149992 -7.51018
25000 10000 149992 -7.84242
25000 5000 149990 -9.64895
30000 5000 149993 -6.69937
25000 10000 149992 -7.84242
30000 10000 149993 -6.93472
30000 0 149991 -9.4884
35000 0 149995 -5.10075
30000 5000 149993 -6.69937
35000 5000 149991 -9.2929
35000 0 149995 -5.10075
40000 0 149991 -8.94661
35000 5000 149991 -9.2929
40000 5000 149991 -8.88931
30000 5000 149993 -6.69937
35000 5000 149991 -9.2929
30000 10000 149993 -6.93472
35000 10000 149991 -9.306
35000 5000 149991 -9.2929
40000 5000 149991 -8.88931
35000 10000 149991 -9.306
40000 10000 149992 -8.49169
40000 0 149991 -8.94661
45000 0 149993 -7.4258
40000 5000 149991 -8.88931
45000 5000 149992 -7.63385
45000 0 149993 -7.4258
50000 0 149995 -4.78516
45000 5000 149992 -7.63385
50000 5000 149993 -6.53208
40000 5000 149991 -8.88931
45000 5000 149992 -7.63385
40000 10000 149992 -8.49169
45000 10000 149992 -8.06254
45000 5000 149992 -7.63385
50000 5000 149993 -6.53208
45000 10000 149992 -8.06254
50000 10000 149993 -6.95318
50000 0 149995 -4.78516
55000 0 149996 -4.47246
50000 5000 149993 -6.53208
55000 5000 149995 -5.49211
55000 0 149996 -4.47246
60000 0 150000 0.402093
55000 5000 149995 -5.49211
60000 5000 149998 -1.90308
50000 5000 149993 -6.53208
55000 5000 149995 -5.49211
50000 10000 149993 -6.95318
55000 10000 149995 -5.07599
55000 5000 149995 -5.49211
60000 5000 149998 -1.90308
55000 10000 149995 -5.07599
60000 10000 149997 -3.21681
60000 0 150000 0.402093
65000 0 149998 -2.26117
60000 5000 149998 -1.90308
65000 5000 150003 2.82456
65000 0 149998 -2.26117
70000 0 150003 3.11977
65000 5000 150003 2.82456
70000 5000 150003 2.54353
60000 5000 149998 -1.90308
65000 5000 150003 2.82456
60000 10000 149997 -3.21681
65000 10000 149998 -2.00731
65000 5000 150003 2.82456
70000 5000 150003 2.54353
65000 10000 149998 -2.00731
70000 10000 150000 -0.465836
70000 0 150003 3.11977
75000 0 150001 0.566017
70000 5000 150003 2.54353
75000 5000 150004 4.20449
75000 0 150001 0.566017
80000 0 150008 8.17822
75000 5000 150004 4.20449
80000 5000 150006 6.40119
70000 5000 150003 2.54353
75000 5000 150004 4.20449
70000 10000 150000 -0.465836
75000 10000 150004 4.23717
75000 5000 150004 4.20449
80000 5000 150006 6.40119
75000 10000 150004 4.23717
80000 10000 150006 5.8419
0 10000 149988 -11.961
5000 10000 149991 -8.92792
0 15000 149988 -11.6295
5000 15000 149989 -11
5000 10000 149991 -8.92792
10000 10000 149989 -10.6713
5000 15000 149989 -11
10000 15000 149989 -10.9228
0 15000 149988 -11.6295
5000 15000 149989 -11
0 20000 149990 -9.52487
5000 20000 149990 -10.0227
5000 15000 149989 -11
10000 15000 149989 -10.9228
5000 20000 149990 -10.0227
10000 20000 149989 -11
10000 10000 149989 -10.6713
15000 10000 149989 -10.7358
10000 15000 149989 -10.9228
15000 15000 149989 -10.7607
15000 10000 149989 -10.7358
20000 10000 149992 -7.51018
15000 15000 149989 -10.7607
20000 15000 149991 -9.43634
10000 15000 149989 -10.9228
15000 15000 149989 -10.7607
10000 20000 149989 -11
15000 20000 149989 -10.816
15000 15000 149989 -10.7607
20000 15000 149991 -9.43634
15000 20000 149989 -10.816
20000 20000 149993 -7.10371
20000 10000 149992 -7.51018
25000 10000 149992 -7.84242
20000 15000 149991 -9.43634
25000 15000 149990 -9.72227
25000 10000 149992 -7.84242
30000 10000 149993 -6.93472
25000 15000 149990 -9.72227
30000 15000 149990 -9.51068
20000 15000 149991 -9.43634
25000 15000 149990 -9.72227
20000 20000 149993 -7.10371
25000 20000 149990 -10.0122
25000 15000 149990 -9.72227
30000 15000 149990 -9.51068
25000 20000 149990 -10.0122
30000 20000 149991 -9.17763
30000 10000 149993 -6.93472
35000 10000 149991 -9.306
30000 15000 149990 -9.51068
35000 15000 149995 -5.16863
35000 10000 149991 -9.306
40000 10000 149992 -8.49169
35000 15000 149995 -5.16863
40000 15000 149993 -7.35312
30000 15000 149990 -9.51068
35000 15000 149995 -5.16863
30000 20000 149991 -9.17763
35000 20000 149994 -6.0699
35000 15000 149995 -5.16863
40000 15000 149993 -7.35312
35000 20000 149994 -6.0699
40000 20000 149995 -4.87547
40000 10000 149992 -8.49169
45000 10000 149992 -8.06254
40000 15000 149993 -7.35312
45000 15000 149993 -6.69025
45000 10000 149992 -8.06254
50000 10000 149993 -6.95318
45000 15000 149993 -6.69025
50000 15000 149994 -5.65764
40000 15000 149993 -7.35312
45000 15000 149993 -6.69025
40000 20000 149995 -4.87547
45000 20000 149993 -6.6746
45000 15000 149993 -6.69025
50000 15000 149994 -5.65764
45000 20000 149993 -6.6746
50000 20000 149994 -5.92986
50000 10000 149993 -6.95318
55000 10000 149995 -5.07599
50000 15000 149994 -5.65764
55000 15000 149996 -4.17399
55000 10000 149995 -5.07599
60000 10000 149997 -3.21681
55000 15000 149996 -4.17399
60000 15000 149999 -0.925446
50000 15000 149994 -5.65764
55000 15000 149996 -4.17399
50000 20000 149994 -5.92986
55000 20000 149995 -5.1653
55000 15000 149996 -4.17399
60000 15000 149999 -0.925446
55000 20000 149995 -5.1653
60000 20000 149996 -3.91332
60000 10000 149997 -3.21681
65000 10000 149998 -2.00731
60000 15000 149999 -0.925446
65000 15000 149999 -0.90976
65000 10000 149998 -2.00731
70000 10000 150000 -0.465836
65000 15000 149999 -0.90976
70000 15000 149999 -0.50186
60000 15000 149999 -0.925446
65000 15000 149999 -0.90976
60000 20000 149996 -3.91332
65000 20000 150000 0.452585
65000 15000 149999 -0.90976
70000 15000 149999 -0.50186
65000 20000 150000 0.452585
70000 20000 150002 1.61282
70000 10000 150000 -0.465836
75000 10000 150004 4.23717
70000 15000 149999 -0.50186
75000 15000 150006 5.87245
75000 10000 150004 4.23717
80000 10000 150006 5.8419
75000 15000 150006 5.87245
80000 15000 150004 3.98362
70000 15000 149999 -0.50186
75000 15000 150006 5.87245
70000 20000 150002 1.61282
75000 20000 150005 4.62958
75000 15000 150006 5.87245
80000 15000 150004 3.98362
75000 20000 150005 4.62958
80000 20000 150004 4.28911
0 20000 149990 -9.52487
5000 20000 149990 -10.0227
0 25000 149989 -11.076
5000 25000 149989 -10.9909
5000 20000 149990 -10.0227
10000 20000 149989 -11
5000 25000 149989 -10.9909
10000 25000 149989 -10.8749
0 25000 149989 -11.076
5000 25000 149989 -10.9909
0 30000 149987 -12.7699
5000 30000 149989 -10.83
5000 25000 149989 -10.9909
10000 25000 149989 -10.8749
5000 30000 149989 -10.83
10000 30000 149990 -10.4008
10000 20000 149989 -11
15000 20000 149989 -10.816
10000 25000 149989 -10.8749
15000 25000 149991 -9.15741
15000 20000 149989 -10.816
20000 20000 149993 -7.10371
15000 25000 149991 -9.15741
20000 25000 149990 -10.3992
10000 25000 149989 -10.8749
15000 25000 149991 -9.15741
10000 30000 149990 -10.4008
15000 30000 149989 -10.8181
15000 25000 149991 -9.15741
20000 25000 149990 -10.3992
15000 30000 149989 -10.8181
20000 30000 149992 -8.09336
20000 20000 149993 -7.10371
25000 20000 149990 -10.0122
20000 25000 149990 -10.3992
25000 25000 149990 -10.1313
25000 20000 149990 -10.0122
30000 20000 149991 -9.17763
25000 25000 149990 -10.1313
30000 25000 149992 -7.81656
20000 25000 149990 -10.3992
25000 25000 149990 -10.1313
20000 30000 149992 -8.09336
25000 30000 149993 -6.69234
25000 25000 149990 -10.1313
30000 25000 149992 -7.81656
25000 30000 149993 -6.69234
30000 30000 149990 -9.62832
30000 20000 149991 -9.17763
35000 20000 149994 -6.0699
30000 25000 149992 -7.81656
35000 25000 149994 -5.99619
35000 20000 149994 -6.0699
40000 20000 149995 -4.87547
35000 25000 149994 -5.99619
40000 25000 149996 -4.30779
30000 25000 149992 -7.81656
35000 25000 149994 -5.99619
30000 30000 149990 -9.62832
35000 30000 149991 -9.15821
35000 25000 149994 -5.99619
40000 25000 149996 -4.30779
35000 30000 149991 -9.15821
40000 30000 149995 -4.55565
40000 20000 149995 -4.87547
45000 20000 149993 -6.6746
40000 25000 149996 -4.30779
45000 25000 149995 -4.5923
45000 20000 149993 -6.6746
50000 20000 149994 -5.92986
45000 25000 149995 -4.5923
50000 25000 149998 -2.25977
40000 25000 149996 -4.30779
45000 25000 149995 -4.5923
40000 30000 149995 -4.55565
45000 30000 149993 -6.57263
45000 25000 149995 -4.5923
50000 25000 149998 -2.25977
45000 30000 149993 -6.57263
50000 30000 149996 -3.74955
50000 20000 149994 -5.92986
55000 20000 149995 -5.1653
50000 25000 149998 -2.25977
55000 25000 149998 -2.2169
55000 20000 149995 -5.1653
60000 20000 149996 -3.91332
55000 25000 149998 -2.2169
60000 25000 150000 -0.0515097
50000 25000 149998 -2.25977
55000 25000 149998 -2.2169
50000 30000 149996 -3.74955
55000 30000 149997 -3.11963
55000 25000 149998 -2.2169
60000 25000 150000 -0.0515097
55000 30000 149997 -3.11963
60000 30000 149996 -3.85968
60000 20000 149996 -3.91332
65000 20000 150000 0.452585
60000 25000 150000 -0.0515097
65000 25000 150001 1.13784
65000 20000 150000 0.452585
70000 20000 150002 1.61282
65000 25000 150001 1.13784
70000 25000 149999 -0.965857
60000 25000 150000 -0.0515097
65000 25000 150001 1.13784
60000 30000 149996 -3.85968
65000 30000 149998 -2.22927
65000 25000 150001 1.13784
70000 25000 149999 -0.965857
65000 30000 149998 -2.22927
70000 30000 150000 0.444991
70000 20000 150002 1.61282
75000 20000 150005 4.62958
70000 25000 149999 -0.965857
75000 25000 150005 4.64221
75000 20000 150005 4.62958
80000 20000 150004 4.28911
75000 25000 150005 4.64221
80000 25000 150007 6.53802
70000 25000 149999 -0.965857
75000 25000 150005 4.64221
70000 30000 150000 0.444991
75000 30000 150002 1.71401
75000 25000 150005 4.64221
80000 25000 150007 6.53802
75000 30000 150002 1.71401
80000 30000 150003 2.79147
0 30000 149987 -12.7699
5000 30000 149989 -10.83
0 35000 149990 -9.9278
5000 35000 149990 -9.95021
5000 30000 149989 -10.83
10000 30000 149990 -10.4008
5000 35000 149990 -9.95021
10000 35000 149989 -10.9277
0 35000 149990 -9.9278
5000 35000 149990 -9.95021
0 40000 149991 -9.21
5000 40000 149989 -10.9409
5000 35000 149990 -9.95021
10000 35000 149989 -10.9277
5000 40000 149989 -10.9409
10000 40000 149990 -10.0156
10000 30000 149990 -10.4008
15000 30000 149989 -10.8181
10000 35000 149989 -10.9277
15000 35000 149989 -10.8444
15000 30000 149989 -10.8181
20000 30000 149992 -8.09336
15000 35000 149989 -10.8444
20000 35000 149989 -10.5778
10000 35000 149989 -10.9277
15000 35000 149989 -10.8444
10000 40000 149990 -10.0156
15000 40000 149989 -10.811
15000 35000 149989 -10.8444
20000 35000 149989 -10.5778
15000 40000 149989 -10.811
20000 40000 149992 -7.72251
20000 30000 149992 -8.09336
25000 30000 149993 -6.69234
20000 35000 149989 -10.5778
25000 35000 149990 -10.0864
25000 30000 149993 -6.69234
30000 30000 149990 -9.62832
25000 35000 149990 -10.0864
30000 35000 149991 -8.62681
20000 35000 149989 -10.5778
25000 35000 149990 -10.0864
20000 40000 149992 -7.72251
25000 40000 149990 -10.3713
25000 35000 149990 -10.0864
30000 35000 149991 -8.62681
25000 40000 149990 -10.3713
30000 40000 149992 -7.57691
30000 30000 149990 -9.62832
35000 30000 149991 -9.15821
30000 35000 149991 -8.62681
35000 35000 149991 -8.53066
35000 30000 149991 -9.15821
40000 30000 149995 -4.55565
35000 35000 149991 -8.53066
40000 35000 149995 -5.28114
30000 35000 149991 -8.62681
35000 35000 149991 -8.53066
30000 40000 149992 -7.57691
35000 40000 149991 -9.42595
35000 35000 149991 -8.53066
40000 35000 149995 -5.28114
35000 40000 149991 -9.42595
40000 40000 149994 -6.17093
40000 30000 149995 -4.55565
45000 30000 149993 -6.57263
40000 35000 149995 -5.28114
45000 35000 149993 -6.57261
45000 30000 149993 -6.57263
50000 30000 149996 -3.74955
45000 35000 149993 -6.57261
50000 35000 149994 -6.10064
40000 35000 149995 -5.28114
45000 35000 149993 -6.57261
40000 40000 149994 -6.17093
45000 40000 149993 -6.79382
45000 35000 149993 -6.57261
50000 35000 149994 -6.10064
45000 40000 149993 -6.79382
50000 40000 149994 -6.435
50000 30000 149996 -3.74955
55000 30000 149997 -3.11963
50000 35000 149994 -6.10064
55000 35000 149997 -3.33939
55000 30000 149997 -3.11963
60000 30000 149996 -3.85968
55000 35000 149997 -3.33939
60000 35000 149997 -3.00287
50000 35000 149994 -6.10064
55000 35000 149997 -3.33939
50000 40000 149994 -6.435
55000 40000 149995 -5.16904
55000 35000 149997 -3.33939
60000 35000 149997 -3.00287
55000 40000 149995 -5.16904
60000 40000 149997 -3.47232
60000 30000 149996 -3.85968
65000 30000 149998 -2.22927
60000 35000 149997 -3.00287
65000 35000 149999 -1.15798
65000 30000 149998 -2.22927
70000 30000 150000 0.444991
65000 35000 149999 -1.15798
70000 35000 150000 -0.498648
60000 35000 149997 -3.00287
65000 35000 149999 -1.15798
60000 40000 149997 -3.47232
65000 40000 149999 -1.41729
65000 35000 149999 -1.15798
70000 35000 150000 -0.498648
65000 40000 149999 -1.41729
70000 40000 150000 0.144155
70000 30000 150000 0.444991
75000 30000 150002 1.71401
70000 35000 150000 -0.498648
75000 35000 150001 0.581986
75000 30000 150002 1.71401
80000 30000 150003 2.79147
75000 35000 150001 0.581986
80000 35000 150005 4.52755
70000 35000 150000 -0.498648
75000 35000 150001 0.581986
70000 40000 150000 0.144155
75000 40000 150004 4.39929
75000 35000 150001 0.581986
80000 35000 150005 4.52755
75000 40000 150004 4.39929
80000 40000 150003 3.17092
0 40000 149991 -9.21
5000 40000 149989 -10.9409
0 45000 149989 -10.9503
5000 45000 149989 -10.8457
5000 40000 149989 -10.9409
10000 40000 149990 -10.0156
5000 45000 149989 -10.8457
10000 45000 149991 -9.02185
0 45000 149989 -10.9503
5000 45000 149989 -10.8457
0 50000 149989 -10.9382
5000 50000 149990 -9.68223
5000 45000 149989 -10.8457
10000 45000 149991 -9.02185
5000 50000 149990 -9.68223
10000 50000 149989 -11.0151
10000 40000 149990 -10.0156
15000 40000 149989 -10.811
10000 45000 149991 -9.02185
15000 45000 149991 -9.49265
15000 40000 149989 -10.811
20000 40000 149992 -7.72251
15000 45000 149991 -9.49265
20000 45000 149989 -10.6062
10000 45000 149991 -9.02185
15000 45000 149991 -9.49265
10000 50000 149989 -11.0151
15000 50000 149992 -7.95626
15000 45000 149991 -9.49265
20000 45000 149989 -10.6062
15000 50000 149992 -7.95626
20000 50000 149989 -10.5418
20000 40000 149992 -7.72251
25000 40000 149990 -10.3713
20000 45000 149989 -10.6062
25000 45000 149992 -8.09556
25000 40000 149990 -10.3713
30000 40000 149992 -7.57691
25000 45000 149992 -8.09556
30000 45000 149991 -8.98859
20000 45000 149989 -10.6062
25000 45000 149992 -8.09556
20000 50000 149989 -10.5418
25000 50000 149992 -7.78059
25000 45000 149992 -8.09556
30000 45000 149991 -8.98859
25000 50000 149992 -7.78059
30000 50000 149993 -6.83076
30000 40000 149992 -7.57691
35000 40000 149991 -9.42595
30000 45000 149991 -8.98859
35000 45000 149992 -8.15866
35000 40000 149991 -9.42595
40000 40000 149994 -6.17093
35000 45000 149992 -8.15866
40000 45000 149993 -7.02816
30000 45000 149991 -8.98859
35000 45000 149992 -8.15866
30000 50000 149993 -6.83076
35000 50000 149995 -5.2491
35000 45000 149992 -8.15866
40000 45000 149993 -7.02816
35000 50000 149995 -5.2491
40000 50000 149992 -7.60039
40000 40000 149994 -6.17093
45000 40000 149993 -6.79382
40000 45000 149993 -7.02816
45000 45000 149996 -4.46973
45000 40000 149993 -6.79382
50000 40000 149994 -6.435
45000 45000 149996 -4.46973
50000 45000 149994 -6.17599
40000 45000 149993 -7.02816
45000 45000 149996 -4.46973
40000 50000 149992 -7.60039
45000 50000 149997 -3.4082
45000 45000 149996 -4.46973
50000 45000 149994 -6.17599
45000 50000 149997 -3.4082
50000 50000 149994 -5.56009
50000 40000 149994 -6.435
55000 40000 149995 -5.16904
50000 45000 149994 -6.17599
55000 45000 149999 -1.41691
55000 40000 149995 -5.16904
60000 40000 149997 -3.47232
55000 45000 149999 -1.41691
60000 45000 149995 -4.56823
50000 45000 149994 -6.17599
55000 45000 149999 -1.41691
50000 50000 149994 -5.56009
55000 50000 149998 -2.3698
55000 45000 149999 -1.41691
60000 45000 149995 -4.56823
55000 50000 149998 -2.3698
60000 50000 149999 -0.650705
60000 40000 149997 -3.47232
65000 40000 149999 -1.41729
60000 45000 149995 -4.56823
65000 45000 150000 0.437645
65000 40000 149999 -1.41729
70000 40000 150000 0.144155
65000 45000 150000 0.437645
70000 45000 150002 2.02775
60000 45000 149995 -4.56823
65000 45000 150000 0.437645
60000 50000 149999 -0.650705
65000 50000 149999 -1.15867
65000 45000 150000 0.437645
70000 45000 150002 2.02775
65000 50000 149999 -1.15867
70000 50000 150001 0.614859
70000 40000 150000 0.144155
75000 40000 150004 4.39929
70000 45000 150002 2.02775
75000 45000 150001 1.23069
75000 40000 150004 4.39929
80000 40000 150003 3.17092
75000 45000 150001 1.23069
80000 45000 150002 2.40525
70000 45000 150002 2.02775
75000 45000 150001 1.23069
70000 50000 150001 0.614859
75000 50000 150000 0.398321
75000 45000 150001 1.23069
80000 45000 150002 2.40525
75000 50000 150000 0.398321
80000 50000 150006 5.63682
0 50000 149989 -10.9382
5000 50000 149990 -9.68223
0 55000 149989 -10.8754
5000 55000 149990 -10.0714
5000 50000 149990 -9.68223
10000 50000 149989 -11.0151
5000 55000 149990 -10.0714
10000 55000 149989 -10.9352
0 55000 149989 -10.8754
5000 55000 149990 -10.0714
0 60000 149989 -10.7845
5000 60000 149992 -8.34359
5000 55000 149990 -10.0714
10000 55000 149989 -10.9352
5000 60000 149992 -8.34359
10000 60000 149993 -7.33519
10000 50000 149989 -11.0151
15000 50000 149992 -7.95626
10000 55000 149989 -10.9352
15000 55000 149990 -10.3715
15000 50000 149992 -7.95626
20000 50000 149989 -10.5418
15000 55000 149990 -10.3715
20000 55000 149989 -10.5418
10000 55000 149989 -10.9352
15000 55000 149990 -10.3715
10000 60000 149993 -7.33519
15000 60000 149989 -11.2753
15000 55000 149990 -10.3715
20000 55000 149989 -10.5418
15000 60000 149989 -11.2753
20000 60000 149993 -7.17479
20000 50000 149989 -10.5418
25000 50000 149992 -7.78059
20000 55000 149989 -10.5418
25000 55000 149991 -8.93997
25000 50000 149992 -7.78059
30000 50000 149993 -6.83076
25000 55000 149991 -8.93997
30000 55000 149992 -7.73801
20000 55000 149989 -10.5418
25000 55000 149991 -8.93997
20000 60000 149993 -7.17479
25000 60000 149992 -8.39459
25000 55000 149991 -8.93997
30000 55000 149992 -7.73801
25000 60000 149992 -8.39459
30000 60000 149991 -9.25563
30000 50000 149993 -6.83076
35000 50000 149995 -5.2491
30000 55000 149992 -7.73801
35000 55000 149994 -5.70127
35000 50000 149995 -5.2491
40000 50000 149992 -7.60039
35000 55000 149994 -5.70127
40000 55000 149996 -3.88678
30000 55000 149992 -7.73801
35000 55000 149994 -5.70127
30000 60000 149991 -9.25563
35000 60000 149991 -8.89187
35000 55000 149994 -5.70127
40000 55000 149996 -3.88678
35000 60000 149991 -8.89187
40000 60000 149993 -7.07714
40000 50000 149992 -7.60039
45000 50000 149997 -3.4082
40000 55000 149996 -3.88678
45000 55000 149996 -4.17821
45000 50000 149997 -3.4082
50000 50000 149994 -5.56009
45000 55000 149996 -4.17821
50000 55000 149996 -3.94632
40000 55000 149996 -3.88678
45000 55000 149996 -4.17821
40000 60000 149993 -7.07714
45000 60000 149995 -4.81311
45000 55000 149996 -4.17821
50000 55000 149996 -3.94632
45000 60000 149995 -4.81311
50000 60000 149993 -6.58986
50000 50000 149994 -5.56009
55000 50000 149998 -2.3698
50000 55000 149996 -3.94632
55000 55000 149998 -2.47903
55000 50000 149998 -2.3698
60000 50000 149999 -0.650705
55000 55000 149998 -2.47903
60000 55000 149998 -1.53653
50000 55000 149996 -3.94632
55000 55000 149998 -2.47903
50000 60000 149993 -6.58986
55000 60000 149995 -4.93933
55000 55000 149998 -2.47903
60000 55000 149998 -1.53653
55000 60000 149995 -4.93933
60000 60000 149995 -4.62822
60000 50000 149999 -0.650705
65000 50000 149999 -1.15867
60000 55000 149998 -1.53653
65000 55000 150001 0.841182
65000 50000 149999 -1.15867
70000 50000 150001 0.614859
65000 55000 150001 0.841182
70000 55000 149998 -1.97021
60000 55000 149998 -1.53653
65000 55000 150001 0.841182
60000 60000 149995 -4.62822
65000 60000 149996 -3.76603
65000 55000 150001 0.841182
70000 55000 149998 -1.97021
65000 60000 149996 -3.76603
70000 60000 149999 -0.704133
70000 50000 150001 0.614859
75000 50000 150000 0.398321
70000 55000 149998 -1.97021
75000 55000 150001 1.38832
75000 50000 150000 0.398321
80000 50000 150006 5.63682
75000 55000 150001 1.38832
80000 55000 150001 0.8361
70000 55000 149998 -1.97021
75000 55000 150001 1.38832
70000 60000 149999 -0.704133
75000 60000 150002 2.2993
75000 55000 150001 1.38832
80000 55000 150001 0.8361
75000 60000 150002 2.2993
80000 60000 150005 4.8982
0 60000 149989 -10.7845
5000 60000 149992 -8.34359
0 65000 149990 -10.3903
5000 65000 149990 -10.1077
5000 60000 149992 -8.34359
10000 60000 149993 -7.33519
5000 65000 149990 -10.1077
10000 65000 149989 -10.6323
0 65000 149990 -10.3903
5000 65000 149990 -10.1077
0 70000 149992 -8.31484
5000 70000 149991 -9.0832
5000 65000 149990 -10.1077
10000 65000 149989 -10.6323
5000 70000 149991 -9.0832
10000 70000 149991 -8.6588
10000 60000 149993 -7.33519
15000 60000 149989 -11.2753
10000 65000 149989 -10.6323
15000 65000 149990 -9.88714
15000 60000 149989 -11.2753
20000 60000 149993 -7.17479
15000 65000 149990 -9.88714
20000 65000 149991 -9.39673
10000 65000 149989 -10.6323
15000 65000 149990 -9.88714
10000 70000 149991 -8.6588
15000 70000 149989 -10.6944
15000 65000 149990 -9.88714
20000 65000 149991 -9.39673
15000 70000 149989 -10.6944
20000 70000 149992 -7.68125
20000 60000 149993 -7.17479
25000 60000 149992 -8.39459
20000 65000 149991 -9.39673
25000 65000 149990 -10.0698
25000 60000 149992 -8.39459
30000 60000 149991 -9.25563
25000 65000 149990 -10.0698
30000 65000 149991 -8.89112
20000 65000 149991 -9.39673
25000 65000 149990 -10.0698
20000 70000 149992 -7.68125
25000 70000 149990 -9.84937
25000 65000 149990 -10.0698
30000 65000 149991 -8.89112
25000 70000 149990 -9.84937
30000 70000 149991 -9.19113
30000 60000 149991 -9.25563
35000 60000 149991 -8.89187
30000 65000 149991 -8.89112
35000 65000 149991 -8.82716
35000 60000 149991 -8.89187
40000 60000 149993 -7.07714
35000 65000 149991 -8.82716
40000 65000 149993 -6.76492
30000 65000 149991 -8.89112
35000 65000 149991 -8.82716
30000 70000 149991 -9.19113
35000 70000 149991 -8.79254
35000 65000 149991 -8.82716
40000 65000 149993 -6.76492
35000 70000 149991 -8.79254
40000 70000 149993 -6.94479
40000 60000 149993 -7.07714
45000 60000 149995 -4.81311
40000 65000 149993 -6.76492
45000 65000 149993 -7.45764
45000 60000 149995 -4.81311
50000 60000 149993 -6.58986
45000 65000 149993 -7.45764
50000 65000 149996 -4.25841
40000 65000 149993 -6.76492
45000 65000 149993 -7.45764
40000 70000 149993 -6.94479
45000 70000 149993 -7.33472
45000 65000 149993 -7.45764
50000 65000 149996 -4.25841
45000 70000 149993 -7.33472
50000 70000 149996 -4.41248
50000 60000 149993 -6.58986
55000 60000 149995 -4.93933
50000 65000 149996 -4.25841
55000 65000 149998 -1.68357
55000 60000 149995 -4.93933
60000 60000 149995 -4.62822
55000 65000 149998 -1.68357
60000 65000 149996 -4.2797
50000 65000 149996 -4.25841
55000 65000 149998 -1.68357
50000 70000 149996 -4.41248
55000 70000 149994 -6.07167
55000 65000 149998 -1.68357
60000 65000 149996 -4.2797
55000 70000 149994 -6.07167
60000 70000 149999 -1.43629
60000 60000 149995 -4.62822
65000 60000 149996 -3.76603
60000 65000 149996 -4.2797
65000 65000 149999 -1.46545
65000 60000 149996 -3.76603
70000 60000 149999 -0.704133
65000 65000 149999 -1.46545
70000 65000 149998 -2.28422
60000 65000 149996 -4.2797
65000 65000 149999 -1.46545
60000 70000 149999 -1.43629
65000 70000 149998 -1.9508
65000 65000 149999 -1.46545
70000 65000 149998 -2.28422
65000 70000 149998 -1.9508
70000 70000 149999 -0.882228
70000 60000 149999 -0.704133
75000 60000 150002 2.2993
70000 65000 149998 -2.28422
75000 65000 150002 2.19015
75000 60000 150002 2.2993
80000 60000 150005 4.8982
75000 65000 150002 2.19015
80000 65000 150003 2.77858
70000 65000 149998 -2.28422
75000 65000 150002 2.19015
70000 70000 149999 -0.882228
75000 70000 150002 1.9675
75000 65000 150002 2.19015
80000 65000 150003 2.77858
75000 70000 150002 1.9675
80000 70000 150005 4.69306
0 70000 149992 -8.31484
5000 70000 149991 -9.0832
0 75000 149989 -10.8217
5000 75000 149989 -10.6772
5000 70000 149991 -9.0832
10000 70000 149991 -8.6588
5000 75000 149989 -10.6772
10000 75000 149989 -10.7918
0 75000 149989 -10.8217
5000 75000 149989 -10.6772
0 80000 149992 -8.23592
5000 80000 149992 -8.30786
5000 75000 149989 -10.6772
10000 75000 149989 -10.7918
5000 80000 149992 -8.30786
10000 80000 149989 -10.8106
10000 70000 149991 -8.6588
15000 70000 149989 -10.6944
10000 75000 149989 -10.7918
15000 75000 149990 -10.1655
15000 70000 149989 -10.6944
20000 70000 149992 -7.68125
15000 75000 149990 -10.1655
20000 75000 149990 -10.4727
10000 75000 149989 -10.7918
15000 75000 149990 -10.1655
10000 80000 149989 -10.8106
15000 80000 149989 -10.6104
15000 75000 149990 -10.1655
20000 75000 149990 -10.4727
15000 80000 149989 -10.6104
20000 80000 149992 -8.36574
20000 70000 149992 -7.68125
25000 70000 149990 -9.84937
20000 75000 149990 -10.4727
25000 75000 149990 -9.85028
25000 70000 149990 -9.84937
30000 70000 149991 -9.19113
25000 75000 149990 -9.85028
30000 75000 149991 -9.26236
20000 75000 149990 -10.4727
25000 75000 149990 -9.85028
20000 80000 149992 -8.36574
25000 80000 149991 -9.47844
25000 75000 149990 -9.85028
30000 75000 149991 -9.26236
25000 80000 149991 -9.47844
30000 80000 149992 -7.75405
30000 70000 149991 -9.19113
35000 70000 149991 -8.79254
30000 75000 149991 -9.26236
35000 75000 149992 -7.50105
35000 70000 149991 -8.79254
40000 70000 149993 -6.94479
35000 75000 149992 -7.50105
40000 75000 149992 -7.69665
30000 75000 149991 -9.26236
35000 75000 149992 -7.50105
30000 80000 149992 -7.75405
35000 80000 149992 -8.03635
35000 75000 149992 -7.50105
40000 75000 149992 -7.69665
35000 80000 149992 -8.03635
40000 80000 149994 -6.1609
40000 70000 149993 -6.94479
45000 70000 149993 -7.33472
40000 75000 149992 -7.69665
45000 75000 149993 -7.36878
45000 70000 149993 -7.33472
50000 70000 149996 -4.41248
45000 75000 149993 -7.36878
50000 75000 149994 -6.47903
40000 75000 149992 -7.69665
45000 75000 149993 -7.36878
40000 80000 149994 -6.1609
45000 80000 149995 -5.15415
45000 75000 149993 -7.36878
50000 75000 149994 -6.47903
45000 80000 149995 -5.15415
50000 80000 149993 -6.52932
50000 70000 149996 -4.41248
55000 70000 149994 -6.07167
50000 75000 149994 -6.47903
55000 75000 149996 -4.49711
55000 70000 149994 -6.07167
60000 70000 149999 -1.43629
55000 75000 149996 -4.49711
60000 75000 149997 -2.93942
50000 75000 149994 -6.47903
55000 75000 149996 -4.49711
50000 80000 149993 -6.52932
55000 80000 149998 -2.3221
55000 75000 149996 -4.49711
60000 75000 149997 -2.93942
55000 80000 149998 -2.3221
60000 80000 149997 -3.42824
60000 70000 149999 -1.43629
65000 70000 149998 -1.9508
60000 75000 149997 -2.93942
65000 75000 149997 -2.84472
65000 70000 149998 -1.9508
70000 70000 149999 -0.882228
65000 75000 149997 -2.84472
70000 75000 150002 1.60453
60000 75000 149997 -2.93942
65000 75000 149997 -2.84472
60000 80000 149997 -3.42824
65000 80000 149995 -5.06345
65000 75000 149997 -2.84472
70000 75000 150002 1.60453
65000 80000 149995 -5.06345
70000 80000 149998 -1.70072
70000 70000 149999 -0.882228
75000 70000 150002 1.9675
70000 75000 150002 1.60453
75000 75000 150001 1.4638
75000 70000 150002 1.9675
80000 70000 150005 4.69306
75000 75000 150001 1.4638
80000 75000 150003 3.13357
70000 75000 150002 1.60453
75000 75000 150001 1.4638
70000 80000 149998 -1.70072
75000 80000 149998 -1.55764
75000 75000 150001 1.4638
80000 75000 150003 3.13357
75000 80000 149998 -1.55764
80000 80000 150005 4.92733
80000 0 150008 8.17822
85000 0 150008 7.81993
80000 5000 150006 6.40119
85000 5000 150007 7.01801
85000 0 150008 7.81993
90000 0 150007 6.75805
85000 5000 150007 7.01801
90000 5000 150009 8.6297
80000 5000 150006 6.40119
85000 5000 150007 7.01801
80000 10000 150006 5.8419
85000 10000 150008 7.71229
85000 5000 150007 7.01801
90000 5000 150009 8.6297
85000 10000 150008 7.71229
90000 10000 150009 8.74544
90000 0 150007 6.75805
95000 0 150006 5.92506
90000 5000 150009 8.6297
95000 5000 150009 8.79024
95000 0 150006 5.92506
100000 0 150007 6.76738
95000 5000 150009 8.79024
100000 5000 150009 9.13539
90000 5000 150009 8.6297
95000 5000 150009 8.79024
90000 10000 150009 8.74544
95000 10000 150011 11.2196
95000 5000 150009 8.79024
100000 5000 150009 9.13539
95000 10000 150011 11.2196
100000 10000 150009 8.76494
100000 0 150007 6.76738
105000 0 150010 10.346
100000 5000 150009 9.13539
105000 5000 150007 7.3766
105000 0 150010 10.346
110000 0 150010 9.62324
105000 5000 150007 7.3766
110000 5000 150010 9.66643
100000 5000 150009 9.13539
105000 5000 150007 7.3766
100000 10000 150009 8.76494
105000 10000 150009 8.65008
105000 5000 150007 7.3766
110000 5000 150010 9.66643
105000 10000 150009 8.65008
110000 10000 150007 7.19209
110000 0 150010 9.62324
115000 0 150002 2.16377
110000 5000 150010 9.66643
115000 5000 150003 2.58876
115000 0 150002 2.16377
120000 0 150002 1.63917
115000 5000 150003 2.58876
120000 5000 150000 0.468613
110000 5000 150010 9.66643
115000 5000 150003 2.58876
110000 10000 150007 7.19209
115000 10000 150006 5.55702
115000 5000 150003 2.58876
120000 5000 150000 0.468613
115000 10000 150006 5.55702
120000 10000 149999 -1.12554
120000 0 150002 1.63917
125000 0 149997 -3.37836
120000 5000 150000 0.468613
125000 5000 149996 -3.78274
125000 0 149997 -3.37836
130000 0 150002 1.87851
125000 5000 149996 -3.78274
130000 5000 149999 -1.20225
120000 5000 150000 0.468613
125000 5000 149996 -3.78274
120000 10000 149999 -1.12554
125000 10000 149996 -3.62728
125000 5000 149996 -3.78274
130000 5000 149999 -1.20225
125000 10000 149996 -3.62728
130000 10000 149998 -2.46828
130000 0 150002 1.87851
135000 0 149999 -0.849444
130000 5000 149999 -1.20225
135000 5000 149999 -1.41215
135000 0 149999 -0.849444
140000 0 150002 1.76501
135000 5000 149999 -1.41215
140000 5000 150007 6.88951
130000 5000 149999 -1.20225
135000 5000 149999 -1.41215
130000 10000 149998 -2.46828
135000 10000 150001 0.533319
135000 5000 149999 -1.41215
140000 5000 150007 6.88951
135000 10000 150001 0.533319
140000 10000 150006 6.05238
140000 0 150002 1.76501
145000 0 150009 9.01166
140000 5000 150007 6.88951
145000 5000 150004 3.81972
145000 0 150009 9.01166
150000 0 150005 5.10507
145000 5000 150004 3.81972
150000 5000 150008 8.14868
140000 5000 150007 6.88951
145000 5000 150004 3.81972
140000 10000 150006 6.05238
145000 10000 150008 7.89877
145000 5000 150004 3.81972
150000 5000 150008 8.14868
145000 10000 150008 7.89877
150000 10000 150010 9.73968
150000 0 150005 5.10507
155000 0 150007 6.69675
150000 5000 150008 8.14868
155000 5000 150008 7.90815
155000 0 150007 6.69675
160000 0 150009 9.41947
155000 5000 150008 7.90815
160000 5000 150012 12.4353
150000 5000 150008 8.14868
155000 5000 150008 7.90815
150000 10000 150010 9.73968
155000 10000 150007 7.4869
155000 5000 150008 7.90815
160000 5000 150012 12.4353
155000 10000 150007 7.4869
160000 10000 150012 12.0154
80000 10000 150006 5.8419
85000 10000 150008 7.71229
80000 15000 150004 3.98362
85000 15000 150006 5.82701
85000 10000 150008 7.71229
90000 10000 150009 8.74544
85000 15000 150006 5.82701
90000 15000 150006 6.15285
80000 15000 150004 3.98362
85000 15000 150006 5.82701
80000 20000 150004 4.28911
85000 20000 150010 9.72871
85000 15000 150006 5.82701
90000 15000 150006 6.15285
85000 20000 150010 9.72871
90000 20000 150008 8.30211
90000 10000 150009 8.74544
95000 10000 150011 11.2196
90000 15000 150006 6.15285
95000 15000 150011 10.8119
95000 10000 150011 11.2196
100000 10000 150009 8.76494
95000 15000 150011 10.8119
100000 15000 150011 10.9772
90000 15000 150006 6.15285
95000 15000 150011 10.8119
90000 20000 150008 8.30211
95000 20000 150008 7.93862
95000 15000 150011 10.8119
100000 15000 150011 10.9772
95000 20000 150008 7.93862
100000 20000 150007 7.08812
100000 10000 150009 8.76494
105000 10000 150009 8.65008
100000 15000 150011 10.9772
105000 15000 150012 12.1721
105000 10000 150009 8.65008
110000 10000 150007 7.19209
105000 15000 150012 12.1721
110000 15000 150010 9.7835
100000 15000 150011 10.9772
105000 15000 150012 12.1721
100000 20000 150007 7.08812
105000 20000 150010 10.1374
105000 15000 150012 12.1721
110000 15000 150010 9.7835
105000 20000 150010 10.1374
110000 20000 150012 12.4807
110000 10000 150007 7.19209
115000 10000 150006 5.55702
110000 15000 150010 9.7835
115000 15000 150010 9.70033
115000 10000 150006 5.55702
120000 10000 149999 -1.12554
115000 15000 150010 9.70033
120000 15000 149999 -1.20002
110000 15000 150010 9.7835
115000 15000 150010 9.70033
110000 20000 150012 12.4807
115000 20000 150007 6.86583
115000 15000 150010 9.70033
120000 15000 149999 -1.20002
115000 20000 150007 6.86583
120000 20000 149999 -1.19998
120000 10000 149999 -1.12554
125000 10000 149996 -3.62728
120000 15000 149999 -1.20002
125000 15000 149989 -10.7131
125000 10000 149996 -3.62728
130000 10000 149998 -2.46828
125000 15000 149989 -10.7131
130000 15000 149994 -6.1203
120000 15000 149999 -1.20002
125000 15000 149989 -10.7131
120000 20000 149999 -1.19998
125000 20000 149986 -14.1014
125000 15000 149989 -10.7131
130000 15000 149994 -6.1203
125000 20000 149986 -14.1014
130000 20000 149983 -16.7799
130000 10000 149998 -2.46828
135000 10000 150001 0.533319
130000 15000 149994 -6.1203
135000 15000 149995 -4.7307
135000 10000 150001 0.533319
140000 10000 150006 6.05238
135000 15000 149995 -4.7307
140000 15000 150002 2.48607
130000 15000 149994 -6.1203
135000 15000 149995 -4.7307
130000 20000 149983 -16.7799
135000 20000 149995 -4.55665
135000 15000 149995 -4.7307
140000 15000 150002 2.48607
135000 20000 149995 -4.55665
140000 20000 150002 1.82699
140000 10000 150006 6.05238
145000 10000 150008 7.89877
140000 15000 150002 2.48607
145000 15000 150008 7.99127
145000 10000 150008 7.89877
150000 10000 150010 9.73968
145000 15000 150008 7.99127
150000 15000 150007 7.18634
140000 15000 150002 2.48607
145000 15000 150008 7.99127
140000 20000 150002 1.82699
145000 20000 150007 7.00813
145000 15000 150008 7.99127
150000 15000 150007 7.18634
145000 20000 150007 7.00813
150000 20000 150007 7.30853
150000 10000 150010 9.73968
155000 10000 150007 7.4869
150000 15000 150007 7.18634
155000 15000 150011 10.8637
155000 10000 150007 7.4869
160000 10000 150012 12.0154
155000 15000 150011 10.8637
160000 15000 150013 12.9228
150000 15000 150007 7.18634
155000 15000 150011 10.8637
150000 20000 150007 7.30853
155000 20000 150010 10.1949
155000 15000 150011 10.8637
160000 15000 150013 12.9228
155000 20000 150010 10.1949
160000 20000 150012 11.5635
80000 20000 150004 4.28911
85000 20000 150010 9.72871
80000 25000 150007 6.53802
85000 25000 150009 8.69426
85000 20000 150010 9.72871
90000 20000 150008 8.30211
85000 25000 150009 8.69426
90000 25000 150006 6.27679
80000 25000 150007 6.53802
85000 25000 150009 8.69426
80000 30000 150003 2.79147
85000 30000 150005 5.22866
85000 25000 150009 8.69426
90000 25000 150006 6.27679
85000 30000 150005 5.22866
90000 30000 150007 7.02921
90000 20000 150008 8.30211
95000 20000 150008 7.93862
90000 25000 150006 6.27679
95000 25000 150010 9.71704
95000 20000 150008 7.93862
100000 20000 150007 7.08812
95000 25000 150010 9.71704
100000 25000 150013 12.7959
90000 25000 150006 6.27679
95000 25000 150010 9.71704
90000 30000 150007 7.02921
95000 30000 150007 7.1496
95000 25000 150010 9.71704
100000 25000 150013 12.7959
95000 30000 150007 7.1496
100000 30000 150010 9.7193
100000 20000 150007 7.08812
105000 20000 150010 10.1374
100000 25000 150013 12.7959
105000 25000 150013 13.1534
105000 20000 150010 10.1374
110000 20000 150012 12.4807
105000 25000 150013 13.1534
110000 25000 150013 13.373
100000 25000 150013 12.7959
105000 25000 150013 13.1534
100000 30000 150010 9.7193
105000 30000 150009 8.97117
105000 25000 150013 13.1534
110000 25000 150013 13.373
105000 30000 150009 8.97117
110000 30000 150010 9.64456
110000 20000 150012 12.4807
115000 20000 150007 6.86583
110000 25000 150013 13.373
115000 25000 150014 14.0609
115000 20000 150007 6.86583
120000 20000 149999 -1.19998
115000 25000 150014 14.0609
120000 25000 150006 6.45699
110000 25000 150013 13.373
115000 25000 150014 14.0609
110000 30000 150010 9.64456
115000 30000 150014 14.0005
115000 25000 150014 14.0609
120000 25000 150006 6.45699
115000 30000 150014 14.0005
120000 30000 150010 9.94613
120000 20000 149999 -1.19998
125000 20000 149986 -14.1014
120000 25000 150006 6.45699
125000 25000 149991 -8.60883
125000 20000 149986 -14.1014
130000 20000 149983 -16.7799
125000 25000 149991 -8.60883
130000 25000 149982 -18.2977
120000 25000 150006 6.45699
125000 25000 149991 -8.60883
120000 30000 150010 9.94613
125000 30000 149999 -1.20009
125000 25000 149991 -8.60883
130000 25000 149982 -18.2977
125000 30000 149999 -1.20009
130000 30000 149986 -14.0194
130000 20000 149983 -16.7799
135000 20000 149995 -4.55665
130000 25000 149982 -18.2977
135000 25000 149990 -10.3564
135000 20000 149995 -4.55665
140000 20000 150002 1.82699
135000 25000 149990 -10.3564
140000 25000 149999 -1.48569
130000 25000 149982 -18.2977
135000 25000 149990 -10.3564
130000 30000 149986 -14.0194
135000 30000 149980 -19.7728
135000 25000 149990 -10.3564
140000 25000 149999 -1.48569
135000 30000 149980 -19.7728
140000 30000 149994 -6.44021
140000 20000 150002 1.82699
145000 20000 150007 7.00813
140000 25000 149999 -1.48569
145000 25000 150007 6.81038
145000 20000 150007 7.00813
150000 20000 150007 7.30853
145000 25000 150007 6.81038
150000 25000 150008 8.47934
140000 25000 149999 -1.48569
145000 25000 150007 6.81038
140000 30000 149994 -6.44021
145000 30000 150005 5.30894
145000 25000 150007 6.81038
150000 25000 150008 8.47934
145000 30000 150005 5.30894
150000 30000 150009 8.71364
150000 20000 150007 7.30853
155000 20000 150010 10.1949
150000 25000 150008 8.47934
155000 25000 150008 8.42107
155000 20000 150010 10.1949
160000 20000 150012 11.5635
155000 25000 150008 8.42107
160000 25000 150009 8.74402
150000 25000 150008 8.47934
155000 25000 150008 8.42107
150000 30000 150009 8.71364
155000 30000 150010 10.1398
155000 25000 150008 8.42107
160000 25000 150009 8.74402
155000 30000 150010 10.1398
160000 30000 150010 9.94711
80000 30000 150003 2.79147
85000 30000 150005 5.22866
80000 35000 150005 4.52755
85000 35000 150006 6.42315
85000 30000 150005 5.22866
90000 30000 150007 7.02921
85000 35000 150006 6.42315
90000 35000 150005 5.13423
80000 35000 150005 4.52755
85000 35000 150006 6.42315
80000 40000 150003 3.17092
85000 40000 150007 7.01926
85000 35000 150006 6.42315
90000 35000 150005 5.13423
85000 40000 150007 7.01926
90000 40000 150010 10.2862
90000 30000 150007 7.02921
95000 30000 150007 7.1496
90000 35000 150005 5.13423
95000 35000 150008 8.3927
95000 30000 150007 7.1496
100000 30000 150010 9.7193
95000 35000 150008 8.3927
100000 35000 150009 9.45502
90000 35000 150005 5.13423
95000 35000 150008 8.3927
90000 40000 150010 10.2862
95000 40000 150012 11.9287
95000 35000 150008 8.3927
100000 35000 150009 9.45502
95000 40000 150012 11.9287
100000 40000 150012 12.4842
100000 30000 150010 9.7193
105000 30000 150009 8.97117
100000 35000 150009 9.45502
105000 35000 150010 9.61157
105000 30000 150009 8.97117
110000 30000 150010 9.64456
105000 35000 150010 9.61157
110000 35000 150011 10.6034
100000 35000 150009 9.45502
105000 35000 150010 9.61157
100000 40000 150012 12.4842
105000 40000 150010 10.4062
105000 35000 150010 9.61157
110000 35000 150011 10.6034
105000 40000 150010 10.4062
110000 40000 150010 9.72403
110000 30000 150010 9.64456
115000 30000 150014 14.0005
110000 35000 150011 10.6034
115000 35000 150012 12.2831
115000 30000 150014 14.0005
120000 30000 150010 9.94613
115000 35000 150012 12.2831
120000 35000 150011 10.8114
110000 35000 150011 10.6034
115000 35000 150012 12.2831
110000 40000 150010 9.72403
115000 40000 150015 15.3958
115000 35000 150012 12.2831
120000 35000 150011 10.8114
115000 40000 150015 15.3958
120000 40000 150013 13.1513
120000 30000 150010 9.94613
125000 30000 149999 -1.20009
120000 35000 150011 10.8114
125000 35000 150009 8.69113
125000 30000 149999 -1.20009
130000 30000 149986 -14.0194
125000 35000 150009 8.69113
130000 35000 149989 -10.6704
120000 35000 150011 10.8114
125000 35000 150009 8.69113
120000 40000 150013 13.1513
125000 40000 150007 7.41964
125000 35000 150009 8.69113
130000 35000 149989 -10.6704
125000 40000 150007 7.41964
130000 40000 149999 -1.20004
130000 30000 149986 -14.0194
135000 30000 149980 -19.7728
130000 35000 149989 -10.6704
135000 35000 149978 -22.3771
135000 30000 149980 -19.7728
140000 30000 149994 -6.44021
135000 35000 149978 -22.3771
140000 35000 149987 -12.5159
130000 35000 149989 -10.6704
135000 35000 149978 -22.3771
130000 40000 149999 -1.20004
135000 40000 149983 -17.385
135000 35000 149978 -22.3771
140000 35000 149987 -12.5159
135000 40000 149983 -17.385
140000 40000 149981 -18.5799
140000 30000 149994 -6.44021
145000 30000 150005 5.30894
140000 35000 149987 -12.5159
145000 35000 150000 0.149226
145000 30000 150005 5.30894
150000 30000 150009 8.71364
145000 35000 150000 0.149226
150000 35000 150004 3.87705
140000 35000 149987 -12.5159
145000 35000 150000 0.149226
140000 40000 149981 -18.5799
145000 40000 149993 -7.12556
145000 35000 150000 0.149226
150000 35000 150004 3.87705
145000 40000 149993 -7.12556
150000 40000 150003 2.81076
150000 30000 150009 8.71364
155000 30000 150010 10.1398
150000 35000 150004 3.87705
155000 35000 150010 10.1749
155000 30000 150010 10.1398
160000 30000 150010 9.94711
155000 35000 150010 10.1749
160000 35000 150012 11.613
150000 35000 150004 3.87705
155000 35000 150010 10.1749
150000 40000 150003 2.81076
155000 40000 150013 12.8876
155000 35000 150010 10.1749
160000 35000 150012 11.613
155000 40000 150013 12.8876
160000 40000 150009 8.85657
80000 40000 150003 3.17092
85000 40000 150007 7.01926
80000 45000 150002 2.40525
85000 45000 150005 4.81021
85000 40000 150007 7.01926
90000 40000 150010 10.2862
85000 45000 150005 4.81021
90000 45000 150011 11.0312
80000 45000 150002 2.40525
85000 45000 150005 4.81021
80000 50000 150006 5.63682
85000 50000 150005 4.62231
85000 45000 150005 4.81021
90000 45000 150011 11.0312
85000 50000 150005 4.62231
90000 50000 150006 6.25
90000 40000 150010 10.2862
95000 40000 150012 11.9287
90000 45000 150011 11.0312
95000 45000 150008 7.88675
95000 40000 150012 11.9287
100000 40000 150012 12.4842
95000 45000 150008 7.88675
100000 45000 150009 8.83202
90000 45000 150011 11.0312
95000 45000 150008 7.88675
90000 50000 150006 6.25
95000 50000 150012 11.5081
95000 45000 150008 7.88675
100000 45000 150009 8.83202
95000 50000 150012 11.5081
100000 50000 150010 10.034
100000 40000 150012 12.4842
105000 40000 150010 10.4062
100000 45000 150009 8.83202
105000 45000 150011 11.2298
105000 40000 150010 10.4062
110000 40000 150010 9.72403
105000 45000 150011 11.2298
110000 45000 150012 12.1775
100000 45000 150009 8.83202
105000 45000 150011 11.2298
100000 50000 150010 10.034
105000 50000 150009 9.35197
105000 45000 150011 11.2298
110000 45000 150012 12.1775
105000 50000 150009 9.35197
110000 50000 150014 14.3136
110000 40000 150010 9.72403
115000 40000 150015 15.3958
110000 45000 150012 12.1775
115000 45000 150010 10.2762
115000 40000 150015 15.3958
120000 40000 150013 13.1513
115000 45000 150010 10.2762
120000 45000 150014 13.7812
110000 45000 150012 12.1775
115000 45000 150010 10.2762
110000 50000 150014 14.3136
115000 50000 150014 13.5639
115000 45000 150010 10.2762
120000 45000 150014 13.7812
115000 50000 150014 13.5639
120000 50000 150011 10.7197
120000 40000 150013 13.1513
125000 40000 150007 7.41964
120000 45000 150014 13.7812
125000 45000 150010 10.1779
125000 40000 150007 7.41964
130000 40000 149999 -1.20004
125000 45000 150010 10.1779
130000 45000 150005 5.16024
120000 45000 150014 13.7812
125000 45000 150010 10.1779
120000 50000 150011 10.7197
125000 50000 150012 11.5368
125000 45000 150010 10.1779
130000 45000 150005 5.16024
125000 50000 150012 11.5368
130000 50000 150009 9.49439
130000 40000 149999 -1.20004
135000 40000 149983 -17.385
130000 45000 150005 5.16024
135000 45000 149994 -6.05326
135000 40000 149983 -17.385
140000 40000 149981 -18.5799
135000 45000 149994 -6.05326
140000 45000 149979 -20.9873
130000 45000 150005 5.16024
135000 45000 149994 -6.05326
130000 50000 150009 9.49439
135000 50000 150000 -0.34831
135000 45000 149994 -6.05326
140000 45000 149979 -20.9873
135000 50000 150000 -0.34831
140000 50000 149982 -18.2743
140000 40000 149981 -18.5799
145000 40000 149993 -7.12556
140000 45000 149979 -20.9873
145000 45000 149981 -19.0955
145000 40000 149993 -7.12556
150000 40000 150003 2.81076
145000 45000 149981 -19.0955
150000 45000 149996 -4.41905
140000 45000 149979 -20.9873
145000 45000 149981 -19.0955
140000 50000 149982 -18.2743
145000 50000 149980 -19.8653
145000 45000 149981 -19.0955
150000 45000 149996 -4.41905
145000 50000 149980 -19.8653
150000 50000 149989 -11.4504
150000 40000 150003 2.81076
155000 40000 150013 12.8876
150000 45000 149996 -4.41905
155000 45000 150007 7.01197
155000 40000 150013 12.8876
160000 40000 150009 8.85657
155000 45000 150007 7.01197
160000 45000 150012 11.6062
150000 45000 149996 -4.41905
155000 45000 150007 7.01197
150000 50000 149989 -11.4504
155000 50000 150007 6.5148
155000 45000 150007 7.01197
160000 45000 150012 11.6062
155000 50000 150007 6.5148
160000 50000 150008 7.74928
80000 50000 150006 5.63682
85000 50000 150005 4.62231
80000 55000 150001 0.8361
85000 55000 150002 2.40566
85000 50000 150005 4.62231
90000 50000 150006 6.25
85000 55000 150002 2.40566
90000 55000 150006 5.90546
80000 55000 150001 0.8361
85000 55000 150002 2.40566
80000 60000 150005 4.8982
85000 60000 150006 6.37685
85000 55000 150002 2.40566
90000 55000 150006 5.90546
85000 60000 150006 6.37685
90000 60000 150006 5.58517
90000 50000 150006 6.25
95000 50000 150012 11.5081
90000 55000 150006 5.90546
95000 55000 150008 8.09979
95000 50000 150012 11.5081
100000 50000 150010 10.034
95000 55000 150008 8.09979
100000 55000 150009 8.80385
90000 55000 150006 5.90546
95000 55000 150008 8.09979
90000 60000 150006 5.58517
95000 60000 150007 6.67147
95000 55000 150008 8.09979
100000 55000 150009 8.80385
95000 60000 150007 6.67147
100000 60000 150009 9.20087
100000 50000 150010 10.034
105000 50000 150009 9.35197
100000 55000 150009 8.80385
105000 55000 150013 13.2437
105000 50000 150009 9.35197
110000 50000 150014 14.3136
105000 55000 150013 13.2437
110000 55000 150015 14.8489
100000 55000 150009 8.80385
105000 55000 150013 13.2437
100000 60000 150009 9.20087
105000 60000 150010 10.0302
105000 55000 150013 13.2437
110000 55000 150015 14.8489
105000 60000 150010 10.0302
110000 60000 150011 10.7163
110000 50000 150014 14.3136
115000 50000 150014 13.5639
110000 55000 150015 14.8489
115000 55000 150013 12.6449
115000 50000 150014 13.5639
120000 50000 150011 10.7197
115000 55000 150013 12.6449
120000 55000 150013 13.1593
110000 55000 150015 14.8489
115000 55000 150013 12.6449
110000 60000 150011 10.7163
115000 60000 150015 14.8308
115000 55000 150013 12.6449
120000 55000 150013 13.1593
115000 60000 150015 14.8308
120000 60000 150011 11.2217
120000 50000 150011 10.7197
125000 50000 150012 11.5368
120000 55000 150013 13.1593
125000 55000 150015 15.0446
125000 50000 150012 11.5368
130000 50000 150009 9.49439
125000 55000 150015 15.0446
130000 55000 150013 13.1229
120000 55000 150013 13.1593
125000 55000 150015 15.0446
120000 60000 150011 11.2217
125000 60000 150015 14.8716
125000 55000 150015 15.0446
130000 55000 150013 13.1229
125000 60000 150015 14.8716
130000 60000 150013 12.8604
130000 50000 150009 9.49439
135000 50000 150000 -0.34831
130000 55000 150013 13.1229
135000 55000 150009 8.51284
135000 50000 150000 -0.34831
140000 50000 149982 -18.2743
135000 55000 150009 8.51284
140000 55000 149994 -5.5269
130000 55000 150013 13.1229
135000 55000 150009 8.51284
130000 60000 150013 12.8604
135000 60000 150014 13.5398
135000 55000 150009 8.51284
140000 55000 149994 -5.5269
135000 60000 150014 13.5398
140000 60000 150001 1.36636
140000 50000 149982 -18.2743
145000 50000 149980 -19.8653
140000 55000 149994 -5.5269
145000 55000 149981 -19.4598
145000 50000 149980 -19.8653
150000 50000 149989 -11.4504
145000 55000 149981 -19.4598
150000 55000 149985 -15.3813
140000 55000 149994 -5.5269
145000 55000 149981 -19.4598
140000 60000 150001 1.36636
145000 60000 149988 -11.6144
145000 55000 149981 -19.4598
150000 55000 149985 -15.3813
145000 60000 149988 -11.6144
150000 60000 149981 -18.9939
150000 50000 149989 -11.4504
155000 50000 150007 6.5148
150000 55000 149985 -15.3813
155000 55000 149998 -1.81183
155000 50000 150007 6.5148
160000 50000 150008 7.74928
155000 55000 149998 -1.81183
160000 55000 150010 10.3994
150000 55000 149985 -15.3813
155000 55000 149998 -1.81183
150000 60000 149981 -18.9939
155000 60000 149989 -11.2775
155000 55000 149998 -1.81183
160000 55000 150010 10.3994
155000 60000 149989 -11.2775
160000 60000 149999 -1.16327
80000 60000 150005 4.8982
85000 60000 150006 6.37685
80000 65000 150003 2.77858
85000 65000 150003 2.7019
85000 60000 150006 6.37685
90000 60000 150006 5.58517
85000 65000 150003 2.7019
90000 65000 150008 7.90396
80000 65000 150003 2.77858
85000 65000 150003 2.7019
80000 70000 150005 4.69306
85000 70000 150004 3.89006
85000 65000 150003 2.7019
90000 65000 150008 7.90396
85000 70000 150004 3.89006
90000 70000 150007 7.2608
90000 60000 150006 5.58517
95000 60000 150007 6.67147
90000 65000 150008 7.90396
95000 65000 150010 9.52979
95000 60000 150007 6.67147
100000 60000 150009 9.20087
95000 65000 150010 9.52979
100000 65000 150008 8.02441
90000 65000 150008 7.90396
95000 65000 150010 9.52979
90000 70000 150007 7.2608
95000 70000 150009 9.22901
95000 65000 150010 9.52979
100000 65000 150008 8.02441
95000 70000 150009 9.22901
100000 70000 150008 7.62091
100000 60000 150009 9.20087
105000 60000 150010 10.0302
100000 65000 150008 8.02441
105000 65000 150013 12.8371
105000 60000 150010 10.0302
110000 60000 150011 10.7163
105000 65000 150013 12.8371
110000 65000 150012 12.0387
100000 65000 150008 8.02441
105000 65000 150013 12.8371
100000 70000 150008 7.62091
105000 70000 150012 12.1548
105000 65000 150013 12.8371
110000 65000 150012 12.0387
105000 70000 150012 12.1548
110000 70000 150012 11.8021
110000 60000 150011 10.7163
115000 60000 150015 14.8308
110000 65000 150012 12.0387
115000 65000 150011 11.4055
115000 60000 150015 14.8308
120000 60000 150011 11.2217
115000 65000 150011 11.4055
120000 65000 150013 12.5629
110000 65000 150012 12.0387
115000 65000 150011 11.4055
110000 70000 150012 11.8021
115000 70000 150016 16.4206
115000 65000 150011 11.4055
120000 65000 150013 12.5629
115000 70000 150016 16.4206
120000 70000 150016 15.8107
120000 60000 150011 11.2217
125000 60000 150015 14.8716
120000 65000 150013 12.5629
125000 65000 150016 15.5767
125000 60000 150015 14.8716
130000 60000 150013 12.8604
125000 65000 150016 15.5767
130000 65000 150011 11.2979
120000 65000 150013 12.5629
125000 65000 150016 15.5767
120000 70000 150016 15.8107
125000 70000 150014 14.1094
125000 65000 150016 15.5767
130000 65000 150011 11.2979
125000 70000 150014 14.1094
130000 70000 150013 13.2679
130000 60000 150013 12.8604
135000 60000 150014 13.5398
130000 65000 150011 11.2979
135000 65000 150010 9.75424
135000 60000 150014 13.5398
140000 60000 150001 1.36636
135000 65000 150010 9.75424
140000 65000 150005 5.14366
130000 65000 150011 11.2979
135000 65000 150010 9.75424
130000 70000 150013 13.2679
135000 70000 150015 15.1975
135000 65000 150010 9.75424
140000 65000 150005 5.14366
135000 70000 150015 15.1975
140000 70000 150008 8.07048
140000 60000 150001 1.36636
145000 60000 149988 -11.6144
140000 65000 150005 5.14366
145000 65000 149997 -2.5658
145000 60000 149988 -11.6144
150000 60000 149981 -18.9939
145000 65000 149997 -2.5658
150000 65000 149982 -17.6218
140000 65000 150005 5.14366
145000 65000 149997 -2.5658
140000 70000 150008 8.07048
145000 70000 150000 -0.0154536
145000 65000 149997 -2.5658
150000 65000 149982 -17.6218
145000 70000 150000 -0.0154536
150000 70000 149988 -12.015
150000 60000 149981 -18.9939
155000 60000 149989 -11.2775
150000 65000 149982 -17.6218
155000 65000 149978 -21.9322
155000 60000 149989 -11.2775
160000 60000 149999 -1.16327
155000 65000 149978 -21.9322
160000 65000 149995 -4.75284
150000 65000 149982 -17.6218
155000 65000 149978 -21.9322
150000 70000 149988 -12.015
155000 70000 149980 -20.0491
155000 65000 149978 -21.9322
160000 65000 149995 -4.75284
155000 70000 149980 -20.0491
160000 70000 149986 -13.8314
80000 70000 150005 4.69306
85000 70000 150004 3.89006
80000 75000 150003 3.13357
85000 75000 150003 3.28277
85000 70000 150004 3.89006
90000 70000 150007 7.2608
85000 75000 150003 3.28277
90000 75000 150008 8.1821
80000 75000 150003 3.13357
85000 75000 150003 3.28277
80000 80000 150005 4.92733
85000 80000 150003 3.15714
85000 75000 150003 3.28277
90000 75000 150008 8.1821
85000 80000 150003 3.15714
90000 80000 150004 4.16229
90000 70000 150007 7.2608
95000 70000 150009 9.22901
90000 75000 150008 8.1821
95000 75000 150009 9.33857
95000 70000 150009 9.22901
100000 70000 150008 7.62091
95000 75000 150009 9.33857
100000 75000 150007 7.02371
90000 75000 150008 8.1821
95000 75000 150009 9.33857
90000 80000 150004 4.16229
95000 80000 150006 5.73182
95000 75000 150009 9.33857
100000 75000 150007 7.02371
95000 80000 150006 5.73182
100000 80000 150010 9.97311
100000 70000 150008 7.62091
105000 70000 150012 12.1548
100000 75000 150007 7.02371
105000 75000 150009 9.42938
105000 70000 150012 12.1548
110000 70000 150012 11.8021
105000 75000 150009 9.42938
110000 75000 150013 12.8136
100000 75000 150007 7.02371
105000 75000 150009 9.42938
100000 80000 150010 9.97311
105000 80000 150010 10.0941
105000 75000 150009 9.42938
110000 75000 150013 12.8136
105000 80000 150010 10.0941
110000 80000 150013 12.9354
110000 70000 150012 11.8021
115000 70000 150016 16.4206
110000 75000 150013 12.8136
115000 75000 150011 10.8624
115000 70000 150016 16.4206
120000 70000 150016 15.8107
115000 75000 150011 10.8624
120000 75000 150013 13.2658
110000 75000 150013 12.8136
115000 75000 150011 10.8624
110000 80000 150013 12.9354
115000 80000 150011 10.9411
115000 75000 150011 10.8624
120000 75000 150013 13.2658
115000 80000 150011 10.9411
120000 80000 150013 12.91
120000 70000 150016 15.8107
125000 70000 150014 14.1094
120000 75000 150013 13.2658
125000 75000 150013 12.9647
125000 70000 150014 14.1094
130000 70000 150013 13.2679
125000 75000 150013 12.9647
130000 75000 150011 11.233
120000 75000 150013 13.2658
125000 75000 150013 12.9647
120000 80000 150013 12.91
125000 80000 150014 14.0032
125000 75000 150013 12.9647
130000 75000 150011 11.233
125000 80000 150014 14.0032
130000 80000 150011 11.2142
130000 70000 150013 13.2679
135000 70000 150015 15.1975
130000 75000 150011 11.233
135000 75000 150011 11.0653
135000 70000 150015 15.1975
140000 70000 150008 8.07048
135000 75000 150011 11.0653
140000 75000 150012 12.0849
130000 75000 150011 11.233
135000 75000 150011 11.0653
130000 80000 150011 11.2142
135000 80000 150011 11.4438
135000 75000 150011 11.0653
140000 75000 150012 12.0849
135000 80000 150011 11.4438
140000 80000 150013 12.5853
140000 70000 150008 8.07048
145000 70000 150000 -0.0154536
140000 75000 150012 12.0849
145000 75000 150008 8.11652
145000 70000 150000 -0.0154536
150000 70000 149988 -12.015
145000 75000 150008 8.11652
150000 75000 149996 -4.34183
140000 75000 150012 12.0849
145000 75000 150008 8.11652
140000 80000 150013 12.5853
145000 80000 150012 12.1565
145000 75000 150008 8.11652
150000 75000 149996 -4.34183
145000 80000 150012 12.1565
150000 80000 150002 1.73429
150000 70000 149988 -12.015
155000 70000 149980 -20.0491
150000 75000 149996 -4.34183
155000 75000 149980 -20.4302
155000 70000 149980 -20.0491
160000 70000 149986 -13.8314
155000 75000 149980 -20.4302
160000 75000 149975 -24.9805
150000 75000 149996 -4.34183
155000 75000 149980 -20.4302
150000 80000 150002 1.73429
155000 80000 149989 -10.8233
155000 75000 149980 -20.4302
160000 75000 149975 -24.9805
155000 80000 149989 -10.8233
160000 80000 149977 -23.1141
0 80000 149992 -8.23592
5000 80000 149992 -8.30786
0 85000 149989 -10.9481
5000 85000 149989 -10.9196
5000 80000 149992 -8.30786
10000 80000 149989 -10.8106
5000 85000 149989 -10.9196
10000 85000 149992 -8.19852
0 85000 149989 -10.9481
5000 85000 149989 -10.9196
0 90000 149989 -11.001
5000 90000 149990 -9.77381
5000 85000 149989 -10.9196
10000 85000 149992 -8.19852
5000 90000 149990 -9.77381
10000 90000 149991 -8.61928
10000 80000 149989 -10.8106
15000 80000 149989 -10.6104
10000 85000 149992 -8.19852
15000 85000 149993 -7.29467
15000 80000 149989 -10.6104
20000 80000 149992 -8.36574
15000 85000 149993 -7.29467
20000 85000 149993 -7.41065
10000 85000 149992 -8.19852
15000 85000 149993 -7.29467
10000 90000 149991 -8.61928
15000 90000 149991 -9.42666
15000 85000 149993 -7.29467
20000 85000 149993 -7.41065
15000 90000 149991 -9.42666
20000 90000 149990 -9.62077
20000 80000 149992 -8.36574
25000 80000 149991 -9.47844
20000 85000 149993 -7.41065
25000 85000 149993 -7.40211
25000 80000 149991 -9.47844
30000 80000 149992 -7.75405
25000 85000 149993 -7.40211
30000 85000 149991 -8.57383
20000 85000 149993 -7.41065
25000 85000 149993 -7.40211
20000 90000 149990 -9.62077
25000 90000 149991 -9.09342
25000 85000 149993 -7.40211
30000 85000 149991 -8.57383
25000 90000 149991 -9.09342
30000 90000 149992 -7.65026
30000 80000 149992 -7.75405
35000 80000 149992 -8.03635
30000 85000 149991 -8.57383
35000 85000 149992 -8.07097
35000 80000 149992 -8.03635
40000 80000 149994 -6.1609
35000 85000 149992 -8.07097
40000 85000 149992 -8.11328
30000 85000 149991 -8.57383
35000 85000 149992 -8.07097
30000 90000 149992 -7.65026
35000 90000 149992 -8.36924
35000 85000 149992 -8.07097
40000 85000 149992 -8.11328
35000 90000 149992 -8.36924
40000 90000 149993 -7.47313
40000 80000 149994 -6.1609
45000 80000 149995 -5.15415
40000 85000 149992 -8.11328
45000 85000 149993 -7.46613
45000 80000 149995 -5.15415
50000 80000 149993 -6.52932
45000 85000 149993 -7.46613
50000 85000 149993 -6.97432
40000 85000 149992 -8.11328
45000 85000 149993 -7.46613
40000 90000 149993 -7.47313
45000 90000 149994 -6.10722
45000 85000 149993 -7.46613
50000 85000 149993 -6.97432
45000 90000 149994 -6.10722
50000 90000 149996 -3.96942
50000 80000 149993 -6.52932
55000 80000 149998 -2.3221
50000 85000 149993 -6.97432
55000 85000 149993 -6.53919
55000 80000 149998 -2.3221
60000 80000 149997 -3.42824
55000 85000 149993 -6.53919
60000 85000 149994 -5.67628
50000 85000 149993 -6.97432
55000 85000 149993 -6.53919
50000 90000 149996 -3.96942
55000 90000 149996 -4.10197
55000 85000 149993 -6.53919
60000 85000 149994 -5.67628
55000 90000 149996 -4.10197
60000 90000 149998 -1.81533
60000 80000 149997 -3.42824
65000 80000 149995 -5.06345
60000 85000 149994 -5.67628
65000 85000 149999 -1.13369
65000 80000 149995 -5.06345
70000 80000 149998 -1.70072
65000 85000 149999 -1.13369
70000 85000 149997 -2.57322
60000 85000 149994 -5.67628
65000 85000 149999 -1.13369
60000 90000 149998 -1.81533
65000 90000 149996 -4.01738
65000 85000 149999 -1.13369
70000 85000 149997 -2.57322
65000 90000 149996 -4.01738
70000 90000 149998 -2.13766
70000 80000 149998 -1.70072
75000 80000 149998 -1.55764
70000 85000 149997 -2.57322
75000 85000 149999 -1.42142
75000 80000 149998 -1.55764
80000 80000 150005 4.92733
75000 85000 149999 -1.42142
80000 85000 150002 2.37747
70000 85000 149997 -2.57322
75000 85000 149999 -1.42142
70000 90000 149998 -2.13766
75000 90000 149998 -1.73346
75000 85000 149999 -1.42142
80000 85000 150002 2.37747
75000 90000 149998 -1.73346
80000 90000 150004 3.58649
80000 80000 150005 4.92733
85000 80000 150003 3.15714
80000 85000 150002 2.37747
85000 85000 150006 5.71744
85000 80000 150003 3.15714
90000 80000 150004 4.16229
85000 85000 150006 5.71744
90000 85000 150004 3.91739
80000 85000 150002 2.37747
85000 85000 150006 5.71744
80000 90000 150004 3.58649
85000 90000 150006 5.63047
85000 85000 150006 5.71744
90000 85000 150004 3.91739
85000 90000 150006 5.63047
90000 90000 150005 4.88098
90000 80000 150004 4.16229
95000 80000 150006 5.73182
90000 85000 150004 3.91739
95000 85000 150006 6.28455
95000 80000 150006 5.73182
100000 80000 150010 9.97311
95000 85000 150006 6.28455
100000 85000 150006 6.47901
90000 85000 150004 3.91739
95000 85000 150006 6.28455
90000 90000 150005 4.88098
95000 90000 150005 4.96453
95000 85000 150006 6.28455
100000 85000 150006 6.47901
95000 90000 150005 4.96453
100000 90000 150009 8.61911
100000 80000 150010 9.97311
105000 80000 150010 10.0941
100000 85000 150006 6.47901
105000 85000 150010 10.2987
105000 80000 150010 10.0941
110000 80000 150013 12.9354
105000 85000 150010 10.2987
110000 85000 150010 10.0265
100000 85000 150006 6.47901
105000 85000 150010 10.2987
100000 90000 150009 8.61911
105000 90000 150008 7.85357
105000 85000 150010 10.2987
110000 85000 150010 10.0265
105000 90000 150008 7.85357
110000 90000 150009 9.04238
0 90000 149989 -11.001
5000 90000 149990 -9.77381
0 95000 149989 -10.9103
5000 95000 149989 -10.9673
5000 90000 149990 -9.77381
10000 90000 149991 -8.61928
5000 95000 149989 -10.9673
10000 95000 149989 -10.6522
0 95000 149989 -10.9103
5000 95000 149989 -10.9673
0 100000 149990 -9.78312
5000 100000 149989 -10.949
5000 95000 149989 -10.9673
10000 95000 149989 -10.6522
5000 100000 149989 -10.949
10000 100000 149989 -10.6259
10000 90000 149991 -8.61928
15000 90000 149991 -9.42666
10000 95000 149989 -10.6522
15000 95000 149990 -9.88641
15000 90000 149991 -9.42666
20000 90000 149990 -9.62077
15000 95000 149990 -9.88641
20000 95000 149993 -7.21112
10000 95000 149989 -10.6522
15000 95000 149990 -9.88641
10000 100000 149989 -10.6259
15000 100000 149992 -7.85633
15000 95000 149990 -9.88641
20000 95000 149993 -7.21112
15000 100000 149992 -7.85633
20000 100000 149991 -8.64111
20000 90000 149990 -9.62077
25000 90000 149991 -9.09342
20000 95000 149993 -7.21112
25000 95000 149990 -9.62077
25000 90000 149991 -9.09342
30000 90000 149992 -7.65026
25000 95000 149990 -9.62077
30000 95000 149991 -9.48712
20000 95000 149993 -7.21112
25000 95000 149990 -9.62077
20000 100000 149991 -8.64111
25000 100000 149991 -8.88705
25000 95000 149990 -9.62077
30000 95000 149991 -9.48712
25000 100000 149991 -8.88705
30000 100000 149992 -7.64838
30000 90000 149992 -7.65026
35000 90000 149992 -8.36924
30000 95000 149991 -9.48712
35000 95000 149990 -9.66551
35000 90000 149992 -8.36924
40000 90000 149993 -7.47313
35000 95000 149990 -9.66551
40000 95000 149994 -5.59085
30000 95000 149991 -9.48712
35000 95000 149990 -9.66551
30000 100000 149992 -7.64838
35000 100000 149992 -8.40607
35000 95000 149990 -9.66551
40000 95000 149994 -5.59085
35000 100000 149992 -8.40607
40000 100000 149991 -9.13776
40000 90000 149993 -7.47313
45000 90000 149994 -6.10722
40000 95000 149994 -5.59085
45000 95000 149992 -8.41417
45000 90000 149994 -6.10722
50000 90000 149996 -3.96942
45000 95000 149992 -8.41417
50000 95000 149993 -6.50333
40000 95000 149994 -5.59085
45000 95000 149992 -8.41417
40000 100000 149991 -9.13776
45000 100000 149993 -7.17141
45000 95000 149992 -8.41417
50000 95000 149993 -6.50333
45000 100000 149993 -7.17141
50000 100000 149996 -3.86537
50000 90000 149996 -3.96942
55000 90000 149996 -4.10197
50000 95000 149993 -6.50333
55000 95000 149993 -6.5025
55000 90000 149996 -4.10197
60000 90000 149998 -1.81533
55000 95000 149993 -6.5025
60000 95000 149999 -1.41391
50000 95000 149993 -6.50333
55000 95000 149993 -6.5025
50000 100000 149996 -3.86537
55000 100000 149997 -2.53575
55000 95000 149993 -6.5025
60000 95000 149999 -1.41391
55000 100000 149997 -2.53575
60000 100000 149998 -1.79901
60000 90000 149998 -1.81533
65000 90000 149996 -4.01738
60000 95000 149999 -1.41391
65000 95000 149995 -4.55769
65000 90000 149996 -4.01738
70000 90000 149998 -2.13766
65000 95000 149995 -4.55769
70000 95000 150001 0.818614
60000 95000 149999 -1.41391
65000 95000 149995 -4.55769
60000 100000 149998 -1.79901
65000 100000 149995 -4.62912
65000 95000 149995 -4.55769
70000 95000 150001 0.818614
65000 100000 149995 -4.62912
70000 100000 149997 -3.35696
70000 90000 149998 -2.13766
75000 90000 149998 -1.73346
70000 95000 150001 0.818614
75000 95000 150001 1.08884
75000 90000 149998 -1.73346
80000 90000 150004 3.58649
75000 95000 150001 1.08884
80000 95000 150003 2.66568
70000 95000 150001 0.818614
75000 95000 150001 1.08884
70000 100000 149997 -3.35696
75000 100000 150000 0.0437398
75000 95000 150001 1.08884
80000 95000 150003 2.66568
75000 100000 150000 0.0437398
80000 100000 150000 0.00366202
80000 90000 150004 3.58649
85000 90000 150006 5.63047
80000 95000 150003 2.66568
85000 95000 150005 4.91723
85000 90000 150006 5.63047
90000 90000 150005 4.88098
85000 95000 150005 4.91723
90000 95000 150006 6.38085
80000 95000 150003 2.66568
85000 95000 150005 4.91723
80000 100000 150000 0.00366202
85000 100000 150003 2.96611
85000 95000 150005 4.91723
90000 95000 150006 6.38085
85000 100000 150003 2.96611
90000 100000 150003 2.88195
90000 90000 150005 4.88098
95000 90000 150005 4.96453
90000 95000 150006 6.38085
95000 95000 150009 8.97615
95000 90000 150005 4.96453
100000 90000 150009 8.61911
95000 95000 150009 8.97615
100000 95000 150006 6.38663
90000 95000 150006 6.38085
95000 95000 150009 8.97615
90000 100000 150003 2.88195
95000 100000 150006 5.81382
95000 95000 150009 8.97615
100000 95000 150006 6.38663
95000 100000 150006 5.81382
100000 100000 150008 7.80576
0 100000 149990 -9.78312
5000 100000 149989 -10.949
0 105000 149990 -10.242
5000 105000 149989 -11.0043
5000 100000 149989 -10.949
10000 100000 149989 -10.6259
5000 105000 149989 -11.0043
10000 105000 149992 -8.1337
0 105000 149990 -10.242
5000 105000 149989 -11.0043
0 110000 149989 -11.1414
5000 110000 149989 -10.849
5000 105000 149989 -11.0043
10000 105000 149992 -8.1337
5000 110000 149989 -10.849
10000 110000 149989 -10.8235
10000 100000 149989 -10.6259
15000 100000 149992 -7.85633
10000 105000 149992 -8.1337
15000 105000 149990 -10.4828
15000 100000 149992 -7.85633
20000 100000 149991 -8.64111
15000 105000 149990 -10.4828
20000 105000 149993 -7.46826
10000 105000 149992 -8.1337
15000 105000 149990 -10.4828
10000 110000 149989 -10.8235
15000 110000 149990 -9.94976
15000 105000 149990 -10.4828
20000 105000 149993 -7.46826
15000 110000 149990 -9.94976
20000 110000 149990 -9.82746
20000 100000 149991 -8.64111
25000 100000 149991 -8.88705
20000 105000 149993 -7.46826
25000 105000 149990 -9.64965
25000 100000 149991 -8.88705
30000 100000 149992 -7.64838
25000 105000 149990 -9.64965
30000 105000 149991 -9.47304
20000 105000 149993 -7.46826
25000 105000 149990 -9.64965
20000 110000 149990 -9.82746
25000 110000 149990 -9.64978
25000 105000 149990 -9.64965
30000 105000 149991 -9.47304
25000 110000 149990 -9.64978
30000 110000 149992 -7.86068
30000 100000 149992 -7.64838
35000 100000 149992 -8.40607
30000 105000 149991 -9.47304
35000 105000 149991 -9.3589
35000 100000 149992 -8.40607
40000 100000 149991 -9.13776
35000 105000 149991 -9.3589
40000 105000 149994 -6.27028
30000 105000 149991 -9.47304
35000 105000 149991 -9.3589
30000 110000 149992 -7.86068
35000 110000 149991 -9.32341
35000 105000 149991 -9.3589
40000 105000 149994 -6.27028
35000 110000 149991 -9.32341
40000 110000 149994 -5.93563
40000 100000 149991 -9.13776
45000 100000 149993 -7.17141
40000 105000 149994 -6.27028
45000 105000 149992 -7.91484
45000 100000 149993 -7.17141
50000 100000 149996 -3.86537
45000 105000 149992 -7.91484
50000 105000 149995 -5.33486
40000 105000 149994 -6.27028
45000 105000 149992 -7.91484
40000 110000 149994 -5.93563
45000 110000 149992 -7.85141
45000 105000 149992 -7.91484
50000 105000 149995 -5.33486
45000 110000 149992 -7.85141
50000 110000 149994 -5.80775
50000 100000 149996 -3.86537
55000 100000 149997 -2.53575
50000 105000 149995 -5.33486
55000 105000 149994 -5.51517
55000 100000 149997 -2.53575
60000 100000 149998 -1.79901
55000 105000 149994 -5.51517
60000 105000 149995 -4.91208
50000 105000 149995 -5.33486
55000 105000 149994 -5.51517
50000 110000 149994 -5.80775
55000 110000 149997 -2.71139
55000 105000 149994 -5.51517
60000 105000 149995 -4.91208
55000 110000 149997 -2.71139
60000 110000 149998 -1.65553
60000 100000 149998 -1.79901
65000 100000 149995 -4.62912
60000 105000 149995 -4.91208
65000 105000 149996 -4.09454
65000 100000 149995 -4.62912
70000 100000 149997 -3.35696
65000 105000 149996 -4.09454
70000 105000 149999 -0.532638
60000 105000 149995 -4.91208
65000 105000 149996 -4.09454
60000 110000 149998 -1.65553
65000 110000 149996 -3.5119
65000 105000 149996 -4.09454
70000 105000 149999 -0.532638
65000 110000 149996 -3.5119
70000 110000 150000 0.21009
70000 100000 149997 -3.35696
75000 100000 150000 0.0437398
70000 105000 149999 -0.532638
75000 105000 149999 -1.35376
75000 100000 150000 0.0437398
80000 100000 150000 0.00366202
75000 105000 149999 -1.35376
80000 105000 150004 4.21187
70000 105000 149999 -0.532638
75000 105000 149999 -1.35376
70000 110000 150000 0.21009
75000 110000 150001 1.26833
75000 105000 149999 -1.35376
80000 105000 150004 4.21187
75000 110000 150001 1.26833
80000 110000 150003 2.95036
0 110000 149989 -11.1414
5000 110000 149989 -10.849
0 115000 149992 -7.81508
5000 115000 149990 -10.0685
5000 110000 149989 -10.849
10000 110000 149989 -10.8235
5000 115000 149990 -10.0685
10000 115000 149989 -10.7276
0 115000 149992 -7.81508
5000 115000 149990 -10.0685
0 120000 149992 -8.4684
5000 120000 149991 -9.48837
5000 115000 149990 -10.0685
10000 115000 149989 -10.7276
5000 120000 149991 -9.48837
10000 120000 149989 -10.8715
10000 110000 149989 -10.8235
15000 110000 149990 -9.94976
10000 115000 149989 -10.7276
15000 115000 149993 -7.13039
15000 110000 149990 -9.94976
20000 110000 149990 -9.82746
15000 115000 149993 -7.13039
20000 115000 149990 -9.55107
10000 115000 149989 -10.7276
15000 115000 149993 -7.13039
10000 120000 149989 -10.8715
15000 120000 149990 -10.268
15000 115000 149993 -7.13039
20000 115000 149990 -9.55107
15000 120000 149990 -10.268
20000 120000 149992 -8.0705
20000 110000 149990 -9.82746
25000 110000 149990 -9.64978
20000 115000 149990 -9.55107
25000 115000 149990 -9.63352
25000 110000 149990 -9.64978
30000 110000 149992 -7.86068
25000 115000 149990 -9.63352
30000 115000 149990 -9.5179
20000 115000 149990 -9.55107
25000 115000 149990 -9.63352
20000 120000 149992 -8.0705
25000 120000 149993 -7.12392
25000 115000 149990 -9.63352
30000 115000 149990 -9.5179
25000 120000 149993 -7.12392
30000 120000 149990 -9.5704
30000 110000 149992 -7.86068
35000 110000 149991 -9.32341
30000 115000 149990 -9.5179
35000 115000 149992 -7.79325
35000 110000 149991 -9.32341
40000 110000 149994 -5.93563
35000 115000 149992 -7.79325
40000 115000 149994 -6.43496
30000 115000 149990 -9.5179
35000 115000 149992 -7.79325
30000 120000 149990 -9.5704
35000 120000 149995 -5.34951
35000 115000 149992 -7.79325
40000 115000 149994 -6.43496
35000 120000 149995 -5.34951
40000 120000 149990 -9.54519
40000 110000 149994 -5.93563
45000 110000 149992 -7.85141
40000 115000 149994 -6.43496
45000 115000 149994 -5.8258
45000 110000 149992 -7.85141
50000 110000 149994 -5.80775
45000 115000 149994 -5.8258
50000 115000 149992 -7.832
40000 115000 149994 -6.43496
45000 115000 149994 -5.8258
40000 120000 149990 -9.54519
45000 120000 149992 -8.17895
45000 115000 149994 -5.8258
50000 115000 149992 -7.832
45000 120000 149992 -8.17895
50000 120000 149993 -6.79117
50000 110000 149994 -5.80775
55000 110000 149997 -2.71139
50000 115000 149992 -7.832
55000 115000 149993 -6.57478
55000 110000 149997 -2.71139
60000 110000 149998 -1.65553
55000 115000 149993 -6.57478
60000 115000 149996 -3.78877
50000 115000 149992 -7.832
55000 115000 149993 -6.57478
50000 120000 149993 -6.79117
55000 120000 149995 -4.774
55000 115000 149993 -6.57478
60000 115000 149996 -3.78877
55000 120000 149995 -4.774
60000 120000 149997 -2.93343
60000 110000 149998 -1.65553
65000 110000 149996 -3.5119
60000 115000 149996 -3.78877
65000 115000 149998 -1.53309
65000 110000 149996 -3.5119
70000 110000 150000 0.21009
65000 115000 149998 -1.53309
70000 115000 150001 0.567236
60000 115000 149996 -3.78877
65000 115000 149998 -1.53309
60000 120000 149997 -2.93343
65000 120000 149998 -1.63036
65000 115000 149998 -1.53309
70000 115000 150001 0.567236
65000 120000 149998 -1.63036
70000 120000 150000 0.309865
70000 110000 150000 0.21009
75000 110000 150001 1.26833
70000 115000 150001 0.567236
75000 115000 149999 -0.736708
75000 110000 150001 1.26833
80000 110000 150003 2.95036
75000 115000 149999 -0.736708
80000 115000 150000 -0.414104
70000 115000 150001 0.567236
75000 115000 149999 -0.736708
70000 120000 150000 0.309865
75000 120000 150002 2.03723
75000 115000 149999 -0.736708
80000 115000 150000 -0.414104
75000 120000 150002 2.03723
80000 120000 150000 0.186358
160000 0 150009 9.41947
165000 0 150010 10.3306
160000 5000 150012 12.4353
165000 5000 150010 10.1405
165000 0 150010 10.3306
170000 0 150014 14.21
165000 5000 150010 10.1405
170000 5000 150014 13.8727
160000 5000 150012 12.4353
165000 5000 150010 10.1405
160000 10000 150012 12.0154
165000 10000 150012 12.1202
165000 5000 150010 10.1405
170000 5000 150014 13.8727
165000 10000 150012 12.1202
170000 10000 150015 15.156
170000 0 150014 14.21
175000 0 150012 11.9863
170000 5000 150014 13.8727
175000 5000 150010 10.1802
175000 0 150012 11.9863
180000 0 150012 11.7187
175000 5000 150010 10.1802
180000 5000 150014 14.2252
170000 5000 150014 13.8727
175000 5000 150010 10.1802
170000 10000 150015 15.156
175000 10000 150015 15.2972
175000 5000 150010 10.1802
180000 5000 150014 14.2252
175000 10000 150015 15.2972
180000 10000 150011 10.592
180000 0 150012 11.7187
185000 0 150010 10.1775
180000 5000 150014 14.2252
185000 5000 150012 11.9239
185000 0 150010 10.1775
190000 0 150010 9.51662
185000 5000 150012 11.9239
190000 5000 150008 8.38953
180000 5000 150014 14.2252
185000 5000 150012 11.9239
180000 10000 150011 10.592
185000 10000 150012 12.0691
185000 5000 150012 11.9239
190000 5000 150008 8.38953
185000 10000 150012 12.0691
190000 10000 150011 11.3541
190000 0 150010 9.51662
195000 0 150009 9.46005
190000 5000 150008 8.38953
195000 5000 150008 7.81065
195000 0 150009 9.46005
200000 0 150011 11.4742
195000 5000 150008 7.81065
200000 5000 150006 5.8083
190000 5000 150008 8.38953
195000 5000 150008 7.81065
190000 10000 150011 11.3541
195000 10000 150008 7.5273
195000 5000 150008 7.81065
200000 5000 150006 5.8083
195000 10000 150008 7.5273
200000 10000 150009 9.45668
200000 0 150011 11.4742
205000 0 150007 6.96687
200000 5000 150006 5.8083
205000 5000 150006 5.90221
205000 0 150007 6.96687
210000 0 150007 6.73605
205000 5000 150006 5.90221
210000 5000 150005 5.11414
200000 5000 150006 5.8083
205000 5000 150006 5.90221
200000 10000 150009 9.45668
205000 10000 150006 5.61881
205000 5000 150006 5.90221
210000 5000 150005 5.11414
205000 10000 150006 5.61881
210000 10000 150004 3.77846
210000 0 150007 6.73605
215000 0 150005 5.24182
210000 5000 150005 5.11414
215000 5000 150005 4.66434
215000 0 150005 5.24182
220000 0 150003 3.40708
215000 5000 150005 4.66434
220000 5000 150003 3.39465
210000 5000 150005 5.11414
215000 5000 150005 4.66434
210000 10000 150004 3.77846
215000 10000 150004 3.92125
215000 5000 150005 4.66434
220000 5000 150003 3.39465
215000 10000 150004 3.92125
220000 10000 150001 1.00393
220000 0 150003 3.40708
225000 0 150000 -0.496264
220000 5000 150003 3.39465
225000 5000 150000 -0.203832
225000 0 150000 -0.496264
230000 0 150001 1.408
225000 5000 150000 -0.203832
230000 5000 149999 -1.40909
220000 5000 150003 3.39465
225000 5000 150000 -0.203832
220000 10000 150001 1.00393
225000 10000 150001 1.07727
225000 5000 150000 -0.203832
230000 5000 149999 -1.40909
225000 10000 150001 1.07727
230000 10000 149999 -0.530045
230000 0 150001 1.408
235000 0 150000 -0.28545
230000 5000 149999 -1.40909
235000 5000 150000 0.462318
235000 0 150000 -0.28545
240000 0 150000 0.022335
235000 5000 150000 0.462318
240000 5000 149998 -1.70418
230000 5000 149999 -1.40909
235000 5000 150000 0.462318
230000 10000 149999 -0.530045
235000 10000 150001 1.07609
235000 5000 150000 0.462318
240000 5000 149998 -1.70418
235000 10000 150001 1.07609
240000 10000 149995 -4.50348
160000 10000 150012 12.0154
165000 10000 150012 12.1202
160000 15000 150013 12.9228
165000 15000 150013 13.0816
165000 10000 150012 12.1202
170000 10000 150015 15.156
165000 15000 150013 13.0816
170000 15000 150016 15.5847
160000 15000 150013 12.9228
165000 15000 150013 13.0816
160000 20000 150012 11.5635
165000 20000 150010 9.63409
165000 15000 150013 13.0816
170000 15000 150016 15.5847
165000 20000 150010 9.63409
170000 20000 150012 12.4472
170000 10000 150015 15.156
175000 10000 150015 15.2972
170000 15000 150016 15.5847
175000 15000 150014 13.8302
175000 10000 150015 15.2972
180000 10000 150011 10.592
175000 15000 150014 13.8302
180000 15000 150015 14.8471
170000 15000 150016 15.5847
175000 15000 150014 13.8302
170000 20000 150012 12.4472
175000 20000 150012 11.8916
175000 15000 150014 13.8302
180000 15000 150015 14.8471
175000 20000 150012 11.8916
180000 20000 150012 11.9456
180000 10000 150011 10.592
185000 10000 150012 12.0691
180000 15000 150015 14.8471
185000 15000 150013 13.4271
185000 10000 150012 12.0691
190000 10000 150011 11.3541
185000 15000 150013 13.4271
190000 15000 150010 10.3747
180000 15000 150015 14.8471
185000 15000 150013 13.4271
180000 20000 150012 11.9456
185000 20000 150014 14.4328
185000 15000 150013 13.4271
190000 15000 150010 10.3747
185000 20000 150014 14.4328
190000 20000 150014 13.7253
190000 10000 150011 11.3541
195000 10000 150008 7.5273
190000 15000 150010 10.3747
195000 15000 150012 11.8218
195000 10000 150008 7.5273
200000 10000 150009 9.45668
195000 15000 150012 11.8218
200000 15000 150008 7.52663
190000 15000 150010 10.3747
195000 15000 150012 11.8218
190000 20000 150014 13.7253
195000 20000 150012 11.8998
195000 15000 150012 11.8218
200000 15000 150008 7.52663
195000 20000 150012 11.8998
200000 20000 150006 6.17181
200000 10000 150009 9.45668
205000 10000 150006 5.61881
200000 15000 150008 7.52663
205000 15000 150007 6.73273
205000 10000 150006 5.61881
210000 10000 150004 3.77846
205000 15000 150007 6.73273
210000 15000 150005 5.47164
200000 15000 150008 7.52663
205000 15000 150007 6.73273
200000 20000 150006 6.17181
205000 20000 150006 6.29057
205000 15000 150007 6.73273
210000 15000 150005 5.47164
205000 20000 150006 6.29057
210000 20000 150006 6.12752
210000 10000 150004 3.77846
215000 10000 150004 3.92125
210000 15000 150005 5.47164
215000 15000 150003 2.82848
215000 10000 150004 3.92125
220000 10000 150001 1.00393
215000 15000 150003 2.82848
220000 15000 150002 2.37077
210000 15000 150005 5.47164
215000 15000 150003 2.82848
210000 20000 150006 6.12752
215000 20000 150005 4.9059
215000 15000 150003 2.82848
220000 15000 150002 2.37077
215000 20000 150005 4.9059
220000 20000 150005 4.76359
220000 10000 150001 1.00393
225000 10000 150001 1.07727
220000 15000 150002 2.37077
225000 15000 150003 2.78251
225000 10000 150001 1.07727
230000 10000 149999 -0.530045
225000 15000 150003 2.78251
230000 15000 150001 1.21584
220000 15000 150002 2.37077
225000 15000 150003 2.78251
220000 20000 150005 4.76359
225000 20000 150003 2.84842
225000 15000 150003 2.78251
230000 15000 150001 1.21584
225000 20000 150003 2.84842
230000 20000 149998 -2.11543
230000 10000 149999 -0.530045
235000 10000 150001 1.07609
230000 15000 150001 1.21584
235000 15000 149997 -2.77698
235000 10000 150001 1.07609
240000 10000 149995 -4.50348
235000 15000 149997 -2.77698
240000 15000 149995 -4.66164
230000 15000 150001 1.21584
235000 15000 149997 -2.77698
230000 20000 149998 -2.11543
235000 20000 149997 -2.87994
235000 15000 149997 -2.77698
240000 15000 149995 -4.66164
235000 20000 149997 -2.87994
240000 20000 149997 -3.19917
160000 20000 150012 11.5635
165000 20000 150010 9.63409
160000 25000 150009 8.74402
165000 25000 150010 9.85914
165000 20000 150010 9.63409
170000 20000 150012 12.4472
165000 25000 150010 9.85914
170000 25000 150012 11.5458
160000 25000 150009 8.74402
165000 25000 150010 9.85914
160000 30000 150010 9.94711
165000 30000 150013 12.9972
165000 25000 150010 9.85914
170000 25000 150012 11.5458
165000 30000 150013 12.9972
170000 30000 150013 12.8401
170000 20000 150012 12.4472
175000 20000 150012 11.8916
170000 25000 150012 11.5458
175000 25000 150015 14.6407
175000 20000 150012 11.8916
180000 20000 150012 11.9456
175000 25000 150015 14.6407
180000 25000 150012 11.6228
170000 25000 150012 11.5458
175000 25000 150015 14.6407
170000 30000 150013 12.8401
175000 30000 150012 11.6609
175000 25000 150015 14.6407
180000 25000 150012 11.6228
175000 30000 150012 11.6609
180000 30000 150012 11.7694
180000 20000 150012 11.9456
185000 20000 150014 14.4328
180000 25000 150012 11.6228
185000 25000 150015 14.6672
185000 20000 150014 14.4328
190000 20000 150014 13.7253
185000 25000 150015 14.6672
190000 25000 150012 11.9651
180000 25000 150012 11.6228
185000 25000 150015 14.6672
180000 30000 150012 11.7694
185000 30000 150016 15.9469
185000 25000 150015 14.6672
190000 25000 150012 11.9651
185000 30000 150016 15.9469
190000 30000 150014 13.6556
190000 20000 150014 13.7253
195000 20000 150012 11.8998
190000 25000 150012 11.9651
195000 25000 150008 7.89115
195000 20000 150012 11.8998
200000 20000 150006 6.17181
195000 25000 150008 7.89115
200000 25000 150007 6.66225
190000 25000 150012 11.9651
195000 25000 150008 7.89115
190000 30000 150014 13.6556
195000 30000 150009 9.09668
195000 25000 150008 7.89115
200000 25000 150007 6.66225
195000 30000 150009 9.09668
200000 30000 150009 8.78745
200000 20000 150006 6.17181
205000 20000 150006 6.29057
200000 25000 150007 6.66225
205000 25000 150007 6.85191
205000 20000 150006 6.29057
210000 20000 150006 6.12752
205000 25000 150007 6.85191
210000 25000 150006 5.98546
200000 25000 150007 6.66225
205000 25000 150007 6.85191
200000 30000 150009 8.78745
205000 30000 150006 6.34735
205000 25000 150007 6.85191
210000 25000 150006 5.98546
205000 30000 150006 6.34735
210000 30000 150003 3.377
210000 20000 150006 6.12752
215000 20000 150005 4.9059
210000 25000 150006 5.98546
215000 25000 150003 3.42262
215000 20000 150005 4.9059
220000 20000 150005 4.76359
215000 25000 150003 3.42262
220000 25000 150003 3.28996
210000 25000 150006 5.98546
215000 25000 150003 3.42262
210000 30000 150003 3.377
215000 30000 150004 3.61915
215000 25000 150003 3.42262
220000 25000 150003 3.28996
215000 30000 150004 3.61915
220000 30000 150001 1.15275
220000 20000 150005 4.76359
225000 20000 150003 2.84842
220000 25000 150003 3.28996
225000 25000 149999 -1.34206
225000 20000 150003 2.84842
230000 20000 149998 -2.11543
225000 25000 149999 -1.34206
230000 25000 149998 -2.21883
220000 25000 150003 3.28996
225000 25000 149999 -1.34206
220000 30000 150001 1.15275
225000 30000 150004 4.00915
225000 25000 149999 -1.34206
230000 25000 149998 -2.21883
225000 30000 150004 4.00915
230000 30000 149999 -1.00656
230000 20000 149998 -2.11543
235000 20000 149997 -2.87994
230000 25000 149998 -2.21883
235000 25000 150001 0.905736
235000 20000 149997 -2.87994
240000 20000 149997 -3.19917
235000 25000 150001 0.905736
240000 25000 149999 -0.83819
230000 25000 149998 -2.21883
235000 25000 150001 0.905736
230000 30000 149999 -1.00656
235000 30000 149998 -1.58391
235000 25000 150001 0.905736
240000 25000 149999 -0.83819
235000 30000 149998 -1.58391
240000 30000 149997 -2.93176
160000 30000 150010 9.94711
165000 30000 150013 12.9972
160000 35000 150012 11.613
165000 35000 150012 11.7883
165000 30000 150013 12.9972
170000 30000 150013 12.8401
165000 35000 150012 11.7883
170000 35000 150015 15.3102
160000 35000 150012 11.613
165000 35000 150012 11.7883
160000 40000 150009 8.85657
165000 40000 150010 9.95949
165000 35000 150012 11.7883
170000 35000 150015 15.3102
165000 40000 150010 9.95949
170000 40000 150014 14.2934
170000 30000 150013 12.8401
175000 30000 150012 11.6609
170000 35000 150015 15.3102
175000 35000 150016 15.8391
175000 30000 150012 11.6609
180000 30000 150012 11.7694
175000 35000 150016 15.8391
180000 35000 150012 11.6374
170000 35000 150015 15.3102
175000 35000 150016 15.8391
170000 40000 150014 14.2934
175000 40000 150012 11.9337
175000 35000 150016 15.8391
180000 35000 150012 11.6374
175000 40000 150012 11.9337
180000 40000 150012 12.495
180000 30000 150012 11.7694
185000 30000 150016 15.9469
180000 35000 150012 11.6374
185000 35000 150013 13.0873
185000 30000 150016 15.9469
190000 30000 150014 13.6556
185000 35000 150013 13.0873
190000 35000 150014 13.9764
180000 35000 150012 11.6374
185000 35000 150013 13.0873
180000 40000 150012 12.495
185000 40000 150011 11.3455
185000 35000 150013 13.0873
190000 35000 150014 13.9764
185000 40000 150011 11.3455
190000 40000 150013 13.3073
190000 30000 150014 13.6556
195000 30000 150009 9.09668
190000 35000 150014 13.9764
195000 35000 150011 10.7294
195000 30000 150009 9.09668
200000 30000 150009 8.78745
195000 35000 150011 10.7294
200000 35000 150009 9.27399
190000 35000 150014 13.9764
195000 35000 150011 10.7294
190000 40000 150013 13.3073
195000 40000 150010 9.78613
195000 35000 150011 10.7294
200000 35000 150009 9.27399
195000 40000 150010 9.78613
200000 40000 150012 12.0224
200000 30000 150009 8.78745
205000 30000 150006 6.34735
200000 35000 150009 9.27399
205000 35000 150010 10.3251
205000 30000 150006 6.34735
210000 30000 150003 3.377
205000 35000 150010 10.3251
210000 35000 150004 3.64511
200000 35000 150009 9.27399
205000 35000 150010 10.3251
200000 40000 150012 12.0224
205000 40000 150009 8.88674
205000 35000 150010 10.3251
210000 35000 150004 3.64511
205000 40000 150009 8.88674
210000 40000 150006 6.33914
210000 30000 150003 3.377
215000 30000 150004 3.61915
210000 35000 150004 3.64511
215000 35000 150003 3.25018
215000 30000 150004 3.61915
220000 30000 150001 1.15275
215000 35000 150003 3.25018
220000 35000 150005 4.94295
210000 35000 150004 3.64511
215000 35000 150003 3.25018
210000 40000 150006 6.33914
215000 40000 150004 3.99369
215000 35000 150003 3.25018
220000 35000 150005 4.94295
215000 40000 150004 3.99369
220000 40000 150001 1.17117
220000 30000 150001 1.15275
225000 30000 150004 4.00915
220000 35000 150005 4.94295
225000 35000 150003 3.35488
225000 30000 150004 4.00915
230000 30000 149999 -1.00656
225000 35000 150003 3.35488
230000 35000 150003 2.61115
220000 35000 150005 4.94295
225000 35000 150003 3.35488
220000 40000 150001 1.17117
225000 40000 150000 -0.288463
225000 35000 150003 3.35488
230000 35000 150003 2.61115
225000 40000 150000 -0.288463
230000 40000 150002 1.8728
230000 30000 149999 -1.00656
235000 30000 149998 -1.58391
230000 35000 150003 2.61115
235000 35000 150000 0.392736
235000 30000 149998 -1.58391
240000 30000 149997 -2.93176
235000 35000 150000 0.392736
240000 35000 149996 -4.34701
230000 35000 150003 2.61115
235000 35000 150000 0.392736
230000 40000 150002 1.8728
235000 40000 149998 -1.98411
235000 35000 150000 0.392736
240000 35000 149996 -4.34701
235000 40000 149998 -1.98411
240000 40000 149997 -3.06244
160000 40000 150009 8.85657
165000 40000 150010 9.95949
160000 45000 150012 11.6062
165000 45000 150013 12.8213
165000 40000 150010 9.95949
170000 40000 150014 14.2934
165000 45000 150013 12.8213
170000 45000 150012 11.79
160000 45000 150012 11.6062
165000 45000 150013 12.8213
160000 50000 150008 7.74928
165000 50000 150010 9.59102
165000 45000 150013 12.8213
170000 45000 150012 11.79
165000 50000 150010 9.59102
170000 50000 150013 12.6938
170000 40000 150014 14.2934
175000 40000 150012 11.9337
170000 45000 150012 11.79
175000 45000 150011 11.3421
175000 40000 150012 11.9337
180000 40000 150012 12.495
175000 45000 150011 11.3421
180000 45000 150012 11.5651
170000 45000 150012 11.79
175000 45000 150011 11.3421
170000 50000 150013 12.6938
175000 50000 150011 10.5031
175000 45000 150011 11.3421
180000 45000 150012 11.5651
175000 50000 150011 10.5031
180000 50000 150013 12.5443
180000 40000 150012 12.495
185000 40000 150011 11.3455
180000 45000 150012 11.5651
185000 45000 150014 13.9496
185000 40000 150011 11.3455
190000 40000 150013 13.3073
185000 45000 150014 13.9496
190000 45000 150011 10.7974
180000 45000 150012 11.5651
185000 45000 150014 13.9496
180000 50000 150013 12.5443
185000 50000 150011 10.9364
185000 45000 150014 13.9496
190000 45000 150011 10.7974
185000 50000 150011 10.9364
190000 50000 150011 10.9617
190000 40000 150013 13.3073
195000 40000 150010 9.78613
190000 45000 150011 10.7974
195000 45000 150011 10.5952
195000 40000 150010 9.78613
200000 40000 150012 12.0224
195000 45000 150011 10.5952
200000 45000 150011 11.4483
190000 45000 150011 10.7974
195000 45000 150011 10.5952
190000 50000 150011 10.9617
195000 50000 150011 10.9542
195000 45000 150011 10.5952
200000 45000 150011 11.4483
195000 50000 150011 10.9542
200000 50000 150012 11.6972
200000 40000 150012 12.0224
205000 40000 150009 8.88674
200000 45000 150011 11.4483
205000 45000 150008 7.67874
205000 40000 150009 8.88674
210000 40000 150006 6.33914
205000 45000 150008 7.67874
210000 45000 150006 6.11716
200000 45000 150011 11.4483
205000 45000 150008 7.67874
200000 50000 150012 11.6972
205000 50000 150010 10.4417
205000 45000 150008 7.67874
210000 45000 150006 6.11716
205000 50000 150010 10.4417
210000 50000 150008 8.15467
210000 40000 150006 6.33914
215000 40000 150004 3.99369
210000 45000 150006 6.11716
215000 45000 150002 2.42439
215000 40000 150004 3.99369
220000 40000 150001 1.17117
215000 45000 150002 2.42439
220000 45000 150006 5.68825
210000 45000 150006 6.11716
215000 45000 150002 2.42439
210000 50000 150008 8.15467
215000 50000 150003 3.37507
215000 45000 150002 2.42439
220000 45000 150006 5.68825
215000 50000 150003 3.37507
220000 50000 150002 1.70057
220000 40000 150001 1.17117
225000 40000 150000 -0.288463
220000 45000 150006 5.68825
225000 45000 150004 3.68765
225000 40000 150000 -0.288463
230000 40000 150002 1.8728
225000 45000 150004 3.68765
230000 45000 149999 -1.057
220000 45000 150006 5.68825
225000 45000 150004 3.68765
220000 50000 150002 1.70057
225000 50000 150003 3.38862
225000 45000 150004 3.68765
230000 45000 149999 -1.057
225000 50000 150003 3.38862
230000 50000 149999 -1.42598
230000 40000 150002 1.8728
235000 40000 149998 -1.98411
230000 45000 149999 -1.057
235000 45000 149998 -1.88997
235000 40000 149998 -1.98411
240000 40000 149997 -3.06244
235000 45000 149998 -1.88997
240000 45000 149996 -4.19507
230000 45000 149999 -1.057
235000 45000 149998 -1.88997
230000 50000 149999 -1.42598
235000 50000 149998 -1.52412
235000 45000 149998 -1.88997
240000 45000 149996 -4.19507
235000 50000 149998 -1.52412
240000 50000 149999 -1.10912
160000 50000 150008 7.74928
165000 50000 150010 9.59102
160000 55000 150010 10.3994
165000 55000 150012 11.6744
165000 50000 150010 9.59102
170000 50000 150013 12.6938
165000 55000 150012 11.6744
170000 55000 150010 9.72577
160000 55000 150010 10.3994
165000 55000 150012 11.6744
160000 60000 149999 -1.16327
165000 60000 150012 12.2306
165000 55000 150012 11.6744
170000 55000 150010 9.72577
165000 60000 150012 12.2306
170000 60000 150011 10.6867
170000 50000 150013 12.6938
175000 50000 150011 10.5031
170000 55000 150010 9.72577
175000 55000 150011 10.506
175000 50000 150011 10.5031
180000 50000 150013 12.5443
175000 55000 150011 10.506
180000 55000 150012 11.7616
170000 55000 150010 9.72577
175000 55000 150011 10.506
170000 60000 150011 10.6867
175000 60000 150015 15.3829
175000 55000 150011 10.506
180000 55000 150012 11.7616
175000 60000 150015 15.3829
180000 60000 150013 12.6511
180000 50000 150013 12.5443
185000 50000 150011 10.9364
180000 55000 150012 11.7616
185000 55000 150013 12.8284
185000 50000 150011 10.9364
190000 50000 150011 10.9617
185000 55000 150013 12.8284
190000 55000 150014 13.7738
180000 55000 150012 11.7616
185000 55000 150013 12.8284
180000 60000 150013 12.6511
185000 60000 150011 10.6156
185000 55000 150013 12.8284
190000 55000 150014 13.7738
185000 60000 150011 10.6156
190000 60000 150010 10.3809
190000 50000 150011 10.9617
195000 50000 150011 10.9542
190000 55000 150014 13.7738
195000 55000 150012 11.6081
195000 50000 150011 10.9542
200000 50000 150012 11.6972
195000 55000 150012 11.6081
200000 55000 150009 9.22277
190000 55000 150014 13.7738
195000 55000 150012 11.6081
190000 60000 150010 10.3809
195000 60000 150010 10.1963
195000 55000 150012 11.6081
200000 55000 150009 9.22277
195000 60000 150010 10.1963
200000 60000 150010 9.74396
200000 50000 150012 11.6972
205000 50000 150010 10.4417
200000 55000 150009 9.22277
205000 55000 150007 7.00558
205000 50000 150010 10.4417
210000 50000 150008 8.15467
205000 55000 150007 7.00558
210000 55000 150005 5.2967
200000 55000 150009 9.22277
205000 55000 150007 7.00558
200000 60000 150010 9.74396
205000 60000 150012 11.8446
205000 55000 150007 7.00558
210000 55000 150005 5.2967
205000 60000 150012 11.8446
210000 60000 150008 8.4095
210000 50000 150008 8.15467
215000 50000 150003 3.37507
210000 55000 150005 5.2967
215000 55000 150005 5.43461
215000 50000 150003 3.37507
220000 50000 150002 1.70057
215000 55000 150005 5.43461
220000 55000 150002 2.47936
210000 55000 150005 5.2967
215000 55000 150005 5.43461
210000 60000 150008 8.4095
215000 60000 150007 6.92342
215000 55000 150005 5.43461
220000 55000 150002 2.47936
215000 60000 150007 6.92342
220000 60000 150002 2.36665
220000 50000 150002 1.70057
225000 50000 150003 3.38862
220000 55000 150002 2.47936
225000 55000 150001 1.06585
225000 50000 150003 3.38862
230000 50000 149999 -1.42598
225000 55000 150001 1.06585
230000 55000 150001 1.29586
220000 55000 150002 2.47936
225000 55000 150001 1.06585
220000 60000 150002 2.36665
225000 60000 150002 1.69586
225000 55000 150001 1.06585
230000 55000 150001 1.29586
225000 60000 150002 1.69586
230000 60000 150000 -0.068494
230000 50000 149999 -1.42598
235000 50000 149998 -1.52412
230000 55000 150001 1.29586
235000 55000 150000 -0.330916
235000 50000 149998 -1.52412
240000 50000 149999 -1.10912
235000 55000 150000 -0.330916
240000 55000 149997 -2.67591
230000 55000 150001 1.29586
235000 55000 150000 -0.330916
230000 60000 150000 -0.068494
235000 60000 149999 -0.598132
235000 55000 150000 -0.330916
240000 55000 149997 -2.67591
235000 60000 149999 -0.598132
240000 60000 149997 -2.64865
160000 60000 149999 -1.16327
165000 60000 150012 12.2306
160000 65000 149995 -4.75284
165000 65000 150004 3.82899
165000 60000 150012 12.2306
170000 60000 150011 10.6867
165000 65000 150004 3.82899
170000 65000 150011 11.36
160000 65000 149995 -4.75284
165000 65000 150004 3.82899
160000 70000 149986 -13.8314
165000 70000 149999 -0.521976
165000 65000 150004 3.82899
170000 65000 150011 11.36
165000 70000 149999 -0.521976
170000 70000 150012 12.3916
170000 60000 150011 10.6867
175000 60000 150015 15.3829
170000 65000 150011 11.36
175000 65000 150015 15.4143
175000 60000 150015 15.3829
180000 60000 150013 12.6511
175000 65000 150015 15.4143
180000 65000 150013 12.5812
170000 65000 150011 11.36
175000 65000 150015 15.4143
170000 70000 150012 12.3916
175000 70000 150012 11.6954
175000 65000 150015 15.4143
180000 65000 150013 12.5812
175000 70000 150012 11.6954
180000 70000 150011 10.7855
180000 60000 150013 12.6511
185000 60000 150011 10.6156
180000 65000 150013 12.5812
185000 65000 150011 11.3572
185000 60000 150011 10.6156
190000 60000 150010 10.3809
185000 65000 150011 11.3572
190000 65000 150013 12.8328
180000 65000 150013 12.5812
185000 65000 150011 11.3572
180000 70000 150011 10.7855
185000 70000 150011 11.4674
185000 65000 150011 11.3572
190000 65000 150013 12.8328
185000 70000 150011 11.4674
190000 70000 150013 12.9722
190000 60000 150010 10.3809
195000 60000 150010 10.1963
190000 65000 150013 12.8328
195000 65000 150009 9.48915
195000 60000 150010 10.1963
200000 60000 150010 9.74396
195000 65000 150009 9.48915
200000 65000 150013 12.9054
190000 65000 150013 12.8328
195000 65000 150009 9.48915
190000 70000 150013 12.9722
195000 70000 150015 14.6909
195000 65000 150009 9.48915
200000 65000 150013 12.9054
195000 70000 150015 14.6909
200000 70000 150010 10.441
160000 70000 149986 -13.8314
165000 70000 149999 -0.521976
160000 75000 149975 -24.9805
165000 75000 149994 -5.90307
165000 70000 149999 -0.521976
170000 70000 150012 12.3916
165000 75000 149994 -5.90307
170000 75000 150003 2.93107
160000 75000 149975 -24.9805
165000 75000 149994 -5.90307
160000 80000 149977 -23.1141
165000 80000 149983 -17.2975
165000 75000 149994 -5.90307
170000 75000 150003 2.93107
165000 80000 149983 -17.2975
170000 80000 149999 -1.34056
170000 70000 150012 12.3916
175000 70000 150012 11.6954
170000 75000 150003 2.93107
175000 75000 150010 10.0122
175000 70000 150012 11.6954
180000 70000 150011 10.7855
175000 75000 150010 10.0122
180000 75000 150013 13.0218
170000 75000 150003 2.93107
175000 75000 150010 10.0122
170000 80000 149999 -1.34056
175000 80000 150014 13.9211
175000 75000 150010 10.0122
180000 75000 150013 13.0218
175000 80000 150014 13.9211
180000 80000 150014 13.8134
180000 70000 150011 10.7855
185000 70000 150011 11.4674
180000 75000 150013 13.0218
185000 75000 150016 15.7253
185000 70000 150011 11.4674
190000 70000 150013 12.9722
185000 75000 150016 15.7253
190000 75000 150016 16.0028
180000 75000 150013 13.0218
185000 75000 150016 15.7253
180000 80000 150014 13.8134
185000 80000 150013 13.2849
185000 75000 150016 15.7253
190000 75000 150016 16.0028
185000 80000 150013 13.2849
190000 80000 150016 15.8125
190000 70000 150013 12.9722
195000 70000 150015 14.6909
190000 75000 150016 16.0028
195000 75000 150012 11.9253
195000 70000 150015 14.6909
200000 70000 150010 10.441
195000 75000 150012 11.9253
200000 75000 150010 10.1883
190000 75000 150016 16.0028
195000 75000 150012 11.9253
190000 80000 150016 15.8125
195000 80000 150014 14.4419
195000 75000 150012 11.9253
200000 75000 150010 10.1883
195000 80000 150014 14.4419
200000 80000 150015 14.5902
110000 80000 150013 12.9354
115000 80000 150011 10.9411
110000 85000 150010 10.0265
115000 85000 150011 10.5684
115000 80000 150011 10.9411
120000 80000 150013 12.91
115000 85000 150011 10.5684
120000 85000 150015 14.5291
110000 85000 150010 10.0265
115000 85000 150011 10.5684
110000 90000 150009 9.04238
115000 90000 150010 10.3762
115000 85000 150011 10.5684
120000 85000 150015 14.5291
115000 90000 150010 10.3762
120000 90000 150010 10.0631
120000 80000 150013 12.91
125000 80000 150014 14.0032
120000 85000 150015 14.5291
125000 85000 150012 11.5453
125000 80000 150014 14.0032
130000 80000 150011 11.2142
125000 85000 150012 11.5453
130000 85000 150015 14.7575
120000 85000 150015 14.5291
125000 85000 150012 11.5453
120000 90000 150010 10.0631
125000 90000 150012 11.7258
125000 85000 150012 11.5453
130000 85000 150015 14.7575
125000 90000 150012 11.7258
130000 90000 150013 13.1021
130000 80000 150011 11.2142
135000 80000 150011 11.4438
130000 85000 150015 14.7575
135000 85000 150015 14.8816
135000 80000 150011 11.4438
140000 80000 150013 12.5853
135000 85000 150015 14.8816
140000 85000 150013 12.8249
130000 85000 150015 14.7575
135000 85000 150015 14.8816
130000 90000 150013 13.1021
135000 90000 150012 12.1463
135000 85000 150015 14.8816
140000 85000 150013 12.8249
135000 90000 150012 12.1463
140000 90000 150011 10.6546
140000 80000 150013 12.5853
145000 80000 150012 12.1565
140000 85000 150013 12.8249
145000 85000 150010 10.0619
145000 80000 150012 12.1565
150000 80000 150002 1.73429
145000 85000 150010 10.0619
150000 85000 150007 6.9985
140000 85000 150013 12.8249
145000 85000 150010 10.0619
140000 90000 150011 10.6546
145000 90000 150009 9.46746
145000 85000 150010 10.0619
150000 85000 150007 6.9985
145000 90000 150009 9.46746
150000 90000 150010 9.7035
150000 80000 150002 1.73429
155000 80000 149989 -10.8233
150000 85000 150007 6.9985
155000 85000 149997 -2.92921
155000 80000 149989 -10.8233
160000 80000 149977 -23.1141
155000 85000 149997 -2.92921
160000 85000 149984 -16.2998
150000 85000 150007 6.9985
155000 85000 149997 -2.92921
150000 90000 150010 9.7035
155000 90000 150003 2.94624
155000 85000 149997 -2.92921
160000 85000 149984 -16.2998
155000 90000 150003 2.94624
160000 90000 149994 -5.6151
100000 90000 150009 8.61911
105000 90000 150008 7.85357
100000 95000 150006 6.38663
105000 95000 150008 7.93172
105000 90000 150008 7.85357
110000 90000 150009 9.04238
105000 95000 150008 7.93172
110000 95000 150012 12.2771
100000 95000 150006 6.38663
105000 95000 150008 7.93172
100000 100000 150008 7.80576
105000 100000 150010 9.61049
105000 95000 150008 7.93172
110000 95000 150012 12.2771
105000 100000 150010 9.61049
110000 100000 150009 8.66483
110000 90000 150009 9.04238
115000 90000 150010 10.3762
110000 95000 150012 12.2771
115000 95000 150010 10.038
115000 90000 150010 10.3762
120000 90000 150010 10.0631
115000 95000 150010 10.038
120000 95000 150011 11.2295
110000 95000 150012 12.2771
115000 95000 150010 10.038
110000 100000 150009 8.66483
115000 100000 150014 13.9971
115000 95000 150010 10.038
120000 95000 150011 11.2295
115000 100000 150014 13.9971
120000 100000 150011 11.2811
120000 90000 150010 10.0631
125000 90000 150012 11.7258
120000 95000 150011 11.2295
125000 95000 150012 11.9918
125000 90000 150012 11.7258
130000 90000 150013 13.1021
125000 95000 150012 11.9918
130000 95000 150013 13.1266
120000 95000 150011 11.2295
125000 95000 150012 11.9918
120000 100000 150011 11.2811
125000 100000 150011 11.4579
125000 95000 150012 11.9918
130000 95000 150013 13.1266
125000 100000 150011 11.4579
130000 100000 150013 13.0426
130000 90000 150013 13.1021
135000 90000 150012 12.1463
130000 95000 150013 13.1266
135000 95000 150011 11.221
135000 90000 150012 12.1463
140000 90000 150011 10.6546
135000 95000 150011 11.221
140000 95000 150015 14.5162
130000 95000 150013 13.1266
135000 95000 150011 11.221
130000 100000 150013 13.0426
135000 100000 150011 11.3625
135000 95000 150011 11.221
140000 95000 150015 14.5162
135000 100000 150011 11.3625
140000 100000 150011 11.2089
140000 90000 150011 10.6546
145000 90000 150009 9.46746
140000 95000 150015 14.5162
145000 95000 150014 13.8893
145000 90000 150009 9.46746
150000 90000 150010 9.7035
145000 95000 150014 13.8893
150000 95000 150008 8.34073
140000 95000 150015 14.5162
145000 95000 150014 13.8893
140000 100000 150011 11.2089
145000 100000 150010 10.3474
145000 95000 150014 13.8893
150000 95000 150008 8.34073
145000 100000 150010 10.3474
150000 100000 150012 11.6531
150000 90000 150010 9.7035
155000 90000 150003 2.94624
150000 95000 150008 8.34073
155000 95000 150004 4.43859
155000 90000 150003 2.94624
160000 90000 149994 -5.6151
155000 95000 150004 4.43859
160000 95000 150002 1.65676
150000 95000 150008 8.34073
155000 95000 150004 4.43859
150000 100000 150012 11.6531
155000 100000 150006 5.69774
155000 95000 150004 4.43859
160000 95000 150002 1.65676
155000 100000 150006 5.69774
160000 100000 150001 0.799965
80000 100000 150000 0.00366202
85000 100000 150003 2.96611
80000 105000 150004 4.21187
85000 105000 150001 1.00784
85000 100000 150003 2.96611
90000 100000 150003 2.88195
85000 105000 150001 1.00784
90000 105000 150003 3.23479
80000 105000 150004 4.21187
85000 105000 150001 1.00784
80000 110000 150003 2.95036
85000 110000 150000 -0.0308845
85000 105000 150001 1.00784
90000 105000 150003 3.23479
85000 110000 150000 -0.0308845
90000 110000 150006 5.91386
90000 100000 150003 2.88195
95000 100000 150006 5.81382
90000 105000 150003 3.23479
95000 105000 150005 5.3321
95000 100000 150006 5.81382
100000 100000 150008 7.80576
95000 105000 150005 5.3321
100000 105000 150006 5.8278
90000 105000 150003 3.23479
95000 105000 150005 5.3321
90000 110000 150006 5.91386
95000 110000 150008 8.15782
95000 105000 150005 5.3321
100000 105000 150006 5.8278
95000 110000 150008 8.15782
100000 110000 150006 5.86913
100000 100000 150008 7.80576
105000 100000 150010 9.61049
100000 105000 150006 5.8278
105000 105000 150007 7.46244
105000 100000 150010 9.61049
110000 100000 150009 8.66483
105000 105000 150007 7.46244
110000 105000 150008 8.25857
100000 105000 150006 5.8278
105000 105000 150007 7.46244
100000 110000 150006 5.86913
105000 110000 150012 11.5253
105000 105000 150007 7.46244
110000 105000 150008 8.25857
105000 110000 150012 11.5253
110000 110000 150012 12.1384
110000 100000 150009 8.66483
115000 100000 150014 13.9971
110000 105000 150008 8.25857
115000 105000 150011 10.9638
115000 100000 150014 13.9971
120000 100000 150011 11.2811
115000 105000 150011 10.9638
120000 105000 150012 12.0595
110000 105000 150008 8.25857
115000 105000 150011 10.9638
110000 110000 150012 12.1384
115000 110000 150009 9.09186
115000 105000 150011 10.9638
120000 105000 150012 12.0595
115000 110000 150009 9.09186
120000 110000 150011 11.0688
120000 100000 150011 11.2811
125000 100000 150011 11.4579
120000 105000 150012 12.0595
125000 105000 150012 11.9558
125000 100000 150011 11.4579
130000 100000 150013 13.0426
125000 105000 150012 11.9558
130000 105000 150017 16.5746
120000 105000 150012 12.0595
125000 105000 150012 11.9558
120000 110000 150011 11.0688
125000 110000 150012 12.137
125000 105000 150012 11.9558
130000 105000 150017 16.5746
125000 110000 150012 12.137
130000 110000 150012 11.9232
130000 100000 150013 13.0426
135000 100000 150011 11.3625
130000 105000 150017 16.5746
135000 105000 150012 12.3496
135000 100000 150011 11.3625
140000 100000 150011 11.2089
135000 105000 150012 12.3496
140000 105000 150011 11.0997
130000 105000 150017 16.5746
135000 105000 150012 12.3496
130000 110000 150012 11.9232
135000 110000 150016 15.767
135000 105000 150012 12.3496
140000 105000 150011 11.0997
135000 110000 150016 15.767
140000 110000 150013 12.526
140000 100000 150011 11.2089
145000 100000 150010 10.3474
140000 105000 150011 11.0997
145000 105000 150008 8.01668
145000 100000 150010 10.3474
150000 100000 150012 11.6531
145000 105000 150008 8.01668
150000 105000 150007 6.94874
140000 105000 150011 11.0997
145000 105000 150008 8.01668
140000 110000 150013 12.526
145000 110000 150011 11.159
145000 105000 150008 8.01668
150000 105000 150007 6.94874
145000 110000 150011 11.159
150000 110000 150007 6.51942
150000 100000 150012 11.6531
155000 100000 150006 5.69774
150000 105000 150007 6.94874
155000 105000 150006 5.63494
155000 100000 150006 5.69774
160000 100000 150001 0.799965
155000 105000 150006 5.63494
160000 105000 150002 2.19904
150000 105000 150007 6.94874
155000 105000 150006 5.63494
150000 110000 150007 6.51942
155000 110000 150007 7.33484
155000 105000 150006 5.63494
160000 105000 150002 2.19904
155000 110000 150007 7.33484
160000 110000 150007 6.63823
80000 110000 150003 2.95036
85000 110000 150000 -0.0308845
80000 115000 150000 -0.414104
85000 115000 150004 4.21639
85000 110000 150000 -0.0308845
90000 110000 150006 5.91386
85000 115000 150004 4.21639
90000 115000 150003 3.26039
80000 115000 150000 -0.414104
85000 115000 150004 4.21639
80000 120000 150000 0.186358
85000 120000 150004 3.75256
85000 115000 150004 4.21639
90000 115000 150003 3.26039
85000 120000 150004 3.75256
90000 120000 150003 3.31199
90000 110000 150006 5.91386
95000 110000 150008 8.15782
90000 115000 150003 3.26039
95000 115000 150005 5.01267
95000 110000 150008 8.15782
100000 110000 150006 5.86913
95000 115000 150005 5.01267
100000 115000 150007 7.16444
90000 115000 150003 3.26039
95000 115000 150005 5.01267
90000 120000 150003 3.31199
95000 120000 150004 3.76359
95000 115000 150005 5.01267
100000 115000 150007 7.16444
95000 120000 150004 3.76359
100000 120000 150006 6.13348
100000 110000 150006 5.86913
105000 110000 150012 11.5253
100000 115000 150007 7.16444
105000 115000 150009 8.94184
105000 110000 150012 11.5253
110000 110000 150012 12.1384
105000 115000 150009 8.94184
110000 115000 150011 10.518
100000 115000 150007 7.16444
105000 115000 150009 8.94184
100000 120000 150006 6.13348
105000 120000 150007 7.07199
105000 115000 150009 8.94184
110000 115000 150011 10.518
105000 120000 150007 7.07199
110000 120000 150012 12.4642
110000 110000 150012 12.1384
115000 110000 150009 9.09186
110000 115000 150011 10.518
115000 115000 150013 12.7049
115000 110000 150009 9.09186
120000 110000 150011 11.0688
115000 115000 150013 12.7049
120000 115000 150014 14.4431
110000 115000 150011 10.518
115000 115000 150013 12.7049
110000 120000 150012 12.4642
115000 120000 150009 8.58064
115000 115000 150013 12.7049
120000 115000 150014 14.4431
115000 120000 150009 8.58064
120000 120000 150015 14.8017
120000 110000 150011 11.0688
125000 110000 150012 12.137
120000 115000 150014 14.4431
125000 115000 150012 12.3382
125000 110000 150012 12.137
130000 110000 150012 11.9232
125000 115000 150012 12.3382
130000 115000 150013 12.7054
120000 115000 150014 14.4431
125000 115000 150012 12.3382
120000 120000 150015 14.8017
125000 120000 150014 14.1971
125000 115000 150012 12.3382
130000 115000 150013 12.7054
125000 120000 150014 14.1971
130000 120000 150012 12.0345
130000 110000 150012 11.9232
135000 110000 150016 15.767
130000 115000 150013 12.7054
135000 115000 150014 14.3448
135000 110000 150016 15.767
140000 110000 150013 12.526
135000 115000 150014 14.3448
140000 115000 150011 10.7834
130000 115000 150013 12.7054
135000 115000 150014 14.3448
130000 120000 150012 12.0345
135000 120000 150012 12.205
135000 115000 150014 14.3448
140000 115000 150011 10.7834
135000 120000 150012 12.205
140000 120000 150013 12.6125
140000 110000 150013 12.526
145000 110000 150011 11.159
140000 115000 150011 10.7834
145000 115000 150008 8.00511
145000 110000 150011 11.159
150000 110000 150007 6.51942
145000 115000 150008 8.00511
150000 115000 150006 6.46991
140000 115000 150011 10.7834
145000 115000 150008 8.00511
140000 120000 150013 12.6125
145000 120000 150008 7.71682
145000 115000 150008 8.00511
150000 115000 150006 6.46991
145000 120000 150008 7.71682
150000 120000 150009 8.88216
150000 110000 150007 6.51942
155000 110000 150007 7.33484
150000 115000 150006 6.46991
155000 115000 150004 4.36741
155000 110000 150007 7.33484
160000 110000 150007 6.63823
155000 115000 150004 4.36741
160000 115000 150002 1.55058
150000 115000 150006 6.46991
155000 115000 150004 4.36741
150000 120000 150009 8.88216
155000 120000 150008 7.97889
155000 115000 150004 4.36741
160000 115000 150002 1.55058
155000 120000 150008 7.97889
160000 120000 150007 6.65544
240000 0 150000 0.022335
245000 0 149993 -6.96566
240000 5000 149998 -1.70418
245000 5000 149996 -4.03083
245000 0 149993 -6.96566
250000 0 149995 -4.82995
245000 5000 149996 -4.03083
250000 5000 149994 -6.39112
240000 5000 149998 -1.70418
245000 5000 149996 -4.03083
240000 10000 149995 -4.50348
245000 10000 149994 -5.61808
245000 5000 149996 -4.03083
250000 5000 149994 -6.39112
245000 10000 149994 -5.61808
250000 10000 149995 -5.39253
250000 0 149995 -4.82995
255000 0 149993 -7.16406
250000 5000 149994 -6.39112
255000 5000 149995 -5.15788
255000 0 149993 -7.16406
260000 0 149994 -6.21327
255000 5000 149995 -5.15788
260000 5000 149992 -7.60259
250000 5000 149994 -6.39112
255000 5000 149995 -5.15788
250000 10000 149995 -5.39253
255000 10000 149993 -7.19266
255000 5000 149995 -5.15788
260000 5000 149992 -7.60259
255000 10000 149993 -7.19266
260000 10000 149995 -4.77019
260000 0 149994 -6.21327
265000 0 149989 -10.7702
260000 5000 149992 -7.60259
265000 5000 149993 -7.47632
265000 0 149989 -10.7702
270000 0 149993 -7.04507
265000 5000 149993 -7.47632
270000 5000 149992 -8.1688
260000 5000 149992 -7.60259
265000 5000 149993 -7.47632
260000 10000 149995 -4.77019
265000 10000 149992 -7.99186
265000 5000 149993 -7.47632
270000 5000 149992 -8.1688
265000 10000 149992 -7.99186
270000 10000 149991 -9.12547
270000 0 149993 -7.04507
275000 0 149989 -11.4035
270000 5000 149992 -8.1688
275000 5000 149993 -6.60679
275000 0 149989 -11.4035
280000 0 149989 -11.0043
275000 5000 149993 -6.60679
280000 5000 149990 -9.64239
270000 5000 149992 -8.1688
275000 5000 149993 -6.60679
270000 10000 149991 -9.12547
275000 10000 149991 -9.4349
275000 5000 149993 -6.60679
280000 5000 149990 -9.64239
275000 10000 149991 -9.4349
280000 10000 149991 -9.11971
280000 0 149989 -11.0043
285000 0 149990 -9.75274
280000 5000 149990 -9.64239
285000 5000 149990 -10.2869
285000 0 149990 -9.75274
290000 0 149991 -8.63089
285000 5000 149990 -10.2869
290000 5000 149993 -7.27596
280000 5000 149990 -9.64239
285000 5000 149990 -10.2869
280000 10000 149991 -9.11971
285000 10000 149990 -9.6934
285000 5000 149990 -10.2869
290000 5000 149993 -7.27596
285000 10000 149990 -9.6934
290000 10000 149989 -10.6757
290000 0 149991 -8.63089
295000 0 149989 -10.6051
290000 5000 149993 -7.27596
295000 5000 149989 -10.8107
295000 0 149989 -10.6051
300000 0 149989 -10.7726
295000 5000 149989 -10.8107
300000 5000 149989 -10.9141
290000 5000 149993 -7.27596
295000 5000 149989 -10.8107
290000 10000 149989 -10.6757
295000 10000 149990 -9.54837
295000 5000 149989 -10.8107
300000 5000 149989 -10.9141
295000 10000 149990 -9.54837
300000 10000 149990 -9.83079
240000 10000 149995 -4.50348
245000 10000 149994 -5.61808
240000 15000 149995 -4.66164
245000 15000 149998 -2.4717
245000 10000 149994 -5.61808
250000 10000 149995 -5.39253
245000 15000 149998 -2.4717
250000 15000 149996 -3.71184
240000 15000 149995 -4.66164
245000 15000 149998 -2.4717
240000 20000 149997 -3.19917
245000 20000 149995 -5.49542
245000 15000 149998 -2.4717
250000 15000 149996 -3.71184
245000 20000 149995 -5.49542
250000 20000 149994 -6.04557
250000 10000 149995 -5.39253
255000 10000 149993 -7.19266
250000 15000 149996 -3.71184
255000 15000 149995 -5.31021
255000 10000 149993 -7.19266
260000 10000 149995 -4.77019
255000 15000 149995 -5.31021
260000 15000 149992 -7.67058
250000 15000 149996 -3.71184
255000 15000 149995 -5.31021
250000 20000 149994 -6.04557
255000 20000 149994 -6.13187
255000 15000 149995 -5.31021
260000 15000 149992 -7.67058
255000 20000 149994 -6.13187
260000 20000 149994 -5.64388
260000 10000 149995 -4.77019
265000 10000 149992 -7.99186
260000 15000 149992 -7.67058
265000 15000 149994 -6.05538
265000 10000 149992 -7.99186
270000 10000 149991 -9.12547
265000 15000 149994 -6.05538
270000 15000 149991 -9.35394
260000 15000 149992 -7.67058
265000 15000 149994 -6.05538
260000 20000 149994 -5.64388
265000 20000 149991 -8.748
265000 15000 149994 -6.05538
270000 15000 149991 -9.35394
265000 20000 149991 -8.748
270000 20000 149993 -7.15933
270000 10000 149991 -9.12547
275000 10000 149991 -9.4349
270000 15000 149991 -9.35394
275000 15000 149991 -8.54509
275000 10000 149991 -9.4349
280000 10000 149991 -9.11971
275000 15000 149991 -8.54509
280000 15000 149991 -8.76185
270000 15000 149991 -9.35394
275000 15000 149991 -8.54509
270000 20000 149993 -7.15933
275000 20000 149990 -9.79155
275000 15000 149991 -8.54509
280000 15000 149991 -8.76185
275000 20000 149990 -9.79155
280000 20000 149990 -10.2337
280000 10000 149991 -9.11971
285000 10000 149990 -9.6934
280000 15000 149991 -8.76185
285000 15000 149990 -10.0755
285000 10000 149990 -9.6934
290000 10000 149989 -10.6757
285000 15000 149990 -10.0755
290000 15000 149989 -10.6785
280000 15000 149991 -8.76185
285000 15000 149990 -10.0755
280000 20000 149990 -10.2337
285000 20000 149989 -10.5573
285000 15000 149990 -10.0755
290000 15000 149989 -10.6785
285000 20000 149989 -10.5573
290000 20000 149989 -10.6455
290000 10000 149989 -10.6757
295000 10000 149990 -9.54837
290000 15000 149989 -10.6785
295000 15000 149989 -10.7856
295000 10000 149990 -9.54837
300000 10000 149990 -9.83079
295000 15000 149989 -10.7856
300000 15000 149990 -10.4325
290000 15000 149989 -10.6785
295000 15000 149989 -10.7856
290000 20000 149989 -10.6455
295000 20000 149989 -10.7315
295000 15000 149989 -10.7856
300000 15000 149990 -10.4325
295000 20000 149989 -10.7315
300000 20000 149989 -10.8268
240000 20000 149997 -3.19917
245000 20000 149995 -5.49542
240000 25000 149999 -0.83819
245000 25000 149997 -3.24869
245000 20000 149995 -5.49542
250000 20000 149994 -6.04557
245000 25000 149997 -3.24869
250000 25000 149994 -6.16875
240000 25000 149999 -0.83819
245000 25000 149997 -3.24869
240000 30000 149997 -2.93176
245000 30000 149995 -5.30925
245000 25000 149997 -3.24869
250000 25000 149994 -6.16875
245000 30000 149995 -5.30925
250000 30000 149996 -4.1008
250000 20000 149994 -6.04557
255000 20000 149994 -6.13187
250000 25000 149994 -6.16875
255000 25000 149995 -5.15282
255000 20000 149994 -6.13187
260000 20000 149994 -5.64388
255000 25000 149995 -5.15282
260000 25000 149992 -8.10794
250000 25000 149994 -6.16875
255000 25000 149995 -5.15282
250000 30000 149996 -4.1008
255000 30000 149994 -5.52895
255000 25000 149995 -5.15282
260000 25000 149992 -8.10794
255000 30000 149994 -5.52895
260000 30000 149993 -7.2889
260000 20000 149994 -5.64388
265000 20000 149991 -8.748
260000 25000 149992 -8.10794
265000 25000 149991 -8.58439
265000 20000 149991 -8.748
270000 20000 149993 -7.15933
265000 25000 149991 -8.58439
270000 25000 149990 -10.468
260000 25000 149992 -8.10794
265000 25000 149991 -8.58439
260000 30000 149993 -7.2889
265000 30000 149994 -5.71558
265000 25000 149991 -8.58439
270000 25000 149990 -10.468
265000 30000 149994 -5.71558
270000 30000 149993 -7.43791
270000 20000 149993 -7.15933
275000 20000 149990 -9.79155
270000 25000 149990 -10.468
275000 25000 149992 -8.20118
275000 20000 149990 -9.79155
280000 20000 149990 -10.2337
275000 25000 149992 -8.20118
280000 25000 149992 -7.54447
270000 25000 149990 -10.468
275000 25000 149992 -8.20118
270000 30000 149993 -7.43791
275000 30000 149992 -7.81189
275000 25000 149992 -8.20118
280000 25000 149992 -7.54447
275000 30000 149992 -7.81189
280000 30000 149992 -8.12667
280000 20000 149990 -10.2337
285000 20000 149989 -10.5573
280000 25000 149992 -7.54447
285000 25000 149989 -10.575
285000 20000 149989 -10.5573
290000 20000 149989 -10.6455
285000 25000 149989 -10.575
290000 25000 149989 -10.5649
280000 25000 149992 -7.54447
285000 25000 149989 -10.575
280000 30000 149992 -8.12667
285000 30000 149989 -10.5658
285000 25000 149989 -10.575
290000 25000 149989 -10.5649
285000 30000 149989 -10.5658
290000 30000 149990 -9.96095
290000 20000 149989 -10.6455
295000 20000 149989 -10.7315
290000 25000 149989 -10.5649
295000 25000 149989 -10.7111
295000 20000 149989 -10.7315
300000 20000 149989 -10.8268
295000 25000 149989 -10.7111
300000 25000 149989 -10.762
290000 25000 149989 -10.5649
295000 25000 149989 -10.7111
290000 30000 149990 -9.96095
295000 30000 149989 -10.7565
295000 25000 149989 -10.7111
300000 25000 149989 -10.762
295000 30000 149989 -10.7565
300000 30000 149989 -10.7774
240000 30000 149997 -2.93176
245000 30000 149995 -5.30925
240000 35000 149996 -4.34701
245000 35000 149996 -4.45749
245000 30000 149995 -5.30925
250000 30000 149996 -4.1008
245000 35000 149996 -4.45749
250000 35000 149996 -3.99964
240000 35000 149996 -4.34701
245000 35000 149996 -4.45749
240000 40000 149997 -3.06244
245000 40000 149995 -4.94875
245000 35000 149996 -4.45749
250000 35000 149996 -3.99964
245000 40000 149995 -4.94875
250000 40000 149996 -3.9601
250000 30000 149996 -4.1008
255000 30000 149994 -5.52895
250000 35000 149996 -3.99964
255000 35000 149995 -5.04487
255000 30000 149994 -5.52895
260000 30000 149993 -7.2889
255000 35000 149995 -5.04487
260000 35000 149992 -8.05184
250000 35000 149996 -3.99964
255000 35000 149995 -5.04487
250000 40000 149996 -3.9601
255000 40000 149995 -5.24834
255000 35000 149995 -5.04487
260000 35000 149992 -8.05184
255000 40000 149995 -5.24834
260000 40000 149995 -5.39371
260000 30000 149993 -7.2889
265000 30000 149994 -5.71558
260000 35000 149992 -8.05184
265000 35000 149992 -7.71812
265000 30000 149994 -5.71558
270000 30000 149993 -7.43791
265000 35000 149992 -7.71812
270000 35000 149991 -9.34434
260000 35000 149992 -8.05184
265000 35000 149992 -7.71812
260000 40000 149995 -5.39371
265000 40000 149992 -7.50112
265000 35000 149992 -7.71812
270000 35000 149991 -9.34434
265000 40000 149992 -7.50112
270000 40000 149991 -8.64214
270000 30000 149993 -7.43791
275000 30000 149992 -7.81189
270000 35000 149991 -9.34434
275000 35000 149992 -7.975
275000 30000 149992 -7.81189
280000 30000 149992 -8.12667
275000 35000 149992 -7.975
280000 35000 149992 -8.32566
270000 35000 149991 -9.34434
275000 35000 149992 -7.975
270000 40000 149991 -8.64214
275000 40000 149992 -8.0389
275000 35000 149992 -7.975
280000 35000 149992 -8.32566
275000 40000 149992 -8.0389
280000 40000 149990 -10.196
280000 30000 149992 -8.12667
285000 30000 149989 -10.5658
280000 35000 149992 -8.32566
285000 35000 149990 -9.69283
285000 30000 149989 -10.5658
290000 30000 149990 -9.96095
285000 35000 149990 -9.69283
290000 35000 149991 -9.03388
280000 35000 149992 -8.32566
285000 35000 149990 -9.69283
280000 40000 149990 -10.196
285000 40000 149991 -9.22203
285000 35000 149990 -9.69283
290000 35000 149991 -9.03388
285000 40000 149991 -9.22203
290000 40000 149992 -8.2437
290000 30000 149990 -9.96095
295000 30000 149989 -10.7565
290000 35000 149991 -9.03388
295000 35000 149991 -8.64781
295000 30000 149989 -10.7565
300000 30000 149989 -10.7774
295000 35000 149991 -8.64781
300000 35000 149991 -8.6968
290000 35000 149991 -9.03388
295000 35000 149991 -8.64781
290000 40000 149992 -8.2437
295000 40000 149990 -10.2283
295000 35000 149991 -8.64781
300000 35000 149991 -8.6968
295000 40000 149990 -10.2283
300000 40000 149989 -10.7445
240000 40000 149997 -3.06244
245000 40000 149995 -4.94875
240000 45000 149996 -4.19507
245000 45000 149996 -3.6435
245000 40000 149995 -4.94875
250000 40000 149996 -3.9601
245000 45000 149996 -3.6435
250000 45000 149994 -5.56585
240000 45000 149996 -4.19507
245000 45000 149996 -3.6435
240000 50000 149999 -1.10912
245000 50000 149995 -4.91701
245000 45000 149996 -3.6435
250000 45000 149994 -5.56585
245000 50000 149995 -4.91701
250000 50000 149997 -2.89027
250000 40000 149996 -3.9601
255000 40000 149995 -5.24834
250000 45000 149994 -5.56585
255000 45000 149994 -6.35782
255000 40000 149995 -5.24834
260000 40000 149995 -5.39371
255000 45000 149994 -6.35782
260000 45000 149993 -7.26917
250000 45000 149994 -5.56585
255000 45000 149994 -6.35782
250000 50000 149997 -2.89027
255000 50000 149996 -3.60653
255000 45000 149994 -6.35782
260000 45000 149993 -7.26917
255000 50000 149996 -3.60653
260000 50000 149995 -5.1092
260000 40000 149995 -5.39371
265000 40000 149992 -7.50112
260000 45000 149993 -7.26917
265000 45000 149991 -8.57469
265000 40000 149992 -7.50112
270000 40000 149991 -8.64214
265000 45000 149991 -8.57469
270000 45000 149991 -8.97889
260000 45000 149993 -7.26917
265000 45000 149991 -8.57469
260000 50000 149995 -5.1092
265000 50000 149994 -6.3413
265000 45000 149991 -8.57469
270000 45000 149991 -8.97889
265000 50000 149994 -6.3413
270000 50000 149994 -5.90513
270000 40000 149991 -8.64214
275000 40000 149992 -8.0389
270000 45000 149991 -8.97889
275000 45000 149993 -7.46354
275000 40000 149992 -8.0389
280000 40000 149990 -10.196
275000 45000 149993 -7.46354
280000 45000 149990 -9.85924
270000 45000 149991 -8.97889
275000 45000 149993 -7.46354
270000 50000 149994 -5.90513
275000 50000 149990 -9.8229
275000 45000 149993 -7.46354
280000 45000 149990 -9.85924
275000 50000 149990 -9.8229
280000 50000 149991 -8.93284
280000 40000 149990 -10.196
285000 40000 149991 -9.22203
280000 45000 149990 -9.85924
285000 45000 149989 -10.5709
285000 40000 149991 -9.22203
290000 40000 149992 -8.2437
285000 45000 149989 -10.5709
290000 45000 149989 -10.6031
280000 45000 149990 -9.85924
285000 45000 149989 -10.5709
280000 50000 149991 -8.93284
285000 50000 149989 -10.6031
285000 45000 149989 -10.5709
290000 45000 149989 -10.6031
285000 50000 149989 -10.6031
290000 50000 149992 -7.60899
290000 40000 149992 -8.2437
295000 40000 149990 -10.2283
290000 45000 149989 -10.6031
295000 45000 149989 -10.7306
295000 40000 149990 -10.2283
300000 40000 149989 -10.7445
295000 45000 149989 -10.7306
300000 45000 149992 -7.6425
290000 45000 149989 -10.6031
295000 45000 149989 -10.7306
290000 50000 149992 -7.60899
295000 50000 149991 -8.95711
295000 45000 149989 -10.7306
300000 45000 149992 -7.6425
295000 50000 149991 -8.95711
300000 50000 149988 -12.2706
240000 50000 149999 -1.10912
245000 50000 149995 -4.91701
240000 55000 149997 -2.67591
245000 55000 149998 -2.19056
245000 50000 149995 -4.91701
250000 50000 149997 -2.89027
245000 55000 149998 -2.19056
250000 55000 149995 -5.44028
240000 55000 149997 -2.67591
245000 55000 149998 -2.19056
240000 60000 149997 -2.64865
245000 60000 149995 -4.89882
245000 55000 149998 -2.19056
250000 55000 149995 -5.44028
245000 60000 149995 -4.89882
250000 60000 149998 -2.44862
250000 50000 149997 -2.89027
255000 50000 149996 -3.60653
250000 55000 149995 -5.44028
255000 55000 149994 -6.4344
255000 50000 149996 -3.60653
260000 50000 149995 -5.1092
255000 55000 149994 -6.4344
260000 55000 149992 -7.62154
250000 55000 149995 -5.44028
255000 55000 149994 -6.4344
250000 60000 149998 -2.44862
255000 60000 149997 -2.81252
255000 55000 149994 -6.4344
260000 55000 149992 -7.62154
255000 60000 149997 -2.81252
260000 60000 149996 -3.98117
260000 50000 149995 -5.1092
265000 50000 149994 -6.3413
260000 55000 149992 -7.62154
265000 55000 149992 -8.20066
265000 50000 149994 -6.3413
270000 50000 149994 -5.90513
265000 55000 149992 -8.20066
270000 55000 149992 -8.21956
260000 55000 149992 -7.62154
265000 55000 149992 -8.20066
260000 60000 149996 -3.98117
265000 60000 149993 -6.67312
265000 55000 149992 -8.20066
270000 55000 149992 -8.21956
265000 60000 149993 -6.67312
270000 60000 149992 -8.03131
270000 50000 149994 -5.90513
275000 50000 149990 -9.8229
270000 55000 149992 -8.21956
275000 55000 149990 -10.1591
275000 50000 149990 -9.8229
280000 50000 149991 -8.93284
275000 55000 149990 -10.1591
280000 55000 149989 -10.6031
270000 55000 149992 -8.21956
275000 55000 149990 -10.1591
270000 60000 149992 -8.03131
275000 60000 149991 -9.10152
275000 55000 149990 -10.1591
280000 55000 149989 -10.6031
275000 60000 149991 -9.10152
280000 60000 149990 -9.52795
280000 50000 149991 -8.93284
285000 50000 149989 -10.6031
280000 55000 149989 -10.6031
285000 55000 149991 -8.87947
285000 50000 149989 -10.6031
290000 50000 149992 -7.60899
285000 55000 149991 -8.87947
290000 55000 149989 -10.6722
280000 55000 149989 -10.6031
285000 55000 149991 -8.87947
280000 60000 149990 -9.52795
285000 60000 149989 -10.6657
285000 55000 149991 -8.87947
290000 55000 149989 -10.6722
285000 60000 149989 -10.6657
290000 60000 149991 -8.79869
290000 50000 149992 -7.60899
295000 50000 149991 -8.95711
290000 55000 149989 -10.6722
295000 55000 149992 -7.99883
295000 50000 149991 -8.95711
300000 50000 149988 -12.2706
295000 55000 149992 -7.99883
300000 55000 149992 -8.11349
290000 55000 149989 -10.6722
295000 55000 149992 -7.99883
290000 60000 149991 -8.79869
295000 60000 149991 -9.41964
295000 55000 149992 -7.99883
300000 55000 149992 -8.11349
295000 60000 149991 -9.41964
300000 60000 149989 -10.6722
200000 60000 150010 9.74396
205000 60000 150012 11.8446
200000 65000 150013 12.9054
205000 65000 150013 12.6501
205000 60000 150012 11.8446
210000 60000 150008 8.4095
205000 65000 150013 12.6501
210000 65000 150009 8.85784
200000 65000 150013 12.9054
205000 65000 150013 12.6501
200000 70000 150010 10.441
205000 70000 150008 7.73992
205000 65000 150013 12.6501
210000 65000 150009 8.85784
205000 70000 150008 7.73992
210000 70000 150007 7.19681
210000 60000 150008 8.4095
215000 60000 150007 6.92342
210000 65000 150009 8.85784
215000 65000 150008 8.00073
215000 60000 150007 6.92342
220000 60000 150002 2.36665
215000 65000 150008 8.00073
220000 65000 150004 3.63181
210000 65000 150009 8.85784
215000 65000 150008 8.00073
210000 70000 150007 7.19681
215000 70000 150005 5.49188
215000 65000 150008 8.00073
220000 65000 150004 3.63181
215000 70000 150005 5.49188
220000 70000 150003 3.00321
220000 60000 150002 2.36665
225000 60000 150002 1.69586
220000 65000 150004 3.63181
225000 65000 150000 0.105829
225000 60000 150002 1.69586
230000 60000 150000 -0.068494
225000 65000 150000 0.105829
230000 65000 150004 4.10134
220000 65000 150004 3.63181
225000 65000 150000 0.105829
220000 70000 150003 3.00321
225000 70000 150005 4.83939
225000 65000 150000 0.105829
230000 65000 150004 4.10134
225000 70000 150005 4.83939
230000 70000 150001 0.677766
230000 60000 150000 -0.068494
235000 60000 149999 -0.598132
230000 65000 150004 4.10134
235000 65000 150001 1.1575
235000 60000 149999 -0.598132
240000 60000 149997 -2.64865
235000 65000 150001 1.1575
240000 65000 149998 -2.40609
230000 65000 150004 4.10134
235000 65000 150001 1.1575
230000 70000 150001 0.677766
235000 70000 150001 0.958711
235000 65000 150001 1.1575
240000 65000 149998 -2.40609
235000 70000 150001 0.958711
240000 70000 150000 0.320827
240000 60000 149997 -2.64865
245000 60000 149995 -4.89882
240000 65000 149998 -2.40609
245000 65000 149997 -2.70463
245000 60000 149995 -4.89882
250000 60000 149998 -2.44862
245000 65000 149997 -2.70463
250000 65000 149997 -2.63466
240000 65000 149998 -2.40609
245000 65000 149997 -2.70463
240000 70000 150000 0.320827
245000 70000 149996 -4.23591
245000 65000 149997 -2.70463
250000 65000 149997 -2.63466
245000 70000 149996 -4.23591
250000 70000 149999 -1.43659
250000 60000 149998 -2.44862
255000 60000 149997 -2.81252
250000 65000 149997 -2.63466
255000 65000 149994 -5.74514
255000 60000 149997 -2.81252
260000 60000 149996 -3.98117
255000 65000 149994 -5.74514
260000 65000 149993 -6.55384
250000 65000 149997 -2.63466
255000 65000 149994 -5.74514
250000 70000 149999 -1.43659
255000 70000 149994 -6.01807
255000 65000 149994 -5.74514
260000 65000 149993 -6.55384
255000 70000 149994 -6.01807
260000 70000 149995 -5.28924
260000 60000 149996 -3.98117
265000 60000 149993 -6.67312
260000 65000 149993 -6.55384
265000 65000 149992 -7.76448
265000 60000 149993 -6.67312
270000 60000 149992 -8.03131
265000 65000 149992 -7.76448
270000 65000 149990 -9.91374
260000 65000 149993 -6.55384
265000 65000 149992 -7.76448
260000 70000 149995 -5.28924
265000 70000 149995 -4.80286
265000 65000 149992 -7.76448
270000 65000 149990 -9.91374
265000 70000 149995 -4.80286
270000 70000 149991 -8.78357
270000 60000 149992 -8.03131
275000 60000 149991 -9.10152
270000 65000 149990 -9.91374
275000 65000 149990 -10.1418
275000 60000 149991 -9.10152
280000 60000 149990 -9.52795
275000 65000 149990 -10.1418
280000 65000 149992 -8.13431
270000 65000 149990 -9.91374
275000 65000 149990 -10.1418
270000 70000 149991 -8.78357
275000 70000 149990 -9.89912
275000 65000 149990 -10.1418
280000 65000 149992 -8.13431
275000 70000 149990 -9.89912
280000 70000 149990 -10.1418
280000 60000 149990 -9.52795
285000 60000 149989 -10.6657
280000 65000 149992 -8.13431
285000 65000 149989 -10.647
285000 60000 149989 -10.6657
290000 60000 149991 -8.79869
285000 65000 149989 -10.647
290000 65000 149991 -9.3611
280000 65000 149992 -8.13431
285000 65000 149989 -10.647
280000 70000 149990 -10.1418
285000 70000 149992 -8.0064
285000 65000 149989 -10.647
290000 65000 149991 -9.3611
285000 70000 149992 -8.0064
290000 70000 149989 -10.6721
290000 60000 149991 -8.79869
295000 60000 149991 -9.41964
290000 65000 149991 -9.3611
295000 65000 149989 -10.6722
295000 60000 149991 -9.41964
300000 60000 149989 -10.6722
295000 65000 149989 -10.6722
300000 65000 149990 -9.99575
290000 65000 149991 -9.3611
295000 65000 149989 -10.6722
290000 70000 149989 -10.6721
295000 70000 149990 -9.61385
295000 65000 149989 -10.6722
300000 65000 149990 -9.99575
295000 70000 149990 -9.61385
300000 70000 149990 -9.83144
200000 70000 150010 10.441
205000 70000 150008 7.73992
200000 75000 150010 10.1883
205000 75000 150012 11.6487
205000 70000 150008 7.73992
210000 70000 150007 7.19681
205000 75000 150012 11.6487
210000 75000 150010 10.0153
200000 75000 150010 10.1883
205000 75000 150012 11.6487
200000 80000 150015 14.5902
205000 80000 150010 9.68335
205000 75000 150012 11.6487
210000 75000 150010 10.0153
205000 80000 150010 9.68335
210000 80000 150010 10.0354
210000 70000 150007 7.19681
215000 70000 150005 5.49188
210000 75000 150010 10.0153
215000 75000 150007 7.17394
215000 70000 150005 5.49188
220000 70000 150003 3.00321
215000 75000 150007 7.17394
220000 75000 150004 3.52072
210000 75000 150010 10.0153
215000 75000 150007 7.17394
210000 80000 150010 10.0354
215000 80000 150006 5.83385
215000 75000 150007 7.17394
220000 75000 150004 3.52072
215000 80000 150006 5.83385
220000 80000 150004 3.88932
220000 70000 150003 3.00321
225000 70000 150005 4.83939
220000 75000 150004 3.52072
225000 75000 150002 2.1999
225000 70000 150005 4.83939
230000 70000 150001 0.677766
225000 75000 150002 2.1999
230000 75000 150003 2.81313
220000 75000 150004 3.52072
225000 75000 150002 2.1999
220000 80000 150004 3.88932
225000 80000 150003 2.81563
225000 75000 150002 2.1999
230000 75000 150003 2.81313
225000 80000 150003 2.81563
230000 80000 150000 -0.460319
230000 70000 150001 0.677766
235000 70000 150001 0.958711
230000 75000 150003 2.81313
235000 75000 149998 -2.17183
235000 70000 150001 0.958711
240000 70000 150000 0.320827
235000 75000 149998 -2.17183
240000 75000 149997 -3.13722
230000 75000 150003 2.81313
235000 75000 149998 -2.17183
230000 80000 150000 -0.460319
235000 80000 149999 -1.15885
235000 75000 149998 -2.17183
240000 75000 149997 -3.13722
235000 80000 149999 -1.15885
240000 80000 149999 -1.01314
240000 70000 150000 0.320827
245000 70000 149996 -4.23591
240000 75000 149997 -3.13722
245000 75000 149996 -4.42789
245000 70000 149996 -4.23591
250000 70000 149999 -1.43659
245000 75000 149996 -4.42789
250000 75000 149994 -6.33159
240000 75000 149997 -3.13722
245000 75000 149996 -4.42789
240000 80000 149999 -1.01314
245000 80000 149997 -3.41245
245000 75000 149996 -4.42789
250000 75000 149994 -6.33159
245000 80000 149997 -3.41245
250000 80000 149998 -2.02014
250000 70000 149999 -1.43659
255000 70000 149994 -6.01807
250000 75000 149994 -6.33159
255000 75000 149994 -6.28709
255000 70000 149994 -6.01807
260000 70000 149995 -5.28924
255000 75000 149994 -6.28709
260000 75000 149992 -8.00287
250000 75000 149994 -6.33159
255000 75000 149994 -6.28709
250000 80000 149998 -2.02014
255000 80000 149996 -3.78696
255000 75000 149994 -6.28709
260000 75000 149992 -8.00287
255000 80000 149996 -3.78696
260000 80000 149992 -8.12015
260000 70000 149995 -5.28924
265000 70000 149995 -4.80286
260000 75000 149992 -8.00287
265000 75000 149992 -8.36805
265000 70000 149995 -4.80286
270000 70000 149991 -8.78357
265000 75000 149992 -8.36805
270000 75000 149994 -5.9304
260000 75000 149992 -8.00287
265000 75000 149992 -8.36805
260000 80000 149992 -8.12015
265000 80000 149992 -7.65957
265000 75000 149992 -8.36805
270000 75000 149994 -5.9304
265000 80000 149992 -7.65957
270000 80000 149990 -9.59949
270000 70000 149991 -8.78357
275000 70000 149990 -9.89912
270000 75000 149994 -5.9304
275000 75000 149990 -10.0797
275000 70000 149990 -9.89912
280000 70000 149990 -10.1418
275000 75000 149990 -10.0797
280000 75000 149993 -7.35379
270000 75000 149994 -5.9304
275000 75000 149990 -10.0797
270000 80000 149990 -9.59949
275000 80000 149991 -8.84312
275000 75000 149990 -10.0797
280000 75000 149993 -7.35379
275000 80000 149991 -8.84312
280000 80000 149989 -10.6425
280000 70000 149990 -10.1418
285000 70000 149992 -8.0064
280000 75000 149993 -7.35379
285000 75000 149990 -9.67159
285000 70000 149992 -8.0064
290000 70000 149989 -10.6721
285000 75000 149990 -9.67159
290000 75000 149990 -9.52649
280000 75000 149993 -7.35379
285000 75000 149990 -9.67159
280000 80000 149989 -10.6425
285000 80000 149989 -10.7017
285000 75000 149990 -9.67159
290000 75000 149990 -9.52649
285000 80000 149989 -10.7017
290000 80000 149991 -8.57396
290000 70000 149989 -10.6721
295000 70000 149990 -9.61385
290000 75000 149990 -9.52649
295000 75000 149990 -9.6583
295000 70000 149990 -9.61385
300000 70000 149990 -9.83144
295000 75000 149990 -9.6583
300000 75000 149991 -8.5031
290000 75000 149990 -9.52649
295000 75000 149990 -9.6583
290000 80000 149991 -8.57396
295000 80000 149991 -8.89477
295000 75000 149990 -9.6583
300000 75000 149991 -8.5031
295000 80000 149991 -8.89477
300000 80000 149990 -10.0648
160000 80000 149977 -23.1141
165000 80000 149983 -17.2975
160000 85000 149984 -16.2998
165000 85000 149974 -26.3358
165000 80000 149983 -17.2975
170000 80000 149999 -1.34056
165000 85000 149974 -26.3358
170000 85000 149992 -7.821
160000 85000 149984 -16.2998
165000 85000 149974 -26.3358
160000 90000 149994 -5.6151
165000 90000 149978 -22.1442
165000 85000 149974 -26.3358
170000 85000 149992 -7.821
165000 90000 149978 -22.1442
170000 90000 149982 -18.1483
170000 80000 149999 -1.34056
175000 80000 150014 13.9211
170000 85000 149992 -7.821
175000 85000 150007 6.89456
175000 80000 150014 13.9211
180000 80000 150014 13.8134
175000 85000 150007 6.89456
180000 85000 150015 14.6956
170000 85000 149992 -7.821
175000 85000 150007 6.89456
170000 90000 149982 -18.1483
175000 90000 149997 -2.90735
175000 85000 150007 6.89456
180000 85000 150015 14.6956
175000 90000 149997 -2.90735
180000 90000 150010 9.71147
180000 80000 150014 13.8134
185000 80000 150013 13.2849
180000 85000 150015 14.6956
185000 85000 150015 15.0188
185000 80000 150013 13.2849
190000 80000 150016 15.8125
185000 85000 150015 15.0188
190000 85000 150012 12.393
180000 85000 150015 14.6956
185000 85000 150015 15.0188
180000 90000 150010 9.71147
185000 90000 150018 18.0625
185000 85000 150015 15.0188
190000 85000 150012 12.393
185000 90000 150018 18.0625
190000 90000 150014 14.1129
190000 80000 150016 15.8125
195000 80000 150014 14.4419
190000 85000 150012 12.393
195000 85000 150011 10.8833
195000 80000 150014 14.4419
200000 80000 150015 14.5902
195000 85000 150011 10.8833
200000 85000 150012 11.6278
190000 85000 150012 12.393
195000 85000 150011 10.8833
190000 90000 150014 14.1129
195000 90000 150012 11.7371
195000 85000 150011 10.8833
200000 85000 150012 11.6278
195000 90000 150012 11.7371
200000 90000 150012 12.3466
200000 80000 150015 14.5902
205000 80000 150010 9.68335
200000 85000 150012 11.6278
205000 85000 150009 9.31224
205000 80000 150010 9.68335
210000 80000 150010 10.0354
205000 85000 150009 9.31224
210000 85000 150012 11.5135
200000 85000 150012 11.6278
205000 85000 150009 9.31224
200000 90000 150012 12.3466
205000 90000 150011 10.7693
205000 85000 150009 9.31224
210000 85000 150012 11.5135
205000 90000 150011 10.7693
210000 90000 150007 7.11621
210000 80000 150010 10.0354
215000 80000 150006 5.83385
210000 85000 150012 11.5135
215000 85000 150009 9.23052
215000 80000 150006 5.83385
220000 80000 150004 3.88932
215000 85000 150009 9.23052
220000 85000 150004 3.63935
210000 85000 150012 11.5135
215000 85000 150009 9.23052
210000 90000 150007 7.11621
215000 90000 150005 5.19868
215000 85000 150009 9.23052
220000 85000 150004 3.63935
215000 90000 150005 5.19868
220000 90000 150003 2.94753
220000 80000 150004 3.88932
225000 80000 150003 2.81563
220000 85000 150004 3.63935
225000 85000 150002 2.41161
225000 80000 150003 2.81563
230000 80000 150000 -0.460319
225000 85000 150002 2.41161
230000 85000 150004 3.62812
220000 85000 150004 3.63935
225000 85000 150002 2.41161
220000 90000 150003 2.94753
225000 90000 150006 5.63393
225000 85000 150002 2.41161
230000 85000 150004 3.62812
225000 90000 150006 5.63393
230000 90000 150002 2.08415
230000 80000 150000 -0.460319
235000 80000 149999 -1.15885
230000 85000 150004 3.62812
235000 85000 150001 1.33481
235000 80000 149999 -1.15885
240000 80000 149999 -1.01314
235000 85000 150001 1.33481
240000 85000 149998 -1.53691
230000 85000 150004 3.62812
235000 85000 150001 1.33481
230000 90000 150002 2.08415
235000 90000 150000 -0.319996
235000 85000 150001 1.33481
240000 85000 149998 -1.53691
235000 90000 150000 -0.319996
240000 90000 149998 -2.46798
240000 80000 149999 -1.01314
245000 80000 149997 -3.41245
240000 85000 149998 -1.53691
245000 85000 149996 -3.74935
245000 80000 149997 -3.41245
250000 80000 149998 -2.02014
245000 85000 149996 -3.74935
250000 85000 149998 -2.16491
240000 85000 149998 -1.53691
245000 85000 149996 -3.74935
240000 90000 149998 -2.46798
245000 90000 149997 -3.10592
245000 85000 149996 -3.74935
250000 85000 149998 -2.16491
245000 90000 149997 -3.10592
250000 90000 149994 -6.02902
250000 80000 149998 -2.02014
255000 80000 149996 -3.78696
250000 85000 149998 -2.16491
255000 85000 149994 -6.22814
255000 80000 149996 -3.78696
260000 80000 149992 -8.12015
255000 85000 149994 -6.22814
260000 85000 149992 -7.86826
250000 85000 149998 -2.16491
255000 85000 149994 -6.22814
250000 90000 149994 -6.02902
255000 90000 149995 -4.93542
255000 85000 149994 -6.22814
260000 85000 149992 -7.86826
255000 90000 149995 -4.93542
260000 90000 149996 -4.2733
260000 80000 149992 -8.12015
265000 80000 149992 -7.65957
260000 85000 149992 -7.86826
265000 85000 149991 -9.09216
265000 80000 149992 -7.65957
270000 80000 149990 -9.59949
265000 85000 149991 -9.09216
270000 85000 149994 -6.32967
260000 85000 149992 -7.86826
265000 85000 149991 -9.09216
260000 90000 149996 -4.2733
265000 90000 149993 -6.68859
265000 85000 149991 -9.09216
270000 85000 149994 -6.32967
265000 90000 149993 -6.68859
270000 90000 149991 -8.90362
270000 80000 149990 -9.59949
275000 80000 149991 -8.84312
270000 85000 149994 -6.32967
275000 85000 149990 -10.2208
275000 80000 149991 -8.84312
280000 80000 149989 -10.6425
275000 85000 149990 -10.2208
280000 85000 149992 -8.24564
270000 85000 149994 -6.32967
275000 85000 149990 -10.2208
270000 90000 149991 -8.90362
275000 90000 149992 -8.10274
275000 85000 149990 -10.2208
280000 85000 149992 -8.24564
275000 90000 149992 -8.10274
280000 90000 149992 -8.41796
280000 80000 149989 -10.6425
285000 80000 149989 -10.7017
280000 85000 149992 -8.24564
285000 85000 149989 -11.1862
285000 80000 149989 -10.7017
290000 80000 149991 -8.57396
285000 85000 149989 -11.1862
290000 85000 149989 -10.7216
280000 85000 149992 -8.24564
285000 85000 149989 -11.1862
280000 90000 149992 -8.41796
285000 90000 149990 -9.84104
285000 85000 149989 -11.1862
290000 85000 149989 -10.7216
285000 90000 149990 -9.84104
290000 90000 149989 -10.7326
290000 80000 149991 -8.57396
295000 80000 149991 -8.89477
290000 85000 149989 -10.7216
295000 85000 149989 -10.7312
295000 80000 149991 -8.89477
300000 80000 149990 -10.0648
295000 85000 149989 -10.7312
300000 85000 149989 -10.7312
290000 85000 149989 -10.7216
295000 85000 149989 -10.7312
290000 90000 149989 -10.7326
295000 90000 149989 -10.7381
295000 85000 149989 -10.7312
300000 85000 149989 -10.7312
295000 90000 149989 -10.7381
300000 90000 149989 -10.7425
160000 90000 149994 -5.6151
165000 90000 149978 -22.1442
160000 95000 150002 1.65676
165000 95000 149984 -15.8279
165000 90000 149978 -22.1442
170000 90000 149982 -18.1483
165000 95000 149984 -15.8279
170000 95000 149980 -19.9605
160000 95000 150002 1.65676
165000 95000 149984 -15.8279
160000 100000 150001 0.799965
165000 100000 149992 -7.60804
165000 95000 149984 -15.8279
170000 95000 149980 -19.9605
165000 100000 149992 -7.60804
170000 100000 149985 -14.7648
170000 90000 149982 -18.1483
175000 90000 149997 -2.90735
170000 95000 149980 -19.9605
175000 95000 149994 -5.60104
175000 90000 149997 -2.90735
180000 90000 150010 9.71147
175000 95000 149994 -5.60104
180000 95000 150004 4.43952
170000 95000 149980 -19.9605
175000 95000 149994 -5.60104
170000 100000 149985 -14.7648
175000 100000 149990 -10.4679
175000 95000 149994 -5.60104
180000 95000 150004 4.43952
175000 100000 149990 -10.4679
180000 100000 150000 -0.308952
180000 90000 150010 9.71147
185000 90000 150018 18.0625
180000 95000 150004 4.43952
185000 95000 150016 16.0379
185000 90000 150018 18.0625
190000 90000 150014 14.1129
185000 95000 150016 16.0379
190000 95000 150013 13.0804
180000 95000 150004 4.43952
185000 95000 150016 16.0379
180000 100000 150000 -0.308952
185000 100000 150014 13.8051
185000 95000 150016 16.0379
190000 95000 150013 13.0804
185000 100000 150014 13.8051
190000 100000 150015 15.3078
190000 90000 150014 14.1129
195000 90000 150012 11.7371
190000 95000 150013 13.0804
195000 95000 150015 14.9494
195000 90000 150012 11.7371
200000 90000 150012 12.3466
195000 95000 150015 14.9494
200000 95000 150012 12.1035
190000 95000 150013 13.0804
195000 95000 150015 14.9494
190000 100000 150015 15.3078
195000 100000 150014 14.3481
195000 95000 150015 14.9494
200000 95000 150012 12.1035
195000 100000 150014 14.3481
200000 100000 150013 12.728
200000 90000 150012 12.3466
205000 90000 150011 10.7693
200000 95000 150012 12.1035
205000 95000 150010 10.4205
205000 90000 150011 10.7693
210000 90000 150007 7.11621
205000 95000 150010 10.4205
210000 95000 150012 11.8447
200000 95000 150012 12.1035
205000 95000 150010 10.4205
200000 100000 150013 12.728
205000 100000 150010 9.92328
205000 95000 150010 10.4205
210000 95000 150012 11.8447
205000 100000 150010 9.92328
210000 100000 150009 8.6234
210000 90000 150007 7.11621
215000 90000 150005 5.19868
210000 95000 150012 11.8447
215000 95000 150006 6.1651
215000 90000 150005 5.19868
220000 90000 150003 2.94753
215000 95000 150006 6.1651
220000 95000 150003 3.18394
210000 95000 150012 11.8447
215000 95000 150006 6.1651
210000 100000 150009 8.6234
215000 100000 150008 8.46786
215000 95000 150006 6.1651
220000 95000 150003 3.18394
215000 100000 150008 8.46786
220000 100000 150004 4.02895
220000 90000 150003 2.94753
225000 90000 150006 5.63393
220000 95000 150003 3.18394
225000 95000 150004 4.22692
225000 90000 150006 5.63393
230000 90000 150002 2.08415
225000 95000 150004 4.22692
230000 95000 150000 0.352206
220000 95000 150003 3.18394
225000 95000 150004 4.22692
220000 100000 150004 4.02895
225000 100000 150003 2.86123
225000 95000 150004 4.22692
230000 95000 150000 0.352206
225000 100000 150003 2.86123
230000 100000 150001 1.24851
230000 90000 150002 2.08415
235000 90000 150000 -0.319996
230000 95000 150000 0.352206
235000 95000 149999 -1.06284
235000 90000 150000 -0.319996
240000 90000 149998 -2.46798
235000 95000 149999 -1.06284
240000 95000 150000 0.226814
230000 95000 150000 0.352206
235000 95000 149999 -1.06284
230000 100000 150001 1.24851
235000 100000 150001 1.3607
235000 95000 149999 -1.06284
240000 95000 150000 0.226814
235000 100000 150001 1.3607
240000 100000 149996 -3.55445
240000 90000 149998 -2.46798
245000 90000 149997 -3.10592
240000 95000 150000 0.226814
245000 95000 149997 -2.58416
245000 90000 149997 -3.10592
250000 90000 149994 -6.02902
245000 95000 149997 -2.58416
250000 95000 149994 -6.16645
240000 95000 150000 0.226814
245000 95000 149997 -2.58416
240000 100000 149996 -3.55445
245000 100000 149995 -4.58557
245000 95000 149997 -2.58416
250000 95000 149994 -6.16645
245000 100000 149995 -4.58557
250000 100000 149996 -3.60275
250000 90000 149994 -6.02902
255000 90000 149995 -4.93542
250000 95000 149994 -6.16645
255000 95000 149993 -7.47795
255000 90000 149995 -4.93542
260000 90000 149996 -4.2733
255000 95000 149993 -7.47795
260000 95000 149993 -7.22354
250000 95000 149994 -6.16645
255000 95000 149993 -7.47795
250000 100000 149996 -3.60275
255000 100000 149994 -5.88662
255000 95000 149993 -7.47795
260000 95000 149993 -7.22354
255000 100000 149994 -5.88662
260000 100000 149993 -7.28522
260000 90000 149996 -4.2733
265000 90000 149993 -6.68859
260000 95000 149993 -7.22354
265000 95000 149992 -7.60168
265000 90000 149993 -6.68859
270000 90000 149991 -8.90362
265000 95000 149992 -7.60168
270000 95000 149991 -8.80534
260000 95000 149993 -7.22354
265000 95000 149992 -7.60168
260000 100000 149993 -7.28522
265000 100000 149994 -5.65588
265000 95000 149992 -7.60168
270000 95000 149991 -8.80534
265000 100000 149994 -5.65588
270000 100000 149993 -6.85599
270000 90000 149991 -8.90362
275000 90000 149992 -8.10274
270000 95000 149991 -8.80534
275000 95000 149993 -7.34469
275000 90000 149992 -8.10274
280000 90000 149992 -8.41796
275000 95000 149993 -7.34469
280000 95000 149989 -10.5701
270000 95000 149991 -8.80534
275000 95000 149993 -7.34469
270000 100000 149993 -6.85599
275000 100000 149991 -8.93058
275000 95000 149993 -7.34469
280000 95000 149989 -10.5701
275000 100000 149991 -8.93058
280000 100000 149989 -10.5935
280000 90000 149992 -8.41796
285000 90000 149990 -9.84104
280000 95000 149989 -10.5701
285000 95000 149989 -10.6959
285000 90000 149990 -9.84104
290000 90000 149989 -10.7326
285000 95000 149989 -10.6959
290000 95000 149991 -9.424
280000 95000 149989 -10.5701
285000 95000 149989 -10.6959
280000 100000 149989 -10.5935
285000 100000 149992 -7.92161
285000 95000 149989 -10.6959
290000 95000 149991 -9.424
285000 100000 149992 -7.92161
290000 100000 149991 -8.96132
290000 90000 149989 -10.7326
295000 90000 149989 -10.7381
290000 95000 149991 -9.424
295000 95000 149991 -9.3566
295000 90000 149989 -10.7381
300000 90000 149989 -10.7425
295000 95000 149991 -9.3566
300000 95000 149989 -10.7443
290000 95000 149991 -9.424
295000 95000 149991 -9.3566
290000 100000 149991 -8.96132
295000 100000 149991 -9.07173
295000 95000 149991 -9.3566
300000 95000 149989 -10.7443
295000 100000 149991 -9.07173
300000 100000 149989 -10.7497
160000 100000 150001 0.799965
165000 100000 149992 -7.60804
160000 105000 150002 2.19904
165000 105000 149996 -3.93001
165000 100000 149992 -7.60804
170000 100000 149985 -14.7648
165000 105000 149996 -3.93001
170000 105000 149989 -10.8405
160000 105000 150002 2.19904
165000 105000 149996 -3.93001
160000 110000 150007 6.63823
165000 110000 149997 -2.60439
165000 105000 149996 -3.93001
170000 105000 149989 -10.8405
165000 110000 149997 -2.60439
170000 110000 149995 -4.93114
170000 100000 149985 -14.7648
175000 100000 149990 -10.4679
170000 105000 149989 -10.8405
175000 105000 149994 -5.85922
175000 100000 149990 -10.4679
180000 100000 150000 -0.308952
175000 105000 149994 -5.85922
180000 105000 149999 -0.743718
170000 105000 149989 -10.8405
175000 105000 149994 -5.85922
170000 110000 149995 -4.93114
175000 110000 149998 -1.78455
175000 105000 149994 -5.85922
180000 105000 149999 -0.743718
175000 110000 149998 -1.78455
180000 110000 150001 0.677004
180000 100000 150000 -0.308952
185000 100000 150014 13.8051
180000 105000 149999 -0.743718
185000 105000 150010 10.1178
185000 100000 150014 13.8051
190000 100000 150015 15.3078
185000 105000 150010 10.1178
190000 105000 150013 12.7775
180000 105000 149999 -0.743718
185000 105000 150010 10.1178
180000 110000 150001 0.677004
185000 110000 150006 5.59199
185000 105000 150010 10.1178
190000 105000 150013 12.7775
185000 110000 150006 5.59199
190000 110000 150009 9.00348
190000 100000 150015 15.3078
195000 100000 150014 14.3481
190000 105000 150013 12.7775
195000 105000 150014 14.2994
195000 100000 150014 14.3481
200000 100000 150013 12.728
195000 105000 150014 14.2994
200000 105000 150012 12.0986
190000 105000 150013 12.7775
195000 105000 150014 14.2994
190000 110000 150009 9.00348
195000 110000 150009 9.22241
195000 105000 150014 14.2994
200000 105000 150012 12.0986
195000 110000 150009 9.22241
200000 110000 150009 8.68422
200000 100000 150013 12.728
205000 100000 150010 9.92328
200000 105000 150012 12.0986
205000 105000 150008 7.55986
205000 100000 150010 9.92328
210000 100000 150009 8.6234
205000 105000 150008 7.55986
210000 105000 150007 6.70482
200000 105000 150012 12.0986
205000 105000 150008 7.55986
200000 110000 150009 8.68422
205000 110000 150008 8.10787
205000 105000 150008 7.55986
210000 105000 150007 6.70482
205000 110000 150008 8.10787
210000 110000 150006 6.39343
210000 100000 150009 8.6234
215000 100000 150008 8.46786
210000 105000 150007 6.70482
215000 105000 150007 6.53216
215000 100000 150008 8.46786
220000 100000 150004 4.02895
215000 105000 150007 6.53216
220000 105000 150006 5.71965
210000 105000 150007 6.70482
215000 105000 150007 6.53216
210000 110000 150006 6.39343
215000 110000 150005 5.44582
215000 105000 150007 6.53216
220000 105000 150006 5.71965
215000 110000 150005 5.44582
220000 110000 150005 5.16561
220000 100000 150004 4.02895
225000 100000 150003 2.86123
220000 105000 150006 5.71965
225000 105000 150006 5.9584
225000 100000 150003 2.86123
230000 100000 150001 1.24851
225000 105000 150006 5.9584
230000 105000 150002 1.75002
220000 105000 150006 5.71965
225000 105000 150006 5.9584
220000 110000 150005 5.16561
225000 110000 150002 2.13739
225000 105000 150006 5.9584
230000 105000 150002 1.75002
225000 110000 150002 2.13739
230000 110000 150001 0.723886
230000 100000 150001 1.24851
235000 100000 150001 1.3607
230000 105000 150002 1.75002
235000 105000 149998 -1.73754
235000 100000 150001 1.3607
240000 100000 149996 -3.55445
235000 105000 149998 -1.73754
240000 105000 149998 -1.87321
230000 105000 150002 1.75002
235000 105000 149998 -1.73754
230000 110000 150001 0.723886
235000 110000 150001 1.37911
235000 105000 149998 -1.73754
240000 105000 149998 -1.87321
235000 110000 150001 1.37911
240000 110000 149996 -3.596
240000 100000 149996 -3.55445
245000 100000 149995 -4.58557
240000 105000 149998 -1.87321
245000 105000 149998 -2.07552
245000 100000 149995 -4.58557
250000 100000 149996 -3.60275
245000 105000 149998 -2.07552
250000 105000 149996 -3.51626
240000 105000 149998 -1.87321
245000 105000 149998 -2.07552
240000 110000 149996 -3.596
245000 110000 149997 -2.96303
245000 105000 149998 -2.07552
250000 105000 149996 -3.51626
245000 110000 149997 -2.96303
250000 110000 149995 -4.75142
250000 100000 149996 -3.60275
255000 100000 149994 -5.88662
250000 105000 149996 -3.51626
255000 105000 149996 -4.00626
255000 100000 149994 -5.88662
260000 100000 149993 -7.28522
255000 105000 149996 -4.00626
260000 105000 149996 -4.42501
250000 105000 149996 -3.51626
255000 105000 149996 -4.00626
250000 110000 149995 -4.75142
255000 110000 149995 -5.49285
255000 105000 149996 -4.00626
260000 105000 149996 -4.42501
255000 110000 149995 -5.49285
260000 110000 149995 -5.21509
260000 100000 149993 -7.28522
265000 100000 149994 -5.65588
260000 105000 149996 -4.42501
265000 105000 149994 -5.87456
265000 100000 149994 -5.65588
270000 100000 149993 -6.85599
265000 105000 149994 -5.87456
270000 105000 149990 -9.75725
260000 105000 149996 -4.42501
265000 105000 149994 -5.87456
260000 110000 149995 -5.21509
265000 110000 149995 -5.46083
265000 105000 149994 -5.87456
270000 105000 149990 -9.75725
265000 110000 149995 -5.46083
270000 110000 149991 -9.3291
270000 100000 149993 -6.85599
275000 100000 149991 -8.93058
270000 105000 149990 -9.75725
275000 105000 149992 -7.75729
275000 100000 149991 -8.93058
280000 100000 149989 -10.5935
275000 105000 149992 -7.75729
280000 105000 149989 -10.6526
270000 105000 149990 -9.75725
275000 105000 149992 -7.75729
270000 110000 149991 -9.3291
275000 110000 149991 -9.1801
275000 105000 149992 -7.75729
280000 105000 149989 -10.6526
275000 110000 149991 -9.1801
280000 110000 149992 -8.42244
280000 100000 149989 -10.5935
285000 100000 149992 -7.92161
280000 105000 149989 -10.6526
285000 105000 149990 -10.0044
285000 100000 149992 -7.92161
290000 100000 149991 -8.96132
285000 105000 149990 -10.0044
290000 105000 149991 -8.58973
280000 105000 149989 -10.6526
285000 105000 149990 -10.0044
280000 110000 149992 -8.42244
285000 110000 149991 -8.85746
285000 105000 149990 -10.0044
290000 105000 149991 -8.58973
285000 110000 149991 -8.85746
290000 110000 149991 -9.16566
290000 100000 149991 -8.96132
295000 100000 149991 -9.07173
290000 105000 149991 -8.58973
295000 105000 149992 -8.13818
295000 100000 149991 -9.07173
300000 100000 149989 -10.7497
295000 105000 149992 -8.13818
300000 105000 149989 -10.7542
290000 105000 149991 -8.58973
295000 105000 149992 -8.13818
290000 110000 149991 -9.16566
295000 110000 149990 -9.64776
295000 105000 149992 -8.13818
300000 105000 149989 -10.7542
295000 110000 149990 -9.64776
300000 110000 149991 -9.05894
160000 110000 150007 6.63823
165000 110000 149997 -2.60439
160000 115000 150002 1.55058
165000 115000 149998 -1.77153
165000 110000 149997 -2.60439
170000 110000 149995 -4.93114
165000 115000 149998 -1.77153
170000 115000 149997 -3.31649
160000 115000 150002 1.55058
165000 115000 149998 -1.77153
160000 120000 150007 6.65544
165000 120000 150004 3.93308
165000 115000 149998 -1.77153
170000 115000 149997 -3.31649
165000 120000 150004 3.93308
170000 120000 149999 -1.25723
170000 110000 149995 -4.93114
175000 110000 149998 -1.78455
170000 115000 149997 -3.31649
175000 115000 149998 -1.84085
175000 110000 149998 -1.78455
180000 110000 150001 0.677004
175000 115000 149998 -1.84085
180000 115000 150000 -0.355023
170000 115000 149997 -3.31649
175000 115000 149998 -1.84085
170000 120000 149999 -1.25723
175000 120000 150001 1.05032
175000 115000 149998 -1.84085
180000 115000 150000 -0.355023
175000 120000 150001 1.05032
180000 120000 149999 -0.889081
180000 110000 150001 0.677004
185000 110000 150006 5.59199
180000 115000 150000 -0.355023
185000 115000 150003 3.07825
185000 110000 150006 5.59199
190000 110000 150009 9.00348
185000 115000 150003 3.07825
190000 115000 150010 10.4883
180000 115000 150000 -0.355023
185000 115000 150003 3.07825
180000 120000 149999 -0.889081
185000 120000 150003 2.6221
185000 115000 150003 3.07825
190000 115000 150010 10.4883
185000 120000 150003 2.6221
190000 120000 150008 8.18876
190000 110000 150009 9.00348
195000 110000 150009 9.22241
190000 115000 150010 10.4883
195000 115000 150007 7.17531
195000 110000 150009 9.22241
200000 110000 150009 8.68422
195000 115000 150007 7.17531
200000 115000 150007 7.17529
190000 115000 150010 10.4883
195000 115000 150007 7.17531
190000 120000 150008 8.18876
195000 120000 150009 8.53
195000 115000 150007 7.17531
200000 115000 150007 7.17529
195000 120000 150009 8.53
200000 120000 150007 7.45425
200000 110000 150009 8.68422
205000 110000 150008 8.10787
200000 115000 150007 7.17529
205000 115000 150009 9.42623
205000 110000 150008 8.10787
210000 110000 150006 6.39343
205000 115000 150009 9.42623
210000 115000 150011 11.3125
200000 115000 150007 7.17529
205000 115000 150009 9.42623
200000 120000 150007 7.45425
205000 120000 150009 8.88636
205000 115000 150009 9.42623
210000 115000 150011 11.3125
205000 120000 150009 8.88636
210000 120000 150009 9.10932
210000 110000 150006 6.39343
215000 110000 150005 5.44582
210000 115000 150011 11.3125
215000 115000 150006 5.50562
215000 110000 150005 5.44582
220000 110000 150005 5.16561
215000 115000 150006 5.50562
220000 115000 150007 6.7423
210000 115000 150011 11.3125
215000 115000 150006 5.50562
210000 120000 150009 9.10932
215000 120000 150008 7.68719
215000 115000 150006 5.50562
220000 115000 150007 6.7423
215000 120000 150008 7.68719
220000 120000 150004 3.82226
220000 110000 150005 5.16561
225000 110000 150002 2.13739
220000 115000 150007 6.7423
225000 115000 150003 2.69956
225000 110000 150002 2.13739
230000 110000 150001 0.723886
225000 115000 150003 2.69956
230000 115000 149999 -0.701058
220000 115000 150007 6.7423
225000 115000 150003 2.69956
220000 120000 150004 3.82226
225000 120000 150005 5.19555
225000 115000 150003 2.69956
230000 115000 149999 -0.701058
225000 120000 150005 5.19555
230000 120000 150000 -0.484557
230000 110000 150001 0.723886
235000 110000 150001 1.37911
230000 115000 149999 -0.701058
235000 115000 149998 -2.31802
235000 110000 150001 1.37911
240000 110000 149996 -3.596
235000 115000 149998 -2.31802
240000 115000 150001 1.28185
230000 115000 149999 -0.701058
235000 115000 149998 -2.31802
230000 120000 150000 -0.484557
235000 120000 150001 1.26182
235000 115000 149998 -2.31802
240000 115000 150001 1.28185
235000 120000 150001 1.26182
240000 120000 150000 -0.116623
240000 110000 149996 -3.596
245000 110000 149997 -2.96303
240000 115000 150001 1.28185
245000 115000 149996 -3.53542
245000 110000 149997 -2.96303
250000 110000 149995 -4.75142
245000 115000 149996 -3.53542
250000 115000 149997 -3.33847
240000 115000 150001 1.28185
245000 115000 149996 -3.53542
240000 120000 150000 -0.116623
245000 120000 149997 -3.46461
245000 115000 149996 -3.53542
250000 115000 149997 -3.33847
245000 120000 149997 -3.46461
250000 120000 149998 -1.76496
250000 110000 149995 -4.75142
255000 110000 149995 -5.49285
250000 115000 149997 -3.33847
255000 115000 149993 -6.86691
255000 110000 149995 -5.49285
260000 110000 149995 -5.21509
255000 115000 149993 -6.86691
260000 115000 149993 -6.56688
250000 115000 149997 -3.33847
255000 115000 149993 -6.86691
250000 120000 149998 -1.76496
255000 120000 149993 -6.87832
255000 115000 149993 -6.86691
260000 115000 149993 -6.56688
255000 120000 149993 -6.87832
260000 120000 149996 -3.84686
260000 110000 149995 -5.21509
265000 110000 149995 -5.46083
260000 115000 149993 -6.56688
265000 115000 149992 -8.38091
265000 110000 149995 -5.46083
270000 110000 149991 -9.3291
265000 115000 149992 -8.38091
270000 115000 149994 -6.16124
260000 115000 149993 -6.56688
265000 115000 149992 -8.38091
260000 120000 149996 -3.84686
265000 120000 149991 -9.14301
265000 115000 149992 -8.38091
270000 115000 149994 -6.16124
265000 120000 149991 -9.14301
270000 120000 149992 -8.48441
270000 110000 149991 -9.3291
275000 110000 149991 -9.1801
270000 115000 149994 -6.16124
275000 115000 149992 -8.01434
275000 110000 149991 -9.1801
280000 110000 149992 -8.42244
275000 115000 149992 -8.01434
280000 115000 149991 -8.90954
270000 115000 149994 -6.16124
275000 115000 149992 -8.01434
270000 120000 149992 -8.48441
275000 120000 149990 -9.61741
275000 115000 149992 -8.01434
280000 115000 149991 -8.90954
275000 120000 149990 -9.61741
280000 120000 149992 -7.75896
280000 110000 149992 -8.42244
285000 110000 149991 -8.85746
280000 115000 149991 -8.90954
285000 115000 149989 -10.6549
285000 110000 149991 -8.85746
290000 110000 149991 -9.16566
285000 115000 149989 -10.6549
290000 115000 149990 -10.1298
280000 115000 149991 -8.90954
285000 115000 149989 -10.6549
280000 120000 149992 -7.75896
285000 120000 149989 -10.6735
285000 115000 149989 -10.6549
290000 115000 149990 -10.1298
285000 120000 149989 -10.6735
290000 120000 149989 -10.7463
290000 110000 149991 -9.16566
295000 110000 149990 -9.64776
290000 115000 149990 -10.1298
295000 115000 149989 -10.7382
295000 110000 149990 -9.64776
300000 110000 149991 -9.05894
295000 115000 149989 -10.7382
300000 115000 149992 -8.12924
290000 115000 149990 -10.1298
295000 115000 149989 -10.7382
290000 120000 149989 -10.7463
295000 120000 149989 -10.7648
295000 115000 149989 -10.7382
300000 115000 149992 -8.12924
295000 120000 149989 -10.7648
300000 120000 149991 -8.90773
