# x y z topography
0 0 149986 -13.6607
5000 0 149986 -13.5275
0 5000 149986 -13.7905
5000 5000 149987 -13.0914
5000 0 149986 -13.5275
10000 0 149987 -12.8558
5000 5000 149987 -13.0914
10000 5000 149987 -13.3524
0 5000 149986 -13.7905
5000 5000 149987 -13.0914
0 10000 149987 -13.4008
5000 10000 149987 -12.6778
5000 5000 149987 -13.0914
10000 5000 149987 -13.3524
5000 10000 149987 -12.6778
10000 10000 149987 -12.8991
10000 0 149987 -12.8558
15000 0 149987 -13.1983
10000 5000 149987 -13.3524
15000 5000 149988 -11.7799
15000 0 149987 -13.1983
20000 0 149988 -11.857
15000 5000 149988 -11.7799
20000 5000 149987 -13.077
10000 5000 149987 -13.3524
15000 5000 149988 -11.7799
10000 10000 149987 -12.8991
15000 10000 149987 -12.9881
15000 5000 149988 -11.7799
20000 5000 149987 -13.077
15000 10000 149987 -12.9881
20000 10000 149988 -11.6552
20000 0 149988 -11.857
25000 0 149989 -11.236
20000 5000 149987 -13.077
25000 5000 149987 -12.8159
25000 0 149989 -11.236
30000 0 149988 -12.1275
25000 5000 149987 -12.8159
30000 5000 149989 -11.1847
20000 5000 149987 -13.077
25000 5000 149987 -12.8159
20000 10000 149988 -11.6552
25000 10000 149988 -11.7786
25000 5000 149987 -12.8159
30000 5000 149989 -11.1847
25000 10000 149988 -11.7786
30000 10000 149989 -10.7749
30000 0 149988 -12.1275
35000 0 149991 -9.37905
30000 5000 149989 -11.1847
35000 5000 149988 -11.7443
35000 0 149991 -9.37905
40000 0 149990 -9.96537
35000 5000 149988 -11.7443
40000 5000 149989 -10.9878
30000 5000 149989 -11.1847
35000 5000 149988 -11.7443
30000 10000 149989 -10.7749
35000 10000 149988 -11.6678
35000 5000 149988 -11.7443
40000 5000 149989 -10.9878
35000 10000 149988 -11.6678
40000 10000 149989 -11.3853
40000 0 149990 -9.96537
45000 0 149991 -8.87644
40000 5000 149989 -10.9878
45000 5000 149991 -9.17195
45000 0 149991 -8.87644
50000 0 149994 -6.1316
45000 5000 149991 -9.17195
50000 5000 149993 -7.13049
40000 5000 149989 -10.9878
45000 5000 149991 -9.17195
40000 10000 149989 -11.3853
45000 10000 149990 -10.4364
45000 5000 149991 -9.17195
50000 5000 149993 -7.13049
45000 10000 149990 -10.4364
50000 10000 149991 -9.45824
50000 0 149994 -6.1316
55000 0 149996 -4.03895
50000 5000 149993 -7.13049
55000 5000 149995 -5.48249
55000 0 149996 -4.03895
60000 0 150000 -0.0839431
55000 5000 149995 -5.48249
60000 5000 149998 -2.15664
50000 5000 149993 -7.13049
55000 5000 149995 -5.48249
50000 10000 149991 -9.45824
55000 10000 149992 -7.72156
55000 5000 149995 -5.48249
60000 5000 149998 -2.15664
55000 10000 149992 -7.72156
60000 10000 149995 -4.91254
60000 0 150000 -0.0839431
65000 0 150001 1.05537
60000 5000 149998 -2.15664
65000 5000 150003 3.09481
65000 0 150001 1.05537
70000 0 150005 5.38528
65000 5000 150003 3.09481
70000 5000 150005 5.27073
60000 5000 149998 -2.15664
65000 5000 150003 3.09481
60000 10000 149995 -4.91254
65000 10000 149998 -2.12663
65000 5000 150003 3.09481
70000 5000 150005 5.27073
65000 10000 149998 -2.12663
70000 10000 150001 1.34177
70000 0 150005 5.38528
75000 0 150007 6.65486
70000 5000 150005 5.27073
75000 5000 150008 8.03272
75000 0 150007 6.65486
80000 0 150013 12.7714
75000 5000 150008 8.03272
80000 5000 150012 11.6491
70000 5000 150005 5.27073
75000 5000 150008 8.03272
70000 10000 150001 1.34177
75000 10000 150008 7.74582
75000 5000 150008 8.03272
80000 5000 150012 11.6491
75000 10000 150008 7.74582
80000 10000 150010 10.4805
0 10000 149987 -13.4008
5000 10000 149987 -12.6778
0 15000 149986 -13.5923
5000 15000 149987 -13.0722
5000 10000 149987 -12.6778
10000 10000 149987 -12.8991
5000 15000 149987 -13.0722
10000 15000 149987 -12.959
0 15000 149986 -13.5923
5000 15000 149987 -13.0722
0 20000 149987 -12.9842
5000 20000 149987 -12.9752
5000 15000 149987 -13.0722
10000 15000 149987 -12.959
5000 20000 149987 -12.9752
10000 20000 149987 -13.3367
10000 10000 149987 -12.8991
15000 10000 149987 -12.9881
10000 15000 149987 -12.959
15000 15000 149987 -13.0719
15000 10000 149987 -12.9881
20000 10000 149988 -11.6552
15000 15000 149987 -13.0719
20000 15000 149988 -12.2405
10000 15000 149987 -12.959
15000 15000 149987 -13.0719
10000 20000 149987 -13.3367
15000 20000 149987 -13.1294
15000 15000 149987 -13.0719
20000 15000 149988 -12.2405
15000 20000 149987 -13.1294
20000 20000 149989 -11.3148
20000 10000 149988 -11.6552
25000 10000 149988 -11.7786
20000 15000 149988 -12.2405
25000 15000 149987 -12.5859
25000 10000 149988 -11.7786
30000 10000 149989 -10.7749
25000 15000 149987 -12.5859
30000 15000 149988 -12.0088
20000 15000 149988 -12.2405
25000 15000 149987 -12.5859
20000 20000 149989 -11.3148
25000 20000 149987 -12.8065
25000 15000 149987 -12.5859
30000 15000 149988 -12.0088
25000 20000 149987 -12.8065
30000 20000 149988 -11.9256
30000 10000 149989 -10.7749
35000 10000 149988 -11.6678
30000 15000 149988 -12.0088
35000 15000 149991 -9.32337
35000 10000 149988 -11.6678
40000 10000 149989 -11.3853
35000 15000 149991 -9.32337
40000 15000 149990 -10.3799
30000 15000 149988 -12.0088
35000 15000 149991 -9.32337
30000 20000 149988 -11.9256
35000 20000 149990 -10.0075
35000 15000 149991 -9.32337
40000 15000 149990 -10.3799
35000 20000 149990 -10.0075
40000 20000 149991 -8.52089
40000 10000 149989 -11.3853
45000 10000 149990 -10.4364
40000 15000 149990 -10.3799
45000 15000 149991 -8.96723
45000 10000 149990 -10.4364
50000 10000 149991 -9.45824
45000 15000 149991 -8.96723
50000 15000 149993 -6.80845
40000 15000 149990 -10.3799
45000 15000 149991 -8.96723
40000 20000 149991 -8.52089
45000 20000 149991 -9.19763
45000 15000 149991 -8.96723
50000 15000 149993 -6.80845
45000 20000 149991 -9.19763
50000 20000 149992 -8.33801
50000 10000 149991 -9.45824
55000 10000 149992 -7.72156
50000 15000 149993 -6.80845
55000 15000 149995 -4.99469
55000 10000 149992 -7.72156
60000 10000 149995 -4.91254
55000 15000 149995 -4.99469
60000 15000 149998 -1.67961
50000 15000 149993 -6.80845
55000 15000 149995 -4.99469
50000 20000 149992 -8.33801
55000 20000 149993 -7.17596
55000 15000 149995 -4.99469
60000 15000 149998 -1.67961
55000 20000 149993 -7.17596
60000 20000 149995 -5.23419
60000 10000 149995 -4.91254
65000 10000 149998 -2.12663
60000 15000 149998 -1.67961
65000 15000 150000 0.257862
65000 10000 149998 -2.12663
70000 10000 150001 1.34177
65000 15000 150000 0.257862
70000 15000 150001 1.25801
60000 15000 149998 -1.67961
65000 15000 150000 0.257862
60000 20000 149995 -5.23419
65000 20000 150001 0.884122
65000 15000 150000 0.257862
70000 15000 150001 1.25801
65000 20000 150001 0.884122
70000 20000 150004 4.12676
70000 10000 150001 1.34177
75000 10000 150008 7.74582
70000 15000 150001 1.25801
75000 15000 150008 8.2459
75000 10000 150008 7.74582
80000 10000 150010 10.4805
75000 15000 150008 8.2459
80000 15000 150010 9.64489
70000 15000 150001 1.25801
75000 15000 150008 8.2459
70000 20000 150004 4.12676
75000 20000 150008 8.01108
75000 15000 150008 8.2459
80000 15000 150010 9.64489
75000 20000 150008 8.01108
80000 20000 150011 11.3446
0 20000 149987 -12.9842
5000 20000 149987 -12.9752
0 25000 149986 -13.6754
5000 25000 149987 -13.2658
5000 20000 149987 -12.9752
10000 20000 149987 -13.3367
5000 25000 149987 -13.2658
10000 25000 149987 -12.8226
0 25000 149986 -13.6754
5000 25000 149987 -13.2658
0 30000 149987 -13.4624
5000 30000 149987 -13.3107
5000 25000 149987 -13.2658
10000 25000 149987 -12.8226
5000 30000 149987 -13.3107
10000 30000 149987 -13.0782
10000 20000 149987 -13.3367
15000 20000 149987 -13.1294
10000 25000 149987 -12.8226
15000 25000 149988 -12.1575
15000 20000 149987 -13.1294
20000 20000 149989 -11.3148
15000 25000 149988 -12.1575
20000 25000 149987 -12.9896
10000 25000 149987 -12.8226
15000 25000 149988 -12.1575
10000 30000 149987 -13.0782
15000 30000 149987 -13.2305
15000 25000 149988 -12.1575
20000 25000 149987 -12.9896
15000 30000 149987 -13.2305
20000 30000 149988 -11.7201
20000 20000 149989 -11.3148
25000 20000 149987 -12.8065
20000 25000 149987 -12.9896
25000 25000 149987 -12.8172
25000 20000 149987 -12.8065
30000 20000 149988 -11.9256
25000 25000 149987 -12.8172
30000 25000 149989 -11.3547
20000 25000 149987 -12.9896
25000 25000 149987 -12.8172
20000 30000 149988 -11.7201
25000 30000 149989 -11.1614
25000 25000 149987 -12.8172
30000 25000 149989 -11.3547
25000 30000 149989 -11.1614
30000 30000 149988 -11.9598
30000 20000 149988 -11.9256
35000 20000 149990 -10.0075
30000 25000 149989 -11.3547
35000 25000 149990 -10.0725
35000 20000 149990 -10.0075
40000 20000 149991 -8.52089
35000 25000 149990 -10.0725
40000 25000 149992 -8.13387
30000 25000 149989 -11.3547
35000 25000 149990 -10.0725
30000 30000 149988 -11.9598
35000 30000 149989 -11.2113
35000 25000 149990 -10.0725
40000 25000 149992 -8.13387
35000 30000 149989 -11.2113
40000 30000 149992 -8.2287
40000 20000 149991 -8.52089
45000 20000 149991 -9.19763
40000 25000 149992 -8.13387
45000 25000 149993 -7.28333
45000 20000 149991 -9.19763
50000 20000 149992 -8.33801
45000 25000 149993 -7.28333
50000 25000 149994 -5.63749
40000 25000 149992 -8.13387
45000 25000 149993 -7.28333
40000 30000 149992 -8.2287
45000 30000 149992 -8.2567
45000 25000 149993 -7.28333
50000 25000 149994 -5.63749
45000 30000 149992 -8.2567
50000 30000 149994 -6.13217
50000 20000 149992 -8.33801
55000 20000 149993 -7.17596
50000 25000 149994 -5.63749
55000 25000 149995 -4.53642
55000 20000 149993 -7.17596
60000 20000 149995 -5.23419
55000 25000 149995 -4.53642
60000 25000 149998 -2.03488
50000 25000 149994 -5.63749
55000 25000 149995 -4.53642
50000 30000 149994 -6.13217
55000 30000 149995 -4.93691
55000 25000 149995 -4.53642
60000 25000 149998 -2.03488
55000 30000 149995 -4.93691
60000 30000 149996 -3.56105
60000 20000 149995 -5.23419
65000 20000 150001 0.884122
60000 25000 149998 -2.03488
65000 25000 150001 0.587712
65000 20000 150001 0.884122
70000 20000 150004 4.12676
65000 25000 150001 0.587712
70000 25000 150001 1.0163
60000 25000 149998 -2.03488
65000 25000 150001 0.587712
60000 30000 149996 -3.56105
65000 30000 149998 -1.54854
65000 25000 150001 0.587712
70000 25000 150001 1.0163
65000 30000 149998 -1.54854
70000 30000 150002 2.06041
70000 20000 150004 4.12676
75000 20000 150008 8.01108
70000 25000 150001 1.0163
75000 25000 150007 6.89993
75000 20000 150008 8.01108
80000 20000 150011 11.3446
75000 25000 150007 6.89993
80000 25000 150012 11.5989
70000 25000 150001 1.0163
75000 25000 150007 6.89993
70000 30000 150002 2.06041
75000 30000 150005 5.44842
75000 25000 150007 6.89993
80000 25000 150012 11.5989
75000 30000 150005 5.44842
80000 30000 150008 8.47051
0 30000 149987 -13.4624
5000 30000 149987 -13.3107
0 35000 149987 -13.0807
5000 35000 149987 -13.1019
5000 30000 149987 -13.3107
10000 30000 149987 -13.0782
5000 35000 149987 -13.1019
10000 35000 149987 -13.3682
0 35000 149987 -13.0807
5000 35000 149987 -13.1019
0 40000 149987 -12.9744
5000 40000 149986 -13.7246
5000 35000 149987 -13.1019
10000 35000 149987 -13.3682
5000 40000 149986 -13.7246
10000 40000 149987 -13.0846
10000 30000 149987 -13.0782
15000 30000 149987 -13.2305
10000 35000 149987 -13.3682
15000 35000 149987 -13.2253
15000 30000 149987 -13.2305
20000 30000 149988 -11.7201
15000 35000 149987 -13.2253
20000 35000 149987 -12.8298
10000 35000 149987 -13.3682
15000 35000 149987 -13.2253
10000 40000 149987 -13.0846
15000 40000 149987 -13.1617
15000 35000 149987 -13.2253
20000 35000 149987 -12.8298
15000 40000 149987 -13.1617
20000 40000 149988 -11.6932
20000 30000 149988 -11.7201
25000 30000 149989 -11.1614
20000 35000 149987 -12.8298
25000 35000 149988 -11.9457
25000 30000 149989 -11.1614
30000 30000 149988 -11.9598
25000 35000 149988 -11.9457
30000 35000 149988 -11.7412
20000 35000 149987 -12.8298
25000 35000 149988 -11.9457
20000 40000 149988 -11.6932
25000 40000 149987 -12.7517
25000 35000 149988 -11.9457
30000 35000 149988 -11.7412
25000 40000 149987 -12.7517
30000 40000 149989 -11.3675
30000 30000 149988 -11.9598
35000 30000 149989 -11.2113
30000 35000 149988 -11.7412
35000 35000 149989 -11.3534
35000 30000 149989 -11.2113
40000 30000 149992 -8.2287
35000 35000 149989 -11.3534
40000 35000 149991 -8.9209
30000 35000 149988 -11.7412
35000 35000 149989 -11.3534
30000 40000 149989 -11.3675
35000 40000 149988 -11.8585
35000 35000 149989 -11.3534
40000 35000 149991 -8.9209
35000 40000 149988 -11.8585
40000 40000 149991 -9.38494
40000 30000 149992 -8.2287
45000 30000 149992 -8.2567
40000 35000 149991 -8.9209
45000 35000 149992 -8.3069
45000 30000 149992 -8.2567
50000 30000 149994 -6.13217
45000 35000 149992 -8.3069
50000 35000 149992 -7.82631
40000 35000 149991 -8.9209
45000 35000 149992 -8.3069
40000 40000 149991 -9.38494
45000 40000 149991 -8.86748
45000 35000 149992 -8.3069
50000 35000 149992 -7.82631
45000 40000 149991 -8.86748
50000 40000 149992 -7.96088
50000 30000 149994 -6.13217
55000 30000 149995 -4.93691
50000 35000 149992 -7.82631
55000 35000 149995 -5.49573
55000 30000 149995 -4.93691
60000 30000 149996 -3.56105
55000 35000 149995 -5.49573
60000 35000 149996 -3.72655
50000 35000 149992 -7.82631
55000 35000 149995 -5.49573
50000 40000 149992 -7.96088
55000 40000 149993 -6.60801
55000 35000 149995 -5.49573
60000 35000 149996 -3.72655
55000 40000 149993 -6.60801
60000 40000 149996 -4.2912
60000 30000 149996 -3.56105
65000 30000 149998 -1.54854
60000 35000 149996 -3.72655
65000 35000 150000 -0.405819
65000 30000 149998 -1.54854
70000 30000 150002 2.06041
65000 35000 150000 -0.405819
70000 35000 150001 0.584639
60000 35000 149996 -3.72655
65000 35000 150000 -0.405819
60000 40000 149996 -4.2912
65000 40000 149998 -1.51301
65000 35000 150000 -0.405819
70000 35000 150001 0.584639
65000 40000 149998 -1.51301
70000 40000 150000 0.41779
70000 30000 150002 2.06041
75000 30000 150005 5.44842
70000 35000 150001 0.584639
75000 35000 150005 4.6492
75000 30000 150005 5.44842
80000 30000 150008 8.47051
75000 35000 150005 4.6492
80000 35000 150010 9.67706
70000 35000 150001 0.584639
75000 35000 150005 4.6492
70000 40000 150000 0.41779
75000 40000 150006 6.05978
75000 35000 150005 4.6492
80000 35000 150010 9.67706
75000 40000 150006 6.05978
80000 40000 150006 6.20306
0 40000 149987 -12.9744
5000 40000 149986 -13.7246
0 45000 149986 -14.0512
5000 45000 149987 -13.3367
5000 40000 149986 -13.7246
10000 40000 149987 -13.0846
5000 45000 149987 -13.3367
10000 45000 149987 -12.8071
0 45000 149986 -14.0512
5000 45000 149987 -13.3367
0 50000 149986 -14.0722
5000 50000 149986 -13.5024
5000 45000 149987 -13.3367
10000 45000 149987 -12.8071
5000 50000 149986 -13.5024
10000 50000 149986 -13.7843
10000 40000 149987 -13.0846
15000 40000 149987 -13.1617
10000 45000 149987 -12.8071
15000 45000 149987 -12.8474
15000 40000 149987 -13.1617
20000 40000 149988 -11.6932
15000 45000 149987 -12.8474
20000 45000 149987 -12.9787
10000 45000 149987 -12.8071
15000 45000 149987 -12.8474
10000 50000 149986 -13.7843
15000 50000 149988 -12.313
15000 45000 149987 -12.8474
20000 45000 149987 -12.9787
15000 50000 149988 -12.313
20000 50000 149987 -12.7761
20000 40000 149988 -11.6932
25000 40000 149987 -12.7517
20000 45000 149987 -12.9787
25000 45000 149988 -11.5099
25000 40000 149987 -12.7517
30000 40000 149989 -11.3675
25000 45000 149988 -11.5099
30000 45000 149988 -11.5953
20000 45000 149987 -12.9787
25000 45000 149988 -11.5099
20000 50000 149987 -12.7761
25000 50000 149988 -11.6927
25000 45000 149988 -11.5099
30000 45000 149988 -11.5953
25000 50000 149988 -11.6927
30000 50000 149989 -10.9141
30000 40000 149989 -11.3675
35000 40000 149988 -11.8585
30000 45000 149988 -11.5953
35000 45000 149988 -11.8628
35000 40000 149988 -11.8585
40000 40000 149991 -9.38494
35000 45000 149988 -11.8628
40000 45000 149989 -11.2255
30000 45000 149988 -11.5953
35000 45000 149988 -11.8628
30000 50000 149989 -10.9141
35000 50000 149990 -9.93402
35000 45000 149988 -11.8628
40000 45000 149989 -11.2255
35000 50000 149990 -9.93402
40000 50000 149990 -9.93837
40000 40000 149991 -9.38494
45000 40000 149991 -8.86748
40000 45000 149989 -11.2255
45000 45000 149992 -8.18915
45000 40000 149991 -8.86748
50000 40000 149992 -7.96088
45000 45000 149992 -8.18915
50000 45000 149992 -8.1123
40000 45000 149989 -11.2255
45000 45000 149992 -8.18915
40000 50000 149990 -9.93837
45000 50000 149993 -7.25358
45000 45000 149992 -8.18915
50000 45000 149992 -8.1123
45000 50000 149993 -7.25358
50000 50000 149992 -7.55097
50000 40000 149992 -7.96088
55000 40000 149993 -6.60801
50000 45000 149992 -8.1123
55000 45000 149995 -4.85325
55000 40000 149993 -6.60801
60000 40000 149996 -4.2912
55000 45000 149995 -4.85325
60000 45000 149994 -5.52394
50000 45000 149992 -8.1123
55000 45000 149995 -4.85325
50000 50000 149992 -7.55097
55000 50000 149994 -5.58851
55000 45000 149995 -4.85325
60000 45000 149994 -5.52394
55000 50000 149994 -5.58851
60000 50000 149997 -3.23735
60000 40000 149996 -4.2912
65000 40000 149998 -1.51301
60000 45000 149994 -5.52394
65000 45000 149999 -0.886924
65000 40000 149998 -1.51301
70000 40000 150000 0.41779
65000 45000 149999 -0.886924
70000 45000 150003 2.5183
60000 45000 149994 -5.52394
65000 45000 149999 -0.886924
60000 50000 149997 -3.23735
65000 50000 149999 -1.26016
65000 45000 149999 -0.886924
70000 45000 150003 2.5183
65000 50000 149999 -1.26016
70000 50000 150001 1.27882
70000 40000 150000 0.41779
75000 40000 150006 6.05978
70000 45000 150003 2.5183
75000 45000 150004 3.78867
75000 40000 150006 6.05978
80000 40000 150006 6.20306
75000 45000 150004 3.78867
80000 45000 150007 7.22579
70000 45000 150003 2.5183
75000 45000 150004 3.78867
70000 50000 150001 1.27882
75000 50000 150003 3.22275
75000 45000 150004 3.78867
80000 45000 150007 7.22579
75000 50000 150003 3.22275
80000 50000 150008 8.05278
0 50000 149986 -14.0722
5000 50000 149986 -13.5024
0 55000 149986 -13.8489
5000 55000 149986 -13.582
5000 50000 149986 -13.5024
10000 50000 149986 -13.7843
5000 55000 149986 -13.582
10000 55000 149986 -13.8795
0 55000 149986 -13.8489
5000 55000 149986 -13.582
0 60000 149986 -13.7
5000 60000 149988 -12.1901
5000 55000 149986 -13.582
10000 55000 149986 -13.8795
5000 60000 149988 -12.1901
10000 60000 149988 -11.7135
10000 50000 149986 -13.7843
15000 50000 149988 -12.313
10000 55000 149986 -13.8795
15000 55000 149986 -13.6472
15000 50000 149988 -12.313
20000 50000 149987 -12.7761
15000 55000 149986 -13.6472
20000 55000 149987 -13.2885
10000 55000 149986 -13.8795
15000 55000 149986 -13.6472
10000 60000 149988 -11.7135
15000 60000 149987 -13.1519
15000 55000 149986 -13.6472
20000 55000 149987 -13.2885
15000 60000 149987 -13.1519
20000 60000 149988 -11.7273
20000 50000 149987 -12.7761
25000 50000 149988 -11.6927
20000 55000 149987 -13.2885
25000 55000 149988 -12.3535
25000 50000 149988 -11.6927
30000 50000 149989 -10.9141
25000 55000 149988 -12.3535
30000 55000 149989 -11.3583
20000 55000 149987 -13.2885
25000 55000 149988 -12.3535
20000 60000 149988 -11.7273
25000 60000 149988 -12.0239
25000 55000 149988 -12.3535
30000 55000 149989 -11.3583
25000 60000 149988 -12.0239
30000 60000 149988 -12.2704
30000 50000 149989 -10.9141
35000 50000 149990 -9.93402
30000 55000 149989 -11.3583
35000 55000 149990 -9.8075
35000 50000 149990 -9.93402
40000 50000 149990 -9.93837
35000 55000 149990 -9.8075
40000 55000 149992 -8.49088
30000 55000 149989 -11.3583
35000 55000 149990 -9.8075
30000 60000 149988 -12.2704
35000 60000 149988 -12.1889
35000 55000 149990 -9.8075
40000 55000 149992 -8.49088
35000 60000 149988 -12.1889
40000 60000 149989 -10.6558
40000 50000 149990 -9.93837
45000 50000 149993 -7.25358
40000 55000 149992 -8.49088
45000 55000 149992 -7.84814
45000 50000 149993 -7.25358
50000 50000 149992 -7.55097
45000 55000 149992 -7.84814
50000 55000 149993 -7.40455
40000 55000 149992 -8.49088
45000 55000 149992 -7.84814
40000 60000 149989 -10.6558
45000 60000 149991 -8.68691
45000 55000 149992 -7.84814
50000 55000 149993 -7.40455
45000 60000 149991 -8.68691
50000 60000 149991 -9.02751
50000 50000 149992 -7.55097
55000 50000 149994 -5.58851
50000 55000 149993 -7.40455
55000 55000 149994 -5.99623
55000 50000 149994 -5.58851
60000 50000 149997 -3.23735
55000 55000 149994 -5.99623
60000 55000 149996 -3.69406
50000 55000 149993 -7.40455
55000 55000 149994 -5.99623
50000 60000 149991 -9.02751
55000 60000 149993 -7.0362
55000 55000 149994 -5.99623
60000 55000 149996 -3.69406
55000 60000 149993 -7.0362
60000 60000 149994 -6.252
60000 50000 149997 -3.23735
65000 50000 149999 -1.26016
60000 55000 149996 -3.69406
65000 55000 149999 -1.31824
65000 50000 149999 -1.26016
70000 50000 150001 1.27882
65000 55000 149999 -1.31824
70000 55000 149998 -2.12955
60000 55000 149996 -3.69406
65000 55000 149999 -1.31824
60000 60000 149994 -6.252
65000 60000 149995 -5.16381
65000 55000 149999 -1.31824
70000 55000 149998 -2.12955
65000 60000 149995 -5.16381
70000 60000 149999 -1.17965
70000 50000 150001 1.27882
75000 50000 150003 3.22275
70000 55000 149998 -2.12955
75000 55000 150003 3.26614
75000 50000 150003 3.22275
80000 50000 150008 8.05278
75000 55000 150003 3.26614
80000 55000 150004 4.09548
70000 55000 149998 -2.12955
75000 55000 150003 3.26614
70000 60000 149999 -1.17965
75000 60000 150003 2.75087
75000 55000 150003 3.26614
80000 55000 150004 4.09548
75000 60000 150003 2.75087
80000 60000 150007 6.58413
0 60000 149986 -13.7
5000 60000 149988 -12.1901
0 65000 149987 -13.2469
5000 65000 149987 -12.9056
5000 60000 149988 -12.1901
10000 60000 149988 -11.7135
5000 65000 149987 -12.9056
10000 65000 149987 -13.3714
0 65000 149987 -13.2469
5000 65000 149987 -12.9056
0 70000 149987 -12.9273
5000 70000 149987 -12.7991
5000 65000 149987 -12.9056
10000 65000 149987 -13.3714
5000 70000 149987 -12.7991
10000 70000 149987 -12.8853
10000 60000 149988 -11.7135
15000 60000 149987 -13.1519
10000 65000 149987 -13.3714
15000 65000 149987 -13.0278
15000 60000 149987 -13.1519
20000 60000 149988 -11.7273
15000 65000 149987 -13.0278
20000 65000 149987 -12.7104
10000 65000 149987 -13.3714
15000 65000 149987 -13.0278
10000 70000 149987 -12.8853
15000 70000 149987 -13.4216
15000 65000 149987 -13.0278
20000 65000 149987 -12.7104
15000 70000 149987 -13.4216
20000 70000 149988 -11.9385
20000 60000 149988 -11.7273
25000 60000 149988 -12.0239
20000 65000 149987 -12.7104
25000 65000 149987 -13.0033
25000 60000 149988 -12.0239
30000 60000 149988 -12.2704
25000 65000 149987 -13.0033
30000 65000 149988 -12.0285
20000 65000 149987 -12.7104
25000 65000 149987 -13.0033
20000 70000 149988 -11.9385
25000 70000 149987 -12.6376
25000 65000 149987 -13.0033
30000 65000 149988 -12.0285
25000 70000 149987 -12.6376
30000 70000 149988 -12.3794
30000 60000 149988 -12.2704
35000 60000 149988 -12.1889
30000 65000 149988 -12.0285
35000 65000 149988 -11.956
35000 60000 149988 -12.1889
40000 60000 149989 -10.6558
35000 65000 149988 -11.956
40000 65000 149990 -10.4138
30000 65000 149988 -12.0285
35000 65000 149988 -11.956
30000 70000 149988 -12.3794
35000 70000 149988 -11.5747
35000 65000 149988 -11.956
40000 65000 149990 -10.4138
35000 70000 149988 -11.5747
40000 70000 149990 -10.1162
40000 60000 149989 -10.6558
45000 60000 149991 -8.68691
40000 65000 149990 -10.4138
45000 65000 149989 -10.5461
45000 60000 149991 -8.68691
50000 60000 149991 -9.02751
45000 65000 149989 -10.5461
50000 65000 149992 -8.15922
40000 65000 149990 -10.4138
45000 65000 149989 -10.5461
40000 70000 149990 -10.1162
45000 70000 149990 -9.81742
45000 65000 149989 -10.5461
50000 65000 149992 -8.15922
45000 70000 149990 -9.81742
50000 70000 149992 -8.10813
50000 60000 149991 -9.02751
55000 60000 149993 -7.0362
50000 65000 149992 -8.15922
55000 65000 149994 -5.98013
55000 60000 149993 -7.0362
60000 60000 149994 -6.252
55000 65000 149994 -5.98013
60000 65000 149994 -5.74489
50000 65000 149992 -8.15922
55000 65000 149994 -5.98013
50000 70000 149992 -8.10813
55000 70000 149992 -7.74687
55000 65000 149994 -5.98013
60000 65000 149994 -5.74489
55000 70000 149992 -7.74687
60000 70000 149996 -3.90921
60000 60000 149994 -6.252
65000 60000 149995 -5.16381
60000 65000 149994 -5.74489
65000 65000 149997 -3.41289
65000 60000 149995 -5.16381
70000 60000 149999 -1.17965
65000 65000 149997 -3.41289
70000 65000 149997 -3.02028
60000 65000 149994 -5.74489
65000 65000 149997 -3.41289
60000 70000 149996 -3.90921
65000 70000 149997 -2.73245
65000 65000 149997 -3.41289
70000 65000 149997 -3.02028
65000 70000 149997 -2.73245
70000 70000 149999 -1.38322
70000 60000 149999 -1.17965
75000 60000 150003 2.75087
70000 65000 149997 -3.02028
75000 65000 150002 2.19085
75000 60000 150003 2.75087
80000 60000 150007 6.58413
75000 65000 150002 2.19085
80000 65000 150005 5.34211
70000 65000 149997 -3.02028
75000 65000 150002 2.19085
70000 70000 149999 -1.38322
75000 70000 150002 2.26467
75000 65000 150002 2.19085
80000 65000 150005 5.34211
75000 70000 150002 2.26467
80000 70000 150006 5.54265
0 70000 149987 -12.9273
5000 70000 149987 -12.7991
0 75000 149986 -13.6795
5000 75000 149986 -13.6048
5000 70000 149987 -12.7991
10000 70000 149987 -12.8853
5000 75000 149986 -13.6048
10000 75000 149986 -13.5615
0 75000 149986 -13.6795
5000 75000 149986 -13.6048
0 80000 149987 -12.5871
5000 80000 149987 -12.8573
5000 75000 149986 -13.6048
10000 75000 149986 -13.5615
5000 80000 149987 -12.8573
10000 80000 149986 -13.7479
10000 70000 149987 -12.8853
15000 70000 149987 -13.4216
10000 75000 149986 -13.5615
15000 75000 149987 -13.4536
15000 70000 149987 -13.4216
20000 70000 149988 -11.9385
15000 75000 149987 -13.4536
20000 75000 149987 -13.4248
10000 75000 149986 -13.5615
15000 75000 149987 -13.4536
10000 80000 149986 -13.7479
15000 80000 149987 -13.4541
15000 75000 149987 -13.4536
20000 75000 149987 -13.4248
15000 80000 149987 -13.4541
20000 80000 149987 -12.6188
20000 70000 149988 -11.9385
25000 70000 149987 -12.6376
20000 75000 149987 -13.4248
25000 75000 149987 -12.9934
25000 70000 149987 -12.6376
30000 70000 149988 -12.3794
25000 75000 149987 -12.9934
30000 75000 149988 -11.917
20000 75000 149987 -13.4248
25000 75000 149987 -12.9934
20000 80000 149987 -12.6188
25000 80000 149987 -13.1227
25000 75000 149987 -12.9934
30000 75000 149988 -11.917
25000 80000 149987 -13.1227
30000 80000 149989 -11.4526
30000 70000 149988 -12.3794
35000 70000 149988 -11.5747
30000 75000 149988 -11.917
35000 75000 149989 -10.9432
35000 70000 149988 -11.5747
40000 70000 149990 -10.1162
35000 75000 149989 -10.9432
40000 75000 149989 -10.8769
30000 75000 149988 -11.917
35000 75000 149989 -10.9432
30000 80000 149989 -11.4526
35000 80000 149988 -11.9266
35000 75000 149989 -10.9432
40000 75000 149989 -10.8769
35000 80000 149988 -11.9266
40000 80000 149990 -9.88901
40000 70000 149990 -10.1162
45000 70000 149990 -9.81742
40000 75000 149989 -10.8769
45000 75000 149990 -10.2305
45000 70000 149990 -9.81742
50000 70000 149992 -8.10813
45000 75000 149990 -10.2305
50000 75000 149990 -9.57648
40000 75000 149989 -10.8769
45000 75000 149990 -10.2305
40000 80000 149990 -9.88901
45000 80000 149991 -9.46187
45000 75000 149990 -10.2305
50000 75000 149990 -9.57648
45000 80000 149991 -9.46187
50000 80000 149990 -9.55038
50000 70000 149992 -8.10813
55000 70000 149992 -7.74687
50000 75000 149990 -9.57648
55000 75000 149993 -7.41096
55000 70000 149992 -7.74687
60000 70000 149996 -3.90921
55000 75000 149993 -7.41096
60000 75000 149994 -5.57277
50000 75000 149990 -9.57648
55000 75000 149993 -7.41096
50000 80000 149990 -9.55038
55000 80000 149993 -6.84714
55000 75000 149993 -7.41096
60000 75000 149994 -5.57277
55000 80000 149993 -6.84714
60000 80000 149993 -6.58257
60000 70000 149996 -3.90921
65000 70000 149997 -2.73245
60000 75000 149994 -5.57277
65000 75000 149996 -4.09643
65000 70000 149997 -2.73245
70000 70000 149999 -1.38322
65000 75000 149996 -4.09643
70000 75000 150000 -0.233264
60000 75000 149994 -5.57277
65000 75000 149996 -4.09643
60000 80000 149993 -6.58257
65000 80000 149993 -6.67708
65000 75000 149996 -4.09643
70000 75000 150000 -0.233264
65000 80000 149993 -6.67708
70000 80000 149996 -3.64404
70000 70000 149999 -1.38322
75000 70000 150002 2.26467
70000 75000 150000 -0.233264
75000 75000 150001 0.828629
75000 70000 150002 2.26467
80000 70000 150006 5.54265
75000 75000 150001 0.828629
80000 75000 150003 3.18334
70000 75000 150000 -0.233264
75000 75000 150001 0.828629
70000 80000 149996 -3.64404
75000 80000 149999 -1.11078
75000 75000 150001 0.828629
80000 75000 150003 3.18334
75000 80000 149999 -1.11078
80000 80000 150006 5.63999
80000 0 150013 12.7714
85000 0 150014 14.4282
80000 5000 150012 11.6491
85000 5000 150014 14.3143
85000 0 150014 14.4282
90000 0 150015 15.0506
85000 5000 150014 14.3143
90000 5000 150016 16.1788
80000 5000 150012 11.6491
85000 5000 150014 14.3143
80000 10000 150010 10.4805
85000 10000 150014 13.7291
85000 5000 150014 14.3143
90000 5000 150016 16.1788
85000 10000 150014 13.7291
90000 10000 150016 15.7415
90000 0 150015 15.0506
95000 0 150015 15.0502
90000 5000 150016 16.1788
95000 5000 150016 16.331
95000 0 150015 15.0502
100000 0 150014 14.4798
95000 5000 150016 16.331
100000 5000 150016 15.5798
90000 5000 150016 16.1788
95000 5000 150016 16.331
90000 10000 150016 15.7415
95000 10000 150017 17.0692
95000 5000 150016 16.331
100000 5000 150016 15.5798
95000 10000 150017 17.0692
100000 10000 150016 15.7454
100000 0 150014 14.4798
105000 0 150013 13.2423
100000 5000 150016 15.5798
105000 5000 150012 12.0644
105000 0 150013 13.2423
110000 0 150007 7.47627
105000 5000 150012 12.0644
110000 5000 150006 5.97049
100000 5000 150016 15.5798
105000 5000 150012 12.0644
100000 10000 150016 15.7454
105000 10000 150015 14.8668
105000 5000 150012 12.0644
110000 5000 150006 5.97049
105000 10000 150015 14.8668
110000 10000 150011 10.7169
110000 0 150007 7.47627
115000 0 149995 -4.73478
110000 5000 150006 5.97049
115000 5000 149993 -6.88985
115000 0 149995 -4.73478
120000 0 149988 -12.2434
115000 5000 149993 -6.88985
120000 5000 149985 -15.4403
110000 5000 150006 5.97049
115000 5000 149993 -6.88985
110000 10000 150011 10.7169
115000 10000 149999 -1.0823
115000 5000 149993 -6.88985
120000 5000 149985 -15.4403
115000 10000 149999 -1.0823
120000 10000 149982 -17.7564
120000 0 149988 -12.2434
125000 0 149981 -18.7196
120000 5000 149985 -15.4403
125000 5000 149980 -19.8598
125000 0 149981 -18.7196
130000 0 149983 -17.1748
125000 5000 149980 -19.8598
130000 5000 149981 -18.9828
120000 5000 149985 -15.4403
125000 5000 149980 -19.8598
120000 10000 149982 -17.7564
125000 10000 149976 -24.3396
125000 5000 149980 -19.8598
130000 5000 149981 -18.9828
125000 10000 149976 -24.3396
130000 10000 149977 -22.5798
130000 0 149983 -17.1748
135000 0 149984 -15.7353
130000 5000 149981 -18.9828
135000 5000 149983 -17.1868
135000 0 149984 -15.7353
140000 0 149989 -11.478
135000 5000 149983 -17.1868
140000 5000 149994 -5.54972
130000 5000 149981 -18.9828
135000 5000 149983 -17.1868
130000 10000 149977 -22.5798
135000 10000 149983 -16.8005
135000 5000 149983 -17.1868
140000 5000 149994 -5.54972
135000 10000 149983 -16.8005
140000 10000 149994 -5.98714
140000 0 149989 -11.478
145000 0 150001 1.49437
140000 5000 149994 -5.54972
145000 5000 149996 -3.98116
145000 0 150001 1.49437
150000 0 150002 2.45633
145000 5000 149996 -3.98116
150000 5000 150005 4.52983
140000 5000 149994 -5.54972
145000 5000 149996 -3.98116
140000 10000 149994 -5.98714
145000 10000 150002 1.86415
145000 5000 149996 -3.98116
150000 5000 150005 4.52983
145000 10000 150002 1.86415
150000 10000 150007 6.98641
150000 0 150002 2.45633
155000 0 150007 6.54718
150000 5000 150005 4.52983
155000 5000 150008 8.40974
155000 0 150007 6.54718
160000 0 150012 12.0201
155000 5000 150008 8.40974
160000 5000 150014 13.9531
150000 5000 150005 4.52983
155000 5000 150008 8.40974
150000 10000 150007 6.98641
155000 10000 150009 8.66344
155000 5000 150008 8.40974
160000 5000 150014 13.9531
155000 10000 150009 8.66344
160000 10000 150015 14.6784
80000 10000 150010 10.4805
85000 10000 150014 13.7291
80000 15000 150010 9.64489
85000 15000 150014 13.7072
85000 10000 150014 13.7291
90000 10000 150016 15.7415
85000 15000 150014 13.7072
90000 15000 150014 13.8341
80000 15000 150010 9.64489
85000 15000 150014 13.7072
80000 20000 150011 11.3446
85000 20000 150016 16.0304
85000 15000 150014 13.7072
90000 15000 150014 13.8341
85000 20000 150016 16.0304
90000 20000 150016 16.2928
90000 10000 150016 15.7415
95000 10000 150017 17.0692
90000 15000 150014 13.8341
95000 15000 150017 17.2997
95000 10000 150017 17.0692
100000 10000 150016 15.7454
95000 15000 150017 17.2997
100000 15000 150018 17.9418
90000 15000 150014 13.8341
95000 15000 150017 17.2997
90000 20000 150016 16.2928
95000 20000 150017 16.9539
95000 15000 150017 17.2997
100000 15000 150018 17.9418
95000 20000 150017 16.9539
100000 20000 150016 16.2964
100000 10000 150016 15.7454
105000 10000 150015 14.8668
100000 15000 150018 17.9418
105000 15000 150020 19.5785
105000 10000 150015 14.8668
110000 10000 150011 10.7169
105000 15000 150020 19.5785
110000 15000 150016 16.4444
100000 15000 150018 17.9418
105000 15000 150020 19.5785
100000 20000 150016 16.2964
105000 20000 150020 19.6363
105000 15000 150020 19.5785
110000 15000 150016 16.4444
105000 20000 150020 19.6363
110000 20000 150022 21.8111
110000 10000 150011 10.7169
115000 10000 149999 -1.0823
110000 15000 150016 16.4444
115000 15000 150005 4.65717
115000 10000 149999 -1.0823
120000 10000 149982 -17.7564
115000 15000 150005 4.65717
120000 15000 149981 -18.7197
110000 15000 150016 16.4444
115000 15000 150005 4.65717
110000 20000 150022 21.8111
115000 20000 150009 8.74257
115000 15000 150005 4.65717
120000 15000 149981 -18.7197
115000 20000 150009 8.74257
120000 20000 149981 -18.7196
120000 10000 149982 -17.7564
125000 10000 149976 -24.3396
120000 15000 149981 -18.7197
125000 15000 149963 -36.9033
125000 10000 149976 -24.3396
130000 10000 149977 -22.5798
125000 15000 149963 -36.9033
130000 15000 149967 -32.7202
120000 15000 149981 -18.7197
125000 15000 149963 -36.9033
120000 20000 149981 -18.7196
125000 20000 149953 -47.0625
125000 15000 149963 -36.9033
130000 15000 149967 -32.7202
125000 20000 149953 -47.0625
130000 20000 149949 -50.8671
130000 10000 149977 -22.5798
135000 10000 149983 -16.8005
130000 15000 149967 -32.7202
135000 15000 149979 -21.1765
135000 10000 149983 -16.8005
140000 10000 149994 -5.98714
135000 15000 149979 -21.1765
140000 15000 149990 -9.96509
130000 15000 149967 -32.7202
135000 15000 149979 -21.1765
130000 20000 149949 -50.8671
135000 20000 149973 -27.3665
135000 15000 149979 -21.1765
140000 15000 149990 -9.96509
135000 20000 149973 -27.3665
140000 20000 149989 -11.0136
140000 10000 149994 -5.98714
145000 10000 150002 1.86415
140000 15000 149990 -9.96509
145000 15000 150003 2.51169
145000 10000 150002 1.86415
150000 10000 150007 6.98641
145000 15000 150003 2.51169
150000 15000 150006 6.42536
140000 15000 149990 -9.96509
145000 15000 150003 2.51169
140000 20000 149989 -11.0136
145000 20000 150002 1.95846
145000 15000 150003 2.51169
150000 15000 150006 6.42536
145000 20000 150002 1.95846
150000 20000 150001 1.12848
150000 10000 150007 6.98641
155000 10000 150009 8.66344
150000 15000 150006 6.42536
155000 15000 150012 11.6501
155000 10000 150009 8.66344
160000 10000 150015 14.6784
155000 15000 150012 11.6501
160000 15000 150015 14.9738
150000 15000 150006 6.42536
155000 15000 150012 11.6501
150000 20000 150001 1.12848
155000 20000 150010 10.0276
155000 15000 150012 11.6501
160000 15000 150015 14.9738
155000 20000 150010 10.0276
160000 20000 150014 14.0233
80000 20000 150011 11.3446
85000 20000 150016 16.0304
80000 25000 150012 11.5989
85000 25000 150016 15.5899
85000 20000 150016 16.0304
90000 20000 150016 16.2928
85000 25000 150016 15.5899
90000 25000 150016 15.6828
80000 25000 150012 11.5989
85000 25000 150016 15.5899
80000 30000 150008 8.47051
85000 30000 150013 12.7068
85000 25000 150016 15.5899
90000 25000 150016 15.6828
85000 30000 150013 12.7068
90000 30000 150016 16.3421
90000 20000 150016 16.2928
95000 20000 150017 16.9539
90000 25000 150016 15.6828
95000 25000 150018 18.3178
95000 20000 150017 16.9539
100000 20000 150016 16.2964
95000 25000 150018 18.3178
100000 25000 150020 20.1545
90000 25000 150016 15.6828
95000 25000 150018 18.3178
90000 30000 150016 16.3421
95000 30000 150017 17.4554
95000 25000 150018 18.3178
100000 25000 150020 20.1545
95000 30000 150017 17.4554
100000 30000 150019 19.468
100000 20000 150016 16.2964
105000 20000 150020 19.6363
100000 25000 150020 20.1545
105000 25000 150022 21.8011
105000 20000 150020 19.6363
110000 20000 150022 21.8111
105000 25000 150022 21.8011
110000 25000 150024 23.8782
100000 25000 150020 20.1545
105000 25000 150022 21.8011
100000 30000 150019 19.468
105000 30000 150020 19.6528
105000 25000 150022 21.8011
110000 25000 150024 23.8782
105000 30000 150020 19.6528
110000 30000 150021 21.2322
110000 20000 150022 21.8111
115000 20000 150009 8.74257
110000 25000 150024 23.8782
115000 25000 150019 19.2582
115000 20000 150009 8.74257
120000 20000 149981 -18.7196
115000 25000 150019 19.2582
120000 25000 149994 -6.34786
110000 25000 150024 23.8782
115000 25000 150019 19.2582
110000 30000 150021 21.2322
115000 30000 150023 22.5654
115000 25000 150019 19.2582
120000 25000 149994 -6.34786
115000 30000 150023 22.5654
120000 30000 150006 5.59921
120000 20000 149981 -18.7196
125000 20000 149953 -47.0625
120000 25000 149994 -6.34786
125000 25000 149963 -37.0914
125000 20000 149953 -47.0625
130000 20000 149949 -50.8671
125000 25000 149963 -37.0914
130000 25000 149942 -58.3095
120000 25000 149994 -6.34786
125000 25000 149963 -37.0914
120000 30000 150006 5.59921
125000 30000 149981 -18.7198
125000 25000 149963 -37.0914
130000 25000 149942 -58.3095
125000 30000 149981 -18.7198
130000 30000 149947 -53.0542
130000 20000 149949 -50.8671
135000 20000 149973 -27.3665
130000 25000 149942 -58.3095
135000 25000 149958 -41.6903
135000 20000 149973 -27.3665
140000 20000 149989 -11.0136
135000 25000 149958 -41.6903
140000 25000 149981 -19.1895
130000 25000 149942 -58.3095
135000 25000 149958 -41.6903
130000 30000 149947 -53.0542
135000 30000 149941 -59.4929
135000 25000 149958 -41.6903
140000 25000 149981 -19.1895
135000 30000 149941 -59.4929
140000 30000 149971 -28.6585
140000 20000 149989 -11.0136
145000 20000 150002 1.95846
140000 25000 149981 -19.1895
145000 25000 149999 -1.19627
145000 20000 150002 1.95846
150000 20000 150001 1.12848
145000 25000 149999 -1.19627
150000 25000 150007 7.37977
140000 25000 149981 -19.1895
145000 25000 149999 -1.19627
140000 30000 149971 -28.6585
145000 30000 149991 -9.4859
145000 25000 149999 -1.19627
150000 25000 150007 7.37977
145000 30000 149991 -9.4859
150000 30000 150006 5.94956
150000 20000 150001 1.12848
155000 20000 150010 10.0276
150000 25000 150007 7.37977
155000 25000 150010 10.3805
155000 20000 150010 10.0276
160000 20000 150014 14.0233
155000 25000 150010 10.3805
160000 25000 150012 11.5424
150000 25000 150007 7.37977
155000 25000 150010 10.3805
150000 30000 150006 5.94956
155000 30000 150011 11.4611
155000 25000 150010 10.3805
160000 25000 150012 11.5424
155000 30000 150011 11.4611
160000 30000 150014 13.979
80000 30000 150008 8.47051
85000 30000 150013 12.7068
80000 35000 150010 9.67706
85000 35000 150013 12.6351
85000 30000 150013 12.7068
90000 30000 150016 16.3421
85000 35000 150013 12.6351
90000 35000 150013 13.3607
80000 35000 150010 9.67706
85000 35000 150013 12.6351
80000 40000 150006 6.20306
85000 40000 150013 12.7867
85000 35000 150013 12.6351
90000 35000 150013 13.3607
85000 40000 150013 12.7867
90000 40000 150017 17.0015
90000 30000 150016 16.3421
95000 30000 150017 17.4554
90000 35000 150013 13.3607
95000 35000 150018 17.8441
95000 30000 150017 17.4554
100000 30000 150019 19.468
95000 35000 150018 17.8441
100000 35000 150020 19.598
90000 35000 150013 13.3607
95000 35000 150018 17.8441
90000 40000 150017 17.0015
95000 40000 150019 19.4608
95000 35000 150018 17.8441
100000 35000 150020 19.598
95000 40000 150019 19.4608
100000 40000 150021 21.297
100000 30000 150019 19.468
105000 30000 150020 19.6528
100000 35000 150020 19.598
105000 35000 150020 20.2642
105000 30000 150020 19.6528
110000 30000 150021 21.2322
105000 35000 150020 20.2642
110000 35000 150022 21.5667
100000 35000 150020 19.598
105000 35000 150020 20.2642
100000 40000 150021 21.297
105000 40000 150021 20.6135
105000 35000 150020 20.2642
110000 35000 150022 21.5667
105000 40000 150021 20.6135
110000 40000 150020 20.0979
110000 30000 150021 21.2322
115000 30000 150023 22.5654
110000 35000 150022 21.5667
115000 35000 150023 23.1757
115000 30000 150023 22.5654
120000 30000 150006 5.59921
115000 35000 150023 23.1757
120000 35000 150016 15.7152
110000 35000 150022 21.5667
115000 35000 150023 23.1757
110000 40000 150020 20.0979
115000 40000 150023 23.4887
115000 35000 150023 23.1757
120000 35000 150016 15.7152
115000 40000 150023 23.4887
120000 40000 150021 21.3334
120000 30000 150006 5.59921
125000 30000 149981 -18.7198
120000 35000 150016 15.7152
125000 35000 149995 -5.31284
125000 30000 149981 -18.7198
130000 30000 149947 -53.0542
125000 35000 149995 -5.31284
130000 35000 149962 -38.3068
120000 35000 150016 15.7152
125000 35000 149995 -5.31284
120000 40000 150021 21.3334
125000 40000 150006 5.64321
125000 35000 149995 -5.31284
130000 35000 149962 -38.3068
125000 40000 150006 5.64321
130000 40000 149981 -18.8987
130000 30000 149947 -53.0542
135000 30000 149941 -59.4929
130000 35000 149962 -38.3068
135000 35000 149934 -66.2718
135000 30000 149941 -59.4929
140000 30000 149971 -28.6585
135000 35000 149934 -66.2718
140000 35000 149954 -45.9443
130000 35000 149962 -38.3068
135000 35000 149934 -66.2718
130000 40000 149981 -18.8987
135000 40000 149943 -57.1177
135000 35000 149934 -66.2718
140000 35000 149954 -45.9443
135000 40000 149943 -57.1177
140000 40000 149937 -62.7858
140000 30000 149971 -28.6585
145000 30000 149991 -9.4859
140000 35000 149954 -45.9443
145000 35000 149981 -19.4285
145000 30000 149991 -9.4859
150000 30000 150006 5.94956
145000 35000 149981 -19.4285
150000 35000 149996 -4.25534
140000 35000 149954 -45.9443
145000 35000 149981 -19.4285
140000 40000 149937 -62.7858
145000 40000 149967 -33.2057
145000 35000 149981 -19.4285
150000 35000 149996 -4.25534
145000 40000 149967 -33.2057
150000 40000 149988 -11.6308
150000 30000 150006 5.94956
155000 30000 150011 11.4611
150000 35000 149996 -4.25534
155000 35000 150011 11.1132
155000 30000 150011 11.4611
160000 30000 150014 13.979
155000 35000 150011 11.1132
160000 35000 150016 16.3322
150000 35000 149996 -4.25534
155000 35000 150011 11.1132
150000 40000 149988 -11.6308
155000 40000 150010 10.215
155000 35000 150011 11.1132
160000 35000 150016 16.3322
155000 40000 150010 10.215
160000 40000 150009 9.34964
80000 40000 150006 6.20306
85000 40000 150013 12.7867
80000 45000 150007 7.22579
85000 45000 150012 11.7768
85000 40000 150013 12.7867
90000 40000 150017 17.0015
85000 45000 150012 11.7768
90000 45000 150018 17.7742
80000 45000 150007 7.22579
85000 45000 150012 11.7768
80000 50000 150008 8.05278
85000 50000 150010 10.091
85000 45000 150012 11.7768
90000 45000 150018 17.7742
85000 50000 150010 10.091
90000 50000 150014 13.9095
90000 40000 150017 17.0015
95000 40000 150019 19.4608
90000 45000 150018 17.7742
95000 45000 150018 17.6475
95000 40000 150019 19.4608
100000 40000 150021 21.297
95000 45000 150018 17.6475
100000 45000 150018 18.4889
90000 45000 150018 17.7742
95000 45000 150018 17.6475
90000 50000 150014 13.9095
95000 50000 150020 19.7319
95000 45000 150018 17.6475
100000 45000 150018 18.4889
95000 50000 150020 19.7319
100000 50000 150020 20.2183
100000 40000 150021 21.297
105000 40000 150021 20.6135
100000 45000 150018 18.4889
105000 45000 150021 20.7742
105000 40000 150021 20.6135
110000 40000 150020 20.0979
105000 45000 150021 20.7742
110000 45000 150021 20.9671
100000 45000 150018 18.4889
105000 45000 150021 20.7742
100000 50000 150020 20.2183
105000 50000 150020 19.9155
105000 45000 150021 20.7742
110000 45000 150021 20.9671
105000 50000 150020 19.9155
110000 50000 150022 22.2672
110000 40000 150020 20.0979
115000 40000 150023 23.4887
110000 45000 150021 20.9671
115000 45000 150020 20.1369
115000 40000 150023 23.4887
120000 40000 150021 21.3334
115000 45000 150020 20.1369
120000 45000 150022 22.0491
110000 45000 150021 20.9671
115000 45000 150020 20.1369
110000 50000 150022 22.2672
115000 50000 150022 21.6035
115000 45000 150020 20.1369
120000 45000 150022 22.0491
115000 50000 150022 21.6035
120000 50000 150019 19.3888
120000 40000 150021 21.3334
125000 40000 150006 5.64321
120000 45000 150022 22.0491
125000 45000 150007 6.77888
125000 40000 150006 5.64321
130000 40000 149981 -18.8987
125000 45000 150007 6.77888
130000 45000 149990 -9.78203
120000 45000 150022 22.0491
125000 45000 150007 6.77888
120000 50000 150019 19.3888
125000 50000 150019 19.3263
125000 45000 150007 6.77888
130000 45000 149990 -9.78203
125000 50000 150019 19.3263
130000 50000 150007 7.36356
130000 40000 149981 -18.8987
135000 40000 149943 -57.1177
130000 45000 149990 -9.78203
135000 45000 149966 -34.3015
135000 40000 149943 -57.1177
140000 40000 149937 -62.7858
135000 45000 149966 -34.3015
140000 45000 149932 -67.7252
130000 45000 149990 -9.78203
135000 45000 149966 -34.3015
130000 50000 150007 7.36356
135000 50000 149981 -18.7873
135000 45000 149966 -34.3015
140000 45000 149932 -67.7252
135000 50000 149981 -18.7873
140000 50000 149944 -56.091
140000 40000 149937 -62.7858
145000 40000 149967 -33.2057
140000 45000 149932 -67.7252
145000 45000 149943 -56.8784
145000 40000 149967 -33.2057
150000 40000 149988 -11.6308
145000 45000 149943 -56.8784
150000 45000 149978 -21.7147
140000 45000 149932 -67.7252
145000 45000 149943 -56.8784
140000 50000 149944 -56.091
145000 50000 149930 -69.6407
145000 45000 149943 -56.8784
150000 45000 149978 -21.7147
145000 50000 149930 -69.6407
150000 50000 149961 -39.0372
150000 40000 149988 -11.6308
155000 40000 150010 10.215
150000 45000 149978 -21.7147
155000 45000 149993 -7.40284
155000 40000 150010 10.215
160000 40000 150009 9.34964
155000 45000 149993 -7.40284
160000 45000 150015 14.5903
150000 45000 149978 -21.7147
155000 45000 149993 -7.40284
150000 50000 149961 -39.0372
155000 50000 149991 -8.50474
155000 45000 149993 -7.40284
160000 45000 150015 14.5903
155000 50000 149991 -8.50474
160000 50000 150002 1.56139
80000 50000 150008 8.05278
85000 50000 150010 10.091
80000 55000 150004 4.09548
85000 55000 150007 7.44
85000 50000 150010 10.091
90000 50000 150014 13.9095
85000 55000 150007 7.44
90000 55000 150012 12.019
80000 55000 150004 4.09548
85000 55000 150007 7.44
80000 60000 150007 6.58413
85000 60000 150010 9.63981
85000 55000 150007 7.44
90000 55000 150012 12.019
85000 60000 150010 9.63981
90000 60000 150011 11.3878
90000 50000 150014 13.9095
95000 50000 150020 19.7319
90000 55000 150012 12.019
95000 55000 150016 16.3469
95000 50000 150020 19.7319
100000 50000 150020 20.2183
95000 55000 150016 16.3469
100000 55000 150019 19.2554
90000 55000 150012 12.019
95000 55000 150016 16.3469
90000 60000 150011 11.3878
95000 60000 150014 14.3401
95000 55000 150016 16.3469
100000 55000 150019 19.2554
95000 60000 150014 14.3401
100000 60000 150018 17.9851
100000 50000 150020 20.2183
105000 50000 150020 19.9155
100000 55000 150019 19.2554
105000 55000 150022 22.1311
105000 50000 150020 19.9155
110000 50000 150022 22.2672
105000 55000 150022 22.1311
110000 55000 150023 22.7846
100000 55000 150019 19.2554
105000 55000 150022 22.1311
100000 60000 150018 17.9851
105000 60000 150021 20.7147
105000 55000 150022 22.1311
110000 55000 150023 22.7846
105000 60000 150021 20.7147
110000 60000 150021 21.389
110000 50000 150022 22.2672
115000 50000 150022 21.6035
110000 55000 150023 22.7846
115000 55000 150021 21.3101
115000 50000 150022 21.6035
120000 50000 150019 19.3888
115000 55000 150021 21.3101
120000 55000 150021 21.3505
110000 55000 150023 22.7846
115000 55000 150021 21.3101
110000 60000 150021 21.389
115000 60000 150023 22.7341
115000 55000 150021 21.3101
120000 55000 150021 21.3505
115000 60000 150023 22.7341
120000 60000 150021 20.8737
120000 50000 150019 19.3888
125000 50000 150019 19.3263
120000 55000 150021 21.3505
125000 55000 150022 22.3481
125000 50000 150019 19.3263
130000 50000 150007 7.36356
125000 55000 150022 22.3481
130000 55000 150016 15.7994
120000 55000 150021 21.3505
125000 55000 150022 22.3481
120000 60000 150021 20.8737
125000 60000 150022 22.4435
125000 55000 150022 22.3481
130000 55000 150016 15.7994
125000 60000 150022 22.4435
130000 60000 150020 19.5354
130000 50000 150007 7.36356
135000 50000 149981 -18.7873
130000 55000 150016 15.7994
135000 55000 149995 -4.91325
135000 50000 149981 -18.7873
140000 50000 149944 -56.091
135000 55000 149995 -4.91325
140000 55000 149969 -31.2751
130000 55000 150016 15.7994
135000 55000 149995 -4.91325
130000 60000 150020 19.5354
135000 60000 150009 9.15272
135000 55000 149995 -4.91325
140000 55000 149969 -31.2751
135000 60000 150009 9.15272
140000 60000 149981 -19.0862
140000 50000 149944 -56.091
145000 50000 149930 -69.6407
140000 55000 149969 -31.2751
145000 55000 149933 -67.3
145000 50000 149930 -69.6407
150000 50000 149961 -39.0372
145000 55000 149933 -67.3
150000 55000 149944 -55.8352
140000 55000 149969 -31.2751
145000 55000 149933 -67.3
140000 60000 149981 -19.0862
145000 60000 149951 -48.7496
145000 55000 149933 -67.3
150000 55000 149944 -55.8352
145000 60000 149951 -48.7496
150000 60000 149934 -66.4495
150000 50000 149961 -39.0372
155000 50000 149991 -8.50474
150000 55000 149944 -55.8352
155000 55000 149979 -21.3543
155000 50000 149991 -8.50474
160000 50000 150002 1.56139
155000 55000 149979 -21.3543
160000 55000 149999 -0.585949
150000 55000 149944 -55.8352
155000 55000 149979 -21.3543
150000 60000 149934 -66.4495
155000 60000 149958 -42.3475
155000 55000 149979 -21.3543
160000 55000 149999 -0.585949
155000 60000 149958 -42.3475
160000 60000 149983 -17.0053
80000 60000 150007 6.58413
85000 60000 150010 9.63981
80000 65000 150005 5.34211
85000 65000 150007 7.39461
85000 60000 150010 9.63981
90000 60000 150011 11.3878
85000 65000 150007 7.39461
90000 65000 150013 12.9153
80000 65000 150005 5.34211
85000 65000 150007 7.39461
80000 70000 150006 5.54265
85000 70000 150007 7.34723
85000 65000 150007 7.39461
90000 65000 150013 12.9153
85000 70000 150007 7.34723
90000 70000 150011 11.0942
90000 60000 150011 11.3878
95000 60000 150014 14.3401
90000 65000 150013 12.9153
95000 65000 150016 15.6091
95000 60000 150014 14.3401
100000 60000 150018 17.9851
95000 65000 150016 15.6091
100000 65000 150017 16.9407
90000 65000 150013 12.9153
95000 65000 150016 15.6091
90000 70000 150011 11.0942
95000 70000 150014 14.3439
95000 65000 150016 15.6091
100000 65000 150017 16.9407
95000 70000 150014 14.3439
100000 70000 150016 15.8835
100000 60000 150018 17.9851
105000 60000 150021 20.7147
100000 65000 150017 16.9407
105000 65000 150022 21.69
105000 60000 150021 20.7147
110000 60000 150021 21.389
105000 65000 150022 21.69
110000 65000 150022 22.1485
100000 65000 150017 16.9407
105000 65000 150022 21.69
100000 70000 150016 15.8835
105000 70000 150020 20.0868
105000 65000 150022 21.69
110000 65000 150022 22.1485
105000 70000 150020 20.0868
110000 70000 150021 21.3832
110000 60000 150021 21.389
115000 60000 150023 22.7341
110000 65000 150022 22.1485
115000 65000 150022 21.642
115000 60000 150023 22.7341
120000 60000 150021 20.8737
115000 65000 150022 21.642
120000 65000 150022 21.8283
110000 65000 150022 22.1485
115000 65000 150022 21.642
110000 70000 150021 21.3832
115000 70000 150024 24.4342
115000 65000 150022 21.642
120000 65000 150022 21.8283
115000 70000 150024 24.4342
120000 70000 150024 23.5186
120000 60000 150021 20.8737
125000 60000 150022 22.4435
120000 65000 150022 21.8283
125000 65000 150023 22.6574
125000 60000 150022 22.4435
130000 60000 150020 19.5354
125000 65000 150023 22.6574
130000 65000 150018 18.4379
120000 65000 150022 21.8283
125000 65000 150023 22.6574
120000 70000 150024 23.5186
125000 70000 150021 21.4991
125000 65000 150023 22.6574
130000 65000 150018 18.4379
125000 70000 150021 21.4991
130000 70000 150020 19.8569
130000 60000 150020 19.5354
135000 60000 150009 9.15272
130000 65000 150018 18.4379
135000 65000 150009 8.88186
135000 60000 150009 9.15272
140000 60000 149981 -19.0862
135000 65000 150009 8.88186
140000 65000 149995 -5.24129
130000 65000 150018 18.4379
135000 65000 150009 8.88186
130000 70000 150020 19.8569
135000 70000 150018 18.3986
135000 65000 150009 8.88186
140000 65000 149995 -5.24129
135000 70000 150018 18.3986
140000 70000 150004 3.70918
140000 60000 149981 -19.0862
145000 60000 149951 -48.7496
140000 65000 149995 -5.24129
145000 65000 149975 -25.0362
145000 60000 149951 -48.7496
150000 60000 149934 -66.4495
145000 65000 149975 -25.0362
150000 65000 149940 -60.3269
140000 65000 149995 -5.24129
145000 65000 149975 -25.0362
140000 70000 150004 3.70918
145000 70000 149981 -18.7196
145000 65000 149975 -25.0362
150000 65000 149940 -60.3269
145000 70000 149981 -18.7196
150000 70000 149959 -40.5325
150000 60000 149934 -66.4495
155000 60000 149958 -42.3475
150000 65000 149940 -60.3269
155000 65000 149936 -64.1784
155000 60000 149958 -42.3475
160000 60000 149983 -17.0053
155000 65000 149936 -64.1784
160000 65000 149973 -27.4309
150000 65000 149940 -60.3269
155000 65000 149936 -64.1784
150000 70000 149959 -40.5325
155000 70000 149932 -68.2218
155000 65000 149936 -64.1784
160000 65000 149973 -27.4309
155000 70000 149932 -68.2218
160000 70000 149948 -51.5805
80000 70000 150006 5.54265
85000 70000 150007 7.34723
80000 75000 150003 3.18334
85000 75000 150006 6.22292
85000 70000 150007 7.34723
90000 70000 150011 11.0942
85000 75000 150006 6.22292
90000 75000 150011 10.6669
80000 75000 150003 3.18334
85000 75000 150006 6.22292
80000 80000 150006 5.63999
85000 80000 150006 5.65827
85000 75000 150006 6.22292
90000 75000 150011 10.6669
85000 80000 150006 5.65827
90000 80000 150008 8.01106
90000 70000 150011 11.0942
95000 70000 150014 14.3439
90000 75000 150011 10.6669
95000 75000 150014 13.7008
95000 70000 150014 14.3439
100000 70000 150016 15.8835
95000 75000 150014 13.7008
100000 75000 150014 14.4168
90000 75000 150011 10.6669
95000 75000 150014 13.7008
90000 80000 150008 8.01106
95000 80000 150011 11.3506
95000 75000 150014 13.7008
100000 75000 150014 14.4168
95000 80000 150011 11.3506
100000 80000 150016 15.9684
100000 70000 150016 15.8835
105000 70000 150020 20.0868
100000 75000 150014 14.4168
105000 75000 150018 18.0928
105000 70000 150020 20.0868
110000 70000 150021 21.3832
105000 75000 150018 18.0928
110000 75000 150021 21.4673
100000 75000 150014 14.4168
105000 75000 150018 18.0928
100000 80000 150016 15.9684
105000 80000 150018 17.8574
105000 75000 150018 18.0928
110000 75000 150021 21.4673
105000 80000 150018 17.8574
110000 80000 150021 20.573
110000 70000 150021 21.3832
115000 70000 150024 24.4342
110000 75000 150021 21.4673
115000 75000 150021 20.5942
115000 70000 150024 24.4342
120000 70000 150024 23.5186
115000 75000 150021 20.5942
120000 75000 150022 22.1558
110000 75000 150021 21.4673
115000 75000 150021 20.5942
110000 80000 150021 20.573
115000 80000 150020 20.4456
115000 75000 150021 20.5942
120000 75000 150022 22.1558
115000 80000 150020 20.4456
120000 80000 150022 21.7666
120000 70000 150024 23.5186
125000 70000 150021 21.4991
120000 75000 150022 22.1558
125000 75000 150021 21.425
125000 70000 150021 21.4991
130000 70000 150020 19.8569
125000 75000 150021 21.425
130000 75000 150018 18.252
120000 75000 150022 22.1558
125000 75000 150021 21.425
120000 80000 150022 21.7666
125000 80000 150021 21.2623
125000 75000 150021 21.425
130000 75000 150018 18.252
125000 80000 150021 21.2623
130000 80000 150018 17.7531
130000 70000 150020 19.8569
135000 70000 150018 18.3986
130000 75000 150018 18.252
135000 75000 150017 16.7404
135000 70000 150018 18.3986
140000 70000 150004 3.70918
135000 75000 150017 16.7404
140000 75000 150012 12.285
130000 75000 150018 18.252
135000 75000 150017 16.7404
130000 80000 150018 17.7531
135000 80000 150017 16.525
135000 75000 150017 16.7404
140000 75000 150012 12.285
135000 80000 150017 16.525
140000 80000 150016 16.1167
140000 70000 150004 3.70918
145000 70000 149981 -18.7196
140000 75000 150012 12.285
145000 75000 149996 -4.10534
145000 70000 149981 -18.7196
150000 70000 149959 -40.5325
145000 75000 149996 -4.10534
150000 75000 149979 -20.5947
140000 75000 150012 12.285
145000 75000 149996 -4.10534
140000 80000 150016 16.1167
145000 80000 150010 9.77561
145000 75000 149996 -4.10534
150000 75000 149979 -20.5947
145000 80000 150010 9.77561
150000 80000 149988 -12.27
150000 70000 149959 -40.5325
155000 70000 149932 -68.2218
150000 75000 149979 -20.5947
155000 75000 149941 -58.715
155000 70000 149932 -68.2218
160000 70000 149948 -51.5805
155000 75000 149941 -58.715
160000 75000 149928 -72.0101
150000 75000 149979 -20.5947
155000 75000 149941 -58.715
150000 80000 149988 -12.27
155000 80000 149962 -37.9347
155000 75000 149941 -58.715
160000 75000 149928 -72.0101
155000 80000 149962 -37.9347
160000 80000 149928 -72.469
0 80000 149987 -12.5871
5000 80000 149987 -12.8573
0 85000 149986 -14.0434
5000 85000 149986 -14.0718
5000 80000 149987 -12.8573
10000 80000 149986 -13.7479
5000 85000 149986 -14.0718
10000 85000 149987 -12.585
0 85000 149986 -14.0434
5000 85000 149986 -14.0718
0 90000 149986 -14.279
5000 90000 149987 -13.2011
5000 85000 149986 -14.0718
10000 85000 149987 -12.585
5000 90000 149987 -13.2011
10000 90000 149987 -12.5239
10000 80000 149986 -13.7479
15000 80000 149987 -13.4541
10000 85000 149987 -12.585
15000 85000 149988 -11.9009
15000 80000 149987 -13.4541
20000 80000 149987 -12.6188
15000 85000 149988 -11.9009
20000 85000 149988 -11.6848
10000 85000 149987 -12.585
15000 85000 149988 -11.9009
10000 90000 149987 -12.5239
15000 90000 149987 -12.8778
15000 85000 149988 -11.9009
20000 85000 149988 -11.6848
15000 90000 149987 -12.8778
20000 90000 149987 -12.8733
20000 80000 149987 -12.6188
25000 80000 149987 -13.1227
20000 85000 149988 -11.6848
25000 85000 149988 -11.884
25000 80000 149987 -13.1227
30000 80000 149989 -11.4526
25000 85000 149988 -11.884
30000 85000 149988 -12.4393
20000 85000 149988 -11.6848
25000 85000 149988 -11.884
20000 90000 149987 -12.8733
25000 90000 149988 -12.4186
25000 85000 149988 -11.884
30000 85000 149988 -12.4393
25000 90000 149988 -12.4186
30000 90000 149988 -11.5384
30000 80000 149989 -11.4526
35000 80000 149988 -11.9266
30000 85000 149988 -12.4393
35000 85000 149988 -11.6709
35000 80000 149988 -11.9266
40000 80000 149990 -9.88901
35000 85000 149988 -11.6709
40000 85000 149989 -11.0174
30000 85000 149988 -12.4393
35000 85000 149988 -11.6709
30000 90000 149988 -11.5384
35000 90000 149989 -11.3623
35000 85000 149988 -11.6709
40000 85000 149989 -11.0174
35000 90000 149989 -11.3623
40000 90000 149990 -10.2457
40000 80000 149990 -9.88901
45000 80000 149991 -9.46187
40000 85000 149989 -11.0174
45000 85000 149990 -10.3505
45000 80000 149991 -9.46187
50000 80000 149990 -9.55038
45000 85000 149990 -10.3505
50000 85000 149990 -10.3372
40000 85000 149989 -11.0174
45000 85000 149990 -10.3505
40000 90000 149990 -10.2457
45000 90000 149991 -9.39349
45000 85000 149990 -10.3505
50000 85000 149990 -10.3372
45000 90000 149991 -9.39349
50000 90000 149992 -8.20934
50000 80000 149990 -9.55038
55000 80000 149993 -6.84714
50000 85000 149990 -10.3372
55000 85000 149990 -9.51079
55000 80000 149993 -6.84714
60000 80000 149993 -6.58257
55000 85000 149990 -9.51079
60000 85000 149992 -8.15214
50000 85000 149990 -10.3372
55000 85000 149990 -9.51079
50000 90000 149992 -8.20934
55000 90000 149992 -7.80534
55000 85000 149990 -9.51079
60000 85000 149992 -8.15214
55000 90000 149992 -7.80534
60000 90000 149994 -5.90443
60000 80000 149993 -6.58257
65000 80000 149993 -6.67708
60000 85000 149992 -8.15214
65000 85000 149996 -4.31225
65000 80000 149993 -6.67708
70000 80000 149996 -3.64404
65000 85000 149996 -4.31225
70000 85000 149996 -3.55047
60000 85000 149992 -8.15214
65000 85000 149996 -4.31225
60000 90000 149994 -5.90443
65000 90000 149994 -6.4963
65000 85000 149996 -4.31225
70000 85000 149996 -3.55047
65000 90000 149994 -6.4963
70000 90000 149997 -2.82818
70000 80000 149996 -3.64404
75000 80000 149999 -1.11078
70000 85000 149996 -3.55047
75000 85000 149999 -0.621915
75000 80000 149999 -1.11078
80000 80000 150006 5.63999
75000 85000 149999 -0.621915
80000 85000 150002 2.0187
70000 85000 149996 -3.55047
75000 85000 149999 -0.621915
70000 90000 149997 -2.82818
75000 90000 149998 -1.97076
75000 85000 149999 -0.621915
80000 85000 150002 2.0187
75000 90000 149998 -1.97076
80000 90000 150003 3.46977
80000 80000 150006 5.63999
85000 80000 150006 5.65827
80000 85000 150002 2.0187
85000 85000 150007 7.01125
85000 80000 150006 5.65827
90000 80000 150008 8.01106
85000 85000 150007 7.01125
90000 85000 150007 7.00848
80000 85000 150002 2.0187
85000 85000 150007 7.01125
80000 90000 150003 3.46977
85000 90000 150007 6.58052
85000 85000 150007 7.01125
90000 85000 150007 7.00848
85000 90000 150007 6.58052
90000 90000 150008 7.75175
90000 80000 150008 8.01106
95000 80000 150011 11.3506
90000 85000 150007 7.00848
95000 85000 150011 10.6835
95000 80000 150011 11.3506
100000 80000 150016 15.9684
95000 85000 150011 10.6835
100000 85000 150012 12.0939
90000 85000 150007 7.00848
95000 85000 150011 10.6835
90000 90000 150008 7.75175
95000 90000 150009 9.2106
95000 85000 150011 10.6835
100000 85000 150012 12.0939
95000 90000 150009 9.2106
100000 90000 150013 13.3628
100000 80000 150016 15.9684
105000 80000 150018 17.8574
100000 85000 150012 12.0939
105000 85000 150016 16.2429
105000 80000 150018 17.8574
110000 80000 150021 20.573
105000 85000 150016 16.2429
110000 85000 150018 17.6713
100000 85000 150012 12.0939
105000 85000 150016 16.2429
100000 90000 150013 13.3628
105000 90000 150015 14.7507
105000 85000 150016 16.2429
110000 85000 150018 17.6713
105000 90000 150015 14.7507
110000 90000 150017 16.656
0 90000 149986 -14.279
5000 90000 149987 -13.2011
0 95000 149986 -13.9446
5000 95000 149986 -14.03
5000 90000 149987 -13.2011
10000 90000 149987 -12.5239
5000 95000 149986 -14.03
10000 95000 149986 -13.8879
0 95000 149986 -13.9446
5000 95000 149986 -14.03
0 100000 149986 -13.808
5000 100000 149986 -14.0599
5000 95000 149986 -14.03
10000 95000 149986 -13.8879
5000 100000 149986 -14.0599
10000 100000 149986 -13.7752
10000 90000 149987 -12.5239
15000 90000 149987 -12.8778
10000 95000 149986 -13.8879
15000 95000 149986 -13.5702
15000 90000 149987 -12.8778
20000 90000 149987 -12.8733
15000 95000 149986 -13.5702
20000 95000 149988 -12.188
10000 95000 149986 -13.8879
15000 95000 149986 -13.5702
10000 100000 149986 -13.7752
15000 100000 149987 -12.7166
15000 95000 149986 -13.5702
20000 95000 149988 -12.188
15000 100000 149987 -12.7166
20000 100000 149987 -12.5815
20000 90000 149987 -12.8733
25000 90000 149988 -12.4186
20000 95000 149988 -12.188
25000 95000 149987 -12.8103
25000 90000 149988 -12.4186
30000 90000 149988 -11.5384
25000 95000 149987 -12.8103
30000 95000 149988 -12.3694
20000 95000 149988 -12.188
25000 95000 149987 -12.8103
20000 100000 149987 -12.5815
25000 100000 149987 -12.5402
25000 95000 149987 -12.8103
30000 95000 149988 -12.3694
25000 100000 149987 -12.5402
30000 100000 149988 -11.835
30000 90000 149988 -11.5384
35000 90000 149989 -11.3623
30000 95000 149988 -12.3694
35000 95000 149988 -11.7863
35000 90000 149989 -11.3623
40000 90000 149990 -10.2457
35000 95000 149988 -11.7863
40000 95000 149990 -10.2132
30000 95000 149988 -12.3694
35000 95000 149988 -11.7863
30000 100000 149988 -11.835
35000 100000 149988 -11.6826
35000 95000 149988 -11.7863
40000 95000 149990 -10.2132
35000 100000 149988 -11.6826
40000 100000 149988 -11.9903
40000 90000 149990 -10.2457
45000 90000 149991 -9.39349
40000 95000 149990 -10.2132
45000 95000 149989 -11.1835
45000 90000 149991 -9.39349
50000 90000 149992 -8.20934
45000 95000 149989 -11.1835
50000 95000 149990 -10.2412
40000 95000 149990 -10.2132
45000 95000 149989 -11.1835
40000 100000 149988 -11.9903
45000 100000 149989 -10.532
45000 95000 149989 -11.1835
50000 95000 149990 -10.2412
45000 100000 149989 -10.532
50000 100000 149991 -9.20243
50000 90000 149992 -8.20934
55000 90000 149992 -7.80534
50000 95000 149990 -10.2412
55000 95000 149991 -8.92062
55000 90000 149992 -7.80534
60000 90000 149994 -5.90443
55000 95000 149991 -8.92062
60000 95000 149995 -5.46072
50000 95000 149990 -10.2412
55000 95000 149991 -8.92062
50000 100000 149991 -9.20243
55000 100000 149992 -7.92527
55000 95000 149991 -8.92062
60000 95000 149995 -5.46072
55000 100000 149992 -7.92527
60000 100000 149994 -6.40527
60000 90000 149994 -5.90443
65000 90000 149994 -6.4963
60000 95000 149995 -5.46072
65000 95000 149995 -5.46463
65000 90000 149994 -6.4963
70000 90000 149997 -2.82818
65000 95000 149995 -5.46463
70000 95000 149998 -2.01852
60000 95000 149995 -5.46072
65000 95000 149995 -5.46463
60000 100000 149994 -6.40527
65000 100000 149993 -7.42727
65000 95000 149995 -5.46463
70000 95000 149998 -2.01852
65000 100000 149993 -7.42727
70000 100000 149994 -5.65378
70000 90000 149997 -2.82818
75000 90000 149998 -1.97076
70000 95000 149998 -2.01852
75000 95000 150000 -0.487903
75000 90000 149998 -1.97076
80000 90000 150003 3.46977
75000 95000 150000 -0.487903
80000 95000 150003 2.75231
70000 95000 149998 -2.01852
75000 95000 150000 -0.487903
70000 100000 149994 -5.65378
75000 100000 149999 -0.98759
75000 95000 150000 -0.487903
80000 95000 150003 2.75231
75000 100000 149999 -0.98759
80000 100000 149999 -0.660422
80000 90000 150003 3.46977
85000 90000 150007 6.58052
80000 95000 150003 2.75231
85000 95000 150006 5.85228
85000 90000 150007 6.58052
90000 90000 150008 7.75175
85000 95000 150006 5.85228
90000 95000 150008 8.24436
80000 95000 150003 2.75231
85000 95000 150006 5.85228
80000 100000 149999 -0.660422
85000 100000 150004 3.73048
85000 95000 150006 5.85228
90000 95000 150008 8.24436
85000 100000 150004 3.73048
90000 100000 150005 4.62412
90000 90000 150008 7.75175
95000 90000 150009 9.2106
90000 95000 150008 8.24436
95000 95000 150011 11.1695
95000 90000 150009 9.2106
100000 90000 150013 13.3628
95000 95000 150011 11.1695
100000 95000 150012 11.5343
90000 95000 150008 8.24436
95000 95000 150011 11.1695
90000 100000 150005 4.62412
95000 100000 150008 7.80958
95000 95000 150011 11.1695
100000 95000 150012 11.5343
95000 100000 150008 7.80958
100000 100000 150012 12.2585
0 100000 149986 -13.808
5000 100000 149986 -14.0599
0 105000 149986 -13.9156
5000 105000 149986 -14.2148
5000 100000 149986 -14.0599
10000 100000 149986 -13.7752
5000 105000 149986 -14.2148
10000 105000 149987 -13.0748
0 105000 149986 -13.9156
5000 105000 149986 -14.2148
0 110000 149986 -14.4501
5000 110000 149986 -13.9247
5000 105000 149986 -14.2148
10000 105000 149987 -13.0748
5000 110000 149986 -13.9247
10000 110000 149986 -14.0506
10000 100000 149986 -13.7752
15000 100000 149987 -12.7166
10000 105000 149987 -13.0748
15000 105000 149986 -13.742
15000 100000 149987 -12.7166
20000 100000 149987 -12.5815
15000 105000 149986 -13.742
20000 105000 149988 -12.4696
10000 105000 149987 -13.0748
15000 105000 149986 -13.742
10000 110000 149986 -14.0506
15000 110000 149986 -13.9404
15000 105000 149986 -13.742
20000 105000 149988 -12.4696
15000 110000 149986 -13.9404
20000 110000 149986 -13.5955
20000 100000 149987 -12.5815
25000 100000 149987 -12.5402
20000 105000 149988 -12.4696
25000 105000 149987 -13.0492
25000 100000 149987 -12.5402
30000 100000 149988 -11.835
25000 105000 149987 -13.0492
30000 105000 149987 -12.6645
20000 105000 149988 -12.4696
25000 105000 149987 -13.0492
20000 110000 149986 -13.5955
25000 110000 149987 -13.0379
25000 105000 149987 -13.0492
30000 105000 149987 -12.6645
25000 110000 149987 -13.0379
30000 110000 149988 -11.6339
30000 100000 149988 -11.835
35000 100000 149988 -11.6826
30000 105000 149987 -12.6645
35000 105000 149988 -12.3162
35000 100000 149988 -11.6826
40000 100000 149988 -11.9903
35000 105000 149988 -12.3162
40000 105000 149989 -10.5942
30000 105000 149987 -12.6645
35000 105000 149988 -12.3162
30000 110000 149988 -11.6339
35000 110000 149988 -11.9893
35000 105000 149988 -12.3162
40000 105000 149989 -10.5942
35000 110000 149988 -11.9893
40000 110000 149990 -10.3087
40000 100000 149988 -11.9903
45000 100000 149989 -10.532
40000 105000 149989 -10.5942
45000 105000 149989 -11.2886
45000 100000 149989 -10.532
50000 100000 149991 -9.20243
45000 105000 149989 -11.2886
50000 105000 149990 -9.568
40000 105000 149989 -10.5942
45000 105000 149989 -11.2886
40000 110000 149990 -10.3087
45000 110000 149989 -10.9387
45000 105000 149989 -11.2886
50000 105000 149990 -9.568
45000 110000 149989 -10.9387
50000 110000 149990 -9.77598
50000 100000 149991 -9.20243
55000 100000 149992 -7.92527
50000 105000 149990 -9.568
55000 105000 149991 -9.20248
55000 100000 149992 -7.92527
60000 100000 149994 -6.40527
55000 105000 149991 -9.20248
60000 105000 149993 -6.97179
50000 105000 149990 -9.568
55000 105000 149991 -9.20248
50000 110000 149990 -9.77598
55000 110000 149992 -7.87461
55000 105000 149991 -9.20248
60000 105000 149993 -6.97179
55000 110000 149992 -7.87461
60000 110000 149994 -5.93125
60000 100000 149994 -6.40527
65000 100000 149993 -7.42727
60000 105000 149993 -6.97179
65000 105000 149994 -5.76155
65000 100000 149993 -7.42727
70000 100000 149994 -5.65378
65000 105000 149994 -5.76155
70000 105000 149997 -2.6355
60000 105000 149993 -6.97179
65000 105000 149994 -5.76155
60000 110000 149994 -5.93125
65000 110000 149994 -6.1569
65000 105000 149994 -5.76155
70000 105000 149997 -2.6355
65000 110000 149994 -6.1569
70000 110000 149997 -2.55145
70000 100000 149994 -5.65378
75000 100000 149999 -0.98759
70000 105000 149997 -2.6355
75000 105000 149999 -0.981436
75000 100000 149999 -0.98759
80000 100000 149999 -0.660422
75000 105000 149999 -0.981436
80000 105000 150003 3.39545
70000 105000 149997 -2.6355
75000 105000 149999 -0.981436
70000 110000 149997 -2.55145
75000 110000 150000 -0.130024
75000 105000 149999 -0.981436
80000 105000 150003 3.39545
75000 110000 150000 -0.130024
80000 110000 150002 2.00198
0 110000 149986 -14.4501
5000 110000 149986 -13.9247
0 115000 149987 -12.6249
5000 115000 149986 -13.8039
5000 110000 149986 -13.9247
10000 110000 149986 -14.0506
5000 115000 149986 -13.8039
10000 115000 149986 -13.8414
0 115000 149987 -12.6249
5000 115000 149986 -13.8039
0 120000 149987 -13.4408
5000 120000 149986 -13.9216
5000 115000 149986 -13.8039
10000 115000 149986 -13.8414
5000 120000 149986 -13.9216
10000 120000 149986 -14.4776
10000 110000 149986 -14.0506
15000 110000 149986 -13.9404
10000 115000 149986 -13.8414
15000 115000 149988 -12.1925
15000 110000 149986 -13.9404
20000 110000 149986 -13.5955
15000 115000 149988 -12.1925
20000 115000 149987 -13.1478
10000 115000 149986 -13.8414
15000 115000 149988 -12.1925
10000 120000 149986 -14.4776
15000 120000 149986 -13.7989
15000 115000 149988 -12.1925
20000 115000 149987 -13.1478
15000 120000 149986 -13.7989
20000 120000 149987 -12.6002
20000 110000 149986 -13.5955
25000 110000 149987 -13.0379
20000 115000 149987 -13.1478
25000 115000 149987 -12.7102
25000 110000 149987 -13.0379
30000 110000 149988 -11.6339
25000 115000 149987 -12.7102
30000 115000 149988 -12.3572
20000 115000 149987 -13.1478
25000 115000 149987 -12.7102
20000 120000 149987 -12.6002
25000 120000 149988 -11.7667
25000 115000 149987 -12.7102
30000 115000 149988 -12.3572
25000 120000 149988 -11.7667
30000 120000 149988 -11.8626
30000 110000 149988 -11.6339
35000 110000 149988 -11.9893
30000 115000 149988 -12.3572
35000 115000 149989 -11.4257
35000 110000 149988 -11.9893
40000 110000 149990 -10.3087
35000 115000 149989 -11.4257
40000 115000 149990 -10.4329
30000 115000 149988 -12.3572
35000 115000 149989 -11.4257
30000 120000 149988 -11.8626
35000 120000 149990 -10.2251
35000 115000 149989 -11.4257
40000 115000 149990 -10.4329
35000 120000 149990 -10.2251
40000 120000 149989 -11.4354
40000 110000 149990 -10.3087
45000 110000 149989 -10.9387
40000 115000 149990 -10.4329
45000 115000 149990 -10.0063
45000 110000 149989 -10.9387
50000 110000 149990 -9.77598
45000 115000 149990 -10.0063
50000 115000 149989 -10.5832
40000 115000 149990 -10.4329
45000 115000 149990 -10.0063
40000 120000 149989 -11.4354
45000 120000 149989 -11.0707
45000 115000 149990 -10.0063
50000 115000 149989 -10.5832
45000 120000 149989 -11.0707
50000 120000 149990 -10.3464
50000 110000 149990 -9.77598
55000 110000 149992 -7.87461
50000 115000 149989 -10.5832
55000 115000 149990 -9.66904
55000 110000 149992 -7.87461
60000 110000 149994 -5.93125
55000 115000 149990 -9.66904
60000 115000 149993 -7.0998
50000 115000 149989 -10.5832
55000 115000 149990 -9.66904
50000 120000 149990 -10.3464
55000 120000 149991 -8.74526
55000 115000 149990 -9.66904
60000 115000 149993 -7.0998
55000 120000 149991 -8.74526
60000 120000 149993 -6.64067
60000 110000 149994 -5.93125
65000 110000 149994 -6.1569
60000 115000 149993 -7.0998
65000 115000 149995 -4.5792
65000 110000 149994 -6.1569
70000 110000 149997 -2.55145
65000 115000 149995 -4.5792
70000 115000 149998 -1.9506
60000 115000 149993 -7.0998
65000 115000 149995 -4.5792
60000 120000 149993 -6.64067
65000 120000 149995 -4.54768
65000 115000 149995 -4.5792
70000 115000 149998 -1.9506
65000 120000 149995 -4.54768
70000 120000 149998 -1.73288
70000 110000 149997 -2.55145
75000 110000 150000 -0.130024
70000 115000 149998 -1.9506
75000 115000 149999 -1.20575
75000 110000 150000 -0.130024
80000 110000 150002 2.00198
75000 115000 149999 -1.20575
80000 115000 150000 0.320544
70000 115000 149998 -1.9506
75000 115000 149999 -1.20575
70000 120000 149998 -1.73288
75000 120000 150001 0.505335
75000 115000 149999 -1.20575
80000 115000 150000 0.320544
75000 120000 150001 0.505335
80000 120000 150001 1.16212
160000 0 150012 12.0201
165000 0 150016 15.572
160000 5000 150014 13.9531
165000 5000 150016 15.5882
165000 0 150016 15.572
170000 0 150020 19.8038
165000 5000 150016 15.5882
170000 5000 150020 20.003
160000 5000 150014 13.9531
165000 5000 150016 15.5882
160000 10000 150015 14.6784
165000 10000 150017 17.1428
165000 5000 150016 15.5882
170000 5000 150020 20.003
165000 10000 150017 17.1428
170000 10000 150021 20.5713
170000 0 150020 19.8038
175000 0 150019 18.9599
170000 5000 150020 20.003
175000 5000 150019 19.1753
175000 0 150019 18.9599
180000 0 150019 19.3788
175000 5000 150019 19.1753
180000 5000 150021 20.5525
170000 5000 150020 20.003
175000 5000 150019 19.1753
170000 10000 150021 20.5713
175000 10000 150022 21.6867
175000 5000 150019 19.1753
180000 5000 150021 20.5525
175000 10000 150022 21.6867
180000 10000 150019 18.7829
180000 0 150019 19.3788
185000 0 150018 17.8949
180000 5000 150021 20.5525
185000 5000 150019 18.7394
185000 0 150018 17.8949
190000 0 150017 16.9176
185000 5000 150019 18.7394
190000 5000 150016 15.5796
180000 5000 150021 20.5525
185000 5000 150019 18.7394
180000 10000 150019 18.7829
185000 10000 150019 19.4483
185000 5000 150019 18.7394
190000 5000 150016 15.5796
185000 10000 150019 19.4483
190000 10000 150018 18.0748
190000 0 150017 16.9176
195000 0 150016 16.4165
190000 5000 150016 15.5796
195000 5000 150015 15.0414
195000 0 150016 16.4165
200000 0 150016 16.0755
195000 5000 150015 15.0414
200000 5000 150013 13.3894
190000 5000 150016 15.5796
195000 5000 150015 15.0414
190000 10000 150018 18.0748
195000 10000 150014 14.1845
195000 5000 150015 15.0414
200000 5000 150013 13.3894
195000 10000 150014 14.1845
200000 10000 150014 14.4555
200000 0 150016 16.0755
205000 0 150012 11.7984
200000 5000 150013 13.3894
205000 5000 150011 10.981
205000 0 150012 11.7984
210000 0 150010 10.0354
205000 5000 150011 10.981
210000 5000 150009 9.02733
200000 5000 150013 13.3894
205000 5000 150011 10.981
200000 10000 150014 14.4555
205000 10000 150011 10.8496
205000 5000 150011 10.981
210000 5000 150009 9.02733
205000 10000 150011 10.8496
210000 10000 150008 7.80722
210000 0 150010 10.0354
215000 0 150008 7.94211
210000 5000 150009 9.02733
215000 5000 150007 6.65537
215000 0 150008 7.94211
220000 0 150006 5.67834
215000 5000 150007 6.65537
220000 5000 150005 5.01801
210000 5000 150009 9.02733
215000 5000 150007 6.65537
210000 10000 150008 7.80722
215000 10000 150007 6.73868
215000 5000 150007 6.65537
220000 5000 150005 5.01801
215000 10000 150007 6.73868
220000 10000 150003 2.64835
220000 0 150006 5.67834
225000 0 150002 2.27278
220000 5000 150005 5.01801
225000 5000 150000 0.0417756
225000 0 150002 2.27278
230000 0 150001 1.42213
225000 5000 150000 0.0417756
230000 5000 149998 -1.78827
220000 5000 150005 5.01801
225000 5000 150000 0.0417756
220000 10000 150003 2.64835
225000 10000 150003 2.9372
225000 5000 150000 0.0417756
230000 5000 149998 -1.78827
225000 10000 150003 2.9372
230000 10000 150001 1.37247
230000 0 150001 1.42213
235000 0 150000 -0.0601575
230000 5000 149998 -1.78827
235000 5000 150000 -0.436033
235000 0 150000 -0.0601575
240000 0 149999 -0.859147
235000 5000 150000 -0.436033
240000 5000 149998 -1.56457
230000 5000 149998 -1.78827
235000 5000 150000 -0.436033
230000 10000 150001 1.37247
235000 10000 150000 0.398523
235000 5000 150000 -0.436033
240000 5000 149998 -1.56457
235000 10000 150000 0.398523
240000 10000 149995 -4.52038
160000 10000 150015 14.6784
165000 10000 150017 17.1428
160000 15000 150015 14.9738
165000 15000 150018 17.769
165000 10000 150017 17.1428
170000 10000 150021 20.5713
165000 15000 150018 17.769
170000 15000 150021 21.0827
160000 15000 150015 14.9738
165000 15000 150018 17.769
160000 20000 150014 14.0233
165000 20000 150015 15.4056
165000 15000 150018 17.769
170000 15000 150021 21.0827
165000 20000 150015 15.4056
170000 20000 150019 18.911
170000 10000 150021 20.5713
175000 10000 150022 21.6867
170000 15000 150021 21.0827
175000 15000 150021 21.0842
175000 10000 150022 21.6867
180000 10000 150019 18.7829
175000 15000 150021 21.0842
180000 15000 150022 21.6564
170000 15000 150021 21.0827
175000 15000 150021 21.0842
170000 20000 150019 18.911
175000 20000 150021 20.588
175000 15000 150021 21.0842
180000 15000 150022 21.6564
175000 20000 150021 20.588
180000 20000 150021 21.0745
180000 10000 150019 18.7829
185000 10000 150019 19.4483
180000 15000 150022 21.6564
185000 15000 150021 20.8358
185000 10000 150019 19.4483
190000 10000 150018 18.0748
185000 15000 150021 20.8358
190000 15000 150018 17.7063
180000 15000 150022 21.6564
185000 15000 150021 20.8358
180000 20000 150021 21.0745
185000 20000 150022 22.1899
185000 15000 150021 20.8358
190000 15000 150018 17.7063
185000 20000 150022 22.1899
190000 20000 150021 20.9078
190000 10000 150018 18.0748
195000 10000 150014 14.1845
190000 15000 150018 17.7063
195000 15000 150017 17.4251
195000 10000 150014 14.1845
200000 10000 150014 14.4555
195000 15000 150017 17.4251
200000 15000 150014 13.6485
190000 15000 150018 17.7063
195000 15000 150017 17.4251
190000 20000 150021 20.9078
195000 20000 150018 17.7045
195000 15000 150017 17.4251
200000 15000 150014 13.6485
195000 20000 150018 17.7045
200000 20000 150013 12.5388
200000 10000 150014 14.4555
205000 10000 150011 10.8496
200000 15000 150014 13.6485
205000 15000 150011 11.3023
205000 10000 150011 10.8496
210000 10000 150008 7.80722
205000 15000 150011 11.3023
210000 15000 150009 9.23911
200000 15000 150014 13.6485
205000 15000 150011 11.3023
200000 20000 150013 12.5388
205000 20000 150011 11.2199
205000 15000 150011 11.3023
210000 15000 150009 9.23911
205000 20000 150011 11.2199
210000 20000 150010 9.96216
210000 10000 150008 7.80722
215000 10000 150007 6.73868
210000 15000 150009 9.23911
215000 15000 150005 5.3201
215000 10000 150007 6.73868
220000 10000 150003 2.64835
215000 15000 150005 5.3201
220000 15000 150005 4.81976
210000 15000 150009 9.23911
215000 15000 150005 5.3201
210000 20000 150010 9.96216
215000 20000 150008 8.02091
215000 15000 150005 5.3201
220000 15000 150005 4.81976
215000 20000 150008 8.02091
220000 20000 150006 6.36673
220000 10000 150003 2.64835
225000 10000 150003 2.9372
220000 15000 150005 4.81976
225000 15000 150003 3.39088
225000 10000 150003 2.9372
230000 10000 150001 1.37247
225000 15000 150003 3.39088
230000 15000 150001 1.34884
220000 15000 150005 4.81976
225000 15000 150003 3.39088
220000 20000 150006 6.36673
225000 20000 150004 3.60731
225000 15000 150003 3.39088
230000 15000 150001 1.34884
225000 20000 150004 3.60731
230000 20000 149999 -0.513465
230000 10000 150001 1.37247
235000 10000 150000 0.398523
230000 15000 150001 1.34884
235000 15000 149999 -1.1902
235000 10000 150000 0.398523
240000 10000 149995 -4.52038
235000 15000 149999 -1.1902
240000 15000 149997 -3.48276
230000 15000 150001 1.34884
235000 15000 149999 -1.1902
230000 20000 149999 -0.513465
235000 20000 149998 -1.8106
235000 15000 149999 -1.1902
240000 15000 149997 -3.48276
235000 20000 149998 -1.8106
240000 20000 149998 -2.47787
160000 20000 150014 14.0233
165000 20000 150015 15.4056
160000 25000 150012 11.5424
165000 25000 150014 14.3008
165000 20000 150015 15.4056
170000 20000 150019 18.911
165000 25000 150014 14.3008
170000 25000 150018 18.0383
160000 25000 150012 11.5424
165000 25000 150014 14.3008
160000 30000 150014 13.979
165000 30000 150018 18.2442
165000 25000 150014 14.3008
170000 25000 150018 18.0383
165000 30000 150018 18.2442
170000 30000 150020 20.2367
170000 20000 150019 18.911
175000 20000 150021 20.588
170000 25000 150018 18.0383
175000 25000 150022 21.8317
175000 20000 150021 20.588
180000 20000 150021 21.0745
175000 25000 150022 21.8317
180000 25000 150021 21.1097
170000 25000 150018 18.0383
175000 25000 150022 21.8317
170000 30000 150020 20.2367
175000 30000 150021 21.0101
175000 25000 150022 21.8317
180000 25000 150021 21.1097
175000 30000 150021 21.0101
180000 30000 150022 21.5677
180000 20000 150021 21.0745
185000 20000 150022 22.1899
180000 25000 150021 21.1097
185000 25000 150023 22.5746
185000 20000 150022 22.1899
190000 20000 150021 20.9078
185000 25000 150023 22.5746
190000 25000 150020 20.0451
180000 25000 150021 21.1097
185000 25000 150023 22.5746
180000 30000 150022 21.5677
185000 30000 150024 24.1015
185000 25000 150023 22.5746
190000 25000 150020 20.0451
185000 30000 150024 24.1015
190000 30000 150022 21.5594
190000 20000 150021 20.9078
195000 20000 150018 17.7045
190000 25000 150020 20.0451
195000 25000 150016 15.9316
195000 20000 150018 17.7045
200000 20000 150013 12.5388
195000 25000 150016 15.9316
200000 25000 150014 14.4126
190000 25000 150020 20.0451
195000 25000 150016 15.9316
190000 30000 150022 21.5594
195000 30000 150018 17.6258
195000 25000 150016 15.9316
200000 25000 150014 14.4126
195000 30000 150018 17.6258
200000 30000 150016 15.8213
200000 20000 150013 12.5388
205000 20000 150011 11.2199
200000 25000 150014 14.4126
205000 25000 150013 12.8824
205000 20000 150011 11.2199
210000 20000 150010 9.96216
205000 25000 150013 12.8824
210000 25000 150011 10.626
200000 25000 150014 14.4126
205000 25000 150013 12.8824
200000 30000 150016 15.8213
205000 30000 150012 11.9169
205000 25000 150013 12.8824
210000 25000 150011 10.626
205000 30000 150012 11.9169
210000 30000 150009 8.56414
210000 20000 150010 9.96216
215000 20000 150008 8.02091
210000 25000 150011 10.626
215000 25000 150008 7.75165
215000 20000 150008 8.02091
220000 20000 150006 6.36673
215000 25000 150008 7.75165
220000 25000 150007 6.52696
210000 25000 150011 10.626
215000 25000 150008 7.75165
210000 30000 150009 8.56414
215000 30000 150008 7.7578
215000 25000 150008 7.75165
220000 25000 150007 6.52696
215000 30000 150008 7.7578
220000 30000 150005 4.81543
220000 20000 150006 6.36673
225000 20000 150004 3.60731
220000 25000 150007 6.52696
225000 25000 150002 1.9425
225000 20000 150004 3.60731
230000 20000 149999 -0.513465
225000 25000 150002 1.9425
230000 25000 150000 -0.220524
220000 25000 150007 6.52696
225000 25000 150002 1.9425
220000 30000 150005 4.81543
225000 30000 150005 4.71295
225000 25000 150002 1.9425
230000 25000 150000 -0.220524
225000 30000 150005 4.71295
230000 30000 150000 -0.432399
230000 20000 149999 -0.513465
235000 20000 149998 -1.8106
230000 25000 150000 -0.220524
235000 25000 150000 0.103445
235000 20000 149998 -1.8106
240000 20000 149998 -2.47787
235000 25000 150000 0.103445
240000 25000 149998 -1.80023
230000 25000 150000 -0.220524
235000 25000 150000 0.103445
230000 30000 150000 -0.432399
235000 30000 149999 -0.819752
235000 25000 150000 0.103445
240000 25000 149998 -1.80023
235000 30000 149999 -0.819752
240000 30000 149998 -2.3639
160000 30000 150014 13.979
165000 30000 150018 18.2442
160000 35000 150016 16.3322
165000 35000 150018 17.5201
165000 30000 150018 18.2442
170000 30000 150020 20.2367
165000 35000 150018 17.5201
170000 35000 150021 21.1981
160000 35000 150016 16.3322
165000 35000 150018 17.5201
160000 40000 150009 9.34964
165000 40000 150015 15.4021
165000 35000 150018 17.5201
170000 35000 150021 21.1981
165000 40000 150015 15.4021
170000 40000 150021 20.6607
170000 30000 150020 20.2367
175000 30000 150021 21.0101
170000 35000 150021 21.1981
175000 35000 150023 23.491
175000 30000 150021 21.0101
180000 30000 150022 21.5677
175000 35000 150023 23.491
180000 35000 150022 22.2367
170000 35000 150021 21.1981
175000 35000 150023 23.491
170000 40000 150021 20.6607
175000 40000 150021 21.0629
175000 35000 150023 23.491
180000 35000 150022 22.2367
175000 40000 150021 21.0629
180000 40000 150023 22.6507
180000 30000 150022 21.5677
185000 30000 150024 24.1015
180000 35000 150022 22.2367
185000 35000 150023 22.7717
185000 30000 150024 24.1015
190000 30000 150022 21.5594
185000 35000 150023 22.7717
190000 35000 150022 22.3426
180000 35000 150022 22.2367
185000 35000 150023 22.7717
180000 40000 150023 22.6507
185000 40000 150023 22.8047
185000 35000 150023 22.7717
190000 35000 150022 22.3426
185000 40000 150023 22.8047
190000 40000 150023 23.0845
190000 30000 150022 21.5594
195000 30000 150018 17.6258
190000 35000 150022 22.3426
195000 35000 150019 19.4341
195000 30000 150018 17.6258
200000 30000 150016 15.8213
195000 35000 150019 19.4341
200000 35000 150016 16.0769
190000 35000 150022 22.3426
195000 35000 150019 19.4341
190000 40000 150023 23.0845
195000 40000 150019 19.2713
195000 35000 150019 19.4341
200000 35000 150016 16.0769
195000 40000 150019 19.2713
200000 40000 150019 19.1743
200000 30000 150016 15.8213
205000 30000 150012 11.9169
200000 35000 150016 16.0769
205000 35000 150016 15.6352
205000 30000 150012 11.9169
210000 30000 150009 8.56414
205000 35000 150016 15.6352
210000 35000 150009 9.16269
200000 35000 150016 16.0769
205000 35000 150016 15.6352
200000 40000 150019 19.1743
205000 40000 150015 15.3843
205000 35000 150016 15.6352
210000 35000 150009 9.16269
205000 40000 150015 15.3843
210000 40000 150012 11.8047
210000 30000 150009 8.56414
215000 30000 150008 7.7578
210000 35000 150009 9.16269
215000 35000 150007 7.33804
215000 30000 150008 7.7578
220000 30000 150005 4.81543
215000 35000 150007 7.33804
220000 35000 150007 6.61471
210000 35000 150009 9.16269
215000 35000 150007 7.33804
210000 40000 150012 11.8047
215000 40000 150008 8.49764
215000 35000 150007 7.33804
220000 35000 150007 6.61471
215000 40000 150008 8.49764
220000 40000 150005 4.94456
220000 30000 150005 4.81543
225000 30000 150005 4.71295
220000 35000 150007 6.61471
225000 35000 150005 4.67856
225000 30000 150005 4.71295
230000 30000 150000 -0.432399
225000 35000 150005 4.67856
230000 35000 150003 3.19106
220000 35000 150007 6.61471
225000 35000 150005 4.67856
220000 40000 150005 4.94456
225000 40000 150003 2.71714
225000 35000 150005 4.67856
230000 35000 150003 3.19106
225000 40000 150003 2.71714
230000 40000 150002 2.40285
230000 30000 150000 -0.432399
235000 30000 149999 -0.819752
230000 35000 150003 3.19106
235000 35000 150001 0.844729
235000 30000 149999 -0.819752
240000 30000 149998 -2.3639
235000 35000 150001 0.844729
240000 35000 149997 -2.86356
230000 35000 150003 3.19106
235000 35000 150001 0.844729
230000 40000 150002 2.40285
235000 40000 149999 -0.646029
235000 35000 150001 0.844729
240000 35000 149997 -2.86356
235000 40000 149999 -0.646029
240000 40000 149998 -2.29219
160000 40000 150009 9.34964
165000 40000 150015 15.4021
160000 45000 150015 14.5903
165000 45000 150019 18.708
165000 40000 150015 15.4021
170000 40000 150021 20.6607
165000 45000 150019 18.708
170000 45000 150019 19.3711
160000 45000 150015 14.5903
165000 45000 150019 18.708
160000 50000 150002 1.56139
165000 50000 150012 12.0866
165000 45000 150019 18.708
170000 45000 150019 19.3711
165000 50000 150012 12.0866
170000 50000 150019 18.7652
170000 40000 150021 20.6607
175000 40000 150021 21.0629
170000 45000 150019 19.3711
175000 45000 150020 20.4516
175000 40000 150021 21.0629
180000 40000 150023 22.6507
175000 45000 150020 20.4516
180000 45000 150022 22.1418
170000 45000 150019 19.3711
175000 45000 150020 20.4516
170000 50000 150019 18.7652
175000 50000 150021 20.5239
175000 45000 150020 20.4516
180000 45000 150022 22.1418
175000 50000 150021 20.5239
180000 50000 150023 22.9692
180000 40000 150023 22.6507
185000 40000 150023 22.8047
180000 45000 150022 22.1418
185000 45000 150024 24.0035
185000 40000 150023 22.8047
190000 40000 150023 23.0845
185000 45000 150024 24.0035
190000 45000 150022 21.814
180000 45000 150022 22.1418
185000 45000 150024 24.0035
180000 50000 150023 22.9692
185000 50000 150023 22.9327
185000 45000 150024 24.0035
190000 45000 150022 21.814
185000 50000 150023 22.9327
190000 50000 150023 22.8254
190000 40000 150023 23.0845
195000 40000 150019 19.2713
190000 45000 150022 21.814
195000 45000 150021 20.957
195000 40000 150019 19.2713
200000 40000 150019 19.1743
195000 45000 150021 20.957
200000 45000 150020 19.6725
190000 45000 150022 21.814
195000 45000 150021 20.957
190000 50000 150023 22.8254
195000 50000 150022 21.7271
195000 45000 150021 20.957
200000 45000 150020 19.6725
195000 50000 150022 21.7271
200000 50000 150021 20.6127
200000 40000 150019 19.1743
205000 40000 150015 15.3843
200000 45000 150020 19.6725
205000 45000 150015 15.0461
205000 40000 150015 15.3843
210000 40000 150012 11.8047
205000 45000 150015 15.0461
210000 45000 150011 11.3028
200000 45000 150020 19.6725
205000 45000 150015 15.0461
200000 50000 150021 20.6127
205000 50000 150018 18.1618
205000 45000 150015 15.0461
210000 45000 150011 11.3028
205000 50000 150018 18.1618
210000 50000 150014 13.577
210000 40000 150012 11.8047
215000 40000 150008 8.49764
210000 45000 150011 11.3028
215000 45000 150008 8.16902
215000 40000 150008 8.49764
220000 40000 150005 4.94456
215000 45000 150008 8.16902
220000 45000 150009 8.74926
210000 45000 150011 11.3028
215000 45000 150008 8.16902
210000 50000 150014 13.577
215000 50000 150008 8.07312
215000 45000 150008 8.16902
220000 45000 150009 8.74926
215000 50000 150008 8.07312
220000 50000 150005 5.42977
220000 40000 150005 4.94456
225000 40000 150003 2.71714
220000 45000 150009 8.74926
225000 45000 150006 5.78935
225000 40000 150003 2.71714
230000 40000 150002 2.40285
225000 45000 150006 5.78935
230000 45000 150002 1.67562
220000 45000 150009 8.74926
225000 45000 150006 5.78935
220000 50000 150005 5.42977
225000 50000 150006 5.5334
225000 45000 150006 5.78935
230000 45000 150002 1.67562
225000 50000 150006 5.5334
230000 50000 150000 -0.171428
230000 40000 150002 2.40285
235000 40000 149999 -0.646029
230000 45000 150002 1.67562
235000 45000 149999 -0.540692
235000 40000 149999 -0.646029
240000 40000 149998 -2.29219
235000 45000 149999 -0.540692
240000 45000 149996 -3.5532
230000 45000 150002 1.67562
235000 45000 149999 -0.540692
230000 50000 150000 -0.171428
235000 50000 149999 -0.500792
235000 45000 149999 -0.540692
240000 45000 149996 -3.5532
235000 50000 149999 -0.500792
240000 50000 149999 -1.21224
160000 50000 150002 1.56139
165000 50000 150012 12.0866
160000 55000 149999 -0.585949
165000 55000 150015 15.3457
165000 50000 150012 12.0866
170000 50000 150019 18.7652
165000 55000 150015 15.3457
170000 55000 150017 17.0284
160000 55000 149999 -0.585949
165000 55000 150015 15.3457
160000 60000 149983 -17.0053
165000 60000 150009 9.47477
165000 55000 150015 15.3457
170000 55000 150017 17.0284
165000 60000 150009 9.47477
170000 60000 150016 16.4201
170000 50000 150019 18.7652
175000 50000 150021 20.5239
170000 55000 150017 17.0284
175000 55000 150019 19.3902
175000 50000 150021 20.5239
180000 50000 150023 22.9692
175000 55000 150019 19.3902
180000 55000 150022 22.1321
170000 55000 150017 17.0284
175000 55000 150019 19.3902
170000 60000 150016 16.4201
175000 60000 150023 23.0025
175000 55000 150019 19.3902
180000 55000 150022 22.1321
175000 60000 150023 23.0025
180000 60000 150023 23.143
180000 50000 150023 22.9692
185000 50000 150023 22.9327
180000 55000 150022 22.1321
185000 55000 150024 23.9717
185000 50000 150023 22.9327
190000 50000 150023 22.8254
185000 55000 150024 23.9717
190000 55000 150025 24.8458
180000 55000 150022 22.1321
185000 55000 150024 23.9717
180000 60000 150023 23.143
185000 60000 150023 22.6697
185000 55000 150024 23.9717
190000 55000 150025 24.8458
185000 60000 150023 22.6697
190000 60000 150023 22.9658
190000 50000 150023 22.8254
195000 50000 150022 21.7271
190000 55000 150025 24.8458
195000 55000 150023 23.0734
195000 50000 150022 21.7271
200000 50000 150021 20.6127
195000 55000 150023 23.0734
200000 55000 150019 19.1397
190000 55000 150025 24.8458
195000 55000 150023 23.0734
190000 60000 150023 22.9658
195000 60000 150022 22.3427
195000 55000 150023 23.0734
200000 55000 150019 19.1397
195000 60000 150022 22.3427
200000 60000 150020 20.0623
200000 50000 150021 20.6127
205000 50000 150018 18.1618
200000 55000 150019 19.1397
205000 55000 150016 15.8657
205000 50000 150018 18.1618
210000 50000 150014 13.577
205000 55000 150016 15.8657
210000 55000 150011 11.4648
200000 55000 150019 19.1397
205000 55000 150016 15.8657
200000 60000 150020 20.0623
205000 60000 150020 19.5659
205000 55000 150016 15.8657
210000 55000 150011 11.4648
205000 60000 150020 19.5659
210000 60000 150016 16.0519
210000 50000 150014 13.577
215000 50000 150008 8.07312
210000 55000 150011 11.4648
215000 55000 150012 11.8908
215000 50000 150008 8.07312
220000 50000 150005 5.42977
215000 55000 150012 11.8908
220000 55000 150009 8.60319
210000 55000 150011 11.4648
215000 55000 150012 11.8908
210000 60000 150016 16.0519
215000 60000 150013 13.3793
215000 55000 150012 11.8908
220000 55000 150009 8.60319
215000 60000 150013 13.3793
220000 60000 150008 8.36151
220000 50000 150005 5.42977
225000 50000 150006 5.5334
220000 55000 150009 8.60319
225000 55000 150005 4.97076
225000 50000 150006 5.5334
230000 50000 150000 -0.171428
225000 55000 150005 4.97076
230000 55000 150004 3.54956
220000 55000 150009 8.60319
225000 55000 150005 4.97076
220000 60000 150008 8.36151
225000 60000 150006 5.7816
225000 55000 150005 4.97076
230000 55000 150004 3.54956
225000 60000 150006 5.7816
230000 60000 150004 3.50958
230000 50000 150000 -0.171428
235000 50000 149999 -0.500792
230000 55000 150004 3.54956
235000 55000 150001 0.686142
235000 50000 149999 -0.500792
240000 50000 149999 -1.21224
235000 55000 150001 0.686142
240000 55000 149998 -2.13903
230000 55000 150004 3.54956
235000 55000 150001 0.686142
230000 60000 150004 3.50958
235000 60000 150001 1.05028
235000 55000 150001 0.686142
240000 55000 149998 -2.13903
235000 60000 150001 1.05028
240000 60000 149999 -1.48557
160000 60000 149983 -17.0053
165000 60000 150009 9.47477
160000 65000 149973 -27.4309
165000 65000 149991 -8.60911
165000 60000 150009 9.47477
170000 60000 150016 16.4201
165000 65000 149991 -8.60911
170000 65000 150015 15.4281
160000 65000 149973 -27.4309
165000 65000 149991 -8.60911
160000 70000 149948 -51.5805
165000 70000 149980 -19.5784
165000 65000 149991 -8.60911
170000 65000 150015 15.4281
165000 70000 149980 -19.5784
170000 70000 150010 9.93739
170000 60000 150016 16.4201
175000 60000 150023 23.0025
170000 65000 150015 15.4281
175000 65000 150024 24.1031
175000 60000 150023 23.0025
180000 60000 150023 23.143
175000 65000 150024 24.1031
180000 65000 150024 23.6338
170000 65000 150015 15.4281
175000 65000 150024 24.1031
170000 70000 150010 9.93739
175000 70000 150020 20.0837
175000 65000 150024 24.1031
180000 65000 150024 23.6338
175000 70000 150020 20.0837
180000 70000 150023 22.8342
180000 60000 150023 23.143
185000 60000 150023 22.6697
180000 65000 150024 23.6338
185000 65000 150024 23.5839
185000 60000 150023 22.6697
190000 60000 150023 22.9658
185000 65000 150024 23.5839
190000 65000 150024 24.3352
180000 65000 150024 23.6338
185000 65000 150024 23.5839
180000 70000 150023 22.8342
185000 70000 150024 24.4201
185000 65000 150024 23.5839
190000 65000 150024 24.3352
185000 70000 150024 24.4201
190000 70000 150025 24.9794
190000 60000 150023 22.9658
195000 60000 150022 22.3427
190000 65000 150024 24.3352
195000 65000 150022 21.6766
195000 60000 150022 22.3427
200000 60000 150020 20.0623
195000 65000 150022 21.6766
200000 65000 150023 22.8516
190000 65000 150024 24.3352
195000 65000 150022 21.6766
190000 70000 150025 24.9794
195000 70000 150026 25.5413
195000 65000 150022 21.6766
200000 65000 150023 22.8516
195000 70000 150026 25.5413
200000 70000 150023 23.0881
160000 70000 149948 -51.5805
165000 70000 149980 -19.5784
160000 75000 149928 -72.0101
165000 75000 149969 -31.4397
165000 70000 149980 -19.5784
170000 70000 150010 9.93739
165000 75000 149969 -31.4397
170000 75000 149992 -8.13046
160000 75000 149928 -72.0101
165000 75000 149969 -31.4397
160000 80000 149928 -72.469
165000 80000 149944 -55.5338
165000 75000 149969 -31.4397
170000 75000 149992 -8.13046
165000 80000 149944 -55.5338
170000 80000 149981 -19.3779
170000 70000 150010 9.93739
175000 70000 150020 20.0837
170000 75000 149992 -8.13046
175000 75000 150015 14.517
175000 70000 150020 20.0837
180000 70000 150023 22.8342
175000 75000 150015 14.517
180000 75000 150025 24.8193
170000 75000 149992 -8.13046
175000 75000 150015 14.517
170000 80000 149981 -19.3779
175000 80000 150013 13.1054
175000 75000 150015 14.517
180000 75000 150025 24.8193
175000 80000 150013 13.1054
180000 80000 150026 25.5181
180000 70000 150023 22.8342
185000 70000 150024 24.4201
180000 75000 150025 24.8193
185000 75000 150028 27.6983
185000 70000 150024 24.4201
190000 70000 150025 24.9794
185000 75000 150028 27.6983
190000 75000 150028 27.8549
180000 75000 150025 24.8193
185000 75000 150028 27.6983
180000 80000 150026 25.5181
185000 80000 150027 26.6137
185000 75000 150028 27.6983
190000 75000 150028 27.8549
185000 80000 150027 26.6137
190000 80000 150028 27.5795
190000 70000 150025 24.9794
195000 70000 150026 25.5413
190000 75000 150028 27.8549
195000 75000 150025 25.1925
195000 70000 150026 25.5413
200000 70000 150023 23.0881
195000 75000 150025 25.1925
200000 75000 150023 23.0535
190000 75000 150028 27.8549
195000 75000 150025 25.1925
190000 80000 150028 27.5795
195000 80000 150026 26.146
195000 75000 150025 25.1925
200000 75000 150023 23.0535
195000 80000 150026 26.146
200000 80000 150025 25.3939
110000 80000 150021 20.573
115000 80000 150020 20.4456
110000 85000 150018 17.6713
115000 85000 150019 19.4216
115000 80000 150020 20.4456
120000 80000 150022 21.7666
115000 85000 150019 19.4216
120000 85000 150022 21.8026
110000 85000 150018 17.6713
115000 85000 150019 19.4216
110000 90000 150017 16.656
115000 90000 150019 18.6977
115000 85000 150019 19.4216
120000 85000 150022 21.8026
115000 90000 150019 18.6977
120000 90000 150020 20.0207
120000 80000 150022 21.7666
125000 80000 150021 21.2623
120000 85000 150022 21.8026
125000 85000 150020 19.7418
125000 80000 150021 21.2623
130000 80000 150018 17.7531
125000 85000 150020 19.7418
130000 85000 150020 19.787
120000 85000 150022 21.8026
125000 85000 150020 19.7418
120000 90000 150020 20.0207
125000 90000 150020 19.8836
125000 85000 150020 19.7418
130000 85000 150020 19.787
125000 90000 150020 19.8836
130000 90000 150019 19.2629
130000 80000 150018 17.7531
135000 80000 150017 16.525
130000 85000 150020 19.787
135000 85000 150018 18.108
135000 80000 150017 16.525
140000 80000 150016 16.1167
135000 85000 150018 18.108
140000 85000 150016 16.2837
130000 85000 150020 19.787
135000 85000 150018 18.108
130000 90000 150019 19.2629
135000 90000 150017 16.5665
135000 85000 150018 18.108
140000 85000 150016 16.2837
135000 90000 150017 16.5665
140000 90000 150013 13.4527
140000 80000 150016 16.1167
145000 80000 150010 9.77561
140000 85000 150016 16.2837
145000 85000 150013 12.5988
145000 80000 150010 9.77561
150000 80000 149988 -12.27
145000 85000 150013 12.5988
150000 85000 150001 0.661949
140000 85000 150016 16.2837
145000 85000 150013 12.5988
140000 90000 150013 13.4527
145000 90000 150008 7.89303
145000 85000 150013 12.5988
150000 85000 150001 0.661949
145000 90000 150008 7.89303
150000 90000 150007 6.75123
150000 80000 149988 -12.27
155000 80000 149962 -37.9347
150000 85000 150001 0.661949
155000 85000 149980 -20.2917
155000 80000 149962 -37.9347
160000 80000 149928 -72.469
155000 85000 149980 -20.2917
160000 85000 149944 -56.3499
150000 85000 150001 0.661949
155000 85000 149980 -20.2917
150000 90000 150007 6.75123
155000 90000 149990 -10.3797
155000 85000 149980 -20.2917
160000 85000 149944 -56.3499
155000 90000 149990 -10.3797
160000 90000 149968 -32.0593
100000 90000 150013 13.3628
105000 90000 150015 14.7507
100000 95000 150012 11.5343
105000 95000 150015 14.6908
105000 90000 150015 14.7507
110000 90000 150017 16.656
105000 95000 150015 14.6908
110000 95000 150018 18.2075
100000 95000 150012 11.5343
105000 95000 150015 14.6908
100000 100000 150012 12.2585
105000 100000 150015 14.6422
105000 95000 150015 14.6908
110000 95000 150018 18.2075
105000 100000 150015 14.6422
110000 100000 150015 14.8449
110000 90000 150017 16.656
115000 90000 150019 18.6977
110000 95000 150018 18.2075
115000 95000 150018 17.5784
115000 90000 150019 18.6977
120000 90000 150020 20.0207
115000 95000 150018 17.5784
120000 95000 150019 19.0149
110000 95000 150018 18.2075
115000 95000 150018 17.5784
110000 100000 150015 14.8449
115000 100000 150019 19.3712
115000 95000 150018 17.5784
120000 95000 150019 19.0149
115000 100000 150019 19.3712
120000 100000 150019 18.8586
120000 90000 150020 20.0207
125000 90000 150020 19.8836
120000 95000 150019 19.0149
125000 95000 150019 19.451
125000 90000 150020 19.8836
130000 90000 150019 19.2629
125000 95000 150019 19.451
130000 95000 150019 18.7718
120000 95000 150019 19.0149
125000 95000 150019 19.451
120000 100000 150019 18.8586
125000 100000 150019 18.6924
125000 95000 150019 19.451
130000 95000 150019 18.7718
125000 100000 150019 18.6924
130000 100000 150018 18.4769
130000 90000 150019 19.2629
135000 90000 150017 16.5665
130000 95000 150019 18.7718
135000 95000 150016 15.989
135000 90000 150017 16.5665
140000 90000 150013 13.4527
135000 95000 150016 15.989
140000 95000 150017 16.6167
130000 95000 150019 18.7718
135000 95000 150016 15.989
130000 100000 150018 18.4769
135000 100000 150016 16.109
135000 95000 150016 15.989
140000 95000 150017 16.6167
135000 100000 150016 16.109
140000 100000 150015 15.016
140000 90000 150013 13.4527
145000 90000 150008 7.89303
140000 95000 150017 16.6167
145000 95000 150015 14.636
145000 90000 150008 7.89303
150000 90000 150007 6.75123
145000 95000 150015 14.636
150000 95000 150008 8.38601
140000 95000 150017 16.6167
145000 95000 150015 14.636
140000 100000 150015 15.016
145000 100000 150012 12.1924
145000 95000 150015 14.636
150000 95000 150008 8.38601
145000 100000 150012 12.1924
150000 100000 150010 10.287
150000 90000 150007 6.75123
155000 90000 149990 -10.3797
150000 95000 150008 8.38601
155000 95000 149997 -3.28635
155000 90000 149990 -10.3797
160000 90000 149968 -32.0593
155000 95000 149997 -3.28635
160000 95000 149980 -20.0092
150000 95000 150008 8.38601
155000 95000 149997 -3.28635
150000 100000 150010 10.287
155000 100000 150001 0.939933
155000 95000 149997 -3.28635
160000 95000 149980 -20.0092
155000 100000 150001 0.939933
160000 100000 149987 -13.2988
80000 100000 149999 -0.660422
85000 100000 150004 3.73048
80000 105000 150003 3.39545
85000 105000 150004 3.58816
85000 100000 150004 3.73048
90000 100000 150005 4.62412
85000 105000 150004 3.58816
90000 105000 150006 5.69889
80000 105000 150003 3.39545
85000 105000 150004 3.58816
80000 110000 150002 2.00198
85000 110000 150001 1.44602
85000 105000 150004 3.58816
90000 105000 150006 5.69889
85000 110000 150001 1.44602
90000 110000 150006 6.39555
90000 100000 150005 4.62412
95000 100000 150008 7.80958
90000 105000 150006 5.69889
95000 105000 150008 7.87588
95000 100000 150008 7.80958
100000 100000 150012 12.2585
95000 105000 150008 7.87588
100000 105000 150010 10.1207
90000 105000 150006 5.69889
95000 105000 150008 7.87588
90000 110000 150006 6.39555
95000 110000 150010 9.83985
95000 105000 150008 7.87588
100000 105000 150010 10.1207
95000 110000 150010 9.83985
100000 110000 150011 10.7314
100000 100000 150012 12.2585
105000 100000 150015 14.6422
100000 105000 150010 10.1207
105000 105000 150013 12.9191
105000 100000 150015 14.6422
110000 100000 150015 14.8449
105000 105000 150013 12.9191
110000 105000 150015 15.2541
100000 105000 150010 10.1207
105000 105000 150013 12.9191
100000 110000 150011 10.7314
105000 110000 150015 15.4375
105000 105000 150013 12.9191
110000 105000 150015 15.2541
105000 110000 150015 15.4375
110000 110000 150016 16.2895
110000 100000 150015 14.8449
115000 100000 150019 19.3712
110000 105000 150015 15.2541
115000 105000 150018 17.6493
115000 100000 150019 19.3712
120000 100000 150019 18.8586
115000 105000 150018 17.6493
120000 105000 150019 18.6928
110000 105000 150015 15.2541
115000 105000 150018 17.6493
110000 110000 150016 16.2895
115000 110000 150015 15.2731
115000 105000 150018 17.6493
120000 105000 150019 18.6928
115000 110000 150015 15.2731
120000 110000 150017 16.6729
120000 100000 150019 18.8586
125000 100000 150019 18.6924
120000 105000 150019 18.6928
125000 105000 150019 18.7514
125000 100000 150019 18.6924
130000 100000 150018 18.4769
125000 105000 150019 18.7514
130000 105000 150021 20.8651
120000 105000 150019 18.6928
125000 105000 150019 18.7514
120000 110000 150017 16.6729
125000 110000 150018 18.4024
125000 105000 150019 18.7514
130000 105000 150021 20.8651
125000 110000 150018 18.4024
130000 110000 150018 17.5389
130000 100000 150018 18.4769
135000 100000 150016 16.109
130000 105000 150021 20.8651
135000 105000 150016 16.4777
135000 100000 150016 16.109
140000 100000 150015 15.016
135000 105000 150016 16.4777
140000 105000 150013 13.3082
130000 105000 150021 20.8651
135000 105000 150016 16.4777
130000 110000 150018 17.5389
135000 110000 150018 18.2425
135000 105000 150016 16.4777
140000 105000 150013 13.3082
135000 110000 150018 18.2425
140000 110000 150014 14.0924
140000 100000 150015 15.016
145000 100000 150012 12.1924
140000 105000 150013 13.3082
145000 105000 150009 8.93904
145000 100000 150012 12.1924
150000 100000 150010 10.287
145000 105000 150009 8.93904
150000 105000 150006 6.42639
140000 105000 150013 13.3082
145000 105000 150009 8.93904
140000 110000 150014 14.0924
145000 110000 150011 11.3314
145000 105000 150009 8.93904
150000 105000 150006 6.42639
145000 110000 150011 11.3314
150000 110000 150005 5.29454
150000 100000 150010 10.287
155000 100000 150001 0.939933
150000 105000 150006 6.42639
155000 105000 150002 2.07684
155000 100000 150001 0.939933
160000 100000 149987 -13.2988
155000 105000 150002 2.07684
160000 105000 149991 -9.23512
150000 105000 150006 6.42639
155000 105000 150002 2.07684
150000 110000 150005 5.29454
155000 110000 150001 1.17193
155000 105000 150002 2.07684
160000 105000 149991 -9.23512
155000 110000 150001 1.17193
160000 110000 149994 -5.86328
80000 110000 150002 2.00198
85000 110000 150001 1.44602
80000 115000 150000 0.320544
85000 115000 150004 4.11597
85000 110000 150001 1.44602
90000 110000 150006 6.39555
85000 115000 150004 4.11597
90000 115000 150006 5.72008
80000 115000 150000 0.320544
85000 115000 150004 4.11597
80000 120000 150001 1.16212
85000 120000 150004 4.20739
85000 115000 150004 4.11597
90000 115000 150006 5.72008
85000 120000 150004 4.20739
90000 120000 150006 5.54581
90000 110000 150006 6.39555
95000 110000 150010 9.83985
90000 115000 150006 5.72008
95000 115000 150009 8.79341
95000 110000 150010 9.83985
100000 110000 150011 10.7314
95000 115000 150009 8.79341
100000 115000 150012 11.8803
90000 115000 150006 5.72008
95000 115000 150009 8.79341
90000 120000 150006 5.54581
95000 120000 150007 6.6814
95000 115000 150009 8.79341
100000 115000 150012 11.8803
95000 120000 150007 6.6814
100000 120000 150009 8.71225
100000 110000 150011 10.7314
105000 110000 150015 15.4375
100000 115000 150012 11.8803
105000 115000 150013 13.4335
105000 110000 150015 15.4375
110000 110000 150016 16.2895
105000 115000 150013 13.4335
110000 115000 150015 15.2456
100000 115000 150012 11.8803
105000 115000 150013 13.4335
100000 120000 150009 8.71225
105000 120000 150012 12.4975
105000 115000 150013 13.4335
110000 115000 150015 15.2456
105000 120000 150012 12.4975
110000 120000 150016 16.2783
110000 110000 150016 16.2895
115000 110000 150015 15.2731
110000 115000 150015 15.2456
115000 115000 150017 17.3255
115000 110000 150015 15.2731
120000 110000 150017 16.6729
115000 115000 150017 17.3255
120000 115000 150019 18.7717
110000 115000 150015 15.2456
115000 115000 150017 17.3255
110000 120000 150016 16.2783
115000 120000 150015 14.9793
115000 115000 150017 17.3255
120000 115000 150019 18.7717
115000 120000 150015 14.9793
120000 120000 150019 19.0924
120000 110000 150017 16.6729
125000 110000 150018 18.4024
120000 115000 150019 18.7717
125000 115000 150018 18.1339
125000 110000 150018 18.4024
130000 110000 150018 17.5389
125000 115000 150018 18.1339
130000 115000 150018 18.1258
120000 115000 150019 18.7717
125000 115000 150018 18.1339
120000 120000 150019 19.0924
125000 120000 150019 19.1321
125000 115000 150018 18.1339
130000 115000 150018 18.1258
125000 120000 150019 19.1321
130000 120000 150018 17.7215
130000 110000 150018 17.5389
135000 110000 150018 18.2425
130000 115000 150018 18.1258
135000 115000 150018 17.6787
135000 110000 150018 18.2425
140000 110000 150014 14.0924
135000 115000 150018 17.6787
140000 115000 150013 12.5438
130000 115000 150018 18.1258
135000 115000 150018 17.6787
130000 120000 150018 17.7215
135000 120000 150017 16.5014
135000 115000 150018 17.6787
140000 115000 150013 12.5438
135000 120000 150017 16.5014
140000 120000 150015 15.2299
140000 110000 150014 14.0924
145000 110000 150011 11.3314
140000 115000 150013 12.5438
145000 115000 150008 7.95889
145000 110000 150011 11.3314
150000 110000 150005 5.29454
145000 115000 150008 7.95889
150000 115000 150003 2.6332
140000 115000 150013 12.5438
145000 115000 150008 7.95889
140000 120000 150015 15.2299
145000 120000 150009 9.28864
145000 115000 150008 7.95889
150000 115000 150003 2.6332
145000 120000 150009 9.28864
150000 120000 150006 6.26975
150000 110000 150005 5.29454
155000 110000 150001 1.17193
150000 115000 150003 2.6332
155000 115000 149995 -4.87724
155000 110000 150001 1.17193
160000 110000 149994 -5.86328
155000 115000 149995 -4.87724
160000 115000 149987 -13.0007
150000 115000 150003 2.6332
155000 115000 149995 -4.87724
150000 120000 150006 6.26975
155000 120000 150001 1.30323
155000 115000 149995 -4.87724
160000 115000 149987 -13.0007
155000 120000 150001 1.30323
160000 120000 149996 -4.23131
240000 0 149999 -0.859147
245000 0 149996 -4.02445
240000 5000 149998 -1.56457
245000 5000 149996 -3.57636
245000 0 149996 -4.02445
250000 0 149995 -4.95963
245000 5000 149996 -3.57636
250000 5000 149994 -6.43459
240000 5000 149998 -1.56457
245000 5000 149996 -3.57636
240000 10000 149995 -4.52038
245000 10000 149995 -5.45599
245000 5000 149996 -3.57636
250000 5000 149994 -6.43459
245000 10000 149995 -5.45599
250000 10000 149995 -5.20182
250000 0 149995 -4.95963
255000 0 149993 -6.68754
250000 5000 149994 -6.43459
255000 5000 149994 -6.03691
255000 0 149993 -6.68754
260000 0 149993 -7.05873
255000 5000 149994 -6.03691
260000 5000 149991 -8.52596
250000 5000 149994 -6.43459
255000 5000 149994 -6.03691
250000 10000 149995 -5.20182
255000 10000 149993 -7.05729
255000 5000 149994 -6.03691
260000 5000 149991 -8.52596
255000 10000 149993 -7.05729
260000 10000 149993 -6.69495
260000 0 149993 -7.05873
265000 0 149990 -9.57835
260000 5000 149991 -8.52596
265000 5000 149992 -8.37178
265000 0 149990 -9.57835
270000 0 149991 -8.9957
265000 5000 149992 -8.37178
270000 5000 149991 -8.80743
260000 5000 149991 -8.52596
265000 5000 149992 -8.37178
260000 10000 149993 -6.69495
265000 10000 149991 -8.8334
265000 5000 149992 -8.37178
270000 5000 149991 -8.80743
265000 10000 149991 -8.8334
270000 10000 149991 -9.29052
270000 0 149991 -8.9957
275000 0 149989 -10.7022
270000 5000 149991 -8.80743
275000 5000 149991 -8.68532
275000 0 149989 -10.7022
280000 0 149989 -10.9425
275000 5000 149991 -8.68532
280000 5000 149990 -10.3322
270000 5000 149991 -8.80743
275000 5000 149991 -8.68532
270000 10000 149991 -9.29052
275000 10000 149990 -9.95698
275000 5000 149991 -8.68532
280000 5000 149990 -10.3322
275000 10000 149990 -9.95698
280000 10000 149990 -10.0239
280000 0 149989 -10.9425
285000 0 149989 -10.8898
280000 5000 149990 -10.3322
285000 5000 149989 -10.7557
285000 0 149989 -10.8898
290000 0 149990 -10.3172
285000 5000 149989 -10.7557
290000 5000 149991 -9.38055
280000 5000 149990 -10.3322
285000 5000 149989 -10.7557
280000 10000 149990 -10.0239
285000 10000 149989 -10.6577
285000 5000 149989 -10.7557
290000 5000 149991 -9.38055
285000 10000 149989 -10.6577
290000 10000 149989 -11.0269
290000 0 149990 -10.3172
295000 0 149989 -10.9837
290000 5000 149991 -9.38055
295000 5000 149989 -11.0613
295000 0 149989 -10.9837
300000 0 149989 -10.8064
295000 5000 149989 -11.0613
300000 5000 149989 -11.3126
290000 5000 149991 -9.38055
295000 5000 149989 -11.0613
290000 10000 149989 -11.0269
295000 10000 149990 -10.4635
295000 5000 149989 -11.0613
300000 5000 149989 -11.3126
295000 10000 149990 -10.4635
300000 10000 149989 -10.9095
240000 10000 149995 -4.52038
245000 10000 149995 -5.45599
240000 15000 149997 -3.48276
245000 15000 149997 -3.48501
245000 10000 149995 -5.45599
250000 10000 149995 -5.20182
245000 15000 149997 -3.48501
250000 15000 149995 -4.61999
240000 15000 149997 -3.48276
245000 15000 149997 -3.48501
240000 20000 149998 -2.47787
245000 20000 149995 -5.01023
245000 15000 149997 -3.48501
250000 15000 149995 -4.61999
245000 20000 149995 -5.01023
250000 20000 149995 -5.41614
250000 10000 149995 -5.20182
255000 10000 149993 -7.05729
250000 15000 149995 -4.61999
255000 15000 149994 -5.85524
255000 10000 149993 -7.05729
260000 10000 149993 -6.69495
255000 15000 149994 -5.85524
260000 15000 149993 -7.49406
250000 15000 149995 -4.61999
255000 15000 149994 -5.85524
250000 20000 149995 -5.41614
255000 20000 149994 -5.84611
255000 15000 149994 -5.85524
260000 15000 149993 -7.49406
255000 20000 149994 -5.84611
260000 20000 149994 -6.39257
260000 10000 149993 -6.69495
265000 10000 149991 -8.8334
260000 15000 149993 -7.49406
265000 15000 149992 -7.54536
265000 10000 149991 -8.8334
270000 10000 149991 -9.29052
265000 15000 149992 -7.54536
270000 15000 149990 -10.0247
260000 15000 149993 -7.49406
265000 15000 149992 -7.54536
260000 20000 149994 -6.39257
265000 20000 149991 -8.90399
265000 15000 149992 -7.54536
270000 15000 149990 -10.0247
265000 20000 149991 -8.90399
270000 20000 149992 -8.42416
270000 10000 149991 -9.29052
275000 10000 149990 -9.95698
270000 15000 149990 -10.0247
275000 15000 149990 -9.5566
275000 10000 149990 -9.95698
280000 10000 149990 -10.0239
275000 15000 149990 -9.5566
280000 15000 149990 -9.83911
270000 15000 149990 -10.0247
275000 15000 149990 -9.5566
270000 20000 149992 -8.42416
275000 20000 149990 -10.1389
275000 15000 149990 -9.5566
280000 15000 149990 -9.83911
275000 20000 149990 -10.1389
280000 20000 149989 -10.7002
280000 10000 149990 -10.0239
285000 10000 149989 -10.6577
280000 15000 149990 -9.83911
285000 15000 149989 -10.7456
285000 10000 149989 -10.6577
290000 10000 149989 -11.0269
285000 15000 149989 -10.7456
290000 15000 149989 -10.9894
280000 15000 149990 -9.83911
285000 15000 149989 -10.7456
280000 20000 149989 -10.7002
285000 20000 149989 -10.849
285000 15000 149989 -10.7456
290000 15000 149989 -10.9894
285000 20000 149989 -10.849
290000 20000 149989 -10.9947
290000 10000 149989 -11.0269
295000 10000 149990 -10.4635
290000 15000 149989 -10.9894
295000 15000 149989 -11.2425
295000 10000 149990 -10.4635
300000 10000 149989 -10.9095
295000 15000 149989 -11.2425
300000 15000 149989 -11.1817
290000 15000 149989 -10.9894
295000 15000 149989 -11.2425
290000 20000 149989 -10.9947
295000 20000 149989 -11.0188
295000 15000 149989 -11.2425
300000 15000 149989 -11.1817
295000 20000 149989 -11.0188
300000 20000 149989 -11.2756
240000 20000 149998 -2.47787
245000 20000 149995 -5.01023
240000 25000 149998 -1.80023
245000 25000 149997 -3.46045
245000 20000 149995 -5.01023
250000 20000 149995 -5.41614
245000 25000 149997 -3.46045
250000 25000 149994 -6.07914
240000 25000 149998 -1.80023
245000 25000 149997 -3.46045
240000 30000 149998 -2.3639
245000 30000 149996 -4.33817
245000 25000 149997 -3.46045
250000 25000 149994 -6.07914
245000 30000 149996 -4.33817
250000 30000 149995 -5.01602
250000 20000 149995 -5.41614
255000 20000 149994 -5.84611
250000 25000 149994 -6.07914
255000 25000 149994 -6.00182
255000 20000 149994 -5.84611
260000 20000 149994 -6.39257
255000 25000 149994 -6.00182
260000 25000 149992 -8.13725
250000 25000 149994 -6.07914
255000 25000 149994 -6.00182
250000 30000 149995 -5.01602
255000 30000 149994 -6.34992
255000 25000 149994 -6.00182
260000 25000 149992 -8.13725
255000 30000 149994 -6.34992
260000 30000 149993 -7.47027
260000 20000 149994 -6.39257
265000 20000 149991 -8.90399
260000 25000 149992 -8.13725
265000 25000 149992 -8.31804
265000 20000 149991 -8.90399
270000 20000 149992 -8.42416
265000 25000 149992 -8.31804
270000 25000 149991 -9.18782
260000 25000 149992 -8.13725
265000 25000 149992 -8.31804
260000 30000 149993 -7.47027
265000 30000 149993 -7.30662
265000 25000 149992 -8.31804
270000 25000 149991 -9.18782
265000 30000 149993 -7.30662
270000 30000 149992 -8.23839
270000 20000 149992 -8.42416
275000 20000 149990 -10.1389
270000 25000 149991 -9.18782
275000 25000 149991 -8.84078
275000 20000 149990 -10.1389
280000 20000 149989 -10.7002
275000 25000 149991 -8.84078
280000 25000 149991 -9.07538
270000 25000 149991 -9.18782
275000 25000 149991 -8.84078
270000 30000 149992 -8.23839
275000 30000 149991 -8.79826
275000 25000 149991 -8.84078
280000 25000 149991 -9.07538
275000 30000 149991 -8.79826
280000 30000 149990 -9.59222
280000 20000 149989 -10.7002
285000 20000 149989 -10.849
280000 25000 149991 -9.07538
285000 25000 149989 -10.852
285000 20000 149989 -10.849
290000 20000 149989 -10.9947
285000 25000 149989 -10.852
290000 25000 149989 -10.714
280000 25000 149991 -9.07538
285000 25000 149989 -10.852
280000 30000 149990 -9.59222
285000 30000 149989 -10.8274
285000 25000 149989 -10.852
290000 25000 149989 -10.714
285000 30000 149989 -10.8274
290000 30000 149989 -10.9227
290000 20000 149989 -10.9947
295000 20000 149989 -11.0188
290000 25000 149989 -10.714
295000 25000 149989 -10.8106
295000 20000 149989 -11.0188
300000 20000 149989 -11.2756
295000 25000 149989 -10.8106
300000 25000 149989 -11.1444
290000 25000 149989 -10.714
295000 25000 149989 -10.8106
290000 30000 149989 -10.9227
295000 30000 149989 -11.2415
295000 25000 149989 -10.8106
300000 25000 149989 -11.1444
295000 30000 149989 -11.2415
300000 30000 149989 -11.4601
240000 30000 149998 -2.3639
245000 30000 149996 -4.33817
240000 35000 149997 -2.86356
245000 35000 149996 -3.82676
245000 30000 149996 -4.33817
250000 30000 149995 -5.01602
245000 35000 149996 -3.82676
250000 35000 149996 -4.43884
240000 35000 149997 -2.86356
245000 35000 149996 -3.82676
240000 40000 149998 -2.29219
245000 40000 149996 -4.13854
245000 35000 149996 -3.82676
250000 35000 149996 -4.43884
245000 40000 149996 -4.13854
250000 40000 149996 -4.19719
250000 30000 149995 -5.01602
255000 30000 149994 -6.34992
250000 35000 149996 -4.43884
255000 35000 149994 -5.92061
255000 30000 149994 -6.34992
260000 30000 149993 -7.47027
255000 35000 149994 -5.92061
260000 35000 149992 -8.01545
250000 35000 149996 -4.43884
255000 35000 149994 -5.92061
250000 40000 149996 -4.19719
255000 40000 149995 -5.29375
255000 35000 149994 -5.92061
260000 35000 149992 -8.01545
255000 40000 149995 -5.29375
260000 40000 149994 -6.23947
260000 30000 149993 -7.47027
265000 30000 149993 -7.30662
260000 35000 149992 -8.01545
265000 35000 149992 -8.45002
265000 30000 149993 -7.30662
270000 30000 149992 -8.23839
265000 35000 149992 -8.45002
270000 35000 149990 -9.63924
260000 35000 149992 -8.01545
265000 35000 149992 -8.45002
260000 40000 149994 -6.23947
265000 40000 149992 -8.128
265000 35000 149992 -8.45002
270000 35000 149990 -9.63924
265000 40000 149992 -8.128
270000 40000 149991 -8.8308
270000 30000 149992 -8.23839
275000 30000 149991 -8.79826
270000 35000 149990 -9.63924
275000 35000 149991 -9.10075
275000 30000 149991 -8.79826
280000 30000 149990 -9.59222
275000 35000 149991 -9.10075
280000 35000 149991 -9.39596
270000 35000 149990 -9.63924
275000 35000 149991 -9.10075
270000 40000 149991 -8.8308
275000 40000 149991 -8.5767
275000 35000 149991 -9.10075
280000 35000 149991 -9.39596
275000 40000 149991 -8.5767
280000 40000 149990 -9.83216
280000 30000 149990 -9.59222
285000 30000 149989 -10.8274
280000 35000 149991 -9.39596
285000 35000 149990 -10.272
285000 30000 149989 -10.8274
290000 30000 149989 -10.9227
285000 35000 149990 -10.272
290000 35000 149990 -10.2332
280000 35000 149991 -9.39596
285000 35000 149990 -10.272
280000 40000 149990 -9.83216
285000 40000 149990 -9.92436
285000 35000 149990 -10.272
290000 35000 149990 -10.2332
285000 40000 149990 -9.92436
290000 40000 149991 -9.48585
290000 30000 149989 -10.9227
295000 30000 149989 -11.2415
290000 35000 149990 -10.2332
295000 35000 149990 -10.3744
295000 30000 149989 -11.2415
300000 30000 149989 -11.4601
295000 35000 149990 -10.3744
300000 35000 149989 -10.5147
290000 35000 149990 -10.2332
295000 35000 149990 -10.3744
290000 40000 149991 -9.48585
295000 40000 149990 -10.4184
295000 35000 149990 -10.3744
300000 35000 149989 -10.5147
295000 40000 149990 -10.4184
300000 40000 149989 -11.3363
240000 40000 149998 -2.29219
245000 40000 149996 -4.13854
240000 45000 149996 -3.5532
245000 45000 149996 -3.58129
245000 40000 149996 -4.13854
250000 40000 149996 -4.19719
245000 45000 149996 -3.58129
250000 45000 149994 -5.66731
240000 45000 149996 -3.5532
245000 45000 149996 -3.58129
240000 50000 149999 -1.21224
245000 50000 149996 -3.74274
245000 45000 149996 -3.58129
250000 45000 149994 -5.66731
245000 50000 149996 -3.74274
250000 50000 149996 -3.67641
250000 40000 149996 -4.19719
255000 40000 149995 -5.29375
250000 45000 149994 -5.66731
255000 45000 149994 -6.01605
255000 40000 149995 -5.29375
260000 40000 149994 -6.23947
255000 45000 149994 -6.01605
260000 45000 149992 -7.66751
250000 45000 149994 -5.66731
255000 45000 149994 -6.01605
250000 50000 149996 -3.67641
255000 50000 149995 -4.51938
255000 45000 149994 -6.01605
260000 45000 149992 -7.66751
255000 50000 149995 -4.51938
260000 50000 149994 -6.04621
260000 40000 149994 -6.23947
265000 40000 149992 -8.128
260000 45000 149992 -7.66751
265000 45000 149992 -8.4955
265000 40000 149992 -8.128
270000 40000 149991 -8.8308
265000 45000 149992 -8.4955
270000 45000 149991 -9.43826
260000 45000 149992 -7.66751
265000 45000 149992 -8.4955
260000 50000 149994 -6.04621
265000 50000 149993 -7.37408
265000 45000 149992 -8.4955
270000 45000 149991 -9.43826
265000 50000 149993 -7.37408
270000 50000 149992 -7.94047
270000 40000 149991 -8.8308
275000 40000 149991 -8.5767
270000 45000 149991 -9.43826
275000 45000 149992 -8.2527
275000 40000 149991 -8.5767
280000 40000 149990 -9.83216
275000 45000 149992 -8.2527
280000 45000 149990 -9.51674
270000 45000 149991 -9.43826
275000 45000 149992 -8.2527
270000 50000 149992 -7.94047
275000 50000 149990 -9.92973
275000 45000 149992 -8.2527
280000 45000 149990 -9.51674
275000 50000 149990 -9.92973
280000 50000 149990 -9.67693
280000 40000 149990 -9.83216
285000 40000 149990 -9.92436
280000 45000 149990 -9.51674
285000 45000 149990 -10.482
285000 40000 149990 -9.92436
290000 40000 149991 -9.48585
285000 45000 149990 -10.482
290000 45000 149989 -10.7674
280000 45000 149990 -9.51674
285000 45000 149990 -10.482
280000 50000 149990 -9.67693
285000 50000 149990 -10.3119
285000 45000 149990 -10.482
290000 45000 149989 -10.7674
285000 50000 149990 -10.3119
290000 50000 149991 -9.26731
290000 40000 149991 -9.48585
295000 40000 149990 -10.4184
290000 45000 149989 -10.7674
295000 45000 149989 -11.0145
295000 40000 149990 -10.4184
300000 40000 149989 -11.3363
295000 45000 149989 -11.0145
300000 45000 149990 -9.76989
290000 45000 149989 -10.7674
295000 45000 149989 -11.0145
290000 50000 149991 -9.26731
295000 50000 149990 -9.95836
295000 45000 149989 -11.0145
300000 45000 149990 -9.76989
295000 50000 149990 -9.95836
300000 50000 149989 -11.1924
240000 50000 149999 -1.21224
245000 50000 149996 -3.74274
240000 55000 149998 -2.13903
245000 55000 149997 -2.53355
245000 50000 149996 -3.74274
250000 50000 149996 -3.67641
245000 55000 149997 -2.53355
250000 55000 149995 -5.18266
240000 55000 149998 -2.13903
245000 55000 149997 -2.53355
240000 60000 149999 -1.48557
245000 60000 149996 -4.04586
245000 55000 149997 -2.53355
250000 55000 149995 -5.18266
245000 60000 149996 -4.04586
250000 60000 149996 -3.71424
250000 50000 149996 -3.67641
255000 50000 149995 -4.51938
250000 55000 149995 -5.18266
255000 55000 149993 -7.23365
255000 50000 149995 -4.51938
260000 50000 149994 -6.04621
255000 55000 149993 -7.23365
260000 55000 149992 -8.02217
250000 55000 149995 -5.18266
255000 55000 149993 -7.23365
250000 60000 149996 -3.71424
255000 60000 149996 -4.23957
255000 55000 149993 -7.23365
260000 55000 149992 -8.02217
255000 60000 149996 -4.23957
260000 60000 149995 -5.4725
260000 50000 149994 -6.04621
265000 50000 149993 -7.37408
260000 55000 149992 -8.02217
265000 55000 149991 -8.79265
265000 50000 149993 -7.37408
270000 50000 149992 -7.94047
265000 55000 149991 -8.79265
270000 55000 149992 -8.2399
260000 55000 149992 -8.02217
265000 55000 149991 -8.79265
260000 60000 149995 -5.4725
265000 60000 149993 -7.41931
265000 55000 149991 -8.79265
270000 55000 149992 -8.2399
265000 60000 149993 -7.41931
270000 60000 149992 -7.95654
270000 50000 149992 -7.94047
275000 50000 149990 -9.92973
270000 55000 149992 -8.2399
275000 55000 149990 -9.63348
275000 50000 149990 -9.92973
280000 50000 149990 -9.67693
275000 55000 149990 -9.63348
280000 55000 149990 -10.2102
270000 55000 149992 -8.2399
275000 55000 149990 -9.63348
270000 60000 149992 -7.95654
275000 60000 149991 -9.48757
275000 55000 149990 -9.63348
280000 55000 149990 -10.2102
275000 60000 149991 -9.48757
280000 60000 149990 -10.0124
280000 50000 149990 -9.67693
285000 50000 149990 -10.3119
280000 55000 149990 -10.2102
285000 55000 149990 -9.65451
285000 50000 149990 -10.3119
290000 50000 149991 -9.26731
285000 55000 149990 -9.65451
290000 55000 149989 -10.6051
280000 55000 149990 -10.2102
285000 55000 149990 -9.65451
280000 60000 149990 -10.0124
285000 60000 149990 -10.4454
285000 55000 149990 -9.65451
290000 55000 149989 -10.6051
285000 60000 149990 -10.4454
290000 60000 149990 -10.0035
290000 50000 149991 -9.26731
295000 50000 149990 -9.95836
290000 55000 149989 -10.6051
295000 55000 149990 -9.8751
295000 50000 149990 -9.95836
300000 50000 149989 -11.1924
295000 55000 149990 -9.8751
300000 55000 149990 -9.79655
290000 55000 149989 -10.6051
295000 55000 149990 -9.8751
290000 60000 149990 -10.0035
295000 60000 149990 -10.4888
295000 55000 149990 -9.8751
300000 55000 149990 -9.79655
295000 60000 149990 -10.4888
300000 60000 149989 -11.1375
200000 60000 150020 20.0623
205000 60000 150020 19.5659
200000 65000 150023 22.8516
205000 65000 150021 21.4825
205000 60000 150020 19.5659
210000 60000 150016 16.0519
205000 65000 150021 21.4825
210000 65000 150017 17.1138
200000 65000 150023 22.8516
205000 65000 150021 21.4825
200000 70000 150023 23.0881
205000 70000 150020 19.6028
205000 65000 150021 21.4825
210000 65000 150017 17.1138
205000 70000 150020 19.6028
210000 70000 150015 15.1658
210000 60000 150016 16.0519
215000 60000 150013 13.3793
210000 65000 150017 17.1138
215000 65000 150014 14.1013
215000 60000 150013 13.3793
220000 60000 150008 8.36151
215000 65000 150014 14.1013
220000 65000 150010 10.1675
210000 65000 150017 17.1138
215000 65000 150014 14.1013
210000 70000 150015 15.1658
215000 70000 150013 13.3952
215000 65000 150014 14.1013
220000 65000 150010 10.1675
215000 70000 150013 13.3952
220000 70000 150008 8.34635
220000 60000 150008 8.36151
225000 60000 150006 5.7816
220000 65000 150010 10.1675
225000 65000 150007 6.83905
225000 60000 150006 5.7816
230000 60000 150004 3.50958
225000 65000 150007 6.83905
230000 65000 150006 5.96407
220000 65000 150010 10.1675
225000 65000 150007 6.83905
220000 70000 150008 8.34635
225000 70000 150008 7.93276
225000 65000 150007 6.83905
230000 65000 150006 5.96407
225000 70000 150008 7.93276
230000 70000 150004 3.5875
230000 60000 150004 3.50958
235000 60000 150001 1.05028
230000 65000 150006 5.96407
235000 65000 150002 2.44322
235000 60000 150001 1.05028
240000 60000 149999 -1.48557
235000 65000 150002 2.44322
240000 65000 149998 -1.86711
230000 65000 150006 5.96407
235000 65000 150002 2.44322
230000 70000 150004 3.5875
235000 70000 150002 1.5583
235000 65000 150002 2.44322
240000 65000 149998 -1.86711
235000 70000 150002 1.5583
240000 70000 150000 -0.021758
240000 60000 149999 -1.48557
245000 60000 149996 -4.04586
240000 65000 149998 -1.86711
245000 65000 149997 -2.566
245000 60000 149996 -4.04586
250000 60000 149996 -3.71424
245000 65000 149997 -2.566
250000 65000 149997 -3.29141
240000 65000 149998 -1.86711
245000 65000 149997 -2.566
240000 70000 150000 -0.021758
245000 70000 149997 -3.33215
245000 65000 149997 -2.566
250000 65000 149997 -3.29141
245000 70000 149997 -3.33215
250000 70000 149997 -2.63656
250000 60000 149996 -3.71424
255000 60000 149996 -4.23957
250000 65000 149997 -3.29141
255000 65000 149994 -5.6652
255000 60000 149996 -4.23957
260000 60000 149995 -5.4725
255000 65000 149994 -5.6652
260000 65000 149993 -6.96475
250000 65000 149997 -3.29141
255000 65000 149994 -5.6652
250000 70000 149997 -2.63656
255000 70000 149994 -6.13078
255000 65000 149994 -5.6652
260000 65000 149993 -6.96475
255000 70000 149994 -6.13078
260000 70000 149994 -6.15733
260000 60000 149995 -5.4725
265000 60000 149993 -7.41931
260000 65000 149993 -6.96475
265000 65000 149991 -8.5593
265000 60000 149993 -7.41931
270000 60000 149992 -7.95654
265000 65000 149991 -8.5593
270000 65000 149990 -9.84124
260000 65000 149993 -6.96475
265000 65000 149991 -8.5593
260000 70000 149994 -6.15733
265000 70000 149993 -6.69663
265000 65000 149991 -8.5593
270000 65000 149990 -9.84124
265000 70000 149993 -6.69663
270000 70000 149991 -9.00368
270000 60000 149992 -7.95654
275000 60000 149991 -9.48757
270000 65000 149990 -9.84124
275000 65000 149990 -10.0723
275000 60000 149991 -9.48757
280000 60000 149990 -10.0124
275000 65000 149990 -10.0723
280000 65000 149991 -9.39902
270000 65000 149990 -9.84124
275000 65000 149990 -10.0723
270000 70000 149991 -9.00368
275000 70000 149990 -9.54423
275000 65000 149990 -10.0723
280000 65000 149991 -9.39902
275000 70000 149990 -9.54423
280000 70000 149990 -9.69826
280000 60000 149990 -10.0124
285000 60000 149990 -10.4454
280000 65000 149991 -9.39902
285000 65000 149990 -10.1152
285000 60000 149990 -10.4454
290000 60000 149990 -10.0035
285000 65000 149990 -10.1152
290000 65000 149990 -10.1138
280000 65000 149991 -9.39902
285000 65000 149990 -10.1152
280000 70000 149990 -9.69826
285000 70000 149991 -9.05325
285000 65000 149990 -10.1152
290000 65000 149990 -10.1138
285000 70000 149991 -9.05325
290000 70000 149990 -10.3632
290000 60000 149990 -10.0035
295000 60000 149990 -10.4888
290000 65000 149990 -10.1138
295000 65000 149989 -10.8972
295000 60000 149990 -10.4888
300000 60000 149989 -11.1375
295000 65000 149989 -10.8972
300000 65000 149989 -10.8224
290000 65000 149990 -10.1138
295000 65000 149989 -10.8972
290000 70000 149990 -10.3632
295000 70000 149990 -10.1069
295000 65000 149989 -10.8972
300000 65000 149989 -10.8224
295000 70000 149990 -10.1069
300000 70000 149989 -10.6611
200000 70000 150023 23.0881
205000 70000 150020 19.6028
200000 75000 150023 23.0535
205000 75000 150022 21.9711
205000 70000 150020 19.6028
210000 70000 150015 15.1658
205000 75000 150022 21.9711
210000 75000 150019 18.9161
200000 75000 150023 23.0535
205000 75000 150022 21.9711
200000 80000 150025 25.3939
205000 80000 150022 21.6385
205000 75000 150022 21.9711
210000 75000 150019 18.9161
205000 80000 150022 21.6385
210000 80000 150019 18.7715
210000 70000 150015 15.1658
215000 70000 150013 13.3952
210000 75000 150019 18.9161
215000 75000 150015 14.7098
215000 70000 150013 13.3952
220000 70000 150008 8.34635
215000 75000 150015 14.7098
220000 75000 150010 9.64581
210000 75000 150019 18.9161
215000 75000 150015 14.7098
210000 80000 150019 18.7715
215000 80000 150015 14.5078
215000 75000 150015 14.7098
220000 75000 150010 9.64581
215000 80000 150015 14.5078
220000 80000 150011 11.0214
220000 70000 150008 8.34635
225000 70000 150008 7.93276
220000 75000 150010 9.64581
225000 75000 150007 7.40339
225000 70000 150008 7.93276
230000 70000 150004 3.5875
225000 75000 150007 7.40339
230000 75000 150005 5.21168
220000 75000 150010 9.64581
225000 75000 150007 7.40339
220000 80000 150011 11.0214
225000 80000 150007 7.41434
225000 75000 150007 7.40339
230000 75000 150005 5.21168
225000 80000 150007 7.41434
230000 80000 150003 3.10079
230000 70000 150004 3.5875
235000 70000 150002 1.5583
230000 75000 150005 5.21168
235000 75000 149999 -0.675454
235000 70000 150002 1.5583
240000 70000 150000 -0.021758
235000 75000 149999 -0.675454
240000 75000 149998 -2.45867
230000 75000 150005 5.21168
235000 75000 149999 -0.675454
230000 80000 150003 3.10079
235000 80000 150002 1.59693
235000 75000 149999 -0.675454
240000 75000 149998 -2.45867
235000 80000 150002 1.59693
240000 80000 150000 -0.0971724
240000 70000 150000 -0.021758
245000 70000 149997 -3.33215
240000 75000 149998 -2.45867
245000 75000 149995 -5.23243
245000 70000 149997 -3.33215
250000 70000 149997 -2.63656
245000 75000 149995 -5.23243
250000 75000 149994 -6.42484
240000 75000 149998 -2.45867
245000 75000 149995 -5.23243
240000 80000 150000 -0.0971724
245000 80000 149998 -2.35277
245000 75000 149995 -5.23243
250000 75000 149994 -6.42484
245000 80000 149998 -2.35277
250000 80000 149997 -2.57853
250000 70000 149997 -2.63656
255000 70000 149994 -6.13078
250000 75000 149994 -6.42484
255000 75000 149994 -6.39142
255000 70000 149994 -6.13078
260000 70000 149994 -6.15733
255000 75000 149994 -6.39142
260000 75000 149992 -7.90902
250000 75000 149994 -6.42484
255000 75000 149994 -6.39142
250000 80000 149997 -2.57853
255000 80000 149996 -4.4573
255000 75000 149994 -6.39142
260000 75000 149992 -7.90902
255000 80000 149996 -4.4573
260000 80000 149992 -7.94102
260000 70000 149994 -6.15733
265000 70000 149993 -6.69663
260000 75000 149992 -7.90902
265000 75000 149991 -8.804
265000 70000 149993 -6.69663
270000 70000 149991 -9.00368
265000 75000 149991 -8.804
270000 75000 149992 -7.56044
260000 75000 149992 -7.90902
265000 75000 149991 -8.804
260000 80000 149992 -7.94102
265000 80000 149992 -8.15365
265000 75000 149991 -8.804
270000 75000 149992 -7.56044
265000 80000 149992 -8.15365
270000 80000 149991 -9.32739
270000 70000 149991 -9.00368
275000 70000 149990 -9.54423
270000 75000 149992 -7.56044
275000 75000 149991 -9.08001
275000 70000 149990 -9.54423
280000 70000 149990 -9.69826
275000 75000 149991 -9.08001
280000 75000 149992 -7.95505
270000 75000 149992 -7.56044
275000 75000 149991 -9.08001
270000 80000 149991 -9.32739
275000 80000 149991 -9.13297
275000 75000 149991 -9.08001
280000 75000 149992 -7.95505
275000 80000 149991 -9.13297
280000 80000 149990 -9.74955
280000 70000 149990 -9.69826
285000 70000 149991 -9.05325
280000 75000 149992 -7.95505
285000 75000 149991 -9.31738
285000 70000 149991 -9.05325
290000 70000 149990 -10.3632
285000 75000 149991 -9.31738
290000 75000 149990 -9.75908
280000 75000 149992 -7.95505
285000 75000 149991 -9.31738
280000 80000 149990 -9.74955
285000 80000 149990 -10.1224
285000 75000 149991 -9.31738
290000 75000 149990 -9.75908
285000 80000 149990 -10.1224
290000 80000 149991 -9.40257
290000 70000 149990 -10.3632
295000 70000 149990 -10.1069
290000 75000 149990 -9.75908
295000 75000 149990 -10.0754
295000 70000 149990 -10.1069
300000 70000 149989 -10.6611
295000 75000 149990 -10.0754
300000 75000 149990 -9.72046
290000 75000 149990 -9.75908
295000 75000 149990 -10.0754
290000 80000 149991 -9.40257
295000 80000 149990 -9.70117
295000 75000 149990 -10.0754
300000 75000 149990 -9.72046
295000 80000 149990 -9.70117
300000 80000 149989 -10.5082
160000 80000 149928 -72.469
165000 80000 149944 -55.5338
160000 85000 149944 -56.3499
165000 85000 149928 -72.3538
165000 80000 149944 -55.5338
170000 80000 149981 -19.3779
165000 85000 149928 -72.3538
170000 85000 149969 -30.8974
160000 85000 149944 -56.3499
165000 85000 149928 -72.3538
160000 90000 149968 -32.0593
165000 90000 149935 -65.2488
165000 85000 149928 -72.3538
170000 85000 149969 -30.8974
165000 90000 149935 -65.2488
170000 90000 149947 -52.875
170000 80000 149981 -19.3779
175000 80000 150013 13.1054
170000 85000 149969 -30.8974
175000 85000 149997 -3.19975
175000 80000 150013 13.1054
180000 80000 150026 25.5181
175000 85000 149997 -3.19975
180000 85000 150021 21.2145
170000 85000 149969 -30.8974
175000 85000 149997 -3.19975
170000 90000 149947 -52.875
175000 90000 149980 -19.71
175000 85000 149997 -3.19975
180000 85000 150021 21.2145
175000 90000 149980 -19.71
180000 90000 150010 9.67105
180000 80000 150026 25.5181
185000 80000 150027 26.6137
180000 85000 150021 21.2145
185000 85000 150028 28.2224
185000 80000 150027 26.6137
190000 80000 150028 27.5795
185000 85000 150028 28.2224
190000 85000 150026 25.9792
180000 85000 150021 21.2145
185000 85000 150028 28.2224
180000 90000 150010 9.67105
185000 90000 150030 29.6284
185000 85000 150028 28.2224
190000 85000 150026 25.9792
185000 90000 150030 29.6284
190000 90000 150028 28.3891
190000 80000 150028 27.5795
195000 80000 150026 26.146
190000 85000 150026 25.9792
195000 85000 150024 24.0446
195000 80000 150026 26.146
200000 80000 150025 25.3939
195000 85000 150024 24.0446
200000 85000 150024 23.9269
190000 85000 150026 25.9792
195000 85000 150024 24.0446
190000 90000 150028 28.3891
195000 90000 150025 24.7555
195000 85000 150024 24.0446
200000 85000 150024 23.9269
195000 90000 150025 24.7555
200000 90000 150024 23.7782
200000 80000 150025 25.3939
205000 80000 150022 21.6385
200000 85000 150024 23.9269
205000 85000 150022 21.8349
205000 80000 150022 21.6385
210000 80000 150019 18.7715
205000 85000 150022 21.8349
210000 85000 150021 21.1892
200000 85000 150024 23.9269
205000 85000 150022 21.8349
200000 90000 150024 23.7782
205000 90000 150022 22.217
205000 85000 150022 21.8349
210000 85000 150021 21.1892
205000 90000 150022 22.217
210000 90000 150018 18.113
210000 80000 150019 18.7715
215000 80000 150015 14.5078
210000 85000 150021 21.1892
215000 85000 150017 17.0738
215000 80000 150015 14.5078
220000 80000 150011 11.0214
215000 85000 150017 17.0738
220000 85000 150011 11.3478
210000 85000 150021 21.1892
215000 85000 150017 17.0738
210000 90000 150018 18.113
215000 90000 150014 14.1282
215000 85000 150017 17.0738
220000 85000 150011 11.3478
215000 90000 150014 14.1282
220000 90000 150010 10.4426
220000 80000 150011 11.0214
225000 80000 150007 7.41434
220000 85000 150011 11.3478
225000 85000 150008 8.37239
225000 80000 150007 7.41434
230000 80000 150003 3.10079
225000 85000 150008 8.37239
230000 85000 150007 6.54255
220000 85000 150011 11.3478
225000 85000 150008 8.37239
220000 90000 150010 10.4426
225000 90000 150010 9.99133
225000 85000 150008 8.37239
230000 85000 150007 6.54255
225000 90000 150010 9.99133
230000 90000 150006 5.74258
230000 80000 150003 3.10079
235000 80000 150002 1.59693
230000 85000 150007 6.54255
235000 85000 150003 3.36915
235000 80000 150002 1.59693
240000 80000 150000 -0.0971724
235000 85000 150003 3.36915
240000 85000 150000 -0.275986
230000 85000 150007 6.54255
235000 85000 150003 3.36915
230000 90000 150006 5.74258
235000 90000 150002 1.78911
235000 85000 150003 3.36915
240000 85000 150000 -0.275986
235000 90000 150002 1.78911
240000 90000 149999 -0.965379
240000 80000 150000 -0.0971724
245000 80000 149998 -2.35277
240000 85000 150000 -0.275986
245000 85000 149996 -3.76921
245000 80000 149998 -2.35277
250000 80000 149997 -2.57853
245000 85000 149996 -3.76921
250000 85000 149997 -3.18096
240000 85000 150000 -0.275986
245000 85000 149996 -3.76921
240000 90000 149999 -0.965379
245000 90000 149997 -2.7012
245000 85000 149996 -3.76921
250000 85000 149997 -3.18096
245000 90000 149997 -2.7012
250000 90000 149995 -5.23502
250000 80000 149997 -2.57853
255000 80000 149996 -4.4573
250000 85000 149997 -3.18096
255000 85000 149993 -7.02406
255000 80000 149996 -4.4573
260000 80000 149992 -7.94102
255000 85000 149993 -7.02406
260000 85000 149992 -8.05969
250000 85000 149997 -3.18096
255000 85000 149993 -7.02406
250000 90000 149995 -5.23502
255000 90000 149995 -5.4934
255000 85000 149993 -7.02406
260000 85000 149992 -8.05969
255000 90000 149995 -5.4934
260000 90000 149994 -6.31193
260000 80000 149992 -7.94102
265000 80000 149992 -8.15365
260000 85000 149992 -8.05969
265000 85000 149991 -9.10415
265000 80000 149992 -8.15365
270000 80000 149991 -9.32739
265000 85000 149991 -9.10415
270000 85000 149992 -7.96764
260000 85000 149992 -8.05969
265000 85000 149991 -9.10415
260000 90000 149994 -6.31193
265000 90000 149992 -7.90491
265000 85000 149991 -9.10415
270000 85000 149992 -7.96764
265000 90000 149992 -7.90491
270000 90000 149991 -9.14598
270000 80000 149991 -9.32739
275000 80000 149991 -9.13297
270000 85000 149992 -7.96764
275000 85000 149990 -9.52677
275000 80000 149991 -9.13297
280000 80000 149990 -9.74955
275000 85000 149990 -9.52677
280000 85000 149991 -9.11876
270000 85000 149992 -7.96764
275000 85000 149990 -9.52677
270000 90000 149991 -9.14598
275000 90000 149991 -8.97423
275000 85000 149990 -9.52677
280000 85000 149991 -9.11876
275000 90000 149991 -8.97423
280000 90000 149991 -9.25293
280000 80000 149990 -9.74955
285000 80000 149990 -10.1224
280000 85000 149991 -9.11876
285000 85000 149990 -10.3012
285000 80000 149990 -10.1224
290000 80000 149991 -9.40257
285000 85000 149990 -10.3012
290000 85000 149990 -10.3961
280000 85000 149991 -9.11876
285000 85000 149990 -10.3012
280000 90000 149991 -9.25293
285000 90000 149990 -9.69782
285000 85000 149990 -10.3012
290000 85000 149990 -10.3961
285000 90000 149990 -9.69782
290000 90000 149990 -10.473
290000 80000 149991 -9.40257
295000 80000 149990 -9.70117
290000 85000 149990 -10.3961
295000 85000 149989 -10.6426
295000 80000 149990 -9.70117
300000 80000 149989 -10.5082
295000 85000 149989 -10.6426
300000 85000 149989 -10.8215
290000 85000 149990 -10.3961
295000 85000 149989 -10.6426
290000 90000 149990 -10.473
295000 90000 149989 -10.7762
295000 85000 149989 -10.6426
300000 85000 149989 -10.8215
295000 90000 149989 -10.7762
300000 90000 149989 -10.9037
160000 90000 149968 -32.0593
165000 90000 149935 -65.2488
160000 95000 149980 -20.0092
165000 95000 149953 -47.1543
165000 90000 149935 -65.2488
170000 90000 149947 -52.875
165000 95000 149953 -47.1543
170000 95000 149940 -60.1112
160000 95000 149980 -20.0092
165000 95000 149953 -47.1543
160000 100000 149987 -13.2988
165000 100000 149970 -29.9588
165000 95000 149953 -47.1543
170000 95000 149940 -60.1112
165000 100000 149970 -29.9588
170000 100000 149951 -49.2838
170000 90000 149947 -52.875
175000 90000 149980 -19.71
170000 95000 149940 -60.1112
175000 95000 149970 -29.9618
175000 90000 149980 -19.71
180000 90000 150010 9.67105
175000 95000 149970 -29.9618
180000 95000 149997 -2.96434
170000 95000 149940 -60.1112
175000 95000 149970 -29.9618
170000 100000 149951 -49.2838
175000 100000 149960 -40.2718
175000 95000 149970 -29.9618
180000 95000 149997 -2.96434
175000 100000 149960 -40.2718
180000 100000 149984 -16.3819
180000 90000 150010 9.67105
185000 90000 150030 29.6284
180000 95000 149997 -2.96434
185000 95000 150023 23.4591
185000 90000 150030 29.6284
190000 90000 150028 28.3891
185000 95000 150023 23.4591
190000 95000 150028 28.0278
180000 95000 149997 -2.96434
185000 95000 150023 23.4591
180000 100000 149984 -16.3819
185000 100000 150016 16.0092
185000 95000 150023 23.4591
190000 95000 150028 28.0278
185000 100000 150016 16.0092
190000 100000 150027 26.8864
190000 90000 150028 28.3891
195000 90000 150025 24.7555
190000 95000 150028 28.0278
195000 95000 150027 26.6117
195000 90000 150025 24.7555
200000 90000 150024 23.7782
195000 95000 150027 26.6117
200000 95000 150023 23.4849
190000 95000 150028 28.0278
195000 95000 150027 26.6117
190000 100000 150027 26.8864
195000 100000 150026 25.7941
195000 95000 150027 26.6117
200000 95000 150023 23.4849
195000 100000 150026 25.7941
200000 100000 150023 22.8194
200000 90000 150024 23.7782
205000 90000 150022 22.217
200000 95000 150023 23.4849
205000 95000 150022 21.5007
205000 90000 150022 22.217
210000 90000 150018 18.113
205000 95000 150022 21.5007
210000 95000 150021 21.0268
200000 95000 150023 23.4849
205000 95000 150022 21.5007
200000 100000 150023 22.8194
205000 100000 150021 21.1996
205000 95000 150022 21.5007
210000 95000 150021 21.0268
205000 100000 150021 21.1996
210000 100000 150018 17.6963
210000 90000 150018 18.113
215000 90000 150014 14.1282
210000 95000 150021 21.0268
215000 95000 150015 15.1744
215000 90000 150014 14.1282
220000 90000 150010 10.4426
215000 95000 150015 15.1744
220000 95000 150011 10.9841
210000 95000 150021 21.0268
215000 95000 150015 15.1744
210000 100000 150018 17.6963
215000 100000 150018 17.7622
215000 95000 150015 15.1744
220000 95000 150011 10.9841
215000 100000 150018 17.7622
220000 100000 150013 12.6998
220000 90000 150010 10.4426
225000 90000 150010 9.99133
220000 95000 150011 10.9841
225000 95000 150009 9.37216
225000 90000 150010 9.99133
230000 90000 150006 5.74258
225000 95000 150009 9.37216
230000 95000 150005 4.50507
220000 95000 150011 10.9841
225000 95000 150009 9.37216
220000 100000 150013 12.6998
225000 100000 150009 9.33331
225000 95000 150009 9.37216
230000 95000 150005 4.50507
225000 100000 150009 9.33331
230000 100000 150006 6.27107
230000 90000 150006 5.74258
235000 90000 150002 1.78911
230000 95000 150005 4.50507
235000 95000 150001 1.47683
235000 90000 150002 1.78911
240000 90000 149999 -0.965379
235000 95000 150001 1.47683
240000 95000 150001 0.972141
230000 95000 150005 4.50507
235000 95000 150001 1.47683
230000 100000 150006 6.27107
235000 100000 150003 3.40076
235000 95000 150001 1.47683
240000 95000 150001 0.972141
235000 100000 150003 3.40076
240000 100000 149999 -1.46471
240000 90000 149999 -0.965379
245000 90000 149997 -2.7012
240000 95000 150001 0.972141
245000 95000 149998 -1.55766
245000 90000 149997 -2.7012
250000 90000 149995 -5.23502
245000 95000 149998 -1.55766
250000 95000 149995 -5.46356
240000 95000 150001 0.972141
245000 95000 149998 -1.55766
240000 100000 149999 -1.46471
245000 100000 149996 -4.0101
245000 95000 149998 -1.55766
250000 95000 149995 -5.46356
245000 100000 149996 -4.0101
250000 100000 149996 -4.35888
250000 90000 149995 -5.23502
255000 90000 149995 -5.4934
250000 95000 149995 -5.46356
255000 95000 149992 -7.68552
255000 90000 149995 -5.4934
260000 90000 149994 -6.31193
255000 95000 149992 -7.68552
260000 95000 149992 -7.87063
250000 95000 149995 -5.46356
255000 95000 149992 -7.68552
250000 100000 149996 -4.35888
255000 100000 149993 -6.68941
255000 95000 149992 -7.68552
260000 95000 149992 -7.87063
255000 100000 149993 -6.68941
260000 100000 149992 -8.21017
260000 90000 149994 -6.31193
265000 90000 149992 -7.90491
260000 95000 149992 -7.87063
265000 95000 149992 -8.11448
265000 90000 149992 -7.90491
270000 90000 149991 -9.14598
265000 95000 149992 -8.11448
270000 95000 149991 -9.23966
260000 95000 149992 -7.87063
265000 95000 149992 -8.11448
260000 100000 149992 -8.21017
265000 100000 149993 -7.20772
265000 95000 149992 -8.11448
270000 95000 149991 -9.23966
265000 100000 149993 -7.20772
270000 100000 149992 -8.04
270000 90000 149991 -9.14598
275000 90000 149991 -8.97423
270000 95000 149991 -9.23966
275000 95000 149991 -8.74992
275000 90000 149991 -8.97423
280000 90000 149991 -9.25293
275000 95000 149991 -8.74992
280000 95000 149990 -9.95984
270000 95000 149991 -9.23966
275000 95000 149991 -8.74992
270000 100000 149992 -8.04
275000 100000 149991 -9.33704
275000 95000 149991 -8.74992
280000 95000 149990 -9.95984
275000 100000 149991 -9.33704
280000 100000 149990 -9.85309
280000 90000 149991 -9.25293
285000 90000 149990 -9.69782
280000 95000 149990 -9.95984
285000 95000 149990 -10.0024
285000 90000 149990 -9.69782
290000 90000 149990 -10.473
285000 95000 149990 -10.0024
290000 95000 149990 -9.90334
280000 95000 149990 -9.95984
285000 95000 149990 -10.0024
280000 100000 149990 -9.85309
285000 100000 149991 -9.31958
285000 95000 149990 -10.0024
290000 95000 149990 -9.90334
285000 100000 149991 -9.31958
290000 100000 149990 -9.6224
290000 90000 149990 -10.473
295000 90000 149989 -10.7762
290000 95000 149990 -9.90334
295000 95000 149990 -9.72822
295000 90000 149989 -10.7762
300000 90000 149989 -10.9037
295000 95000 149990 -9.72822
300000 95000 149989 -10.9626
290000 95000 149990 -9.90334
295000 95000 149990 -9.72822
290000 100000 149990 -9.6224
295000 100000 149990 -10.1792
295000 95000 149990 -9.72822
300000 95000 149989 -10.9626
295000 100000 149990 -10.1792
300000 100000 149989 -10.9823
160000 100000 149987 -13.2988
165000 100000 149970 -29.9588
160000 105000 149991 -9.23512
165000 105000 149979 -21.0853
165000 100000 149970 -29.9588
170000 100000 149951 -49.2838
165000 105000 149979 -21.0853
170000 105000 149966 -34.3202
160000 105000 149991 -9.23512
165000 105000 149979 -21.0853
160000 110000 149994 -5.86328
165000 110000 149981 -19.0808
165000 105000 149979 -21.0853
170000 105000 149966 -34.3202
165000 110000 149981 -19.0808
170000 110000 149977 -23.1085
170000 100000 149951 -49.2838
175000 100000 149960 -40.2718
170000 105000 149966 -34.3202
175000 105000 149969 -30.6197
175000 100000 149960 -40.2718
180000 100000 149984 -16.3819
175000 105000 149969 -30.6197
180000 105000 149982 -17.6325
170000 105000 149966 -34.3202
175000 105000 149969 -30.6197
170000 110000 149977 -23.1085
175000 110000 149978 -21.5945
175000 105000 149969 -30.6197
180000 105000 149982 -17.6325
175000 110000 149978 -21.5945
180000 110000 149987 -13.2951
180000 100000 149984 -16.3819
185000 100000 150016 16.0092
180000 105000 149982 -17.6325
185000 105000 150007 7.08783
185000 100000 150016 16.0092
190000 100000 150027 26.8864
185000 105000 150007 7.08783
190000 105000 150021 20.578
180000 105000 149982 -17.6325
185000 105000 150007 7.08783
180000 110000 149987 -13.2951
185000 110000 150002 1.55534
185000 105000 150007 7.08783
190000 105000 150021 20.578
185000 110000 150002 1.55534
190000 110000 150014 13.6279
190000 100000 150027 26.8864
195000 100000 150026 25.7941
190000 105000 150021 20.578
195000 105000 150023 23.4876
195000 100000 150026 25.7941
200000 100000 150023 22.8194
195000 105000 150023 23.4876
200000 105000 150021 21.3251
190000 105000 150021 20.578
195000 105000 150023 23.4876
190000 110000 150014 13.6279
195000 110000 150019 18.7885
195000 105000 150023 23.4876
200000 105000 150021 21.3251
195000 110000 150019 18.7885
200000 110000 150019 18.9515
200000 100000 150023 22.8194
205000 100000 150021 21.1996
200000 105000 150021 21.3251
205000 105000 150019 18.9801
205000 100000 150021 21.1996
210000 100000 150018 17.6963
205000 105000 150019 18.9801
210000 105000 150017 17.2728
200000 105000 150021 21.3251
205000 105000 150019 18.9801
200000 110000 150019 18.9515
205000 110000 150019 18.5255
205000 105000 150019 18.9801
210000 105000 150017 17.2728
205000 110000 150019 18.5255
210000 110000 150016 16.3905
210000 100000 150018 17.6963
215000 100000 150018 17.7622
210000 105000 150017 17.2728
215000 105000 150015 15.0775
215000 100000 150018 17.7622
220000 100000 150013 12.6998
215000 105000 150015 15.0775
220000 105000 150014 13.5082
210000 105000 150017 17.2728
215000 105000 150015 15.0775
210000 110000 150016 16.3905
215000 110000 150013 13.1942
215000 105000 150015 15.0775
220000 105000 150014 13.5082
215000 110000 150013 13.1942
220000 110000 150011 11.1256
220000 100000 150013 12.6998
225000 100000 150009 9.33331
220000 105000 150014 13.5082
225000 105000 150012 11.5504
225000 100000 150009 9.33331
230000 100000 150006 6.27107
225000 105000 150012 11.5504
230000 105000 150006 6.30145
220000 105000 150014 13.5082
225000 105000 150012 11.5504
220000 110000 150011 11.1256
225000 110000 150008 8.14326
225000 105000 150012 11.5504
230000 105000 150006 6.30145
225000 110000 150008 8.14326
230000 110000 150006 5.69656
230000 100000 150006 6.27107
235000 100000 150003 3.40076
230000 105000 150006 6.30145
235000 105000 150002 1.86584
235000 100000 150003 3.40076
240000 100000 149999 -1.46471
235000 105000 150002 1.86584
240000 105000 150001 0.506696
230000 105000 150006 6.30145
235000 105000 150002 1.86584
230000 110000 150006 5.69656
235000 110000 150003 3.30336
235000 105000 150002 1.86584
240000 105000 150001 0.506696
235000 110000 150003 3.30336
240000 110000 149998 -2.38462
240000 100000 149999 -1.46471
245000 100000 149996 -4.0101
240000 105000 150001 0.506696
245000 105000 149999 -1.46539
245000 100000 149996 -4.0101
250000 100000 149996 -4.35888
245000 105000 149999 -1.46539
250000 105000 149996 -4.16271
240000 105000 150001 0.506696
245000 105000 149999 -1.46539
240000 110000 149998 -2.38462
245000 110000 149997 -2.53772
245000 105000 149999 -1.46539
250000 105000 149996 -4.16271
245000 110000 149997 -2.53772
250000 110000 149996 -4.32598
250000 100000 149996 -4.35888
255000 100000 149993 -6.68941
250000 105000 149996 -4.16271
255000 105000 149994 -5.71347
255000 100000 149993 -6.68941
260000 100000 149992 -8.21017
255000 105000 149994 -5.71347
260000 105000 149994 -5.93512
250000 105000 149996 -4.16271
255000 105000 149994 -5.71347
250000 110000 149996 -4.32598
255000 110000 149995 -5.4469
255000 105000 149994 -5.71347
260000 105000 149994 -5.93512
255000 110000 149995 -5.4469
260000 110000 149993 -6.57407
260000 100000 149992 -8.21017
265000 100000 149993 -7.20772
260000 105000 149994 -5.93512
265000 105000 149993 -7.18732
265000 100000 149993 -7.20772
270000 100000 149992 -8.04
265000 105000 149993 -7.18732
270000 105000 149991 -9.24894
260000 105000 149994 -5.93512
265000 105000 149993 -7.18732
260000 110000 149993 -6.57407
265000 110000 149993 -7.16298
265000 105000 149993 -7.18732
270000 105000 149991 -9.24894
265000 110000 149993 -7.16298
270000 110000 149991 -9.17441
270000 100000 149992 -8.04
275000 100000 149991 -9.33704
270000 105000 149991 -9.24894
275000 105000 149991 -8.66097
275000 100000 149991 -9.33704
280000 100000 149990 -9.85309
275000 105000 149991 -8.66097
280000 105000 149990 -9.91752
270000 105000 149991 -9.24894
275000 105000 149991 -8.66097
270000 110000 149991 -9.17441
275000 110000 149991 -9.474
275000 105000 149991 -8.66097
280000 105000 149990 -9.91752
275000 110000 149991 -9.474
280000 110000 149990 -9.50151
280000 100000 149990 -9.85309
285000 100000 149991 -9.31958
280000 105000 149990 -9.91752
285000 105000 149990 -10.2539
285000 100000 149991 -9.31958
290000 100000 149990 -9.6224
285000 105000 149990 -10.2539
290000 105000 149990 -9.80802
280000 105000 149990 -9.91752
285000 105000 149990 -10.2539
280000 110000 149990 -9.50151
285000 110000 149990 -9.52039
285000 105000 149990 -10.2539
290000 105000 149990 -9.80802
285000 110000 149990 -9.52039
290000 110000 149990 -9.52734
290000 100000 149990 -9.6224
295000 100000 149990 -10.1792
290000 105000 149990 -9.80802
295000 105000 149990 -9.86571
295000 100000 149990 -10.1792
300000 100000 149989 -10.9823
295000 105000 149990 -9.86571
300000 105000 149989 -10.9332
290000 105000 149990 -9.80802
295000 105000 149990 -9.86571
290000 110000 149990 -9.52734
295000 110000 149990 -10.322
295000 105000 149990 -9.86571
300000 105000 149989 -10.9332
295000 110000 149990 -10.322
300000 110000 149990 -10.469
160000 110000 149994 -5.86328
165000 110000 149981 -19.0808
160000 115000 149987 -13.0007
165000 115000 149983 -17.3747
165000 110000 149981 -19.0808
170000 110000 149977 -23.1085
165000 115000 149983 -17.3747
170000 115000 149981 -19.1964
160000 115000 149987 -13.0007
165000 115000 149983 -17.3747
160000 120000 149996 -4.23131
165000 120000 149989 -10.9796
165000 115000 149983 -17.3747
170000 115000 149981 -19.1964
165000 120000 149989 -10.9796
170000 120000 149984 -16.3212
170000 110000 149977 -23.1085
175000 110000 149978 -21.5945
170000 115000 149981 -19.1964
175000 115000 149982 -17.5292
175000 110000 149978 -21.5945
180000 110000 149987 -13.2951
175000 115000 149982 -17.5292
180000 115000 149987 -13.2714
170000 115000 149981 -19.1964
175000 115000 149982 -17.5292
170000 120000 149984 -16.3212
175000 120000 149985 -14.6888
175000 115000 149982 -17.5292
180000 115000 149987 -13.2714
175000 120000 149985 -14.6888
180000 120000 149989 -10.562
180000 110000 149987 -13.2951
185000 110000 150002 1.55534
180000 115000 149987 -13.2714
185000 115000 149997 -2.86218
185000 110000 150002 1.55534
190000 110000 150014 13.6279
185000 115000 149997 -2.86218
190000 115000 150011 11.3126
180000 115000 149987 -13.2714
185000 115000 149997 -2.86218
180000 120000 149989 -10.562
185000 120000 149998 -2.1927
185000 115000 149997 -2.86218
190000 115000 150011 11.3126
185000 120000 149998 -2.1927
190000 120000 150008 7.90219
190000 110000 150014 13.6279
195000 110000 150019 18.7885
190000 115000 150011 11.3126
195000 115000 150014 13.8171
195000 110000 150019 18.7885
200000 110000 150019 18.9515
195000 115000 150014 13.8171
200000 115000 150018 17.6437
190000 115000 150011 11.3126
195000 115000 150014 13.8171
190000 120000 150008 7.90219
195000 120000 150016 15.5467
195000 115000 150014 13.8171
200000 115000 150018 17.6437
195000 120000 150016 15.5467
200000 120000 150018 18.1362
200000 110000 150019 18.9515
205000 110000 150019 18.5255
200000 115000 150018 17.6437
205000 115000 150020 19.5332
205000 110000 150019 18.5255
210000 110000 150016 16.3905
205000 115000 150020 19.5332
210000 115000 150020 19.5751
200000 115000 150018 17.6437
205000 115000 150020 19.5332
200000 120000 150018 18.1362
205000 120000 150020 19.6456
205000 115000 150020 19.5332
210000 115000 150020 19.5751
205000 120000 150020 19.6456
210000 120000 150019 18.8872
210000 110000 150016 16.3905
215000 110000 150013 13.1942
210000 115000 150020 19.5751
215000 115000 150015 14.7992
215000 110000 150013 13.1942
220000 110000 150011 11.1256
215000 115000 150015 14.7992
220000 115000 150013 13.3716
210000 115000 150020 19.5751
215000 115000 150015 14.7992
210000 120000 150019 18.8872
215000 120000 150016 16.4485
215000 115000 150015 14.7992
220000 115000 150013 13.3716
215000 120000 150016 16.4485
220000 120000 150013 12.9926
220000 110000 150011 11.1256
225000 110000 150008 8.14326
220000 115000 150013 13.3716
225000 115000 150008 8.35915
225000 110000 150008 8.14326
230000 110000 150006 5.69656
225000 115000 150008 8.35915
230000 115000 150002 2.33828
220000 115000 150013 13.3716
225000 115000 150008 8.35915
220000 120000 150013 12.9926
225000 120000 150011 10.7474
225000 115000 150008 8.35915
230000 115000 150002 2.33828
225000 120000 150011 10.7474
230000 120000 150005 5.01306
230000 110000 150006 5.69656
235000 110000 150003 3.30336
230000 115000 150002 2.33828
235000 115000 150000 0.301513
235000 110000 150003 3.30336
240000 110000 149998 -2.38462
235000 115000 150000 0.301513
240000 115000 150002 2.20939
230000 115000 150002 2.33828
235000 115000 150000 0.301513
230000 120000 150005 5.01306
235000 120000 150004 3.86528
235000 115000 150000 0.301513
240000 115000 150002 2.20939
235000 120000 150004 3.86528
240000 120000 150002 1.95862
240000 110000 149998 -2.38462
245000 110000 149997 -2.53772
240000 115000 150002 2.20939
245000 115000 149999 -1.43715
245000 110000 149997 -2.53772
250000 110000 149996 -4.32598
245000 115000 149999 -1.43715
250000 115000 149997 -2.84141
240000 115000 150002 2.20939
245000 115000 149999 -1.43715
240000 120000 150002 1.95862
245000 120000 149999 -1.13915
245000 115000 149999 -1.43715
250000 115000 149997 -2.84141
245000 120000 149999 -1.13915
250000 120000 149997 -2.51126
250000 110000 149996 -4.32598
255000 110000 149995 -5.4469
250000 115000 149997 -2.84141
255000 115000 149994 -5.77566
255000 110000 149995 -5.4469
260000 110000 149993 -6.57407
255000 115000 149994 -5.77566
260000 115000 149993 -7.29999
250000 115000 149997 -2.84141
255000 115000 149994 -5.77566
250000 120000 149997 -2.51126
255000 120000 149994 -6.29464
255000 115000 149994 -5.77566
260000 115000 149993 -7.29999
255000 120000 149994 -6.29464
260000 120000 149994 -5.51507
260000 110000 149993 -6.57407
265000 110000 149993 -7.16298
260000 115000 149993 -7.29999
265000 115000 149992 -8.33662
265000 110000 149993 -7.16298
270000 110000 149991 -9.17441
265000 115000 149992 -8.33662
270000 115000 149993 -7.39141
260000 115000 149993 -7.29999
265000 115000 149992 -8.33662
260000 120000 149994 -5.51507
265000 120000 149992 -7.69339
265000 115000 149992 -8.33662
270000 115000 149993 -7.39141
265000 120000 149992 -7.69339
270000 120000 149992 -8.35115
270000 110000 149991 -9.17441
275000 110000 149991 -9.474
270000 115000 149993 -7.39141
275000 115000 149991 -8.79689
275000 110000 149991 -9.474
280000 110000 149990 -9.50151
275000 115000 149991 -8.79689
280000 115000 149990 -9.54862
270000 115000 149993 -7.39141
275000 115000 149991 -8.79689
270000 120000 149992 -8.35115
275000 120000 149990 -9.50857
275000 115000 149991 -8.79689
280000 115000 149990 -9.54862
275000 120000 149990 -9.50857
280000 120000 149991 -8.68696
280000 110000 149990 -9.50151
285000 110000 149990 -9.52039
280000 115000 149990 -9.54862
285000 115000 149990 -10.2813
285000 110000 149990 -9.52039
290000 110000 149990 -9.52734
285000 115000 149990 -10.2813
290000 115000 149990 -10.2587
280000 115000 149990 -9.54862
285000 115000 149990 -10.2813
280000 120000 149991 -8.68696
285000 120000 149990 -10.3222
285000 115000 149990 -10.2813
290000 115000 149990 -10.2587
285000 120000 149990 -10.3222
290000 120000 149989 -10.8545
290000 110000 149990 -9.52734
295000 110000 149990 -10.322
290000 115000 149990 -10.2587
295000 115000 149989 -10.808
295000 110000 149990 -10.322
300000 110000 149990 -10.469
295000 115000 149989 -10.808
300000 115000 149990 -10.0477
290000 115000 149990 -10.2587
295000 115000 149989 -10.808
290000 120000 149989 -10.8545
295000 120000 149989 -11.0534
295000 115000 149989 -10.808
300000 115000 149990 -10.0477
295000 120000 149989 -11.0534
300000 120000 149990 -10.3911
