n_substeps,process,max,mean,std
0,diffusion_change,0.00693211080253523,0.0004563162885330664,0.0009217397871427521
0,uplift_change,0.007000000000000001,0.0005147058823529414,0.0010242655002498952
